id,created,created_date,locale,topic,tags,creator,title,question_url,os,os_raw,tb_version,tb_version_major,mail_provider,isp,protocol,av,num_answers,is_answered,first_answer_hours,is_solved,solved_by
1414752,2023-06-01T00:19:16Z,2023-06-01,it,troubleshooting,fix-problems;,,mail inviate sparite,https://support.mozilla.org/questions/1414752,,,,,,,proto:imap,,1,true,0.62,False,
1414754,2023-06-01T01:11:56Z,2023-06-01,en-US,other,other;,rbeaton026,Address books,https://support.mozilla.org/questions/1414754,,,,,,,,,1,true,20.15,False,
1414755,2023-06-01T01:12:00Z,2023-06-01,en-US,calendar,calendar;,jlrb,synchronize tb calendar with mac desktop calendar app,https://support.mozilla.org/questions/1414755,,,,,,,,,1,true,77.52,False,
1414757,2023-06-01T01:30:09Z,2023-06-01,en-US,installation-and-updates,download-and-install_1;,faure212,Where should I put MsgFilterRules.dat in TB 102?,https://support.mozilla.org/questions/1414757,os:linux,,,,,,,,3,true,2.18,False,
1414759,2023-06-01T01:59:26Z,2023-06-01,en-US,other,other;,erich.oberholzer,message has lines too long for transport,https://support.mozilla.org/questions/1414759,,,,,,,,,0,false,,False,
1414762,2023-06-01T02:46:59Z,2023-06-01,en-US,installation-and-updates,download-and-install_1;,brig1,"My emails have stopped downloading to my laptop and Thunderbird is stuck on ""checking mail server capabilities"", but I c",https://support.mozilla.org/questions/1414762,,,,,,,,,0,false,,False,
1414764,2023-06-01T03:05:39Z,2023-06-01,en-US,other,other;,btcwinds,Refusal on a regular basis to connect to the mail server upon opening the program...regularly requiring entire system re,https://support.mozilla.org/questions/1414764,,,,,,,,,1,true,928.71,False,
1414765,2023-06-01T03:13:29Z,2023-06-01,en-US,other,other;,peterw.wade,Loss of all entries in Inbox,https://support.mozilla.org/questions/1414765,,,,,,,,,0,false,,False,
1414768,2023-06-01T04:05:53Z,2023-06-01,en-US,other,other;,rod.willmott,Changes/Updates,https://support.mozilla.org/questions/1414768,,,,,,,,,1,true,2.04,False,
1414774,2023-06-01T05:35:42Z,2023-06-01,en-US,installation-and-updates,download-and-install_1;,,Thunderbird upgrade (supernova?) address book lost,https://support.mozilla.org/questions/1414774,,,,,,,,,1,true,0.87,False,
1414779,2023-06-01T06:39:10Z,2023-06-01,it,settings,customize;,piero.dorio,thunderbird,https://support.mozilla.org/questions/1414779,,,,,m:gmail,,,,6,true,0.68,False,
1414781,2023-06-01T06:58:33Z,2023-06-01,en-US,other,other;,,Outgoing email,https://support.mozilla.org/questions/1414781,,,,,,,,,2,true,2.44,False,
1414782,2023-06-01T07:01:54Z,2023-06-01,en-US,other,other;,ckwongb,Unable to send emails using Thunderbird with Yahoo Mail,https://support.mozilla.org/questions/1414782,,,,,m:yahooemail,,,,9,true,2.36,False,
1414784,2023-06-01T07:19:46Z,2023-06-01,en-US,other,other;,mckendrick,The Thunderbird Logo...,https://support.mozilla.org/questions/1414784,,,,,,,,,0,false,,False,
1414787,2023-06-01T08:03:16Z,2023-06-01,en-US,other,other;,kai-fr23fx,TB does not sync ALL iCloud contacts,https://support.mozilla.org/questions/1414787,,,,,m:microsoftemail,,proto:carddav;proto:caldav,,0,false,,False,
1414788,2023-06-01T08:09:55Z,2023-06-01,en-US,other,other;,woodd47,loss of email accounts,https://support.mozilla.org/questions/1414788,,,,,,,,,0,false,,False,
1414795,2023-06-01T08:57:50Z,2023-06-01,en-US,settings,customize;,davidrojaslizama,Difficulty installing Owl for Exchange addon on Thunderbird Windows,https://support.mozilla.org/questions/1414795,os:linux,,,,m:microsoftemail,,,,1,true,0.95,False,
1414796,2023-06-01T08:59:07Z,2023-06-01,en-US,installation-and-updates,download-and-install_1;,dell.k1,When will TB have a migration software to EXCHANGE PROTOCOL avilable?,https://support.mozilla.org/questions/1414796,,,,,m:microsoftemail,,proto:pop,,1,true,0.91,False,
1414798,2023-06-01T09:04:47Z,2023-06-01,en-US,troubleshooting,fix-problems;,fingerstyle,Fetching mail issuess Outlook365,https://support.mozilla.org/questions/1414798,os:windows,,,,m:microsoftemail,,,,5,true,9.99,True,davidsk
1414800,2023-06-01T09:30:20Z,2023-06-01,en-US,troubleshooting,fix-problems;,chirp2013,Deleting multiple email issue,https://support.mozilla.org/questions/1414800,,,,,,,,,0,false,,False,
1414803,2023-06-01T10:32:06Z,2023-06-01,en-US,settings,customize;,egerson,message filter,https://support.mozilla.org/questions/1414803,,,,,,,,,1,true,83.51,False,
1414805,2023-06-01T10:45:44Z,2023-06-01,it,other,other;,realfabry,Togliere la scritta auto dall'oggetto della risposta automatica,https://support.mozilla.org/questions/1414805,,,,,,,,,2,true,13.72,False,
1414806,2023-06-01T10:48:20Z,2023-06-01,en-US,other,other;,,Outgoing Thunderbird email will not work,https://support.mozilla.org/questions/1414806,,,,,,,proto:smtp,,1,true,8.17,False,
1414807,2023-06-01T10:53:08Z,2023-06-01,en-US,other,other;,jsmorton,email recipient list,https://support.mozilla.org/questions/1414807,,,,,,,,,1,true,7.89,False,
1414810,2023-06-01T11:50:44Z,2023-06-01,en-US,other,other;,DaleHCook,Inserting Inline Images in Thunderbird 102.11.2 (64-bit),https://support.mozilla.org/questions/1414810,,,,,,,,,1,true,1.7,False,
1414812,2023-06-01T12:11:37Z,2023-06-01,en-US,troubleshooting,fix-problems;,Emilio2000,INBOX disappeared from Thunderbird.  Centurylink imap.,https://support.mozilla.org/questions/1414812,os:windows,,,,,isp:centurylink,proto:imap;proto:pop,,4,true,24.17,False,
1414815,2023-06-01T12:23:58Z,2023-06-01,fi,privacy-and-security,privacy-and-security_1;,green.lemon,imeil lehättäminen ei onnistu,https://support.mozilla.org/questions/1414815,,,,,,,,,1,true,81.54,False,
1414817,2023-06-01T12:32:26Z,2023-06-01,en-US,other,other;,,Trouble connecting to my Gmail account,https://support.mozilla.org/questions/1414817,,,,,m:gmail,,,,1,false,,False,
1414820,2023-06-01T12:45:37Z,2023-06-01,en-US,other,other;,melonc,Two Junk Folders in Beta 114.0b5,https://support.mozilla.org/questions/1414820,,,,,,,,,3,true,6.06,False,
1414823,2023-06-01T12:54:48Z,2023-06-01,en-US,settings,customize;,larrymcj,Sort order in beta 114,https://support.mozilla.org/questions/1414823,,,,,,,,,4,true,5.83,True,davidsk
1414826,2023-06-01T13:20:49Z,2023-06-01,en-US,installation-and-updates,download-and-install_1;,cgswank,Thunderbird update of 5/30/2023,https://support.mozilla.org/questions/1414826,,,,,,,,,1,true,5.65,False,
1414828,2023-06-01T13:35:12Z,2023-06-01,en-US,other,other;,wilson6,Update your settings to keep your email app access working.,https://support.mozilla.org/questions/1414828,,,,,m:microsoftemail,,proto:imap;proto:pop,,1,true,4.91,False,
1414829,2023-06-01T14:06:02Z,2023-06-01,en-US,other,other;,billbutler51,Thunderbird Email,https://support.mozilla.org/questions/1414829,,,,,,,,,0,false,,False,
1414830,2023-06-01T14:08:54Z,2023-06-01,en-US,other,other;,jacobs8101,emails recieved but can not send out,https://support.mozilla.org/questions/1414830,,,,,,,,,1,true,4.48,True,davidsk
1414832,2023-06-01T14:49:28Z,2023-06-01,en-US,other,other;,wendellhoffman,Version 102.11.1,https://support.mozilla.org/questions/1414832,,,,,,,proto:pop,,0,false,,False,
1414833,2023-06-01T14:57:33Z,2023-06-01,en-US,other,other;,at1357,How to get Thunderbird 102.11.2 to work with Godaddy/Exchange/Office365/M365/Outlook?,https://support.mozilla.org/questions/1414833,,,,,m:microsoftemail,,proto:imap;proto:pop;proto:oauth,,2,true,3.45,False,
1414834,2023-06-01T15:23:14Z,2023-06-01,en-US,settings,customize;,dan7miller,TB beta 114.0b6 - cannot set folder/thread colors,https://support.mozilla.org/questions/1414834,,,,,,,,,2,true,3.06,False,
1414836,2023-06-01T15:29:50Z,2023-06-01,en-US,other,other;,balducci1,login to server pop.earthlink.net username xxxxxx failed - get the same message multiple times daily,https://support.mozilla.org/questions/1414836,,,,,,,proto:pop,,2,true,3.17,False,
1414842,2023-06-01T18:29:30Z,2023-06-01,en-US,installation-and-updates,download-and-install_1;,Grouchy1,Thunderbird update - lost all my local subfolders,https://support.mozilla.org/questions/1414842,os:windows,,,,,,,,0,false,,False,
1414843,2023-06-01T19:33:51Z,2023-06-01,en-US,other,other;needsinfo;,kirie.miku,Thunderbird Beta Rss,https://support.mozilla.org/questions/1414843,,,,,,,,,3,true,912.23,False,
1414845,2023-06-01T20:36:37Z,2023-06-01,en-US,other,other;,billh98033,Newsgroups no longer working,https://support.mozilla.org/questions/1414845,,,,,,,,,1,false,,False,
1414848,2023-06-01T21:26:54Z,2023-06-01,en-US,other,other;,kjryan2006,On-screen font size when composing an e-mail,https://support.mozilla.org/questions/1414848,,,,,,,,,0,false,,False,
1414851,2023-06-01T22:41:34Z,2023-06-01,en-US,installation-and-updates,download-and-install_1;,,Copying profile directory resulted in 100s of INBOX-XX.msf files,https://support.mozilla.org/questions/1414851,,,,,m:gmail;m:microsoftemail,,proto:imap,,1,false,,False,
1414852,2023-06-01T22:42:14Z,2023-06-01,en-US,other,other;,srebacic,email,https://support.mozilla.org/questions/1414852,,,,,,,,,0,false,,False,
1414857,2023-06-01T23:39:30Z,2023-06-01,en-US,privacy-and-security,privacy-and-security_1;,jerry_khan,Thunderbird do not prompt nor save for a SMTP password,https://support.mozilla.org/questions/1414857,,,,,m:microsoftemail,,proto:imap;proto:smtp,,0,false,,False,
1414859,2023-06-02T00:27:51Z,2023-06-02,en-US,troubleshooting,fix-problems;,user252992465391717174180942609179899377653,Thunderbird Notification Issue after Hibernation,https://support.mozilla.org/questions/1414859,,,,,,,proto:imap,,0,false,,False,
1414860,2023-06-02T00:44:45Z,2023-06-02,en-US,other,other;,hrabovsky1970,Martin,https://support.mozilla.org/questions/1414860,,,,,,,,,0,false,,False,
1414864,2023-06-02T03:27:41Z,2023-06-02,en-US,other,other;,sukpmp,Running Email rules automatically,https://support.mozilla.org/questions/1414864,,,,,,,,,0,false,,False,
1414869,2023-06-02T04:36:52Z,2023-06-02,en-US,installation-and-updates,download-and-install_1;,pvieljeux,Reinstalling gmail,https://support.mozilla.org/questions/1414869,,,,,m:gmail,,,,0,false,,False,
1414874,2023-06-02T05:48:00Z,2023-06-02,en-US,installation-and-updates,download-and-install_1;,thunderbird13,account setup for verizon mail accounts hosted at AOL,https://support.mozilla.org/questions/1414874,,,,,m:microsoftemail,isp:verizon,proto:imap;proto:pop,,0,false,,False,
1414875,2023-06-02T06:29:43Z,2023-06-02,en-US,other,other;,Robed,support,https://support.mozilla.org/questions/1414875,,,,,,,,,1,true,5.84,False,
1414879,2023-06-02T06:53:34Z,2023-06-02,en-US,settings,customize;,Emily71Grey,Duplicates,https://support.mozilla.org/questions/1414879,,,,,m:gmail,,,,7,true,6.36,False,
1414882,2023-06-02T07:22:11Z,2023-06-02,en-US,other,other;,jim70,Lost email and accounts on update to 102.11.2,https://support.mozilla.org/questions/1414882,,,,,,,,,0,false,,False,
1414886,2023-06-02T08:13:54Z,2023-06-02,en-US,other,other;,charles116,Thunderbird Email,https://support.mozilla.org/questions/1414886,,,,,m:microsoftemail,,,,0,false,,False,
1414887,2023-06-02T08:21:27Z,2023-06-02,en-US,tips-and-tricks,desktop;fix-problems;windows-10;,mpbrinkman,Thunderbird no longer meets Xfinity standards,https://support.mozilla.org/questions/1414887,os:windows,Windows 10,,,,isp:comcast,,,0,false,,False,
1414891,2023-06-02T08:44:21Z,2023-06-02,en-US,calendar,calendar;,studio49,Thunderbird Calendar ics imports ignore time zones,https://support.mozilla.org/questions/1414891,os:linux,,,,,,,,0,false,,False,
1414892,2023-06-02T09:05:20Z,2023-06-02,en-US,installation-and-updates,download-and-install_1;,doug0928,Import subfolders from Thunderbird 102 to 114,https://support.mozilla.org/questions/1414892,,,,,,,proto:imap;proto:pop,,2,true,3.15,True,doug0928
1414894,2023-06-02T09:16:19Z,2023-06-02,en-US,other,other;,tomgalemba,delete all email in my outlook trash,https://support.mozilla.org/questions/1414894,,,,,m:microsoftemail,,,,1,true,44.99,False,
1414901,2023-06-02T11:08:58Z,2023-06-02,en-US,other,other;,eric198,Incorrect dates on Mac,https://support.mozilla.org/questions/1414901,os:macos,,,,,,,,0,false,,False,
1414903,2023-06-02T11:27:24Z,2023-06-02,en-US,privacy-and-security,privacy-and-security_1;,,Thunderbird lost all my saved account passwords including Thunderbird's primary password,https://support.mozilla.org/questions/1414903,,,,,,,,,1,false,,False,
1414913,2023-06-02T13:39:30Z,2023-06-02,en-US,installation-and-updates,download-and-install_1;,dmcalvert,Problems installing Thunderbird on a WIN 10 laptop,https://support.mozilla.org/questions/1414913,os:windows,,,,,,proto:pop,,0,false,,False,
1414916,2023-06-02T14:21:01Z,2023-06-02,en-US,other,other;needsinfo;,rowenaflynn,I suddenly am unable to send emails - outgoing email server rejects my emails,https://support.mozilla.org/questions/1414916,,,,,,,,,1,true,55.79,False,
1414917,2023-06-02T14:36:34Z,2023-06-02,en-US,installation-and-updates,download-and-install_1;,zach.heise,"Thunderbird 'saved searches' that were in folders, were not migrated at all?",https://support.mozilla.org/questions/1414917,,,,,m:microsoftemail,,,,1,false,,True,zach.heise
1414920,2023-06-02T15:22:22Z,2023-06-02,en-US,other,other;,mkleach,Thunderbird Profile Location,https://support.mozilla.org/questions/1414920,os:linux,,,,,,,,2,true,6.59,False,
1414921,2023-06-02T16:17:32Z,2023-06-02,en-US,privacy-and-security,privacy-and-security_1;,newsletter.pickle,Does Thunderbird share or get PGP keys from the GPG4Win keystore?,https://support.mozilla.org/questions/1414921,,,,,,,,,1,false,,True,newsletter.pickle
1414922,2023-06-02T16:19:09Z,2023-06-02,en-US,troubleshooting,fix-problems;,howard19,Junk mail not working as expected,https://support.mozilla.org/questions/1414922,,,,,,,proto:imap,,2,true,5.6,False,
1414932,2023-06-02T19:50:48Z,2023-06-02,en-US,other,other;,lorilohman,An apology,https://support.mozilla.org/questions/1414932,,,,,,,,,1,true,0.48,False,
1414935,2023-06-02T21:34:59Z,2023-06-02,en-US,troubleshooting,fix-problems;,,Sending of the message failed. An error occurred while sending mail: Outgoing server (SMTP) error. The server responded:,https://support.mozilla.org/questions/1414935,,,,,,,proto:smtp,,1,true,13.35,False,
1414936,2023-06-02T22:00:33Z,2023-06-02,en-US,settings,customize;,PPAbrigo,"Email: Force plain text and word wrap at 72, does not work",https://support.mozilla.org/questions/1414936,,,,,,,,,1,true,12.55,False,
1414938,2023-06-02T22:49:03Z,2023-06-02,en-US,other,other;,skyreburn,Duplicate folders that can not be deleted,https://support.mozilla.org/questions/1414938,os:macos,,,,m:protonmail,,proto:pop,,0,false,,False,
1414941,2023-06-03T01:45:22Z,2023-06-03,en-US,privacy-and-security,privacy-and-security_1;,e.r.savelsbergh,thunderbird trying to access mailserver that requires ESET 2FA,https://support.mozilla.org/questions/1414941,,,,,,,,av:eset,1,true,53.21,False,
1414944,2023-06-03T03:01:46Z,2023-06-03,en-US,installation-and-updates,download-and-install_1;,faure212,Thunderbird 102 profile folder is HUGE!,https://support.mozilla.org/questions/1414944,os:linux,,,,m:gmail,,proto:imap,,1,true,8.15,False,
1414945,2023-06-03T03:29:25Z,2023-06-03,en-US,other,other;,13pgus,Delete Thunderbird profile - can I recover from my android which has same profile,https://support.mozilla.org/questions/1414945,os:windows,,,,,,,,1,false,,True,13pgus
1414946,2023-06-03T03:38:55Z,2023-06-03,it,other,other;,isidoro1976,unified folder with duplicate incoming folder,https://support.mozilla.org/questions/1414946,,,,,,,,,10,true,2.48,False,
1414947,2023-06-03T03:57:04Z,2023-06-03,en-US,other,other;,citizen1138x,mailto does not work: Windows says You'll need a new app,https://support.mozilla.org/questions/1414947,os:windows,,,,,,,,2,true,1.54,True,citizen1138x
1414950,2023-06-03T04:47:22Z,2023-06-03,en-US,other,other;,,Thunderbird 102.11.2 not updating unread count on icon,https://support.mozilla.org/questions/1414950,os:linux,,,,,,,,1,true,2.52,False,
1414954,2023-06-03T06:39:00Z,2023-06-03,en-US,other,other;,thinkbp1,Thunderbird continues to block emails.,https://support.mozilla.org/questions/1414954,,,,,,,,,2,true,3.75,False,
1414957,2023-06-03T07:15:52Z,2023-06-03,en-US,privacy-and-security,privacy-and-security_1;,JoeFromSD,Are Links In My Email Bad?,https://support.mozilla.org/questions/1414957,,,,,,,,,1,true,47.12,False,
1414958,2023-06-03T07:21:58Z,2023-06-03,en-US,troubleshooting,fix-problems;,3077322115,Cannot send emails through Thunderbird 102.11.0 64-bit on fedora 36,https://support.mozilla.org/questions/1414958,,,,,,isp:comcast,proto:smtp,,5,true,3.0,False,
1414959,2023-06-03T07:31:11Z,2023-06-03,en-US,other,other;,anton.rukhlin,How to make Thunderbird download messages automatically?,https://support.mozilla.org/questions/1414959,,,,,,,proto:imap,,3,true,1.64,False,
1414960,2023-06-03T07:52:11Z,2023-06-03,en-US,other,other;,,"Old laptop crashed, new laptop doesn't accept email password",https://support.mozilla.org/questions/1414960,,,,,,,,,1,true,47.06,False,
1414963,2023-06-03T09:10:59Z,2023-06-03,fi,settings,customize;,green.lemon,VIETI LÄHÄTTÄ,https://support.mozilla.org/questions/1414963,,,,,,,,,0,false,,False,
1414965,2023-06-03T09:23:38Z,2023-06-03,en-US,other,other;,jim.frazier08,Lost folder files after compacting,https://support.mozilla.org/questions/1414965,,,,,,,,,1,true,162.56,False,
1414966,2023-06-03T09:26:03Z,2023-06-03,en-US,other,other;,athegn,Sync Google Contacts,https://support.mozilla.org/questions/1414966,,,,,,,proto:carddav,,8,true,0.66,True,sfhowes
1414967,2023-06-03T09:35:17Z,2023-06-03,en-US,troubleshooting,fix-problems;,smarveloustoo,Restoring missing mail folders from b/u,https://support.mozilla.org/questions/1414967,,,,,,,,,3,true,1.42,False,
1414970,2023-06-03T10:16:06Z,2023-06-03,en-US,other,other;,user149341129350890206472605004564000906174,Why is Thunderbird collecting (aggregating?) ALL my emails (>1000s) from my other email providers AGAIN?,https://support.mozilla.org/questions/1414970,,,,,,,,,4,true,0.79,False,
1414976,2023-06-03T11:08:31Z,2023-06-03,en-US,other,other;,mbxronis,Donation!,https://support.mozilla.org/questions/1414976,,,,,,,,,3,true,0.83,False,
1414977,2023-06-03T11:14:25Z,2023-06-03,en-US,installation-and-updates,download-and-install_1;,Grouchy1,where is my original profile and local folders before beta update,https://support.mozilla.org/questions/1414977,os:windows,,,,,,,,1,true,0.7,False,
1414983,2023-06-03T13:38:01Z,2023-06-03,en-US,settings,customize;,randyrolfe1,Email from my personal domain stopped working with outlook change,https://support.mozilla.org/questions/1414983,,,,,m:microsoftemail,,,,1,true,16.2,False,
1414988,2023-06-03T14:23:14Z,2023-06-03,it,troubleshooting,fix-problems;,,Impossibilità a inviare email: Mail delivery failed: returning message to sender,https://support.mozilla.org/questions/1414988,,,,,,,,,1,true,8.4,False,
1414991,2023-06-03T17:43:08Z,2023-06-03,en-US,other,other;,EastTenn,How do I add several new contacts to an existing group?,https://support.mozilla.org/questions/1414991,,,,,,,,,3,true,11.97,True,davidsk
1414996,2023-06-03T20:08:12Z,2023-06-03,en-US,privacy-and-security,privacy-and-security_1;,firefox2338,Accessing Gmail,https://support.mozilla.org/questions/1414996,,,,,m:gmail,,proto:imap;proto:oauth,,1,true,7.43,True,stancestans
1415001,2023-06-03T21:31:08Z,2023-06-03,en-US,other,other;,software-ff,Links in emails don't open properly in browser,https://support.mozilla.org/questions/1415001,os:linux,,,,,,,,5,true,356.5,False,
1415008,2023-06-04T01:09:53Z,2023-06-04,en-US,settings,customize;,,TB add-on ImportExportTools NG is not working,https://support.mozilla.org/questions/1415008,os:linux,,,,,,,,2,true,4.42,False,
1415011,2023-06-04T03:23:14Z,2023-06-04,en-US,privacy-and-security,privacy-and-security_1;,skipwoof,Set the sensitivity level of a message (Headers - RFC 4021),https://support.mozilla.org/questions/1415011,,,,,,,,,1,true,144.81,False,
1415013,2023-06-04T04:24:05Z,2023-06-04,en-US,installation-and-updates,download-and-install_1;,BishopJ,"Using TB to ""archive"" Gmails — seeking guidance",https://support.mozilla.org/questions/1415013,,,,,m:gmail,,proto:imap;proto:pop,,2,true,1.14,False,
1415018,2023-06-04T07:52:10Z,2023-06-04,en-US,privacy-and-security,privacy-and-security_1;,boleyd,Identify Sender Mail-ID,https://support.mozilla.org/questions/1415018,,,,,,,,,1,true,0.23,False,
1415027,2023-06-04T10:47:23Z,2023-06-04,en-US,other,other;,th7,I have been using Thunderbird for years and now I cant receive emails,https://support.mozilla.org/questions/1415027,os:linux,,,,,,,,1,true,19.52,False,
1415030,2023-06-04T10:55:25Z,2023-06-04,en-US,troubleshooting,fix-problems;,La_Sombra,Some messages in Thunderbird are blank; suspect corrupt profile,https://support.mozilla.org/questions/1415030,os:windows,,,,m:gmail,,proto:imap,,3,true,19.36,False,
1415033,2023-06-04T11:32:47Z,2023-06-04,en-US,other,other;,gerry18,Can't send to gmail accounts,https://support.mozilla.org/questions/1415033,,,,,m:gmail,,proto:smtp,,4,true,0.78,False,
1415034,2023-06-04T11:36:36Z,2023-06-04,en-US,installation-and-updates,download-and-install_1;,helen_rhine,thunderbird email,https://support.mozilla.org/questions/1415034,,,,,,,,,2,true,0.69,False,
1415035,2023-06-04T11:48:42Z,2023-06-04,en-US,other,other;,sjagutpal,"can we use NHSmail in thunderbird, after NHS update May 2023, which retired basic authentication protocol?",https://support.mozilla.org/questions/1415035,os:linux,,,,m:microsoftemail,,,,3,true,0.43,True,davidsk
1415039,2023-06-04T12:03:06Z,2023-06-04,en-US,other,other;,helen_rhine,thunderbird not needed,https://support.mozilla.org/questions/1415039,,,,,,,,,1,true,0.13,False,
1415041,2023-06-04T12:14:38Z,2023-06-04,en-US,settings,customize;,pooch378,Thunderbird Beta delete button,https://support.mozilla.org/questions/1415041,,,,,,,,,2,true,0.04,False,
1415047,2023-06-04T14:16:21Z,2023-06-04,en-US,troubleshooting,fix-problems;,,"UID fetch error message, no previous issues till today.",https://support.mozilla.org/questions/1415047,,,,,,isp:optimum,,,1,true,14.18,False,
1415057,2023-06-04T16:37:13Z,2023-06-04,en-US,other,other;,helen_rhine,Thunderbird,https://support.mozilla.org/questions/1415057,,,,,,,,,1,true,11.52,False,
1415058,2023-06-04T19:15:58Z,2023-06-04,en-US,settings,customize;,joe105,Sort emails by star and then newest date on top no longer works in Beta v.114,https://support.mozilla.org/questions/1415058,,,,,,,,,0,true,9.44,False,
1415065,2023-06-04T23:19:54Z,2023-06-04,hu,other,other;,,segítség thunderbirdben emailek fogadásának  visszaállításához,https://support.mozilla.org/questions/1415065,,,,,,,,,3,true,2.35,False,
1415066,2023-06-04T23:54:58Z,2023-06-04,it,troubleshooting,fix-problems;,riccardo18,Chiusura programma all'apertura di file Zip,https://support.mozilla.org/questions/1415066,,,,,,,,,1,true,0.43,False,
1415073,2023-06-05T01:19:48Z,2023-06-05,it,privacy-and-security,privacy-and-security_1;,,Problemi Thunderbird 102.11.2 con account gmail,https://support.mozilla.org/questions/1415073,os:windows,,,,m:gmail,,proto:oauth,,9,true,0.66,False,
1415080,2023-06-05T02:37:32Z,2023-06-05,en-US,other,other;,,Emails,https://support.mozilla.org/questions/1415080,,,,,,,,,1,true,1.45,False,
1415084,2023-06-05T03:59:49Z,2023-06-05,en-US,calendar,calendar;,gsem66,Thunderbird adds me as an attendee  to my own event on a Google calendar whenever I edit it after I create it.,https://support.mozilla.org/questions/1415084,,,,,,,,,1,false,,True,gsem66
1415086,2023-06-05T05:30:21Z,2023-06-05,it,other,other;,isidoro1976,cartelle unificate moltiplicate,https://support.mozilla.org/questions/1415086,,,,,m:microsoftemail,,,,1,true,2.99,False,
1415089,2023-06-05T06:47:52Z,2023-06-05,en-US,settings,customize;,bdjim,Using local folders to archive emails,https://support.mozilla.org/questions/1415089,,,,,,,proto:imap,,4,true,0.1,True,danawilson001
1415092,2023-06-05T07:18:35Z,2023-06-05,en-US,other,other;,drhammont,Cannot send email with smtp.office365.com,https://support.mozilla.org/questions/1415092,,,,,m:microsoftemail,,proto:smtp,,0,false,,False,
1415094,2023-06-05T07:33:16Z,2023-06-05,en-US,installation-and-updates,download-and-install_1;,,Failure to import ZIP of old emails,https://support.mozilla.org/questions/1415094,,,,,,,,,3,true,4.16,True,davidsk
1415095,2023-06-05T07:50:08Z,2023-06-05,en-US,other,other;,AndyDS,Address Book name entries matching when composing emails,https://support.mozilla.org/questions/1415095,,,,,,,,,3,true,2.72,False,
1415096,2023-06-05T08:15:24Z,2023-06-05,en-US,installation-and-updates,download-and-install_1;,peetrobo,Replacing my Retiring Account with Gmail,https://support.mozilla.org/questions/1415096,os:windows,,,,m:gmail;m:yahooemail,,,,1,true,2.54,True,davidsk
1415098,2023-06-05T08:36:30Z,2023-06-05,it,troubleshooting,fix-problems;,,Impossibile fare update di Thunderbird 102.11.1 (64bit),https://support.mozilla.org/questions/1415098,os:windows,,,,,,,,1,true,16.17,False,
1415100,2023-06-05T08:47:23Z,2023-06-05,en-US,other,other;,isidoro1976,incoming folder moltiplications,https://support.mozilla.org/questions/1415100,,,,,,,,,1,true,115.07,False,
1415101,2023-06-05T08:55:48Z,2023-06-05,en-US,other,other;,isidoro1976,incoming folder moltiplications,https://support.mozilla.org/questions/1415101,,,,,,,,,2,true,114.99,False,
1415103,2023-06-05T08:59:08Z,2023-06-05,en-US,troubleshooting,fix-problems;,StevenFriedrich94,https://support.mozilla.org/en-US/questions/1369055,https://support.mozilla.org/questions/1415103,os:linux,,,,,,,,2,true,20.58,False,
1415106,2023-06-05T09:11:01Z,2023-06-05,cs,settings,customize;,ms16,Filtry zpráv po bnovení IMAP profilu nefungují automaticky,https://support.mozilla.org/questions/1415106,os:windows,,,,,,proto:imap,,0,false,,False,
1415108,2023-06-05T09:27:15Z,2023-06-05,en-US,troubleshooting,fix-problems;,ccdman11,Delayed and/or missing email,https://support.mozilla.org/questions/1415108,,,,,m:microsoftemail,,proto:smtp,,1,false,,False,
1415110,2023-06-05T09:29:54Z,2023-06-05,en-US,other,other;,david1102,Editing sigs,https://support.mozilla.org/questions/1415110,,,,,,,,,7,true,1.1,True,david1102
1415111,2023-06-05T10:05:31Z,2023-06-05,en-US,settings,customize;,irishschroeder437,"IMAP, Folder Storage is 95% full and nothing I do in Disk Space settings deletes any messages",https://support.mozilla.org/questions/1415111,,,,,,,proto:imap,,3,true,0.36,False,
1415112,2023-06-05T10:12:22Z,2023-06-05,en-US,settings,customize;,ms16,Message filters do not run automatically,https://support.mozilla.org/questions/1415112,os:windows,,,,,,proto:imap,,3,true,113.64,False,
1415115,2023-06-05T10:44:45Z,2023-06-05,en-US,settings,customize;,,Turn Off Threads ver 102.11.2,https://support.mozilla.org/questions/1415115,,,,,,,,,6,true,0.11,False,
1415120,2023-06-05T11:44:28Z,2023-06-05,en-US,troubleshooting,fix-problems;,online34,Lost emails & other issues after upgrade to Thunderbird 114.0b6 (64-bit),https://support.mozilla.org/questions/1415120,,,,,,,proto:imap;proto:pop,,2,true,0.75,False,
1415123,2023-06-05T12:28:40Z,2023-06-05,en-US,privacy-and-security,privacy-and-security_1;,Alan2592,Thunderbird continually asking for Passwords but won't accept or save them,https://support.mozilla.org/questions/1415123,os:windows,,,,,,,,1,true,103.83,False,
1415125,2023-06-05T12:41:26Z,2023-06-05,en-US,privacy-and-security,privacy-and-security_1;,Alan2592,Thunderbird continually asking for Passwords but won't accep or save them,https://support.mozilla.org/questions/1415125,os:windows,,,,,,,,0,false,,False,
1415126,2023-06-05T12:44:57Z,2023-06-05,en-US,troubleshooting,fix-problems;,ninavs,Email,https://support.mozilla.org/questions/1415126,,,,,,,,,1,true,0.16,False,
1415128,2023-06-05T13:14:59Z,2023-06-05,en-US,settings,customize;,dhoerl,Message Filters don't work on an Apple IMAP Junk folder.,https://support.mozilla.org/questions/1415128,,,,,,,proto:imap,,0,false,,False,
1415133,2023-06-05T14:48:30Z,2023-06-05,en-US,troubleshooting,fix-problems;,rolf59,updated Thunderbird,https://support.mozilla.org/questions/1415133,,,,,,,,,0,false,,False,
1415134,2023-06-05T15:15:51Z,2023-06-05,en-US,other,other;,lotsofjoy,only 3 days of emails in trash,https://support.mozilla.org/questions/1415134,,,,,,,,,2,true,108.54,False,
1415135,2023-06-05T15:35:22Z,2023-06-05,en-US,other,other;,teacupteapot1967,Remove deceased account,https://support.mozilla.org/questions/1415135,,,,,,,,,2,true,0.22,False,
1415136,2023-06-05T15:43:56Z,2023-06-05,en-US,other,other;,david1102,Emails for one eddress,https://support.mozilla.org/questions/1415136,,,,,,,,,0,false,,False,
1415139,2023-06-05T16:05:48Z,2023-06-05,en-US,other,other;,mardambyr,Display of home page not working properly,https://support.mozilla.org/questions/1415139,os:windows,,,,,,,,1,true,12.53,False,
1415144,2023-06-05T17:45:52Z,2023-06-05,en-US,installation-and-updates,download-and-install_1;,60142118,"Would like a link for 64 bit Thunderbird download, please",https://support.mozilla.org/questions/1415144,os:windows,,,,,,,,2,true,0.06,False,
1415145,2023-06-05T17:59:52Z,2023-06-05,en-US,installation-and-updates,download-and-install_1;,60142118,"James, thanks!!",https://support.mozilla.org/questions/1415145,,,,,,,,,1,true,2.5,False,
1415156,2023-06-05T23:15:46Z,2023-06-05,en-US,troubleshooting,fix-problems;,dewragdave,Thunderbird messages won't open in existing message window 102.11.2 (32-bit),https://support.mozilla.org/questions/1415156,,,,,,,,,1,false,,False,
1415160,2023-06-06T00:45:01Z,2023-06-06,en-US,troubleshooting,fix-problems;,,ALL GMAIL EMAILS RETURN AS DELIVERY FAILED,https://support.mozilla.org/questions/1415160,,,,,m:gmail,,proto:smtp,,2,true,3.85,False,
1415161,2023-06-06T00:48:41Z,2023-06-06,en-US,other,other;,paul526,"Unable to send emails to a lot of my regular email address, some will go through, majority not.",https://support.mozilla.org/questions/1415161,,,,,m:gmail,,proto:smtp,,0,false,,False,
1415164,2023-06-06T01:27:27Z,2023-06-06,en-US,other,other;,rsf64503,I can't set up  mail address,https://support.mozilla.org/questions/1415164,,,,,m:gmail,,,,0,false,,False,
1415168,2023-06-06T02:17:07Z,2023-06-06,en-US,privacy-and-security,privacy-and-security_1;,markwatling,Thunderbird Saving IMAP password but not SMTP,https://support.mozilla.org/questions/1415168,,,,,,,proto:imap;proto:smtp,,1,true,97.49,True,MattAuSupport
1415169,2023-06-06T02:44:35Z,2023-06-06,en-US,other,other;,bd693547,problems witv thundebird mail,https://support.mozilla.org/questions/1415169,,,,,,,,,1,true,1.81,False,
1415170,2023-06-06T02:51:43Z,2023-06-06,en-US,settings,customize;,manjazahid.w25,How can I set a System tray Icon and show total unread email counts in the system tray icon ?,https://support.mozilla.org/questions/1415170,os:linux,,,,,,,,7,true,4.87,False,
1415171,2023-06-06T02:57:09Z,2023-06-06,en-US,installation-and-updates,download-and-install_1;,manjazahid.w25,How to get automatic updates for the latest version of Thunderbird on Linux Mint 21.1 Cinnamon from 102.11.0 to 102.11.2,https://support.mozilla.org/questions/1415171,os:linux,,,,,,,,1,true,89.32,False,
1415179,2023-06-06T06:17:36Z,2023-06-06,it,other,other;,cristina18,richiesta aiuto per archiviazione e mail,https://support.mozilla.org/questions/1415179,,,,,,,,,6,true,2.87,False,
1415184,2023-06-06T07:26:57Z,2023-06-06,en-US,troubleshooting,fix-problems;,puravid1,Thunderbird email folder missing!,https://support.mozilla.org/questions/1415184,os:windows,,,,m:microsoftemail,isp:spectrum,,,0,false,,False,
1415185,2023-06-06T07:38:32Z,2023-06-06,en-US,other,other;,brian288,some inbox mail incorrectly displaying,https://support.mozilla.org/questions/1415185,os:windows,,,,,,,,0,false,,False,
1415187,2023-06-06T08:31:21Z,2023-06-06,en-US,other,other;,jpfreem,Multiple Addressees,https://support.mozilla.org/questions/1415187,os:windows,,,,,,,,1,true,19.53,False,
1415191,2023-06-06T09:06:54Z,2023-06-06,en-US,privacy-and-security,privacy-and-security_1;,dary1,Locked out of my Thunderbird emails,https://support.mozilla.org/questions/1415191,,,,,m:microsoftemail,,,,0,false,,False,
1415192,2023-06-06T09:27:04Z,2023-06-06,en-US,privacy-and-security,privacy-and-security_1;needsinfo;,hartmantam,How to display embedded images that are sent as attachments?,https://support.mozilla.org/questions/1415192,,,,,,,,,8,true,5.93,False,
1415193,2023-06-06T09:27:50Z,2023-06-06,en-US,other,other;,bionomic_research,Just installed thunderbird.  Messages are unreadable in message pane.  Some will display correctly in conversation.,https://support.mozilla.org/questions/1415193,os:windows,,,,,,,,1,true,21.33,False,
1415194,2023-06-06T09:28:02Z,2023-06-06,en-US,calendar,calendar;,thom13,Calendar becomes unusable when setting an end date for an appointment,https://support.mozilla.org/questions/1415194,,,,,,,,,1,false,,True,thom13
1415195,2023-06-06T09:36:55Z,2023-06-06,en-US,other,other;,mdm54,delete all sent in sent fold all at once,https://support.mozilla.org/questions/1415195,,,,,,,,,5,true,3.81,False,
1415197,2023-06-06T09:52:47Z,2023-06-06,it,installation-and-updates,download-and-install_1;,studiolegale1,Archivio locale di Thunderbird,https://support.mozilla.org/questions/1415197,,,,,,,,,1,true,14.16,False,
1415204,2023-06-06T11:33:23Z,2023-06-06,en-US,other,other;,embd4569,"Thunderbird - emails saved in duplicate copies to ""Sent items""",https://support.mozilla.org/questions/1415204,,,,,,,,,2,true,727.46,False,
1415207,2023-06-06T12:02:17Z,2023-06-06,en-US,troubleshooting,fix-problems;,reedh1,"""Could Not Detect Login Form""-- I lost the entire ""INBOX""  after automatic download/install of v. 102.11.2.",https://support.mozilla.org/questions/1415207,,,,,,,,,1,true,80.04,False,
1415209,2023-06-06T12:13:56Z,2023-06-06,it,other,other;,realfabry,"Togliere la scritta ""Auto:"" dall'oggetto delle email automatiche",https://support.mozilla.org/questions/1415209,,,,,,,,,1,true,11.87,False,
1415210,2023-06-06T12:28:04Z,2023-06-06,en-US,privacy-and-security,privacy-and-security_1;,jorgejr164,não estou recebendo email apos dia 1 de junho quando o programa atualizou,https://support.mozilla.org/questions/1415210,,,,,,,,,1,true,0.59,False,
1415218,2023-06-06T14:57:44Z,2023-06-06,en-US,other,other;,kashmir0069,new mail alert,https://support.mozilla.org/questions/1415218,,,,,,,,,7,true,0.31,False,
1415220,2023-06-06T15:17:27Z,2023-06-06,en-US,privacy-and-security,privacy-and-security_1;,sub8,Security Exceptions in TB - three exception windows pop up,https://support.mozilla.org/questions/1415220,,,,,,,proto:imap,av:eset;av:malwarebytes,3,true,51.45,False,
1415221,2023-06-06T15:34:53Z,2023-06-06,en-US,troubleshooting,fix-problems;,,Thunderbird Mail Passoword Authentication failed,https://support.mozilla.org/questions/1415221,,,,,m:microsoftemail,,proto:pop,,2,true,15.31,False,
1415226,2023-06-06T17:19:29Z,2023-06-06,en-US,other,other;,joellevin,support for Exchange Server,https://support.mozilla.org/questions/1415226,,,,,,,,,1,true,49.33,False,
1415228,2023-06-06T17:40:49Z,2023-06-06,en-US,other,other;,AZCowboy,Pictures in mail,https://support.mozilla.org/questions/1415228,,,,,,,,,3,true,12.5,False,
1415229,2023-06-06T17:48:54Z,2023-06-06,en-US,other,other;needsinfo;,cgswank,Thunderbird update of 5/30/2023,https://support.mozilla.org/questions/1415229,,,,,,isp:comcast,,,1,true,12.28,False,
1415230,2023-06-06T17:53:08Z,2023-06-06,en-US,troubleshooting,fix-problems;,ninavs,Deleting email,https://support.mozilla.org/questions/1415230,,,,,,,,,1,true,49.85,False,
1415233,2023-06-06T19:49:23Z,2023-06-06,en-US,other,other;,,It would be cool to have a built-in batch export email function.,https://support.mozilla.org/questions/1415233,,,,,,,,,1,true,8.24,False,
1415249,2023-06-07T01:06:00Z,2023-06-07,it,other,other;,lanzi1947,Messaggi non leggibili o completamente in bianco,https://support.mozilla.org/questions/1415249,,,,,,,,,3,true,0.82,False,
1415251,2023-06-07T01:46:35Z,2023-06-07,en-US,privacy-and-security,privacy-and-security_1;,,openPGP in Thunderbird V.102,https://support.mozilla.org/questions/1415251,,,,,,,,,1,true,66.12,False,
1415252,2023-06-07T02:08:14Z,2023-06-07,en-US,calendar,calendar;,apps6065,"Can't dismiss Calendar reminder, or change any of the event settings (Reminders, Delete it, etc.)",https://support.mozilla.org/questions/1415252,os:windows,,,,,,,,1,false,,False,
1415255,2023-06-07T03:33:33Z,2023-06-07,en-US,installation-and-updates,download-and-install_1;,kleman,Just trying to get m e-mail back,https://support.mozilla.org/questions/1415255,,,,,,,,,1,true,3.05,False,
1415271,2023-06-07T06:54:06Z,2023-06-07,hu,other,other;,csmatolcsi,Thunderbird androidra?,https://support.mozilla.org/questions/1415271,,,,,,,,,1,true,47.19,False,
1415276,2023-06-07T07:39:55Z,2023-06-07,it,other,other;,bortolotti3,Thunderbird non scarica più i messaggi,https://support.mozilla.org/questions/1415276,,,,,,,,,1,true,0.31,False,
1415279,2023-06-07T08:46:49Z,2023-06-07,en-US,other,other;,dauen,Thunderbird (TB) email issue,https://support.mozilla.org/questions/1415279,,,,,,,,av:mcafee,1,true,33.82,False,
1415281,2023-06-07T08:54:20Z,2023-06-07,en-US,privacy-and-security,privacy-and-security_1;,alison25,Emails being returned,https://support.mozilla.org/questions/1415281,,,,,,,proto:oauth,,1,true,27.34,False,
1415287,2023-06-07T09:56:54Z,2023-06-07,en-US,troubleshooting,fix-problems;,nonsense64,How to turn off folder compacting for gmail accounts only?,https://support.mozilla.org/questions/1415287,,,,,m:gmail,,proto:imap,,1,true,17.96,False,
1415290,2023-06-07T10:37:49Z,2023-06-07,cs,other,other;,galin982,info email změna adresy,https://support.mozilla.org/questions/1415290,,,,,m:gmail,,,,4,true,1.93,False,
1415295,2023-06-07T11:44:10Z,2023-06-07,es,other,other;,franvalles,Configuración IMAP mensajes leidos,https://support.mozilla.org/questions/1415295,,,,,m:microsoftemail,,proto:imap;proto:pop,,0,false,,False,
1415296,2023-06-07T11:47:04Z,2023-06-07,es,installation-and-updates,download-and-install_1;,franvalles,Migrar emails de Outlook a Thunderbird,https://support.mozilla.org/questions/1415296,os:linux,,,,m:microsoftemail,,,,4,true,17.12,True,franvalles
1415299,2023-06-07T12:18:29Z,2023-06-07,en-US,other,other;,hap2,can't send or get email,https://support.mozilla.org/questions/1415299,,,,,,isp:shaw,,,0,false,,False,
1415300,2023-06-07T12:23:43Z,2023-06-07,en-US,other,other;,rob.cook1,"Thunderbird error message  reads ""Login to account my.name@btinternet.com failed""",https://support.mozilla.org/questions/1415300,,,,,m:gmail,isp:btinternet,,,1,true,30.18,False,
1415313,2023-06-07T14:08:53Z,2023-06-07,es,troubleshooting,fix-problems;,erik.astudillo,synchronization with yahoo mail,https://support.mozilla.org/questions/1415313,,,,,m:microsoftemail;m:yahooemail,,,,0,false,,False,
1415317,2023-06-07T14:27:13Z,2023-06-07,en-US,other,other;,jmeisner1,Can't send charter.net emails,https://support.mozilla.org/questions/1415317,,,,,m:gmail;m:microsoftemail,isp:spectrum,proto:smtp,,5,true,0.5,True,jmeisner1
1415323,2023-06-07T15:33:10Z,2023-06-07,en-US,other,other;,pkrippner53,Recurring tasks,https://support.mozilla.org/questions/1415323,,,,,,,,,0,false,,False,
1415325,2023-06-07T16:13:44Z,2023-06-07,en-US,email-and-messaging,desktop;other;windows-11;firefox-1140;,Pinky51,Duplicate folders for same email address,https://support.mozilla.org/questions/1415325,os:windows,Windows 11,,,,,,,7,true,1.65,False,
1415327,2023-06-07T16:37:02Z,2023-06-07,en-US,settings,customize;,ottsshoals,How do I widen the scroll bar?,https://support.mozilla.org/questions/1415327,,,,,,,,,19,true,11.27,False,
1415328,2023-06-07T17:00:53Z,2023-06-07,en-US,other,other;,marcela1,Can't access my email.  Anyone who send me an email gets an error message. Please help.,https://support.mozilla.org/questions/1415328,,,,,,,,,1,true,10.83,False,
1415332,2023-06-07T18:41:57Z,2023-06-07,en-US,settings,customize;,sitesvisited,Group By Default View,https://support.mozilla.org/questions/1415332,,,,,,,,,1,true,0.92,False,
1415334,2023-06-07T19:17:48Z,2023-06-07,en-US,other,other;,,Microsoft 365 sign in window not appearing properly,https://support.mozilla.org/questions/1415334,os:windows,,,,m:microsoftemail,,proto:oauth,,2,true,23.03,False,
1415340,2023-06-07T22:24:31Z,2023-06-07,en-US,other,other;,tomfluce,Retrieving my Thunderbird from my dying computer,https://support.mozilla.org/questions/1415340,,,,,,,,,1,true,5.46,False,
1415342,2023-06-07T23:24:28Z,2023-06-07,en-US,troubleshooting,fix-problems;,j.redoute,"Gmail, accent and copy impossible",https://support.mozilla.org/questions/1415342,os:linux,,,,m:gmail,,,,4,true,44.47,False,
1415347,2023-06-08T01:09:48Z,2023-06-08,tr,other,other;,bndkelebek,MAİL GELMİYOR,https://support.mozilla.org/questions/1415347,,,,,,,,,1,true,2.05,False,
1415362,2023-06-08T03:08:11Z,2023-06-08,cs,troubleshooting,fix-problems;,,Složky Thunderbird,https://support.mozilla.org/questions/1415362,,,,,,,,,2,true,6.47,False,
1415364,2023-06-08T03:17:42Z,2023-06-08,en-US,settings,customize;,,"[Solved] One folder per email address, in the ""Folders"" view",https://support.mozilla.org/questions/1415364,,,,,,,proto:imap;proto:pop,,1,false,,True,
1415366,2023-06-08T03:25:39Z,2023-06-08,en-US,email-and-messaging,windows-7;desktop;other;firefox-1130;,philipinjozi,Emails not displaying,https://support.mozilla.org/questions/1415366,os:windows,Windows 7,,,,,,,6,true,13.55,False,
1415372,2023-06-08T04:31:37Z,2023-06-08,it,troubleshooting,fix-problems;,,"Buongiorno, quando invio una e-mail ad indirizzi @gmail.com torna un messaggio di errore!!",https://support.mozilla.org/questions/1415372,,,,,m:gmail,,proto:smtp,,1,true,19.26,False,
1415375,2023-06-08T05:24:51Z,2023-06-08,en-US,other,other;,paul543,password recovery,https://support.mozilla.org/questions/1415375,,,,,,,,,1,true,1.29,False,
1415381,2023-06-08T06:42:56Z,2023-06-08,en-US,installation-and-updates,download-and-install_1;,,email provider change - same email address,https://support.mozilla.org/questions/1415381,,,,,,,,,1,true,0.1,False,
1415383,2023-06-08T07:04:05Z,2023-06-08,es,other,other;,,gmail error,https://support.mozilla.org/questions/1415383,,,,,m:gmail,,proto:smtp,,2,true,241.55,False,
1415386,2023-06-08T07:50:11Z,2023-06-08,it,other,other;,,Firma + logo,https://support.mozilla.org/questions/1415386,,,,,,,,,1,true,15.99,False,
1415389,2023-06-08T08:12:45Z,2023-06-08,en-US,other,other;needsinfo;,lburianek,new thundetrbird will not get email,https://support.mozilla.org/questions/1415389,,,,,,,,,1,true,3.92,False,
1415392,2023-06-08T08:24:12Z,2023-06-08,en-US,other,other;,scy321,While wring in Table inside a new message width of cell is changing when i am writing inside a cell,https://support.mozilla.org/questions/1415392,,,,,,,,,1,true,1.95,True,jscher2000
1415393,2023-06-08T08:27:02Z,2023-06-08,en-US,installation-and-updates,download-and-install_1;,,"I see emails in my IMAP folders, but they don't show up when I open my Thunderbird",https://support.mozilla.org/questions/1415393,,,,,,,proto:imap,,1,true,4.64,False,
1415395,2023-06-08T08:40:46Z,2023-06-08,en-US,other,other;,,Thunderbird stopped working with Outlook.com,https://support.mozilla.org/questions/1415395,,,,,m:microsoftemail,,,,2,true,2.7,False,
1415398,2023-06-08T09:23:54Z,2023-06-08,it,other,other;,federicausai,pdf non può essere aperto,https://support.mozilla.org/questions/1415398,,,,,,,,,1,true,14.51,False,
1415399,2023-06-08T09:49:34Z,2023-06-08,en-US,calendar,calendar;,pbrixey41,How do I merge several Thunderbird Calendars?,https://support.mozilla.org/questions/1415399,os:windows,,,,,,,,0,false,,False,
1415404,2023-06-08T11:18:28Z,2023-06-08,en-US,other,other;,mail1747,email,https://support.mozilla.org/questions/1415404,,,,,m:microsoftemail,isp:comcast,proto:imap;proto:smtp;proto:pop,,1,true,0.17,False,
1415407,2023-06-08T12:04:50Z,2023-06-08,en-US,other,other;,kingbobo,New Account on Thunderbird,https://support.mozilla.org/questions/1415407,,,,,m:microsoftemail,isp:spectrum,,,2,true,3.2,False,
1415408,2023-06-08T12:17:29Z,2023-06-08,en-US,troubleshooting,fix-problems;,bikenutz67,Sub Folder not Syncing when all other folders do,https://support.mozilla.org/questions/1415408,,,,,m:yahooemail,,,,3,true,5.87,True,bikenutz67
1415409,2023-06-08T12:26:51Z,2023-06-08,en-US,troubleshooting,fix-problems;,tuckfoot,"Save as Draft give error, but then Sends the email",https://support.mozilla.org/questions/1415409,os:macos,,,,,,proto:smtp,,1,false,,False,
1415410,2023-06-08T12:27:15Z,2023-06-08,en-US,other,other;,kkd999,Attached documents do not open with selected helper application,https://support.mozilla.org/questions/1415410,,,,,,,,,1,true,2.9,False,
1415411,2023-06-08T12:31:30Z,2023-06-08,en-US,settings,customize;,tandem2,Send an email again,https://support.mozilla.org/questions/1415411,,,,,,,,,3,true,0.21,False,
1415412,2023-06-08T12:33:40Z,2023-06-08,en-US,troubleshooting,fix-problems;,EEISElmo,Scam detection,https://support.mozilla.org/questions/1415412,,,,,,,,,7,true,0.2,False,
1415416,2023-06-08T13:26:34Z,2023-06-08,en-US,other,other;,4winwin,Recover Thunderbird emails after fresh install,https://support.mozilla.org/questions/1415416,os:windows,,,,,,,,1,true,4.5,False,
1415422,2023-06-08T15:13:40Z,2023-06-08,en-US,troubleshooting,fix-problems;,klangdon,"For some time, emails to any gmail account from our entire organization have been ""undeliverable"".  Now it is starting w",https://support.mozilla.org/questions/1415422,,,,,m:gmail;m:microsoftemail,,,,2,true,2.61,False,
1415426,2023-06-08T16:21:56Z,2023-06-08,en-US,settings,customize;,MRBOWTIE,Writing email with attachment causes Open Office to be launched,https://support.mozilla.org/questions/1415426,,,,,,,,,0,false,,False,
1415427,2023-06-08T16:28:14Z,2023-06-08,en-US,troubleshooting,fix-problems;,,"Error: ""A unique identity matching the from address was not found...""",https://support.mozilla.org/questions/1415427,os:windows,,,,,,,,3,true,0.33,True,sfhowes
1415433,2023-06-08T18:50:42Z,2023-06-08,en-US,other,other;,user223428012844333232265718181110225876044,What am I goiing to use for an email program?,https://support.mozilla.org/questions/1415433,,,,,,,,,1,true,21.51,False,
1415435,2023-06-08T19:21:29Z,2023-06-08,en-US,settings,customize;,rino1222,Local Folders Dropdown showing in interface,https://support.mozilla.org/questions/1415435,,,,,,,,,2,true,0.4,False,
1415436,2023-06-08T19:42:52Z,2023-06-08,en-US,other,other;,suzie3,Email & Certificates,https://support.mozilla.org/questions/1415436,,,,,,,,,0,false,,False,
1415439,2023-06-08T20:49:46Z,2023-06-08,en-US,other,other;,admin688,My Sender's Name,https://support.mozilla.org/questions/1415439,,,,,,,,,1,true,9.44,False,
1415441,2023-06-08T22:16:59Z,2023-06-08,en-US,other,other;,Poincare,How to find out what is in Thunderbird knowldge base and how to access it?,https://support.mozilla.org/questions/1415441,,,,,,,,,2,true,21.57,False,
1415444,2023-06-08T23:03:04Z,2023-06-08,en-US,troubleshooting,fix-problems;,DWC4656,"Inbox opens, but doesn't bring ant new mail in. It stop late Tuesday or early Wednesday. A text input window keeps popin",https://support.mozilla.org/questions/1415444,os:windows,,,,,,,,2,true,60.26,False,
1415445,2023-06-08T23:05:24Z,2023-06-08,en-US,privacy-and-security,privacy-and-security_1;,me365,Installing a second s/mime certificate fails,https://support.mozilla.org/questions/1415445,,,,,,,,,0,false,,False,
1415446,2023-06-08T23:41:43Z,2023-06-08,hu,troubleshooting,fix-problems;,tatini,Thunderbird levelező rendszer,https://support.mozilla.org/questions/1415446,,,,,,,,,0,false,,False,
1415449,2023-06-09T00:21:23Z,2023-06-09,hu,settings,customize;,,Thunderbird,https://support.mozilla.org/questions/1415449,,,,,,,,,1,true,1.04,True,meskobalazs
1415455,2023-06-09T03:06:11Z,2023-06-09,en-US,settings,customize;,robin_penny,Change colour of threaded messages,https://support.mozilla.org/questions/1415455,,,,,,,,,1,true,15.73,False,
1415456,2023-06-09T03:29:53Z,2023-06-09,en-US,other,other;,nonlinear1,Open Thunderbirt in hidden mode-Windows 10,https://support.mozilla.org/questions/1415456,os:windows,,,,,,,,1,true,13.81,False,
1415457,2023-06-09T03:47:36Z,2023-06-09,en-US,other,other;,wizard.bleeker,Thunderbird Linux not a workable software,https://support.mozilla.org/questions/1415457,os:linux,,,,,,,,1,true,0.42,False,
1415459,2023-06-09T03:52:00Z,2023-06-09,en-US,settings,customize;,BillBillson,Message Pane / tabs - Keep loaded?,https://support.mozilla.org/questions/1415459,,,,,,,,,1,true,13.06,False,
1415460,2023-06-09T03:54:59Z,2023-06-09,en-US,other,other;needsinfo;,,I want to change from Mailfence to Thunderbird,https://support.mozilla.org/questions/1415460,,,,,m:mailfence,,,,3,true,2.33,False,
1415461,2023-06-09T04:50:32Z,2023-06-09,it,other,other;,umberto.braggion,Visualizzazione email in Thunderbird 102.11.2 (32 bit) e 102.12.0 (32 bit),https://support.mozilla.org/questions/1415461,,,,,,,,,3,true,1.01,False,
1415462,2023-06-09T05:05:39Z,2023-06-09,en-US,other,other;,mail1749,gmail messages get bounced back,https://support.mozilla.org/questions/1415462,,,,,m:gmail,,,,2,true,26.19,False,
1415465,2023-06-09T06:00:57Z,2023-06-09,en-US,other,other;,ddenby,Thunderbird losing email contents,https://support.mozilla.org/questions/1415465,,,,,,,,,2,true,42.35,False,
1415466,2023-06-09T06:16:15Z,2023-06-09,en-US,troubleshooting,fix-problems;,Diktio,Mozilla Thunderbird running under MacOS slow performance,https://support.mozilla.org/questions/1415466,os:macos,,,,m:gmail,,proto:imap;proto:oauth,,3,true,13.53,True,Diktio
1415472,2023-06-09T07:47:16Z,2023-06-09,en-US,other,other;,stephenrandallmeyer,Outlook no longer compatible with POP or IMAP,https://support.mozilla.org/questions/1415472,,,,,m:microsoftemail,,proto:imap;proto:pop,,1,true,0.74,False,
1415478,2023-06-09T08:33:44Z,2023-06-09,es,installation-and-updates,download-and-install_1;,expo-electronica,thunderbird for mac os 10.11.6 Capitan??,https://support.mozilla.org/questions/1415478,os:macos,,,,,,,,0,false,,False,
1415482,2023-06-09T09:23:23Z,2023-06-09,en-US,troubleshooting,fix-problems;,johnrp9265,I can't get Thunderbird to recognize my password.  How do I reset it?,https://support.mozilla.org/questions/1415482,,,,,,isp:comcast,,,2,true,1.92,False,
1415483,2023-06-09T09:29:27Z,2023-06-09,en-US,troubleshooting,fix-problems;,jherbjr,Cannot receive email suddenly.,https://support.mozilla.org/questions/1415483,,,,,m:microsoftemail,,proto:pop,,1,true,0.28,False,
1415484,2023-06-09T09:48:25Z,2023-06-09,en-US,installation-and-updates,download-and-install_1;,u.i.hill,canot download eule_fur_exchange because not verified,https://support.mozilla.org/questions/1415484,,,,,m:microsoftemail,,,,4,true,2.46,False,
1415490,2023-06-09T10:51:39Z,2023-06-09,en-US,other,other;,gkarasik,STAT command error,https://support.mozilla.org/questions/1415490,os:windows,,,,m:microsoftemail,,proto:imap;proto:pop,,12,true,1.04,True,gkarasik
1415491,2023-06-09T10:51:52Z,2023-06-09,it,other,other;,max7a,Blocco nell'invio della email.,https://support.mozilla.org/questions/1415491,,,,,,,,,1,false,,False,
1415494,2023-06-09T11:27:19Z,2023-06-09,en-US,settings,customize;,,Thunderbird Menu Options missing,https://support.mozilla.org/questions/1415494,,,,,,,,,63,true,0.19,True,
1415495,2023-06-09T11:35:19Z,2023-06-09,en-US,privacy-and-security,privacy-and-security_1;,info5606,MICROSOFT OUTLOOK.OFFICE365 AUTHORIZATION,https://support.mozilla.org/questions/1415495,,,,,m:microsoftemail,,proto:oauth,,1,true,5.24,False,
1415497,2023-06-09T11:52:37Z,2023-06-09,en-US,settings,customize;,gkellysr,Contact Group Lists,https://support.mozilla.org/questions/1415497,,,,,m:microsoftemail,,,,1,true,7.04,False,
1415499,2023-06-09T11:53:31Z,2023-06-09,es,other,other;,luisfer1,Luisfer1,https://support.mozilla.org/questions/1415499,,,,,m:gmail,,proto:smtp,,0,false,,False,
1415501,2023-06-09T12:06:36Z,2023-06-09,en-US,other,other;,dholz444,Not receiving Exchange messages in Thunderbird,https://support.mozilla.org/questions/1415501,,,,,,,,,1,true,0.2,False,
1415506,2023-06-09T13:25:41Z,2023-06-09,en-US,troubleshooting,fix-problems;,Schmoose,My e-mails duplicated themselves and not updating new emails,https://support.mozilla.org/questions/1415506,,,,,,,,,0,false,,False,
1415507,2023-06-09T14:14:28Z,2023-06-09,en-US,other,other;,ocrda,BT Connect Email,https://support.mozilla.org/questions/1415507,,,,,m:gmail;m:microsoftemail,isp:btinternet,proto:pop,,1,true,14.86,False,
1415508,2023-06-09T14:22:18Z,2023-06-09,en-US,other,other;,jul3,inbox emails disappeared after repairing on a mac,https://support.mozilla.org/questions/1415508,,,,,,,proto:pop,,1,true,2.24,False,
1415509,2023-06-09T14:46:18Z,2023-06-09,en-US,other,other;,nstrisik,inbox emails missing,https://support.mozilla.org/questions/1415509,,,,,,,,,0,false,,False,
1415512,2023-06-09T15:02:35Z,2023-06-09,en-US,other,other;,Poincare,Junk mail folder does not have delete Junk mail option,https://support.mozilla.org/questions/1415512,,,,,,,,,4,true,39.97,False,
1415520,2023-06-09T18:38:08Z,2023-06-09,en-US,other,other;,ryantkoehler,"Authentication error with Yahoo mail (one account fine, another not)",https://support.mozilla.org/questions/1415520,os:linux,,,,m:yahooemail,,,,6,true,29.6,True,ryantkoehler
1415523,2023-06-09T20:22:27Z,2023-06-09,en-US,other,other;,hap2,can't send or get email,https://support.mozilla.org/questions/1415523,,,,,,isp:shaw,proto:imap,,2,true,7.36,False,
1415524,2023-06-09T20:39:24Z,2023-06-09,en-US,installation-and-updates,download-and-install_1;,mdforme,Imported mail message folders corrupted,https://support.mozilla.org/questions/1415524,,,,,m:microsoftemail,,proto:imap,,5,true,7.6,True,mdforme
1415535,2023-06-10T04:34:17Z,2023-06-10,en-US,installation-and-updates,download-and-install_1;,,Thunderbird migration from Mac to PC not working,https://support.mozilla.org/questions/1415535,,,,,,,,,2,true,8.3,False,
1415536,2023-06-10T05:21:22Z,2023-06-10,en-US,installation-and-updates,download-and-install_1;,gerard17,I can't download in Thunderbird (102).,https://support.mozilla.org/questions/1415536,,,,,m:microsoftemail,,,,4,true,1.87,False,
1415540,2023-06-10T06:52:33Z,2023-06-10,en-US,installation-and-updates,download-and-install_1;,davidrmilnes,I need to copy my TBird address book from my desktop PC to my laptop.,https://support.mozilla.org/questions/1415540,os:windows,,,,,,,,3,true,0.3,True,davidsk
1415548,2023-06-10T07:41:45Z,2023-06-10,en-US,other,other;,josephwgabriele,Thunderbird Proton Mail eset AV,https://support.mozilla.org/questions/1415548,,,,,m:protonmail,,proto:smtp,av:eset,1,true,16.16,False,
1415550,2023-06-10T08:11:37Z,2023-06-10,es,settings,customize;,public67,Using Thunderbird as default Contact app in Windows,https://support.mozilla.org/questions/1415550,,,,,,,,,0,false,,False,
1415551,2023-06-10T08:42:09Z,2023-06-10,en-US,other,other;,BlebNevus1015,Suddenly can't log in to Microsoft/Office365 email server with TB,https://support.mozilla.org/questions/1415551,os:windows,,,,m:microsoftemail,,proto:imap;proto:pop;proto:oauth,,1,true,1.18,False,
1415552,2023-06-10T08:50:05Z,2023-06-10,en-US,installation-and-updates,download-and-install_1;,peetrobo,Integrating Gmail with Thunderbird,https://support.mozilla.org/questions/1415552,os:windows,,,,m:gmail,,proto:imap;proto:smtp;proto:pop,,14,true,0.14,True,peetrobo
1415554,2023-06-10T09:29:05Z,2023-06-10,en-US,other,other;,kmand,Accessing Thunderbird Folders in Gmail,https://support.mozilla.org/questions/1415554,,,,,m:gmail,,proto:imap,,8,true,0.44,False,
1415557,2023-06-10T10:37:15Z,2023-06-10,en-US,privacy-and-security,privacy-and-security_1;,droesler,Passwords not saved,https://support.mozilla.org/questions/1415557,os:windows,,,,,,proto:pop,,1,false,,True,droesler
1415558,2023-06-10T10:45:55Z,2023-06-10,en-US,privacy-and-security,privacy-and-security_1;,gerard17,Disconnected from outlook.office 365.com,https://support.mozilla.org/questions/1415558,,,,,m:gmail;m:microsoftemail,,,,1,true,1.96,False,
1415562,2023-06-10T11:40:58Z,2023-06-10,en-US,settings,customize;,receiver,Upgrade to TG 102 prevents contacts from syncing,https://support.mozilla.org/questions/1415562,,,,,,,proto:carddav,,1,false,,False,
1415570,2023-06-10T16:29:15Z,2023-06-10,en-US,other,other;,mdforme,"TB 102.10.0 with Gmail--Don't see ""All Mail"" folder under Archiving",https://support.mozilla.org/questions/1415570,,,,,m:gmail;m:microsoftemail,,,,8,true,7.29,True,mdforme
1415575,2023-06-10T19:13:05Z,2023-06-10,en-US,troubleshooting,fix-problems;,enichols1962,Suddenly none of my outgoing emails get through,https://support.mozilla.org/questions/1415575,os:windows,,,,,,,av:norton,1,true,12.18,False,
1415587,2023-06-11T00:15:05Z,2023-06-11,en-US,other,other;,alexandru.s,Closing Thunderbird from Bash,https://support.mozilla.org/questions/1415587,,,,,,,,,1,true,7.46,False,
1415594,2023-06-11T03:50:11Z,2023-06-11,cs,settings,customize;,,Thunderbird 102.12.0 (64bit) - About:Config,https://support.mozilla.org/questions/1415594,,,,,,,,,4,true,3.22,True,poljos-moz
1415597,2023-06-11T04:06:50Z,2023-06-11,en-US,installation-and-updates,download-and-install_1;,,102.12.0 (64 bits) windows 11 update - all disappear,https://support.mozilla.org/questions/1415597,os:windows,,,,,,,av:bitdefender,2,true,2.41,False,
1415598,2023-06-11T04:30:03Z,2023-06-11,en-US,installation-and-updates,download-and-install_1;,retepgr,Had to reinstall Windows 11 - how do I restore my Local Folders?,https://support.mozilla.org/questions/1415598,os:windows,,,,,,,,5,true,1.49,True,retepgr
1415600,2023-06-11T04:49:33Z,2023-06-11,en-US,other,other;,redux3,"IMAP ""ghost folders"" issue",https://support.mozilla.org/questions/1415600,,,,,,,proto:imap,,1,true,2.64,True,danawilson001
1415607,2023-06-11T08:24:53Z,2023-06-11,en-US,other,other;,b.langbridge,POP no longer supprted by my Internet Provider,https://support.mozilla.org/questions/1415607,,,,,m:microsoftemail,isp:btinternet,proto:pop,,5,true,1.21,False,
1415610,2023-06-11T09:03:52Z,2023-06-11,en-US,other,other;,krzysdrewniak,OAuth2 tokens for Gmail not being saved / repeated login prompts,https://support.mozilla.org/questions/1415610,os:linux,,,,m:gmail,,proto:imap;proto:smtp;proto:oauth,av:defender,1,false,,False,
1415617,2023-06-11T12:14:02Z,2023-06-11,en-US,other,other;,archive2016a,I have a problem with at least two of my emails. The emails come into Thundebird but replies can ot be sent. due to incr,https://support.mozilla.org/questions/1415617,,,,,m:gmail,,,,1,false,,False,
1415619,2023-06-11T12:29:01Z,2023-06-11,en-US,settings,customize;,lookoutmtn480,Thunderbird,https://support.mozilla.org/questions/1415619,,,,,,,,,7,true,0.26,True,danawilson001
1415626,2023-06-11T13:08:55Z,2023-06-11,en-US,other,other;,jeannhow93,cannot locate my emails,https://support.mozilla.org/questions/1415626,,,,,m:gmail,,,,1,true,0.27,False,
1415629,2023-06-11T13:47:03Z,2023-06-11,en-US,troubleshooting,fix-problems;,melonc,"TB takes a long time to ""delete mail marked as junk"" and ""empty trash""",https://support.mozilla.org/questions/1415629,,,,,,,,,1,true,3.42,False,
1415630,2023-06-11T14:02:30Z,2023-06-11,en-US,installation-and-updates,download-and-install_1;,vanbinark,GMAIL & MAILFENCE,https://support.mozilla.org/questions/1415630,,,,,m:gmail;m:mailfence,,,,5,true,0.28,False,
1415634,2023-06-11T15:00:50Z,2023-06-11,en-US,other,other;,t.hoerl,Thunderbird,https://support.mozilla.org/questions/1415634,,,,,,,,,1,true,2.32,False,
1415635,2023-06-11T15:01:45Z,2023-06-11,en-US,installation-and-updates,download-and-install_1;,carlwark,Advice requested on Thunderbird for multiple users on W11,https://support.mozilla.org/questions/1415635,,,,,,,,,3,true,13.86,True,davidsk
1415636,2023-06-11T15:14:25Z,2023-06-11,en-US,installation-and-updates,download-and-install_1;,kbright662,"Updated to Thunderbird Beta 115.0b1, lost Sent folder and Calendar data?",https://support.mozilla.org/questions/1415636,os:windows,,,,,,proto:pop,,1,true,15.13,False,
1415649,2023-06-11T20:47:18Z,2023-06-11,en-US,other,other;,eq578293,"Wrong ""to"" and ""from"" fields in compose window when replying to a forward/alias email",https://support.mozilla.org/questions/1415649,,,,,m:gmail,,proto:imap,,4,true,9.19,False,
1415652,2023-06-11T22:28:50Z,2023-06-11,en-US,troubleshooting,fix-problems;,jon107,Corrupt inbox - I need to get my messages again from my IMAP server,https://support.mozilla.org/questions/1415652,,,,,,,proto:imap,,6,true,6.24,False,
1415657,2023-06-11T23:28:15Z,2023-06-11,en-US,troubleshooting,fix-problems;,t543,T/bird not scaling on 4k-display/-monitor [not scaling beyond 2k-resolution],https://support.mozilla.org/questions/1415657,,,,,,,,,0,false,,False,
1415659,2023-06-11T23:32:30Z,2023-06-11,en-US,troubleshooting,fix-problems;,mark468,Mail not copying to sent folder,https://support.mozilla.org/questions/1415659,os:windows,,,,,,proto:imap,,3,true,5.24,False,
1415660,2023-06-12T00:49:30Z,2023-06-12,it,settings,customize;,Qntcmn,"Gestione filtri, cartella continua a riapparire",https://support.mozilla.org/questions/1415660,,,,,,,,,0,false,,False,
1415665,2023-06-12T01:50:43Z,2023-06-12,en-US,other,other;,,To setup Gmail with thunderbird,https://support.mozilla.org/questions/1415665,,,,,m:gmail,,,,1,true,4.02,False,
1415666,2023-06-12T02:01:49Z,2023-06-12,en-US,other,other;,talfourdstewart,Unwanted addressee with full inbox,https://support.mozilla.org/questions/1415666,,,,,m:gmail;m:microsoftemail,,,,2,true,6.38,False,
1415677,2023-06-12T04:33:43Z,2023-06-12,en-US,other,other;,d_awdry,Why has Thunderbird suddenly started showing oldest emails when I log in?,https://support.mozilla.org/questions/1415677,,,,,,,,,5,true,0.18,False,
1415682,2023-06-12T06:48:45Z,2023-06-12,it,troubleshooting,fix-problems;,valand65a,Stampa e-mail,https://support.mozilla.org/questions/1415682,os:windows,,,,,,,,4,true,0.63,False,
1415683,2023-06-12T07:04:23Z,2023-06-12,it,other,other;,sabina.masin,percentuale casella occupata,https://support.mozilla.org/questions/1415683,,,,,,,,,1,true,0.25,False,
1415685,2023-06-12T07:10:06Z,2023-06-12,en-US,settings,customize;,denniso800,Email Icons,https://support.mozilla.org/questions/1415685,,,,,,,,,3,true,0.93,False,
1415696,2023-06-12T08:37:53Z,2023-06-12,en-US,troubleshooting,fix-problems;,ernest9,email cannot send,https://support.mozilla.org/questions/1415696,,,,,,,,,1,true,0.29,False,
1415700,2023-06-12T09:24:28Z,2023-06-12,en-US,privacy-and-security,privacy-and-security_1;,galli.dayagi,How to find my Incoming and outgoing domain email account.,https://support.mozilla.org/questions/1415700,,,,,,,,,1,true,0.52,False,
1415701,2023-06-12T09:29:51Z,2023-06-12,en-US,other,other;,hap2,can;t get or receive email,https://support.mozilla.org/questions/1415701,,,,,,isp:shaw,proto:pop,,1,true,0.46,False,
1415703,2023-06-12T10:08:52Z,2023-06-12,en-US,privacy-and-security,privacy-and-security_1;,bflmpsvz,Thunderbird shows encrypted mail's content without asking any password,https://support.mozilla.org/questions/1415703,,,,,,,proto:imap,,0,false,,False,
1415708,2023-06-12T11:30:36Z,2023-06-12,en-US,settings,customize;,kerryn1,"can an ""empty"" folder be added to others besides trash and junk?",https://support.mozilla.org/questions/1415708,,,,,,,,,2,true,0.89,False,
1415716,2023-06-12T13:13:44Z,2023-06-12,en-US,troubleshooting,fix-problems;,kent27,messages disappeared from folder,https://support.mozilla.org/questions/1415716,os:windows,,,,,,,,1,true,1.2,True,danawilson001
1415717,2023-06-12T13:16:41Z,2023-06-12,en-US,settings,customize;,helloiamoliver,Customising the spaces toolbar!,https://support.mozilla.org/questions/1415717,,,,,,,,,3,true,19.18,True,Toad-Hall
1415722,2023-06-12T14:34:30Z,2023-06-12,en-US,privacy-and-security,privacy-and-security_1;,mbabcock66,oath2 not available as option for smtp authentication,https://support.mozilla.org/questions/1415722,,,,,m:gmail,,proto:imap;proto:smtp;proto:pop;proto:oauth,,2,true,13.91,True,stancestans
1415730,2023-06-12T17:40:55Z,2023-06-12,en-US,other,other;,mcfbiz,Renamed folder using webmail and now folder no longer shown by Thunderbird (POP email),https://support.mozilla.org/questions/1415730,os:windows,,,,,,proto:pop,,1,true,10.7,False,
1415732,2023-06-12T17:48:32Z,2023-06-12,en-US,troubleshooting,fix-problems;,60142118,T. program freeze while composing emails,https://support.mozilla.org/questions/1415732,os:windows,,,,,isp:comcast,,,0,false,,False,
1415742,2023-06-12T23:28:22Z,2023-06-12,it,troubleshooting,fix-problems;,info8932,Velocità di invio,https://support.mozilla.org/questions/1415742,,,,,,,,,2,true,0.04,False,
1415752,2023-06-13T02:03:29Z,2023-06-13,hu,troubleshooting,fix-problems;,sztanojm,Thunderbird nem tud egy idő után csatlakozni a levelező szerverhez Imap letöltéshez,https://support.mozilla.org/questions/1415752,,,,,,,proto:imap,,0,false,,False,
1415756,2023-06-13T03:13:15Z,2023-06-13,it,troubleshooting,fix-problems;,bragosso,thunderbird  si blocca per quasi un minuto allo scarico delle mail,https://support.mozilla.org/questions/1415756,,,,,m:microsoftemail,,,,3,true,4.03,False,
1415759,2023-06-13T03:41:02Z,2023-06-13,en-US,troubleshooting,fix-problems;,DWC4656,"Late Thursday, 06/08/2023, or early Friday, my e-mail on Thunderbird went down. Now this account won't link to server, c",https://support.mozilla.org/questions/1415759,os:windows,,,,m:microsoftemail,,,,1,true,29.38,False,
1415771,2023-06-13T05:46:02Z,2023-06-13,en-US,settings,customize;,,Sent folder is missing,https://support.mozilla.org/questions/1415771,,,,,,,,,1,true,8.87,False,
1415776,2023-06-13T06:41:24Z,2023-06-13,en-US,other,other;,armysurplus1,Microsoft 365,https://support.mozilla.org/questions/1415776,,,,,m:microsoftemail,,,,0,false,,False,
1415777,2023-06-13T06:54:33Z,2023-06-13,tr,installation-and-updates,download-and-install_1;,ismetkurgan,Mail Instalation,https://support.mozilla.org/questions/1415777,os:windows,,,,,,,,1,true,8.29,False,
1415786,2023-06-13T08:50:18Z,2023-06-13,en-US,other,other;,Senna-sport,Deleting SELECTED e-mails ONLY on server using Thunderbird while keeping everything on my PC,https://support.mozilla.org/questions/1415786,,,,,,,,,25,true,0.31,False,
1415787,2023-06-13T09:02:56Z,2023-06-13,en-US,other,other;,Kemet,Unable to set up existing email addresses,https://support.mozilla.org/questions/1415787,,,,,,,,,1,true,22.3,False,
1415792,2023-06-13T10:14:11Z,2023-06-13,en-US,troubleshooting,fix-problems;,,Cannot drag and drop folders and subfolders to new location under inbox,https://support.mozilla.org/questions/1415792,os:windows,,,,m:microsoftemail,,proto:imap,,1,true,4.25,False,
1415804,2023-06-13T12:02:24Z,2023-06-13,en-US,calendar,calendar;,benrosa2022,Event addendees not recieving their invites,https://support.mozilla.org/questions/1415804,os:windows,,,,,,,,0,false,,False,
1415805,2023-06-13T12:14:32Z,2023-06-13,en-US,installation-and-updates,download-and-install_1;,StanJ,Re-build address book,https://support.mozilla.org/questions/1415805,,,,,,,,,0,false,,False,
1415807,2023-06-13T12:54:24Z,2023-06-13,en-US,troubleshooting,fix-problems;,klangdon,all company emails to any gmail accounts are bouncing back as undeliverable,https://support.mozilla.org/questions/1415807,,,,,m:gmail,,,,2,true,3.04,False,
1415808,2023-06-13T13:00:32Z,2023-06-13,en-US,installation-and-updates,download-and-install_1;,christian.ledezma,Cannot see sent emails from existing Office365 account,https://support.mozilla.org/questions/1415808,,,,,m:microsoftemail,,,,0,false,,False,
1415811,2023-06-13T13:13:58Z,2023-06-13,en-US,calendar,calendar;,rtielles,"After forcefully reinstalling Thunderbird, I am unable to recover my tasks and events",https://support.mozilla.org/questions/1415811,,,,,,,,,0,false,,False,
1415812,2023-06-13T13:18:39Z,2023-06-13,en-US,other,other;,Alm,"The Same Emails Have Been Downloading Since 4 AM EST, and New Emails Are Not Coming Through the Inbox. Please Help",https://support.mozilla.org/questions/1415812,,,,,,,,,2,true,4452.31,False,
1415815,2023-06-13T13:39:58Z,2023-06-13,en-US,other,other;,millertona,Lost import from Gmail,https://support.mozilla.org/questions/1415815,,,,,m:gmail,,proto:imap;proto:pop,,0,false,,False,
1415817,2023-06-13T14:14:06Z,2023-06-13,en-US,other,other;,mdforme,How do I get Gmail to delete messages that I move to TB local folders?,https://support.mozilla.org/questions/1415817,,,,,m:gmail,,proto:imap,,7,true,17.96,True,danawilson001
1415818,2023-06-13T14:25:01Z,2023-06-13,en-US,troubleshooting,fix-problems;,SteveMacLellan,Can't setup gmail accounts with Thunderbird on Ubuntu 22.04,https://support.mozilla.org/questions/1415818,os:linux,,,,m:gmail,,,,4,true,17.83,False,
1415826,2023-06-13T17:20:22Z,2023-06-13,en-US,troubleshooting,fix-problems;,keith.clemmons,"After power outage, Thunderbird reset",https://support.mozilla.org/questions/1415826,,,,,,,,,4,true,13.65,False,
1415831,2023-06-13T18:14:39Z,2023-06-13,en-US,installation-and-updates,download-and-install_1;,Detail,yahoo Verizon IMAP,https://support.mozilla.org/questions/1415831,,,,,m:microsoftemail;m:yahooemail,isp:verizon;isp:att,proto:imap;proto:smtp,,0,true,12.07,False,
1415836,2023-06-13T20:00:40Z,2023-06-13,en-US,settings,customize;,gsrgtrdg4565653,How to print out/save as pdf an email WITHOUT quotes?,https://support.mozilla.org/questions/1415836,,,,,,,,,4,true,12.31,False,
1415844,2023-06-14T01:26:05Z,2023-06-14,en-US,installation-and-updates,download-and-install_1;,zwaartekracht2011,Thunderbird,https://support.mozilla.org/questions/1415844,,,,,,,,,7,true,6.85,False,
1415847,2023-06-14T01:42:41Z,2023-06-14,en-US,settings,customize;,,HELP- Microsoft and Godaddy are killing my email- they are making me change from POP to IMAP.  Is there any way to just ,https://support.mozilla.org/questions/1415847,,,,,m:microsoftemail,,proto:imap;proto:pop,,1,true,4.52,False,
1415858,2023-06-14T04:57:46Z,2023-06-14,en-US,settings,customize;,graverholt,Dont know what you call it,https://support.mozilla.org/questions/1415858,,,,,,,,,1,true,1.13,False,
1415859,2023-06-14T05:19:56Z,2023-06-14,en-US,other,other;,graverholt,Placing the content ofmails,https://support.mozilla.org/questions/1415859,,,,,,,,,11,true,0.75,False,
1415876,2023-06-14T09:15:19Z,2023-06-14,en-US,settings,customize;,artisticpaper,Owl set up error message: Your cookie settings will cause login errors. Enable cookies and turn off all restrictions in ,https://support.mozilla.org/questions/1415876,,,,,,,,,2,true,4.56,False,
1415877,2023-06-14T09:16:13Z,2023-06-14,en-US,privacy-and-security,privacy-and-security_1;,lookoutmtn480,STAT Command did not succeed. Error getting message number and Sizes.  Mail Server popmail.com responded (Auth) invalid ,https://support.mozilla.org/questions/1415877,,,,,,,,,16,true,5.37,False,
1415880,2023-06-14T09:23:22Z,2023-06-14,en-US,troubleshooting,fix-problems;,adele6,I can't log in to get my mail,https://support.mozilla.org/questions/1415880,,,,,,,,,1,true,2.7,False,
1415884,2023-06-14T10:15:15Z,2023-06-14,en-US,other,other;,,The count of unread emails in each folder does not update.,https://support.mozilla.org/questions/1415884,,,,,,,,,3,true,1.16,False,
1415886,2023-06-14T11:02:58Z,2023-06-14,en-US,installation-and-updates,download-and-install_1;,,i am not reciving since today any mail to my account,https://support.mozilla.org/questions/1415886,,,,,,,,,1,false,,True,
1415889,2023-06-14T11:11:58Z,2023-06-14,en-US,other,other;,tom397,Sending of the message failed. An error occurred while sending mail. The mail server responded: <maryann.koz@gmail.com>:,https://support.mozilla.org/questions/1415889,,,,,m:gmail,,,,2,true,1.95,False,
1415891,2023-06-14T11:24:15Z,2023-06-14,en-US,settings,customize;,bdjim,After setting up Local Folders and subfolders to keep important emails and using message filters to transfer emails auto,https://support.mozilla.org/questions/1415891,,,,,,,,,0,false,,False,
1415893,2023-06-14T11:37:45Z,2023-06-14,en-US,troubleshooting,fix-problems;,,Cannot connect Yahoo email to Thunderbird client,https://support.mozilla.org/questions/1415893,os:windows,,,,m:yahooemail,,,,9,true,1.4,True,sfhowes
1415897,2023-06-14T12:18:46Z,2023-06-14,en-US,other,other;,TheFlapjack,Thunderbird - looses cursor focus after about 4 seconds,https://support.mozilla.org/questions/1415897,,,,,,,,,0,false,,False,
1415898,2023-06-14T12:18:53Z,2023-06-14,en-US,installation-and-updates,download-and-install_1;,memsgene,Thundeerbird beta,https://support.mozilla.org/questions/1415898,,,,,,,,,1,true,167.37,False,
1415902,2023-06-14T12:56:07Z,2023-06-14,es,other,other;,,gmail error,https://support.mozilla.org/questions/1415902,,,,,m:gmail,,proto:smtp,,1,true,82.74,False,
1415905,2023-06-14T13:16:26Z,2023-06-14,cs,installation-and-updates,download-and-install_1;,,Problám s přihlášením gmail,https://support.mozilla.org/questions/1415905,,,,,m:gmail,,proto:imap;proto:oauth,,1,true,33.94,False,
1415912,2023-06-14T15:33:59Z,2023-06-14,en-US,settings,customize;,jsemion,Email display snaps to top when switching between message windows,https://support.mozilla.org/questions/1415912,,,,,,,,,4,true,0.49,False,
1415917,2023-06-14T15:57:05Z,2023-06-14,en-US,other,other;,Robinnurse1,Error message,https://support.mozilla.org/questions/1415917,,,,,,isp:comcast,,,0,false,,False,
1415918,2023-06-14T15:59:59Z,2023-06-14,en-US,settings,customize;,daedalus33,"Changed my folder setting from the old, old original default to ""unified."" Bad move!  How do I change it back?",https://support.mozilla.org/questions/1415918,,,,,,,,,1,true,15.25,False,
1415919,2023-06-14T16:27:01Z,2023-06-14,en-US,other,other;,jaybnewell,A Missing Inbox Message,https://support.mozilla.org/questions/1415919,os:windows,,,,m:microsoftemail,,,,0,false,,False,
1415925,2023-06-14T18:31:20Z,2023-06-14,en-US,other,other;,,"Spent days setting up EXCHANGE account in Thunderbird, closed Chrome, new account disappeared with all emails in it",https://support.mozilla.org/questions/1415925,,,,,,,proto:imap,,1,true,25.69,False,
1415926,2023-06-14T18:31:22Z,2023-06-14,en-US,troubleshooting,fix-problems;,,Firefox won't work on Microsoft 360 exchange HELP please,https://support.mozilla.org/questions/1415926,,,,,,,,,1,true,16.24,False,
1415927,2023-06-14T18:36:32Z,2023-06-14,en-US,other,other;,,continuing EXCHANGE problem in Thunderbird,https://support.mozilla.org/questions/1415927,,,,,m:gmail;m:microsoftemail,,,,6,true,10.39,False,
1415933,2023-06-14T20:02:15Z,2023-06-14,en-US,troubleshooting,fix-problems;,,error message receiving new mail,https://support.mozilla.org/questions/1415933,,,,,,isp:comcast,,,1,true,61.7,False,
1415937,2023-06-14T20:40:10Z,2023-06-14,en-US,other,other;,elkatd,"Thunderbird not asking for password, can't get mail",https://support.mozilla.org/questions/1415937,os:windows,,,,,,proto:smtp,,40,true,8.4,True,Toad-Hall
1415941,2023-06-14T20:49:51Z,2023-06-14,en-US,troubleshooting,fix-problems;,rino1222,TB 115.0b2 Deleted emails do not go to Trash,https://support.mozilla.org/questions/1415941,,,,,,,,,9,true,8.2,True,rino1222
1415943,2023-06-14T22:58:20Z,2023-06-14,es,other,other;,markko003,Copia de seguridad de los correos en Thunderbird,https://support.mozilla.org/questions/1415943,,,,,,,,,1,true,72.5,True,pcp04
1415951,2023-06-15T02:39:06Z,2023-06-15,en-US,privacy-and-security,privacy-and-security_1;,vitaliy.planetarium,Does Primary Password encrypt saved passwords?,https://support.mozilla.org/questions/1415951,,,,,,,,,10,true,2.31,False,
1415960,2023-06-15T03:39:45Z,2023-06-15,en-US,other,other;,,unable to log in at server probably wrong configuration username or password,https://support.mozilla.org/questions/1415960,,,,,m:gmail,,,,1,true,1.28,False,
1415961,2023-06-15T03:40:08Z,2023-06-15,it,other,other;,j.douthw,Thunderbird non funziona.,https://support.mozilla.org/questions/1415961,,,,,,,,,1,true,0.79,False,
1415963,2023-06-15T03:52:15Z,2023-06-15,it,troubleshooting,fix-problems;,,Thunderbird,https://support.mozilla.org/questions/1415963,,,,,,,,,1,true,0.58,False,
1415964,2023-06-15T04:03:33Z,2023-06-15,en-US,other,other;,davet354tfd,Can Recieve emails but cant send them,https://support.mozilla.org/questions/1415964,,,,,,isp:spectrum,proto:smtp,,3,true,55.09,True,Toad-Hall
1415966,2023-06-15T04:49:20Z,2023-06-15,en-US,troubleshooting,fix-problems;,megsears,"""sent"" emails not appearing, and profile confusion",https://support.mozilla.org/questions/1415966,,,,,,,,,1,true,163.41,True,willjoe24421
1415972,2023-06-15T06:05:43Z,2023-06-15,en-US,troubleshooting,fix-problems;,jnphilips,Freezes/hangs during email downloads Thunderbird 102.12.0 windows 10 pro same when archiving anything,https://support.mozilla.org/questions/1415972,os:windows,,,,,,,av:mcafee,1,true,84.19,False,
1415976,2023-06-15T06:52:04Z,2023-06-15,en-US,privacy-and-security,privacy-and-security_1;,estolman,Thunderbird does not display SMTP password dialog during email sending when no password is available,https://support.mozilla.org/questions/1415976,,,,,,,proto:imap;proto:smtp,,3,true,0.41,True,davidsk
1415978,2023-06-15T07:26:02Z,2023-06-15,en-US,troubleshooting,fix-problems;,jerry110,Junk mail is not being moved to Junk folder,https://support.mozilla.org/questions/1415978,,,,,,,,,3,true,82.81,False,
1415980,2023-06-15T08:14:25Z,2023-06-15,en-US,calendar,calendar;,n16,Calendar missing,https://support.mozilla.org/questions/1415980,,,,,,,,,0,false,,False,
1415982,2023-06-15T08:45:27Z,2023-06-15,it,settings,customize;,,mail pop,https://support.mozilla.org/questions/1415982,,,,,,,proto:pop,,1,true,0.08,False,
1415991,2023-06-15T09:45:16Z,2023-06-15,en-US,troubleshooting,fix-problems;,Purebeads,A local folder is frozen,https://support.mozilla.org/questions/1415991,,,,,,,,,1,false,,True,Purebeads
1415992,2023-06-15T10:04:25Z,2023-06-15,en-US,other,other;,,Remove or change word in default dictionary,https://support.mozilla.org/questions/1415992,,,,,,,,,1,true,10.49,False,
1415994,2023-06-15T10:17:45Z,2023-06-15,en-US,troubleshooting,fix-problems;,david719,i use Thunderbird via Plusnet who host my domain name. All emails to gmail are returned.,https://support.mozilla.org/questions/1415994,,,,,m:gmail;m:yahooemail,,,,3,true,0.39,False,
1415999,2023-06-15T11:00:29Z,2023-06-15,es,troubleshooting,fix-problems;,gustavomartinherraez,No funciona Thunderbird,https://support.mozilla.org/questions/1415999,,,,,,,,,1,true,60.37,False,
1416002,2023-06-15T11:42:39Z,2023-06-15,en-US,privacy-and-security,privacy-and-security_1;,BDS1959,"""Unable to log in at server.  Probably wrong configuration, username, or password.""",https://support.mozilla.org/questions/1416002,os:linux,,,,m:gmail;m:microsoftemail,,proto:imap;proto:smtp,,1,true,20.21,False,
1416004,2023-06-15T11:47:10Z,2023-06-15,en-US,other,other;,tyler4402,Thunderbird Mail Address Book,https://support.mozilla.org/questions/1416004,,,,,,,,,3,true,1.15,False,
1416005,2023-06-15T11:56:58Z,2023-06-15,en-US,installation-and-updates,download-and-install_1;,rjfelts,Archiving from Web-based Outlook,https://support.mozilla.org/questions/1416005,,,,,m:gmail;m:microsoftemail,,,,4,true,0.86,True,sfhowes
1416014,2023-06-15T15:19:36Z,2023-06-15,en-US,other,other;,dziesiec2,Thunderbird email ver102 does not connect to my ISP,https://support.mozilla.org/questions/1416014,,,,,m:gmail,,,,1,true,0.3,False,
1416019,2023-06-15T17:10:31Z,2023-06-15,en-US,troubleshooting,fix-problems;,brookse321,Strange Thunderbird Bug - Duplicating Just A Few Very Old Emails In Various Folders After Thunderbird Is Left Running Fo,https://support.mozilla.org/questions/1416019,os:windows,,,,,,proto:imap;proto:pop,,1,true,72.97,False,
1416024,2023-06-15T18:14:07Z,2023-06-15,en-US,calendar,calendar;,email_bruce_now,Calendar lost after upgrade to 102.10.0,https://support.mozilla.org/questions/1416024,os:windows,,,,,,,,0,false,,False,
1416035,2023-06-15T23:23:57Z,2023-06-15,it,other,other;,,Jumbo mail,https://support.mozilla.org/questions/1416035,,,,,,,,,1,true,0.07,False,
1416036,2023-06-15T23:56:05Z,2023-06-15,en-US,settings,customize;,merkle.alexander,Fontsize problem using KDE Plasma 5.27,https://support.mozilla.org/questions/1416036,os:linux,,,,,,,,2,true,20.4,False,
1416039,2023-06-16T00:08:56Z,2023-06-16,it,other,other;,g.semeraro,Sono ormai mesi che non riesco ad accedere al mio account di posta per problemi di password,https://support.mozilla.org/questions/1416039,,,,,,,,,6,true,1.33,False,
1416040,2023-06-16T00:28:25Z,2023-06-16,en-US,troubleshooting,fix-problems;,gelgjo,Spurious messages are garbled/displayed as code.,https://support.mozilla.org/questions/1416040,,,,,,,,,4,true,19.7,True,MattAuSupport
1416041,2023-06-16T00:51:45Z,2023-06-16,en-US,other,other;needsinfo;,,Email,https://support.mozilla.org/questions/1416041,,,,,,,,,1,true,23.9,False,
1416044,2023-06-16T01:02:21Z,2023-06-16,en-US,other,other;,juliancabot,Thunderbird,https://support.mozilla.org/questions/1416044,,,,,,,,,3,true,9.81,False,
1416046,2023-06-16T01:50:42Z,2023-06-16,es,troubleshooting,fix-problems;,pizanauta,"Problemas con ""Copiar mensajes enviados"" no se guardan en la carpeta IMAP",https://support.mozilla.org/questions/1416046,,,,,,,proto:imap,,3,true,45.24,True,pizanauta
1416049,2023-06-16T02:59:42Z,2023-06-16,en-US,other,other;,lordthistle,"View all headers, but not forward them",https://support.mozilla.org/questions/1416049,os:windows,,,,,,,,1,true,4.52,False,
1416050,2023-06-16T03:00:01Z,2023-06-16,it,troubleshooting,fix-problems;,,Recupero log attività di una casella pec su thunderbird,https://support.mozilla.org/questions/1416050,,,,,,,,,1,true,0.98,False,
1416058,2023-06-16T03:34:48Z,2023-06-16,it,settings,customize;,,backup salva le mail?,https://support.mozilla.org/questions/1416058,,,,,,,,,5,true,0.44,False,
1416059,2023-06-16T03:46:07Z,2023-06-16,en-US,privacy-and-security,privacy-and-security_1;,danbollinger,Thunderbird TLS 1.2 SMTP issue,https://support.mozilla.org/questions/1416059,,,,,,,proto:smtp,,6,true,3.63,False,
1416062,2023-06-16T04:49:07Z,2023-06-16,en-US,settings,customize;,john6174,I am running out of space in my outlook account and would like to save folders on my  ubuntu computer,https://support.mozilla.org/questions/1416062,os:linux,,,,m:microsoftemail,,,,1,true,2.56,False,
1416063,2023-06-16T04:54:37Z,2023-06-16,en-US,other,other;,,Thunderbird Email Issue,https://support.mozilla.org/questions/1416063,,,,,,,,,1,true,15.17,False,
1416067,2023-06-16T05:12:47Z,2023-06-16,en-US,other,other;,jdvandenberg,Changing background and text colors in Write window,https://support.mozilla.org/questions/1416067,os:windows,,,,,,,,3,true,1.71,True,davidsk
1416068,2023-06-16T05:39:57Z,2023-06-16,en-US,other,other;,kaye.nan,emails not current,https://support.mozilla.org/questions/1416068,,,,,,,,,1,true,1.67,False,
1416069,2023-06-16T05:44:40Z,2023-06-16,en-US,privacy-and-security,privacy-and-security_1;,sjallyn,"Troubleshoot mode works fine, regular mode, passwords won't be remembered, Mac OS",https://support.mozilla.org/questions/1416069,os:macos,,,,,,,,2,true,13.02,False,
1416072,2023-06-16T06:03:19Z,2023-06-16,it,troubleshooting,fix-problems;,,Problema in invio e ricezione mail Gmail,https://support.mozilla.org/questions/1416072,,,,,m:gmail,,proto:smtp,,1,true,0.49,False,
1416077,2023-06-16T06:54:09Z,2023-06-16,en-US,privacy-and-security,privacy-and-security_1;,edgex1217,Thunderbird password reset how,https://support.mozilla.org/questions/1416077,,,,,,,,,10,true,0.37,False,
1416082,2023-06-16T08:03:41Z,2023-06-16,en-US,troubleshooting,fix-problems;,stephaniecase1024,All Gmail Accounts Not Receiving/Sending in Thunderbird,https://support.mozilla.org/questions/1416082,,,,,m:gmail,,,,3,true,1.75,False,
1416083,2023-06-16T08:20:53Z,2023-06-16,en-US,other,other;,giuthas,Thunderbird on Ubuntu forgets attachment save locations,https://support.mozilla.org/questions/1416083,os:linux,,,,,,,,1,true,10.39,False,
1416086,2023-06-16T08:42:42Z,2023-06-16,en-US,other,other;,chip2,"I lost all my mail: TB 102.12.0, using Google Workspace",https://support.mozilla.org/questions/1416086,,,,,m:gmail,,proto:imap,,2,true,1.22,False,
1416089,2023-06-16T09:01:01Z,2023-06-16,it,installation-and-updates,download-and-install_1;,g.semeraro,Posta Thunderbird,https://support.mozilla.org/questions/1416089,,,,,,,,,0,false,,False,
1416090,2023-06-16T09:01:48Z,2023-06-16,en-US,other,other;,deckstein17,Thunderbird fails to connect with Gmail-6-15-2023,https://support.mozilla.org/questions/1416090,os:windows,,,,m:gmail,,proto:imap;proto:smtp,,2,true,11.09,True,deckstein17
1416094,2023-06-16T10:07:47Z,2023-06-16,en-US,installation-and-updates,download-and-install_1;,wlawpa,created new account by mistake,https://support.mozilla.org/questions/1416094,,,,,,,,,7,true,0.35,False,
1416097,2023-06-16T11:15:40Z,2023-06-16,en-US,other,other;,h1jk1,In ThunderBird Message Filters deleted by accident because Delete it is right below Edit,https://support.mozilla.org/questions/1416097,,,,,,,,,1,true,8.89,False,
1416100,2023-06-16T11:43:16Z,2023-06-16,en-US,troubleshooting,fix-problems;,,Email username/password error not resolvable,https://support.mozilla.org/questions/1416100,,,,,m:microsoftemail,,,,6,true,6.9,True,
1416101,2023-06-16T11:49:52Z,2023-06-16,en-US,other,other;,,Thunderbird 102.12.0-1 is CORRUPT,https://support.mozilla.org/questions/1416101,os:linux,,,,,,,,1,true,0.12,False,
1416104,2023-06-16T12:47:48Z,2023-06-16,en-US,installation-and-updates,download-and-install_1;,davidaallan1,can't remember email address or password and can't setup new email account,https://support.mozilla.org/questions/1416104,,,,,,,,,3,true,0.09,False,
1416105,2023-06-16T13:16:47Z,2023-06-16,en-US,other,other;,spikels6,T-Bird Favorites Icon,https://support.mozilla.org/questions/1416105,,,,,,,,,1,true,11.34,False,
1416110,2023-06-16T14:33:45Z,2023-06-16,en-US,settings,customize;,smarveloustoo,change font color on 102,https://support.mozilla.org/questions/1416110,,,,,,,,,6,true,10.19,False,
1416120,2023-06-16T16:33:13Z,2023-06-16,en-US,other,other;,,email is locked up,https://support.mozilla.org/questions/1416120,,,,,,,,,3,true,7.89,False,
1416121,2023-06-16T16:33:56Z,2023-06-16,en-US,installation-and-updates,download-and-install_1;,kbright662,Thunderbird Beta 115.0b3 on Windows 10 pc.  I have lost my previous Calendar event data and Sent mail.,https://support.mozilla.org/questions/1416121,os:windows,,,,,,,,1,true,7.79,False,
1416123,2023-06-16T17:04:14Z,2023-06-16,en-US,other,other;,graverholt,Lost my mails,https://support.mozilla.org/questions/1416123,,,,,,,,,2,true,15.53,False,
1416124,2023-06-16T18:02:55Z,2023-06-16,en-US,troubleshooting,fix-problems;,sailfree1,Thunderbird freezes while composing message,https://support.mozilla.org/questions/1416124,os:windows,,,,,,,,1,true,6.26,False,
1416126,2023-06-16T19:05:13Z,2023-06-16,en-US,privacy-and-security,privacy-and-security_1;,ctg_00,Google Pop Up 'One Account All of Google' in Thunderbird,https://support.mozilla.org/questions/1416126,,,,,,,proto:oauth,,1,true,4.7,False,
1416128,2023-06-16T19:48:53Z,2023-06-16,en-US,privacy-and-security,privacy-and-security_1;,,TB login on one Gmail account not working,https://support.mozilla.org/questions/1416128,os:windows,,,,m:gmail,,proto:imap;proto:smtp;proto:oauth,,2,true,3.9,False,
1416134,2023-06-16T22:35:32Z,2023-06-16,en-US,troubleshooting,fix-problems;,homecassey,"Email to a single .outlook.com addressee is ""sent"" but does not arrive. Works perfectly when using MS Outlook",https://support.mozilla.org/questions/1416134,os:windows,,,,m:gmail;m:microsoftemail,,proto:imap,,6,true,1.08,False,
1416135,2023-06-16T22:46:15Z,2023-06-16,en-US,installation-and-updates,download-and-install_1;,robert.pugh,New Thunderbird,https://support.mozilla.org/questions/1416135,,,,,,,,,1,true,0.98,False,
1416141,2023-06-17T00:36:24Z,2023-06-17,en-US,troubleshooting,fix-problems;,,Thunderbird will not check emails on one account,https://support.mozilla.org/questions/1416141,,,,,,,proto:pop,,4,true,0.22,True,MattAuSupport
1416145,2023-06-17T02:23:28Z,2023-06-17,it,troubleshooting,fix-problems;,,Mail ARUBA,https://support.mozilla.org/questions/1416145,,,,,m:microsoftemail,,proto:pop,,2,true,0.17,False,
1416146,2023-06-17T04:20:12Z,2023-06-17,en-US,calendar,calendar;,pdanilo,"Error in ""Adding a holiday calendar"" guide",https://support.mozilla.org/questions/1416146,,,,,,,,,10,true,15.48,True,pdanilo
1416152,2023-06-17T05:37:20Z,2023-06-17,en-US,troubleshooting,fix-problems;,pete.n4zr,Fat-finger caused all inbox folders to disappear,https://support.mozilla.org/questions/1416152,,,,,,,,,1,true,36.46,False,
1416153,2023-06-17T05:47:48Z,2023-06-17,it,other,other;,ramesseii,impostazioni nuovo account posta,https://support.mozilla.org/questions/1416153,,,,,m:gmx,,proto:smtp,,5,true,1.93,False,
1416156,2023-06-17T07:04:21Z,2023-06-17,it,other,other;,ERNESTOROVEDA,ho un problema,https://support.mozilla.org/questions/1416156,,,,,,,,,1,true,0.55,False,
1416158,2023-06-17T07:39:48Z,2023-06-17,en-US,privacy-and-security,privacy-and-security_1;,fred.bohle,I can't get my email any more using Thunderbird.  I logged into att.com to view my bill.  I could not remember the passw,https://support.mozilla.org/questions/1416158,,,,,m:yahooemail,isp:att,,,0,true,0.52,False,
1416159,2023-06-17T08:20:03Z,2023-06-17,en-US,other,other;,susancullomrealestate,Mozilla compatible VPN,https://support.mozilla.org/questions/1416159,,,,,,,,,1,true,0.29,False,
1416166,2023-06-17T11:21:38Z,2023-06-17,en-US,other,other;,kochese,how to record password for my server,https://support.mozilla.org/questions/1416166,,,,,,,,,1,true,1.7,False,
1416167,2023-06-17T11:42:10Z,2023-06-17,en-US,other,other;,wratto,Deleted emails,https://support.mozilla.org/questions/1416167,,,,,,,,,1,true,19.92,False,
1416168,2023-06-17T11:52:59Z,2023-06-17,en-US,other,other;,pvy108,Using Saved Search to Capture all Emails Received Today,https://support.mozilla.org/questions/1416168,os:macos,,,,,,,,2,true,4.22,False,
1416175,2023-06-17T13:23:05Z,2023-06-17,en-US,privacy-and-security,privacy-and-security_1;,,I am unable to send emails to Gmail users,https://support.mozilla.org/questions/1416175,,,,,m:gmail,,,,1,true,7.05,False,
1416178,2023-06-17T14:11:50Z,2023-06-17,en-US,settings,customize;,pamenico1234,Tengo varias cuentas de correo y quiero que una de ellas sea la determinada por defecto para enviar correos a través de ,https://support.mozilla.org/questions/1416178,,,,,,,,,0,false,,False,
1416182,2023-06-17T15:01:05Z,2023-06-17,en-US,other,other;,rjfelts,Archive vs Export vs Copy,https://support.mozilla.org/questions/1416182,,,,,m:microsoftemail,,,,3,true,5.38,False,
1416185,2023-06-17T17:13:08Z,2023-06-17,en-US,calendar,calendar;,kkathman1,Installed Thunderbird 102.12.0 and am Unable to see any Calendar Events,https://support.mozilla.org/questions/1416185,,,,,m:microsoftemail,,,,4,true,0.59,True,sfhowes
1416188,2023-06-17T17:55:37Z,2023-06-17,en-US,other,other;,atsdon1,Major vs minor updates,https://support.mozilla.org/questions/1416188,,,,,,,,,1,true,0.54,False,
1416190,2023-06-17T18:48:50Z,2023-06-17,en-US,installation-and-updates,download-and-install_1;,bmazak,Merge Contacts from phone to PC thunderbird 102.11.0 or visa versa without duplicates,https://support.mozilla.org/questions/1416190,,,,,,,proto:carddav,,1,true,12.45,False,
1416209,2023-06-18T05:31:08Z,2023-06-18,en-US,other,other;,Beac0n,emails in my inbox self delete,https://support.mozilla.org/questions/1416209,,,,,m:gmail,,,,2,true,28.14,False,
1416211,2023-06-18T05:46:18Z,2023-06-18,en-US,installation-and-updates,download-and-install_1;,cvancant,Moving Windows Live Mail into Thunderbird on a different computer,https://support.mozilla.org/questions/1416211,,,,,,,,,9,true,1.24,False,
1416212,2023-06-18T06:42:53Z,2023-06-18,en-US,installation-and-updates,download-and-install_1;,ESavage15,Thunderbird beta did not bring address book,https://support.mozilla.org/questions/1416212,,,,,,,,,1,true,0.28,False,
1416213,2023-06-18T06:50:13Z,2023-06-18,it,troubleshooting,fix-problems;,lsattin,invio posta,https://support.mozilla.org/questions/1416213,,,,,,,,,1,true,0.19,False,
1416217,2023-06-18T08:05:45Z,2023-06-18,en-US,other,other;,,Gmail delegated account setup and access,https://support.mozilla.org/questions/1416217,,,,,m:gmail,,,,3,true,0.23,True,davidsk
1416218,2023-06-18T08:06:10Z,2023-06-18,en-US,privacy-and-security,privacy-and-security_1;,hap2,login errors,https://support.mozilla.org/questions/1416218,,,,,,isp:shaw,proto:imap;proto:pop,,0,true,1.77,False,
1416228,2023-06-18T12:11:44Z,2023-06-18,en-US,troubleshooting,fix-problems;,wardh1,Receiving emails,https://support.mozilla.org/questions/1416228,,,,,,,,,0,false,,False,
1416229,2023-06-18T13:11:17Z,2023-06-18,en-US,privacy-and-security,privacy-and-security_1;,jhromer1,Universal password,https://support.mozilla.org/questions/1416229,,,,,,,,,14,true,0.29,False,
1416233,2023-06-18T14:50:57Z,2023-06-18,en-US,installation-and-updates,download-and-install_1;,peterray,How to get new install of Thunderbird to recognize old profile,https://support.mozilla.org/questions/1416233,,,,,,,,,1,true,1.16,True,danawilson001
1416236,2023-06-18T16:51:44Z,2023-06-18,en-US,other,other;,l_white,Thunderbird 102.12.0 64 Bit not saving passowrds and not connection to email server.,https://support.mozilla.org/questions/1416236,os:windows,,,,,,,,1,true,0.25,False,
1416239,2023-06-18T19:57:29Z,2023-06-18,en-US,other,other;,hftsai256,Wayland:  wl_surface@43: error 2: Buffer size is not divisible by scale (2),https://support.mozilla.org/questions/1416239,,,,,,,,,0,false,,False,
1416242,2023-06-18T20:55:10Z,2023-06-18,en-US,other,other;,walter53a,I can't recieve or send out email even though nothing was changed,https://support.mozilla.org/questions/1416242,,,,,,,,,1,true,19.51,False,
1416246,2023-06-18T23:24:08Z,2023-06-18,it,other,other;,,Problemi configurazione posta virgilio su Thunderbird,https://support.mozilla.org/questions/1416246,,,,,,,,,1,true,1.07,False,
1416249,2023-06-19T00:54:43Z,2023-06-19,it,other,other;,nicoletta.martinengo,scaricamento posta da Libero,https://support.mozilla.org/questions/1416249,,,,,,,,,1,true,0.71,False,
1416250,2023-06-19T00:55:48Z,2023-06-19,it,other,other;,gemmo.fabia,connessione al server imapmail fuori tempo massimo,https://support.mozilla.org/questions/1416250,,,,,,,,,1,true,0.7,False,
1416252,2023-06-19T01:09:47Z,2023-06-19,en-US,tips-and-tricks,desktop;other;windows-10;firefox-1140;,john922,e mails problems,https://support.mozilla.org/questions/1416252,os:windows,Windows 10,,,,,,,5,true,8.19,False,
1416253,2023-06-19T01:12:37Z,2023-06-19,en-US,other,other;,,Mail folder - Multiple Accounts - Size > 100GB,https://support.mozilla.org/questions/1416253,,,,,,,,,1,true,5.4,False,
1416254,2023-06-19T01:31:51Z,2023-06-19,it,troubleshooting,fix-problems;,,Impossibile autenticarsi - Account Libero,https://support.mozilla.org/questions/1416254,,,,,,,,,4,true,0.09,False,
1416255,2023-06-19T01:41:14Z,2023-06-19,it,other,other;,edoardomontuori,libero non funziona sul pc,https://support.mozilla.org/questions/1416255,,,,,,,,,1,true,0.19,False,
1416257,2023-06-19T02:51:55Z,2023-06-19,en-US,installation-and-updates,download-and-install_1;,s.20.owlbear,Why SNap and not Flatpak for the Beta?,https://support.mozilla.org/questions/1416257,os:linux,,,,,,,,1,true,148.95,False,
1416261,2023-06-19T04:37:23Z,2023-06-19,pt-BR,privacy-and-security,privacy-and-security_1;,leiapva,Problem with expiring passwords,https://support.mozilla.org/questions/1416261,,,,,,,,,0,false,,False,
1416262,2023-06-19T04:38:31Z,2023-06-19,it,other,other;,francocastoldi,Interruzione LiberoMail,https://support.mozilla.org/questions/1416262,,,,,,,,,1,true,1.81,False,
1416265,2023-06-19T05:17:45Z,2023-06-19,en-US,other,other;,jean32,Thunderbird combining emails to create gobbledygook,https://support.mozilla.org/questions/1416265,,,,,,,,,2,true,10.93,False,
1416266,2023-06-19T05:20:36Z,2023-06-19,en-US,other,other;,drewthomas,Lost old emails when setting up gmail account,https://support.mozilla.org/questions/1416266,,,,,m:gmail,,,,1,true,1.22,False,
1416270,2023-06-19T06:19:50Z,2023-06-19,en-US,settings,customize;,,E-mail mark as read when I lunch the app.,https://support.mozilla.org/questions/1416270,,,,,,,,,5,true,9.66,False,
1416272,2023-06-19T06:31:07Z,2023-06-19,it,other,other;,palmasas,le mail di Libero non vengono registrate in Thunderbird,https://support.mozilla.org/questions/1416272,,,,,,,,,1,true,0.25,False,
1416273,2023-06-19T06:32:50Z,2023-06-19,en-US,other,other;,plumbob01,mozilla asking for my password when I enter password goes back to asking for password,https://support.mozilla.org/questions/1416273,,,,,,,,,2,true,9.17,False,
1416277,2023-06-19T07:08:52Z,2023-06-19,en-US,calendar,calendar;,,Since adding the NEW SPACES TOOLBAR the left side calender view is missing. Can not switch calenders anymore,https://support.mozilla.org/questions/1416277,,,,,,,,,3,true,5.21,False,
1416279,2023-06-19T07:24:57Z,2023-06-19,it,troubleshooting,fix-problems;,,Connessione al server fuori tempo massimo,https://support.mozilla.org/questions/1416279,,,,,,,,,1,true,0.04,False,
1416280,2023-06-19T07:29:03Z,2023-06-19,it,troubleshooting,fix-problems;,,mancata connessione imapmai.libero per fuori tempo massimo o connessione rifiutata,https://support.mozilla.org/questions/1416280,,,,,,,,,1,true,0.03,False,
1416283,2023-06-19T07:53:10Z,2023-06-19,it,troubleshooting,fix-problems;,roskopel,NON RIESCO PIù A SCARICARE LA POSTA,https://support.mozilla.org/questions/1416283,,,,,,,,,1,true,0.26,False,
1416284,2023-06-19T08:00:30Z,2023-06-19,en-US,troubleshooting,fix-problems;,vincentzwane306,SMTP Outgoing Server Password Field Not Keying In Password,https://support.mozilla.org/questions/1416284,,,,,,,proto:smtp,,1,true,1.38,False,
1416285,2023-06-19T08:12:46Z,2023-06-19,en-US,tips-and-tricks,desktop;other;windows-10;,hap2,email doesnt work,https://support.mozilla.org/questions/1416285,os:windows,Windows 10,,,,isp:shaw,proto:imap;proto:pop,,1,true,25.74,False,
1416286,2023-06-19T08:23:21Z,2023-06-19,en-US,privacy-and-security,privacy-and-security_1;,geraldwoollard,lost of pass word at your end,https://support.mozilla.org/questions/1416286,,,,,,,,,4,true,2.16,False,
1416287,2023-06-19T08:33:05Z,2023-06-19,it,other,other;,paolodanieli.spi,Connessione a libero.it,https://support.mozilla.org/questions/1416287,,,,,,,,,1,true,0.77,False,
1416289,2023-06-19T08:58:09Z,2023-06-19,es,troubleshooting,fix-problems;,havah87,Algunos e-mails recibidos muestran fecha incorrecta,https://support.mozilla.org/questions/1416289,,,,,m:microsoftemail,,,,6,true,85.95,False,
1416290,2023-06-19T09:06:04Z,2023-06-19,it,installation-and-updates,download-and-install_1;,,impossibile autenticarsi sul server la configurazione il nome utente o la password potebero essere errati,https://support.mozilla.org/questions/1416290,,,,,,,proto:imap;proto:smtp,,1,true,0.24,False,
1416296,2023-06-19T10:13:27Z,2023-06-19,en-US,other,other;,vvld-ml-2020,"question - Thunderbird - text-size, line-spacing, font, etc, when sending emails",https://support.mozilla.org/questions/1416296,,,,,,,,,3,true,0.27,False,
1416299,2023-06-19T10:34:33Z,2023-06-19,it,other,other;,,Mancata connessione mail virgilio,https://support.mozilla.org/questions/1416299,,,,,,,,,1,true,0.98,False,
1416300,2023-06-19T10:59:28Z,2023-06-19,en-US,settings,customize;,retrodial,Thunderbird Message Toolbar Icon Buttons Missing Text Labels,https://support.mozilla.org/questions/1416300,os:windows,,,,,,,,4,true,2.51,True,retrodial
1416304,2023-06-19T11:42:28Z,2023-06-19,en-US,other,other;,Tregarth,Cannot download e-mails,https://support.mozilla.org/questions/1416304,,,,,m:gmail,,,,6,true,4.22,False,
1416311,2023-06-19T12:44:48Z,2023-06-19,en-US,other,other;,weinhardt,"Firefox worked great for years.  Now it won't display a ""send"" button or show the address list on a ""reply"" or write scr",https://support.mozilla.org/questions/1416311,,,,,,,,,4,true,0.58,False,
1416315,2023-06-19T13:37:31Z,2023-06-19,en-US,installation-and-updates,download-and-install_1;,peterray,New Thunderbird install does not recognzie my old profile.,https://support.mozilla.org/questions/1416315,,,,,,,,,6,true,1.08,True,peterray
1416329,2023-06-19T20:43:00Z,2023-06-19,en-US,other,other;,slang10967,mailing lists,https://support.mozilla.org/questions/1416329,,,,,m:gmail,,,,4,true,15.45,False,
1416332,2023-06-19T22:12:25Z,2023-06-19,en-US,other,other;,sdupree,Thunderbird suddenly no longer downloads my emails,https://support.mozilla.org/questions/1416332,os:macos,,,,,,proto:pop,,1,true,27.69,False,
1416333,2023-06-19T22:12:29Z,2023-06-19,en-US,tips-and-tricks,desktop;beta;other;needsinfo;windows-10;firefox-1150;,,Email local folders have disappeared,https://support.mozilla.org/questions/1416333,os:windows,Windows 10,,,,,,,1,true,64.06,False,
1416343,2023-06-20T04:50:27Z,2023-06-20,en-US,privacy-and-security,privacy-and-security_1;,lilyflds,"Can,t send emails to Gmail addresses due to SMP setting??",https://support.mozilla.org/questions/1416343,,,,,m:gmail,,proto:smtp,,1,true,0.78,False,
1416344,2023-06-20T05:22:41Z,2023-06-20,en-US,other,other;,,Deleted Draft Message (encrypted),https://support.mozilla.org/questions/1416344,,,,,m:gmail,,proto:imap,,9,true,261.05,False,
1416348,2023-06-20T06:48:52Z,2023-06-20,en-US,other,other;,johnmarris,I have lost an email account,https://support.mozilla.org/questions/1416348,,,,,,,,,2,true,5.3,False,
1416352,2023-06-20T07:37:24Z,2023-06-20,en-US,other,other;,grahame5,Thunderbird Inbox,https://support.mozilla.org/questions/1416352,,,,,,,,,3,true,0.65,False,
1416360,2023-06-20T08:43:02Z,2023-06-20,en-US,other,other;,ray.pioli,Cannot delete IMAP Folder,https://support.mozilla.org/questions/1416360,os:windows,,,,m:microsoftemail,,proto:imap,,5,true,2.75,True,davidsk
1416362,2023-06-20T09:14:42Z,2023-06-20,en-US,other,other;,firefox2051,T-Bird Error: The folder 'Inbox on MailJim@xxx.com could not be compacted because writing to folder failed. Verify that ,https://support.mozilla.org/questions/1416362,,,,,,,proto:pop,,12,true,2.77,False,
1416366,2023-06-20T09:53:58Z,2023-06-20,en-US,calendar,calendar;,,Unable to change calendar of a calendar event,https://support.mozilla.org/questions/1416366,os:linux,,,,m:fastmail,,proto:caldav,,1,true,38.44,False,
1416371,2023-06-20T10:26:38Z,2023-06-20,en-US,other,other;,jehurd,Latest - MS Exchange on TB 102,https://support.mozilla.org/questions/1416371,,,,,m:microsoftemail,,proto:imap;proto:pop;proto:oauth,,5,true,0.9,False,
1416375,2023-06-20T11:38:05Z,2023-06-20,en-US,other,other;,ANobodyFromSomewhere@gmail.com,THUNDERBIRD GMAIL ERROR – Username and password not accepted,https://support.mozilla.org/questions/1416375,os:windows,,,,m:gmail,,proto:imap;proto:smtp;proto:pop,,2,true,0.1,False,
1416377,2023-06-20T11:43:38Z,2023-06-20,en-US,calendar,calendar;,saverio4,"Clicking on ""Accept all"" does not update the event on my caldav calendar. TB keeps asking to accept/decline",https://support.mozilla.org/questions/1416377,,,,,,,proto:caldav,,0,false,,False,
1416384,2023-06-20T12:12:24Z,2023-06-20,en-US,other,other;,DLESNER123,Can't find application menu button so I can't block by subject,https://support.mozilla.org/questions/1416384,,,,,,,,,2,true,6.18,False,
1416385,2023-06-20T12:28:50Z,2023-06-20,en-US,other,other;,mycozybazar,Timed out server,https://support.mozilla.org/questions/1416385,,,,,,,,,0,false,,False,
1416386,2023-06-20T12:34:15Z,2023-06-20,en-US,settings,customize;,bbawt1,Inbox email unread count showing at account name level,https://support.mozilla.org/questions/1416386,,,,,,,,,0,false,,False,
1416393,2023-06-20T14:10:20Z,2023-06-20,en-US,troubleshooting,fix-problems;,,Will not let me in my email,https://support.mozilla.org/questions/1416393,,,,,,,,,1,true,6.68,False,
1416411,2023-06-20T18:50:19Z,2023-06-20,en-US,other,other;,newspr0,How to keep contacts in both the personal book AND a mail list book,https://support.mozilla.org/questions/1416411,,,,,,,,,5,true,0.57,False,
1416416,2023-06-20T21:05:11Z,2023-06-20,en-US,other,other;,RoseQueen,"Thunderbird not ""learning"" what isn't spam",https://support.mozilla.org/questions/1416416,,,,,,,,,1,true,1.41,False,
1416420,2023-06-20T22:56:01Z,2023-06-20,en-US,other,other;,robp100,Login fails,https://support.mozilla.org/questions/1416420,,,,,,,,,2,true,76.56,False,
1416421,2023-06-20T22:56:40Z,2023-06-20,en-US,other,other;,robp100,Login fails,https://support.mozilla.org/questions/1416421,,,,,,,,,0,false,,False,
1416429,2023-06-21T01:09:01Z,2023-06-21,en-US,troubleshooting,fix-problems;,annie.mcdowall27,Emails not loading,https://support.mozilla.org/questions/1416429,,,,,,,,,1,true,11.59,False,
1416435,2023-06-21T04:59:20Z,2023-06-21,en-US,troubleshooting,fix-problems;,arianaserrano,"Cannot connect to or add a google account ""Authorization error - Error 400: access not configured""",https://support.mozilla.org/questions/1416435,,,,,m:gmail;m:yahooemail,,proto:imap;proto:pop,,12,true,7.69,False,
1416436,2023-06-21T05:10:51Z,2023-06-21,en-US,other,other;,bbfinbow,re-installing my thunderbird account,https://support.mozilla.org/questions/1416436,,,,,m:gmail,,,,1,true,18.88,False,
1416447,2023-06-21T07:30:12Z,2023-06-21,en-US,other,other;,roundbot,Despite White List (contacts) ignored by Junk controls,https://support.mozilla.org/questions/1416447,,,,,,,,,4,true,3.92,False,
1416449,2023-06-21T07:49:33Z,2023-06-21,en-US,installation-and-updates,download-and-install_1;needsinfo;,,thunderbird,https://support.mozilla.org/questions/1416449,,,,,m:microsoftemail,isp:verizon,,,1,true,30.37,False,
1416450,2023-06-21T08:03:31Z,2023-06-21,en-US,troubleshooting,fix-problems;,neil.baron.1139,Deleting Email from Inbox,https://support.mozilla.org/questions/1416450,os:windows,,,,m:gmail,,,,5,true,40.7,True,neil.baron.1139
1416451,2023-06-21T08:07:34Z,2023-06-21,en-US,other,other;,jimcrawford.oxford,massive memory use by profile,https://support.mozilla.org/questions/1416451,os:windows,,,,m:yahooemail,,proto:imap,,1,true,1.61,True,davidsk
1416454,2023-06-21T08:45:08Z,2023-06-21,en-US,other,other;,,"Thunderbird x32 and x64 unable to connect to email account, however betterbird can",https://support.mozilla.org/questions/1416454,,,,,m:gmail,,,,1,true,1.12,False,
1416458,2023-06-21T09:03:32Z,2023-06-21,it,troubleshooting,fix-problems;,simobe,"THUNDERBIRD pec POSTECERT, IMPOSSIBILE COLLEGAMENTO SERVER IMAP",https://support.mozilla.org/questions/1416458,,,,,,,proto:imap;proto:smtp;proto:pop,,0,false,,False,
1416459,2023-06-21T09:16:31Z,2023-06-21,en-US,other,other;,alan.phipps1939,Unable to open my old Thunderbird account,https://support.mozilla.org/questions/1416459,,,,,m:gmail,,,,1,true,0.34,False,
1416462,2023-06-21T09:25:10Z,2023-06-21,en-US,installation-and-updates,download-and-install_1;,,importing a pcr file from old computer,https://support.mozilla.org/questions/1416462,,,,,,,,,5,true,0.07,False,
1416463,2023-06-21T09:42:27Z,2023-06-21,en-US,troubleshooting,fix-problems;,m_kupky,I do not get my mail and can not send out mail,https://support.mozilla.org/questions/1416463,,,,,,,,,1,true,3.0,False,
1416468,2023-06-21T10:47:12Z,2023-06-21,en-US,other,other;,,can't SEND email through spectrum,https://support.mozilla.org/questions/1416468,os:macos,,,,m:microsoftemail,isp:spectrum,,,1,true,20.98,False,
1416469,2023-06-21T10:49:37Z,2023-06-21,en-US,installation-and-updates,download-and-install_1;,rhill304,Transferring data to a new computer,https://support.mozilla.org/questions/1416469,,,,,,,,,6,true,0.5,False,
1416471,2023-06-21T11:00:58Z,2023-06-21,en-US,other,other;,comz,Turning off Threading in Thunderbird Search Results,https://support.mozilla.org/questions/1416471,,,,,,,,,8,true,0.45,False,
1416477,2023-06-21T11:58:15Z,2023-06-21,es,other,other;,markko003,como ver los correos de las carpetas locales sin importarlas a Thunderbird,https://support.mozilla.org/questions/1416477,,,,,,,,,1,true,34.85,False,
1416479,2023-06-21T12:17:36Z,2023-06-21,en-US,troubleshooting,fix-problems;,gavintaylordrums,Thunderbird will no longer send messages,https://support.mozilla.org/questions/1416479,,,,,m:gmail,,proto:smtp,,1,true,0.15,False,
1416490,2023-06-21T17:00:11Z,2023-06-21,en-US,other,other;,Scorpn1,Just QUIT working today,https://support.mozilla.org/questions/1416490,,,,,,,,,0,false,,False,
1416494,2023-06-21T19:16:35Z,2023-06-21,en-US,other,other;,webbi,Auth-Status: Invalid login or password,https://support.mozilla.org/questions/1416494,os:windows,,,,,,,,6,true,14.96,True,webbi
1416497,2023-06-21T20:24:20Z,2023-06-21,en-US,troubleshooting,fix-problems;,chayes23,Thunderbird 102 will not send emails.,https://support.mozilla.org/questions/1416497,os:windows,,,,m:microsoftemail,isp:spectrum,,,4,true,3.42,False,
1416499,2023-06-21T23:26:17Z,2023-06-21,en-US,settings,customize;,HondoMan,"Right click, multi-emails select",https://support.mozilla.org/questions/1416499,,,,,m:microsoftemail,,,,1,true,8.94,False,
1416501,2023-06-21T23:33:49Z,2023-06-21,it,troubleshooting,fix-problems;,,Problemi dopo Aggiornamento Thunderbird,https://support.mozilla.org/questions/1416501,,,,,,,,,3,true,1.38,False,
1416503,2023-06-21T23:57:20Z,2023-06-21,en-US,other,other;,eyal6164,page breaks when printing emails,https://support.mozilla.org/questions/1416503,,,,,,,,,0,true,3.88,False,
1416506,2023-06-22T00:35:12Z,2023-06-22,en-US,other,other;,ingcantale,two-factor verification,https://support.mozilla.org/questions/1416506,,,,,,,,,3,true,8.33,False,
1416507,2023-06-22T00:48:31Z,2023-06-22,en-US,other,other;,pohagglund,lösenord,https://support.mozilla.org/questions/1416507,,,,,,,,,1,true,12.08,False,
1416508,2023-06-22T01:40:15Z,2023-06-22,en-US,other,other;,,POP Mail,https://support.mozilla.org/questions/1416508,,,,,,,proto:pop,,3,true,7.29,False,
1416519,2023-06-22T05:19:52Z,2023-06-22,en-US,other,other;,snowblindn3ss,A particular tag stopped appearing for me since 2021,https://support.mozilla.org/questions/1416519,,,,,,,,,3,true,5.53,False,
1416521,2023-06-22T05:26:24Z,2023-06-22,en-US,troubleshooting,fix-problems;,dpalmer1,"In CardBook, using the standard dialog to conect to a new contact database, iCloud hangs and never populates.",https://support.mozilla.org/questions/1416521,os:windows,,,,,,proto:caldav,,0,false,,False,
1416524,2023-06-22T05:38:46Z,2023-06-22,en-US,other,other;,mary100661,Missing sent messages,https://support.mozilla.org/questions/1416524,,,,,,,,,3,true,1.48,False,
1416525,2023-06-22T05:40:54Z,2023-06-22,en-US,troubleshooting,fix-problems;,cortlieb,Teams Invitation - no ticket / you are not on the guest list,https://support.mozilla.org/questions/1416525,,,,,,,,,0,false,,False,
1416527,2023-06-22T06:25:51Z,2023-06-22,en-US,installation-and-updates,download-and-install_1;,john.nicoletti.jn,secondary gmail account not working after migration to new pc,https://support.mozilla.org/questions/1416527,,,,,m:gmail,,proto:pop,,0,false,,False,
1416534,2023-06-22T07:34:29Z,2023-06-22,en-US,troubleshooting,fix-problems;,,thunderbird,https://support.mozilla.org/questions/1416534,os:windows,,,,m:gmail;m:yahooemail,,,,1,true,84.16,False,
1416536,2023-06-22T08:19:03Z,2023-06-22,en-US,other,other;,markhbfindlay,Signatures,https://support.mozilla.org/questions/1416536,,,,,,,,,1,true,4.23,False,
1416541,2023-06-22T09:16:13Z,2023-06-22,en-US,settings,customize;,hartmantam,Applying OpenPGP Alias to Account level,https://support.mozilla.org/questions/1416541,,,,,,,,,1,true,15.47,False,
1416543,2023-06-22T09:28:43Z,2023-06-22,en-US,privacy-and-security,privacy-and-security_1;,semajtres,GoDaddy email address no longer working in firefox,https://support.mozilla.org/questions/1416543,,,,,m:microsoftemail,,proto:imap;proto:pop,,3,true,2.88,False,
1416544,2023-06-22T09:32:48Z,2023-06-22,en-US,installation-and-updates,download-and-install_1;,,Multiple accts / migration from Pocomail,https://support.mozilla.org/questions/1416544,,,,,,,,,1,true,3.17,False,
1416546,2023-06-22T09:56:38Z,2023-06-22,en-US,other,other;,david17361,removing files from gmail server but not from thunderbird,https://support.mozilla.org/questions/1416546,,,,,m:gmail,,,,1,true,0.56,False,
1416547,2023-06-22T10:09:58Z,2023-06-22,en-US,settings,customize;,randall.sulkin,Feature Request: Allow double quotes (or other method) to do exact search in Global Search,https://support.mozilla.org/questions/1416547,,,,,,,,,1,true,2.28,False,
1416556,2023-06-22T11:47:21Z,2023-06-22,en-US,troubleshooting,fix-problems;,,Sent mail are saved but a copy is saved in the inbox as a new mail,https://support.mozilla.org/questions/1416556,,,,,,,,,3,true,1.07,False,
1416565,2023-06-22T15:26:14Z,2023-06-22,en-US,settings,customize;,print8,Tags not syncing in windows 11,https://support.mozilla.org/questions/1416565,os:windows,,,,,,,,0,false,,False,
1416575,2023-06-22T18:42:12Z,2023-06-22,en-US,installation-and-updates,download-and-install_1;,chris554,How to transfer old emails from a Thunderbird POP account to new Thunderbird Owl-EWS account,https://support.mozilla.org/questions/1416575,os:windows,,,,,,proto:pop;proto:ews,,3,true,5.99,False,
1416581,2023-06-23T00:20:53Z,2023-06-23,en-US,troubleshooting,fix-problems;,nfhounsome,saving direct to draft and crashing,https://support.mozilla.org/questions/1416581,os:windows,,,,m:gmail,,,,4,true,0.33,False,
1416583,2023-06-23T01:19:50Z,2023-06-23,it,other,other;,giovanni.sciarrone,import/export tool NG compatibile con la versione 115.0b3 (64 bit) di thunderbird,https://support.mozilla.org/questions/1416583,,,,,,,,,1,true,0.87,False,
1416585,2023-06-23T01:30:51Z,2023-06-23,en-US,other,other;,RussTBear,Does anyone know how to retrieve or change the password on my hotmail account?,https://support.mozilla.org/questions/1416585,os:windows,,,,m:microsoftemail,,,,0,true,10.83,False,
1416586,2023-06-23T01:31:09Z,2023-06-23,cs,settings,customize;,josch265,Zprávy,https://support.mozilla.org/questions/1416586,,,,,,,,,1,true,2.05,False,
1416588,2023-06-23T01:58:27Z,2023-06-23,en-US,other,other;,zeris,Inaccessible addresses when writing a mail.,https://support.mozilla.org/questions/1416588,os:windows,,,,,,,,0,false,,False,
1416589,2023-06-23T02:04:16Z,2023-06-23,it,other,other;,renatoponi59,Thunderbird,https://support.mozilla.org/questions/1416589,,,,,,,,,1,true,0.19,False,
1416590,2023-06-23T02:06:01Z,2023-06-23,en-US,other,other;,taninspired,Gmail setup,https://support.mozilla.org/questions/1416590,,,,,m:gmail,,,,5,true,7.55,True,Toad-Hall
1416591,2023-06-23T02:48:58Z,2023-06-23,en-US,other,other;,bmm646,thunderbird script size,https://support.mozilla.org/questions/1416591,os:windows,,,,,,,,7,true,6.24,False,
1416593,2023-06-23T03:37:38Z,2023-06-23,en-US,other,other;,firefox2355,How to force Thunderbird to refresh IMAP folder list?,https://support.mozilla.org/questions/1416593,os:windows,,,,m:microsoftemail,,proto:imap,,10,true,7.8,False,
1416594,2023-06-23T03:50:15Z,2023-06-23,en-US,tips-and-tricks,desktop;other;windows-10;,,Mozilla Thunderbird 102.12.0 (32-bit) calendar entries have disappeared,https://support.mozilla.org/questions/1416594,os:windows,Windows 10,,,,,,,1,false,,False,
1416595,2023-06-23T03:58:37Z,2023-06-23,en-US,other,other;,Tm46merkland,Thunderbird Email system not updating or receiving incoming mail,https://support.mozilla.org/questions/1416595,,,,,,,,,1,true,7.36,False,
1416599,2023-06-23T05:11:51Z,2023-06-23,en-US,settings,customize;,peetrobo,My Gmail account in Thunderbird won't complete.,https://support.mozilla.org/questions/1416599,,,,,m:gmail,,,,4,true,6.09,True,Toad-Hall
1416611,2023-06-23T06:54:31Z,2023-06-23,en-US,other,other;,j856979,TINY FONT IN EMAIL BODY,https://support.mozilla.org/questions/1416611,,,,,,,,,3,true,0.21,False,
1416616,2023-06-23T07:50:49Z,2023-06-23,es,other,other;,,No puedo configurar mis correos en Thunderbird,https://support.mozilla.org/questions/1416616,,,,,m:gmail;m:microsoftemail,,proto:imap;proto:pop,,1,true,25.8,False,
1416618,2023-06-23T08:16:17Z,2023-06-23,es,other,other;,juanjosejaimez,Al abrir mensaje se abren todos los mensajes del hilo de conversacion,https://support.mozilla.org/questions/1416618,,,,,,,,,1,true,25.31,False,
1416622,2023-06-23T09:28:50Z,2023-06-23,en-US,other,other;,gardnsgate,The body of my email does not show up,https://support.mozilla.org/questions/1416622,,,,,,,,,4,true,1.7,False,
1416623,2023-06-23T09:29:00Z,2023-06-23,it,other,other;,estcheema,Formattazione dei messaggi,https://support.mozilla.org/questions/1416623,,,,,,,,,4,true,13.87,False,
1416625,2023-06-23T09:53:21Z,2023-06-23,en-US,other,other;,dpatla,cannot receive emails,https://support.mozilla.org/questions/1416625,,,,,,,proto:pop,,2,true,1.18,False,
1416627,2023-06-23T09:57:46Z,2023-06-23,en-US,other,other;,allen.conway,Double 'Drafts - google' folders,https://support.mozilla.org/questions/1416627,,,,,,,,,1,true,0.83,False,
1416630,2023-06-23T11:00:14Z,2023-06-23,en-US,settings,customize;,,Compact popup,https://support.mozilla.org/questions/1416630,,,,,,,,,1,true,1.28,False,
1416632,2023-06-23T11:49:12Z,2023-06-23,en-US,privacy-and-security,privacy-and-security_1;,emcooley,Earthlink is changing its encryption software to TLS 1.2 and telling customers to make sure it is supported by their ema,https://support.mozilla.org/questions/1416632,,,,,,,,,4,true,0.42,True,davidsk
1416635,2023-06-23T12:42:48Z,2023-06-23,en-US,privacy-and-security,privacy-and-security_1;,kntbrd,Saved Logins,https://support.mozilla.org/questions/1416635,,,,,,,proto:smtp,,2,true,0.54,False,
1416636,2023-06-23T12:56:55Z,2023-06-23,en-US,settings,customize;,cvancant,Color of header row in message pane,https://support.mozilla.org/questions/1416636,os:windows,,,,,,,,4,true,0.85,False,
1416637,2023-06-23T13:03:47Z,2023-06-23,en-US,other,other;,hap2,email Thunderbird support,https://support.mozilla.org/questions/1416637,,,,,,,,,1,true,0.07,False,
1416640,2023-06-23T13:36:43Z,2023-06-23,en-US,installation-and-updates,download-and-install_1;,mummadl,Add a new email contact to a personal address book in Thunderbird,https://support.mozilla.org/questions/1416640,,,,,,,,,1,true,0.21,False,
1416643,2023-06-23T14:58:31Z,2023-06-23,en-US,other,other;,chip2,Why is Archive so slow to open?,https://support.mozilla.org/questions/1416643,,,,,m:yahooemail,,proto:imap,,0,false,,False,
1416645,2023-06-23T17:54:12Z,2023-06-23,en-US,other,other;,firefox2357,Message sort setting is randomly forgotten,https://support.mozilla.org/questions/1416645,,,,,,,,,3,true,57.48,False,
1416648,2023-06-23T20:02:06Z,2023-06-23,en-US,settings,customize;,booya,How to remove empty spaces (gap) on the lest side of some columns?,https://support.mozilla.org/questions/1416648,,,,,,,,,1,true,12.83,True,Toad-Hall
1416664,2023-06-24T02:33:06Z,2023-06-24,en-US,privacy-and-security,privacy-and-security_1;,cheeseus,"IMAP Office365 stopped working: ""User is authenticated but not connected""",https://support.mozilla.org/questions/1416664,,,,,m:gmail;m:microsoftemail,,proto:imap,av:kaspersky,4,true,38.86,True,cheeseus
1416667,2023-06-24T02:55:50Z,2023-06-24,en-US,troubleshooting,fix-problems;,robp100,Can't login,https://support.mozilla.org/questions/1416667,,,,,,,,,13,true,3.54,True,robp100
1416670,2023-06-24T05:09:40Z,2023-06-24,en-US,other,other;,jimsingleton15,Delete an unwanted IMAP account.,https://support.mozilla.org/questions/1416670,,,,,,,proto:imap,,2,true,1.24,True,davidsk
1416673,2023-06-24T07:04:20Z,2023-06-24,en-US,other,other;,,Thunderbird issues,https://support.mozilla.org/questions/1416673,os:windows,,,,m:microsoftemail,,,,1,true,44.31,False,
1416676,2023-06-24T08:04:03Z,2023-06-24,en-US,other,other;,,My thunder email,https://support.mozilla.org/questions/1416676,,,,,m:gmail,,,,1,true,0.7,False,
1416683,2023-06-24T09:26:16Z,2023-06-24,en-US,other,other;,,Can I recover auto-saved Draft emails lost in a TBird crash,https://support.mozilla.org/questions/1416683,,,,,,,proto:imap,,3,true,34.09,False,
1416688,2023-06-24T10:45:11Z,2023-06-24,pt-BR,installation-and-updates,download-and-install_1;,Licinio67,Thunderbird no MAC,https://support.mozilla.org/questions/1416688,os:macos,,,,,,,,0,false,,False,
1416701,2023-06-24T16:50:04Z,2023-06-24,en-US,other,other;,,multiple copies of emails,https://support.mozilla.org/questions/1416701,,,,,,,,,3,true,17.18,False,
1416704,2023-06-24T19:17:57Z,2023-06-24,en-US,troubleshooting,fix-problems;,tonydromgool,no emails,https://support.mozilla.org/questions/1416704,,,,,,,,,4,true,14.72,False,
1416712,2023-06-24T22:40:17Z,2023-06-24,en-US,settings,customize;,,email alert,https://support.mozilla.org/questions/1416712,,,,,,,,,5,true,6.12,True,
1416717,2023-06-25T01:36:35Z,2023-06-25,it,other,other;,,Non riesco a configurare Thunderbird con account Gmail,https://support.mozilla.org/questions/1416717,,,,,m:gmail,,proto:imap,,1,true,5.09,False,
1416719,2023-06-25T03:56:54Z,2023-06-25,en-US,settings,customize;,,Variable fonts on email,https://support.mozilla.org/questions/1416719,,,,,,,,,4,true,0.52,False,
1416738,2023-06-25T08:50:32Z,2023-06-25,it,installation-and-updates,download-and-install_1;,astila36,Importazione accounts gmail dafile zip,https://support.mozilla.org/questions/1416738,,,,,m:gmail,,,,5,true,0.22,True,'@next
1416744,2023-06-25T10:19:02Z,2023-06-25,en-US,other,other;,sclaes,How to unmark multiple e-mails,https://support.mozilla.org/questions/1416744,,,,,,,,,2,true,0.25,True,Chicks_Hate_Me
1416746,2023-06-25T10:29:44Z,2023-06-25,en-US,other,other;,ethanw1,"Lost emails, lost attachments",https://support.mozilla.org/questions/1416746,,,,,,,,,20,true,2.38,False,
1416751,2023-06-25T12:54:19Z,2023-06-25,en-US,other,other;,dieter76,Email Signatures,https://support.mozilla.org/questions/1416751,,,,,,,,,2,true,4.37,False,
1416754,2023-06-25T13:30:58Z,2023-06-25,en-US,troubleshooting,fix-problems;,,NOTHING ON MOZILLA ADDS MY MAIL WHERE IS THE HELP,https://support.mozilla.org/questions/1416754,,,,,,,,,2,true,3.2,False,
1416761,2023-06-25T16:58:26Z,2023-06-25,en-US,other,other;,jansvec,Changing ISP from Mediacom to Google Fiber.,https://support.mozilla.org/questions/1416761,,,,,m:gmail,isp:mediacom,,,1,true,2.23,False,
1416763,2023-06-25T17:15:16Z,2023-06-25,en-US,other,other;,loui1,Thunderbird will not download messages in Inbox on GoDaddy (Office 365),https://support.mozilla.org/questions/1416763,,,,,m:microsoftemail,,,,3,true,0.1,False,
1416768,2023-06-25T18:22:48Z,2023-06-25,en-US,other,other;,user127314555869425806539341953541334625690,Forwarding All Emails From Thunderbird to Gmail (Google Workspace),https://support.mozilla.org/questions/1416768,,,,,m:gmail,,,,1,true,0.74,False,
1416769,2023-06-25T18:33:44Z,2023-06-25,en-US,settings,customize;,Rosie.Oh.Rosie,How do I send junk emails to the Junk email box?,https://support.mozilla.org/questions/1416769,,,,,,,,,1,true,0.09,False,
1416770,2023-06-25T18:42:36Z,2023-06-25,en-US,troubleshooting,fix-problems;,patnsandy,need to reboot computer often SOLVED caused by McAfee,https://support.mozilla.org/questions/1416770,,,,,,,,av:mcafee,3,true,8.66,False,
1416773,2023-06-25T20:34:33Z,2023-06-25,en-US,other,other;,karl77,compacted emails,https://support.mozilla.org/questions/1416773,,,,,,,,,1,true,7.35,False,
1416781,2023-06-26T00:16:12Z,2023-06-26,it,troubleshooting,fix-problems;,a.nati,Thunderbid è diventato estremamente lento,https://support.mozilla.org/questions/1416781,,,,,,,,,9,true,0.46,False,
1416782,2023-06-26T00:26:24Z,2023-06-26,en-US,installation-and-updates,download-and-install_1;,tcabrowne,broadband provider is closing down,https://support.mozilla.org/questions/1416782,,,,,m:gmail,,,,1,true,3.47,False,
1416786,2023-06-26T01:29:11Z,2023-06-26,it,troubleshooting,fix-problems;,miko81259,Hotmail - Aggiungere account,https://support.mozilla.org/questions/1416786,,,,,m:microsoftemail,,,,1,true,0.06,False,
1416796,2023-06-26T05:32:44Z,2023-06-26,en-US,settings,customize;,scy321,Spell check settings before sending,https://support.mozilla.org/questions/1416796,os:windows,,,,,,,,1,true,3.18,True,davidsk
1416798,2023-06-26T05:45:28Z,2023-06-26,en-US,troubleshooting,fix-problems;,peoplemover1,"I delete emails from my inbox, and they reappear within 2 seconds.",https://support.mozilla.org/questions/1416798,,,,,,,,,1,true,18.22,False,
1416803,2023-06-26T06:38:47Z,2023-06-26,en-US,settings,customize;,nicolasjosephshanks,How to use MegaBird or MEGA for Filelink,https://support.mozilla.org/questions/1416803,,,,,,,,,3,true,5.18,False,
1416807,2023-06-26T07:23:35Z,2023-06-26,en-US,other,other;,nick.smith,Unable to write the email to the mailbox,https://support.mozilla.org/questions/1416807,os:windows,,,,m:gmail,,,,3,true,15.73,False,
1416811,2023-06-26T08:28:59Z,2023-06-26,it,troubleshooting,fix-problems;,ftamburrano,Sender replaced by the destinatary (so sender is missing); error message at the bottom; strange format (see two pictures,https://support.mozilla.org/questions/1416811,,,,,,,,,1,true,0.35,False,
1416812,2023-06-26T08:37:24Z,2023-06-26,en-US,privacy-and-security,privacy-and-security_1;,pierre40,Security Certification and Port 2080,https://support.mozilla.org/questions/1416812,,,,,,,proto:caldav,,1,false,,True,pierre40
1416823,2023-06-26T10:28:59Z,2023-06-26,en-US,other,other;,jbrazell,Old keeper file,https://support.mozilla.org/questions/1416823,,,,,,,,,0,false,,False,
1416827,2023-06-26T11:01:36Z,2023-06-26,es,troubleshooting,fix-problems;,,Problem With RSS,https://support.mozilla.org/questions/1416827,,,,,,,,,3,true,7.13,False,
1416833,2023-06-26T12:09:01Z,2023-06-26,en-US,installation-and-updates,download-and-install_1;,jay75,Using microsoft exchange,https://support.mozilla.org/questions/1416833,,,,,m:microsoftemail,,proto:imap;proto:pop,,1,true,0.1,False,
1416838,2023-06-26T12:56:36Z,2023-06-26,en-US,other,other;,hoffd002,Can receive but can't send email.,https://support.mozilla.org/questions/1416838,,,,,,,,,0,false,,False,
1416846,2023-06-26T13:48:15Z,2023-06-26,en-US,installation-and-updates,download-and-install_1;,debbie.powell111,Thunderbird from Microsoft store not working - data lost,https://support.mozilla.org/questions/1416846,,,,,,,,,1,true,9.82,False,
1416850,2023-06-26T14:43:18Z,2023-06-26,en-US,tips-and-tricks,desktop;other;windows-10;firefox-1140;firefox-11402;,loui1,"Email setting on Thunderbird - I can SEND email, but I cannot RECEIVE any -- except on webmail.",https://support.mozilla.org/questions/1416850,os:windows,Windows 10,,,m:microsoftemail,,,,0,false,,False,
1416851,2023-06-26T14:54:25Z,2023-06-26,en-US,other,other;,kweaver1,Can no longer send mail from thunderbird to mail.twc.com,https://support.mozilla.org/questions/1416851,,,,,m:microsoftemail,isp:spectrum,proto:smtp,,3,true,7.95,True,kweaver1
1416852,2023-06-26T14:59:36Z,2023-06-26,en-US,settings,customize;,gordon.lack,"How can I make my Composition window look like my Reader one, without forcing that onto recipients?",https://support.mozilla.org/questions/1416852,,,,,,,,,16,true,14.42,True,gordon.lack
1416856,2023-06-26T15:50:33Z,2023-06-26,en-US,troubleshooting,fix-problems;,gusn100,getting authentication requests for cancelled account,https://support.mozilla.org/questions/1416856,os:macos,,,,,,proto:imap,,12,true,13.46,False,
1416861,2023-06-26T17:33:55Z,2023-06-26,en-US,other,other;,forrest.lowe,Saving passwords,https://support.mozilla.org/questions/1416861,os:windows,,,,,,,av:mcafee,3,true,11.8,False,
1416867,2023-06-26T21:01:00Z,2023-06-26,en-US,calendar,calendar;,craig92,Trouble seeing events using thunderbird calendar with caldav connecting to sogo server,https://support.mozilla.org/questions/1416867,os:windows,,,,,,proto:caldav,,0,false,,False,
1416869,2023-06-26T21:41:24Z,2023-06-26,en-US,troubleshooting,fix-problems;,morten7,Maximum number of connections from user-IP exceeded (IMAP),https://support.mozilla.org/questions/1416869,,,,,,,proto:imap,,2,true,7.66,True,davidsk
1416881,2023-06-27T00:17:35Z,2023-06-27,en-US,troubleshooting,fix-problems;,rkmcdonald,Running Mac OS 13.4.1 and Thunderbird 102.12.0 the Space bar and Return key on the keyboard of my iMac no longer work,https://support.mozilla.org/questions/1416881,os:macos,,,,,,,,0,false,,False,
1416882,2023-06-27T00:22:06Z,2023-06-27,en-US,other,other;,rokopi,Sent mails are duplicated,https://support.mozilla.org/questions/1416882,os:windows,,,,m:microsoftemail,,,,2,true,137.43,False,
1416887,2023-06-27T00:58:45Z,2023-06-27,en-US,other,other;,pmgilbert,Reply emails,https://support.mozilla.org/questions/1416887,,,,,,,,,3,true,9.1,False,
1416900,2023-06-27T06:21:58Z,2023-06-27,en-US,troubleshooting,fix-problems;,,Email recover - Accidentally clicked clear disk space,https://support.mozilla.org/questions/1416900,,,,,,,,,1,true,96.62,False,
1416902,2023-06-27T07:11:11Z,2023-06-27,it,privacy-and-security,privacy-and-security_1;,ptz.gianni,non e' posssibile connettersi al server imap.tim.it,https://support.mozilla.org/questions/1416902,,,,,,,proto:imap,,1,true,0.82,False,
1416904,2023-06-27T07:49:21Z,2023-06-27,en-US,troubleshooting,fix-problems;,kirei_morizuki,"Thunderbird Notification on Windows 11, message preview not working",https://support.mozilla.org/questions/1416904,os:windows,,,,,,,,3,true,17.3,False,
1416911,2023-06-27T08:41:34Z,2023-06-27,en-US,other,other;,rob.hingley,outgoing mail problem,https://support.mozilla.org/questions/1416911,,,,,m:gmx,,,,1,true,15.29,False,
1416913,2023-06-27T08:42:30Z,2023-06-27,en-US,installation-and-updates,download-and-install_1;,joea-too,setup and connect to mutliple IMAP servers?,https://support.mozilla.org/questions/1416913,,,,,,,proto:imap,,8,true,22.99,False,
1416920,2023-06-27T10:05:32Z,2023-06-27,en-US,other,other;,,Cannot sign into Thunderbird,https://support.mozilla.org/questions/1416920,,,,,,,,,1,true,23.31,False,
1416929,2023-06-27T11:14:31Z,2023-06-27,pt-BR,other,other;,vinicius.antonio76,Thunderbird criando pastas sozinho e impedindo apagar,https://support.mozilla.org/questions/1416929,,,,,,,,,0,false,,False,
1416930,2023-06-27T11:25:13Z,2023-06-27,en-US,other,other;,teknomom,Erasing a group of messages from one sender,https://support.mozilla.org/questions/1416930,,,,,,,,,1,true,20.17,False,
1416932,2023-06-27T11:32:45Z,2023-06-27,en-US,installation-and-updates,download-and-install_1;,condon66,Your Thunderbird profile cannot be loaded. It may be missing or inaccessible.,https://support.mozilla.org/questions/1416932,os:windows,,,,,,,,2,true,22.35,True,davidsk
1416933,2023-06-27T11:43:56Z,2023-06-27,en-US,other,other;,rabbithutch1,Various:  Mostly Passwords; 32 vs 64 Bit; Number of Accounts,https://support.mozilla.org/questions/1416933,,,,,,,,,1,true,20.06,False,
1416939,2023-06-27T13:00:06Z,2023-06-27,en-US,other,other;,rob.hingley,unable to send outgoing mail,https://support.mozilla.org/questions/1416939,,,,,,,,,1,true,12.03,False,
1416944,2023-06-27T14:42:51Z,2023-06-27,en-US,other,other;,rjwrev,Receiving emails,https://support.mozilla.org/questions/1416944,,,,,m:gmail,,,,1,true,15.22,False,
1416945,2023-06-27T14:46:50Z,2023-06-27,en-US,other,other;,chayes23,Thunderbird 102 will not show clickable hyperlinks,https://support.mozilla.org/questions/1416945,,,,,,,,,2,true,9.22,False,
1416949,2023-06-27T15:20:05Z,2023-06-27,en-US,other,other;,FredBerney,Email filter,https://support.mozilla.org/questions/1416949,,,,,,,,,1,true,15.65,False,
1416950,2023-06-27T15:26:04Z,2023-06-27,en-US,tips-and-tricks,desktop;other;windows-81;firefox-1140;firefox-11402;,greenemachine,Thunderbird Email via Spectrum,https://support.mozilla.org/questions/1416950,os:windows,Windows 8.1,,,m:microsoftemail,isp:spectrum,,,2,true,5.48,False,
1416959,2023-06-27T16:00:48Z,2023-06-27,en-US,other,other;,jmil43,Issues with Thunderbird,https://support.mozilla.org/questions/1416959,os:windows,,,,,isp:centurylink,,,8,true,7.96,False,
1416961,2023-06-27T16:21:46Z,2023-06-27,en-US,settings,customize;,,Email signature not displaying,https://support.mozilla.org/questions/1416961,,,,,,,,,3,true,7.59,False,
1416962,2023-06-27T16:38:17Z,2023-06-27,en-US,privacy-and-security,privacy-and-security_1;,goldenyears,2-step verification code problem setting up Gmail,https://support.mozilla.org/questions/1416962,,,,,m:gmail,,,,2,true,7.25,False,
1416964,2023-06-27T16:54:06Z,2023-06-27,en-US,privacy-and-security,privacy-and-security_1;,richard_johnson,*.megamailservers.com,https://support.mozilla.org/questions/1416964,,,,,,,,,1,true,16.03,True,Toad-Hall
1416973,2023-06-27T22:52:38Z,2023-06-27,fi,settings,customize;,jaakko.korjula,Sähköpostin lähettäminen gmail.com osoitteeseen ei onnistu,https://support.mozilla.org/questions/1416973,,,,,m:gmail,,,,0,false,,False,
1416977,2023-06-27T23:20:23Z,2023-06-27,en-US,troubleshooting,fix-problems;,jameswardhesketh,Drafts folder,https://support.mozilla.org/questions/1416977,,,,,,,proto:imap,,3,true,74.31,False,
1416978,2023-06-27T23:24:46Z,2023-06-27,en-US,other,other;,vvld-ml-2020,"question - Portable Thunderbird, emails' location, out of my depth, two questions",https://support.mozilla.org/questions/1416978,,,,,,,,,4,true,5.18,False,
1416986,2023-06-28T02:19:45Z,2023-06-28,en-US,other,other;,jonroberts06,lost the ability to have new mail at top in the new Thunderbird,https://support.mozilla.org/questions/1416986,,,,,,,,,1,true,3.5,False,
1416990,2023-06-28T03:16:51Z,2023-06-28,en-US,other,other;,,I can't open attachments from one mail box,https://support.mozilla.org/questions/1416990,,,,,m:gmail,,,,1,true,67.4,False,
1416991,2023-06-28T03:26:06Z,2023-06-28,es,other,other;needsinfo;,,Correos respondidos o reenviados no se guardan en bandeja enviados,https://support.mozilla.org/questions/1416991,,,,,,,,,1,true,87.33,False,
1416994,2023-06-28T04:34:55Z,2023-06-28,en-US,other,other;,mraman.m,Thunderbird sometimes misses emails in the Gmail account,https://support.mozilla.org/questions/1416994,,,,,m:gmail,,,,2,true,1.18,False,
1416997,2023-06-28T06:44:23Z,2023-06-28,en-US,troubleshooting,fix-problems;,lico44,"This is vague, Thunderbird keeps stopping and not responding.  I Shut off another com app from autocad, but problem stil",https://support.mozilla.org/questions/1416997,,,,,,,,,2,true,64.45,False,
1417000,2023-06-28T07:50:42Z,2023-06-28,en-US,other,other;,lynnechapman,Problem sending emails,https://support.mozilla.org/questions/1417000,,,,,,,,,10,true,2.08,False,
1417006,2023-06-28T08:40:30Z,2023-06-28,cs,other,other;,j.kittler.ml,zapoměl jsem hlavní heslo Thundebiru a nemohu se dostat k svým e-mailům,https://support.mozilla.org/questions/1417006,,,,,,,,,1,true,7.35,False,
1417007,2023-06-28T08:42:53Z,2023-06-28,en-US,troubleshooting,fix-problems;,,Problem with sending messages,https://support.mozilla.org/questions/1417007,os:windows,,,,,,proto:smtp,,2,true,63.09,False,
1417008,2023-06-28T08:50:52Z,2023-06-28,en-US,other,other;,greenemachine,Thunderbird Email via Spectrum,https://support.mozilla.org/questions/1417008,,,,,m:microsoftemail,isp:spectrum,,,1,true,34.04,False,
1417009,2023-06-28T09:18:28Z,2023-06-28,en-US,privacy-and-security,privacy-and-security_1;,bluesgit,Messages come in marked as read,https://support.mozilla.org/questions/1417009,,,,,,,,,1,true,33.51,False,
1417014,2023-06-28T11:06:33Z,2023-06-28,en-US,troubleshooting,fix-problems;,cmb1,Inbox sub-folders disappear,https://support.mozilla.org/questions/1417014,,,,,,,,,2,true,31.67,False,
1417018,2023-06-28T11:58:07Z,2023-06-28,en-US,other,other;,louis44,Donate website and email when I sign on to Thunderbird,https://support.mozilla.org/questions/1417018,,,,,,,,,1,true,0.56,False,
1417022,2023-06-28T13:49:13Z,2023-06-28,en-US,settings,customize;,,Recipient gets marked as spam no matter what I do,https://support.mozilla.org/questions/1417022,,,,,,,,,3,true,17.95,True,Toad-Hall
1417024,2023-06-28T14:14:40Z,2023-06-28,en-US,other,other;,maroroy,Cannot login to Thunderbird email,https://support.mozilla.org/questions/1417024,,,,,,isp:centurylink,,,3,true,16.66,False,
1417026,2023-06-28T14:22:02Z,2023-06-28,en-US,other,other;,,"Trying to install Thunderbird on computer with new Windows. Have two email accounts, cannot get bugs out. If I can compl",https://support.mozilla.org/questions/1417026,,,,,,,,,1,true,15.75,False,
1417028,2023-06-28T14:35:55Z,2023-06-28,en-US,tips-and-tricks,desktop;other;windows-10;firefox-1140;,jraser,Thunderbird not allowing reply message at top option,https://support.mozilla.org/questions/1417028,os:windows,Windows 10,,,m:microsoftemail,,,,4,true,13.74,False,
1417030,2023-06-28T14:42:32Z,2023-06-28,en-US,other,other;,gartley,send doc from Libreoffice,https://support.mozilla.org/questions/1417030,,,,,,,,,3,true,3.39,False,
1417032,2023-06-28T15:24:47Z,2023-06-28,en-US,calendar,calendar;,rafael8a,how to search inside an event?,https://support.mozilla.org/questions/1417032,,,,,,,,,1,true,87.49,False,
1417036,2023-06-28T16:25:55Z,2023-06-28,es,installation-and-updates,download-and-install_1;,,Pasar mails de una copia de seguridad a un nuevo mail,https://support.mozilla.org/questions/1417036,,,,,,,proto:imap;proto:pop,,1,true,74.28,False,
1417037,2023-06-28T16:51:56Z,2023-06-28,en-US,troubleshooting,fix-problems;,fhoran1,New Mail Notification in taskbar??,https://support.mozilla.org/questions/1417037,,,,,,,,,9,true,11.36,False,
1417043,2023-06-28T18:54:42Z,2023-06-28,en-US,other,other;,lyttle.joan,deleting and unsubscribing,https://support.mozilla.org/questions/1417043,,,,,,,,,3,true,10.4,False,
1417052,2023-06-28T22:27:45Z,2023-06-28,en-US,privacy-and-security,privacy-and-security_1;,,my password stopped working  and there is no way to fix it,https://support.mozilla.org/questions/1417052,,,,,m:microsoftemail,,,,1,true,5.78,False,
1417056,2023-06-29T00:39:16Z,2023-06-29,en-US,settings,customize;,,autoanswer,https://support.mozilla.org/questions/1417056,,,,,,,,,1,true,3.5,False,
1417057,2023-06-29T00:59:57Z,2023-06-29,it,troubleshooting,fix-problems;,,"visualizzazione e salvataggio file da thunderbird da un account non possibile, dall'altro si",https://support.mozilla.org/questions/1417057,,,,,,,,,2,true,1.37,False,
1417058,2023-06-29T01:07:49Z,2023-06-29,it,other,other;,ulissedaitaca54,ho un problema,https://support.mozilla.org/questions/1417058,os:windows,,,,m:gmail,,proto:imap,,1,true,1.21,False,
1417068,2023-06-29T05:48:57Z,2023-06-29,en-US,tips-and-tricks,desktop;other;windows-11;firefox-1140;firefox-11402;,,I CANT  SEND MESSAGES  TO GMAIL    AND MY MESSAGES GOES TO SPAM,https://support.mozilla.org/questions/1417068,os:windows,Windows 11,,,m:gmail,,,,1,true,0.43,False,
1417069,2023-06-29T05:50:31Z,2023-06-29,en-US,tips-and-tricks,desktop;other;windows-11;firefox-1140;firefox-11402;,,Unable to send email messages to Gmail,https://support.mozilla.org/questions/1417069,os:windows,Windows 11,,,m:gmail,,,,3,true,0.35,False,
1417081,2023-06-29T07:31:43Z,2023-06-29,en-US,troubleshooting,fix-problems;,,Thunderbird - unavailable to add another wordlist for the spell check,https://support.mozilla.org/questions/1417081,,,,,,,,,3,true,11.11,False,
1417083,2023-06-29T07:48:35Z,2023-06-29,en-US,settings,customize;needsinfo;,,thunderbird,https://support.mozilla.org/questions/1417083,,,,,,,,,1,true,2.36,False,
1417087,2023-06-29T08:11:59Z,2023-06-29,en-US,other,other;,johnc48,Return mails,https://support.mozilla.org/questions/1417087,,,,,m:gmail,,,,16,true,1.81,True,johnc48
1417088,2023-06-29T08:14:58Z,2023-06-29,en-US,calendar,calendar;,carlwark,Google Task sync with Thunderbird,https://support.mozilla.org/questions/1417088,,,,,,,proto:caldav,,3,true,10.33,True,MattAuSupport
1417098,2023-06-29T10:38:49Z,2023-06-29,en-US,settings,customize;,y112,Deletion options absent,https://support.mozilla.org/questions/1417098,,,,,,,proto:imap,,6,true,0.48,True,y112
1417100,2023-06-29T10:56:47Z,2023-06-29,en-US,installation-and-updates,download-and-install_1;,firefox2367,Adding additional email accounts,https://support.mozilla.org/questions/1417100,os:windows,,,,,,,,11,true,0.12,False,
1417101,2023-06-29T11:02:38Z,2023-06-29,en-US,other,other;,dbarber1015,Cannot configure yahoo mail on MacOS Ventura with Thunderbird,https://support.mozilla.org/questions/1417101,os:macos,,,,m:yahooemail,,proto:smtp;proto:pop,,3,true,0.34,True,davidsk
1417103,2023-06-29T11:14:24Z,2023-06-29,en-US,tips-and-tricks,desktop;download-and-install_1;,,Can’t send or receive email,https://support.mozilla.org/questions/1417103,,,,,,,,,1,true,0.87,False,
1417104,2023-06-29T11:29:09Z,2023-06-29,en-US,privacy-and-security,privacy-and-security_1;,,Unable to Access My Account,https://support.mozilla.org/questions/1417104,,,,,,,,,1,true,0.73,False,
1417110,2023-06-29T13:41:20Z,2023-06-29,en-US,installation-and-updates,download-and-install_1;,RodB,Importing PST,https://support.mozilla.org/questions/1417110,os:windows,,,,m:microsoftemail,,,,1,true,4.73,False,
1417112,2023-06-29T14:32:22Z,2023-06-29,en-US,other,other;,MikeA01730,A Few Message Filters Not Working,https://support.mozilla.org/questions/1417112,,,,,,,,,4,true,34.79,True,christ1
1417113,2023-06-29T14:39:56Z,2023-06-29,en-US,other,other;,stonetiv,EMAIL,https://support.mozilla.org/questions/1417113,,,,,,isp:cox,,,11,true,38.8,False,
1417118,2023-06-29T15:35:40Z,2023-06-29,pt-BR,troubleshooting,fix-problems;,ramiro.br,Decodificação base64,https://support.mozilla.org/questions/1417118,,,,,,,,,0,false,,False,
1417119,2023-06-29T15:46:12Z,2023-06-29,en-US,other,other;,mmcveigh,Thunderbird contact data cache shows old data,https://support.mozilla.org/questions/1417119,,,,,,,,,1,true,2.5,True,MattAuSupport
1417126,2023-06-29T18:25:59Z,2023-06-29,en-US,troubleshooting,fix-problems;,camerojo,Very slow Thunderbird start up - even in Trouble Shoot mode,https://support.mozilla.org/questions/1417126,os:macos,,,,,,,,2,true,60.8,False,
1417128,2023-06-29T19:12:31Z,2023-06-29,en-US,installation-and-updates,download-and-install_1;,timwillms,Thunderbird 102,https://support.mozilla.org/questions/1417128,os:windows,,,,m:microsoftemail,,,,1,true,9.32,False,
1417133,2023-06-29T20:50:58Z,2023-06-29,en-US,other,other;,,Can’t send emails,https://support.mozilla.org/questions/1417133,,,,,,,,,1,true,10.58,False,
1417134,2023-06-29T21:37:10Z,2023-06-29,en-US,settings,customize;,,Config editor missing in Thunderbird,https://support.mozilla.org/questions/1417134,os:linux,,,,,,,,1,true,6.76,False,
1417139,2023-06-29T23:24:03Z,2023-06-29,en-US,troubleshooting,fix-problems;,vishap,Undo (ctrl+Z) deletes entire paragraphs after inserting a text from MS Word,https://support.mozilla.org/questions/1417139,,,,,,,,,4,true,7.82,False,
1417141,2023-06-30T01:46:41Z,2023-06-30,it,installation-and-updates,download-and-install_1;,benati,Ho un problema,https://support.mozilla.org/questions/1417141,,,,,,,,,1,true,0.73,False,
1417142,2023-06-30T01:49:02Z,2023-06-30,en-US,other,other;,johnwoo3,Deleting an email account,https://support.mozilla.org/questions/1417142,,,,,,,,,1,true,2.61,False,
1417143,2023-06-30T01:52:40Z,2023-06-30,en-US,other,other;,jedrzej.dudkiewicz,Unignore message,https://support.mozilla.org/questions/1417143,,,,,,,,,3,true,4.66,False,
1417144,2023-06-30T02:15:27Z,2023-06-30,en-US,other,other;,,Attach terms and conditions by default?,https://support.mozilla.org/questions/1417144,,,,,,,,,1,true,2.1,False,
1417145,2023-06-30T02:43:27Z,2023-06-30,en-US,calendar,calendar;,ruria,Due calendar event missed,https://support.mozilla.org/questions/1417145,,,,,,,proto:caldav,,1,true,19.92,False,
1417148,2023-06-30T03:46:02Z,2023-06-30,it,troubleshooting,fix-problems;,basti35,"L'installazione di thunderbird su dual boot, che punta allo stesso profilo causa problemi al gestore delle password",https://support.mozilla.org/questions/1417148,os:linux,,,,,,,,3,true,3.69,False,
1417149,2023-06-30T04:01:00Z,2023-06-30,it,other,other;,,Problema cancellazione email,https://support.mozilla.org/questions/1417149,,,,,,,proto:imap,,1,true,3.5,False,
1417154,2023-06-30T05:17:17Z,2023-06-30,en-US,settings,customize;,hutch10,Inbox does not display sender’s email address,https://support.mozilla.org/questions/1417154,,,,,,,,,22,true,0.22,True,Toad-Hall
1417156,2023-06-30T05:58:29Z,2023-06-30,en-US,other,other;,dennis107,Junk processing in new install,https://support.mozilla.org/questions/1417156,,,,,,,,,7,true,4.36,False,
1417172,2023-06-30T10:54:13Z,2023-06-30,en-US,other,other;,bob.wakerell,Thunderbird email,https://support.mozilla.org/questions/1417172,,,,,,,proto:imap,,1,true,11.72,False,
1417173,2023-06-30T11:11:26Z,2023-06-30,en-US,other,other;,karena6,Hello.  I am not getting the content of emails.  How do I fix this?  Thank you.,https://support.mozilla.org/questions/1417173,,,,,,,,,1,true,11.42,False,
1417174,2023-06-30T11:12:35Z,2023-06-30,en-US,troubleshooting,fix-problems;,irwinfox,Sign in requesting password.  Password which worked in past is not accepted and can't change.,https://support.mozilla.org/questions/1417174,,,,,,,proto:imap;proto:pop,,1,true,3.27,False,
1417176,2023-06-30T11:22:44Z,2023-06-30,en-US,calendar,calendar;,,thunderbird calendar,https://support.mozilla.org/questions/1417176,,,,,,,,,3,true,11.23,False,
1417179,2023-06-30T11:50:34Z,2023-06-30,en-US,other,other;,jlicheniak,the post office is malfunctioning,https://support.mozilla.org/questions/1417179,os:windows,,,,,,,,1,true,10.24,False,
1417182,2023-06-30T12:18:30Z,2023-06-30,en-US,other,other;,elliottjonesdc,thunderbird address list,https://support.mozilla.org/questions/1417182,,,,,,,,,1,true,2.05,False,
1417186,2023-06-30T14:10:07Z,2023-06-30,en-US,other,other;,g.mehler,email,https://support.mozilla.org/questions/1417186,,,,,m:microsoftemail,,,,1,true,7.86,False,
1417188,2023-06-30T14:24:52Z,2023-06-30,en-US,other,other;,rabbithutch1,Email Passwords,https://support.mozilla.org/questions/1417188,,,,,,,,,3,true,7.03,False,
1417189,2023-06-30T14:29:30Z,2023-06-30,it,other,other;,borgognigm,Come usare i filri su thunderbird,https://support.mozilla.org/questions/1417189,,,,,,,,,1,true,8.24,False,
1417193,2023-06-30T16:07:47Z,2023-06-30,en-US,other,other;,rabbithutch1,Adding a New Gmail Account to Thunderbird,https://support.mozilla.org/questions/1417193,os:windows,,,,m:gmail,,proto:imap,,4,true,4.89,False,
1417199,2023-06-30T16:56:27Z,2023-06-30,en-US,installation-and-updates,download-and-install_1;,rich98,Missing Archive,https://support.mozilla.org/questions/1417199,,,,,,,,,3,true,3.29,False,
