id,created,created_date,locale,topic,tags,creator,title,question_url,os,os_raw,macos_release,tb_version,tb_version_major,mail_provider,protocol,av,num_answers,is_answered,first_answer_hours,is_solved,solved_by
1432573,2023-12-01T00:12:52.154218Z,2023-12-01,en-US,other,other;,bill328,Email Dates,https://support.mozilla.org/questions/1432573,,,,,,,,,1,true,4.73,False,
1432575,2023-12-01T00:18:12.734865Z,2023-12-01,en-US,other,other;,ian208,Updating server setting in Thunderbird reverts with restart (win10),https://support.mozilla.org/questions/1432575,os:windows,,,,,,proto:smtp,,4,true,4.62,True,ian208
1432576,2023-12-01T00:25:57.635661Z,2023-12-01,en-US,other,other;,waleed.smari,Unable to download my emails to Thunderbird client on my laptop,https://support.mozilla.org/questions/1432576,,,,,,m:yahooemail,proto:pop,,0,false,,False,
1432579,2023-12-01T00:54:46.401712Z,2023-12-01,en-US,other,other;,Stroh5885,Problem with filters on Thunderbird,https://support.mozilla.org/questions/1432579,,,,,,,,,1,true,3.93,False,
1432582,2023-12-01T01:49:25.398602Z,2023-12-01,en-US,installation-and-updates,download-and-install_1;,skorion,"C/Windows drive wiped, need to recover my emails",https://support.mozilla.org/questions/1432582,,,,,,,,,2,true,11.45,True,davidsk
1432586,2023-12-01T03:02:49.617811Z,2023-12-01,es,other,other;,roegomez,Asunto: Problema con el formato HTML en Thunderbird - ¿Puedo compartir el código?,https://support.mozilla.org/questions/1432586,,,,,,,,,1,true,20.54,False,
1432587,2023-12-01T03:19:06.697198Z,2023-12-01,en-US,other,other;,71bison,no incoming messages,https://support.mozilla.org/questions/1432587,,,,,,m:gmail,,,1,true,1.4,False,
1432590,2023-12-01T06:15:14.289623Z,2023-12-01,en-US,other,other;,CRYSTALONICE888,Can someone tell me how to retrieve the contents I lost in the draft folder.,https://support.mozilla.org/questions/1432590,,,,,,,,,1,true,2.1,False,
1432592,2023-12-01T07:32:00.581714Z,2023-12-01,cs,settings,customize;,pracejaro,Automatické přikládání příloh do mailu,https://support.mozilla.org/questions/1432592,,,,,,,,,6,true,2.33,True,luka7
1432593,2023-12-01T08:23:20.396603Z,2023-12-01,it,privacy-and-security,privacy-and-security_1;,enrico.fermo,Proteggere un profilo Thunderbird con password,https://support.mozilla.org/questions/1432593,,,,,,,,,3,true,1.28,False,
1432603,2023-12-01T10:21:30.870584Z,2023-12-01,en-US,calendar,calendar;,bernd.heinen,Thunderbird Calendar,https://support.mozilla.org/questions/1432603,os:windows,,,,,,,,0,false,,False,
1432604,2023-12-01T11:05:07.085172Z,2023-12-01,en-US,settings,customize;,m.spongberg,Settings General Label (Inställningar Allmänt Etikett in swedish),https://support.mozilla.org/questions/1432604,,,,,,,proto:imap,,0,false,,False,
1432607,2023-12-01T11:34:51.203203Z,2023-12-01,en-US,other,other;,bthd,Empty Column,https://support.mozilla.org/questions/1432607,,,,,,,,,2,true,312.35,False,
1432608,2023-12-01T11:53:01.345973Z,2023-12-01,en-US,calendar,calendar;,peter.ganzhorn,Unable to import .ics file that was exported by thunderbird,https://support.mozilla.org/questions/1432608,os:linux,,,,,,,,0,false,,False,
1432610,2023-12-01T12:08:10.207526Z,2023-12-01,en-US,troubleshooting,fix-problems;,YH_Soubriquet,email receive & send problems on multiple accounts after automatic update,https://support.mozilla.org/questions/1432610,os:windows,,,,,m:gmail;m:microsoftemail;m:yahooemail,proto:imap;proto:smtp;proto:oauth,av:avast,7,true,14.01,False,
1432611,2023-12-01T12:17:08.105573Z,2023-12-01,en-US,installation-and-updates,download-and-install_1;,Martÿn,Is it possible to use a shared Gmail inbox with Thunderbird?,https://support.mozilla.org/questions/1432611,,,,,,m:gmail,proto:imap;proto:oauth,,3,true,3.81,False,
1432612,2023-12-01T12:17:49.586862Z,2023-12-01,en-US,other,other;,kaitmmnn,Thunderbird 115.5.1 and Gmail 2023,https://support.mozilla.org/questions/1432612,,,,,,m:gmail;m:microsoftemail,,,2,true,2.59,False,
1432613,2023-12-01T12:27:10.107160Z,2023-12-01,en-US,settings,customize;,cubictetric,Create a folder as a filter action.,https://support.mozilla.org/questions/1432613,,,,,,,,,2,true,11.02,False,
1432614,2023-12-01T12:51:12.008060Z,2023-12-01,en-US,other,other;,sebulba,Folder doesnt display messages,https://support.mozilla.org/questions/1432614,,,,,,,,,0,false,,False,
1432615,2023-12-01T13:17:02.207249Z,2023-12-01,en-US,other,other;,jeffrey.croft,Delete are filtering to local Folder,https://support.mozilla.org/questions/1432615,,,,,,m:gmail,,,1,true,1.7,False,
1432616,2023-12-01T13:22:45.954212Z,2023-12-01,en-US,settings,customize;,steven15,Showing Tasks in Calendar,https://support.mozilla.org/questions/1432616,,,,,,,,,1,true,6.68,True,sfhowes
1432618,2023-12-01T13:53:17.177151Z,2023-12-01,en-US,troubleshooting,fix-problems;,mikezw08,Loss of all folders in Thunderbird,https://support.mozilla.org/questions/1432618,,,,,,,,,3,true,1.37,False,
1432620,2023-12-01T13:56:13.299458Z,2023-12-01,en-US,troubleshooting,fix-problems;,jbowerbir,changing synchronizing settings - what happens to already downloaded messages,https://support.mozilla.org/questions/1432620,,,,,,,proto:imap,,0,false,,False,
1432622,2023-12-01T14:33:59.185142Z,2023-12-01,en-US,other,other;,carol.vd.hall,causing system to loose printers,https://support.mozilla.org/questions/1432622,,,,,,,,,0,false,,False,
1432626,2023-12-01T15:40:18.870434Z,2023-12-01,en-US,other,other;,hilltopbodyshop,emails wont send,https://support.mozilla.org/questions/1432626,,,,,,,,,15,true,0.31,False,
1432628,2023-12-01T16:17:50.956317Z,2023-12-01,en-US,other,other;,yesyves,Getting duplicated messages with Outlook account,https://support.mozilla.org/questions/1432628,os:macos,,macos:sonoma,,,m:gmail;m:microsoftemail,,,5,true,1.01,False,
1432636,2023-12-01T16:56:43.886896Z,2023-12-01,en-US,calendar,calendar;,cwensink,No importable items found when trying to import .ics file into new TB Profile,https://support.mozilla.org/questions/1432636,,,,,,,,,0,false,,False,
1432642,2023-12-01T17:48:21.656247Z,2023-12-01,it,other,other;needsinfo;,sauro.travaglioli,6 mesi di mail Gmail perse,https://support.mozilla.org/questions/1432642,,,,,,m:gmail,,,2,true,0.8,False,
1432648,2023-12-01T18:11:13.379136Z,2023-12-01,en-US,other,other;,jeanbrody,codes showing in emails,https://support.mozilla.org/questions/1432648,,,,,,,,,1,true,7.92,False,
1432650,2023-12-01T18:26:09.828972Z,2023-12-01,en-US,other,other;,cporan,Archive is not working properly.,https://support.mozilla.org/questions/1432650,os:windows,,,,,,,,1,false,,False,
1432652,2023-12-01T18:37:27.424505Z,2023-12-01,en-US,calendar,calendar;,47rvd7ddfz,How to sync Thunderbird Calendar with CALENDAR on Imac,https://support.mozilla.org/questions/1432652,,,,,,,,,1,true,1.33,False,
1432653,2023-12-01T18:38:34.103140Z,2023-12-01,en-US,other,other;,lbmann,Mail delivery failed: returning message to sender,https://support.mozilla.org/questions/1432653,,,,,,,,,1,true,4.38,False,
1432654,2023-12-01T18:42:33.273662Z,2023-12-01,en-US,installation-and-updates,download-and-install_1;,joshbenin,Thunderbird 115 - Local Folders missing.,https://support.mozilla.org/questions/1432654,,,,,,,,,0,false,,False,
1432655,2023-12-01T18:43:00.478150Z,2023-12-01,en-US,settings,customize;,mspiegel,suggestions to make choosing text color easier,https://support.mozilla.org/questions/1432655,,,,,,,,,3,true,1.22,True,MattAuSupport
1432656,2023-12-01T18:43:06.606420Z,2023-12-01,en-US,privacy-and-security,privacy-and-security_1;,dvd.kvd,Changed password in Juno pop mail & cannot get Thunderbird to download my email anymore,https://support.mozilla.org/questions/1432656,,,,,,,proto:pop,,4,true,1.28,True,dvd.kvd
1432657,2023-12-01T18:45:54.644712Z,2023-12-01,es,troubleshooting,fix-problems;,spicapan,josé  maría,https://support.mozilla.org/questions/1432657,,,,,,,proto:imap;proto:pop,,1,true,4.67,False,
1432663,2023-12-01T19:20:00.022211Z,2023-12-01,en-US,other,other;,rjwood920,Unable to send emails,https://support.mozilla.org/questions/1432663,,,,,,m:verizon,proto:smtp,,1,true,0.53,False,
1432667,2023-12-01T19:57:47.550887Z,2023-12-01,it,troubleshooting,fix-problems;needsinfo;,studio.ingsaba,thunderbird mal funzionante in windows 11,https://support.mozilla.org/questions/1432667,os:windows,,,,,m:gmail,,,1,true,16.49,False,
1432669,2023-12-01T20:04:30.285637Z,2023-12-01,en-US,other,other;,Jerryser,Suddenly Thuinderbird stopped recognizing my password or I lost my password.  How can I recover my password.  I've looke,https://support.mozilla.org/questions/1432669,,,,,,,,,1,true,2.9,False,
1432671,2023-12-01T20:17:52.272356Z,2023-12-01,en-US,troubleshooting,fix-problems;,kotarmar,komunikat przy próbie wyslania wiadomości,https://support.mozilla.org/questions/1432671,,,,,,,,,0,false,,False,
1432673,2023-12-01T20:59:44.316413Z,2023-12-01,en-US,settings,customize;,lotsofjoy,Is there a way to hide the subfolders other than inbox for gmail?,https://support.mozilla.org/questions/1432673,,,,,,m:gmail,,,9,true,1.93,True,sfhowes
1432674,2023-12-01T21:04:06.861602Z,2023-12-01,en-US,other,other;,peter.sak,Can not get  my e-mail on Thunderbird at all,https://support.mozilla.org/questions/1432674,,,,,,,,,1,true,1.88,False,
1432680,2023-12-01T22:18:59.793687Z,2023-12-01,it,other,other;,sauro.travaglioli,6 mesi di mail perse,https://support.mozilla.org/questions/1432680,,,,,,,proto:imap,,5,true,9.05,False,
1432683,2023-12-01T22:28:57.541263Z,2023-12-01,en-US,privacy-and-security,privacy-and-security_1;,glrider7,changing password in Thunderbird,https://support.mozilla.org/questions/1432683,,,,,,,,,1,false,,False,
1432687,2023-12-01T22:55:01.602850Z,2023-12-01,en-US,troubleshooting,fix-problems;,joulellis04,Downloading entire inbox,https://support.mozilla.org/questions/1432687,,,,,,,,,1,true,44.56,False,
1432688,2023-12-01T23:26:35.223939Z,2023-12-01,en-US,privacy-and-security,privacy-and-security_1;,kairos422,Why do I have to reenter all my details is this a scam,https://support.mozilla.org/questions/1432688,,,,,,,,,1,true,20.82,False,
1432689,2023-12-01T23:32:40.322042Z,2023-12-01,en-US,settings,customize;,Onlyforquestions,How do I stop collapsed threads from expanding when I return to a mail folder?,https://support.mozilla.org/questions/1432689,,,,,,,,,0,false,,False,
1432692,2023-12-02T01:59:16.811276Z,2023-12-02,en-US,troubleshooting,fix-problems;,sonjonev,Thunderbird Primary Password Help,https://support.mozilla.org/questions/1432692,,,,,,m:bigpond,,,2,true,17.59,False,
1432693,2023-12-02T02:27:20.032768Z,2023-12-02,en-US,installation-and-updates,download-and-install_1;,spaceknight2,Unable to install addons in Thunderbird 115,https://support.mozilla.org/questions/1432693,os:linux,,,,,,,,10,true,9.99,False,
1432695,2023-12-02T04:37:32.379864Z,2023-12-02,en-US,settings,customize;,rjp7,overi-ride yahoo spam filter,https://support.mozilla.org/questions/1432695,,,,,,m:yahooemail,,,2,true,4.62,False,
1432698,2023-12-02T05:50:24.512277Z,2023-12-02,en-US,troubleshooting,fix-problems;,tahmoor223,When I click (compose) 'New Message' the new message window auto minimizes to the Task Bar,https://support.mozilla.org/questions/1432698,os:windows,,,,,,,,4,true,13.63,True,tahmoor223
1432702,2023-12-02T08:39:42.239594Z,2023-12-02,en-US,troubleshooting,fix-problems;,tml1988,Thunderbird crashes on startup,https://support.mozilla.org/questions/1432702,,,,,,,,,3,true,1.08,False,
1432703,2023-12-02T08:44:02.234595Z,2023-12-02,en-US,troubleshooting,fix-problems;,andreas.hagmeier,"Thunderbird hangs, when trying to add a hyperlink to a graphic",https://support.mozilla.org/questions/1432703,,,,,,,,,1,true,1.03,False,
1432704,2023-12-02T08:58:15.517581Z,2023-12-02,en-US,troubleshooting,fix-problems;tb115readstatus;,woodringer,Since the new edition was launched when going to look at newly in emails they do not always instantly go from bold to no,https://support.mozilla.org/questions/1432704,,,,,,,,,2,true,123.71,False,
1432707,2023-12-02T09:33:58.298002Z,2023-12-02,tr,other,other;,aktepe6035,lokal folderlar kayboldu,https://support.mozilla.org/questions/1432707,,,,,,,,,2,true,5.81,True,aktepe6035
1432709,2023-12-02T10:18:39.639117Z,2023-12-02,en-US,other,other;,bondts31,e-mail,https://support.mozilla.org/questions/1432709,,,,,,,,,1,true,0.2,False,
1432711,2023-12-02T11:05:33.409812Z,2023-12-02,en-US,troubleshooting,fix-problems;,akashk1,Mail Address Auto Suggestion,https://support.mozilla.org/questions/1432711,,,,,,,,,2,true,2.46,False,
1432712,2023-12-02T11:32:04.555504Z,2023-12-02,hu,settings,customize;needsinfo;,foto.lorinc,küldés ikon vesztése,https://support.mozilla.org/questions/1432712,,,,,,,,,3,true,146.28,False,
1432714,2023-12-02T11:42:05.348800Z,2023-12-02,en-US,other,other;,gat58,Gmail account won't save when added,https://support.mozilla.org/questions/1432714,,,,,,m:gmail;m:microsoftemail,,,1,false,,False,
1432720,2023-12-02T13:56:59.884306Z,2023-12-02,en-US,installation-and-updates,download-and-install_1;,dow,Need help I have missing folders in moved directory,https://support.mozilla.org/questions/1432720,,,,,,m:ionos,,,10,true,0.57,False,
1432724,2023-12-02T14:14:50.579019Z,2023-12-02,en-US,other,other;,johnandjeanp,Emails using Thunderbird won't 'Send.',https://support.mozilla.org/questions/1432724,,,,,,m:spectrum,proto:imap;proto:pop,,3,true,0.59,False,
1432727,2023-12-02T14:30:57.446591Z,2023-12-02,en-US,installation-and-updates,download-and-install_1;,lincoBC,Can't get my old Profile to work,https://support.mozilla.org/questions/1432727,,,,,,,,,4,true,0.08,True,davidsk
1432728,2023-12-02T14:46:10.325754Z,2023-12-02,en-US,installation-and-updates,download-and-install_1;,jkepner,How to restore Thunderbird?,https://support.mozilla.org/questions/1432728,,,,,,,,,1,true,0.29,False,
1432729,2023-12-02T14:48:59.905950Z,2023-12-02,en-US,settings,customize;,kim32,"How to set ""Helper Applications"" for opening attachements in Thunderbird 115 Supernova",https://support.mozilla.org/questions/1432729,os:linux,,,,,,,,2,true,9.1,False,
1432740,2023-12-02T16:04:09.286523Z,2023-12-02,en-US,troubleshooting,fix-problems;,mikezw08,"Unable to send messages - ""login to server failed""",https://support.mozilla.org/questions/1432740,,,,,,,,,6,true,4.14,True,mikezw08
1432741,2023-12-02T16:33:01.088784Z,2023-12-02,en-US,other,other;,thunderbird21,Choosing to send deleted mail to a local folder when working with IMAP setup.,https://support.mozilla.org/questions/1432741,os:windows,,,,,,proto:imap,,1,true,2.45,False,
1432742,2023-12-02T16:36:13.877931Z,2023-12-02,en-US,other,other;,colleen1227,Thunderbird stop receiving emails from optmum after update to 102.15.0 from 102.14.0 . Went back to older version and lo,https://support.mozilla.org/questions/1432742,,,,,,m:optimum,,,1,true,2.22,False,
1432743,2023-12-02T16:44:37.901582Z,2023-12-02,cs,settings,customize;,ares73412,Halvní nabídka v Thunderbird,https://support.mozilla.org/questions/1432743,,,,,,,,,5,true,7.21,False,
1432745,2023-12-02T16:54:25.477043Z,2023-12-02,en-US,other,other;,Creid,Thunderbird 115.5.1 will not configure email accouts,https://support.mozilla.org/questions/1432745,,,,,,,,,3,true,1.77,False,
1432748,2023-12-02T17:13:52.673695Z,2023-12-02,en-US,troubleshooting,fix-problems;,bobf650,115.5.1 update.  Cannot send emails from from hotmail account. (oauth),https://support.mozilla.org/questions/1432748,,,,,,m:microsoftemail,proto:oauth,,8,true,6.46,False,
1432750,2023-12-02T17:22:49.220925Z,2023-12-02,en-US,settings,customize;,libw2jur,How do I place all replies in my online SENT folder?,https://support.mozilla.org/questions/1432750,,,,,,m:protonmail,,,1,true,2.75,False,
1432751,2023-12-02T17:42:09.976187Z,2023-12-02,en-US,other,other;,rikmay,Login to server mail.charter.net with username rikmay failed.,https://support.mozilla.org/questions/1432751,,,,,,m:spectrum,,,1,true,0.88,False,
1432752,2023-12-02T18:07:07.337156Z,2023-12-02,en-US,settings,customize;,conradp99,Unable to properly forward HTML items.,https://support.mozilla.org/questions/1432752,,,,,,,,,2,true,5.52,False,
1432754,2023-12-02T18:11:10.628533Z,2023-12-02,en-US,other,other;,EdouardV,"add our own Oauth2 provider, clientID, clientSecret, ...",https://support.mozilla.org/questions/1432754,,,,,,,proto:oauth,,1,true,4.82,False,
1432755,2023-12-02T18:38:26.063279Z,2023-12-02,en-US,other,other;,phillipschris197,New Thunderbird 115.4.3 (32 bit) bold font is too thick!,https://support.mozilla.org/questions/1432755,,,,,,,,,5,true,0.95,False,
1432757,2023-12-02T18:41:45.401909Z,2023-12-02,en-US,settings,customize;,upsandowns1one,Archive problem.,https://support.mozilla.org/questions/1432757,,,,,,,,,0,false,,False,
1432758,2023-12-02T18:49:51.174628Z,2023-12-02,en-US,installation-and-updates,download-and-install_1;,artisticpaper,Changing local folder pointers,https://support.mozilla.org/questions/1432758,,,,,,,,,7,true,0.61,True,artisticpaper
1432759,2023-12-02T18:51:49.087879Z,2023-12-02,en-US,settings,customize;,mstuff,changing imap server and disapearing search folders...?,https://support.mozilla.org/questions/1432759,,,,,,m:gandi,proto:imap,,2,true,22.59,False,
1432760,2023-12-02T19:10:38.930357Z,2023-12-02,it,settings,customize;,sanbette56,avvio automatico di Thunderbird all'avvio di Windows,https://support.mozilla.org/questions/1432760,os:windows,,,,,,,,1,true,1.37,True,'@next
1432761,2023-12-02T19:27:35.113214Z,2023-12-02,en-US,other,other;,grizzanti,for about the last two weeks sending of emails take several tries. They time out or say the outgoing server can't be fou,https://support.mozilla.org/questions/1432761,,,,,,,,,1,true,23.94,False,
1432768,2023-12-02T21:53:09.958360Z,2023-12-02,en-US,other,other;,ddh1,misaligned emails: title doesn't open correct text,https://support.mozilla.org/questions/1432768,,,,,,,,,1,true,0.86,False,
1432769,2023-12-02T22:03:54.863924Z,2023-12-02,es,other,other;,david.escalante77,exchange email on ubuntu,https://support.mozilla.org/questions/1432769,os:linux,,,,,m:microsoftemail,,,1,true,150.1,False,
1432770,2023-12-02T22:07:09.529945Z,2023-12-02,en-US,other,other;,cwr1946,"Can't use edited email list, get error ""Choir-2023 <Choir members> is not a valid email address because it is not of the",https://support.mozilla.org/questions/1432770,,,,,,,,,2,true,11.5,False,
1432772,2023-12-02T22:24:24.220022Z,2023-12-02,en-US,settings,customize;,echassandemottin,Font size issue in the message view,https://support.mozilla.org/questions/1432772,os:linux,,,,,,,,5,true,0.31,False,
1432776,2023-12-03T00:44:05.876387Z,2023-12-03,en-US,email-and-messaging,windows-7;desktop;customize;,Squirebran,Automatic Threading of messages is potentially damaging. We need to be able to turn this off.,https://support.mozilla.org/questions/1432776,os:windows,Windows 7,,,,,,,2,true,8.53,False,
1432781,2023-12-03T02:22:09.567323Z,2023-12-03,en-US,other,other;,paul.kleewein2,"Have been using thunderbird for my emails for years, but can not add three email accounts that used to be here but can't",https://support.mozilla.org/questions/1432781,,,,,,m:gmail;m:yahooemail;m:att,,,1,true,2.78,False,
1432783,2023-12-03T02:50:28.544679Z,2023-12-03,en-US,other,other;,dasprint,Can not send emails,https://support.mozilla.org/questions/1432783,,,,,,,,,1,true,3.84,False,
1432784,2023-12-03T03:10:17.512405Z,2023-12-03,en-US,other,other;,AnnieSixgun,Thunderbird v115 destroys emails,https://support.mozilla.org/questions/1432784,,,,,,,,,6,true,166.23,False,
1432788,2023-12-03T04:08:34.628941Z,2023-12-03,en-US,installation-and-updates,download-and-install_1;,sparrowtwo,Google Workspace vs Office 365 for Thunderbird,https://support.mozilla.org/questions/1432788,,,,,,m:microsoftemail,,,1,false,,False,
1432791,2023-12-03T06:16:48.244555Z,2023-12-03,en-US,other,other;,ibmedia,Copy a profile so two profiles cam run on one machine from time to time,https://support.mozilla.org/questions/1432791,,,,,,,,,1,true,0.35,False,
1432792,2023-12-03T06:51:53.420776Z,2023-12-03,en-US,other,other;,alexdeas,Version 115.5.1 (64-bit) update: All emails vanished but show correct number of emails,https://support.mozilla.org/questions/1432792,os:macos,,macos:sonoma,,,,,,3,true,2.07,False,
1432795,2023-12-03T07:48:55.113728Z,2023-12-03,en-US,other,other;,bodhifishtale,Cannot sent emails but can receive emails with Thuderbird (Office365),https://support.mozilla.org/questions/1432795,,,,,,m:gmail;m:microsoftemail,proto:smtp;proto:oauth,av:defender,1,true,1.17,False,
1432799,2023-12-03T09:24:52.577887Z,2023-12-03,en-US,other,other;,nbudd2017,Highlighted message has changed when returning to local folder,https://support.mozilla.org/questions/1432799,,,,,,,,,0,false,,False,
1432809,2023-12-03T13:21:47.484278Z,2023-12-03,en-US,calendar,calendar;,devanarayanan2205,Thunderbird automatically sets a 30 minute remainder even when I select 'No Remainder when creating an event in Google c,https://support.mozilla.org/questions/1432809,os:windows,,,,,m:gmail,,,3,true,0.49,False,
1432810,2023-12-03T13:32:51.674145Z,2023-12-03,it,other,other;,mluisa.piccinini1,per fare bonifico SEPA mi serve IBAN grazie,https://support.mozilla.org/questions/1432810,,,,,,,,,1,true,1.62,False,
1432815,2023-12-03T15:27:50.984971Z,2023-12-03,en-US,other,other;,jackson14,Lost 2 e-mail addresses. Several APPS disapppeared. I would like to restore/recover them.,https://support.mozilla.org/questions/1432815,,,,,,m:gmail,,,1,true,1.42,False,
1432819,2023-12-03T15:42:30.648842Z,2023-12-03,en-US,other,other;,crlofgren,Not getting gmails,https://support.mozilla.org/questions/1432819,,,,,,m:gmail,,,7,true,0.15,False,
1432820,2023-12-03T15:43:36.226225Z,2023-12-03,en-US,calendar,calendar;,donboyer,Sync Outlook iCloud calendar with Thunderbird,https://support.mozilla.org/questions/1432820,os:windows,,,,,m:microsoftemail;m:icloud,,,1,true,1.89,False,
1432821,2023-12-03T15:58:37.771916Z,2023-12-03,en-US,other,other;,jrelay5,Gmail account login prompt,https://support.mozilla.org/questions/1432821,,,,,,m:gmail,,,1,false,,True,jrelay5
1432823,2023-12-03T16:07:03.720613Z,2023-12-03,en-US,privacy-and-security,privacy-and-security_1;,spinuski,no access to emails for 2weeks,https://support.mozilla.org/questions/1432823,os:windows,,,,,,,,1,true,20.98,False,
1432824,2023-12-03T16:10:03.171780Z,2023-12-03,en-US,privacy-and-security,privacy-and-security_1;,spinuski,no access to emails for 2weeks,https://support.mozilla.org/questions/1432824,os:windows,,,,,,,,1,true,20.93,False,
1432827,2023-12-03T17:06:47.162028Z,2023-12-03,en-US,troubleshooting,fix-problems;,britsoft,Thunderbird Constantly Stopping. Have to restart to get it working.  (win10),https://support.mozilla.org/questions/1432827,os:windows,,,,,,,,1,true,20.05,False,
1432828,2023-12-03T17:13:01.145590Z,2023-12-03,es,other,other;,miguel.vlc94,Restore Trash file,https://support.mozilla.org/questions/1432828,,,,,,,proto:imap;proto:pop,,1,true,94.21,False,
1432830,2023-12-03T17:17:11.623189Z,2023-12-03,en-US,other,other;,pizzipie1,Thunderbird downloading all 32000+ emails from yandex server,https://support.mozilla.org/questions/1432830,os:linux,,,,,m:yandex,proto:imap,,2,true,0.21,False,
1432833,2023-12-03T17:33:26.612494Z,2023-12-03,en-US,other,other;,Twisted_Code,"On Winddows 10, I'm unable to set the color of my text to ""default"".",https://support.mozilla.org/questions/1432833,,,,,,,,,2,true,1.89,False,
1432836,2023-12-03T18:34:42.306078Z,2023-12-03,it,other,other;,matteo.bertona,perche anche se non inserisco la password iniziale posso leggere i messaggi?,https://support.mozilla.org/questions/1432836,,,,,,,,,1,true,15.68,False,
1432842,2023-12-03T19:59:43.856939Z,2023-12-03,en-US,troubleshooting,fix-problems;,dorval,SPAMHAUS blockage to outgoing email,https://support.mozilla.org/questions/1432842,,,,,,,,,6,true,1.34,False,
1432844,2023-12-03T21:37:53.871543Z,2023-12-03,en-US,other,other;,peter785,How to make static copy of IMAP mail,https://support.mozilla.org/questions/1432844,,,,,,,proto:imap,,3,true,7.32,False,
1432845,2023-12-03T22:13:46.473972Z,2023-12-03,en-US,privacy-and-security,privacy-and-security_1;,jedab,saving passwords,https://support.mozilla.org/questions/1432845,,,,,,,,,2,true,3.3,False,
1432846,2023-12-03T22:32:39.804838Z,2023-12-03,en-US,installation-and-updates,download-and-install_1;,rabbithutch1,Can I revert to Version 102?,https://support.mozilla.org/questions/1432846,,,,,,m:microsoftemail,,,1,true,6.26,False,
1432847,2023-12-03T22:45:19.945146Z,2023-12-03,en-US,troubleshooting,fix-problems;,planetseven,Thunderbird v115.4.2 Not Retrieving Emails from POP3 Server,https://support.mozilla.org/questions/1432847,os:windows,,,,,m:earthlink,proto:pop,,9,true,2.38,False,
1432850,2023-12-03T23:59:10.953978Z,2023-12-03,en-US,privacy-and-security,privacy-and-security_1;,janetc1,Thunderbird password,https://support.mozilla.org/questions/1432850,os:windows,,,,,,proto:smtp;proto:pop,,1,true,12.38,False,
1432854,2023-12-04T02:50:27.966260Z,2023-12-04,en-US,troubleshooting,fix-problems;,juliehockings1,"Error - Thunderbird app will not open. ""Thunderbird is already running, but is not responding."" (win10)",https://support.mozilla.org/questions/1432854,os:windows,,,,,,,,1,true,10.33,False,
1432860,2023-12-04T04:27:03.832783Z,2023-12-04,en-US,installation-and-updates,download-and-install_1;,jedelstein,"moving address book, folders and previous e-mails to a new computer",https://support.mozilla.org/questions/1432860,,,,,,,,,22,true,11.72,True,jedelstein
1432862,2023-12-04T04:55:57.632343Z,2023-12-04,en-US,troubleshooting,fix-problems;,kageyama6005,複数選択できない,https://support.mozilla.org/questions/1432862,os:windows,,,,,,,,1,true,13.68,False,
1432863,2023-12-04T05:03:37.330366Z,2023-12-04,en-US,other,other;,colink1946,"Loss of emails. folders, accounts etc after an unrequested Thunderbird update.",https://support.mozilla.org/questions/1432863,,,,,,m:gmail,,,0,false,,False,
1432867,2023-12-04T06:18:15.510817Z,2023-12-04,en-US,installation-and-updates,download-and-install_1;,lkoskela,Can't register,https://support.mozilla.org/questions/1432867,,,,,,m:mailcom,,,1,true,12.26,False,
1432868,2023-12-04T07:23:07.546666Z,2023-12-04,en-US,other,other;,techbizyinfo,Open PST file in Thunderbird,https://support.mozilla.org/questions/1432868,,,,,,m:microsoftemail,,,1,true,11.11,False,
1432869,2023-12-04T07:34:43.385426Z,2023-12-04,en-US,settings,customize;,anawaz1,Unread emails not showing in Unread Filter,https://support.mozilla.org/questions/1432869,,,,,,,,,0,false,,False,
1432871,2023-12-04T08:26:48.065530Z,2023-12-04,en-US,other,other;,octavio.gomez.solis,template,https://support.mozilla.org/questions/1432871,,,,,,,,,0,false,,False,
1432872,2023-12-04T08:53:12.978612Z,2023-12-04,en-US,other,other;macos;,JDLH,Can Thunderbird sync macOS Reminders with its Events?,https://support.mozilla.org/questions/1432872,os:macos,,macos:monterey,,,m:icloud,,,6,true,9.48,False,
1432874,2023-12-04T09:58:14.244950Z,2023-12-04,en-US,troubleshooting,fix-problems;,informatyk6,Sending of the message failed. Lost connection to relay server: Error: timeout exceeded (connection lost).,https://support.mozilla.org/questions/1432874,,,,,,m:ovh,,,0,false,,False,
1432876,2023-12-04T10:12:26.075796Z,2023-12-04,it,troubleshooting,fix-problems;,italianasistemi,Impossibilità di aprire messaggi dopo averli cercati,https://support.mozilla.org/questions/1432876,,,,,,,,,7,true,0.1,False,
1432878,2023-12-04T10:32:19.970140Z,2023-12-04,en-US,troubleshooting,fix-problems;,marc.schenk,Multiple install / update Thunderbird problems,https://support.mozilla.org/questions/1432878,,,,,,,,,18,true,0.57,False,
1432881,2023-12-04T10:58:33.482557Z,2023-12-04,it,troubleshooting,fix-problems;,rinaldovice,collegamento al server,https://support.mozilla.org/questions/1432881,,,,,,,,,1,true,1.89,False,
1432883,2023-12-04T11:29:57.977085Z,2023-12-04,pt-BR,troubleshooting,fix-problems;,carlos.sederj3,Caixa Enviados com problema,https://support.mozilla.org/questions/1432883,,,,,,,,,0,false,,False,
1432887,2023-12-04T13:27:43.295411Z,2023-12-04,en-US,settings,customize;,tanshisher,"How do I get the recipient to show in ""sent"" files in card view",https://support.mozilla.org/questions/1432887,,,,,,,,,3,true,0.87,True,davidsk
1432888,2023-12-04T13:38:16.042082Z,2023-12-04,hu,settings,customize;,kolckhy,Címkék,https://support.mozilla.org/questions/1432888,os:windows,,,,,,proto:imap,,0,false,,False,
1432889,2023-12-04T13:44:19.334471Z,2023-12-04,en-US,installation-and-updates,download-and-install_1;,JUSTIN.85,sent emails from outlook not showing up in thunderbird after migration.,https://support.mozilla.org/questions/1432889,,,,,,m:microsoftemail,,,0,false,,False,
1432897,2023-12-04T15:06:19.907948Z,2023-12-04,en-US,installation-and-updates,download-and-install_1;,peetrobo,Tbird in Win11- Setting up Provider Mail address,https://support.mozilla.org/questions/1432897,os:windows,,,,,m:microsoftemail,proto:pop,,1,true,0.18,False,
1432901,2023-12-04T15:24:26.667479Z,2023-12-04,en-US,privacy-and-security,privacy-and-security_1;,himanshuj_mohan,OAuth2 support for Enterprise Email Server,https://support.mozilla.org/questions/1432901,,,,,,m:gmail;m:microsoftemail;m:yahooemail,proto:oauth,,2,true,129.94,False,
1432903,2023-12-04T15:41:04.575720Z,2023-12-04,en-US,other,other;,prakash.valsang,"How Oauth2 is supported for different cloud services like google, ms, yahoo?",https://support.mozilla.org/questions/1432903,,,,,,m:yahooemail,proto:oauth,,1,true,129.65,False,
1432907,2023-12-04T16:19:00.177201Z,2023-12-04,en-US,other,other;,BillLee,List of spelling alternatives,https://support.mozilla.org/questions/1432907,,,,,,,,,0,false,,False,
1432908,2023-12-04T16:29:01.924043Z,2023-12-04,en-US,troubleshooting,fix-problems;,francois40,Still receiving authentication request for a deleted mail account,https://support.mozilla.org/questions/1432908,,,,,,,proto:smtp,,7,true,0.09,False,
1432909,2023-12-04T16:43:41.152954Z,2023-12-04,en-US,other,other;,hasmort,Profiles,https://support.mozilla.org/questions/1432909,,,,,,,,,4,true,1.0,True,hasmort
1432912,2023-12-04T16:57:06.240333Z,2023-12-04,en-US,other,other;,samsonjam,"""Enter credentials for xxxxxxxxx@yahoo.com..."" form is BLANK!!!",https://support.mozilla.org/questions/1432912,,,,,,m:yahooemail,,,1,false,,False,
1432913,2023-12-04T16:59:05.285187Z,2023-12-04,en-US,calendar,calendar;,Cronk,Thunderbird Calendar - can't 'write' to Exchange: locally created events disappear,https://support.mozilla.org/questions/1432913,os:macos,,,,,,,,0,false,,False,
1432915,2023-12-04T17:04:49.702857Z,2023-12-04,en-US,other,other;,rbir,Can I delete the large panel at the bottom of the mail section?  Thank you!,https://support.mozilla.org/questions/1432915,,,,,,,,,1,true,1.0,False,
1432918,2023-12-04T17:22:28.807467Z,2023-12-04,en-US,troubleshooting,fix-problems;,sralpert,"""Edit as new message"" fails",https://support.mozilla.org/questions/1432918,,,,,,,,,1,false,,False,
1432919,2023-12-04T17:37:46.815163Z,2023-12-04,en-US,other,other;,ian209,Blank tabs and messages for open emails in TB,https://support.mozilla.org/questions/1432919,,,,,,,,,1,true,309.62,False,
1432920,2023-12-04T17:47:34.466847Z,2023-12-04,en-US,other,other;,RobClack,How to turn of message threading permanently?,https://support.mozilla.org/questions/1432920,os:windows,,,,,,,,4,true,0.29,False,
1432923,2023-12-04T18:12:41.371671Z,2023-12-04,it,troubleshooting,fix-problems;,piera.giardina,non spedisco da tin.it message rufused,https://support.mozilla.org/questions/1432923,os:windows,,,,,m:virgilio,proto:pop,,3,true,1.14,False,
1432925,2023-12-04T18:34:20.272814Z,2023-12-04,en-US,settings,customize;,msohnius,No easy way to find recently deleted emails,https://support.mozilla.org/questions/1432925,,,,,,,,,0,false,,False,
1432927,2023-12-04T18:48:21.001078Z,2023-12-04,en-US,other,other;,Jhawks11,Email Password help,https://support.mozilla.org/questions/1432927,,,,,,m:att,,,7,true,0.51,True,sfhowes
1432929,2023-12-04T18:51:24.549143Z,2023-12-04,en-US,settings,customize;,djn,thunderbird calendar,https://support.mozilla.org/questions/1432929,,,,,,,,,0,false,,False,
1432930,2023-12-04T18:53:40.104791Z,2023-12-04,en-US,other,other;,mwpclark,Thunderbird 115.5.1 modify html head to include viewport meta tag,https://support.mozilla.org/questions/1432930,,,,,,,,,1,true,5.35,False,
1432933,2023-12-04T19:22:44.555578Z,2023-12-04,en-US,other,other;,albertlos,send to in windows always gives a popup in the back of other windows,https://support.mozilla.org/questions/1432933,,,,,,,,,0,false,,False,
1432938,2023-12-04T19:45:05.776673Z,2023-12-04,pt-BR,troubleshooting,fix-problems;,lancelotdmr,erro ao enviar mensagem,https://support.mozilla.org/questions/1432938,,,,,,,,,0,false,,False,
1432940,2023-12-04T19:58:39.440695Z,2023-12-04,en-US,troubleshooting,fix-problems;,rgcm,Thunderbird is crashing all the time all of a sudden,https://support.mozilla.org/questions/1432940,os:windows,,,,,,,,1,true,125.26,False,
1432944,2023-12-04T20:40:33.541743Z,2023-12-04,en-US,other,other;,tzlawina,Unable to send messages after Windows 10 reinstall and re-import of Thunderbird profile.,https://support.mozilla.org/questions/1432944,os:windows,,,,,,,,2,false,,True,tzlawina
1432946,2023-12-04T21:12:51.833158Z,2023-12-04,en-US,settings,customize;,btwalker,Text changed to Bold,https://support.mozilla.org/questions/1432946,,,,,,,,,0,false,,False,
1432947,2023-12-04T21:36:37.286401Z,2023-12-04,en-US,installation-and-updates,download-and-install_1;,ebm-brigade,MS Exchange Account add in Thunderbird ?,https://support.mozilla.org/questions/1432947,,,,,,m:microsoftemail,proto:imap;proto:pop,,1,true,2.09,False,
1432948,2023-12-04T21:40:54.797634Z,2023-12-04,en-US,settings,customize;,seqizz,Classic view on config editor?,https://support.mozilla.org/questions/1432948,,,,,,,,,0,false,,False,
1432950,2023-12-04T21:59:49.045189Z,2023-12-04,en-US,other,other;,HeavyMetal,How to stop Thunderbird from updating,https://support.mozilla.org/questions/1432950,os:windows,,,,,,,,2,true,1.67,False,
1432951,2023-12-04T22:22:10.693880Z,2023-12-04,en-US,troubleshooting,fix-problems;,w9cdfvv7d5,Cannot receive emails. Error Platform version 115.4.0 is not compatible with version 115.5.0,https://support.mozilla.org/questions/1432951,,,,,,,,,1,true,443.64,False,
1432956,2023-12-04T23:13:05.818924Z,2023-12-04,en-US,other,other;,Godfreyp,Filters in Thunderbird,https://support.mozilla.org/questions/1432956,os:windows,,,,,,,,0,false,,False,
1432960,2023-12-04T23:53:02.532835Z,2023-12-04,en-US,installation-and-updates,download-and-install_1;,meljmartin,Customizing custom fields in Contact list,https://support.mozilla.org/questions/1432960,,,,,,,,,0,false,,False,
1432961,2023-12-04T23:58:40.438178Z,2023-12-04,en-US,settings,customize;,kevin245,How Do I View Exchange Folders on Thunderbird?,https://support.mozilla.org/questions/1432961,,,,,,m:microsoftemail,proto:imap,,2,true,3.72,True,sfhowes
1432962,2023-12-05T00:09:45.408506Z,2023-12-05,en-US,troubleshooting,fix-problems;,AZBigDog,Thunderbird 115.5.1 not responding when deleting messages,https://support.mozilla.org/questions/1432962,,,,,,,,,2,true,121.0,False,
1432963,2023-12-05T00:46:27.214825Z,2023-12-05,en-US,other,other;,suederekmax,"TB won't allow access to Gmail, Google Log-in screen (fake?) pops up and produces error message.",https://support.mozilla.org/questions/1432963,os:linux,,,,,m:gmail,,,5,true,2.87,True,sfhowes
1432964,2023-12-05T01:14:49.612205Z,2023-12-05,en-US,other,other;,skyguy2,All messages deleted from one of my IMAP email accounts,https://support.mozilla.org/questions/1432964,os:windows,,,,,,proto:imap,,3,true,11.24,True,davidsk
1432969,2023-12-05T02:07:42.734142Z,2023-12-05,en-US,other,other;tbgmail;,TheNightowl,gmail whacking users for not physically signing in,https://support.mozilla.org/questions/1432969,,,,,,m:gmail,,,4,true,440.52,False,
1432971,2023-12-05T02:17:25.473955Z,2023-12-05,en-US,other,other;,sharonsimmons,Can receive but not send emails,https://support.mozilla.org/questions/1432971,,,,,,m:spectrum,proto:smtp,,1,true,1.26,False,
1432976,2023-12-05T02:51:29.160953Z,2023-12-05,en-US,other,other;,frankwapass,Inbox still compacting; need to know how to stop this process please.,https://support.mozilla.org/questions/1432976,,,,,,,,,2,true,118.29,False,
1432982,2023-12-05T05:36:19.371359Z,2023-12-05,en-US,other,other;,susiedee59,Thunderbird email,https://support.mozilla.org/questions/1432982,,,,,,,,,2,true,7.38,False,
1432983,2023-12-05T06:02:58.951786Z,2023-12-05,en-US,troubleshooting,fix-problems;,nukeman05,"Thunderbird 115.5.1 not correctly marking emails as ""read"" since last major update",https://support.mozilla.org/questions/1432983,,,,,,,,,2,true,438.98,True,wsmwk
1432985,2023-12-05T06:08:11.430965Z,2023-12-05,en-US,other,other;,joannagregory704,Email cannot receive,https://support.mozilla.org/questions/1432985,,,,,,m:gmail,,,0,false,,False,
1432987,2023-12-05T06:26:29.156055Z,2023-12-05,en-US,other,other;,reneeinhawaii,not happy with Thunderbird update 115.5.1,https://support.mozilla.org/questions/1432987,,,,,,,,,1,true,438.65,False,
1432989,2023-12-05T06:48:37.986680Z,2023-12-05,en-US,privacy-and-security,desktop;customize;windows-11;firefox-1200;firefox-12001;,dave.k23,Thunserbird Password ??,https://support.mozilla.org/questions/1432989,os:windows,Windows 11,,,,,,,1,true,6.07,False,
1432991,2023-12-05T07:31:09.190524Z,2023-12-05,en-US,calendar,calendar;,bgrinstein,google calendar stopped working with 115.5.1,https://support.mozilla.org/questions/1432991,,,,,,m:gmail,,,0,false,,False,
1432993,2023-12-05T08:31:44.425990Z,2023-12-05,en-US,other,other;,charlestownelectrical,Trash folder deleted,https://support.mozilla.org/questions/1432993,,,,,,,,,0,false,,False,
1432996,2023-12-05T09:14:34.616213Z,2023-12-05,en-US,settings,customize;,arianvos,Visability of incoming messages on reply mails.,https://support.mozilla.org/questions/1432996,,,,,,,,,3,true,9.23,False,
1433004,2023-12-05T10:41:26.252473Z,2023-12-05,en-US,troubleshooting,fix-problems;,rick_hughes,Is this profile recovery process safe ?,https://support.mozilla.org/questions/1433004,,,,,,,proto:imap,,34,true,26.03,True,rick_hughes
1433005,2023-12-05T10:44:45.886207Z,2023-12-05,en-US,troubleshooting,fix-problems;,rv-mozilla,"Attachment not showing in Thunderbird, but showing in Roundcube",https://support.mozilla.org/questions/1433005,,,,,,,,,0,false,,False,
1433006,2023-12-05T11:04:55.409192Z,2023-12-05,en-US,other,other;,BM,TB 115 IMAP inbox not syncing with GMX,https://support.mozilla.org/questions/1433006,,,,,,m:gmx,proto:imap,,0,false,,False,
1433007,2023-12-05T11:09:17.385570Z,2023-12-05,en-US,installation-and-updates,download-and-install_1;,night116,thunderbird not running in background,https://support.mozilla.org/questions/1433007,os:linux,,,,,,,,0,false,,False,
1433008,2023-12-05T11:17:05.848708Z,2023-12-05,it,other,other;,wird,impossibile collegare account o363 con versione supernova,https://support.mozilla.org/questions/1433008,,,,,,m:microsoftemail,,,3,true,0.31,False,
1433010,2023-12-05T11:31:48.251807Z,2023-12-05,en-US,privacy-and-security,privacy-and-security_1;,olczakster,Disable the request for a specific certificate.,https://support.mozilla.org/questions/1433010,,,,,,,,,0,false,,False,
1433011,2023-12-05T11:35:31.261856Z,2023-12-05,en-US,installation-and-updates,download-and-install_1;,sundogspot,Thunderbird,https://support.mozilla.org/questions/1433011,os:macos,,macos:snow_leopard,,,m:gmail;m:yahooemail;m:icloud,proto:imap;proto:pop,,1,true,1.15,False,
1433014,2023-12-05T12:59:18.130541Z,2023-12-05,pt-BR,privacy-and-security,privacy-and-security_1;,kivell,Impedir que usuário altere a senha do servidor,https://support.mozilla.org/questions/1433014,,,,,,,,,0,false,,False,
1433015,2023-12-05T13:04:51.036715Z,2023-12-05,pt-BR,settings,customize;,Magnopc,Relatório/Recibo de entrega de e-mail,https://support.mozilla.org/questions/1433015,,,,,,,,,0,false,,False,
1433016,2023-12-05T13:15:42.473655Z,2023-12-05,en-US,settings,customize;,var.marrowe,"Trying to paste QuickText text moves focus out of message box, not pasting anything",https://support.mozilla.org/questions/1433016,os:windows,,,,,,,,0,false,,False,
1433019,2023-12-05T14:18:57.216618Z,2023-12-05,en-US,settings,customize;,loic4,HOWTO always display the current message in the middle of the message list pane?,https://support.mozilla.org/questions/1433019,,,,,,,,,0,false,,False,
1433026,2023-12-05T15:01:02.644377Z,2023-12-05,en-US,installation-and-updates,download-and-install_1;,monica52,incoming emails,https://support.mozilla.org/questions/1433026,,,,,,,,,1,true,1.77,False,
1433028,2023-12-05T15:02:21.119390Z,2023-12-05,it,other,other;,francesco.minici63,sincronizzazione pec tra cellulare e thunderbird,https://support.mozilla.org/questions/1433028,,,,,,,,,1,true,0.31,False,
1433029,2023-12-05T15:07:08.824360Z,2023-12-05,en-US,settings,customize;,zetka,"Quick Filtering / Search Messages Bar Missing Subject, Sender, Body?",https://support.mozilla.org/questions/1433029,,,,,,,,,4,true,1.93,True,zetka
1433031,2023-12-05T15:34:44.410171Z,2023-12-05,en-US,settings,customize;,rjemmons,I cannot get into my Thunderbird emails because it is not accepting any passwords that I print and will not let me redo ,https://support.mozilla.org/questions/1433031,,,,,,,,,1,true,1.27,False,
1433037,2023-12-05T16:35:47.293265Z,2023-12-05,en-US,other,other;,10bremerelane,Upgraded to Supernova and now emails when opened are different to the subject/sender/recipient,https://support.mozilla.org/questions/1433037,,,,,,,,,1,true,0.28,False,
1433039,2023-12-05T16:47:34.323358Z,2023-12-05,es,installation-and-updates,download-and-install_1;,hectorgtrade,Migrar de Thunderbird 64 bits a Thunderbird 32 bit,https://support.mozilla.org/questions/1433039,,,,,,,,,1,true,29.47,False,
1433040,2023-12-05T16:54:05.001760Z,2023-12-05,en-US,settings,customize;,zetka,"In quick filter toolbar I am missing to search by from, to , subject, body as it was in TB112",https://support.mozilla.org/questions/1433040,,,,,,,,,1,true,0.45,False,
1433041,2023-12-05T17:01:27.295653Z,2023-12-05,en-US,other,other;,smaddox232,email problem,https://support.mozilla.org/questions/1433041,,,,,,,,,1,true,0.21,False,
1433043,2023-12-05T17:05:47.309782Z,2023-12-05,en-US,other,other;,rickbon,Unified Inbox broken since updating to V.115,https://support.mozilla.org/questions/1433043,,,,,,,,,2,true,0.09,False,
1433048,2023-12-05T17:46:39.330897Z,2023-12-05,en-US,other,other;,2nonni,Thunderbird 115.5.1 (64-bit) won't let me specify a trash folder,https://support.mozilla.org/questions/1433048,,,,,,,,,1,true,3.63,False,
1433049,2023-12-05T18:10:07.327737Z,2023-12-05,en-US,settings,customize;,kenfoster.cfc,Pre-set column view for all new local folders,https://support.mozilla.org/questions/1433049,,,,,,,,,0,false,,False,
1433051,2023-12-05T18:21:16.167953Z,2023-12-05,en-US,installation-and-updates,download-and-install_1;,diegodad,Installing Thunderbird for Spectrum email with Windows 11,https://support.mozilla.org/questions/1433051,os:windows,,,,,m:spectrum,proto:imap;proto:pop,,1,false,,True,diegodad
1433053,2023-12-05T18:45:49.984740Z,2023-12-05,it,calendar,calendar;,gwaedin,event invitations not processed,https://support.mozilla.org/questions/1433053,,,,,,m:microsoftemail,,,1,true,13.5,False,
1433055,2023-12-05T18:55:33.785371Z,2023-12-05,en-US,other,other;,c6rbqhr2rk,Supernova issues - Relunctantly leaving Thunderbird,https://support.mozilla.org/questions/1433055,,,,,,,,,1,true,2.27,False,
1433056,2023-12-05T19:27:06.903353Z,2023-12-05,en-US,other,other;,pdgzkyle,Add or edit contact,https://support.mozilla.org/questions/1433056,,,,,,,,,2,true,1.44,False,
1433057,2023-12-05T19:29:01.033387Z,2023-12-05,en-US,settings,customize;,sofearnot,"Sort, and Top Control of Thunderbird went Missing",https://support.mozilla.org/questions/1433057,,,,,,,,,7,true,1.51,True,sofearnot
1433059,2023-12-05T20:00:03.876933Z,2023-12-05,en-US,other,other;,bensoomail,Original email text shows up in reply when i completely delete it.,https://support.mozilla.org/questions/1433059,,,,,,,,,5,true,1.1,True,davidsk
1433060,2023-12-05T20:07:38.499370Z,2023-12-05,en-US,other,other;troubleshootingdetailsmissing;probablynotathunderbirdproblem;,pt13,can not send,https://support.mozilla.org/questions/1433060,,,,,,m:microsoftemail,,,11,true,1.1,False,
1433063,2023-12-05T20:48:29.235715Z,2023-12-05,en-US,other,other;,w7wll,A majority of zimbra folders after installation are missing after reinstalling Thunderbird.,https://support.mozilla.org/questions/1433063,,,,,,,proto:imap,,11,true,0.2,False,
1433067,2023-12-05T21:34:15.503674Z,2023-12-05,en-US,other,other;,fgab66,"I have two outlook.com email service coming thru Thunderbird, where one works perfectly, but the second one does eveythi",https://support.mozilla.org/questions/1433067,,,,,,m:microsoftemail,,,6,true,0.09,False,
1433068,2023-12-05T21:49:42.155136Z,2023-12-05,en-US,troubleshooting,fix-problems;,floatysarah,the 'submit' button in 'contact us' of 'donate' dont work,https://support.mozilla.org/questions/1433068,,,,,,,,,3,true,424.22,True,floatysarah
1433070,2023-12-05T22:09:49.546799Z,2023-12-05,en-US,other,other;,JamesJ,'Start in Inbox' Not Working,https://support.mozilla.org/questions/1433070,,,,,,,,,1,true,0.25,False,
1433072,2023-12-05T22:16:13.187891Z,2023-12-05,en-US,other,other;,c6rbqhr2rk,Supernova issues - Relunctantly leaving Thunderbird (win10),https://support.mozilla.org/questions/1433072,os:windows,,,,,,,,1,true,38.4,False,
1433073,2023-12-05T22:34:21.090323Z,2023-12-05,en-US,other,other;,dflmal36,"Printer will not print, only will save to a pdf",https://support.mozilla.org/questions/1433073,,,,,,,,,0,false,,False,
1433078,2023-12-05T23:25:27.681315Z,2023-12-05,en-US,other,other;,jt20,Issues with Email in Thunderbird,https://support.mozilla.org/questions/1433078,,,,,,m:zoho,,,1,false,,False,
1433079,2023-12-05T23:35:12.056852Z,2023-12-05,en-US,other,other;,Toolworker,Is There a Way to Start a New Thread with a Reply to a Message in a Thread?,https://support.mozilla.org/questions/1433079,,,,,,,,,0,false,,False,
1433084,2023-12-06T00:57:16.765415Z,2023-12-06,en-US,troubleshooting,fix-problems;,jg10,The message cannot be moved or copied to folder 'Trash on...,https://support.mozilla.org/questions/1433084,os:windows,,,,,,proto:pop,,0,false,,False,
1433085,2023-12-06T00:58:39.154616Z,2023-12-06,en-US,installation-and-updates,download-and-install_1;,obieephyhm,latest update (?) hoses email access for all accounts,https://support.mozilla.org/questions/1433085,os:windows,,,,,,,,1,true,35.72,False,
1433094,2023-12-06T04:39:43.747241Z,2023-12-06,en-US,settings,customize;,inscriptionsrejan,Threaded view keeps turning back on by itself,https://support.mozilla.org/questions/1433094,,,,,,,,,0,false,,False,
1433096,2023-12-06T05:03:07.962048Z,2023-12-06,en-US,installation-and-updates,download-and-install_1;,BNATHAN001,Not showing IMAP only POP,https://support.mozilla.org/questions/1433096,,,,,,,proto:imap;proto:pop,,1,true,7.85,False,
1433097,2023-12-06T05:18:51.474264Z,2023-12-06,en-US,installation-and-updates,download-and-install_1;,johansdatormail,"Unable to add or import gmail-account ""Authentication failure""",https://support.mozilla.org/questions/1433097,,,,,,m:gmail,,,6,true,55.29,True,johansdatormail
1433101,2023-12-06T06:08:48.352769Z,2023-12-06,en-US,other,other;,,Email functionality,https://support.mozilla.org/questions/1433101,,,,,,,,,1,true,6.8,False,
1433104,2023-12-06T06:51:51.708586Z,2023-12-06,en-US,other,other;,rory.cosgrave,Email content not displaying in Thunderbird on iMac,https://support.mozilla.org/questions/1433104,os:macos,,macos:catalina,,,m:gmail,,av:avast,0,false,,False,
1433106,2023-12-06T07:42:41.090453Z,2023-12-06,cs,settings,customize;,sendas,Thunderbir dělá nesmyslné věci,https://support.mozilla.org/questions/1433106,,,,,,,,,1,true,1.64,False,
1433109,2023-12-06T08:40:41.312962Z,2023-12-06,tr,other,other;,errssin,"Thunderbird, mail sağlayıcıda görünen mailleri almıyor.",https://support.mozilla.org/questions/1433109,,,,,,m:microsoftemail,,,9,true,7.73,True,maxcoder
1433114,2023-12-06T11:09:26.993429Z,2023-12-06,en-US,other,other;,Ahaskins,Donations,https://support.mozilla.org/questions/1433114,,,,,,,,,2,true,1.47,False,
1433116,2023-12-06T11:48:04.229988Z,2023-12-06,en-US,privacy-and-security,privacy-and-security_1;,savas,Remote content still* showing in the junk folder emails,https://support.mozilla.org/questions/1433116,,,,,,m:microsoftemail,,,0,false,,False,
1433117,2023-12-06T11:53:41.400721Z,2023-12-06,en-US,other,other;,poghos.adamyan,Thunderbird asked me password every time,https://support.mozilla.org/questions/1433117,,,,,,m:mailru,,,1,true,0.95,False,
1433121,2023-12-06T12:06:01.651653Z,2023-12-06,es,settings,customize;,leri1,DECK de NextCloud,https://support.mozilla.org/questions/1433121,,,,,,,,,1,true,10.07,False,
1433126,2023-12-06T13:30:58.857758Z,2023-12-06,en-US,other,other;,thakangbaby,Thunderbird suddenly does not check one of my email accounts anymore.,https://support.mozilla.org/questions/1433126,,,,,,m:gmail;m:onecom,proto:imap;proto:pop,,3,true,407.68,True,thakangbaby
1433127,2023-12-06T13:33:09.324131Z,2023-12-06,en-US,other,other;,savas,How to filter from raw message/source?,https://support.mozilla.org/questions/1433127,,,,,,,,,0,false,,False,
1433130,2023-12-06T14:24:52.258211Z,2023-12-06,en-US,other,other;,sminns,Email threading,https://support.mozilla.org/questions/1433130,,,,,,,,,2,true,2522.8,True,sminns
1433131,2023-12-06T14:37:45.809920Z,2023-12-06,en-US,installation-and-updates,download-and-install_1;,richbarlow03,Syncing emails from Gmail only syncs 24 emails at once,https://support.mozilla.org/questions/1433131,,,,,,m:gmail,,,1,true,406.71,False,
1433135,2023-12-06T15:21:49.532931Z,2023-12-06,en-US,troubleshooting,fix-problems;troubleshootingdetailsmissing;,Santa2,Thunderbird Server,https://support.mozilla.org/questions/1433135,,,,,,,,,1,true,405.85,False,
1433139,2023-12-06T15:32:02.042426Z,2023-12-06,en-US,other,other;,gmthurm,email,https://support.mozilla.org/questions/1433139,,,,,,,,,3,true,1.02,False,
1433141,2023-12-06T15:44:20.753416Z,2023-12-06,it,other,other;,geremiamassidda,Donazione Thunderbird,https://support.mozilla.org/questions/1433141,,,,,,,,,1,true,0.44,False,
1433144,2023-12-06T16:13:45.612858Z,2023-12-06,en-US,other,other;,bondts31,New e-mail icon?,https://support.mozilla.org/questions/1433144,,,,,,,,,1,true,4.65,False,
1433145,2023-12-06T16:27:18.117945Z,2023-12-06,en-US,email-and-messaging,desktop;privacy-and-security_1;windows-11;firefox-1200;firefox-12001;,rwinn,unwanted account,https://support.mozilla.org/questions/1433145,os:windows,Windows 11,,,,,,,1,true,4.47,False,
1433146,2023-12-06T16:33:11.608203Z,2023-12-06,en-US,other,other;,lynn45,Delete contacts in address book,https://support.mozilla.org/questions/1433146,,,,,,,,,15,true,0.16,False,
1433147,2023-12-06T16:56:39.496949Z,2023-12-06,en-US,other,other;,ficticiousjohnny2,Following update to TB v 115 two Drafts folders have appeared,https://support.mozilla.org/questions/1433147,,,,,,m:gmail,proto:imap,,0,false,,False,
1433150,2023-12-06T17:24:51.175086Z,2023-12-06,en-US,installation-and-updates,download-and-install_1;,yrretdrib,I have  Thundedrbird but it always says not responding and is very very slow. I hope a new installation will help,https://support.mozilla.org/questions/1433150,,,,,,,,,1,true,19.32,False,
1433151,2023-12-06T17:25:51.791066Z,2023-12-06,en-US,other,other;,david.abineri,"Just got versio 115.5.1 and the email count is still not correct. I had three new emails and it showed 3 but, after I re",https://support.mozilla.org/questions/1433151,,,,,,,,,1,true,4.99,False,
1433155,2023-12-06T17:51:35.274209Z,2023-12-06,en-US,settings,customize;,radsc2000-cadastro,Thunderbird groups messages in topics even if I choose not to group,https://support.mozilla.org/questions/1433155,,,,,,,,,3,true,21.38,False,
1433156,2023-12-06T17:52:51.249087Z,2023-12-06,en-US,troubleshooting,fix-problems;,hblumen,Thunderbird slow to the point of unusability,https://support.mozilla.org/questions/1433156,,,,,,,,,1,true,19.01,False,
1433159,2023-12-06T18:12:15.211574Z,2023-12-06,en-US,troubleshooting,fix-problems;,steve590,Thunderbird Update lost accounts,https://support.mozilla.org/questions/1433159,,,,,,,,,1,true,20.75,False,
1433163,2023-12-06T19:08:15.652160Z,2023-12-06,en-US,troubleshooting,fix-problems;,ingramra,deleting emails,https://support.mozilla.org/questions/1433163,,,,,,,,,0,false,,False,
1433164,2023-12-06T19:11:16.979266Z,2023-12-06,en-US,troubleshooting,fix-problems;,greg215,receiving e-mails,https://support.mozilla.org/questions/1433164,,,,,,,,,1,true,1.31,False,
1433166,2023-12-06T19:39:32.509225Z,2023-12-06,en-US,other,other;,jjball,Firefox,https://support.mozilla.org/questions/1433166,,,,,,,,,1,true,0.89,False,
1433168,2023-12-06T19:55:19.453134Z,2023-12-06,en-US,installation-and-updates,download-and-install_1;,clarkejb,Missing Sub-folders,https://support.mozilla.org/questions/1433168,,,,,,,proto:imap;proto:pop,,2,true,21.78,False,
1433171,2023-12-06T20:11:24.318333Z,2023-12-06,en-US,installation-and-updates,download-and-install_1;,TLALLY,Thunderbird,https://support.mozilla.org/questions/1433171,,,,,,,,,1,true,0.11,False,
1433173,2023-12-06T20:16:34.970324Z,2023-12-06,it,installation-and-updates,download-and-install_1;needsinfo;,carlo.tralamazza,User canceled primary password entry,https://support.mozilla.org/questions/1433173,,,,,,m:bluewin,,,1,true,11.53,False,
1433176,2023-12-06T21:52:50.412314Z,2023-12-06,en-US,other,other;,david.abineri,Thunderbird 115.5.1 is still not shwoing the correct number of unread emails,https://support.mozilla.org/questions/1433176,,,,,,,,,1,true,0.52,True,sfhowes
1433183,2023-12-06T23:15:25.945586Z,2023-12-06,en-US,calendar,calendar;,paulb4real,ics files are not visible in Thunderbird.  Not inline.  Not as attachments.  Message appears completely blank,https://support.mozilla.org/questions/1433183,os:macos,,macos:sonoma,,,,,,0,false,,False,
1433184,2023-12-06T23:20:56.257819Z,2023-12-06,en-US,installation-and-updates,download-and-install_1;,hart.doug,can I run thunderbird 102 with supernova portable,https://support.mozilla.org/questions/1433184,os:windows,,,,,,,,1,true,2.69,False,
1433189,2023-12-06T23:51:41.727679Z,2023-12-06,en-US,installation-and-updates,download-and-install_1;,joseph-rowland,Lost My Local Folders,https://support.mozilla.org/questions/1433189,,,,,,m:att,,,2,true,397.48,False,
1433191,2023-12-07T00:00:24.654773Z,2023-12-07,en-US,settings,customize;,dave0judy,Move filter copying not moving,https://support.mozilla.org/questions/1433191,,,,,,,,,0,false,,False,
1433200,2023-12-07T02:27:30.257158Z,2023-12-07,en-US,other,other;,cnyhyh4vsh,"Had to change Xfinity password, now cannot use Thunderbird to access comcast.net email",https://support.mozilla.org/questions/1433200,os:macos,,macos:monterey,,,m:comcast,,,2,true,3.3,False,
1433202,2023-12-07T02:49:26.333658Z,2023-12-07,en-US,settings,customize;,abitcrazynaz,BOLD font needed,https://support.mozilla.org/questions/1433202,,,,,,,,,3,true,2.87,False,
1433203,2023-12-07T03:37:11.094448Z,2023-12-07,en-US,other,other;,esjay9,Overpaid Thunderbird donation,https://support.mozilla.org/questions/1433203,,,,,,,,,1,true,3.74,False,
1433204,2023-12-07T04:22:11.311428Z,2023-12-07,hu,settings,customize;,janitsbela,"because disappeared the send icon, i can't send my letters, i don't find the solution. Pls help me.",https://support.mozilla.org/questions/1433204,,,,,,,,,1,true,33.59,False,
1433206,2023-12-07T07:44:13.985430Z,2023-12-07,en-US,settings,customize;,RedJock_46,Rename Profile doesn't work,https://support.mozilla.org/questions/1433206,,,,,,,,,0,false,,False,
1433207,2023-12-07T07:45:07.085642Z,2023-12-07,en-US,settings,customize;,leowankerddd+tb,Can't install extensions in Thunderbird (several versions) on Chromebook (Linux Mint OK),https://support.mozilla.org/questions/1433207,os:linux,,,,,,,,5,true,11.81,False,
1433208,2023-12-07T08:08:43.224920Z,2023-12-07,en-US,troubleshooting,fix-problems;,cveeningen,"I encounter all kinds of basic errors and want to go back to straight Thunderbird, No supernova anymore",https://support.mozilla.org/questions/1433208,,,,,,,,,1,true,5.79,False,
1433210,2023-12-07T08:33:29.705230Z,2023-12-07,en-US,troubleshooting,fix-problems;,sipkus.profas,attached jpg files are not displayed,https://support.mozilla.org/questions/1433210,os:windows,,,,,m:microsoftemail,,,5,true,15.79,False,
1433215,2023-12-07T10:02:53.692980Z,2023-12-07,en-US,troubleshooting,fix-problems;,gerry5069,Cannot login to Thunderbird,https://support.mozilla.org/questions/1433215,,,,,,m:gmail,proto:imap,,1,true,3.55,False,
1433216,2023-12-07T10:04:21.027872Z,2023-12-07,en-US,troubleshooting,fix-problems;needsinfo;,dirkdoubel,adressenboek,https://support.mozilla.org/questions/1433216,,,,,,,,,2,true,3.49,False,
1433217,2023-12-07T10:21:43.669044Z,2023-12-07,cs,settings,customize;,janjosefdvorak,pohled na obrazovku a grafiku  Mozilly,https://support.mozilla.org/questions/1433217,,,,,,,,,1,true,4.58,False,
1433218,2023-12-07T10:26:57.434568Z,2023-12-07,en-US,installation-and-updates,download-and-install_1;,multistreamer,Truly synchronising Thunderbird,https://support.mozilla.org/questions/1433218,,,,,,,,,3,true,4.58,False,
1433220,2023-12-07T10:58:47.493085Z,2023-12-07,en-US,settings,customize;,nikolas1642001,Formulas in forwarded message,https://support.mozilla.org/questions/1433220,,,,,,,,,2,true,2.53,False,
1433221,2023-12-07T11:00:15.729001Z,2023-12-07,en-US,installation-and-updates,download-and-install_1;needsinfo;,mm34,Thunderbird emails,https://support.mozilla.org/questions/1433221,,,,,,m:microsoftemail,proto:pop,,3,true,2.49,False,
1433224,2023-12-07T11:48:40.970265Z,2023-12-07,es,troubleshooting,fix-problems;,daniel305,Can't see embed images in replied mails,https://support.mozilla.org/questions/1433224,,,,,,,,,0,false,,False,
1433226,2023-12-07T12:03:16.390143Z,2023-12-07,en-US,troubleshooting,fix-problems;,pablopibo,SENT emails go into SPAM folder,https://support.mozilla.org/questions/1433226,,,,,,,,,2,true,7.64,True,pablopibo
1433227,2023-12-07T12:19:23.174133Z,2023-12-07,es,troubleshooting,fix-problems;,Lombard.Lombard,Is there any maximum amount of messages to have in the entrance folder and in the shipping folder?,https://support.mozilla.org/questions/1433227,,,,,,,,,1,true,15.37,False,
1433229,2023-12-07T12:35:18.655137Z,2023-12-07,en-US,privacy-and-security,privacy-and-security_1;,leslie.w,"I installed T-Bird in 2018 and it has been working as advertised!  Suddenly, today, it is demanding a password.  I have ",https://support.mozilla.org/questions/1433229,,,,,,,,,3,true,0.83,False,
1433230,2023-12-07T12:59:39.077407Z,2023-12-07,en-US,other,other;,chuckhopewell,Error sending,https://support.mozilla.org/questions/1433230,,,,,,,,,1,true,0.47,False,
1433234,2023-12-07T13:28:35.168372Z,2023-12-07,pt-BR,troubleshooting,fix-problems;,contateste81,LISTA DE EMAILS NÃO ENVIA PARA ALGUNS DESTINATARIOS NA LISTA,https://support.mozilla.org/questions/1433234,,,,,,,,,0,false,,False,
1433235,2023-12-07T13:31:53.863414Z,2023-12-07,en-US,troubleshooting,fix-problems;,Jamesrsamec41,I cannot send nor answer e-post.,https://support.mozilla.org/questions/1433235,,,,,,,,,1,true,0.45,False,
1433236,2023-12-07T13:33:20.245921Z,2023-12-07,en-US,privacy-and-security,privacy-and-security_1;,duke254,Segregator,https://support.mozilla.org/questions/1433236,,,,,,,,,6,true,1.51,True,duke254
1433242,2023-12-07T14:54:02.201986Z,2023-12-07,en-US,privacy-and-security,privacy-and-security_1;,ohwhatever85,Accidentally sent a Crash Report: Possibility to withdraw it?,https://support.mozilla.org/questions/1433242,,,,,,,,,1,true,2.35,True,wsmwk
1433248,2023-12-07T16:10:20.877480Z,2023-12-07,en-US,troubleshooting,fix-problems;,ayounce,EMAIL,https://support.mozilla.org/questions/1433248,,,,,,m:spectrum,proto:smtp,,4,true,1.81,False,
1433251,2023-12-07T16:22:44.128958Z,2023-12-07,en-US,other,other;,Jan.P,"After PC crash, Thunderbird does not display folders or mail",https://support.mozilla.org/questions/1433251,,,,,,,,,5,true,1.1,True,Jan.P
1433254,2023-12-07T16:45:48.358654Z,2023-12-07,en-US,troubleshooting,fix-problems;,neil91,index shows 1 unread message but folder empty,https://support.mozilla.org/questions/1433254,os:windows,,,,,,,,3,true,7.68,True,neil91
1433256,2023-12-07T16:52:56.339587Z,2023-12-07,en-US,troubleshooting,fix-problems;,tarek1,"Messages won't send automatically; I have to manually ""Send Unsent Messages"" from Outbox",https://support.mozilla.org/questions/1433256,os:macos,,macos:ventura,,,m:gmail,proto:smtp,,5,true,7.17,True,tarek1
1433257,2023-12-07T16:55:08.060152Z,2023-12-07,en-US,installation-and-updates,download-and-install_1;,luckau,"After Thunderbird 115.5.1 loaded, 3 of my 5 comcast.net mailboxes do not work.  Many problems.",https://support.mozilla.org/questions/1433257,,,,,,m:comcast,,,8,true,7.7,False,
1433259,2023-12-07T17:14:20.829982Z,2023-12-07,en-US,settings,customize;,FinnSP,Thunderbird's faulty handling of threads,https://support.mozilla.org/questions/1433259,os:windows,,,,,,,,3,true,0.82,True,davidsk
1433263,2023-12-07T17:45:21.502839Z,2023-12-07,en-US,privacy-and-security,privacy-and-security_1;,tnlighthouse,forgot thunderbird password,https://support.mozilla.org/questions/1433263,,,,,,,,,1,true,0.26,False,
1433268,2023-12-07T18:31:13.762824Z,2023-12-07,en-US,troubleshooting,fix-problems;,office722,"Lost emails from one computer, can I replace with files from another computer?",https://support.mozilla.org/questions/1433268,,,,,,,,,1,true,2.41,True,davidsk
1433270,2023-12-07T18:41:13.517806Z,2023-12-07,en-US,troubleshooting,fix-problems;,Jamesrsamec41,"Cannot send nor answer e-mail, again.",https://support.mozilla.org/questions/1433270,,,,,,,,,1,true,2.17,False,
1433273,2023-12-07T18:51:05.169797Z,2023-12-07,en-US,calendar,calendar;,greg166,New Calendar Event -- Private by Default and No Response by Default,https://support.mozilla.org/questions/1433273,,,,,,,,,1,false,,False,
1433276,2023-12-07T19:09:18.477696Z,2023-12-07,en-US,email-and-messaging,desktop;other;windows-10;firefox-1200;firefox-12001;,latoya1,Emails will not download in Thunderbird,https://support.mozilla.org/questions/1433276,os:windows,Windows 10,,,,m:comcast;m:optimum,,,3,true,1.03,False,
1433277,2023-12-07T19:52:28.012606Z,2023-12-07,en-US,other,other;,pdecarlis,email and re installation issues,https://support.mozilla.org/questions/1433277,,,,,,,,,2,true,4.9,False,
1433281,2023-12-07T20:20:01.551755Z,2023-12-07,en-US,troubleshooting,fix-problems;,myzsys.mh,Lost emails,https://support.mozilla.org/questions/1433281,,,,,,,,,1,true,3.59,False,
1433287,2023-12-07T20:57:07.894366Z,2023-12-07,en-US,installation-and-updates,download-and-install_1;,brocknoah22,Help with IMAP synching my suddenlink email to local folder inbox,https://support.mozilla.org/questions/1433287,,,,,,,proto:imap,,1,true,3.02,False,
1433288,2023-12-07T21:16:50.653436Z,2023-12-07,en-US,other,other;,terry.bilton,No Printer Option,https://support.mozilla.org/questions/1433288,,,,,,,,,3,true,2.13,True,scottmathis
1433289,2023-12-07T21:21:22.141628Z,2023-12-07,en-US,calendar,calendar;,MichaelB1,Tasks and Events,https://support.mozilla.org/questions/1433289,,,,,,,,,2,true,2.63,True,MattAuSupport
1433291,2023-12-07T21:35:52.548473Z,2023-12-07,en-US,other,other;,MichaelB1,e-mail format,https://support.mozilla.org/questions/1433291,,,,,,,,,4,true,1.75,True,sfhowes
1433294,2023-12-07T22:31:30.676738Z,2023-12-07,en-US,other,other;,oblibm8391,Adding Att.net,https://support.mozilla.org/questions/1433294,,,,,,m:att,proto:imap;proto:pop,,1,true,0.76,True,sfhowes
1433296,2023-12-07T22:36:19.087221Z,2023-12-07,en-US,troubleshooting,fix-problems;,markmackie,downloading messages from a server,https://support.mozilla.org/questions/1433296,,,,,,m:comcast,,,2,true,2.24,False,
1433297,2023-12-07T22:39:57.892723Z,2023-12-07,en-US,other,other;,jjread,All My Emails Are Missing!,https://support.mozilla.org/questions/1433297,,,,,,,,,1,true,194.84,False,
1433298,2023-12-07T22:44:04.704657Z,2023-12-07,en-US,other,other;,pinkswan,Setting Up Secondary Email Account,https://support.mozilla.org/questions/1433298,,,,,,,,,1,true,9.21,False,
1433299,2023-12-07T22:47:26.667653Z,2023-12-07,en-US,other,other;,sberglund,P problem changing the impa back to POP3,https://support.mozilla.org/questions/1433299,,,,,,m:spectrum,proto:pop,,1,true,0.45,False,
1433300,2023-12-07T22:51:03.441957Z,2023-12-07,it,settings,customize;,hotlancelot,threading,https://support.mozilla.org/questions/1433300,,,,,,,,,1,true,8.5,False,
1433302,2023-12-07T23:16:12.318851Z,2023-12-07,en-US,troubleshooting,fix-problems;,mcsab1959,Sending of password for user mcsab@kc.rr.com did not succeed.,https://support.mozilla.org/questions/1433302,,,,,,m:spectrum,proto:pop,av:norton,1,false,,False,
1433305,2023-12-07T23:52:48.916931Z,2023-12-07,en-US,installation-and-updates,download-and-install_1;windows-11;,rdtsf85,No Thunderbird folder in Roaming. Thunderbird installed from MS Store,https://support.mozilla.org/questions/1433305,os:windows,,,,,m:gmail,,,13,true,7.97,True,MattAuSupport
1433306,2023-12-07T23:57:33.948423Z,2023-12-07,en-US,troubleshooting,fix-problems;,gerry5069,Login failed,https://support.mozilla.org/questions/1433306,,,,,,m:gmail;m:windstream,proto:imap,,1,true,14.23,False,
1433310,2023-12-08T00:29:44.754918Z,2023-12-08,en-US,troubleshooting,fix-problems;,user206673304620940791129981600444824291885,Thunderbird opens a new window when clicking between tabs,https://support.mozilla.org/questions/1433310,os:macos,,macos:ventura,,,,,,0,false,,False,
1433315,2023-12-08T01:38:38.313302Z,2023-12-08,en-US,other,other;,wwwwoolf,Thunderbird won't get mail,https://support.mozilla.org/questions/1433315,,,,,,,,,1,true,11.24,False,
1433316,2023-12-08T02:08:14.145268Z,2023-12-08,en-US,other,other;,arnheim,email folder,https://support.mozilla.org/questions/1433316,,,,,,,,,1,true,5.82,False,
1433326,2023-12-08T06:51:29.609661Z,2023-12-08,en-US,troubleshooting,fix-problems;,chowdhuryj,Thunderbird email client error,https://support.mozilla.org/questions/1433326,,,,,,m:microsoftemail,proto:smtp;proto:pop,,1,true,23.46,False,
1433329,2023-12-08T08:49:20.474571Z,2023-12-08,en-US,other,other;needsinfo;,timelliott,Spam/Junk email list,https://support.mozilla.org/questions/1433329,,,,,,,,,3,true,21.23,False,
1433335,2023-12-08T10:52:04.345055Z,2023-12-08,en-US,settings,customize;,xgirbo,Lines that link threads not showing,https://support.mozilla.org/questions/1433335,,,,,,,,,0,false,,False,
1433337,2023-12-08T10:53:38.762814Z,2023-12-08,en-US,other,other;,colin.jannaway,emails,https://support.mozilla.org/questions/1433337,,,,,,m:gmail;m:tiscali,,,5,true,1.61,False,
1433340,2023-12-08T11:53:31.154062Z,2023-12-08,en-US,troubleshooting,fix-problems;,aleksandra1,nie działa poczta,https://support.mozilla.org/questions/1433340,,,,,,,,,1,true,0.82,False,
1433341,2023-12-08T12:23:28.289016Z,2023-12-08,en-US,troubleshooting,fix-problems;,peter.anne.webb,"Thunderbird message ""unable to open inbox because it is in use by another operation""",https://support.mozilla.org/questions/1433341,,,,,,,,,1,true,17.88,False,
1433343,2023-12-08T12:27:58.258707Z,2023-12-08,en-US,other,other;,cycleforme,search box,https://support.mozilla.org/questions/1433343,,,,,,,,,1,true,17.51,False,
1433345,2023-12-08T12:39:51.344092Z,2023-12-08,en-US,troubleshooting,fix-problems;,sbetke,"lost e-mail, cannot see new e-mails.",https://support.mozilla.org/questions/1433345,,,,,,,,,1,true,17.7,False,
1433347,2023-12-08T13:03:59.060326Z,2023-12-08,en-US,troubleshooting,fix-problems;,mdndtilotta,email not working is server down on thunderbird?,https://support.mozilla.org/questions/1433347,,,,,,,,,1,true,0.9,False,
1433349,2023-12-08T13:21:19.248871Z,2023-12-08,it,installation-and-updates,download-and-install_1;,gorex75,Copiare Thunderbird su un altro PC,https://support.mozilla.org/questions/1433349,os:windows,,,,,,,,5,true,18.91,False,
1433350,2023-12-08T14:02:49.455156Z,2023-12-08,en-US,other,other;,jtoman5,need help making changes to my Thunderbird,https://support.mozilla.org/questions/1433350,,,,,,,,,1,true,0.34,False,
1433351,2023-12-08T14:05:20.328587Z,2023-12-08,en-US,other,other;,jasoncarroll1971,Authentication failure while connecting to server imap.gmail.com.,https://support.mozilla.org/questions/1433351,,,,,,m:gmail,proto:imap,,27,true,0.16,True,sfhowes
1433352,2023-12-08T14:07:56.019953Z,2023-12-08,en-US,other,other;,RENEESTANSAUTOBODY,I NEED TO SPEAK TO SOMEONE,https://support.mozilla.org/questions/1433352,,,,,,,,,8,true,0.32,False,
1433355,2023-12-08T14:30:52.956170Z,2023-12-08,en-US,other,other;,scantrill,T-Bird stopped DLing my emails on 12/6/23.  Emails are on the Centurylink server.  POP3 account.,https://support.mozilla.org/questions/1433355,,,,,,m:centurylink,proto:pop,,1,false,,True,scantrill
1433357,2023-12-08T14:46:43.856721Z,2023-12-08,en-US,calendar,calendar;,clyde714,Birthday reminders from Contacts,https://support.mozilla.org/questions/1433357,,,,,,,,,3,true,0.33,False,
1433358,2023-12-08T15:26:57.523700Z,2023-12-08,en-US,installation-and-updates,download-and-install_1;,olerj8804,Column headings missing,https://support.mozilla.org/questions/1433358,os:windows,,,,,,,,2,true,0.22,True,davidsk
1433360,2023-12-08T15:42:51.263976Z,2023-12-08,en-US,troubleshooting,fix-problems;,netracerx,iCloud IMAP folders get unsubscribed when deleting a single folder from the Archives root folder,https://support.mozilla.org/questions/1433360,os:linux,,,,,m:gmail;m:microsoftemail;m:yahooemail;m:icloud;m:att,proto:imap,,2,true,14.49,False,
1433362,2023-12-08T15:57:07.883109Z,2023-12-08,en-US,privacy-and-security,privacy-and-security_1;,poohset6j,Can't copy and paste receipts from bank,https://support.mozilla.org/questions/1433362,os:macos,,macos:sonoma;macos:ventura,,,m:comcast,,,1,true,13.82,False,
1433365,2023-12-08T16:24:46.364922Z,2023-12-08,en-US,troubleshooting,fix-problems;,konreid,Suddenly stopped receiving email in Thunderbird,https://support.mozilla.org/questions/1433365,,,,,,,,,1,true,13.51,False,
1433370,2023-12-08T17:08:11.415527Z,2023-12-08,en-US,other,other;,MikeBz,Folders for new mail account in the wrong place in the folder pane,https://support.mozilla.org/questions/1433370,,,,,,,,,2,false,,False,
1433372,2023-12-08T17:42:36.936708Z,2023-12-08,en-US,other,other;,poohset6j,Email Help,https://support.mozilla.org/questions/1433372,,,,,,,,,2,true,4.5,False,
1433373,2023-12-08T17:58:23.140804Z,2023-12-08,en-US,troubleshooting,fix-problems;,contactus7,Random Prompt to Enter Password - Doesn't Login,https://support.mozilla.org/questions/1433373,,,,,,m:gmail,,,2,true,6.33,False,
1433375,2023-12-08T18:15:13.724006Z,2023-12-08,en-US,settings,customize;,haroldpenner46,email screen,https://support.mozilla.org/questions/1433375,,,,,,,,,1,true,0.55,False,
1433381,2023-12-08T18:41:42.787520Z,2023-12-08,en-US,other,other;,clint10,How do I set single spacing for out going messages?,https://support.mozilla.org/questions/1433381,,,,,,,,,1,true,5.31,False,
1433382,2023-12-08T19:06:51.930864Z,2023-12-08,en-US,other,other;,Levo78,Interantional date display,https://support.mozilla.org/questions/1433382,,,,,,,,,2,true,4.84,False,
1433383,2023-12-08T19:15:26.956350Z,2023-12-08,en-US,privacy-and-security,privacy-and-security_1;,leananger90,Thunderbird log in,https://support.mozilla.org/questions/1433383,,,,,,,,,10,true,4.63,True,leananger90
1433385,2023-12-08T19:31:20.183732Z,2023-12-08,es,other,other;,essomi05,introducir una nueva cueta de correo gmail,https://support.mozilla.org/questions/1433385,,,,,,m:gmail,,,1,true,8.55,False,
1433391,2023-12-08T20:56:38.268736Z,2023-12-08,en-US,other,other;,steve591,Can't load TEMPLATES in Windows 11 on new computer,https://support.mozilla.org/questions/1433391,os:windows,,,,,,,,1,true,2.91,False,
1433393,2023-12-08T21:06:02.417678Z,2023-12-08,pt-BR,troubleshooting,fix-problems;,pebachtold,internet pelo computador esta travada.,https://support.mozilla.org/questions/1433393,,,,,,,,,0,false,,False,
1433395,2023-12-08T21:32:08.107630Z,2023-12-08,en-US,installation-and-updates,download-and-install_1;,bwolven,How to access Thunderbird files after replacing hard drive.,https://support.mozilla.org/questions/1433395,os:windows,,,,,,,,3,true,0.74,False,
1433398,2023-12-08T21:52:19.335741Z,2023-12-08,en-US,other,other;,winterstar2,Thunderbird won't send Earthlink emails,https://support.mozilla.org/questions/1433398,,,,,,m:gmail;m:earthlink,,,3,true,1.53,False,
1433399,2023-12-08T21:55:41.182116Z,2023-12-08,en-US,troubleshooting,fix-problems;,keduncan,"Supernova 115.5.1 issues - messages in wrong folder, slow quick filter, crashes, email links fail (win10)",https://support.mozilla.org/questions/1433399,os:windows,,,,,,,,11,true,1.88,False,
1433402,2023-12-08T22:29:16.730009Z,2023-12-08,en-US,troubleshooting,fix-problems;,dan290,"My Thunderbird on Windows 10 was recently updated to 115.5.2, and now I'm not receiving any emails on my laptop",https://support.mozilla.org/questions/1433402,os:windows,,,,,m:microsoftemail,,,0,false,,False,
1433405,2023-12-09T00:16:02.825086Z,2023-12-09,en-US,settings,customize;,franklin97355,Default page - account central - for thunderbird 115.5.1,https://support.mozilla.org/questions/1433405,,,,,,,,,1,true,8.34,False,
1433407,2023-12-09T00:33:48.540210Z,2023-12-09,en-US,other,other;,The-II1,Emails Going int Wrong Accounts,https://support.mozilla.org/questions/1433407,,,,,,m:gmail,,,3,true,7.43,False,
1433408,2023-12-09T00:53:38.346240Z,2023-12-09,en-US,other,other;,david.abineri,Hanging when sending,https://support.mozilla.org/questions/1433408,,,,,,m:gmail,,,0,false,,False,
1433409,2023-12-09T01:04:35.882098Z,2023-12-09,en-US,troubleshooting,fix-problems;tb115crash;,rraw,Thunderbird crashes during shutdown [@ shutdownhang | mozilla::SpinEventLoopUntil<T> | mozilla::PreferencesWriter::Flush,https://support.mozilla.org/questions/1433409,os:windows,,,,,,,av:bitdefender,7,true,0.87,False,
1433417,2023-12-09T04:54:54.917624Z,2023-12-09,en-US,settings,customize;,artisticpaper,rearranging email accounts on the main page of Thunderbird,https://support.mozilla.org/questions/1433417,,,,,,,,,1,true,0.96,False,
1433422,2023-12-09T07:26:24.161697Z,2023-12-09,en-US,troubleshooting,fix-problems;,mbsu.nitschke28,keine Verindung von neuer gmailadresse zu Rechner Thunderbird,https://support.mozilla.org/questions/1433422,,,,,,m:gmail,proto:imap,,0,false,,False,
1433425,2023-12-09T08:06:52.538468Z,2023-12-09,en-US,other,other;,clint10,"I  want to single space my out going messages. I changed the paragraph setting from body text to paragraph format, this ",https://support.mozilla.org/questions/1433425,,,,,,,,,1,true,3.52,False,
1433426,2023-12-09T08:08:26.550973Z,2023-12-09,en-US,other,other;,lena.kellerman,Thunderbird crashes The whole time,https://support.mozilla.org/questions/1433426,,,,,,,,,2,true,2.19,False,
1433430,2023-12-09T10:03:25.838802Z,2023-12-09,hu,other,other;,vagiimreattila,Group view and threade messages together.,https://support.mozilla.org/questions/1433430,,,,,,,,,0,false,,False,
1433431,2023-12-09T10:46:34.534232Z,2023-12-09,es,settings,customize;,insulabarataria5,Configurar bandeja de elementos enviados,https://support.mozilla.org/questions/1433431,,,,,,,,,1,true,12.36,False,
1433433,2023-12-09T11:40:36.293651Z,2023-12-09,en-US,other,other;,carlo24,"Folder for ""All unread"" doesn't show all unread emails",https://support.mozilla.org/questions/1433433,,,,,,,proto:imap,,1,false,,False,
1433434,2023-12-09T12:16:58.745770Z,2023-12-09,en-US,other,other;,dcalver497,How do I remove an obsolete/unused email account from Thunderbird,https://support.mozilla.org/questions/1433434,,,,,,m:gmail,,,1,true,0.2,False,
1433438,2023-12-09T13:55:38.864091Z,2023-12-09,en-US,other,other;,bjcolor,Why are my emails going to Trash instead of my Inbox,https://support.mozilla.org/questions/1433438,,,,,,,,,1,true,9.95,False,
1433442,2023-12-09T15:23:45.718168Z,2023-12-09,en-US,troubleshooting,fix-problems;,bstoltz47,deleted emails returning,https://support.mozilla.org/questions/1433442,os:windows,,,,,m:spectrum,,,3,true,3.46,False,
1433443,2023-12-09T15:44:04.617714Z,2023-12-09,en-US,troubleshooting,fix-problems;,nanas.anasan,Impossible d'effacer une grande quantité de message en une seule fois,https://support.mozilla.org/questions/1433443,,,,,,,,,1,false,,False,
1433449,2023-12-09T17:21:39.227274Z,2023-12-09,es,settings,customize;,alldayround,Correo no deseo,https://support.mozilla.org/questions/1433449,,,,,,,,,1,true,5.46,False,
1433453,2023-12-09T18:56:35.595488Z,2023-12-09,en-US,other,other;,david.abineri,Not marking as 'read' when clicked.,https://support.mozilla.org/questions/1433453,,,,,,,,,0,false,,False,
1433455,2023-12-09T19:18:29.987394Z,2023-12-09,en-US,other,other;,marathonhm,my oldest and primary email account (an AOL account),https://support.mozilla.org/questions/1433455,,,,,,m:yahooemail,,,1,true,14.52,False,
1433456,2023-12-09T19:50:03.629308Z,2023-12-09,en-US,other,other;,lindalou2,emails,https://support.mozilla.org/questions/1433456,,,,,,,,,1,true,0.14,False,
1433458,2023-12-09T20:45:29.754850Z,2023-12-09,en-US,privacy-and-security,privacy-and-security_1;,bill331,"Why do i have to enter a pw twice, once to send and once to receive?",https://support.mozilla.org/questions/1433458,,,,,,,,,1,true,3.07,False,
1433459,2023-12-09T20:52:28.251177Z,2023-12-09,en-US,other,other;,mkeilhofer,inbox on one of several mailboxes dissappeared,https://support.mozilla.org/questions/1433459,,,,,,,proto:pop,,0,false,,False,
1433464,2023-12-09T22:27:09.695083Z,2023-12-09,en-US,other,other;,Joebt,Remove large # messages in POP Alias acct that were addressed to Master acct,https://support.mozilla.org/questions/1433464,os:linux,,,,,,proto:pop,,3,true,15.88,True,Joebt
1433473,2023-12-10T00:37:17.335324Z,2023-12-10,en-US,installation-and-updates,download-and-install_1;,bullishbob,"I ask for thunderbird help and get this: If you need help with Mozilla Thunderbird, you can visit the Thunderbird Suppor",https://support.mozilla.org/questions/1433473,,,,,,,,,2,true,1.59,False,
1433480,2023-12-10T01:50:54.105083Z,2023-12-10,en-US,settings,customize;,firefox2367,Move Local Folders to Top,https://support.mozilla.org/questions/1433480,os:windows,,,,,,,,0,false,,False,
1433489,2023-12-10T04:18:18.260900Z,2023-12-10,en-US,troubleshooting,fix-problems;,cronos1701,Thunderbird hanging since update (win10),https://support.mozilla.org/questions/1433489,os:windows,,,,,,,,4,true,5.26,True,christ1
1433491,2023-12-10T05:15:02.867307Z,2023-12-10,en-US,installation-and-updates,download-and-install_1;,vsavi37,Unable to access current e-mails after migration from old Mac,https://support.mozilla.org/questions/1433491,,,,,,,,,1,false,,False,
1433492,2023-12-10T05:18:01.012479Z,2023-12-10,en-US,troubleshooting,fix-problems;,rmartin31,EMAILS,https://support.mozilla.org/questions/1433492,,,,,,,,,1,true,4.25,False,
1433493,2023-12-10T05:40:46.637890Z,2023-12-10,en-US,other,other;,wmwap,"Dark Mode on Email - Hate it, Cannot Read it and Want It GONE! HOW?",https://support.mozilla.org/questions/1433493,,,,,,,,,1,true,3.86,False,
1433497,2023-12-10T08:07:11.453043Z,2023-12-10,en-US,troubleshooting,fix-problems;,user206673304620940791129981600444824291885,Customising tool bar causes new windows to unexpectedly pop up,https://support.mozilla.org/questions/1433497,os:macos,,macos:ventura,,,,,,4,true,10.45,False,
1433499,2023-12-10T08:40:42.938025Z,2023-12-10,en-US,installation-and-updates,download-and-install_1;,dorith.carmeli,"Thunderbird disappeared, no profile",https://support.mozilla.org/questions/1433499,,,,,,,,,7,true,5.25,False,
1433505,2023-12-10T10:26:08.091237Z,2023-12-10,en-US,privacy-and-security,privacy-and-security_1;,ent.elec.lamora,reception de mail,https://support.mozilla.org/questions/1433505,,,,,,m:orange,proto:imap,,1,true,3.39,False,
1433513,2023-12-10T12:32:53.850575Z,2023-12-10,en-US,privacy-and-security,privacy-and-security_1;,mail1940,Emails on Thunderbird Mac (10.15.7) only works if I disengage SSL.,https://support.mozilla.org/questions/1433513,,,,,,,,,0,false,,False,
1433515,2023-12-10T13:05:36.263677Z,2023-12-10,en-US,troubleshooting,fix-problems;,Jamesrsamec41,"Cannot answer nor send e-mail, but can receive them. Answers to David's questions follow.",https://support.mozilla.org/questions/1433515,,,,,,,,av:norton,2,true,0.5,False,
1433520,2023-12-10T14:22:22.175724Z,2023-12-10,en-US,calendar,calendar;,silvercuff,Calendar,https://support.mozilla.org/questions/1433520,,,,,,,,,1,true,3.98,False,
1433522,2023-12-10T14:47:43.542998Z,2023-12-10,en-US,other,other;,spartanhooah,How to sync deletion of messages with Gmail,https://support.mozilla.org/questions/1433522,,,,,,m:gmail,,,3,true,3.66,True,spartanhooah
1433529,2023-12-10T16:08:59.414174Z,2023-12-10,en-US,other,other;,g.anger,cntact in gmail,https://support.mozilla.org/questions/1433529,,,,,,m:gmail,,,1,true,1.86,False,
1433530,2023-12-10T16:11:32.557741Z,2023-12-10,en-US,privacy-and-security,privacy-and-security_1;,leananger90,e-mail,https://support.mozilla.org/questions/1433530,,,,,,,,,1,true,2.1,False,
1433534,2023-12-10T17:08:23.437259Z,2023-12-10,en-US,other,other;,stefano13,Clicking a contact in address book opens it in edit mode,https://support.mozilla.org/questions/1433534,,,,,,,,,1,false,,False,
1433536,2023-12-10T17:56:21.868922Z,2023-12-10,en-US,troubleshooting,fix-problems;,jeffreysmith33,Thunderbird upgrade keeps telling me to reboot my PC,https://support.mozilla.org/questions/1433536,,,,,,,,,2,true,8.35,False,
1433542,2023-12-10T18:51:45.529678Z,2023-12-10,en-US,other,other;,cubytus,Thunderbird 115.5 almost always marks incomming messages as spam,https://support.mozilla.org/questions/1433542,,,,,,m:microsoftemail,proto:imap,,0,false,,False,
1433543,2023-12-10T19:09:02.766258Z,2023-12-10,en-US,troubleshooting,fix-problems;,wayne518jg,my triad.rr.com email,https://support.mozilla.org/questions/1433543,,,,,,m:spectrum,,,1,true,0.35,False,
1433544,2023-12-10T19:14:17.268213Z,2023-12-10,en-US,installation-and-updates,download-and-install_1;,Mac73,Address transfer to new Mac,https://support.mozilla.org/questions/1433544,,,,,,,,,11,true,0.12,False,
1433546,2023-12-10T19:22:56.703993Z,2023-12-10,en-US,troubleshooting,fix-problems;,Rubberfish,Is the goal to get us to leave Thundirbird?,https://support.mozilla.org/questions/1433546,,,,,,,,,3,true,0.45,False,
1433547,2023-12-10T19:35:10.292239Z,2023-12-10,en-US,settings,customize;,guertin_g,Switch to Folder function from menu bar,https://support.mozilla.org/questions/1433547,,,,,,,,,2,true,0.45,False,
1433548,2023-12-10T19:46:06.356940Z,2023-12-10,en-US,other,other;,gailflei,image won't paste into outgoing email,https://support.mozilla.org/questions/1433548,os:windows,,,,,,,,14,true,0.17,False,
1433550,2023-12-10T20:05:09.596716Z,2023-12-10,en-US,other,other;,1oldfox,Your Thunderbird profile cannot be loaded. It may be missing or inaccessible -- Error upon trying to launch TB.,https://support.mozilla.org/questions/1433550,,,,,,,,,1,true,0.24,False,
1433552,2023-12-10T20:19:12.664800Z,2023-12-10,en-US,other,other;,Purebeads,How do I downgrade from this horrid update?  115.5.1  (win10),https://support.mozilla.org/questions/1433552,os:windows,,,,,,,,13,true,1.43,False,
1433553,2023-12-10T20:42:33.124632Z,2023-12-10,en-US,settings,customize;,wrknight,layout options not working in tb 115.5.0,https://support.mozilla.org/questions/1433553,os:linux,,,,,,,,2,true,5.75,False,
1433559,2023-12-10T21:13:35.516183Z,2023-12-10,en-US,other,other;,jccoe,New TB causes filters to frequently fail when auto transferring between accounts.,https://support.mozilla.org/questions/1433559,,,,,,,,,3,true,6.62,False,
1433561,2023-12-10T21:49:58.159249Z,2023-12-10,en-US,settings,customize;,dom83,new e-mail account has its own folder,https://support.mozilla.org/questions/1433561,,,,,,,,,2,true,1.03,True,MattAuSupport
1433562,2023-12-10T21:54:54.119124Z,2023-12-10,es,calendar,calendar;,jcferriz,EVENTOS Y TAREAS,https://support.mozilla.org/questions/1433562,,,,,,,,,0,false,,False,
1433564,2023-12-10T22:10:34.401267Z,2023-12-10,en-US,email-and-messaging,desktop;other;windows-10;,wbob1,Two Inboxes,https://support.mozilla.org/questions/1433564,os:windows,Windows 10,,,,,,,1,true,14.55,False,
1433568,2023-12-10T22:36:45.522781Z,2023-12-10,en-US,settings,customize;,NotKnowEverything,Thunderbird Broken for Me,https://support.mozilla.org/questions/1433568,,,,,,,,,5,true,3.73,False,
1433570,2023-12-10T23:12:33.666556Z,2023-12-10,en-US,other,other;,sam159,v115.5.0 Right Click on email address broken?,https://support.mozilla.org/questions/1433570,os:linux,,,,,,,,7,true,2.17,True,sam159
1433582,2023-12-11T03:58:58.290278Z,2023-12-11,en-US,other,other;,guy.nicholson,"Inbox is empty and `properties` has no ""Choose"" button",https://support.mozilla.org/questions/1433582,,,,,,m:gmail;m:yahooemail;m:icloud;m:comcast,,,5,true,9.41,True,davidsk
1433589,2023-12-11T08:46:03.207397Z,2023-12-11,it,other,other;,grups.lugano,Con la v.155 non riesco più a scaricare la posta di alcuni account,https://support.mozilla.org/questions/1433589,,,,,,,,,3,true,6.65,True,grups.lugano
1433591,2023-12-11T10:21:38.511443Z,2023-12-11,en-US,other,other;,tbee,"unread messages are not shown, but no filter is active",https://support.mozilla.org/questions/1433591,,,,,,,,,1,false,,True,tbee
1433593,2023-12-11T10:48:41.843638Z,2023-12-11,en-US,privacy-and-security,privacy-and-security_1;,leananger90,e-mail,https://support.mozilla.org/questions/1433593,,,,,,m:virginmedia,proto:smtp,,4,true,1.74,True,leananger90
1433594,2023-12-11T11:31:49.904589Z,2023-12-11,en-US,other,other;,bullishbob,runbox.com email provider--how do i make thunderbird my email account?,https://support.mozilla.org/questions/1433594,,,,,,m:mailru,proto:imap,,1,true,1.1,False,
1433596,2023-12-11T11:52:59.260602Z,2023-12-11,en-US,other,other;,john_j_fields@sbcglobal.net,115 doesn't see my saved emails,https://support.mozilla.org/questions/1433596,,,,,,,,,0,false,,False,
1433597,2023-12-11T12:41:25.742622Z,2023-12-11,en-US,other,other;,bob366,Filters that worked for years have stopped working,https://support.mozilla.org/questions/1433597,,,,,,,,,16,true,0.09,False,
1433599,2023-12-11T13:21:01.233966Z,2023-12-11,es,installation-and-updates,download-and-install_1;,richardcdeluxe,Problema al configurar correo gmail en Thunderbird,https://support.mozilla.org/questions/1433599,,,,,,m:gmail,,,0,false,,False,
1433601,2023-12-11T13:51:06.374554Z,2023-12-11,en-US,settings,customize;,zetka,blank screen after starting TB115 without folders and message window,https://support.mozilla.org/questions/1433601,,,,,,,,,1,true,145.38,False,
1433602,2023-12-11T13:54:57.031434Z,2023-12-11,en-US,calendar,calendar;,gil.charters,"Can't see the detailed calendar (e.g. page showing days, times, events)",https://support.mozilla.org/questions/1433602,,,,,,,,,0,false,,False,
1433603,2023-12-11T14:01:06.033865Z,2023-12-11,hu,troubleshooting,fix-problems;,koroknai,Thunderbird lassulás,https://support.mozilla.org/questions/1433603,,,,,,,,,0,false,,False,
1433609,2023-12-11T14:47:08.562857Z,2023-12-11,en-US,other,other;,mozilla157,Name displayed in Correspondents column is incorrect,https://support.mozilla.org/questions/1433609,os:linux,,,,,,proto:smtp;proto:pop,,2,true,0.35,False,
1433610,2023-12-11T14:48:19.501358Z,2023-12-11,en-US,email-and-messaging,windows-7;desktop;fix-problems;,larry103,On release 115.5.1 (64-bit) it is constantly locking up. (win7),https://support.mozilla.org/questions/1433610,os:windows,Windows 7,,,,,,,0,false,,False,
1433613,2023-12-11T15:21:30.028616Z,2023-12-11,en-US,settings,customize;,kwbarnes,Mark emails as 'READ',https://support.mozilla.org/questions/1433613,,,,,,,,,0,false,,False,
1433616,2023-12-11T15:57:05.748402Z,2023-12-11,en-US,other,other;,debian.roxx,Widget with mails in inbox from same sender ?,https://support.mozilla.org/questions/1433616,,,,,,,,,1,true,1.35,False,
1433618,2023-12-11T16:08:03.951044Z,2023-12-11,en-US,installation-and-updates,download-and-install_1;,travis.edgar.davison,"Import a very large pst file, size 36,905,393 KB. Can someone help?",https://support.mozilla.org/questions/1433618,,,,,,,,,4,true,1.13,False,
1433622,2023-12-11T16:34:02.600045Z,2023-12-11,en-US,calendar,calendar;,tim_mw,Calendar attachments sent by Outlook ignored,https://support.mozilla.org/questions/1433622,,,,,,m:microsoftemail,,,0,false,,False,
1433623,2023-12-11T16:34:35.981763Z,2023-12-11,hu,settings,customize;,kalmanrodl,szűrők áttelepítése,https://support.mozilla.org/questions/1433623,,,,,,,,,1,true,1103.44,False,
1433624,2023-12-11T16:58:55.737150Z,2023-12-11,en-US,privacy-and-security,privacy-and-security_1;,sally.moore4,forgot my password for Thunderbird/emails,https://support.mozilla.org/questions/1433624,,,,,,,,,2,false,,True,sally.moore4
1433626,2023-12-11T17:19:20.517195Z,2023-12-11,en-US,settings,customize;,Cool_F_Fox,Ubuntu Studio 23.10 - Firefox 120.0.1 (64 bit) as non-default from Thunderbird 115.5.1 (64-bit),https://support.mozilla.org/questions/1433626,os:linux,,,,,m:gmail,,,2,true,3.15,False,
1433628,2023-12-11T17:52:48.677190Z,2023-12-11,en-US,other,other;,epurcell1,I can't get into my email on roadrunner,https://support.mozilla.org/questions/1433628,,,,,,m:spectrum,,,0,false,,False,
1433633,2023-12-11T18:27:50.956916Z,2023-12-11,en-US,other,other;,marcberridge,Responses to One Person's emails often sent To: me and From: that person.,https://support.mozilla.org/questions/1433633,,,,,,m:gmail,,,1,true,0.73,False,
1433634,2023-12-11T18:27:56.296875Z,2023-12-11,en-US,other,other;,ddf_7881,Inbox file replaced,https://support.mozilla.org/questions/1433634,,,,,,,,,1,true,2.17,False,
1433636,2023-12-11T18:40:39.411620Z,2023-12-11,it,troubleshooting,fix-problems;,pisaurum3,SMTP outlook,https://support.mozilla.org/questions/1433636,,,,,,m:microsoftemail,proto:smtp,,1,true,12.6,False,
1433637,2023-12-11T18:50:08.061307Z,2023-12-11,en-US,calendar,calendar;,klaatujim,Resize of calendar months displays over menubar and cannot select to reduce size after to reset.,https://support.mozilla.org/questions/1433637,,,,,,,,,0,false,,False,
1433642,2023-12-11T19:50:06.116502Z,2023-12-11,en-US,other,other;,breon,Thunderbird - Folder view not showing one account inbox in unified folders.,https://support.mozilla.org/questions/1433642,,,,,,,,,2,true,0.32,False,
1433648,2023-12-11T20:45:28.408096Z,2023-12-11,en-US,other,other;,jeeper43@live.com,"Starting Thunderbird results in ""Could not open XPCOM""",https://support.mozilla.org/questions/1433648,,,,,,,,,1,true,6.37,False,
1433650,2023-12-11T20:56:05.988447Z,2023-12-11,en-US,troubleshooting,fix-problems;,keichelkraut,"Thunderbird not connecting to pop-gmail. ""Sending of the message failed.""",https://support.mozilla.org/questions/1433650,os:linux,,,,,m:gmail,proto:smtp;proto:pop;proto:oauth,,0,false,,False,
1433651,2023-12-11T21:05:37.512336Z,2023-12-11,en-US,installation-and-updates,download-and-install_1;needsinfo;,bronleasull,download,https://support.mozilla.org/questions/1433651,,,,,,m:gmail;m:mailfence,,,5,true,15.98,False,
1433653,2023-12-11T21:38:53.232762Z,2023-12-11,en-US,troubleshooting,fix-problems;,rmartin31,EMAILS,https://support.mozilla.org/questions/1433653,,,,,,,,,3,true,1.35,False,
1433659,2023-12-11T23:39:51.506575Z,2023-12-11,en-US,settings,customize;troubleshootingdetailsmissing;filters;messagefilters;seg-win11;,jamesdavisjr,"Filters created and work. The next day, they have self deleted somehow.",https://support.mozilla.org/questions/1433659,os:windows,,,,,,,,0,false,,False,
1433660,2023-12-12T00:35:20.685294Z,2023-12-12,en-US,other,other;,ekosciuk,Optus Web Mail and Thunderbird,https://support.mozilla.org/questions/1433660,,,,,,m:gmail;m:microsoftemail,,,1,true,12.44,False,
1433662,2023-12-12T00:41:09.087218Z,2023-12-12,en-US,installation-and-updates,download-and-install_1;,signifer,problems Migrating Thunderbird 115 messages and folders from PC Windows 10 to Mac OS Sonoma 14.1.2,https://support.mozilla.org/questions/1433662,os:macos,,macos:sonoma,,,,,,3,true,12.12,False,
1433664,2023-12-12T01:25:18.442056Z,2023-12-12,en-US,other,other;,HARRIS4BS,Does Mozilla pay Google to be listed as it's top search engine or pay google for anything?,https://support.mozilla.org/questions/1433664,,,,,,,,,1,true,1.66,False,
1433665,2023-12-12T02:00:17.218417Z,2023-12-12,en-US,other,other;,user206673304620940791129981600444824291885,What's the purpose of _EXT_ folder and can it be removed?,https://support.mozilla.org/questions/1433665,,,,,,,,,1,false,,True,user206673304620940791129981600444824291885
1433666,2023-12-12T02:07:33.634528Z,2023-12-12,en-US,other,other;,bj-sullivan,block unwanted emails,https://support.mozilla.org/questions/1433666,,,,,,,,,4,true,10.92,False,
1433669,2023-12-12T03:38:18.545812Z,2023-12-12,en-US,troubleshooting,fix-problems;,janex2,"""Account being processed... Please wait...""  NOTHING ever 'happens'!!  NO EMAILS. Two pop accounts on win10.",https://support.mozilla.org/questions/1433669,os:windows,,,,,,proto:pop,,4,true,0.39,True,janex2
1433672,2023-12-12T04:09:58.561250Z,2023-12-12,en-US,settings,customize;,MurfOscar,Really can't get started on changing print sizes.,https://support.mozilla.org/questions/1433672,,,,,,,,,0,false,,False,
1433674,2023-12-12T06:03:20.582524Z,2023-12-12,en-US,troubleshooting,fix-problems;,dclark,Need to restart Thunderbird to get new email,https://support.mozilla.org/questions/1433674,,,,,,m:zoho,,,0,false,,False,
1433675,2023-12-12T06:30:46.410286Z,2023-12-12,en-US,other,other;,gohanzaizenb3st,Not receiving confirmation email from site I just signed up for,https://support.mozilla.org/questions/1433675,,,,,,m:mailfence,,,1,true,6.07,False,
1433678,2023-12-12T07:18:04.316748Z,2023-12-12,en-US,other,other;,agf38,Thunderbird email keeps resetting to 'New Install' (win10),https://support.mozilla.org/questions/1433678,os:windows,,,,,,,,6,true,0.51,False,
1433679,2023-12-12T08:31:06.135851Z,2023-12-12,en-US,troubleshooting,fix-problems;,MrsF,How do I stop mails being duplicated in a folder?,https://support.mozilla.org/questions/1433679,,,,,,,,,0,false,,False,
1433680,2023-12-12T08:55:17.646901Z,2023-12-12,it,troubleshooting,fix-problems;needsinfo;,hermes32.37,"La pagina di posta di Thunderbird si apre lentamente, con molto ritardo",https://support.mozilla.org/questions/1433680,,,,,,,,,1,true,1.37,False,
1433689,2023-12-12T11:18:44.676955Z,2023-12-12,es,other,other;,Eddy,Cambiar nombre archivos eml,https://support.mozilla.org/questions/1433689,,,,,,,,,1,true,112.82,False,
1433691,2023-12-12T11:54:54.560832Z,2023-12-12,en-US,troubleshooting,fix-problems;,mkarthic,"sending of the message fails -  ""Sending of the message failed. The message could not not be sent because the connection",https://support.mozilla.org/questions/1433691,,,,,,,proto:smtp,,1,true,278.05,False,
1433693,2023-12-12T12:12:07.859429Z,2023-12-12,es,settings,customize;,jretxaniz,Thunderbird 115.5.2 quick buttons missing,https://support.mozilla.org/questions/1433693,,,,,,,,,1,true,111.98,False,
1433694,2023-12-12T12:26:10.999075Z,2023-12-12,sl,installation-and-updates,download-and-install_1;,megaeuropackskins,Mozzila Thunderbird email history import,https://support.mozilla.org/questions/1433694,,,,,,,,,0,false,,False,
1433695,2023-12-12T12:30:11.390168Z,2023-12-12,es,settings,customize;,jretxaniz1,Problemas con nueva version 115.5.2,https://support.mozilla.org/questions/1433695,,,,,,,,,1,true,111.66,False,
1433696,2023-12-12T12:50:08.054761Z,2023-12-12,it,troubleshooting,fix-problems;needsinfo;,zurrudanilo,Mozilla Thunderbird - Hotmail,https://support.mozilla.org/questions/1433696,,,,,,m:microsoftemail,proto:imap,,3,true,2.11,True,zurrudanilo
1433704,2023-12-12T14:43:10.427845Z,2023-12-12,en-US,troubleshooting,fix-problems;,art.eckstein,Failure to login and get gmail messages,https://support.mozilla.org/questions/1433704,,,,,,m:gmail,proto:oauth,,0,false,,False,
1433705,2023-12-12T14:46:41.634593Z,2023-12-12,en-US,other,other;,bluesky102001,How to recover deleted folder in Thunderbird,https://support.mozilla.org/questions/1433705,,,,,,,,,0,false,,False,
1433708,2023-12-12T15:24:00.418094Z,2023-12-12,en-US,settings,customize;,gary194,Unthreading the email threads? Why so hard?,https://support.mozilla.org/questions/1433708,,,,,,,,,1,true,0.77,True,davidsk
1433709,2023-12-12T15:24:36.398329Z,2023-12-12,en-US,settings,customize;,gary194,Unthreading the email threads,https://support.mozilla.org/questions/1433709,,,,,,,,,3,true,0.74,True,davidsk
1433712,2023-12-12T15:42:56.685491Z,2023-12-12,en-US,troubleshooting,fix-problems;,canderim,Address Book Import /Export Too Slow,https://support.mozilla.org/questions/1433712,,,,,,,,,0,false,,False,
1433716,2023-12-12T15:57:08.892472Z,2023-12-12,en-US,other,other;,marketing95,Bad Quality E-mail Signature Image,https://support.mozilla.org/questions/1433716,,,,,,,,,1,true,0.27,False,
1433717,2023-12-12T16:01:30.760704Z,2023-12-12,en-US,other,other;,caracara1829,"out going email, does not work",https://support.mozilla.org/questions/1433717,,,,,,m:spectrum,proto:imap;proto:smtp;proto:pop,,2,true,1.63,False,
1433723,2023-12-12T16:45:56.364390Z,2023-12-12,en-US,calendar,calendar;,keithdw,Thunderbird Calendar showing nonexistent events when sync'd with Google Calendar.,https://support.mozilla.org/questions/1433723,,,,,,m:gmail,,,3,true,0.77,False,
1433725,2023-12-12T16:50:43.631472Z,2023-12-12,en-US,troubleshooting,fix-problems;,mev41,Thunderbird upgrade to 115.5.2 caused my calendar events to disappear,https://support.mozilla.org/questions/1433725,os:windows,,,,,,,,2,true,271.31,True,mev41
1433726,2023-12-12T16:52:17.233934Z,2023-12-12,en-US,other,other;,dupontkearney,Can't open attachments on old emails,https://support.mozilla.org/questions/1433726,os:windows,,,,,,,,1,false,,True,dupontkearney
1433728,2023-12-12T16:57:09.447233Z,2023-12-12,en-US,email-and-messaging,windows-7;deployment;,les.firth,"You,ve lost my email programme...does deploy mean you can get me back to a simple e-mail programme",https://support.mozilla.org/questions/1433728,os:windows,Windows 7,,,,,,,1,true,1.24,False,
1433731,2023-12-12T17:07:43.896031Z,2023-12-12,en-US,other,other;,mygng77,Log In Error Message,https://support.mozilla.org/questions/1433731,,,,,,,,,1,true,0.21,False,
1433732,2023-12-12T17:18:47.020995Z,2023-12-12,en-US,settings,customize;,amethyst2451,in version 115.5.2 Some messages are still missing after view>sort by>unthreaded,https://support.mozilla.org/questions/1433732,,,,,,,,,1,true,0.08,False,
1433733,2023-12-12T17:21:41.772031Z,2023-12-12,en-US,other,other;,brett47,I do not see messages in the preview pane at all (win10),https://support.mozilla.org/questions/1433733,os:windows,,,,,,,,2,true,20.91,False,
1433734,2023-12-12T17:27:05.811840Z,2023-12-12,en-US,installation-and-updates,download-and-install_1;,martin_direct,Account setup fails to find settings (but works ok in New Outlook?),https://support.mozilla.org/questions/1433734,,,,,,m:microsoftemail,,,2,true,1.16,True,sfhowes
1433735,2023-12-12T17:35:35.956969Z,2023-12-12,en-US,settings,customize;,Electrojim,Is it possible to rename the Thunderbird Junk folder?,https://support.mozilla.org/questions/1433735,,,,,,,,,1,true,6797.17,False,
1433736,2023-12-12T17:43:28.801124Z,2023-12-12,en-US,troubleshooting,fix-problems;,tomislav.sinkovic.79,Thunderbird crash every time I select Send Later,https://support.mozilla.org/questions/1433736,os:windows,,,,,,,,2,true,1.24,True,wsmwk
1433737,2023-12-12T18:00:44.267718Z,2023-12-12,en-US,other,other;,tmichael.mcnulty,Outlook event invites display as blank e-mails in Thunderbird,https://support.mozilla.org/questions/1433737,os:linux,,,,,m:microsoftemail,proto:imap,,1,false,,True,tmichael.mcnulty
1433739,2023-12-12T18:02:02.136745Z,2023-12-12,it,other,other;,info10450,posta in arrivo,https://support.mozilla.org/questions/1433739,,,,,,,,,3,true,13.01,False,
1433740,2023-12-12T18:13:40.493989Z,2023-12-12,en-US,troubleshooting,fix-problems;,firefox.mc15c,All Tags Removed for imap folder,https://support.mozilla.org/questions/1433740,,,,,,m:protonmail,proto:imap,,5,true,270.15,False,
1433741,2023-12-12T18:19:56.861247Z,2023-12-12,en-US,calendar,calendar;,rbeldin,Thunderbird 115.5.1 (64-bit) on Kubuntu 22.04 will not display meeting invite times and dates,https://support.mozilla.org/questions/1433741,os:linux,,,,,m:microsoftemail,,,3,false,,False,
1433742,2023-12-12T18:25:23.392741Z,2023-12-12,en-US,troubleshooting,fix-problems;,Jamesrsamec41,"Cannot send nor answer, emails, again.",https://support.mozilla.org/questions/1433742,,,,,,,,av:norton,1,true,1.95,False,
1433744,2023-12-12T18:38:52.426308Z,2023-12-12,en-US,troubleshooting,fix-problems;,fwiter,"Thunderbird User Interface Frozen, Still Processes Incoming Messages (win10)",https://support.mozilla.org/questions/1433744,os:windows,,,,,,,,1,true,19.72,False,
1433745,2023-12-12T18:39:36.433467Z,2023-12-12,en-US,other,other;,nicastro6,Thunderbird Email,https://support.mozilla.org/questions/1433745,,,,,,,,,2,true,2.11,False,
1433749,2023-12-12T19:43:51.955876Z,2023-12-12,en-US,troubleshooting,fix-problems;,dan290,Not receiving emails on my TB program after recent update to 115.5.2 (64-bit),https://support.mozilla.org/questions/1433749,os:windows,,,,,m:microsoftemail;m:yahooemail,,,2,true,18.55,False,
1433752,2023-12-12T20:46:18.804438Z,2023-12-12,en-US,installation-and-updates,download-and-install_1;,SecretarisVZC,Archives,https://support.mozilla.org/questions/1433752,,,,,,,,,0,false,,False,
1433753,2023-12-12T20:49:19.806815Z,2023-12-12,en-US,settings,customize;,vze1gb6db,"folders and toolbars are white text on black, I want the opposite",https://support.mozilla.org/questions/1433753,,,,,,,,,1,true,11.89,False,
1433754,2023-12-12T20:56:46.171020Z,2023-12-12,en-US,installation-and-updates,download-and-install_1;,ibrownharrogate,thunderbird disconnecting from gmail connecting to yahoo,https://support.mozilla.org/questions/1433754,,,,,,m:gmail;m:yahooemail,,,4,true,0.61,False,
1433762,2023-12-13T00:21:04.631000Z,2023-12-13,en-US,other,other;,MrAclos,How to auto capitalize letters after starting a new sentence?,https://support.mozilla.org/questions/1433762,,,,,,,,,3,true,0.87,False,
1433763,2023-12-13T00:44:49.598940Z,2023-12-13,en-US,privacy-and-security,privacy-and-security_1;,ikjcir2,when activating thunderbird after 15 seconds all new emails show they're read,https://support.mozilla.org/questions/1433763,,,,,,,,,2,true,3.18,False,
1433765,2023-12-13T01:02:33.262499Z,2023-12-13,en-US,other,other;,mozilla490,Thunderbird has problems notifying of unread eMail when folders are nested.,https://support.mozilla.org/questions/1433765,,,,,,,,,1,true,2.85,False,
1433766,2023-12-13T01:07:55.389357Z,2023-12-13,en-US,other,other;,bullishbob,typing math exponents squared and cubed in thunderbird,https://support.mozilla.org/questions/1433766,os:linux,,,,,,,,3,true,2.73,False,
1433767,2023-12-13T01:07:58.924513Z,2023-12-13,en-US,troubleshooting,fix-problems;,steakmate,cannot reply or send emails on Thunerbird,https://support.mozilla.org/questions/1433767,,,,,,,,,0,false,,False,
1433768,2023-12-13T01:33:51.265192Z,2023-12-13,en-US,other,other;,bullishbob,thunderbird inbox,https://support.mozilla.org/questions/1433768,,,,,,,,,0,false,,False,
1433771,2023-12-13T01:45:45.858945Z,2023-12-13,en-US,troubleshooting,fix-problems;,captainnice,"HELP!  Should I reinstall?  Getting Thunderbird error ""Unable to open the summary file for Inbox on *email*@gmail.com. P",https://support.mozilla.org/questions/1433771,os:windows,,,,,m:gmail,,,4,true,281.33,False,
1433773,2023-12-13T02:43:11.035306Z,2023-12-13,en-US,settings,customize;,boba41,adjust font,https://support.mozilla.org/questions/1433773,,,,,,,,,25,true,9.45,True,boba41
1433774,2023-12-13T03:12:35.417915Z,2023-12-13,en-US,other,other;,econklin4,Address books,https://support.mozilla.org/questions/1433774,os:macos,,macos:sonoma,,,,,,0,false,,False,
1433775,2023-12-13T03:14:01.621239Z,2023-12-13,en-US,troubleshooting,fix-problems;,willyrick,"115.5.2 (32-bit) update, Thunderbird is now broken (win 8.1)",https://support.mozilla.org/questions/1433775,os:windows,,,,,,proto:imap;proto:pop,,2,true,11.02,False,
1433779,2023-12-13T03:54:43.685330Z,2023-12-13,en-US,other,other;,bullishbob,toggle between light and dark themes,https://support.mozilla.org/questions/1433779,os:linux,,,,,,,,7,true,18.63,False,
1433784,2023-12-13T05:16:46.204369Z,2023-12-13,en-US,other,other;,mozilla490,Thunderbird has problems notifying of unread eMail when folders are nested.,https://support.mozilla.org/questions/1433784,,,,,,,,,1,true,12.96,False,
1433789,2023-12-13T08:19:40.202857Z,2023-12-13,es,troubleshooting,fix-problems;,frankgoci2,Recivir mensajes nuevos al iniciar thunderbird,https://support.mozilla.org/questions/1433789,,,,,,,,,1,true,92.45,False,
1433790,2023-12-13T08:22:10.696902Z,2023-12-13,es,other,other;,saintjacquespublicidad,Mensaje que se muestra no es el correcto,https://support.mozilla.org/questions/1433790,,,,,,,,,1,true,112.34,False,
1433791,2023-12-13T08:27:44.838978Z,2023-12-13,en-US,troubleshooting,fix-problems;,alhemikas91,Thunderbird irc chat,https://support.mozilla.org/questions/1433791,,,,,,,,,0,false,,False,
1433794,2023-12-13T09:54:47.041696Z,2023-12-13,en-US,troubleshooting,fix-problems;,annemie.vergote2,thunderbird outgoing mails,https://support.mozilla.org/questions/1433794,,,,,,m:skynet_be,,,6,true,8.21,False,
1433797,2023-12-13T10:42:31.944763Z,2023-12-13,cs,settings,customize;,jirka.adamek23,Gesta myší,https://support.mozilla.org/questions/1433797,,,,,,,,,2,true,5.35,False,
1433800,2023-12-13T11:07:30.179075Z,2023-12-13,it,privacy-and-security,privacy-and-security_1;needsinfo;,mariella.arrizza,sicurezza e privacy: non è operativa la crittografia end to end - versione 115.5.1,https://support.mozilla.org/questions/1433800,,,,,,,,,1,true,4.5,False,
1433805,2023-12-13T12:59:50.580887Z,2023-12-13,it,settings,customize;,alphafoxtrot12,Modalità CARTELLE UNIFICATE,https://support.mozilla.org/questions/1433805,,,,,,,,,1,true,27.45,False,
1433807,2023-12-13T13:21:53.529169Z,2023-12-13,en-US,other,other;,igholmes,"gmail server failure on thunderbird in the last week,maybe google or microsoft",https://support.mozilla.org/questions/1433807,,,,,,m:gmail,,,1,true,2.73,False,
1433811,2023-12-13T14:25:27.231132Z,2023-12-13,en-US,settings,customize;,matthew81,"email organisation of inbox - I need columns date, subject, from, etc",https://support.mozilla.org/questions/1433811,,,,,,,,,6,true,1.38,False,
1433812,2023-12-13T15:03:16.783795Z,2023-12-13,es,troubleshooting,fix-problems;,silverstrategy33,mails are not shown,https://support.mozilla.org/questions/1433812,,,,,,,,,1,true,85.01,False,
1433813,2023-12-13T15:28:42.022451Z,2023-12-13,en-US,calendar,calendar;,damo.bloggs,"""No importable items found in the file"" - failed attempt to import .ics file",https://support.mozilla.org/questions/1433813,,,,,,,,,0,false,,False,
1433814,2023-12-13T15:34:05.308162Z,2023-12-13,en-US,troubleshooting,fix-problems;,jdfoote1,"Email appears in Outlook Inbox, says it's in my inbox, but it isn't there.",https://support.mozilla.org/questions/1433814,,,,,,m:microsoftemail,,,0,false,,False,
1433816,2023-12-13T16:07:26.555178Z,2023-12-13,en-US,other,other;,rtilbury,Thread display under 115.5.1,https://support.mozilla.org/questions/1433816,,,,,,,,,0,false,,False,
1433817,2023-12-13T16:16:30.942389Z,2023-12-13,es,troubleshooting,fix-problems;needsinfo;,flopez1930,Mensajes enviados en negrita,https://support.mozilla.org/questions/1433817,,,,,,,,,1,true,104.63,False,
1433818,2023-12-13T16:21:05.266346Z,2023-12-13,en-US,installation-and-updates,download-and-install_1;,bduprey,Account migration issue for outgoing messages,https://support.mozilla.org/questions/1433818,,,,,,,proto:imap;proto:smtp;proto:pop,,9,true,0.67,True,sfhowes
1433824,2023-12-13T17:40:53.669957Z,2023-12-13,en-US,other,other;,HerbertM,Not getting or sending e mail on one of 3 profies,https://support.mozilla.org/questions/1433824,os:windows,,,,,m:comcast,,,0,false,,False,
1433827,2023-12-13T17:51:12.155234Z,2023-12-13,en-US,settings,customize;,jackson14,"My internet APP, my emal APPS are GONE???",https://support.mozilla.org/questions/1433827,,,,,,m:gmail,,,0,false,,False,
1433829,2023-12-13T17:58:17.979077Z,2023-12-13,en-US,troubleshooting,fix-problems;,ME405,Can't change server settings. Deleted email account returns on restart. Added account disappears.,https://support.mozilla.org/questions/1433829,,,,,,,proto:smtp,,12,true,468.06,False,
1433830,2023-12-13T18:03:35.284997Z,2023-12-13,en-US,other,other;,parts15,SMPT PREVENTING ME FROM SEDING EMAILS,https://support.mozilla.org/questions/1433830,,,,,,,,,1,true,0.39,False,
1433832,2023-12-13T18:27:47.994371Z,2023-12-13,en-US,troubleshooting,fix-problems;,AvidResearcher,TB v115.5.1,https://support.mozilla.org/questions/1433832,,,,,,,,,4,true,17.43,False,
1433833,2023-12-13T18:46:15.351201Z,2023-12-13,en-US,troubleshooting,fix-problems;,Rubbishization,Unable To Login - Thunderbird Failed To Find the Settings For Your Email Account,https://support.mozilla.org/questions/1433833,,,,,,m:spectrum,proto:imap;proto:smtp,,1,true,3.7,False,
1433836,2023-12-13T19:04:14.896567Z,2023-12-13,en-US,settings,customize;,TaylorNorth2,Email filters no longer work in TB 115,https://support.mozilla.org/questions/1433836,,,,,,,,,12,true,16.84,False,
1433837,2023-12-13T19:20:56.721290Z,2023-12-13,en-US,other,other;,parker.here,Information required to donate,https://support.mozilla.org/questions/1433837,,,,,,,,,2,true,3.25,False,
1433838,2023-12-13T19:25:47.460809Z,2023-12-13,cs,settings,customize;needsinfo;,nandit1958,Nastavení záhlavní lišty,https://support.mozilla.org/questions/1433838,,,,,,m:seznam,,,6,true,2.32,False,
1433840,2023-12-13T19:40:53.420897Z,2023-12-13,en-US,troubleshooting,fix-problems;,sdc16,Thunderbird 115.5.2 Can send but not receive emails (uk),https://support.mozilla.org/questions/1433840,,,,,,m:microsoftemail,,,2,true,14.06,False,
1433843,2023-12-13T20:24:17.692857Z,2023-12-13,en-US,privacy-and-security,privacy-and-security_1;,woodturk3,change signin,https://support.mozilla.org/questions/1433843,,,,,,,,,1,true,2.17,False,
1433846,2023-12-13T21:10:04.442185Z,2023-12-13,en-US,installation-and-updates,download-and-install_1;,lubbersk,Migrate Thunderbird profile from backup to new computer Windows 11,https://support.mozilla.org/questions/1433846,os:windows,,,,,,,,6,true,0.65,True,davidsk
1433847,2023-12-13T21:13:53.281504Z,2023-12-13,en-US,other,other;,brucestott1,alternative mail customer,https://support.mozilla.org/questions/1433847,,,,,,,,,1,true,1.28,False,
1433848,2023-12-13T21:15:29.284972Z,2023-12-13,en-US,other,other;,brucestott1,alternative mail customer,https://support.mozilla.org/questions/1433848,,,,,,,,,1,true,0.37,False,
1433849,2023-12-13T21:20:11.746213Z,2023-12-13,en-US,settings,customize;,uniland44,Thunderbird 115.5.2 Remove duplicates not working,https://support.mozilla.org/questions/1433849,,,,,,,,,3,true,0.28,True,davidsk
1433851,2023-12-13T22:07:11.632101Z,2023-12-13,en-US,other,other;,eberger5,Search finds emails that then are unavailable to open,https://support.mozilla.org/questions/1433851,os:windows,,,,,,,,1,true,11.56,True,MattAuSupport
1433852,2023-12-13T22:09:11.030396Z,2023-12-13,en-US,other,other;,eberger5,Suggestion - global search does not find item based on part of a word (feature or bug?),https://support.mozilla.org/questions/1433852,os:windows,,,,,,,,2,true,13.9,True,wsmwk
1433854,2023-12-13T22:20:44.579910Z,2023-12-13,en-US,privacy-and-security,privacy-and-security_1;,frank_cordrey,Thunderbird login,https://support.mozilla.org/questions/1433854,,,,,,m:microsoftemail,,,17,true,0.14,False,
1433857,2023-12-13T22:30:20.213481Z,2023-12-13,en-US,other,other;,bullishbob,how do i find my previous questions on the forum,https://support.mozilla.org/questions/1433857,,,,,,,,,2,true,0.05,False,
1433859,2023-12-13T23:19:59.459622Z,2023-12-13,en-US,troubleshooting,fix-problems;,wc.moore,thinkpad updates and windows 11 pro crashes,https://support.mozilla.org/questions/1433859,os:windows,,,,,,,,1,false,,False,
1433862,2023-12-13T23:53:19.618389Z,2023-12-13,en-US,other,other;,glasstec,Cannot log in and Cannot receive emails!!  Please contact me ASAP  [removed],https://support.mozilla.org/questions/1433862,,,,,,,,,1,true,9.76,False,
1433863,2023-12-14T00:49:24.481789Z,2023-12-14,en-US,settings,customize;,MurfOscar,"Resetting of font sizes / Unable to access ""Config Editor"" after scrollng down to bottom fo page reached from ""Thunderbi",https://support.mozilla.org/questions/1433863,,,,,,,,,2,true,11.1,True,MurfOscar
1433864,2023-12-14T01:01:19.744278Z,2023-12-14,en-US,other,other;,smallridge2,bluehost email setup in thunderbird,https://support.mozilla.org/questions/1433864,,,,,,,proto:imap,,1,true,8.02,False,
1433868,2023-12-14T01:29:35.985950Z,2023-12-14,en-US,installation-and-updates,download-and-install_1;,fittyfu,exported file (.zip) is damaged,https://support.mozilla.org/questions/1433868,,,,,,,,,1,true,7.38,False,
1433869,2023-12-14T01:50:58.188829Z,2023-12-14,en-US,other,other;,steve400,I've been attempting to cancel my auto pay subscription for months on end.  I'm very upset.,https://support.mozilla.org/questions/1433869,,,,,,,,,2,true,6.95,False,
1433872,2023-12-14T02:36:28.576156Z,2023-12-14,en-US,installation-and-updates,download-and-install_1;,JonathanWexler,profiles.ini file not doing what I need it to (and it used to),https://support.mozilla.org/questions/1433872,,,,,,,,,2,true,6.12,False,
1433875,2023-12-14T03:56:51.413788Z,2023-12-14,en-US,installation-and-updates,download-and-install_1;,symetec,Supernova upgrade displaces subfolders,https://support.mozilla.org/questions/1433875,,,,,,m:gmail,,,0,false,,False,
1433880,2023-12-14T05:15:07.851616Z,2023-12-14,en-US,calendar,calendar;,jimboyle,Thunderbird 115.2 access to Google calendar formatted as Mozilla,https://support.mozilla.org/questions/1433880,,,,,,,,,2,true,3.42,False,
1433881,2023-12-14T05:35:09.756218Z,2023-12-14,en-US,troubleshooting,fix-problems;,perigreece,"Lost folders, lost messages and double folders",https://support.mozilla.org/questions/1433881,,,,,,m:gmail,,,0,false,,False,
1433884,2023-12-14T05:44:47.012342Z,2023-12-14,en-US,troubleshooting,fix-problems;,rcbnetworking,strange behavior,https://support.mozilla.org/questions/1433884,,,,,,,,,1,true,2.8,False,
1433885,2023-12-14T06:00:27.522394Z,2023-12-14,en-US,installation-and-updates,download-and-install_1;,ake.h,Downgrade,https://support.mozilla.org/questions/1433885,,,,,,,,,2,true,2.64,False,
1433886,2023-12-14T06:08:00.811544Z,2023-12-14,en-US,troubleshooting,fix-problems;,jazza_sg,Update 115.5.2 slows my laptop down,https://support.mozilla.org/questions/1433886,os:windows,,,,,,,,1,true,5.63,False,
1433888,2023-12-14T06:18:22.448005Z,2023-12-14,en-US,other,other;,kurtfaasse,donation,https://support.mozilla.org/questions/1433888,,,,,,,,,1,true,2.13,False,
1433891,2023-12-14T06:59:38.007228Z,2023-12-14,en-US,settings,customize;,smutnyvyar,Thunderbird,https://support.mozilla.org/questions/1433891,,,,,,,,,2,true,1.35,False,
1433901,2023-12-14T10:01:38.455552Z,2023-12-14,it,other,other;,luigi.p,Non visualizzo e non ricevo allegati,https://support.mozilla.org/questions/1433901,,,,,,,,,2,true,1.66,True,luigi.p
1433906,2023-12-14T11:42:39.438060Z,2023-12-14,en-US,installation-and-updates,download-and-install_1;,mbentonw,Thunderbird Install,https://support.mozilla.org/questions/1433906,os:windows,,,,,,,,3,true,3.24,False,
1433907,2023-12-14T11:54:37.708759Z,2023-12-14,en-US,settings,customize;,slowtoreply,"Including Sub-Folders in a ""Favorites"" folder",https://support.mozilla.org/questions/1433907,,,,,,,,,0,false,,False,
1433910,2023-12-14T12:36:04.699010Z,2023-12-14,en-US,settings,customize;,Saink_Kan,Thunderbird notification sound in MacOS Sonoma not working properly,https://support.mozilla.org/questions/1433910,os:macos,,macos:sonoma;macos:ventura,,,,,,0,false,,False,
1433913,2023-12-14T13:32:07.656248Z,2023-12-14,en-US,installation-and-updates,download-and-install_1;,ghorgan1,"Thunderbird disappeared. new downloaded one has nothing, no menus no mail. nothing",https://support.mozilla.org/questions/1433913,os:windows,,,,,,,,3,true,30.3,False,
1433914,2023-12-14T13:49:17.637565Z,2023-12-14,en-US,troubleshooting,fix-problems;,silvernaish,Credentials issue,https://support.mozilla.org/questions/1433914,,,,,,m:gmail,proto:pop,,1,true,1.71,False,
1433917,2023-12-14T13:57:40.175832Z,2023-12-14,en-US,settings,customize;,s_kuettel,tbsync with hotmail calendar works with one account but not with the other,https://support.mozilla.org/questions/1433917,os:windows,,,,,m:microsoftemail,,,0,false,,False,
1433919,2023-12-14T14:41:20.338980Z,2023-12-14,en-US,troubleshooting,fix-problems;,banconi,Message header pane lost,https://support.mozilla.org/questions/1433919,,,,,,,,,4,true,0.21,False,
1433921,2023-12-14T15:16:12.859552Z,2023-12-14,en-US,troubleshooting,fix-problems;,ulrike.vogt.aug,How can I stop or block spam emails?,https://support.mozilla.org/questions/1433921,,,,,,,,,1,true,1.07,False,
1433922,2023-12-14T15:35:15.546121Z,2023-12-14,en-US,installation-and-updates,download-and-install_1;,lizzie4,Error Message upon set up: failed to prepare message for import,https://support.mozilla.org/questions/1433922,,,,,,,,,0,false,,False,
1433923,2023-12-14T15:38:34.188966Z,2023-12-14,en-US,installation-and-updates,download-and-install_1;,ukn.shopping,Thunderbird do not let me open my profile,https://support.mozilla.org/questions/1433923,,,,,,,,,3,true,0.48,False,
1433924,2023-12-14T15:58:41.843135Z,2023-12-14,en-US,other,other;,matt206,lost email folder - Urgent!,https://support.mozilla.org/questions/1433924,,,,,,,,,12,true,635.37,True,wsmwk
1433929,2023-12-14T16:18:05.224537Z,2023-12-14,en-US,troubleshooting,fix-problems;,kenogan,Cannot send messages in Thunderbird.,https://support.mozilla.org/questions/1433929,,,,,,,,,8,true,0.09,True,kenogan
1433933,2023-12-14T16:29:56.941988Z,2023-12-14,en-US,other,other;,tribaljbc,wondering about merch,https://support.mozilla.org/questions/1433933,,,,,,,,,1,true,2.79,False,
1433934,2023-12-14T16:30:13.632251Z,2023-12-14,en-US,troubleshooting,fix-problems;,hasan.shah,Email  yor account is being processed issue,https://support.mozilla.org/questions/1433934,,,,,,,,,0,false,,False,
1433935,2023-12-14T16:37:11.599386Z,2023-12-14,en-US,troubleshooting,fix-problems;,mdbastron,Thunderbird stopped sending mail,https://support.mozilla.org/questions/1433935,os:macos,,macos:ventura,,,m:spectrum,,,1,true,634.71,False,
1433936,2023-12-14T16:46:36.563920Z,2023-12-14,en-US,installation-and-updates,download-and-install_1;,rdg_tech,Windows 7 Laptop to Windows 10 Laptop Thunderbird,https://support.mozilla.org/questions/1433936,os:windows,,,,,m:microsoftemail,,,1,true,76.56,False,
1433938,2023-12-14T17:04:28.771382Z,2023-12-14,en-US,other,other;,rustyhaight,Initial message display,https://support.mozilla.org/questions/1433938,,,,,,,,,0,false,,False,
1433939,2023-12-14T17:09:56.377857Z,2023-12-14,en-US,other,other;,scaruffi,threaded messages,https://support.mozilla.org/questions/1433939,,,,,,,,,3,true,2.5,False,
1433940,2023-12-14T17:14:19.670237Z,2023-12-14,en-US,other,other;,leppdesign.marketing,Email attachments from Business Partner have disappeared,https://support.mozilla.org/questions/1433940,,,,,,,,,10,true,2.61,False,
1433941,2023-12-14T17:19:24.735852Z,2023-12-14,en-US,calendar,calendar;,dnidzgorski,Thunderbird calendar will only sync if I quit and restart,https://support.mozilla.org/questions/1433941,,,,,,,,,0,false,,False,
1433944,2023-12-14T17:51:41.569166Z,2023-12-14,en-US,privacy-and-security,privacy-and-security_1;,n.essle,Server will not accept my new password,https://support.mozilla.org/questions/1433944,os:macos,,macos:high_sierra,,,,,,3,true,633.44,False,
1433945,2023-12-14T18:02:57.005312Z,2023-12-14,en-US,other,other;,DougCantReadEMail,Thunderbird cannot get Google approval via oauth,https://support.mozilla.org/questions/1433945,,,,,,m:gmail,proto:oauth,,4,true,25.81,False,
1433946,2023-12-14T18:04:21.753355Z,2023-12-14,en-US,other,other;,steve.long4,Preserving local e-mail files while clearing IMAP server files,https://support.mozilla.org/questions/1433946,,,,,,,proto:imap;proto:pop,,20,true,1.46,False,
1433950,2023-12-14T18:11:52.079619Z,2023-12-14,en-US,other,other;,jonathan67,Thunderbird -- Changes to files (size increase) on 11/30/2023,https://support.mozilla.org/questions/1433950,,,,,,,,av:bitdefender,9,true,30.25,False,
1433954,2023-12-14T19:01:00.035705Z,2023-12-14,en-US,troubleshooting,fix-problems;,scopa,Thunderbird crashes regularly when Quickbooks is open.,https://support.mozilla.org/questions/1433954,os:windows,,,,,,,,1,true,0.05,False,
1433956,2023-12-14T20:01:39.434002Z,2023-12-14,en-US,privacy-and-security,privacy-and-security_1;,LesK13,"TB 115.5.2 Not showing remote graphics on only one account (Win 11, latest everything)",https://support.mozilla.org/questions/1433956,os:windows,,,,,m:microsoftemail,,,0,false,,False,
1433957,2023-12-14T20:04:10.277460Z,2023-12-14,en-US,troubleshooting,fix-problems;,roger.saltzman,Epson Printing Error,https://support.mozilla.org/questions/1433957,os:macos,,macos:mojave,,,,,,0,false,,False,
1433959,2023-12-14T20:36:11.583799Z,2023-12-14,en-US,other,other;,jacks,How do I prevent the Thunderbird spell checker from obscuring the email that it is checking? Thunderbird v115 on macos 1,https://support.mozilla.org/questions/1433959,os:macos,,macos:sonoma,,,,,,1,true,43.78,False,
1433960,2023-12-14T20:54:20.841218Z,2023-12-14,en-US,other,other;,sandymrc,cannot send email. bug can receive emails.,https://support.mozilla.org/questions/1433960,,,,,,m:mediacom,proto:smtp,,1,true,41.49,False,
1433964,2023-12-14T21:14:20.868454Z,2023-12-14,en-US,email-and-messaging,linux;desktop;download-and-install_1;firefox-1200;firefox-12001;,jamby426,http link in thunderbird opens a new window in firefox but dosen't connect the url,https://support.mozilla.org/questions/1433964,os:linux,Linux,,,,,,,1,false,,False,
1433965,2023-12-14T21:15:24.982374Z,2023-12-14,en-US,other,other;,appraisals,Slow to Receive Emails,https://support.mozilla.org/questions/1433965,,,,,,,,,0,false,,False,
1433966,2023-12-14T21:16:15.888596Z,2023-12-14,en-US,settings,customize;,johnbsamuel,"In this latest version 115.5.2 (64-bit), I cant color my text.",https://support.mozilla.org/questions/1433966,,,,,,,,,1,true,3.29,False,
1433970,2023-12-14T21:30:43.472193Z,2023-12-14,en-US,troubleshooting,fix-problems;,rew-q,"nwr-raw@att.net is a 3000member nonprofit that paid for T-bird 7 months ago,but can only receive & not send. Please fix ",https://support.mozilla.org/questions/1433970,,,,,,m:att,,,1,true,7.45,False,
1433972,2023-12-14T21:47:44.390093Z,2023-12-14,en-US,other,other;,gredden,Remove/delete messages from server after moving messages to local folders,https://support.mozilla.org/questions/1433972,,,,,,,,,3,true,7.21,False,
1433973,2023-12-14T22:10:06.147575Z,2023-12-14,en-US,installation-and-updates,download-and-install_1;,phil194,keeping thunderbird versions in sync on two OSes,https://support.mozilla.org/questions/1433973,os:linux,,,,,,,,2,true,13.62,True,davidsk
1433974,2023-12-14T22:13:22.880757Z,2023-12-14,en-US,calendar,calendar;,gil.charters,duplicate entries in calendar,https://support.mozilla.org/questions/1433974,,,,,,,,,1,false,,True,gil.charters
1433975,2023-12-14T22:24:30.939103Z,2023-12-14,en-US,settings,customize;,houghtonw04,how to limit storage of Thunderbird mail to two weeks,https://support.mozilla.org/questions/1433975,,,,,,,,,1,true,13.33,False,
1433976,2023-12-14T22:48:37.838385Z,2023-12-14,en-US,privacy-and-security,privacy-and-security_1;,maxnmike82,Thunderbird 115.5.2 not accepting some passwords with comcast,https://support.mozilla.org/questions/1433976,,,,,,m:comcast,,,0,false,,False,
1433979,2023-12-14T23:41:05.582296Z,2023-12-14,en-US,settings,customize;,q4,Thunderbird 115.5.0 delete button moves on click for different message,https://support.mozilla.org/questions/1433979,,,,,,,,,2,true,24.94,True,q4
1433980,2023-12-14T23:41:10.337535Z,2023-12-14,en-US,other,other;,lenartm,google authentication problem,https://support.mozilla.org/questions/1433980,,,,,,m:gmail,proto:oauth,,0,false,,False,
1433981,2023-12-14T23:57:46.460819Z,2023-12-14,en-US,other,other;,andreyhab,"The limit on the number of suggestions in the ""to"" field.",https://support.mozilla.org/questions/1433981,,,,,,,,,1,true,26.2,False,
1433984,2023-12-15T01:19:02.022132Z,2023-12-15,en-US,installation-and-updates,download-and-install_1;,chelma1,importing aol folders to thunderbird,https://support.mozilla.org/questions/1433984,os:windows,,,,,m:yahooemail;m:verizon,,,0,false,,False,
1433988,2023-12-15T02:31:36.289722Z,2023-12-15,en-US,settings,customize;,RedJock_46,Strange - some folders open expanded but others do not and different each session!,https://support.mozilla.org/questions/1433988,,,,,,,,,7,true,1825.66,False,
1433990,2023-12-15T03:08:36.953574Z,2023-12-15,en-US,other,other;,sam160,I have Thunderbird installed on two computers and I cannot get TB to send emails.,https://support.mozilla.org/questions/1433990,,,,,,m:spectrum,,,1,true,16.32,False,
1433993,2023-12-15T04:06:40.803677Z,2023-12-15,en-US,email-and-messaging,desktop;other;windows-10;firefox-1200;,gwestlun,Deleted Messages showing up as read (old was Bug 1856993),https://support.mozilla.org/questions/1433993,os:windows,Windows 10,,,,m:spectrum,proto:imap,,0,false,,False,
1433995,2023-12-15T05:19:40.203939Z,2023-12-15,en-US,other,other;,Bangfeast,Merge identical named folder contents,https://support.mozilla.org/questions/1433995,,,,,,,,,0,false,,False,
1434003,2023-12-15T06:29:31.975829Z,2023-12-15,en-US,other,other;,AlphaCat,Trash folder,https://support.mozilla.org/questions/1434003,os:windows,,,,,,,,1,true,4.93,True,davidsk
1434008,2023-12-15T09:23:23.412711Z,2023-12-15,it,other,other;,danielegriotti,Errore invio email,https://support.mozilla.org/questions/1434008,,,,,,m:gmail,,,5,true,0.51,False,
1434013,2023-12-15T12:13:35.692771Z,2023-12-15,en-US,troubleshooting,fix-problems;,scott.leighton,unable to send email after update,https://support.mozilla.org/questions/1434013,,,,,,m:microsoftemail,,,1,true,7.17,False,
1434014,2023-12-15T12:42:46.309939Z,2023-12-15,en-US,other,other;,madadmin,OAuth2 fail with gmail account,https://support.mozilla.org/questions/1434014,,,,,,m:gmail;m:microsoftemail,proto:oauth,,0,false,,False,
1434016,2023-12-15T14:07:36.246490Z,2023-12-15,en-US,privacy-and-security,privacy-and-security_1;,fa2734,Thunderbird Update forgets att.net email account password,https://support.mozilla.org/questions/1434016,,,,,,m:yahooemail;m:att,,,2,true,12.89,False,
1434017,2023-12-15T14:08:14.880949Z,2023-12-15,pt-BR,troubleshooting,fix-problems;,helpdigital89,Problemas para receber emails.,https://support.mozilla.org/questions/1434017,,,,,,,,,0,false,,False,
1434021,2023-12-15T15:13:25.034013Z,2023-12-15,en-US,installation-and-updates,download-and-install_1;,nv.zotov,icloud connection when Apple ID is not an icloud.com email address,https://support.mozilla.org/questions/1434021,os:windows,,,,,m:icloud,,,5,true,11.77,True,nv.zotov
1434022,2023-12-15T15:28:56.478134Z,2023-12-15,en-US,settings,customize;,dfcurry,"missing all message header buttons Reply, Forward, Delete, etc",https://support.mozilla.org/questions/1434022,,,,,,m:microsoftemail,,,2,true,2.16,False,
1434028,2023-12-15T17:06:58.630775Z,2023-12-15,en-US,other,other;,fionna.pilgrim,email,https://support.mozilla.org/questions/1434028,,,,,,,,,1,true,5.91,False,
1434034,2023-12-15T17:38:26.802908Z,2023-12-15,en-US,privacy-and-security,privacy-and-security_1;,diamondmask67,Reset Password,https://support.mozilla.org/questions/1434034,os:windows,,,,,m:comcast,,,1,true,5.35,False,
1434038,2023-12-15T17:48:16.557696Z,2023-12-15,en-US,other,other;,mzellinger,Inline reply,https://support.mozilla.org/questions/1434038,,,,,,,,,5,true,0.96,True,davidsk
1434043,2023-12-15T18:42:31.295087Z,2023-12-15,en-US,installation-and-updates,download-and-install_1;,turkteesha,Can't Use Institutional Emails with Thunderbird,https://support.mozilla.org/questions/1434043,,,,,,m:gmail;m:microsoftemail,,,1,true,0.34,False,
1434045,2023-12-15T18:44:48.752486Z,2023-12-15,en-US,other,other;,jmgiven,Email Information Missing,https://support.mozilla.org/questions/1434045,,,,,,,,,8,true,0.24,True,jmgiven
1434046,2023-12-15T18:52:38.939618Z,2023-12-15,en-US,settings,customize;,dan293,Can't control colors for Folder Properties window within Thunderbird theme.,https://support.mozilla.org/questions/1434046,,,,,,,,,4,true,8.76,False,
1434051,2023-12-15T19:44:54.189911Z,2023-12-15,en-US,troubleshooting,fix-problems;,captainnice,Unable to open summary file for any of my inboxes...please help,https://support.mozilla.org/questions/1434051,os:windows,,,,,,,av:avast,6,true,3.14,False,
1434054,2023-12-15T19:54:06.575520Z,2023-12-15,en-US,other,other;,kitty21,msg filter not working on certain messages,https://support.mozilla.org/questions/1434054,os:windows,,,,,,,,5,true,3.05,True,kitty21
1434059,2023-12-15T20:06:20.263575Z,2023-12-15,en-US,settings,customize;,deerpic,"Folder view, menu bar, and calendar time issues",https://support.mozilla.org/questions/1434059,os:linux,,,,,,,,3,true,7.45,False,
1434067,2023-12-15T21:32:32.135854Z,2023-12-15,en-US,settings,customize;,mbouman2,Thunderbird In The Taskbar,https://support.mozilla.org/questions/1434067,,,,,,,,,1,true,0.88,False,
1434071,2023-12-15T22:14:16.648211Z,2023-12-15,en-US,other,other;,zristevski,I can't forward mail with pdf attachment,https://support.mozilla.org/questions/1434071,,,,,,,,,2,true,0.4,False,
1434073,2023-12-15T22:33:38.721398Z,2023-12-15,en-US,installation-and-updates,download-and-install_1;,fulton1,Moving from Portable TB to Installed version,https://support.mozilla.org/questions/1434073,os:windows,,,,,,,,9,true,0.1,False,
1434077,2023-12-15T23:25:53.748352Z,2023-12-15,en-US,installation-and-updates,download-and-install_1;,franklaw65,My Thunderbird won't download my emails.  Last download was on December 3.,https://support.mozilla.org/questions/1434077,,,,,,,,,2,true,1.07,False,
1434082,2023-12-16T00:03:01.764488Z,2023-12-16,en-US,calendar,calendar;,markus.k0,Cardbook sync to calendar: writes anniversaries one day too late,https://support.mozilla.org/questions/1434082,os:windows,,,,,,,,1,true,0.42,False,
1434083,2023-12-16T00:48:09.296558Z,2023-12-16,it,other,other;,ri.ser.leo,Esclusione account da ricezione messaggi dopo aggiornamento,https://support.mozilla.org/questions/1434083,,,,,,m:gmail,,,4,true,15.13,False,
1434084,2023-12-16T01:27:36.936973Z,2023-12-16,en-US,troubleshooting,fix-problems;,gbeale,Sending Emails in Thunderbird,https://support.mozilla.org/questions/1434084,,,,,,m:spectrum,proto:smtp,,1,true,1.42,False,
1434085,2023-12-16T01:45:14.652552Z,2023-12-16,en-US,settings,customize;,maat2747,Unified Inbox continues to display emails which have been moved to their respective folders in the individual accounts,https://support.mozilla.org/questions/1434085,os:windows,,,,,,,,0,false,,False,
1434086,2023-12-16T01:45:56.794302Z,2023-12-16,en-US,other,other;,richard.beach,Thunderbird Message Filters,https://support.mozilla.org/questions/1434086,,,,,,,,,1,true,14.36,False,
1434089,2023-12-16T02:46:20.570365Z,2023-12-16,en-US,calendar,calendar;,wmcole,Cannot Find/Delete Duplicate Events in Calendar,https://support.mozilla.org/questions/1434089,,,,,,,,,1,true,44.3,False,
1434092,2023-12-16T03:09:33.409521Z,2023-12-16,en-US,installation-and-updates,download-and-install_1;,jdp3322,new tbird install. won't save account,https://support.mozilla.org/questions/1434092,,,,,,,,,2,true,0.22,False,
1434106,2023-12-16T10:45:37.144669Z,2023-12-16,en-US,privacy-and-security,privacy-and-security_1;,juliuzomondi,Connection to SMTP failure,https://support.mozilla.org/questions/1434106,,,,,,,proto:smtp,,1,true,3.54,False,
1434108,2023-12-16T11:36:55.696153Z,2023-12-16,en-US,other,other;,ingeorum,No access to mails in Thunderbird after update,https://support.mozilla.org/questions/1434108,,,,,,m:gmail,,,20,true,27.39,True,ingeorum
1434110,2023-12-16T11:55:55.950427Z,2023-12-16,en-US,troubleshooting,fix-problems;,lordthistle,Thunderbird has an extremely slow startup when it can access Mac contacts,https://support.mozilla.org/questions/1434110,os:macos,,macos:sonoma,,,,,,1,true,4.6,False,
1434112,2023-12-16T13:44:00.224175Z,2023-12-16,en-US,other,other;,CyborgZeta,Thunderbird Android question,https://support.mozilla.org/questions/1434112,,,,,,,,,2,true,21.22,False,
1434113,2023-12-16T13:47:10.936275Z,2023-12-16,sl,installation-and-updates,download-and-install_1;,novakmartin,No mails in folder after migration to new computer,https://support.mozilla.org/questions/1434113,,,,,,,,,0,false,,False,
1434118,2023-12-16T14:50:59.975396Z,2023-12-16,en-US,settings,customize;,jpherault,Saving attachments,https://support.mozilla.org/questions/1434118,,,,,,,,,2,true,2.33,True,Toad-Hall
1434121,2023-12-16T15:18:01.207966Z,2023-12-16,en-US,other,other;,yoshimoschi3000,"Folder, Threads pane completely empty",https://support.mozilla.org/questions/1434121,os:linux,,,,,,,,2,true,1.09,False,
1434122,2023-12-16T15:28:58.722305Z,2023-12-16,en-US,troubleshooting,fix-problems;,lmccleery1,email,https://support.mozilla.org/questions/1434122,,,,,,m:comcast,,,2,true,0.75,False,
1434123,2023-12-16T15:33:29.937495Z,2023-12-16,en-US,other,other;,jjb.breed,Authentification mistake,https://support.mozilla.org/questions/1434123,,,,,,m:gmail,proto:imap,,28,true,1.29,False,
1434125,2023-12-16T15:44:33.793241Z,2023-12-16,en-US,privacy-and-security,privacy-and-security_1;,jkwaakslt,"Since 7 Dec. I can not get messages automatically to my In-Box. I get an error ""Unable to write the email to the mailbox",https://support.mozilla.org/questions/1434125,,,,,,m:att,,,0,false,,False,
1434126,2023-12-16T15:50:47.363428Z,2023-12-16,it,calendar,calendar;,gabriele.sagramoso,il calendario non gestisce gli invii ai partecipanti,https://support.mozilla.org/questions/1434126,,,,,,,,,5,true,0.16,False,
1434129,2023-12-16T16:23:20.982130Z,2023-12-16,en-US,other,other;,nedergaard.finn,"Empty startpage after latest update!  Error console ""0x80004005 (NS_ERROR_FAILURE) [nsIMsgFolder.server] setFolderProper",https://support.mozilla.org/questions/1434129,,,,,,,,,8,true,17.58,True,nedergaard.finn
1434133,2023-12-16T16:45:46.842985Z,2023-12-16,it,troubleshooting,fix-problems;needsinfo;,ferrante.pedroni,devo spedire una mail da tunderbird ma la scelta invia subito è sbiancata e la scelta consentita è invia dopo. scegliend,https://support.mozilla.org/questions/1434133,,,,,,,,,1,true,0.02,False,
1434135,2023-12-16T17:52:26.326610Z,2023-12-16,en-US,privacy-and-security,privacy-and-security_1;,jamsa,email password fail,https://support.mozilla.org/questions/1434135,,,,,,,,,1,true,16.03,False,
1434138,2023-12-16T18:45:57.287269Z,2023-12-16,en-US,privacy-and-security,privacy-and-security_1;,jamsa,email password,https://support.mozilla.org/questions/1434138,,,,,,,,,1,true,15.09,False,
1434140,2023-12-16T19:09:15.022652Z,2023-12-16,en-US,installation-and-updates,download-and-install_1;,user149341129350890206472605004564000906174,Address book lost after TB 115 installation on new laptop,https://support.mozilla.org/questions/1434140,,,,,,,,,8,true,1.08,False,
1434141,2023-12-16T19:51:05.075389Z,2023-12-16,en-US,other,other;needsinfo;,gmcfie,Will not send emails to my ISP after update 115.5.2,https://support.mozilla.org/questions/1434141,,,,,,m:gmail;m:microsoftemail,proto:pop,,2,true,13.9,False,
1434142,2023-12-16T19:56:03.696680Z,2023-12-16,en-US,troubleshooting,fix-problems;,edaily940,My thunderbird is slow,https://support.mozilla.org/questions/1434142,,,,,,m:gmail,,,4,true,0.32,False,
1434146,2023-12-16T20:53:45.623905Z,2023-12-16,en-US,settings,customize;,bullishbob,dark/light switch in thunderbird email,https://support.mozilla.org/questions/1434146,os:linux,,,,,,,,4,true,0.44,True,davidsk
1434147,2023-12-16T21:36:07.910830Z,2023-12-16,en-US,installation-and-updates,download-and-install_1;,m.bibby,Installing thunderbird-115.5.2 fails either auto or manually,https://support.mozilla.org/questions/1434147,,,,,,,,,1,true,11.87,False,
1434152,2023-12-16T22:38:58.322381Z,2023-12-16,en-US,email-and-messaging,windows-7;desktop;other;,jdp0806,"Saved emails disappear from one folder, why?",https://support.mozilla.org/questions/1434152,os:windows,Windows 7,,,,,,,12,true,6.76,False,
1434157,2023-12-16T23:52:00.749793Z,2023-12-16,en-US,troubleshooting,fix-problems;,meg-n-bo,"slow to load, balky typing",https://support.mozilla.org/questions/1434157,,,,,,,,,1,true,9.44,False,
1434159,2023-12-17T00:23:14.880061Z,2023-12-17,en-US,calendar,calendar;,nuffsaid1,Can't convert an e-mail to a calendar event,https://support.mozilla.org/questions/1434159,,,,,,,,,0,false,,False,
1434160,2023-12-17T00:30:24.745182Z,2023-12-17,en-US,other,other;,mseaboalt,Deleting unopened emails,https://support.mozilla.org/questions/1434160,,,,,,m:centurylink,,,3,true,0.68,False,
1434163,2023-12-17T01:31:06.900772Z,2023-12-17,en-US,other,other;,pfandmc,The Tabs in Thunderbird 115 extend across the screen and into nowhere.  They appear to be metres long,https://support.mozilla.org/questions/1434163,,,,,,,,,1,true,5.05,False,
1434167,2023-12-17T03:20:07.149251Z,2023-12-17,en-US,installation-and-updates,download-and-install_1;,brinkje,Having trouble installing 115,https://support.mozilla.org/questions/1434167,,,,,,,,,1,true,5.51,False,
1434171,2023-12-17T04:32:29.894519Z,2023-12-17,en-US,other,other;,mattfiero,Login failed,https://support.mozilla.org/questions/1434171,,,,,,m:gmail;m:microsoftemail,,,3,true,4.17,True,mattfiero
1434172,2023-12-17T05:10:08.199082Z,2023-12-17,en-US,other,other;,tjfromm35,how to restore left column with accounts and folders,https://support.mozilla.org/questions/1434172,,,,,,,,,1,true,3.35,False,
1434173,2023-12-17T05:32:49.867603Z,2023-12-17,en-US,other,other;,jim.kinni,Thunderbird does not connect to server,https://support.mozilla.org/questions/1434173,os:macos,,macos:big_sur,,,m:protonmail,,,4,true,2.74,False,
1434174,2023-12-17T06:07:06.815459Z,2023-12-17,en-US,troubleshooting,fix-problems;,dldl,emails not appearing,https://support.mozilla.org/questions/1434174,,,,,,,,,1,true,1.6,False,
1434175,2023-12-17T06:34:33.014641Z,2023-12-17,en-US,other,other;,amirvadaye,Maximum Number of Emails which can be set on Thunderbird,https://support.mozilla.org/questions/1434175,,,,,,,,,1,true,4.23,False,
1434177,2023-12-17T06:37:55.987970Z,2023-12-17,en-US,troubleshooting,fix-problems;,jnjuk1975,Folder crashes when deleting emails,https://support.mozilla.org/questions/1434177,,,,,,,,,4,true,1.74,False,
1434178,2023-12-17T07:20:31.184324Z,2023-12-17,en-US,other,other;,svohct1,Writing direction,https://support.mozilla.org/questions/1434178,,,,,,,,,4,true,0.57,True,MattAuSupport
1434180,2023-12-17T08:44:19.597208Z,2023-12-17,en-US,troubleshooting,fix-problems;,thomas350,SMTP server not working after migration to outlook exchange. Solved: caused by Kaspersky,https://support.mozilla.org/questions/1434180,,,,,,m:microsoftemail,proto:smtp;proto:oauth,av:kaspersky;av:defender,6,true,2.02,True,MattAuSupport
1434184,2023-12-17T09:37:33.845842Z,2023-12-17,it,troubleshooting,fix-problems;needsinfo;,info10470,L'applicazione thunderbird non risponde.,https://support.mozilla.org/questions/1434184,,,,,,,,,1,true,1.42,False,
1434185,2023-12-17T10:15:03.172546Z,2023-12-17,en-US,settings,customize;,nachtigall1,Thunderbird to cycle through tabs in recently used order for Ctrl+Tab,https://support.mozilla.org/questions/1434185,,,,,,,,,1,true,4.44,False,
1434186,2023-12-17T10:26:27.805752Z,2023-12-17,en-US,other,other;,latouchent.david,unable to set live email on thunderbird,https://support.mozilla.org/questions/1434186,,,,,,,,,2,true,0.28,True,latouchent.david
1434188,2023-12-17T10:47:02.084049Z,2023-12-17,en-US,other,other;,stephanieeb131,email,https://support.mozilla.org/questions/1434188,,,,,,,,,1,true,0.1,False,
1434194,2023-12-17T12:57:22.977036Z,2023-12-17,en-US,installation-and-updates,download-and-install_1;,jpasgue,"No puedo insertar pdf, ni abrir pdf, recibidos. Da error y se cierra la aplicación.",https://support.mozilla.org/questions/1434194,,,,,,,,,0,false,,False,
1434199,2023-12-17T13:46:58.305091Z,2023-12-17,it,troubleshooting,fix-problems;needsinfo;,macordanti,finestra di errore di invio,https://support.mozilla.org/questions/1434199,,,,,,,,,1,true,1.42,False,
1434200,2023-12-17T14:09:46.947717Z,2023-12-17,en-US,other,other;,kvon,Retention policy on 'Archive' messages,https://support.mozilla.org/questions/1434200,,,,,,,,,3,true,8.71,False,
1434202,2023-12-17T14:29:20.256417Z,2023-12-17,en-US,other,other;,Princy557,"How do I copy my file style/Header line,  to all folders?",https://support.mozilla.org/questions/1434202,,,,,,,,,1,true,20.35,False,
1434209,2023-12-17T15:45:26.696564Z,2023-12-17,en-US,other,other;,marckahn,spam filter stopped working,https://support.mozilla.org/questions/1434209,,,,,,,,,2,true,7.13,False,
1434210,2023-12-17T15:52:01.683129Z,2023-12-17,en-US,other,other;,rosanastamenkova,Missing emails after local imported,https://support.mozilla.org/questions/1434210,,,,,,,,,9,true,2.79,False,
1434218,2023-12-17T16:46:13.643675Z,2023-12-17,en-US,settings,customize;,KARL_TAUSCHEN,PERMANENTLY STOPPING THREADING OF E-MAILS IN 151 T-BIRD,https://support.mozilla.org/questions/1434218,,,,,,,,,3,true,3.64,False,
1434219,2023-12-17T17:55:03.548657Z,2023-12-17,en-US,installation-and-updates,download-and-install_1;,agrossfarm,setting Thunderbird setup display,https://support.mozilla.org/questions/1434219,,,,,,,,,1,true,1.9,False,
1434221,2023-12-17T18:34:04.759383Z,2023-12-17,en-US,other,other;,ingeorum,Thunderbird: No access to mails in Thunderbird after update,https://support.mozilla.org/questions/1434221,os:windows,,,,,m:gmail,,,1,true,29.99,False,
1434222,2023-12-17T18:48:52.035131Z,2023-12-17,en-US,settings,customize;,nicommander,Can I remove the -- (2 lines) above a Signature ?,https://support.mozilla.org/questions/1434222,,,,,,,,,3,true,0.2,True,davidsk
1434226,2023-12-17T19:22:29.945010Z,2023-12-17,en-US,other,other;,8plus7isf,Why does Thunderbird try to logon to an email account that I deleted from Thunderbird,https://support.mozilla.org/questions/1434226,,,,,,m:gmail,,,10,true,0.18,False,
1434227,2023-12-17T19:37:03.209291Z,2023-12-17,en-US,settings,customize;,sgarry1,message pane field order makes identifying who received a message hard to see,https://support.mozilla.org/questions/1434227,,,,,,,,,1,true,0.81,False,
1434228,2023-12-17T19:39:15.008098Z,2023-12-17,en-US,settings,customize;,slow_horse,Font too big in email subject title,https://support.mozilla.org/questions/1434228,os:linux,,,,,,,,7,true,0.65,True,slow_horse
1434239,2023-12-17T21:03:39.973823Z,2023-12-17,en-US,other,other;,firefox@vangelder.nl,cardbook list,https://support.mozilla.org/questions/1434239,,,,,,,,,1,true,2.19,False,
1434247,2023-12-17T22:18:09.044908Z,2023-12-17,en-US,other,other;,waynenrnfl,Using superscript in the signature block in Thunderbird emails,https://support.mozilla.org/questions/1434247,,,,,,,,,1,true,0.25,False,
1434250,2023-12-17T23:28:25.353876Z,2023-12-17,en-US,installation-and-updates,download-and-install_1;,74zkkxqvf4,Help! I am getting a error message during a download,https://support.mozilla.org/questions/1434250,,,,,,,,,0,false,,False,
1434254,2023-12-18T00:33:56.043563Z,2023-12-18,en-US,troubleshooting,fix-problems;,ethan201,Serious problems with Thunderbird new veeersion,https://support.mozilla.org/questions/1434254,,,,,,,,,3,true,11.6,False,
1434275,2023-12-18T08:55:40.619896Z,2023-12-18,en-US,troubleshooting,fix-problems;,yazdhenab,Thunderbird 115 Supernova can't download new messages from Gmail,https://support.mozilla.org/questions/1434275,,,,,,m:gmail,proto:imap;proto:pop,,6,true,16.39,True,wsmwk
1434276,2023-12-18T09:16:44.172326Z,2023-12-18,it,other,other;needsinfo;,g.gemmi,Schede vuote in thunderbird,https://support.mozilla.org/questions/1434276,,,,,,,,,1,true,0.29,False,
1434280,2023-12-18T10:43:42.088684Z,2023-12-18,it,calendar,calendar;,lorenzopaolini,Campanella promemoria calendario,https://support.mozilla.org/questions/1434280,,,,,,,,,1,true,5.34,False,
1434281,2023-12-18T10:46:08.802534Z,2023-12-18,it,other,other;,emainformatica,Problema con supernova 115.5.2 NON VEDO LE MAIL IN ARRIVO,https://support.mozilla.org/questions/1434281,,,,,,,,,1,true,5.29,False,
1434284,2023-12-18T11:24:41.510135Z,2023-12-18,en-US,troubleshooting,fix-problems;,richard.bradley1,"""Message -> Move To"" if focus not in list regressed",https://support.mozilla.org/questions/1434284,,,,,,,,,5,true,0.7,True,Toad-Hall
1434285,2023-12-18T11:35:52.193472Z,2023-12-18,en-US,troubleshooting,fix-problems;,Jamesrsamec41,Cannot send nor answer emails.,https://support.mozilla.org/questions/1434285,,,,,,,,,2,true,0.43,False,
1434287,2023-12-18T12:19:25.401528Z,2023-12-18,en-US,installation-and-updates,download-and-install_1;,kuegel-merkel,restart my Thunderbird account,https://support.mozilla.org/questions/1434287,,,,,,,,,1,true,12.97,False,
1434290,2023-12-18T13:46:35.040722Z,2023-12-18,hu,settings,customize;,szekibacsi93,Képaláírás probléma Gmail felületeken,https://support.mozilla.org/questions/1434290,,,,,,m:gmail,,,0,false,,False,
1434291,2023-12-18T14:12:18.908069Z,2023-12-18,en-US,other,other;,jmmetzger,Lost Thunderbird Account,https://support.mozilla.org/questions/1434291,,,,,,,,,1,true,0.23,False,
1434295,2023-12-18T14:34:37.496799Z,2023-12-18,en-US,other,other;,digifuzzy,Email text being autocorrect/replaced with unicode ligature character,https://support.mozilla.org/questions/1434295,os:linux,,,,,,,,0,false,,False,
1434297,2023-12-18T14:37:18.609173Z,2023-12-18,en-US,other,other;,peterhambleton,How do I stop this annoying Google pop up,https://support.mozilla.org/questions/1434297,,,,,,,,,3,true,10.65,False,
1434298,2023-12-18T14:49:53.796762Z,2023-12-18,en-US,calendar,calendar;,azkatey,Want Different Density and Font Size on Email vs. Calendar,https://support.mozilla.org/questions/1434298,,,,,,,,,0,false,,False,
1434299,2023-12-18T15:01:15.963460Z,2023-12-18,it,troubleshooting,fix-problems;,convit.tg,Indirizzo posta certificata,https://support.mozilla.org/questions/1434299,,,,,,,,,3,true,1.06,False,
1434300,2023-12-18T15:46:46.694890Z,2023-12-18,en-US,other,other;,john.mathias,Password Reset?,https://support.mozilla.org/questions/1434300,,,,,,,,,0,false,,False,
1434303,2023-12-18T16:13:46.569956Z,2023-12-18,en-US,troubleshooting,fix-problems;,jon137,Threaded View,https://support.mozilla.org/questions/1434303,,,,,,,,,1,true,1.57,False,
1434307,2023-12-18T16:58:45.852302Z,2023-12-18,en-US,other,other;,bobpratt,Make duplicate of a Contact List,https://support.mozilla.org/questions/1434307,,,,,,,,,1,true,0.77,False,
1434309,2023-12-18T17:11:30.027977Z,2023-12-18,en-US,other,other;,markrgoldman,Address Book,https://support.mozilla.org/questions/1434309,,,,,,,,,0,false,,False,
1434313,2023-12-18T18:00:12.336212Z,2023-12-18,en-US,troubleshooting,fix-problems;,kfcdoppelganger,Unresponsive Links,https://support.mozilla.org/questions/1434313,,,,,,,,,1,true,7.24,False,
1434315,2023-12-18T18:37:31.148264Z,2023-12-18,en-US,settings,customize;,ealigo,Message box is too small to display email text,https://support.mozilla.org/questions/1434315,,,,,,,,,8,true,4.22,False,
1434316,2023-12-18T18:50:13.940426Z,2023-12-18,en-US,other,other;,eb51,Version 115.5.2 (64-bit) - Login failure after password change,https://support.mozilla.org/questions/1434316,,,,,,,,,3,true,6.39,True,eb51
1434317,2023-12-18T18:51:35.785947Z,2023-12-18,en-US,other,other;,lolaiii,"How to set TB to ""choose the identity the original author used when sending the message to you""?",https://support.mozilla.org/questions/1434317,,,,,,,,,6,true,0.26,True,MattAuSupport
1434319,2023-12-18T19:07:16.768270Z,2023-12-18,en-US,email-and-messaging,desktop;other;windows-11;,jabramson72,mailfence,https://support.mozilla.org/questions/1434319,os:windows,Windows 11,,,,m:mailfence,,,1,true,17.2,False,
1434321,2023-12-18T19:23:24.090983Z,2023-12-18,en-US,calendar,calendar;,gilles.deloustal,remote calendar read only,https://support.mozilla.org/questions/1434321,os:linux,,,,,m:ovh,,,2,true,5.79,False,
1434323,2023-12-18T19:43:32.598861Z,2023-12-18,en-US,privacy-and-security,privacy-and-security_1;,weissfamily,Password Trouble,https://support.mozilla.org/questions/1434323,,,,,,m:comcast,proto:imap,,1,true,0.03,False,
1434329,2023-12-18T21:29:47.678827Z,2023-12-18,en-US,calendar,calendar;,gstlouis1,How to get information on the thunderbird icalendar parsing,https://support.mozilla.org/questions/1434329,,,,,,,,,1,true,3.65,False,
1434330,2023-12-18T21:30:57.341028Z,2023-12-18,en-US,settings,customize;,levene.sam,How to disable keyboard short cuts ?,https://support.mozilla.org/questions/1434330,,,,,,,,,0,false,,False,
1434332,2023-12-18T21:45:47.621595Z,2023-12-18,cs,other,other;,lufry,"Potíže s kompatibilitou. Firma přes kterou mám internet (Infos Art), mě již 2x napsala: Z duvodu rozesílání spamu jsme b",https://support.mozilla.org/questions/1434332,,,,,,,,,1,true,2.66,False,
1434337,2023-12-18T22:07:26.976838Z,2023-12-18,it,other,other;,borasulmare,Rubrica - spostamento contatti nelle sottorubriche,https://support.mozilla.org/questions/1434337,,,,,,,,,2,true,9.87,False,
1434338,2023-12-18T22:22:52.165595Z,2023-12-18,en-US,settings,customize;,Eggly_Bagelface,Badge count for subfolders not displaying until subfolder selected,https://support.mozilla.org/questions/1434338,,,,,,,,,0,false,,False,
1434341,2023-12-18T23:18:02.747156Z,2023-12-18,en-US,installation-and-updates,download-and-install_1;,boblord01,"Thunderbird still running, barely, and the interface is in tatters. b  and r",https://support.mozilla.org/questions/1434341,,,,,,,,,2,true,1.38,False,
1434345,2023-12-18T23:53:03.071565Z,2023-12-18,en-US,other,other;,bullishbob,TB 115.5 copy to clipboard,https://support.mozilla.org/questions/1434345,os:linux,,,,,,,,1,true,0.72,False,
1434346,2023-12-19T00:25:32.458345Z,2023-12-19,en-US,other,other;,dlarrabee,I can not send or receive emails with this new update (Supernova).,https://support.mozilla.org/questions/1434346,,,,,,,proto:smtp,,2,true,0.05,True,dlarrabee
1434348,2023-12-19T00:42:42.196621Z,2023-12-19,en-US,other,other;,user274181419909379297798958950469651391963,Thunderbird 115: Shows only standard email address per name in the contact list,https://support.mozilla.org/questions/1434348,,,,,,,,,0,false,,False,
1434349,2023-12-19T00:43:29.574748Z,2023-12-19,en-US,troubleshooting,fix-problems;,vtrasikis,thunderbird 115.5.2 not scaling images,https://support.mozilla.org/questions/1434349,,,,,,,,,0,false,,False,
1434351,2023-12-19T01:47:57.049985Z,2023-12-19,en-US,other,other;,herberstella,sending e mails with Mozilla.,https://support.mozilla.org/questions/1434351,,,,,,,,,0,false,,False,
1434352,2023-12-19T02:15:31.722366Z,2023-12-19,en-US,other,other;,longinthetooth,Setting up a new domain with personal email and forwarding to my ISP,https://support.mozilla.org/questions/1434352,,,,,,m:gmail;m:microsoftemail,,,3,true,2.96,False,
1434353,2023-12-19T02:16:30.793449Z,2023-12-19,en-US,settings,customize;,destinywoods,Thunderbird centers email list on selected email,https://support.mozilla.org/questions/1434353,,,,,,,,,0,false,,False,
1434355,2023-12-19T02:37:00.849517Z,2023-12-19,en-US,troubleshooting,fix-problems;,vjarmaine,Thunderbird Version 115.0 Updated 21 November 2023,https://support.mozilla.org/questions/1434355,,,,,,m:gmail,,,2,true,1.04,False,
1434358,2023-12-19T03:48:50.954661Z,2023-12-19,en-US,settings,customize;,mworkman56,Reply/Forward window format,https://support.mozilla.org/questions/1434358,,,,,,,,,0,false,,False,
1434361,2023-12-19T04:02:51.409300Z,2023-12-19,en-US,other,other;,connjp,Problems setting up Thunderbird account,https://support.mozilla.org/questions/1434361,os:windows,,,,,,,,3,true,1.93,False,
1434363,2023-12-19T04:28:11.646579Z,2023-12-19,en-US,privacy-and-security,privacy-and-security_1;,kgw319,PWS:HTML/Phish.QA malware,https://support.mozilla.org/questions/1434363,,,,,,,proto:imap,av:defender,2,true,1.45,False,
1434364,2023-12-19T04:29:43.173521Z,2023-12-19,en-US,other,other;,MarkinIdaho,Who want to join me in an accessibility law suit against Mozilla and Thunderbird? The latest version of TBird is unusabl,https://support.mozilla.org/questions/1434364,,,,,,,,,5,true,1.32,False,
1434366,2023-12-19T04:35:33.222635Z,2023-12-19,it,other,other;,fabio.bolognini,Cancellazioni errate,https://support.mozilla.org/questions/1434366,os:linux,,,,,,,,6,true,3.43,False,
1434368,2023-12-19T05:44:58.418438Z,2023-12-19,en-US,other,other;,jensen.leslie,Double entries in sent folder,https://support.mozilla.org/questions/1434368,os:windows,,,,,m:microsoftemail,,,2,true,0.1,True,MattAuSupport
1434371,2023-12-19T06:39:09.141734Z,2023-12-19,en-US,troubleshooting,fix-problems;,jbnielsen52,Thunderbird 115 on Windows 10 - No connection to Thunderbird,https://support.mozilla.org/questions/1434371,os:windows,,,,,,,,0,false,,False,
1434372,2023-12-19T07:43:57.498124Z,2023-12-19,en-US,other,other;,box89,"dates, sender, recipient, subject on some archived emails lost",https://support.mozilla.org/questions/1434372,os:linux,,,,,,proto:pop,,0,false,,False,
1434375,2023-12-19T08:51:00.637941Z,2023-12-19,en-US,other,other;,harvis,email group list,https://support.mozilla.org/questions/1434375,,,,,,,,,0,false,,False,
1434379,2023-12-19T09:40:45.285973Z,2023-12-19,en-US,troubleshooting,fix-problems;,info10484,"Spam, wirus",https://support.mozilla.org/questions/1434379,,,,,,,,,1,true,2.43,False,
1434380,2023-12-19T10:37:40.204295Z,2023-12-19,en-US,installation-and-updates,download-and-install_1;,aleksandra.zyla,problem with downloading mail,https://support.mozilla.org/questions/1434380,,,,,,,,,0,false,,False,
1434381,2023-12-19T10:56:02.738158Z,2023-12-19,es,other,other;,carlosleonesp,Al actualizar no puedo ver las bandejas de entrada,https://support.mozilla.org/questions/1434381,,,,,,,,,5,true,0.91,False,
1434383,2023-12-19T11:15:27.919359Z,2023-12-19,en-US,other,other;,brian.rae,In Thunderbird how do I delete an account that I entered in error?,https://support.mozilla.org/questions/1434383,,,,,,,,,1,true,0.43,False,
1434384,2023-12-19T11:19:23.416562Z,2023-12-19,en-US,other,other;,palatzd,Sending mail,https://support.mozilla.org/questions/1434384,,,,,,,,,1,true,29.3,False,
1434385,2023-12-19T11:45:48.493345Z,2023-12-19,en-US,other,other;,hilarybelden,lost emails,https://support.mozilla.org/questions/1434385,,,,,,,,,0,false,,False,
1434395,2023-12-19T14:20:30.895391Z,2023-12-19,en-US,other,other;,mzimmer2,settings,https://support.mozilla.org/questions/1434395,,,,,,m:windstream,proto:imap,,1,true,1.16,False,
1434397,2023-12-19T14:28:40.728193Z,2023-12-19,en-US,other,other;,brobby05,Thunderbird Question,https://support.mozilla.org/questions/1434397,,,,,,,,,1,true,0.99,False,
1434403,2023-12-19T15:47:30.383650Z,2023-12-19,en-US,privacy-and-security,privacy-and-security_1;,simone33,"""2FA"" vs ""Open PGP key"" vs ""S-MIME certificat""",https://support.mozilla.org/questions/1434403,,,,,,,,,2,true,1.26,False,
1434407,2023-12-19T16:43:34.364079Z,2023-12-19,en-US,troubleshooting,fix-problems;,theblazers,disappearing emails,https://support.mozilla.org/questions/1434407,,,,,,,,,0,false,,False,
1434408,2023-12-19T16:44:56.913662Z,2023-12-19,en-US,settings,customize;,moraesxp,Pastas Unificadas não funcionam,https://support.mozilla.org/questions/1434408,,,,,,,,,5,true,0.14,True,davidsk
1434411,2023-12-19T17:11:45.885182Z,2023-12-19,en-US,email-and-messaging,other;escalate;windows-10;firefox-1210;,quiltjunkie2002,Get Messgaes,https://support.mozilla.org/questions/1434411,os:windows,Windows 10,,,,,,,23,true,0.82,True,Toad-Hall
1434413,2023-12-19T17:37:24.650787Z,2023-12-19,en-US,other,other;,ctaylorpro48,new computer can I bring all to it?,https://support.mozilla.org/questions/1434413,,,,,,,,,18,true,1.16,False,
1434415,2023-12-19T17:55:41.329547Z,2023-12-19,en-US,other,other;,fiofio,Recovering emails,https://support.mozilla.org/questions/1434415,,,,,,,,,1,true,0.89,False,
1434416,2023-12-19T18:09:03.117421Z,2023-12-19,en-US,calendar,needsinfo;calendar;,craigbeer123,Attendees receive incorrect time when scheduling meetings on Thunderbird,https://support.mozilla.org/questions/1434416,,,,,,m:microsoftemail,,,2,true,15.52,False,
1434420,2023-12-19T20:45:54.325731Z,2023-12-19,es,installation-and-updates,download-and-install_1;,healthfor65,agregar un correo al Thunderbird que ya tengo instalado,https://support.mozilla.org/questions/1434420,,,,,,,,,1,true,56.2,False,
1434422,2023-12-19T21:08:28.430474Z,2023-12-19,en-US,other,other;,edschijf,Issues receiving e-mails,https://support.mozilla.org/questions/1434422,os:linux,,,,,,,av:surfshark,2,true,509.94,False,
1434423,2023-12-19T21:22:12.780075Z,2023-12-19,en-US,other,other;,jgibbons2,Can't send out  Emails,https://support.mozilla.org/questions/1434423,,,,,,,,,1,true,1.61,False,
1434424,2023-12-19T21:30:57.715784Z,2023-12-19,en-US,troubleshooting,fix-problems;,gredden,Thunderbird: High CPU useage and slow performance,https://support.mozilla.org/questions/1434424,,,,,,m:gmail,proto:imap;proto:pop,,5,true,0.1,False,
1434425,2023-12-19T21:40:37.507408Z,2023-12-19,en-US,other,other;,aow6656,Thunderbird deleted emails from the server when compacting,https://support.mozilla.org/questions/1434425,,,,,,,proto:imap,,0,false,,False,
1434426,2023-12-19T21:43:02.855540Z,2023-12-19,en-US,installation-and-updates,download-and-install_1;,jillmcl,New installation of Thunderbird and setting up a long existing email account,https://support.mozilla.org/questions/1434426,,,,,,m:centurylink,proto:pop,,0,false,,False,
1434427,2023-12-19T21:44:35.027022Z,2023-12-19,en-US,other,other;,truman1941,email delivery to an existing inbox does not work. Sending emails from this account is not a problem,https://support.mozilla.org/questions/1434427,,,,,,m:shaw,,,0,false,,False,
1434428,2023-12-19T21:59:05.332283Z,2023-12-19,en-US,other,other;needsinfo;,tregxoferif,select all not working,https://support.mozilla.org/questions/1434428,,,,,,,,,1,true,11.65,False,
1434429,2023-12-19T22:03:01.639126Z,2023-12-19,en-US,settings,customize;,user214973246207839192673719228561449511903,enable wordwrap for message pane,https://support.mozilla.org/questions/1434429,,,,,,,,,3,true,11.5,False,
1434432,2023-12-19T22:28:07.636188Z,2023-12-19,en-US,settings,customize;,phurwitz,Could not connect to server news; the connection was refused,https://support.mozilla.org/questions/1434432,,,,,,,,,1,true,20.77,False,
1434434,2023-12-19T22:40:42.349343Z,2023-12-19,en-US,other,other;needsinfo;,jgallo1,outgoing mail for Thunderbird,https://support.mozilla.org/questions/1434434,,,,,,,,,1,true,10.77,False,
1434435,2023-12-19T22:49:23.521375Z,2023-12-19,en-US,installation-and-updates,download-and-install_1;,blackberrylane.co.uk,Unable to access my Gmail accounts,https://support.mozilla.org/questions/1434435,,,,,,m:gmail,proto:imap;proto:pop,,1,true,6.54,False,
1434437,2023-12-19T23:10:29.868181Z,2023-12-19,en-US,troubleshooting,fix-problems;,nevillemac58,Thunderbird not starting,https://support.mozilla.org/questions/1434437,os:windows,,,,,,,,3,true,17.46,False,
1434440,2023-12-19T23:33:02.255994Z,2023-12-19,en-US,other,other;,leegunn1471,How do I stop threads from automatically displaying as extended,https://support.mozilla.org/questions/1434440,,,,,,,,,1,false,,True,leegunn1471
1434446,2023-12-20T02:33:48.061892Z,2023-12-20,en-US,settings,customize;,ErictheGreen,constant request for me to update thunderbird,https://support.mozilla.org/questions/1434446,,,,,,,,,1,true,2.71,True,sfhowes
1434447,2023-12-20T03:08:24.234703Z,2023-12-20,en-US,troubleshooting,fix-problems;,jenny_abc,asking for help with settings for TB,https://support.mozilla.org/questions/1434447,,,,,,,,,7,true,2.05,True,sfhowes
1434448,2023-12-20T03:23:39.235205Z,2023-12-20,en-US,calendar,calendar;,ted939,Calendar showing too many weeks,https://support.mozilla.org/questions/1434448,,,,,,,,,1,true,1.7,False,
1434453,2023-12-20T05:08:22.065625Z,2023-12-20,en-US,privacy-and-security,privacy-and-security_1;,toru.fujihara,"Alert  ""Please enter the credentials for account www.googleapis.com of aaa@google.com""",https://support.mozilla.org/questions/1434453,,,,,,m:gmail,,,6,true,0.1,False,
1434454,2023-12-20T05:59:07.409447Z,2023-12-20,cs,settings,customize;,miroslavpotuzak1941,Autentizace selhala při připojování k i map.g mail com,https://support.mozilla.org/questions/1434454,,,,,,,,,2,true,2.64,False,
1434457,2023-12-20T07:18:58.004968Z,2023-12-20,en-US,troubleshooting,fix-problems;,npage132,Computer crashed.,https://support.mozilla.org/questions/1434457,,,,,,,,,1,true,2.11,False,
1434458,2023-12-20T08:04:09.965227Z,2023-12-20,en-US,other,other;,rsheldrew0825,Emails,https://support.mozilla.org/questions/1434458,,,,,,,,,0,false,,False,
1434462,2023-12-20T09:00:11.379650Z,2023-12-20,en-US,other,other;,tommyzulu,Archive and Archives in my folder list -- and I used neither but cannot delete them,https://support.mozilla.org/questions/1434462,,,,,,,proto:imap,,6,true,0.36,False,
1434465,2023-12-20T09:17:54.928573Z,2023-12-20,en-US,installation-and-updates,download-and-install_1;,yjh9152,Thunderbird profile stopped downloading e-mails from server for several months but I can't find the solution,https://support.mozilla.org/questions/1434465,,,,,,,,,1,true,10.09,False,
1434466,2023-12-20T09:19:28.878664Z,2023-12-20,en-US,troubleshooting,fix-problems;,ramaddiaz1,After todays update Thunderbird stopped sending or receiveing,https://support.mozilla.org/questions/1434466,,,,,,,,,1,true,497.74,False,
1434468,2023-12-20T10:09:36.684203Z,2023-12-20,en-US,settings,customize;,Dead0k,email body zoom option,https://support.mozilla.org/questions/1434468,os:macos,,macos:sonoma,,,,,,6,true,0.45,False,
1434469,2023-12-20T10:11:06.675615Z,2023-12-20,en-US,privacy-and-security,privacy-and-security_1;,kontakt379,Thunderbird does not use saved passwords,https://support.mozilla.org/questions/1434469,,,,,,,,,0,false,,False,
1434470,2023-12-20T10:30:23.172673Z,2023-12-20,en-US,troubleshooting,fix-problems;,geoff58,I can'see my most recent e mails . I can see them on my phone using Bluemail,https://support.mozilla.org/questions/1434470,,,,,,,,,1,true,7.25,False,
1434471,2023-12-20T10:31:14.924240Z,2023-12-20,en-US,privacy-and-security,privacy-and-security_1;,eddielee67,Update Security Settings for Telstra Email account,https://support.mozilla.org/questions/1434471,,,,,,m:bigpond,,,3,true,2.91,True,shopov.bogomil
1434476,2023-12-20T11:15:46.895223Z,2023-12-20,es,settings,customize;,greendecorumcomunicacion,Firma,https://support.mozilla.org/questions/1434476,,,,,,,,,0,false,,False,
1434478,2023-12-20T11:35:31.735226Z,2023-12-20,en-US,troubleshooting,fix-problems;,bernhard-glaeser,Das Programm erwartet neues Kennwort. Klappt aber nicht,https://support.mozilla.org/questions/1434478,,,,,,,,,0,false,,False,
1434479,2023-12-20T11:44:41.780018Z,2023-12-20,pt-BR,other,other;,santinsergio,Doação,https://support.mozilla.org/questions/1434479,,,,,,,,,0,false,,False,
1434480,2023-12-20T11:44:47.750932Z,2023-12-20,en-US,settings,customize;,info10487,can't see a way to add an icon or text for Reply All,https://support.mozilla.org/questions/1434480,os:windows,,,,,,,,6,true,5.5,True,sfhowes
1434484,2023-12-20T12:36:37.338828Z,2023-12-20,en-US,troubleshooting,fix-problems;,dmlad,Changing From email account in Tbird 115.6.0,https://support.mozilla.org/questions/1434484,,,,,,,,,10,true,6.58,True,dmlad
1434494,2023-12-20T14:29:41.945369Z,2023-12-20,en-US,troubleshooting,fix-problems;,agnieszka.markocka,Issue with sending messages.,https://support.mozilla.org/questions/1434494,,,,,,,,,1,true,4.67,False,
1434495,2023-12-20T14:29:59.773495Z,2023-12-20,en-US,calendar,calendar;,ndgoodall,MODIFICATION_FAILED error when importing .ics file,https://support.mozilla.org/questions/1434495,,,,,,,,,0,false,,False,
1434496,2023-12-20T14:30:49.910775Z,2023-12-20,en-US,troubleshooting,fix-problems;,david795,Supernova - Delete button moves focus away from email list,https://support.mozilla.org/questions/1434496,,,,,,,,,0,false,,False,
1434503,2023-12-20T16:12:46.484024Z,2023-12-20,en-US,other,other;,MLTill,"changed Xfinity password, now can't get Thunderbird emails",https://support.mozilla.org/questions/1434503,,,,,,m:comcast,proto:imap,,5,true,0.03,False,
1434507,2023-12-20T17:18:47.505753Z,2023-12-20,en-US,installation-and-updates,download-and-install_1;,mkimball1,Thunderbird interface with the ISP I use for email,https://support.mozilla.org/questions/1434507,,,,,,,,,2,true,0.16,False,
1434509,2023-12-20T17:45:49.389537Z,2023-12-20,en-US,troubleshooting,fix-problems;,smb2038,Not receiving e-mails,https://support.mozilla.org/questions/1434509,,,,,,,,,0,false,,False,
1434512,2023-12-20T18:30:25.776626Z,2023-12-20,en-US,other,other;,clauser195,Email,https://support.mozilla.org/questions/1434512,,,,,,,,,1,true,1.15,False,
1434515,2023-12-20T19:23:38.518079Z,2023-12-20,en-US,other,other;,garyshook,Can't send emails,https://support.mozilla.org/questions/1434515,,,,,,m:spectrum,proto:smtp,,3,true,1.74,False,
1434516,2023-12-20T19:25:17.145004Z,2023-12-20,en-US,settings,customize;,rosemarie5406,Setting up folders,https://support.mozilla.org/questions/1434516,,,,,,,,,0,false,,False,
1434518,2023-12-20T19:46:03.447342Z,2023-12-20,en-US,other,other;,tmaker587,cant read emails after update,https://support.mozilla.org/questions/1434518,,,,,,,,,0,false,,False,
1434522,2023-12-20T19:58:00.214803Z,2023-12-20,en-US,other,other;,bobbob3,Windows 11 and Thunderbird,https://support.mozilla.org/questions/1434522,os:windows,,,,,,,,2,true,1.12,True,davidsk
1434523,2023-12-20T19:58:34.389644Z,2023-12-20,en-US,installation-and-updates,download-and-install_1;,Stangg97,Emails from Xfinity doesn't upload,https://support.mozilla.org/questions/1434523,,,,,,m:comcast,,,0,false,,False,
1434524,2023-12-20T20:06:06.073931Z,2023-12-20,en-US,other,other;tbupdate;,gkarasik,"""Failed to check for update"" (win7)",https://support.mozilla.org/questions/1434524,os:windows,,,,,,,,13,true,1.05,True,MattAuSupport
1434530,2023-12-20T21:05:34.051364Z,2023-12-20,en-US,settings,customize;,jabeck518,print spreadsheet name/address to printer label sheets,https://support.mozilla.org/questions/1434530,,,,,,,,,0,false,,False,
1434534,2023-12-20T21:16:24.716627Z,2023-12-20,es,settings,customize;,hachedobleve,pongo 0 en bordes de la tabla pero sigue enviadolo con borde,https://support.mozilla.org/questions/1434534,,,,,,,,,1,true,31.37,False,
1434535,2023-12-20T21:32:37.399395Z,2023-12-20,en-US,other,other;,jdecrist,"Changed provider email PW,  but Thunderbird will not prompt for new PW",https://support.mozilla.org/questions/1434535,,,,,,,,,0,false,,False,
1434538,2023-12-20T22:18:46.625660Z,2023-12-20,en-US,other,other;,NorJean,Linking with Google,https://support.mozilla.org/questions/1434538,,,,,,m:gmail;m:microsoftemail,,,1,true,22.91,False,
1434539,2023-12-20T22:20:33.168318Z,2023-12-20,en-US,troubleshooting,fix-problems;,william.washburn1,"Download New messages to Inbox fails - ""account is being processed""",https://support.mozilla.org/questions/1434539,,,,,,,,,0,false,,False,
1434541,2023-12-20T22:34:37.289231Z,2023-12-20,en-US,troubleshooting,fix-problems;,RedXIII,System hang when creating new message on Thunderbird Supernova (win10),https://support.mozilla.org/questions/1434541,os:windows,,,,,,,,2,true,17.56,False,
1434543,2023-12-20T22:52:46.796081Z,2023-12-20,it,settings,customize;,HaranBanjo,Apertura link esterni in modalità incognito,https://support.mozilla.org/questions/1434543,,,,,,,,,3,true,8.9,False,
1434548,2023-12-20T23:48:23.074892Z,2023-12-20,en-US,other,other;,abitcrazynaz,link not opening browser when I click on it within the email,https://support.mozilla.org/questions/1434548,os:linux,,,,,,,,0,false,,False,
1434549,2023-12-20T23:55:33.727186Z,2023-12-20,en-US,calendar,calendar;,cirasj,Google Calendar/Thunderbird Sync Issue,https://support.mozilla.org/questions/1434549,os:windows,,,,,,,,0,false,,False,
1434554,2023-12-21T01:30:35.965931Z,2023-12-21,en-US,installation-and-updates,download-and-install_1;,sgurmitgs,Lost emails,https://support.mozilla.org/questions/1434554,,,,,,,,,1,true,11.62,False,
1434555,2023-12-21T01:55:05.987622Z,2023-12-21,es,settings,customize;,yqypys,BIDIRECTIONAL WRITING OF MESSAGES IN THUNDERBIRD,https://support.mozilla.org/questions/1434555,,,,,,,,,1,true,74.69,False,
1434557,2023-12-21T02:15:15.658296Z,2023-12-21,en-US,installation-and-updates,download-and-install_1;,jjohnson3803,email,https://support.mozilla.org/questions/1434557,,,,,,,,,0,false,,False,
1434558,2023-12-21T02:22:23.980743Z,2023-12-21,en-US,other,other;,joemkraus,message remain unread,https://support.mozilla.org/questions/1434558,,,,,,,,,1,true,2.99,False,
1434564,2023-12-21T05:02:45.390504Z,2023-12-21,en-US,other,other;,elkatd,My new profile is haunted!,https://support.mozilla.org/questions/1434564,,,,,,,,,2,true,0.27,True,sfhowes
1434568,2023-12-21T06:29:49.607136Z,2023-12-21,en-US,other,other;,rla5545,password,https://support.mozilla.org/questions/1434568,,,,,,,,,0,false,,False,
1434569,2023-12-21T07:23:21.138850Z,2023-12-21,en-US,other,other;,peter613,I cannot paste images into an email,https://support.mozilla.org/questions/1434569,,,,,,,,,6,true,18.8,False,
1434570,2023-12-21T07:55:32.813687Z,2023-12-21,it,other,other;,corrado.pantarelli,mail mancanti,https://support.mozilla.org/questions/1434570,,,,,,,,,7,true,0.46,True,'@next
1434577,2023-12-21T10:41:20.284143Z,2023-12-21,en-US,other,other;,pauline3,"My emails to Gmail accounts bouncing back to me as ""unauthenticated""",https://support.mozilla.org/questions/1434577,,,,,,m:gmail,,,2,true,1.08,False,
1434581,2023-12-21T11:01:41.175777Z,2023-12-21,en-US,other,other;,edschijf,Sometimes issues receiving e-mails,https://support.mozilla.org/questions/1434581,os:linux,,,,,,,av:surfshark,0,false,,False,
1434583,2023-12-21T11:57:54.569830Z,2023-12-21,en-US,other,other;,sales.at.serola,error platform version 115.5 not compatible with mini version15.4 max vervsion115.4,https://support.mozilla.org/questions/1434583,,,,,,,,,0,false,,False,
1434586,2023-12-21T12:35:44.834487Z,2023-12-21,en-US,troubleshooting,fix-problems;,Smile,"Unable to open the summary file for Inbox on email@example.com. Perhaps there was an error on disk, or the full path is ",https://support.mozilla.org/questions/1434586,,,,,,,,,7,true,0.61,False,
1434587,2023-12-21T12:48:35.053357Z,2023-12-21,en-US,other,other;,gilbert.mackenzie.cbs,Emails not appearing in Inbox - even though I receive the alerts and beeps +,https://support.mozilla.org/questions/1434587,,,,,,m:gmail,,,0,false,,False,
1434588,2023-12-21T13:04:11.055421Z,2023-12-21,it,troubleshooting,fix-problems;,francomaitan,non disponibilità di memoria come cancellare email archiviate e lentezza nell'invio delle email,https://support.mozilla.org/questions/1434588,,,,,,,,,1,true,2.34,False,
1434590,2023-12-21T13:49:49.282849Z,2023-12-21,cs,settings,customize;,cerovsky65,Přetažení přílohy emailu myší / Dragging an email attachment with the mouse,https://support.mozilla.org/questions/1434590,,,,,,,,,2,true,0.35,True,Ansamb
1434591,2023-12-21T14:23:14.713705Z,2023-12-21,en-US,settings,customize;,ulf.kinder,Maximize reading pane,https://support.mozilla.org/questions/1434591,,,,,,,,,3,true,0.68,False,
1434592,2023-12-21T14:27:59.839322Z,2023-12-21,en-US,installation-and-updates,download-and-install_1;,jensemads,Mozilla Thunderbird,https://support.mozilla.org/questions/1434592,,,,,,,proto:pop,,9,true,1.68,False,
1434595,2023-12-21T14:38:52.683349Z,2023-12-21,en-US,other,other;,trevortmanson,Hotmail & Outlook Email accounts can no longer send emails,https://support.mozilla.org/questions/1434595,os:linux,,,,,m:microsoftemail,proto:smtp;proto:oauth,,7,true,1.72,False,
1434596,2023-12-21T14:39:57.461058Z,2023-12-21,en-US,settings,customize;,xados.tom,Auto forward email from specific sender after deleting the content,https://support.mozilla.org/questions/1434596,,,,,,,,,0,false,,False,
1434598,2023-12-21T14:43:44.668237Z,2023-12-21,cs,privacy-and-security,privacy-and-security_1;,jira1,Digital certificate reported as expired during sending but it is not,https://support.mozilla.org/questions/1434598,os:windows,,,,,,,,0,false,,False,
1434600,2023-12-21T14:59:00.881484Z,2023-12-21,en-US,email-and-messaging,desktop;customize;windows-10;,chuckj2109,Integrate Google Contacts and Calendar with Thunderbird Portable,https://support.mozilla.org/questions/1434600,os:windows,Windows 10,,,,,,,0,false,,False,
1434601,2023-12-21T15:03:23.549536Z,2023-12-21,en-US,other,other;,phil213,Mail display subsystem <postmaster>,https://support.mozilla.org/questions/1434601,,,,,,,,,0,false,,False,
1434602,2023-12-21T15:09:36.873264Z,2023-12-21,en-US,other,other;,eric.friesguggenheim,Je ne reçois plus mes messages Gmail sur mon client Thunderbird,https://support.mozilla.org/questions/1434602,,,,,,m:gmail,proto:pop,,2,true,88.26,False,
1434603,2023-12-21T15:12:01.935962Z,2023-12-21,en-US,settings,customize;,ronaldstone1,different font sizes,https://support.mozilla.org/questions/1434603,,,,,,,,,1,true,0.37,False,
1434607,2023-12-21T15:27:25.959224Z,2023-12-21,en-US,other,other;,clivegg121,Donate,https://support.mozilla.org/questions/1434607,,,,,,,,,1,true,0.53,False,
1434608,2023-12-21T15:43:53.724166Z,2023-12-21,en-US,other,other;,jmma,Thunderbird,https://support.mozilla.org/questions/1434608,,,,,,m:ziggo,,,6,true,0.16,True,jmma
1434609,2023-12-21T15:47:30.371908Z,2023-12-21,es,settings,customize;,Bilingo,Reducir el tamaño del tipo de letra de los correos,https://support.mozilla.org/questions/1434609,,,,,,,,,3,true,60.09,False,
1434613,2023-12-21T16:22:35.882972Z,2023-12-21,en-US,other,other;,bjtjr,Thunderbird email,https://support.mozilla.org/questions/1434613,,,,,,,,,1,true,0.56,False,
1434614,2023-12-21T16:24:35.099061Z,2023-12-21,en-US,calendar,calendar;,jepsap,how to display a particular calendar?,https://support.mozilla.org/questions/1434614,,,,,,,,,3,true,1.38,False,
1434618,2023-12-21T17:08:22.879758Z,2023-12-21,en-US,troubleshooting,fix-problems;,rickwalls6,Cannot send outlook emails from thunderbird,https://support.mozilla.org/questions/1434618,,,,,,m:microsoftemail,proto:imap;proto:smtp,,12,true,0.57,False,
1434623,2023-12-21T17:44:04.759268Z,2023-12-21,en-US,other,other;,MarkinIdaho,"Hey Matt, What is OFF Topic? I created the topic. Closing these questions is why the problems exist.",https://support.mozilla.org/questions/1434623,,,,,,,,,1,true,0.23,False,
1434625,2023-12-21T17:51:15.930522Z,2023-12-21,it,privacy-and-security,privacy-and-security_1;,mail4voip,Parametri utente in SMTP,https://support.mozilla.org/questions/1434625,,,,,,m:microsoftemail,proto:smtp,,5,true,12.93,True,'@next
1434626,2023-12-21T18:05:51.352854Z,2023-12-21,en-US,installation-and-updates,download-and-install_1;,bennettabenson,downloading from Google - repeats old emails and takes forever,https://support.mozilla.org/questions/1434626,,,,,,,,,1,true,3.23,False,
1434631,2023-12-21T19:03:29.465070Z,2023-12-21,en-US,other,other;,d.schoellhamer,"Thunderbird runs fine, but troubleshooter cant open profile folder",https://support.mozilla.org/questions/1434631,,,,,,,,,5,true,3.24,True,d.schoellhamer
1434632,2023-12-21T19:09:34.418620Z,2023-12-21,en-US,troubleshooting,fix-problems;,janmillergm,all Gmail not showing up in INBOX but is in ALL MAIL???,https://support.mozilla.org/questions/1434632,os:windows,,,,,m:gmail,,,1,true,0.57,False,
1434637,2023-12-21T20:26:51.145552Z,2023-12-21,en-US,other,other;,hauge,some incoming e-mails disappear after a few seconds,https://support.mozilla.org/questions/1434637,,,,,,,,,3,true,0.27,False,
1434638,2023-12-21T20:39:54.769607Z,2023-12-21,en-US,privacy-and-security,privacy-and-security_1;,tnymrtn,I don't know what this means,https://support.mozilla.org/questions/1434638,,,,,,,,,0,false,,False,
1434641,2023-12-21T20:59:32.050463Z,2023-12-21,en-US,settings,customize;,edparisi,emails headings,https://support.mozilla.org/questions/1434641,,,,,,,,,1,true,0.27,False,
1434643,2023-12-21T21:15:17.982722Z,2023-12-21,en-US,troubleshooting,fix-problems;,stacymista,supernova 115.6.0 update= problems!,https://support.mozilla.org/questions/1434643,,,,,,m:microsoftemail,,,0,false,,False,
1434650,2023-12-21T21:57:38.700910Z,2023-12-21,tr,settings,customize;,murattea35,Thunderbird masaüstü bildirimleri artık gelmiyor.,https://support.mozilla.org/questions/1434650,,,,,,m:microsoftemail,,,0,false,,False,
1434653,2023-12-21T22:35:56.313617Z,2023-12-21,en-US,other,other;,flynby,New Update,https://support.mozilla.org/questions/1434653,,,,,,,,,3,true,3.5,True,MattAuSupport
1434655,2023-12-21T23:30:58.453609Z,2023-12-21,en-US,other,other;,rs25,After update to 115.6.0 cannot send from any of my hughes.net e-mail accounts,https://support.mozilla.org/questions/1434655,,,,,,,,,3,true,23.68,False,
1434663,2023-12-22T03:53:20.075541Z,2023-12-22,en-US,other,other;,denolangis11,"T'bird won't open with a ""new message"" option.",https://support.mozilla.org/questions/1434663,,,,,,,,,1,true,27.37,False,
1434664,2023-12-22T04:52:51.223221Z,2023-12-22,en-US,other,other;,elkatd,Need help restoring messages missing after profile creation/deletion,https://support.mozilla.org/questions/1434664,,,,,,,,,37,true,7.26,True,davidsk
1434667,2023-12-22T05:38:42.254270Z,2023-12-22,en-US,troubleshooting,fix-problems;,networkadmin1,mails are not downloading,https://support.mozilla.org/questions/1434667,,,,,,,,,0,false,,False,
1434668,2023-12-22T06:14:24.671257Z,2023-12-22,en-US,troubleshooting,fix-problems;,patnsandy,Thunderbird gets stuck and I need to reboot my computer SOLVED caused by McAfee,https://support.mozilla.org/questions/1434668,,,,,,m:gmail,proto:imap,av:mcafee,3,true,3.29,True,wsmwk
1434672,2023-12-22T10:08:17.043964Z,2023-12-22,en-US,other,other;,jediren944,Don't get unread messages number in task bar from folders other than inbox,https://support.mozilla.org/questions/1434672,,,,,,,,,0,false,,False,
1434674,2023-12-22T11:02:05.988251Z,2023-12-22,es,troubleshooting,fix-problems;,claudiovitale,Lento o se traba/bloquea,https://support.mozilla.org/questions/1434674,,,,,,,,,3,true,40.66,False,
1434676,2023-12-22T11:42:39.072279Z,2023-12-22,es,other,other;,mercagestionasesoria,problemas al recuperar copias de seguridad,https://support.mozilla.org/questions/1434676,,,,,,,,,1,true,39.78,False,
1434677,2023-12-22T11:47:48.580971Z,2023-12-22,en-US,settings,customize;,claudio.angelotti,Orden de correos,https://support.mozilla.org/questions/1434677,,,,,,m:gmail,,,0,false,,False,
1434679,2023-12-22T12:04:22.852071Z,2023-12-22,en-US,troubleshooting,fix-problems;,sales.at.serola,https://support.mozilla.org/en-US/questions/thunderbird?sort=requested&show=all&owner=mine,https://support.mozilla.org/questions/1434679,,,,,,,,,0,false,,False,
1434682,2023-12-22T12:28:54.920192Z,2023-12-22,tr,troubleshooting,fix-problems;,zisaner97,çökme hatası,https://support.mozilla.org/questions/1434682,,,,,,,,,1,true,56.81,False,
1434685,2023-12-22T13:00:51.124987Z,2023-12-22,it,troubleshooting,fix-problems;,receptionhotel90,Problema invio messaggi da solo un account su 2,https://support.mozilla.org/questions/1434685,,,,,,,,,1,true,2.87,False,
1434687,2023-12-22T13:13:52.001806Z,2023-12-22,en-US,troubleshooting,fix-problems;,marioiram,PDF tab won't properly open on restart,https://support.mozilla.org/questions/1434687,,,,,,,proto:imap,,0,false,,False,
1434690,2023-12-22T14:23:25.387561Z,2023-12-22,en-US,troubleshooting,fix-problems;,darohwer,disappearing email from IMAP inbox,https://support.mozilla.org/questions/1434690,,,,,,m:microsoftemail,proto:imap;proto:pop,,2,true,8.72,False,
1434692,2023-12-22T14:41:39.794126Z,2023-12-22,en-US,other,other;,NotKnowEverything,Conflicting Mail Folders,https://support.mozilla.org/questions/1434692,,,,,,,,,1,false,,False,
1434699,2023-12-22T15:53:04.083632Z,2023-12-22,en-US,other,other;,performanceparts,e-mail yellow notice at page bottom,https://support.mozilla.org/questions/1434699,,,,,,,,,1,true,3.79,False,
1434701,2023-12-22T16:39:06.785162Z,2023-12-22,tr,other,other;,jengoteam,Thunderbird'e @live.com mail adresimi ekleyemiyorum,https://support.mozilla.org/questions/1434701,os:linux,,,,,m:microsoftemail,proto:imap,,1,true,4.28,False,
1434702,2023-12-22T16:41:14.145482Z,2023-12-22,en-US,other,other;,lorisexton,Put the header columns back in my email Date    Time     Sender  Subject  Size (inbox & sent box),https://support.mozilla.org/questions/1434702,,,,,,,,,1,true,6.4,False,
1434705,2023-12-22T17:03:05.834168Z,2023-12-22,en-US,other,other;,DLA112,Can't send e-mail through Thunderbird,https://support.mozilla.org/questions/1434705,,,,,,m:comcast,proto:smtp,,4,true,6.01,True,DLA112
1434706,2023-12-22T17:19:28.487307Z,2023-12-22,en-US,troubleshooting,fix-problems;,Brandywinebridge1,Thunderbird running slow and taking ages to delete,https://support.mozilla.org/questions/1434706,,,,,,,,,1,true,9.8,False,
1434708,2023-12-22T17:34:11.745950Z,2023-12-22,en-US,settings,customize;,ryan.denke,Thunderbird New Email Visual Notification Stopped Working,https://support.mozilla.org/questions/1434708,,,,,,,,,1,true,5.4,False,
1434709,2023-12-22T17:39:15.804712Z,2023-12-22,es,other,other;,oscardiazcpa,"Cuando se visualizan los correos,   aparece toda la conversación.",https://support.mozilla.org/questions/1434709,,,,,,,,,1,true,33.73,False,
1434715,2023-12-22T18:06:17.255468Z,2023-12-22,en-US,other,other;,lew666,All mail gone including offline saved mail,https://support.mozilla.org/questions/1434715,os:windows,,,,,,,,1,true,4.98,False,
1434716,2023-12-22T18:08:43.810387Z,2023-12-22,en-US,settings,customize;,darrelhart,Bitdefender Ant-Spam Toolbar extension in thunderbird most recent update not working (115.6.0 (64-bit)) super nova,https://support.mozilla.org/questions/1434716,,,,,,,,av:bitdefender,10,true,4.85,False,
1434717,2023-12-22T18:20:45.826074Z,2023-12-22,en-US,settings,customize;,jcallaway101,changing font in thunderbird messages,https://support.mozilla.org/questions/1434717,,,,,,,,,1,true,4.54,False,
1434718,2023-12-22T18:39:14.355999Z,2023-12-22,en-US,other,other;,s.holmqvist,Hej och GOD JUL Ångrar dagens radering av dagens (231222 email?,https://support.mozilla.org/questions/1434718,,,,,,,,,0,false,,False,
1434719,2023-12-22T18:52:03.831641Z,2023-12-22,en-US,settings,customize;,jc.bouzigues,"While in thunderbird inbox, how can I see if an email is labeled in Gmail, and what is the label(s)?",https://support.mozilla.org/questions/1434719,,,,,,m:gmail,,,1,true,3.86,False,
1434720,2023-12-22T18:55:21.201255Z,2023-12-22,en-US,settings,customize;,jc.bouzigues,"If an email in ThunderBird inbox has a label in Gmail, it will be in a TB folder. Can I archive the email from TB inbox,",https://support.mozilla.org/questions/1434720,,,,,,m:gmail,,,1,true,3.76,False,
1434723,2023-12-22T19:10:22.232242Z,2023-12-22,en-US,troubleshooting,fix-problems;,patnsandy,Thunderbird gets hung and I need to reboot SOLVED caused by McAfee,https://support.mozilla.org/questions/1434723,os:windows,,,,,m:gmail,,av:mcafee,2,true,3.4,True,patnsandy
1434726,2023-12-22T19:43:53.692877Z,2023-12-22,en-US,calendar,calendar;,namuwilliams,"When editing events in calendar, the window does'n't expand far enough to click the ""edit"" button, by default.",https://support.mozilla.org/questions/1434726,os:windows,,,,,,,,1,true,57.13,False,
1434734,2023-12-22T20:42:48.924677Z,2023-12-22,en-US,troubleshooting,fix-problems;,r.craig.hogan1,Thunderbird is crashing. [@ nsMsgXFViewThread::RemoveChildHdr ],https://support.mozilla.org/questions/1434734,,,,,,,,,6,true,1.68,False,
1434740,2023-12-22T21:26:31.202307Z,2023-12-22,en-US,other,other;,Doggo,"Every time you update Thunderbird, a shortcut icon is created on your desktop.",https://support.mozilla.org/questions/1434740,,,,,,,,,1,true,0.78,False,
1434745,2023-12-22T22:52:07.200659Z,2023-12-22,en-US,other,other;,nickt,how do you shorten the list of messages  on Thunderbird?,https://support.mozilla.org/questions/1434745,,,,,,,,,2,true,56.26,False,
1434746,2023-12-22T23:04:04.922800Z,2023-12-22,en-US,other,other;,James-A,Thunderbird Encryption Feature (version 115),https://support.mozilla.org/questions/1434746,,,,,,m:microsoftemail,,,0,false,,False,
1434750,2023-12-22T23:36:56.111649Z,2023-12-22,en-US,settings,customize;,rayandrews,I can't add any add-on.,https://support.mozilla.org/questions/1434750,,,,,,,,,13,true,7.4,False,
1434760,2023-12-23T03:27:23.083610Z,2023-12-23,en-US,other,other;,eltonringsak,"Content w/sub folders of DRAFT Folder complete disappeared after a ""Sleep"" timeout",https://support.mozilla.org/questions/1434760,,,,,,,,,0,false,,False,
1434762,2023-12-23T03:49:09.157228Z,2023-12-23,en-US,troubleshooting,fix-problems;,kayakcon,cannot access my email,https://support.mozilla.org/questions/1434762,,,,,,,,,0,false,,False,
1434763,2023-12-23T03:49:46.261904Z,2023-12-23,en-US,privacy-and-security,privacy-and-security_1;,gaaartner,Using a S/MIME Certificate from Thunderbird with K9 Mail,https://support.mozilla.org/questions/1434763,,,,,,,,,1,true,41.4,False,
1434764,2023-12-23T04:17:34.279500Z,2023-12-23,en-US,other,other;,janestu,login to server IMAP.telstra.com and SMTP.telstra.com; can you please help. Thank you.,https://support.mozilla.org/questions/1434764,,,,,,m:bigpond,proto:imap;proto:smtp,,0,false,,False,
1434766,2023-12-23T06:49:18.549852Z,2023-12-23,en-US,other,other;,ttocsmij,The messages could not be moved or copied to folder,https://support.mozilla.org/questions/1434766,os:linux,,,,,m:yahooemail;m:earthlink,proto:imap;proto:pop,,0,false,,False,
1434767,2023-12-23T06:49:23.133885Z,2023-12-23,en-US,other,other;,rmrubinsl,Using an email alias in the FROM field,https://support.mozilla.org/questions/1434767,,,,,,m:gmail;m:ionos,proto:imap;proto:smtp,,6,true,5.25,False,
1434773,2023-12-23T10:20:13.241092Z,2023-12-23,en-US,other,other;,marcel50,Restore deleted email,https://support.mozilla.org/questions/1434773,,,,,,,,,3,true,2.16,True,davidsk
1434774,2023-12-23T11:14:44.251586Z,2023-12-23,en-US,installation-and-updates,download-and-install_1;,gerard17,"I can import my active emails, but not my non-active ones (old ones I check sometimes). I have done the first and tried ",https://support.mozilla.org/questions/1434774,,,,,,,,,1,true,1.15,False,
1434775,2023-12-23T12:01:49.997863Z,2023-12-23,pt-BR,installation-and-updates,download-and-install_1;,parreira.jv91,Download de email,https://support.mozilla.org/questions/1434775,,,,,,,,,0,false,,False,
1434776,2023-12-23T12:02:51.352750Z,2023-12-23,en-US,troubleshooting,fix-problems;,egonaszmann10,Send message error (Unable to relay for xxxxxx@xxxx),https://support.mozilla.org/questions/1434776,,,,,,,proto:smtp,,12,true,0.2,False,
1434780,2023-12-23T13:04:04.633578Z,2023-12-23,it,installation-and-updates,download-and-install_1;,giusep.moretti,Non riesco a installare Mozilla sul mio iPhone,https://support.mozilla.org/questions/1434780,,,,,,,,,0,false,,False,
1434791,2023-12-23T15:46:11.174829Z,2023-12-23,en-US,other,other;,bobe624,Email Folder Location in Thunderbird Search,https://support.mozilla.org/questions/1434791,,,,,,,,,3,true,17.3,True,bobe624
1434792,2023-12-23T16:08:56.468664Z,2023-12-23,hu,troubleshooting,fix-problems;,janitsbela,"(hungarian:)megőrizhető-e a címlista és az üzenetek, ha a használhatatlan Thunderbirdet egy új verzióra cserélem? can th",https://support.mozilla.org/questions/1434792,,,,,,m:gmail,,,0,false,,False,
1434793,2023-12-23T16:25:36.270227Z,2023-12-23,en-US,calendar,calendar;,SteedVM,No option to receive email reminder for Gmail calendar events,https://support.mozilla.org/questions/1434793,os:windows,,,,,m:gmail,,,1,false,,False,
1434794,2023-12-23T16:50:56.821263Z,2023-12-23,en-US,other,other;,rcglfr1010,Thunderbird/Firefox problem,https://support.mozilla.org/questions/1434794,,,,,,,,,0,false,,False,
1434801,2023-12-23T19:19:01.965210Z,2023-12-23,en-US,other,other;,meditek,A change?,https://support.mozilla.org/questions/1434801,os:windows,,,,,,proto:pop,,7,true,25.95,True,davidsk
1434802,2023-12-23T19:25:21.190877Z,2023-12-23,en-US,other,other;,simon.n.jack,Thunderbird not opening or saving attachments properly,https://support.mozilla.org/questions/1434802,,,,,,,,,1,true,7.13,False,
1434804,2023-12-23T19:40:01.562906Z,2023-12-23,en-US,other,other;,Honk2010,Help please with issue creating folders,https://support.mozilla.org/questions/1434804,,,,,,,,,3,true,6.84,False,
1434805,2023-12-23T19:44:33.029173Z,2023-12-23,en-US,troubleshooting,fix-problems;,liseetpierre,Impossible to open a yahoo.com account with Thunderbird,https://support.mozilla.org/questions/1434805,,,,,,m:yahooemail;m:rogers,,,1,true,6.66,True,MattAuSupport
1434808,2023-12-23T20:57:47.211287Z,2023-12-23,en-US,settings,customize;,jammetcub,"Every email I want to read, I am asked which version I want (plain text or html) and I'd like a default choice.",https://support.mozilla.org/questions/1434808,,,,,,,,,3,true,5.53,False,
1434809,2023-12-23T21:36:14.188481Z,2023-12-23,en-US,settings,customize;,errata007,Uncollapse email thread,https://support.mozilla.org/questions/1434809,,,,,,m:gmail,,,6,true,5.11,False,
1434813,2023-12-23T23:08:41.022596Z,2023-12-23,en-US,installation-and-updates,download-and-install_1;,,CAN'T ADD / CONNECT ATT (SBCGlobal) EMAIL ACCOUNT VIA IMAP or POP3,https://support.mozilla.org/questions/1434813,,,,,,m:att,proto:imap;proto:pop,,2,true,3.5,True,MattAuSupport
1434815,2023-12-23T23:26:16.438919Z,2023-12-23,en-US,settings,customize;,bullishbob,Number of fields in thunderbird contact are inadequate....how do i get more?  And ability to rename fields.,https://support.mozilla.org/questions/1434815,os:linux,,,,,m:microsoftemail,,,6,true,7.26,False,
1434817,2023-12-24T00:12:54.850988Z,2023-12-24,en-US,privacy-and-security,privacy-and-security_1;,john.h.timmons.jr,"Login fails when I open Thunderbird ""Sending of password for user xxxx did not succeed. Mail server pop.centurylink.net ",https://support.mozilla.org/questions/1434817,,,,,,m:centurylink,proto:pop,,1,true,148.47,False,
1434820,2023-12-24T02:58:31.993070Z,2023-12-24,en-US,other,other;,karen108,I can't send or receive emails,https://support.mozilla.org/questions/1434820,,,,,,,,,1,true,14.31,False,
1434821,2023-12-24T02:58:36.077572Z,2023-12-24,en-US,other,other;,Mysterfied,Mozilla support request 123325,https://support.mozilla.org/questions/1434821,,,,,,m:gmail,proto:smtp;proto:pop,,6,true,3.84,True,Mysterfied
1434826,2023-12-24T07:54:34.789307Z,2023-12-24,en-US,other,other;,pachisiya.praveen,Error in Yahoo.com account setup,https://support.mozilla.org/questions/1434826,,,,,,m:yahooemail,,,1,true,1.14,False,
1434828,2023-12-24T08:24:22.309726Z,2023-12-24,it,troubleshooting,fix-problems;,rmgovoni,lapp non funziona,https://support.mozilla.org/questions/1434828,,,,,,,,,3,true,0.44,False,
1434830,2023-12-24T09:33:25.063679Z,2023-12-24,en-US,troubleshooting,fix-problems;,mary.therese,"""Enter Password"" box no longer comes up when I start up Thunderbird so can't access new emails",https://support.mozilla.org/questions/1434830,,,,,,,,,11,true,11.57,True,davidsk
1434831,2023-12-24T10:24:13.510300Z,2023-12-24,en-US,other,other;,geislingen,Problem hier in Geislingen:  geislingen@spaich.de  kann nicht antworten auf mail.com  zum Beispiel kammerorchester.russ@,https://support.mozilla.org/questions/1434831,,,,,,m:gmail;m:mailcom,,,1,true,29.41,False,
1434832,2023-12-24T10:32:42.850020Z,2023-12-24,en-US,other,other;,kw.staffservice,Wątkowanie w Thunderbird,https://support.mozilla.org/questions/1434832,,,,,,,,,1,true,29.16,False,
1434835,2023-12-24T12:20:51.730668Z,2023-12-24,en-US,installation-and-updates,download-and-install_1;,tgodfrey,Trouble downloading new messages,https://support.mozilla.org/questions/1434835,,,,,,,,,4,true,27.17,False,
1434842,2023-12-24T16:16:34.777854Z,2023-12-24,en-US,troubleshooting,fix-problems;,webmaila,Tabs not restoring and top menu bar is gone.,https://support.mozilla.org/questions/1434842,os:linux,,,,,,,,1,false,,False,
1434861,2023-12-24T21:15:11.793579Z,2023-12-24,en-US,troubleshooting,fix-problems;,ebailey,Some folders (e.g. 'All Mail on ebailey@phillipslaw.net') cannot be compacted because there is not enough free disk spac,https://support.mozilla.org/questions/1434861,,,,,,,,,5,true,0.31,False,
1434862,2023-12-24T21:18:18.647588Z,2023-12-24,en-US,privacy-and-security,privacy-and-security_1;,mark_gory,Thunderbird pop password failure,https://support.mozilla.org/questions/1434862,,,,,,,proto:smtp;proto:pop,,4,true,18.3,False,
1434864,2023-12-24T21:51:58.924970Z,2023-12-24,en-US,other,other;,bgkent,Donate,https://support.mozilla.org/questions/1434864,,,,,,,,,1,true,15.82,False,
1434870,2023-12-25T00:48:22.846992Z,2023-12-25,en-US,settings,customize;,wcoppock,Start up,https://support.mozilla.org/questions/1434870,,,,,,,,,1,true,12.74,False,
1434872,2023-12-25T02:19:42.846718Z,2023-12-25,en-US,other,other;,h.ito,不在メールの設定,https://support.mozilla.org/questions/1434872,,,,,,,,,1,true,11.58,False,
1434875,2023-12-25T05:23:48.270658Z,2023-12-25,en-US,installation-and-updates,mobile;other;,teemu.tuuri,How can I move only my addressbook from existing thunderbird on laptop to my new computer,https://support.mozilla.org/questions/1434875,,,,,,,,,1,true,7.65,False,
1434876,2023-12-25T05:31:27.471701Z,2023-12-25,en-US,other,other;,ladybabs11,can't send an email in my thunderbird account,https://support.mozilla.org/questions/1434876,,,,,,,,,1,true,7.39,False,
1434877,2023-12-25T05:52:35.228287Z,2023-12-25,en-US,installation-and-updates,download-and-install_1;,Emilio2000,How to preserve mailing lists?,https://support.mozilla.org/questions/1434877,,,,,,m:microsoftemail,,,4,true,6.86,True,MattAuSupport
1434880,2023-12-25T06:45:25.823352Z,2023-12-25,en-US,installation-and-updates,download-and-install_1;,mihokanaya1128,***@gmail.comのメールをダウンロードしています。と画面左下に。,https://support.mozilla.org/questions/1434880,,,,,,m:gmail,,,3,true,7.21,False,
1434885,2023-12-25T09:56:23.266784Z,2023-12-25,en-US,installation-and-updates,download-and-install_1;,william.washburn1,downloading thunderbird installer file,https://support.mozilla.org/questions/1434885,os:windows,,,,,,,,1,true,2.73,False,
1434889,2023-12-25T11:16:15.349613Z,2023-12-25,en-US,settings,customize;,william89,Spell check,https://support.mozilla.org/questions/1434889,,,,,,,,,1,true,1.51,False,
1434897,2023-12-25T13:59:28.458973Z,2023-12-25,en-US,other,other;,ceciljohn6,Thunderbird file folders,https://support.mozilla.org/questions/1434897,,,,,,,,,4,true,33.33,False,
1434898,2023-12-25T14:17:44.855629Z,2023-12-25,en-US,other,other;,vbaren153,Menu bar Thunderbird,https://support.mozilla.org/questions/1434898,,,,,,,,,3,true,1.02,False,
1434903,2023-12-25T15:42:15.207625Z,2023-12-25,en-US,other,other;,m.bibby,Start icon for TB,https://support.mozilla.org/questions/1434903,,,,,,,,,2,true,0.03,False,
1434905,2023-12-25T15:51:04.473088Z,2023-12-25,en-US,troubleshooting,fix-problems;,j6177453,emails,https://support.mozilla.org/questions/1434905,,,,,,,,,1,true,14.7,False,
1434906,2023-12-25T15:53:57.102520Z,2023-12-25,en-US,troubleshooting,fix-problems;,j6177453,emails,https://support.mozilla.org/questions/1434906,,,,,,,,,1,true,5.09,False,
1434907,2023-12-25T16:04:37.473377Z,2023-12-25,en-US,other,other;,todu.chen,"Using Foxmail to receive emails sent by TB, the file name of the attachment can only display 17 characters",https://support.mozilla.org/questions/1434907,os:linux,,,,,,,,4,true,14.47,False,
1434910,2023-12-25T17:33:44.775494Z,2023-12-25,en-US,other,other;,drew24,http links to web sites won't open,https://support.mozilla.org/questions/1434910,os:windows,,,,,,,,5,true,2.48,True,drew24
1434912,2023-12-25T18:53:50.239418Z,2023-12-25,en-US,other,other;,kukurinv,Thunderbird email oñ PC,https://support.mozilla.org/questions/1434912,os:windows,,,,,,,,3,true,23.28,False,
1434913,2023-12-25T19:16:40.737575Z,2023-12-25,en-US,other,other;,kirch,TB email inbound fail,https://support.mozilla.org/questions/1434913,,,,,,m:att;m:bell,,,1,true,0.73,False,
1434914,2023-12-25T19:21:43.442400Z,2023-12-25,en-US,other,other;,handejel,email quit sending about a month ago   still receive  message below,https://support.mozilla.org/questions/1434914,,,,,,m:spectrum,proto:smtp,,1,true,0.59,False,
1434916,2023-12-25T19:53:32.723078Z,2023-12-25,cs,settings,customize;,samonebe,Dvě složky odeslaná pošta,https://support.mozilla.org/questions/1434916,,,,,,,,,1,true,1.05,False,
1434918,2023-12-25T20:17:43.944068Z,2023-12-25,en-US,troubleshooting,fix-problems;,kjlevy71,"On startup: ""Authentication Required - Mozilla Thunderbird""."" https://www.google.com is requesting your username and pas",https://support.mozilla.org/questions/1434918,,,,,,m:gmail,,,1,true,26.97,True,MattAuSupport
1434923,2023-12-25T21:47:42.372278Z,2023-12-25,en-US,troubleshooting,fix-problems;,avoidaccess,TB 115 can't change mbox local folders,https://support.mozilla.org/questions/1434923,os:linux,,,,,,,,0,false,,False,
1434926,2023-12-25T22:33:41.659245Z,2023-12-25,en-US,other,other;,jameskinnear1949,emails,https://support.mozilla.org/questions/1434926,,,,,,,,,1,true,7.79,False,
1434927,2023-12-25T23:55:05.364919Z,2023-12-25,en-US,other,other;,rainlover42,Continual authentification sign in Thunderbird issues,https://support.mozilla.org/questions/1434927,,,,,,m:microsoftemail,,,2,true,1.74,False,
1434932,2023-12-26T00:45:32.363200Z,2023-12-26,en-US,settings,customize;,bdjim,This new idea of Thunderbird 115 does not give the user the kind of ease and security that the old Thunderbird did (befo,https://support.mozilla.org/questions/1434932,os:linux,,,,,,,,20,true,12.63,True,bdjim
1434945,2023-12-26T07:38:16.086390Z,2023-12-26,en-US,troubleshooting,fix-problems;,office731,Server has disconnected - Thunderbird,https://support.mozilla.org/questions/1434945,,,,,,,,,1,true,9.19,False,
1434946,2023-12-26T08:30:09.663875Z,2023-12-26,en-US,installation-and-updates,download-and-install_1;,patnsandy,I was trying to move thunderbird to a new computer and my profiles are messed up,https://support.mozilla.org/questions/1434946,,,,,,,,,4,true,3.63,True,davidsk
1434948,2023-12-26T08:39:31.241302Z,2023-12-26,en-US,other,other;,svohct1,The STAT command did not succeed. Error getting message number and sizes. Mail server pop.gmail.com responded: [AUTH] In,https://support.mozilla.org/questions/1434948,,,,,,m:gmail,proto:pop,,7,true,13.98,True,Agentvirtuel
1434953,2023-12-26T10:43:54.299151Z,2023-12-26,en-US,other,other;,kelvin5,Deleted account keep reappearing,https://support.mozilla.org/questions/1434953,os:windows,,,,,,,,6,true,11.85,True,MattAuSupport
1434957,2023-12-26T12:03:17.274182Z,2023-12-26,en-US,privacy-and-security,privacy-and-security_1;,grant37,Not receiving any SPAM at all,https://support.mozilla.org/questions/1434957,,,,,,m:gmx,,,1,true,4.94,False,
1434959,2023-12-26T12:18:51.868147Z,2023-12-26,en-US,other,other;,joaozamith,Email account,https://support.mozilla.org/questions/1434959,,,,,,,proto:imap;proto:pop,,1,true,2.53,False,
1434971,2023-12-26T16:05:56.164296Z,2023-12-26,en-US,installation-and-updates,download-and-install_1;,daum.nicolas,TB does not download mails from one of my accounts,https://support.mozilla.org/questions/1434971,os:macos,,macos:ventura,,,m:gmail;m:orange,,,1,true,6.43,False,
1434972,2023-12-26T16:15:16.611690Z,2023-12-26,en-US,other,other;,mike710,checking mail on moble phone,https://support.mozilla.org/questions/1434972,,,,,,,,,5,true,0.52,False,
1434975,2023-12-26T16:30:46.930255Z,2023-12-26,en-US,troubleshooting,fix-problems;,info10513,address book loss,https://support.mozilla.org/questions/1434975,,,,,,,,,4,true,0.22,False,
1434978,2023-12-26T17:04:43.910884Z,2023-12-26,en-US,installation-and-updates,download-and-install_1;,joekirby,"I have followed through the troubleshooting steps, but Thunderbird still doesn't connect to google. The imap connection ",https://support.mozilla.org/questions/1434978,,,,,,m:gmail,proto:imap,,1,true,5.2,False,
1434979,2023-12-26T17:31:55.843852Z,2023-12-26,en-US,settings,customize;,bobtezyk,Menu Bar turns gray when viewing a message TB115,https://support.mozilla.org/questions/1434979,,,,,,,,,4,true,83.08,False,
1434980,2023-12-26T17:55:45.502540Z,2023-12-26,en-US,troubleshooting,fix-problems;,shady08884,Can receive mail but cant send?,https://support.mozilla.org/questions/1434980,,,,,,,,,1,true,5.11,False,
1434982,2023-12-26T18:35:48.671813Z,2023-12-26,en-US,installation-and-updates,download-and-install_1;,mbasmaji,Folder names missing in Thunderbird account,https://support.mozilla.org/questions/1434982,,,,,,,,,1,true,64.74,False,
1434983,2023-12-26T18:36:05.666532Z,2023-12-26,en-US,other,other;,firefox_browser,"Microsoft message is ""We couldn't send the code. Please try again.""",https://support.mozilla.org/questions/1434983,,,,,,,,,14,true,0.33,True,firefox_browser
1434987,2023-12-26T19:04:26.360861Z,2023-12-26,en-US,troubleshooting,fix-problems;,Fivestarexc,"Unable to write the email to the mailbox. Make sure the file system allows you write privileges, and you have enough dis",https://support.mozilla.org/questions/1434987,,,,,,m:centurylink,proto:pop,,2,true,2.91,False,
1434989,2023-12-26T19:38:32.234287Z,2023-12-26,en-US,installation-and-updates,download-and-install_1;,patm1,Just updated to 115.6.0 All Read and saved email have and are disappearing. How do I get them back,https://support.mozilla.org/questions/1434989,,,,,,,,,0,false,,False,
1434990,2023-12-26T19:43:06.823852Z,2023-12-26,en-US,troubleshooting,fix-problems;,kws4,incoming emails and security,https://support.mozilla.org/questions/1434990,,,,,,,,,1,true,0.31,False,
1434991,2023-12-26T19:53:19.664442Z,2023-12-26,en-US,other,other;,kz3,"moving messages in trash to new folder, (2023) created in local folders",https://support.mozilla.org/questions/1434991,,,,,,,,,1,true,2.06,False,
1434992,2023-12-26T19:56:17.730117Z,2023-12-26,en-US,other,other;,1768gm,"old win email (glad it's gone) let me put,see,get info on my comcast mail acct folders--can I do that with Tbird?",https://support.mozilla.org/questions/1434992,,,,,,m:comcast,,,1,true,0.07,False,
1434998,2023-12-26T21:04:58.798676Z,2023-12-26,en-US,troubleshooting,fix-problems;,mlglenn,Email,https://support.mozilla.org/questions/1434998,,,,,,,,,18,true,0.6,False,
1435000,2023-12-26T21:22:04.510166Z,2023-12-26,en-US,other,other;,lestkelly,"Thunderbird has started refusing to forward some messages due to ""suspected spam OB703"" - How do I rectify?",https://support.mozilla.org/questions/1435000,,,,,,,,,1,true,0.06,False,
1435003,2023-12-26T21:44:00.064212Z,2023-12-26,en-US,other,other;,michael-drayton,How do  I convert IMAP to POP3,https://support.mozilla.org/questions/1435003,,,,,,m:gmail;m:microsoftemail,proto:imap;proto:pop,,3,true,0.17,False,
1435005,2023-12-26T22:23:10.658757Z,2023-12-26,en-US,troubleshooting,fix-problems;,nigelb53,"My 'Z Archive' folder isn't showing, but some of its subfolders are - in the normal listing.",https://support.mozilla.org/questions/1435005,,,,,,,,,0,false,,False,
1435006,2023-12-26T22:46:32.268722Z,2023-12-26,en-US,other,other;,andrewunderwood,"password for ""inbound""",https://support.mozilla.org/questions/1435006,,,,,,m:att,,,1,true,0.24,False,
1435008,2023-12-26T23:25:18.357497Z,2023-12-26,en-US,other,other;,fhanzel,Windows Defender reports recurring Thunderbird profile Trojan:HTML/Phish!pz threat,https://support.mozilla.org/questions/1435008,,,,,,,,av:defender,21,true,0.14,False,
1435010,2023-12-27T00:41:58.582001Z,2023-12-27,en-US,privacy-and-security,privacy-and-security_1;,return335,"T'bird:  Can't log into Yahoo Mail - wrong p/w, but identical log-on & p/w work perfectly w/ Firefox; any ideas?",https://support.mozilla.org/questions/1435010,,,,,,m:yahooemail,,,1,true,0.68,False,
1435012,2023-12-27T01:51:00.239081Z,2023-12-27,en-US,other,other;,mimosacollingwood,Can't send emails,https://support.mozilla.org/questions/1435012,,,,,,,,,0,false,,False,
1435013,2023-12-27T01:52:50.366043Z,2023-12-27,en-US,other,other;,m102,My email is being deleted as I receive it,https://support.mozilla.org/questions/1435013,,,,,,,,,0,false,,False,
1435014,2023-12-27T02:18:30.767051Z,2023-12-27,en-US,settings,customize;,firefox2512,Unified folder marking read/unread incorrectly,https://support.mozilla.org/questions/1435014,,,,,,,proto:imap,,0,false,,False,
1435016,2023-12-27T02:30:09.576243Z,2023-12-27,en-US,settings,customize;,return335,"T'bird Opening Page stuck. Newest message dated 11/18/23, I can't dislodge the page - T'bird v115.6.0 on OS 13.6.3",https://support.mozilla.org/questions/1435016,os:macos,,macos:ventura,,,m:yahooemail;m:icloud;m:comcast,,,1,false,,True,return335
1435018,2023-12-27T02:44:30.223836Z,2023-12-27,en-US,troubleshooting,fix-problems;,BirdieBob,Thunderbird is launcing incorrect firefox profile,https://support.mozilla.org/questions/1435018,,,,,,,,,5,true,0.67,True,wsmwk
1435019,2023-12-27T02:47:53.760024Z,2023-12-27,es,other,other;,alonso.misael,recovery my  storaged email,https://support.mozilla.org/questions/1435019,,,,,,,,,0,false,,False,
1435021,2023-12-27T02:57:22.819052Z,2023-12-27,en-US,settings,customize;,Princy557,Chat set up,https://support.mozilla.org/questions/1435021,,,,,,,,,0,false,,False,
1435027,2023-12-27T05:09:43.880608Z,2023-12-27,en-US,other,other;,ladybabs11,Thunderbird email account in windows 10,https://support.mozilla.org/questions/1435027,os:windows,,,,,m:windstream,proto:smtp,,1,true,14.36,False,
1435028,2023-12-27T06:06:16.798751Z,2023-12-27,en-US,other,other;,famoore,Password reset on my internet smpt mail server resulted in loss of connectivity via Thunderbird,https://support.mozilla.org/questions/1435028,,,,,,,,,1,false,,False,
1435032,2023-12-27T07:39:46.550417Z,2023-12-27,en-US,other,other;,nigel.ogilvie,"When I click on email link in website, or in address book, an obsolete ""from"" address gets inserted",https://support.mozilla.org/questions/1435032,,,,,,,,,2,true,1.2,False,
1435033,2023-12-27T08:37:45.170590Z,2023-12-27,en-US,settings,customize;,frantsyzof,userChrome.css,https://support.mozilla.org/questions/1435033,,,,,,,,,7,true,3.85,True,davidsk
1435039,2023-12-27T11:48:41.486125Z,2023-12-27,en-US,other,other;,easteelengrg,"Thunderbird - Unable to access email for my gmail account, but able to do it with my yahoo email account",https://support.mozilla.org/questions/1435039,,,,,,m:gmail;m:yahooemail,,,1,true,12.55,False,
1435041,2023-12-27T12:10:25.564520Z,2023-12-27,en-US,other,other;,Peasoft,Inbox puzzle,https://support.mozilla.org/questions/1435041,,,,,,,,,1,true,28.07,False,
1435043,2023-12-27T12:36:11.940916Z,2023-12-27,en-US,troubleshooting,fix-problems;,tdl23,"mail goes into trash as unread, empty and the date as 1-1-1970",https://support.mozilla.org/questions/1435043,os:windows,,,,,,,,2,true,11.7,False,
1435047,2023-12-27T13:55:52.913595Z,2023-12-27,es,other,other;,daniel294,Reenvio de mail,https://support.mozilla.org/questions/1435047,,,,,,,,,0,false,,False,
1435048,2023-12-27T13:59:04.463283Z,2023-12-27,en-US,troubleshooting,fix-problems;,dmitry12,Thunderbird redownloads all messages in one folder after any crash,https://support.mozilla.org/questions/1435048,,,,,,,,,4,true,62.45,True,dmitry12
1435049,2023-12-27T13:59:11.413484Z,2023-12-27,en-US,privacy-and-security,privacy-and-security_1;,medicalone.zagreb,"SMTP, 550 high probability of spam",https://support.mozilla.org/questions/1435049,,,,,,,proto:smtp,,1,true,5.47,False,
1435050,2023-12-27T14:02:17.126620Z,2023-12-27,en-US,troubleshooting,fix-problems;,Holidays21,Unable to send emails in Thunderbird on an optus mail account,https://support.mozilla.org/questions/1435050,,,,,,,,,1,true,2.19,False,
1435051,2023-12-27T14:03:09.278203Z,2023-12-27,en-US,other,other;,mpj_oban,Where is my Thunderbird Address Book?,https://support.mozilla.org/questions/1435051,,,,,,,,,3,true,1.43,False,
1435055,2023-12-27T15:23:28.318280Z,2023-12-27,en-US,troubleshooting,fix-problems;,gguild29,"Trying to send an e-mail and I get this message. ""Sending of the message failed. A certificate that is not yet valid was",https://support.mozilla.org/questions/1435055,,,,,,m:gmail,proto:smtp,,2,true,8.82,False,
1435061,2023-12-27T16:06:45.558703Z,2023-12-27,it,other,other;,andrea83,Mail arrivano senza allegati,https://support.mozilla.org/questions/1435061,,,,,,m:gmail,,,4,true,0.19,True,'@next
1435066,2023-12-27T16:56:12.282228Z,2023-12-27,it,other,other;,olivieromontagna,recupero mail,https://support.mozilla.org/questions/1435066,,,,,,,,,1,true,0.18,False,
1435073,2023-12-27T18:25:30.770684Z,2023-12-27,en-US,other,other;,srdarstein,pc wake-up results in T-bird window shrinkage or disappearance.,https://support.mozilla.org/questions/1435073,os:windows,,,,,,,,0,false,,False,
1435075,2023-12-27T19:08:13.043901Z,2023-12-27,en-US,troubleshooting,fix-problems;,rsuttenberg,"My emails are downloaded to Thunderbird, but do not appear in my inbox. Help please!",https://support.mozilla.org/questions/1435075,,,,,,,,,0,false,,False,
1435077,2023-12-27T19:36:28.862030Z,2023-12-27,en-US,installation-and-updates,download-and-install_1;,r_searle,Switching from version 115 down to version 102,https://support.mozilla.org/questions/1435077,,,,,,,,,3,true,1.89,False,
1435079,2023-12-27T19:38:26.221993Z,2023-12-27,en-US,installation-and-updates,download-and-install_1;,sevens,Login to server pop.cox.net failed,https://support.mozilla.org/questions/1435079,,,,,,m:cox,proto:pop,,0,false,,False,
1435080,2023-12-27T19:42:09.862765Z,2023-12-27,en-US,other,other;,Brian.Inglis,New email account does not run enabled filters when fetching mail before junk classification,https://support.mozilla.org/questions/1435080,os:windows,,,,,m:shaw,proto:smtp;proto:pop,,3,true,4.84,False,
1435081,2023-12-27T19:46:07.959817Z,2023-12-27,en-US,other,other;,22fn6vwdfn,"Outgoing email error ""Sending of the message failed."" for charter.net (spectrum)",https://support.mozilla.org/questions/1435081,,,,,,m:spectrum,proto:smtp,,2,true,1.55,False,
1435083,2023-12-27T20:16:28.615370Z,2023-12-27,en-US,troubleshooting,fix-problems;needsinfo;,jmil43,Thunderbird Issues,https://support.mozilla.org/questions/1435083,,,,,,m:centurylink,,,4,true,4.14,False,
1435084,2023-12-27T20:28:51.012046Z,2023-12-27,en-US,other,other;,DZip,Can't send messages.,https://support.mozilla.org/questions/1435084,,,,,,,,,5,true,0.6,False,
1435085,2023-12-27T20:41:21.623004Z,2023-12-27,en-US,installation-and-updates,download-and-install_1;,nycityk9,Existing Thunderbird account to new windows 11,https://support.mozilla.org/questions/1435085,os:windows,,,,,m:gmail,,,7,true,0.89,False,
1435091,2023-12-27T22:17:46.487714Z,2023-12-27,it,other,other;,zambrini.loris.verona,Invio del messaggio non riuscito. Si è verificato un errore nell’allegare documento. Controllare di disporre dei permess,https://support.mozilla.org/questions/1435091,,,,,,,,,1,true,11.32,False,
1435092,2023-12-27T22:21:01.279142Z,2023-12-27,en-US,other,other;,elashn,How can I make a suggestion?,https://support.mozilla.org/questions/1435092,,,,,,m:gmail,,,0,false,,False,
1435093,2023-12-27T22:23:21.923050Z,2023-12-27,en-US,calendar,calendar;,austeve,Calendar Events cannot be created with start and end times,https://support.mozilla.org/questions/1435093,os:windows,,,,,,proto:caldav,,0,false,,False,
1435095,2023-12-27T23:28:28.045210Z,2023-12-27,en-US,installation-and-updates,download-and-install_1;,hschulienlcsw@icloud.com,airmail to thunderbird folders migration disaster,https://support.mozilla.org/questions/1435095,os:macos,,macos:sonoma,,,m:gmail;m:icloud,,,1,true,1.37,False,
1435100,2023-12-28T01:21:53.289658Z,2023-12-28,en-US,installation-and-updates,download-and-install_1;,dennyw0713,Trying to use previous Thunderbird profile,https://support.mozilla.org/questions/1435100,os:windows,,,,,,,,11,true,10.48,False,
1435104,2023-12-28T02:15:50.057798Z,2023-12-28,en-US,other,other;,clintoconner2,Emails not being sent,https://support.mozilla.org/questions/1435104,,,,,,,,,3,true,50.1,False,
1435107,2023-12-28T05:26:53.551435Z,2023-12-28,en-US,other,other;,gregdonald,POST DATED SPAM EMAILS,https://support.mozilla.org/questions/1435107,,,,,,,,,1,true,1.92,False,
1435113,2023-12-28T08:47:02.827060Z,2023-12-28,fi,troubleshooting,fix-problems;,kaarlo.erjala,Yhteyteni aikakatkaistu kohteeseen webmail.inet.fi,https://support.mozilla.org/questions/1435113,,,,,,,,,0,false,,False,
1435114,2023-12-28T09:14:02.244420Z,2023-12-28,en-US,other,other;,simonesca89,richiesta credenziali accesso account rimosso,https://support.mozilla.org/questions/1435114,,,,,,m:gmail,,,1,true,9.37,False,
1435121,2023-12-28T11:20:49.964572Z,2023-12-28,en-US,troubleshooting,fix-problems;,francesco.lelj,Thunderbird not responding,https://support.mozilla.org/questions/1435121,,,,,,,,,3,true,3.37,False,
1435128,2023-12-28T12:20:20.077601Z,2023-12-28,en-US,privacy-and-security,privacy-and-security_1;,RonSH,"Mail handling, Gmail on 115",https://support.mozilla.org/questions/1435128,,,,,,m:gmail,,,2,true,8.97,True,RonSH
1435131,2023-12-28T13:22:26.422874Z,2023-12-28,en-US,installation-and-updates,download-and-install_1;,ecop1,Thunderbird working on external hard drive (another partition),https://support.mozilla.org/questions/1435131,os:linux,,,,,,,,2,true,3.71,False,
1435139,2023-12-28T15:23:03.352117Z,2023-12-28,cs,installation-and-updates,download-and-install_1;,Jakub.Fojtik,automatic update is not possible,https://support.mozilla.org/questions/1435139,os:windows,,,,,,,,4,true,2.37,False,
1435140,2023-12-28T15:37:45.461442Z,2023-12-28,en-US,troubleshooting,fix-problems;tbdataloss;,jimerie,deleted emails,https://support.mozilla.org/questions/1435140,,,,,,,,,2,true,15.66,False,
1435148,2023-12-28T16:11:50.513732Z,2023-12-28,en-US,troubleshooting,fix-problems;,adrian.lestrange,Unable to send messages using Thunderbird,https://support.mozilla.org/questions/1435148,,,,,,m:microsoftemail,proto:smtp,,3,true,14.99,False,
1435149,2023-12-28T16:23:58.483141Z,2023-12-28,it,privacy-and-security,privacy-and-security_1;needsinfo;,assistenza8,Yahoo mail impossibile accedere,https://support.mozilla.org/questions/1435149,,,,,,m:yahooemail;m:spectrum,,,3,true,15.84,False,
1435151,2023-12-28T17:02:18.554155Z,2023-12-28,en-US,installation-and-updates,download-and-install_1;,juliatrout,I can no longer access my emails from my Thunderbird account on my pc. Thunderbird failed to find the settings for your ,https://support.mozilla.org/questions/1435151,,,,,,,,,11,true,14.16,False,
1435158,2023-12-28T18:47:13.084806Z,2023-12-28,cs,installation-and-updates,download-and-install_1;,valenz1,přesun Thunderbirdu na nový počítač,https://support.mozilla.org/questions/1435158,,,,,,,,,1,true,1.72,False,
1435161,2023-12-28T19:14:52.336982Z,2023-12-28,en-US,other,other;,eadelman1,cannot send email,https://support.mozilla.org/questions/1435161,,,,,,,,,1,true,2.02,False,
1435162,2023-12-28T19:35:51.481123Z,2023-12-28,en-US,troubleshooting,fix-problems;,joepoppy,"Thunderbird email program causes a ""Tab out"" of programs/games",https://support.mozilla.org/questions/1435162,,,,,,m:bell,,,2,true,11.53,False,
1435163,2023-12-28T19:45:20.991287Z,2023-12-28,en-US,other,other;,rogerdrapoport,Can't send emails on Thunderbird,https://support.mozilla.org/questions/1435163,,,,,,,,,1,true,0.96,False,
1435168,2023-12-28T20:31:13.999472Z,2023-12-28,en-US,troubleshooting,fix-problems;,marklang,Corrupted Email,https://support.mozilla.org/questions/1435168,os:windows,,,,,,,,7,true,1.47,False,
1435171,2023-12-28T21:17:15.159959Z,2023-12-28,en-US,troubleshooting,fix-problems;,robert.fitzmaurice,Messages archived from their inboxes still displaying in Unified inbox,https://support.mozilla.org/questions/1435171,,,,,,,,,0,false,,False,
1435181,2023-12-28T22:22:32.544903Z,2023-12-28,en-US,installation-and-updates,download-and-install_1;,mark.webley,donation and thunderbird issues,https://support.mozilla.org/questions/1435181,,,,,,,,,6,true,0.96,False,
1435182,2023-12-28T22:49:12.425130Z,2023-12-28,en-US,installation-and-updates,download-and-install_1;,RedJock_46,Thunderbird Update Window,https://support.mozilla.org/questions/1435182,,,,,,,,,5,true,1456.07,False,
1435185,2023-12-28T23:48:06.342606Z,2023-12-28,en-US,other,other;,Meliza,Emails get deleted when I press Enter key,https://support.mozilla.org/questions/1435185,,,,,,,,,4,true,2.65,False,
1435186,2023-12-29T00:04:22.027075Z,2023-12-29,en-US,installation-and-updates,download-and-install_1;,hcc4649,All mail,https://support.mozilla.org/questions/1435186,,,,,,m:gmail,,,1,true,2.36,False,
1435187,2023-12-29T00:34:04.225108Z,2023-12-29,en-US,troubleshooting,fix-problems;,alankeith.wike,Thunderbird Secure Connection Failed,https://support.mozilla.org/questions/1435187,,,,,,,,,1,true,1.85,False,
1435189,2023-12-29T02:38:50.958029Z,2023-12-29,en-US,other,other;,taxpayer,"How can I edit a message I have received, in order to make it more useful in my archive?",https://support.mozilla.org/questions/1435189,,,,,,,,,1,true,3.05,False,
1435191,2023-12-29T03:29:43.004727Z,2023-12-29,en-US,other,other;,sspp781,add email,https://support.mozilla.org/questions/1435191,,,,,,,,,2,true,4.06,False,
1435193,2023-12-29T04:17:38.359823Z,2023-12-29,en-US,installation-and-updates,download-and-install_1;,raebc,"I had to reinstall Windows 10.  I have recovered my old profile, but  cannot get Thunderbird to open with my old profile",https://support.mozilla.org/questions/1435193,os:windows,,,,,,proto:imap;proto:pop,,4,true,8.13,True,raebc
1435195,2023-12-29T05:43:10.924555Z,2023-12-29,en-US,installation-and-updates,download-and-install_1;,pr6qk5qfqj,"Gmail login not possible, passkey prompt in Thunderbird built in browser not working",https://support.mozilla.org/questions/1435195,,,,,,m:gmail,,,1,true,1.35,False,
1435196,2023-12-29T05:47:08.773696Z,2023-12-29,en-US,privacy-and-security,privacy-and-security_1;,jdj17,third party emails,https://support.mozilla.org/questions/1435196,,,,,,m:comcast,proto:imap,,2,true,1.83,False,
1435204,2023-12-29T09:09:06.391206Z,2023-12-29,en-US,troubleshooting,fix-problems;,Mark2090,Thunderbird Activity Monitor shows index processing stuck,https://support.mozilla.org/questions/1435204,,,,,,,,,1,false,,False,
1435207,2023-12-29T10:19:34.992841Z,2023-12-29,en-US,settings,customize;,RangaV,How to export Address Book into an excel sheet,https://support.mozilla.org/questions/1435207,,,,,,,,,1,true,1.61,False,
1435208,2023-12-29T10:19:55.641907Z,2023-12-29,en-US,installation-and-updates,download-and-install_1;,mail4costain,Can't Activate Thunderbird,https://support.mozilla.org/questions/1435208,,,,,,,,,1,true,1.57,False,
1435210,2023-12-29T10:34:28.689938Z,2023-12-29,en-US,settings,customize;,misc.trash,Grouped folders with IMAP are at least / but only temporarily possible,https://support.mozilla.org/questions/1435210,os:windows,,,,,,proto:imap,,3,true,1.87,False,
1435211,2023-12-29T10:36:34.217396Z,2023-12-29,en-US,other,other;,basil.burper,system help,https://support.mozilla.org/questions/1435211,,,,,,,,,3,true,1.28,False,
1435212,2023-12-29T11:16:38.430563Z,2023-12-29,en-US,troubleshooting,fix-problems;,ruben23,Stop Thunderbird from randomly opening my browser for a donation,https://support.mozilla.org/questions/1435212,,,,,,,,,0,false,,False,
1435213,2023-12-29T11:24:08.930678Z,2023-12-29,en-US,send-and-receive-email,mobile;other;,nancy77,I cannot see my e-mails anymore in my local folders,https://support.mozilla.org/questions/1435213,,,,,,,,,1,true,29.49,False,
1435216,2023-12-29T12:01:25.362995Z,2023-12-29,en-US,other,other;,nancy77,I cannot see my subfolders and mails anymore in the local folders,https://support.mozilla.org/questions/1435216,,,,,,,,,1,true,1.73,False,
1435217,2023-12-29T12:09:32.582352Z,2023-12-29,en-US,email-and-messaging,desktop;fix-problems;,mailazs,Can not see mailboxes and folders,https://support.mozilla.org/questions/1435217,os:macos,Mac OS x 10_15_7,macos:ventura,,,,,,10,true,74.12,False,
1435219,2023-12-29T13:10:43.234037Z,2023-12-29,cs,troubleshooting,fix-problems;,jureckovaj245,sending e-mail message,https://support.mozilla.org/questions/1435219,,,,,,,,,2,true,0.79,False,
1435225,2023-12-29T14:24:46.387568Z,2023-12-29,en-US,settings,customize;,jenilitz,Cannot see my emails,https://support.mozilla.org/questions/1435225,,,,,,,,,2,true,1.82,True,Googlethunderbird.
1435226,2023-12-29T14:48:35.510429Z,2023-12-29,en-US,other,other;,jstorsrud,Remove Messgae ID data below INBOX,https://support.mozilla.org/questions/1435226,,,,,,,,,5,true,1.2,True,davidsk
1435233,2023-12-29T15:31:42.693739Z,2023-12-29,en-US,privacy-and-security,privacy-and-security_1;,passtron,No Saved Paasswords.  TB prompts for new password entry but never displays the password entry screen/field,https://support.mozilla.org/questions/1435233,,,,,,m:comcast,,,0,false,,False,
1435234,2023-12-29T15:38:33.174989Z,2023-12-29,en-US,other,other;,cvancant,inbox MESSAGE COUNT is doubled,https://support.mozilla.org/questions/1435234,,,,,,,,,3,true,11.95,False,
1435237,2023-12-29T16:29:56.324539Z,2023-12-29,en-US,settings,customize;,cristobalvalenzuelaorrego,How to make titles more prominent?,https://support.mozilla.org/questions/1435237,,,,,,,,,3,true,1.88,False,
1435239,2023-12-29T17:11:08.715159Z,2023-12-29,en-US,privacy-and-security,privacy-and-security_1;,efultz,Beta SMTP Password Error,https://support.mozilla.org/questions/1435239,,,,,,m:comcast,proto:smtp,,9,true,0.77,True,davidsk
1435241,2023-12-29T17:30:46.341881Z,2023-12-29,en-US,other,other;,john.wafford,Cannot setup account,https://support.mozilla.org/questions/1435241,,,,,,m:microsoftemail,,,2,true,10.84,True,MattAuSupport
1435242,2023-12-29T17:39:24.176280Z,2023-12-29,en-US,other,other;needsinfo;,mconnors9,"most of my emails are going directly to trash. also, some emails in trash that I delete will end up back in trash. I kno",https://support.mozilla.org/questions/1435242,,,,,,,,,3,true,1.48,False,
1435243,2023-12-29T17:48:42.841735Z,2023-12-29,en-US,settings,customize;,h4ckrwqcnp,Sort my inbox view by Correspondent and into compacted threads,https://support.mozilla.org/questions/1435243,,,,,,,,,1,true,0.23,False,
1435244,2023-12-29T18:10:34.413109Z,2023-12-29,en-US,other,other;,johnggriffiths,Asking for donation,https://support.mozilla.org/questions/1435244,,,,,,,,,1,true,1.54,False,
1435246,2023-12-29T18:50:45.617495Z,2023-12-29,en-US,settings,customize;,Helium2,"Change color of ""unread"" email & notifs",https://support.mozilla.org/questions/1435246,,,,,,,,,4,true,3.7,False,
1435251,2023-12-29T20:05:41.976565Z,2023-12-29,en-US,privacy-and-security,privacy-and-security_1;,redcrown.arkacy,How to I keep all my email on my local machine and nothing in gmail.,https://support.mozilla.org/questions/1435251,,,,,,m:gmail,,,2,true,8.11,False,
1435258,2023-12-29T21:59:29.937412Z,2023-12-29,en-US,other,other;,aweissberg,Folders can't be deleted,https://support.mozilla.org/questions/1435258,os:windows,,,,,m:microsoftemail,,av:malwarebytes,5,true,6.11,False,
1435261,2023-12-29T22:14:30.603662Z,2023-12-29,en-US,settings,customize;needsinfo;,gypsy234,Deleted emails,https://support.mozilla.org/questions/1435261,,,,,,,,,1,true,15.84,False,
1435262,2023-12-29T22:32:42.683441Z,2023-12-29,en-US,troubleshooting,fix-problems;,we2step,unable to use Thunderbird to receive or send email since updating my password with my ISP,https://support.mozilla.org/questions/1435262,os:windows,,,,,m:gmail,proto:smtp;proto:pop,,3,true,15.32,False,
1435266,2023-12-29T22:45:49.320719Z,2023-12-29,en-US,installation-and-updates,download-and-install_1;,wes15,I cannot open ANY link in my emails without it starting to download Firefox Installer.,https://support.mozilla.org/questions/1435266,,,,,,,,,3,true,9.36,False,
1435268,2023-12-30T00:16:12.875671Z,2023-12-30,en-US,other,other;,cwitco,Thunderbird,https://support.mozilla.org/questions/1435268,,,,,,,,,1,true,13.79,False,
1435269,2023-12-30T00:51:31.912439Z,2023-12-30,en-US,installation-and-updates,download-and-install_1;,sj9,Setting up email with the domain hosted by GoDaddy,https://support.mozilla.org/questions/1435269,,,,,,m:microsoftemail,,,2,true,2.71,False,
1435272,2023-12-30T01:54:52.804117Z,2023-12-30,en-US,troubleshooting,fix-problems;,jeronymite,Major Performance Issue,https://support.mozilla.org/questions/1435272,,,,,,m:gmail;m:microsoftemail,proto:imap;proto:smtp;proto:oauth,av:defender,5,true,1.9,False,
1435280,2023-12-30T05:30:49.528021Z,2023-12-30,en-US,other,other;,mctangora,"Many recent incoming messages do not preview, or preview incorrectly. 122 beta",https://support.mozilla.org/questions/1435280,os:windows,,,,,,,,9,true,2.59,False,
1435289,2023-12-30T09:37:37.929380Z,2023-12-30,en-US,privacy-and-security,privacy-and-security_1;,carl92,Are sextorsion mails automatically deleted?,https://support.mozilla.org/questions/1435289,,,,,,,,,1,true,4.15,False,
1435293,2023-12-30T10:46:16.803712Z,2023-12-30,it,installation-and-updates,download-and-install_1;,ri.balestrieri,Recupero dati Thunderbird,https://support.mozilla.org/questions/1435293,os:linux,,,,,,,,1,true,2.62,False,
1435295,2023-12-30T11:53:10.095023Z,2023-12-30,en-US,other,other;,microtech2,"When I tried to Open Thunderbird today I am being treated like a Brand New User, and ALL of my Messages and Folders have",https://support.mozilla.org/questions/1435295,,,,,,,,,10,true,4.23,False,
1435296,2023-12-30T12:53:03.418181Z,2023-12-30,en-US,other,other;,jim421,Google requiring sign-in to get GMail,https://support.mozilla.org/questions/1435296,,,,,,m:gmail,,,1,true,2.85,True,christ1
1435298,2023-12-30T13:27:03.215097Z,2023-12-30,en-US,troubleshooting,fix-problems;,mdbastron,thunderbird stopped sending emails,https://support.mozilla.org/questions/1435298,os:macos,,macos:ventura;macos:mojave,,,m:spectrum,,,11,true,2.25,False,
1435299,2023-12-30T13:44:50.756753Z,2023-12-30,en-US,settings,customize;,martbgm,Return Receipt function not working,https://support.mozilla.org/questions/1435299,,,,,,,,,1,true,2.46,False,
1435300,2023-12-30T14:06:53.621277Z,2023-12-30,en-US,settings,customize;,gsc1ugs,EMAILS GETTING DELETED AND NO FILTER,https://support.mozilla.org/questions/1435300,,,,,,,,,2,true,2.59,False,
1435302,2023-12-30T14:21:34.484971Z,2023-12-30,en-US,settings,customize;,carlsimring,Thunderbird keeps deleting my deleted messages list,https://support.mozilla.org/questions/1435302,,,,,,,,,1,true,1.24,False,
1435303,2023-12-30T14:39:37.293106Z,2023-12-30,en-US,calendar,calendar;,user22,Thunderbird no longer syncing with Google Calendar,https://support.mozilla.org/questions/1435303,os:linux,,,,,,,,1,true,0.1,False,
1435304,2023-12-30T15:01:13.029850Z,2023-12-30,en-US,other,other;,sraps,email messages,https://support.mozilla.org/questions/1435304,,,,,,,,,1,true,0.55,False,
1435305,2023-12-30T15:17:36.115656Z,2023-12-30,en-US,privacy-and-security,privacy-and-security_1;,kd2e,Password adding,https://support.mozilla.org/questions/1435305,,,,,,m:comcast,,,6,true,0.26,False,
1435307,2023-12-30T16:24:28.097868Z,2023-12-30,en-US,settings,windows-7;desktop;privacy-and-security_1;firefox-11560;firefox-1156;,wdobni,how do i disable spam blocker/junk email detector in firefox?  it keeps sending legit emails to spam file,https://support.mozilla.org/questions/1435307,os:windows,Windows 7,,,,,,,8,true,0.4,True,wdobni
1435309,2023-12-30T16:39:14.816077Z,2023-12-30,en-US,installation-and-updates,download-and-install_1;,futrovsky,Incoming mail has stop coming in on my Mac desktop,https://support.mozilla.org/questions/1435309,,,,,,,,,0,false,,False,
1435318,2023-12-30T17:14:09.747467Z,2023-12-30,en-US,troubleshooting,fix-problems;,AZBruno,Hovering over link in email can cause bad jitter in message pane,https://support.mozilla.org/questions/1435318,,,,,,,,,0,false,,False,
1435323,2023-12-30T17:53:33.048130Z,2023-12-30,en-US,troubleshooting,fix-problems;,psh2,"Thunderbird ""Apply columns to"" still fails",https://support.mozilla.org/questions/1435323,os:windows,,,,,,proto:imap,,2,true,20.84,False,
1435324,2023-12-30T17:57:33.048189Z,2023-12-30,en-US,installation-and-updates,download-and-install_1;,jchadkk,what is OAuth2,https://support.mozilla.org/questions/1435324,,,,,,,proto:oauth,,1,true,0.78,False,
1435325,2023-12-30T18:09:21.948848Z,2023-12-30,en-US,calendar,calendar;,andrewching,how do I enable Chinese Lunar Calendar in Thunderbird?,https://support.mozilla.org/questions/1435325,,,,,,,,,0,false,,False,
1435327,2023-12-30T18:18:32.640346Z,2023-12-30,en-US,troubleshooting,fix-problems;,abitcrazynaz,hyperlinks,https://support.mozilla.org/questions/1435327,os:linux,,,,,,,,3,true,8.05,False,
1435331,2023-12-30T19:53:02.738431Z,2023-12-30,en-US,installation-and-updates,download-and-install_1;,TbirdUser53,Thunderbird shows twice in apps and features,https://support.mozilla.org/questions/1435331,os:windows,,,,,,,,3,true,11.0,True,TbirdUser53
1435339,2023-12-30T21:37:10.381723Z,2023-12-30,en-US,installation-and-updates,download-and-install_1;,brian315,Moving a Gmail account from Outlook to Thunderbird,https://support.mozilla.org/questions/1435339,,,,,,m:gmail;m:microsoftemail,proto:imap,,1,true,4.7,False,
1435340,2023-12-30T21:44:16.971336Z,2023-12-30,en-US,settings,customize;,gsfriedman1,Sorting email folders,https://support.mozilla.org/questions/1435340,,,,,,,,,1,true,12.97,False,
1435341,2023-12-30T21:53:34.255911Z,2023-12-30,en-US,installation-and-updates,mobile;android;download-and-install_1;firefox-1210;,9ismylifepath,Help installing Thunderbird,https://support.mozilla.org/questions/1435341,os:android,Android,,,,,,,1,true,4.4,False,
1435343,2023-12-30T22:20:53.470141Z,2023-12-30,en-US,privacy-and-security,privacy-and-security_1;,enottiks,Why must donators give home address?,https://support.mozilla.org/questions/1435343,,,,,,,,,1,true,3.91,False,
1435344,2023-12-30T22:36:55.881278Z,2023-12-30,pt-BR,installation-and-updates,download-and-install_1;,p.rocha59,Importar .pst W10 no Thunderbird do Ubuntu 23.04,https://support.mozilla.org/questions/1435344,os:linux,,,,,,,,0,false,,False,
1435346,2023-12-30T22:45:00.289650Z,2023-12-30,es,troubleshooting,fix-problems;,francoferreyra,Correos borrados de la bandeja de entrada,https://support.mozilla.org/questions/1435346,os:windows,,,,,,proto:pop,,3,true,124.96,False,
1435350,2023-12-30T23:01:53.419308Z,2023-12-30,en-US,other,other;,jason.olasky,Certain emails with graphics can't be viewed in Tbird. They can be viewed in a browser.,https://support.mozilla.org/questions/1435350,,,,,,,,,1,true,3.09,False,
1435354,2023-12-31T01:10:22.058580Z,2023-12-31,en-US,other,other;,skoot1,Setting Up Email Client,https://support.mozilla.org/questions/1435354,os:windows,,,,,,,,1,true,0.81,False,
1435358,2023-12-31T01:59:00.858082Z,2023-12-31,en-US,privacy-and-security,privacy-and-security_1;,Jerryser,forgot Thunderbird password,https://support.mozilla.org/questions/1435358,,,,,,,,,1,true,0.21,False,
1435359,2023-12-31T02:33:33.444663Z,2023-12-31,en-US,other,other;,gstandfield,"Backups, Restore, Change profile.",https://support.mozilla.org/questions/1435359,,,,,,,,,1,true,3.82,False,
1435366,2023-12-31T07:03:26.939309Z,2023-12-31,en-US,privacy-and-security,privacy-and-security_1;,till.stremlau,XLIST Übersetzung,https://support.mozilla.org/questions/1435366,,,,,,,,,1,true,14.33,False,
1435372,2023-12-31T10:13:29.883342Z,2023-12-31,en-US,troubleshooting,fix-problems;,who7157,Unable to connect to imap server for email messages,https://support.mozilla.org/questions/1435372,os:windows,,,,,,proto:imap,,9,true,1.77,False,
1435373,2023-12-31T10:48:29.745722Z,2023-12-31,cs,settings,customize;,jureckovaj245,Poslední 3 týdny mi Thunderbird neumožňuje poslat zprávu komukoli,https://support.mozilla.org/questions/1435373,,,,,,,,,2,true,2.4,False,
1435374,2023-12-31T11:25:09.350668Z,2023-12-31,it,other,other;,fabiano.ricci,aprire links fuori da thunderbird,https://support.mozilla.org/questions/1435374,,,,,,,,,1,true,3.64,False,
1435376,2023-12-31T12:35:17.139618Z,2023-12-31,en-US,email-and-messaging,desktop;fix-problems;windows-11;firefox-1210;,bobwallace1,Message failed Too many recipients (TT501),https://support.mozilla.org/questions/1435376,os:windows,Windows 11,,,,,,,1,true,16.12,False,
1435378,2023-12-31T12:55:17.892570Z,2023-12-31,en-US,troubleshooting,fix-problems;,Raffia,minimize to tray fails (TB 115.6.0 64b),https://support.mozilla.org/questions/1435378,,,,,,,,,1,true,15.83,False,
1435385,2023-12-31T15:57:50.288530Z,2023-12-31,en-US,other,other;,EllieAtkins,Thunderbird column titles,https://support.mozilla.org/questions/1435385,,,,,,,,,1,true,1.77,False,
1435386,2023-12-31T16:01:44.411155Z,2023-12-31,en-US,other,other;,,MBox format support,https://support.mozilla.org/questions/1435386,,,,,,m:gmail,,,4,true,1.69,True,MattAuSupport
1435387,2023-12-31T16:40:51.419890Z,2023-12-31,en-US,installation-and-updates,download-and-install_1;,clerk11,Fails to upload new account,https://support.mozilla.org/questions/1435387,,,,,,,,,7,true,4.02,False,
1435390,2023-12-31T17:10:01.815468Z,2023-12-31,en-US,troubleshooting,fix-problems;,mdf_1,Sending Email Error AUP#Out-1020,https://support.mozilla.org/questions/1435390,,,,,,m:spectrum,proto:smtp,,1,true,11.48,False,
1435391,2023-12-31T17:19:26.447055Z,2023-12-31,en-US,troubleshooting,fix-problems;,colinaawebb,Mozilla Privacy Policy keeps on opening in a new tab when Thunderbird starts,https://support.mozilla.org/questions/1435391,,,,,,,,,0,false,,False,
1435399,2023-12-31T18:43:17.177539Z,2023-12-31,en-US,other,other;,cathy_putnam,Cannot send emails!,https://support.mozilla.org/questions/1435399,,,,,,m:comcast,proto:smtp,,0,false,,False,
1435402,2023-12-31T19:14:12.359847Z,2023-12-31,en-US,calendar,calendar;,jepsap,thunderbird calendar,https://support.mozilla.org/questions/1435402,,,,,,,,,0,false,,False,
1435408,2023-12-31T21:52:03.475294Z,2023-12-31,en-US,troubleshooting,fix-problems;,thurmansmith,115.6.0 (32-bit)  Crashing,https://support.mozilla.org/questions/1435408,os:windows,,,,,,,,0,false,,False,
1435411,2023-12-31T22:31:04.544337Z,2023-12-31,en-US,installation-and-updates,download-and-install_1;,ktanphaichitr,"Unable to log in ""Thunderbird"" for backing up my old emails on sbcglobal.net (terminating service with at&t).",https://support.mozilla.org/questions/1435411,,,,,,m:att,,,1,true,2.02,False,
1435413,2023-12-31T23:04:25.716929Z,2023-12-31,en-US,settings,customize;,julia40,I updated Thunderbird and images disappeared in the emails.,https://support.mozilla.org/questions/1435413,,,,,,,,,3,true,4.67,False,
1435414,2023-12-31T23:53:45.632680Z,2023-12-31,en-US,other,other;,anitalaymon,Mail is not downloading,https://support.mozilla.org/questions/1435414,,,,,,,,,1,true,3.67,False,
