id,created,created_date,locale,topic,tags,creator,title,question_url,os,os_raw,tb_version,tb_version_major,mail_provider,isp,protocol,av,num_answers,is_answered,first_answer_hours,is_solved,solved_by
1425720,2023-10-01T00:47:48Z,2023-10-01,en-US,settings,customize;,Iliopier,sent folder in Inbox an arrow icon,https://support.mozilla.org/questions/1425720,,,,,,,,,8,true,6.95,False,
1425722,2023-10-01T01:06:20Z,2023-10-01,en-US,settings,customize;,clwickers,Latest version of Thunderbird (30th September 2023),https://support.mozilla.org/questions/1425722,,,,,,,,,1,false,,False,
1425724,2023-10-01T01:57:39Z,2023-10-01,en-US,installation-and-updates,download-and-install_1;,tuttleja,Import fails to import mail folders,https://support.mozilla.org/questions/1425724,,,,,,,,,1,false,,False,
1425727,2023-10-01T02:46:09Z,2023-10-01,it,settings,customize;,claudio.bobbi,Peronalizzare le email di una lista di distribuzione,https://support.mozilla.org/questions/1425727,,,,,,,,,1,true,5.61,False,
1425729,2023-10-01T03:03:18Z,2023-10-01,en-US,settings,customize;,terry.ainsley,Subject Font Size,https://support.mozilla.org/questions/1425729,,,,,,,,,10,true,1.49,False,
1425730,2023-10-01T03:32:02Z,2023-10-01,it,other,other;,tonimerlott,Cartella non sincronizzata POP - Hotmail - Outlook - outlook.live,https://support.mozilla.org/questions/1425730,os:macos,,,,m:microsoftemail,,proto:pop,,4,true,4.88,False,
1425731,2023-10-01T03:37:46Z,2023-10-01,en-US,installation-and-updates,download-and-install_1;,tuttleja,Bulk read messages in folders,https://support.mozilla.org/questions/1425731,,,,,,,,,8,true,0.52,False,
1425732,2023-10-01T03:46:59Z,2023-10-01,it,settings,customize;,fucre26.12,eliminare mail doppie,https://support.mozilla.org/questions/1425732,,,,,,,,,1,true,4.58,False,
1425736,2023-10-01T05:31:31Z,2023-10-01,en-US,settings,customize;,brian80,Clicking the New Mail Notification opens the email - it shouldn't,https://support.mozilla.org/questions/1425736,,,,,,,,,0,false,,False,
1425739,2023-10-01T06:24:31Z,2023-10-01,en-US,settings,customize;,s.a.dzwonek,customize toolbar,https://support.mozilla.org/questions/1425739,,,,,,,,,5,true,0.12,True,s.a.dzwonek
1425740,2023-10-01T06:43:27Z,2023-10-01,en-US,other,other;,tyreman,emoty sent folder,https://support.mozilla.org/questions/1425740,,,,,,,,,0,false,,False,
1425742,2023-10-01T06:48:27Z,2023-10-01,en-US,troubleshooting,fix-problems;,rushgotti,Error loading new emails,https://support.mozilla.org/questions/1425742,,,,,,,,,0,false,,False,
1425743,2023-10-01T07:03:57Z,2023-10-01,en-US,settings,customize;tabs;userchromecss;,Toad-Hall,Supernova 115* - How to change background colour of Menu Bar and Tabs.,https://support.mozilla.org/questions/1425743,,,,,,,,,3,false,,True,Toad-Hall
1425744,2023-10-01T07:15:14Z,2023-10-01,en-US,other,other;,yeno,Keeping downloaded emails off provider's servers,https://support.mozilla.org/questions/1425744,,,,,m:microsoftemail;m:yahooemail,,,,1,true,2.15,True,christ1
1425745,2023-10-01T07:20:07Z,2023-10-01,en-US,other,other;,glindathegood,Messages won't download on one email account since 115 update,https://support.mozilla.org/questions/1425745,,,,,m:yahooemail,isp:att,,,55,true,2.04,False,
1425747,2023-10-01T07:35:56Z,2023-10-01,en-US,settings,customize;,Pavel_Oupicky,Reading of Messages (Přečtení zpráv),https://support.mozilla.org/questions/1425747,,,,,,,,,1,true,2.04,False,
1425748,2023-10-01T08:01:56Z,2023-10-01,en-US,settings,customize;,K2nc2016,Mail Toolbar Vanished. How Do I Get It Back?,https://support.mozilla.org/questions/1425748,,,,,,,,,1,true,2.33,False,
1425749,2023-10-01T08:31:45Z,2023-10-01,en-US,installation-and-updates,download-and-install_1;,zoe2,Problems with 115.3.1 on Mac (Monterey),https://support.mozilla.org/questions/1425749,os:macos,,,,,,,,0,false,,False,
1425751,2023-10-01T08:35:27Z,2023-10-01,en-US,settings,customize;,tomloe,individual views in Thunderbird 115.3.1,https://support.mozilla.org/questions/1425751,,,,,,,,,0,false,,False,
1425753,2023-10-01T08:46:33Z,2023-10-01,en-US,other,other;,debraose1073,Importing large data files from Outlook,https://support.mozilla.org/questions/1425753,,,,,m:microsoftemail;m:yahooemail,,,,3,true,0.5,False,
1425756,2023-10-01T08:51:29Z,2023-10-01,en-US,privacy-and-security,privacy-and-security_1;,sibelman,Thunderbird as a snap can't open attachments,https://support.mozilla.org/questions/1425756,os:linux,,,,,,,,0,false,,False,
1425757,2023-10-01T08:52:11Z,2023-10-01,en-US,privacy-and-security,privacy-and-security_1;,cicsdn64,Thunderbird TLS certificate,https://support.mozilla.org/questions/1425757,,,,,,,,,1,true,0.45,False,
1425759,2023-10-01T09:06:44Z,2023-10-01,en-US,settings,customize;,s.a.dzwonek,customize a mail,https://support.mozilla.org/questions/1425759,,,,,,,,,1,true,3.8,True,davidsk
1425761,2023-10-01T09:37:10Z,2023-10-01,en-US,settings,customize;,scottish2,Moving menu bar back up top,https://support.mozilla.org/questions/1425761,,,,,,,,,2,true,12.61,False,
1425766,2023-10-01T10:35:49Z,2023-10-01,es,troubleshooting,fix-problems;,mrmister23,Thunderbird Supernova no me deja usar cuentas de Outlook.es (la ventana de permisos para autorizar Thunderbird se cierra,https://support.mozilla.org/questions/1425766,,,,,m:microsoftemail,,,,0,false,,False,
1425772,2023-10-01T13:35:50Z,2023-10-01,en-US,settings,customize;,levene.sam,How to set default dictionary in thunderbird ?,https://support.mozilla.org/questions/1425772,,,,,,,,,1,true,2.13,False,
1425773,2023-10-01T13:50:27Z,2023-10-01,en-US,email-and-messaging,desktop;other;windows-10;,delmer.elsie,Inbox:,https://support.mozilla.org/questions/1425773,os:windows,Windows 10,,,,,proto:pop,,3,true,3.56,False,
1425774,2023-10-01T14:03:15Z,2023-10-01,en-US,installation-and-updates,download-and-install_1;,compass_drg,"Without prompt or permission, Thunderbird updated to the current version",https://support.mozilla.org/questions/1425774,,,,,,,,,5,true,6.66,False,
1425775,2023-10-01T14:22:50Z,2023-10-01,en-US,installation-and-updates,download-and-install_1;,caroljones01@bellsouth.net,"email will not download, just donated and restarted computer, nothing.",https://support.mozilla.org/questions/1425775,,,,,,,,,0,false,,False,
1425776,2023-10-01T14:47:42Z,2023-10-01,en-US,calendar,calendar;,imdabeo,calendar,https://support.mozilla.org/questions/1425776,,,,,m:gmail,,,,0,false,,False,
1425777,2023-10-01T14:59:55Z,2023-10-01,en-US,other,other;,TKor,Send Later function not working,https://support.mozilla.org/questions/1425777,os:windows,,,,,,,,2,true,2.78,False,
1425778,2023-10-01T15:13:51Z,2023-10-01,en-US,other,other;,diegodad,New layout/format for Thunderbird after update,https://support.mozilla.org/questions/1425778,,,,,,,,,12,true,0.44,False,
1425779,2023-10-01T15:27:26Z,2023-10-01,en-US,troubleshooting,fix-problems;,keedr62,thunderbird is fucked up,https://support.mozilla.org/questions/1425779,,,,,m:microsoftemail,,,,1,true,4.93,False,
1425780,2023-10-01T15:43:42Z,2023-10-01,en-US,settings,customize;,Iliopier,replay to Toad-Hall,https://support.mozilla.org/questions/1425780,,,,,,,proto:imap,,1,true,4.39,False,
1425785,2023-10-01T17:15:46Z,2023-10-01,en-US,installation-and-updates,download-and-install_1;,norbert.obrien,Latest Thunderbird Update Not Loading (win10),https://support.mozilla.org/questions/1425785,os:windows,,,,,,,,6,true,2.83,False,
1425786,2023-10-01T17:44:55Z,2023-10-01,en-US,other,other;,aquasafari,returned e mails from bigpond,https://support.mozilla.org/questions/1425786,,,,,m:gmx,,proto:smtp,,2,true,2.76,False,
1425787,2023-10-01T18:12:51Z,2023-10-01,en-US,troubleshooting,fix-problems;,arik1,Email just hangs - no error message,https://support.mozilla.org/questions/1425787,,,,,,,proto:smtp,,4,true,1.84,False,
1425788,2023-10-01T18:38:11Z,2023-10-01,en-US,other,other;,laurierford,couldn't find WRITE to bring up a blank email form and also GET NEW EMAILS which I need when I have forgotten my passwor,https://support.mozilla.org/questions/1425788,,,,,,,,,3,true,0.07,False,
1425790,2023-10-01T19:15:04Z,2023-10-01,en-US,other,other;,rmnicolle1938,I hVE NOT RECIEVED ANY EMAILS ON THUNDERBIRD IN A YEAR,https://support.mozilla.org/questions/1425790,,,,,,,,,1,true,0.77,False,
1425791,2023-10-01T19:17:18Z,2023-10-01,en-US,installation-and-updates,download-and-install_1;,l.r.burd,Cannot access hotmail emails,https://support.mozilla.org/questions/1425791,,,,,m:microsoftemail,,,,0,false,,False,
1425793,2023-10-01T19:32:23Z,2023-10-01,en-US,settings,customize;,PinkFloydEffect,Thunderbird Supernova userChrome Not Working,https://support.mozilla.org/questions/1425793,,,,,,,,,10,true,1.51,False,
1425795,2023-10-01T19:46:26Z,2023-10-01,en-US,installation-and-updates,download-and-install_1;,thedudeabides2011,Migrating ubuntu computers as well as upgrading from TB 38.8.0 to TB 115,https://support.mozilla.org/questions/1425795,os:linux,,,,,,proto:imap,,1,false,,False,
1425798,2023-10-01T20:21:43Z,2023-10-01,en-US,other,other;,davidnc,No Email Filters but TB is sending emails from one account to another automatically in TB,https://support.mozilla.org/questions/1425798,,,,,m:gmail,,,,2,true,0.27,False,
1425801,2023-10-01T20:32:35Z,2023-10-01,en-US,troubleshooting,fix-problems;,d2nsfryr,"I use Thunderbird to access 4 email accounts. Recently, the Telstra account  inbox messages are all tagged as ""This is a",https://support.mozilla.org/questions/1425801,,,,,,,,,2,true,0.39,True,sfhowes
1425805,2023-10-01T21:32:47Z,2023-10-01,en-US,troubleshooting,fix-problems;,securitysupplies,Authentication failure while connecting to imap.gmail.com after auto upgrade to version 115.3.1 (64-bit),https://support.mozilla.org/questions/1425805,,,,,m:gmail;m:microsoftemail,,proto:imap;proto:oauth,,4,true,53.36,False,
1425806,2023-10-01T21:43:13Z,2023-10-01,en-US,installation-and-updates,download-and-install_1;,wadingbarefoot,Importing profiles does not bring in e-mail messages,https://support.mozilla.org/questions/1425806,os:linux,,,,,,,,0,false,,False,
1425809,2023-10-02T00:22:50Z,2023-10-02,en-US,other,other;,nickolai.tz,Problem with subfolders in not english coding,https://support.mozilla.org/questions/1425809,,,,,,,,,0,false,,False,
1425810,2023-10-02T00:39:30Z,2023-10-02,en-US,other,other;,Kangalarue,tiny type for list of emails received,https://support.mozilla.org/questions/1425810,os:windows,,,,,,,,1,true,1.0,False,
1425811,2023-10-02T01:08:21Z,2023-10-02,en-US,other,other;,lukasz26,disappearing messages from the server and inbox,https://support.mozilla.org/questions/1425811,,,,,,,,,0,false,,False,
1425815,2023-10-02T01:48:29Z,2023-10-02,en-US,troubleshooting,fix-problems;,redaktion4,Thunderbird,https://support.mozilla.org/questions/1425815,,,,,,,,,0,false,,False,
1425817,2023-10-02T02:09:48Z,2023-10-02,en-US,troubleshooting,fix-problems;,tonson1981,Thunderbird hangs on Copying to Sent folder,https://support.mozilla.org/questions/1425817,,,,,,,proto:imap,,0,false,,False,
1425818,2023-10-02T02:17:36Z,2023-10-02,en-US,other,other;,tonson1981,Donate and Privacy,https://support.mozilla.org/questions/1425818,,,,,,,,,0,false,,False,
1425819,2023-10-02T02:18:43Z,2023-10-02,en-US,settings,customize;,info10005,show all messages except the one with tag number 1 (red) quick filter,https://support.mozilla.org/questions/1425819,,,,,,,,,2,true,7.88,True,sfhowes
1425820,2023-10-02T02:34:49Z,2023-10-02,en-US,other,other;,bpbessie,was there a security update on 25th September for Australia???,https://support.mozilla.org/questions/1425820,,,,,,,,,2,true,1.51,False,
1425821,2023-10-02T02:39:46Z,2023-10-02,en-US,other,other;,bpbessie,I have made a donation to keep Mozilla going BUT,https://support.mozilla.org/questions/1425821,,,,,,,,,0,false,,False,
1425822,2023-10-02T02:47:24Z,2023-10-02,en-US,settings,customize;,starttohatepc,numbers emails,https://support.mozilla.org/questions/1425822,,,,,,,,,0,false,,False,
1425824,2023-10-02T03:22:38Z,2023-10-02,en-US,privacy-and-security,privacy-and-security_1;,pumpernickel,Warning message from Kaspersky,https://support.mozilla.org/questions/1425824,,,,,,,,av:kaspersky,0,false,,False,
1425825,2023-10-02T03:26:12Z,2023-10-02,en-US,other,other;,bromley.nicholls,new Thunderbird,https://support.mozilla.org/questions/1425825,,,,,,,,,0,false,,False,
1425826,2023-10-02T03:53:46Z,2023-10-02,en-US,calendar,calendar;,ff11,Thunderbird Calendar Offline not working,https://support.mozilla.org/questions/1425826,,,,,,,proto:carddav;proto:caldav,,0,false,,False,
1425828,2023-10-02T04:17:43Z,2023-10-02,it,installation-and-updates,download-and-install_1;,luigi.bassi,layout nuovo inutilizzabile,https://support.mozilla.org/questions/1425828,,,,,,,,,1,true,2.98,False,
1425832,2023-10-02T04:47:38Z,2023-10-02,en-US,installation-and-updates,download-and-install_1;,northnfella,"how do I revert back to the old thunderbird, the new one has upset my workflow",https://support.mozilla.org/questions/1425832,,,,,,,,,0,false,,False,
1425833,2023-10-02T04:57:41Z,2023-10-02,en-US,other,other;,CreepyMcNightmare,Sending emails from O365 account not working,https://support.mozilla.org/questions/1425833,,,,,m:microsoftemail,,proto:smtp;proto:oauth,,1,false,,True,CreepyMcNightmare
1425839,2023-10-02T05:43:01Z,2023-10-02,en-US,other,other;,evemassacre,Supernova problem: Keyboard Shortcut STRG+L stopped working for multiple mails,https://support.mozilla.org/questions/1425839,,,,,,,,,1,true,4.11,False,
1425845,2023-10-02T06:38:14Z,2023-10-02,tr,settings,customize;,basbahcivan,Yeni Güncelleme Sorunu,https://support.mozilla.org/questions/1425845,,,,,,,,,1,true,50.23,False,
1425846,2023-10-02T06:41:05Z,2023-10-02,en-US,other,other;,timothy.my.cheung,"Existing folders have been duplicated and are now empty - folder name now includes ""# Name clash""",https://support.mozilla.org/questions/1425846,,,,,,,,,0,false,,False,
1425847,2023-10-02T06:50:24Z,2023-10-02,en-US,settings,customize;,Tombarkas,Taskbar icons show new mail when there is none,https://support.mozilla.org/questions/1425847,,,,,,,,,5,true,2.83,False,
1425849,2023-10-02T06:56:04Z,2023-10-02,en-US,settings,customize;,hesheyf,density reverts to compact and does save my choice which is supposed to be the default setting,https://support.mozilla.org/questions/1425849,,,,,,,,,0,false,,False,
1425850,2023-10-02T07:06:52Z,2023-10-02,en-US,troubleshooting,fix-problems;,jlpponcelet,Huge thunderbird local folders,https://support.mozilla.org/questions/1425850,,,,,,,,,0,false,,False,
1425854,2023-10-02T07:50:09Z,2023-10-02,en-US,other,other;,farrowdavid608,email not working,https://support.mozilla.org/questions/1425854,,,,,,,,,0,false,,False,
1425855,2023-10-02T07:50:35Z,2023-10-02,en-US,calendar,calendar;,brbmguard-shop,meeting times moved 3 hours in update yesterday,https://support.mozilla.org/questions/1425855,,,,,,,,,0,false,,False,
1425857,2023-10-02T08:05:45Z,2023-10-02,en-US,other,other;,uffe.kousgaard,Maximum size of mailboxes,https://support.mozilla.org/questions/1425857,os:windows,,,,,,proto:pop,,1,true,4.56,False,
1425859,2023-10-02T08:32:45Z,2023-10-02,en-US,troubleshooting,fix-problems;,connman,Supernova Inbox,https://support.mozilla.org/questions/1425859,,,,,,,,,0,false,,False,
1425863,2023-10-02T09:02:46Z,2023-10-02,en-US,settings,customize;,hockeycat,How do I change the display font in Thunderbird,https://support.mozilla.org/questions/1425863,,,,,,,,,2,true,1.94,False,
1425866,2023-10-02T09:19:59Z,2023-10-02,en-US,other,other;,jedrejmonsza,Thunderbird,https://support.mozilla.org/questions/1425866,,,,,,,,,1,true,3.36,False,
1425868,2023-10-02T09:30:56Z,2023-10-02,en-US,other,other;,domoney52,Connection a gmail account,https://support.mozilla.org/questions/1425868,,,,,m:gmail,,,,4,true,3.21,False,
1425871,2023-10-02T09:37:47Z,2023-10-02,en-US,other,other;,brad.fonseca,Couldn't Add Pluralistic (Cory Doctorow) RSS Feed to Thunderbird (But Now I Can....?),https://support.mozilla.org/questions/1425871,,,,,,,,,0,false,,False,
1425875,2023-10-02T09:59:36Z,2023-10-02,en-US,other,other;,inspiredmac1,Add To Filter,https://support.mozilla.org/questions/1425875,,,,,,,,,1,true,0.77,False,
1425879,2023-10-02T10:13:47Z,2023-10-02,en-US,settings,customize;,markeh,save multiple emails as text?,https://support.mozilla.org/questions/1425879,os:windows,,,,,,,,1,true,0.31,False,
1425880,2023-10-02T10:18:37Z,2023-10-02,en-US,other,other;,tropicsnv,Can only intermittently drag and drop file attachments into email,https://support.mozilla.org/questions/1425880,,,,,,,,,1,false,,False,
1425881,2023-10-02T10:31:36Z,2023-10-02,en-US,installation-and-updates,download-and-install_1;,user105079766528550190267725056420259109960,unauthorised upgrade,https://support.mozilla.org/questions/1425881,,,,,,,,,13,true,0.31,False,
1425883,2023-10-02T10:38:40Z,2023-10-02,en-US,tips-and-tricks,desktop;other;windows-10;firefox-1180;,danny_clark,Supernova went boom?,https://support.mozilla.org/questions/1425883,os:windows,Windows 10,,,,,,,0,false,,False,
1425884,2023-10-02T10:38:44Z,2023-10-02,en-US,other,other;,wmwap,URGENT! I NEVER SET UP A PRIMARY PASSWORD and it has blocked me from using Thunderbird since 7/2/22 at 3:12 PM - CAN YOU,https://support.mozilla.org/questions/1425884,,,,,,,,,3,true,0.34,False,
1425885,2023-10-02T10:48:06Z,2023-10-02,en-US,calendar,calendar;,w-m,"After update to v115 Calendar is displayed only until Saturday, Sunday and buttons are cut off",https://support.mozilla.org/questions/1425885,os:windows,,,,,,,,0,false,,False,
1425886,2023-10-02T10:51:55Z,2023-10-02,en-US,installation-and-updates,download-and-install_1;,tomi0922,supernova doesn't work,https://support.mozilla.org/questions/1425886,,,,,,,,,0,false,,False,
1425887,2023-10-02T11:01:43Z,2023-10-02,en-US,privacy-and-security,privacy-and-security_1;,joesabin,Cannot log into Microsoft outlook email accounts Cookie permissions,https://support.mozilla.org/questions/1425887,,,,,m:microsoftemail,,,,4,true,0.35,True,sfhowes
1425891,2023-10-02T11:29:22Z,2023-10-02,tr,settings,customize;,nuriozdemir992,Süzgeç işlemi sonrası bir iletinin 4 yerde görülmesi,https://support.mozilla.org/questions/1425891,,,,,,,,,5,true,52.08,False,
1425894,2023-10-02T11:56:53Z,2023-10-02,en-US,installation-and-updates,download-and-install_1;,mdimatteo1,how do I change text size when opening e mail,https://support.mozilla.org/questions/1425894,,,,,,,,,4,false,,True,mdimatteo1
1425895,2023-10-02T11:59:55Z,2023-10-02,en-US,other,other;,montreal73,Thunderbird for windows sometimes fails to get messages from some email accounts,https://support.mozilla.org/questions/1425895,os:windows,,,,m:microsoftemail,,proto:pop,,0,false,,False,
1425903,2023-10-02T12:52:43Z,2023-10-02,en-US,troubleshooting,fix-problems;,dlmacp,cannot access email thru inbox on my windows computer,https://support.mozilla.org/questions/1425903,,,,,,,,,0,false,,False,
1425908,2023-10-02T13:14:35Z,2023-10-02,en-US,settings,customize;,quaternalmoon131,My problems with the new (and old) Thunderbird,https://support.mozilla.org/questions/1425908,,,,,,,,,1,true,3057.77,False,
1425909,2023-10-02T13:29:18Z,2023-10-02,en-US,privacy-and-security,privacy-and-security_1;,japennington,I can't get into TJMaxx or Marshalls or Sundance anymore.  Why?,https://support.mozilla.org/questions/1425909,,,,,,,,,0,false,,False,
1425910,2023-10-02T13:30:01Z,2023-10-02,es,other,other;,turriano,No llegan correos al ordenador pero si al teléfono móvil-Emails do not reach the computer but they do reach the mobile p,https://support.mozilla.org/questions/1425910,,,,,,,,,0,false,,False,
1425912,2023-10-02T13:36:47Z,2023-10-02,en-US,settings,customize;,fred37,Set IMAP so that local copy does NOT get deleted when it's deleted from the server (1-way sync),https://support.mozilla.org/questions/1425912,,,,,m:yahooemail,,proto:imap;proto:pop,,0,false,,False,
1425913,2023-10-02T13:38:38Z,2023-10-02,en-US,troubleshooting,fix-problems;,grmells,Scroll wheel stopped function,https://support.mozilla.org/questions/1425913,,,,,,,,,3,true,1.29,True,sfhowes
1425914,2023-10-02T14:02:45Z,2023-10-02,en-US,troubleshooting,fix-problems;,swamp.rh,Thunderbird forced quit,https://support.mozilla.org/questions/1425914,os:linux,,,,,,,,0,false,,False,
1425915,2023-10-02T14:17:13Z,2023-10-02,en-US,other,other;,sca4vision,"Sync Tbird Mail folders, v.115 vs. v.78",https://support.mozilla.org/questions/1425915,,,,,,,,,1,true,0.6,False,
1425918,2023-10-02T14:31:52Z,2023-10-02,en-US,other,other;,ratbastards,Thunderbird Folder,https://support.mozilla.org/questions/1425918,,,,,,,,,0,false,,False,
1425920,2023-10-02T14:44:34Z,2023-10-02,en-US,troubleshooting,fix-problems;,ninjagranny,Desperate need of help since the update to nova,https://support.mozilla.org/questions/1425920,,,,,,,,,4,true,32.4,False,
1425922,2023-10-02T15:13:39Z,2023-10-02,en-US,other,other;,drmcc35,Thunderbird uses only one address for outgoing messages,https://support.mozilla.org/questions/1425922,,,,,m:gmail,,,,0,false,,False,
1425924,2023-10-02T15:22:28Z,2023-10-02,en-US,other,other;,pankratz1972,Message content is blank in thunderbird...........,https://support.mozilla.org/questions/1425924,,,,,,,,,0,false,,False,
1425925,2023-10-02T15:25:15Z,2023-10-02,en-US,settings,customize;,ajp1228,View of Email too Short for Laptop Window,https://support.mozilla.org/questions/1425925,,,,,,,,,3,true,1.5,True,sfhowes
1425930,2023-10-02T16:15:25Z,2023-10-02,en-US,troubleshooting,fix-problems;,jonty22,"115.3.1 - On my Dell XPS-13, the message pane is only 4 lines",https://support.mozilla.org/questions/1425930,,,,,,,,,0,false,,False,
1425931,2023-10-02T16:19:08Z,2023-10-02,en-US,tips-and-tricks,desktop;other;windows-10;,kerryjnewstead,Needing help with the new Thunderbird version,https://support.mozilla.org/questions/1425931,os:windows,Windows 10,,,,,,,3,true,0.14,False,
1425932,2023-10-02T16:20:50Z,2023-10-02,en-US,other,other;,curbo,thunderbird changed by itself,https://support.mozilla.org/questions/1425932,,,,,,,,,0,false,,False,
1425933,2023-10-02T16:29:51Z,2023-10-02,en-US,installation-and-updates,download-and-install_1;,Electrojim,"No Junk folder on new, single-account Thunderbird installation",https://support.mozilla.org/questions/1425933,,,,,m:gmail,,proto:pop,,1,false,,True,Electrojim
1425935,2023-10-02T16:41:35Z,2023-10-02,en-US,other,other;,mikejanus,Deleting an account in 115.2.3,https://support.mozilla.org/questions/1425935,os:windows,,,,m:gmail,,,,0,false,,False,
1425937,2023-10-02T17:03:20Z,2023-10-02,en-US,other,other;,pjmorton,Deleting from Trash Folder,https://support.mozilla.org/questions/1425937,,,,,m:gmail,,proto:pop,,0,false,,False,
1425938,2023-10-02T17:14:05Z,2023-10-02,en-US,settings,customize;,bessemer,Email Headers,https://support.mozilla.org/questions/1425938,,,,,,,,,0,false,,False,
1425941,2023-10-02T18:17:47Z,2023-10-02,en-US,other,other;,ErictheGreen,"I got a ""new"" thunderbird today that I do not want. Now when I click on inbox, it takes minutes to open. I just want to ",https://support.mozilla.org/questions/1425941,,,,,,,,,0,false,,False,
1425944,2023-10-02T18:36:35Z,2023-10-02,en-US,other,other;,david.kassover,TB 115.3.1 can not filter mail to folders,https://support.mozilla.org/questions/1425944,os:windows,,,,m:gmail,,,,0,false,,False,
1425945,2023-10-02T19:13:55Z,2023-10-02,en-US,settings,customize;,nickrestiv,Signature Greyed Out,https://support.mozilla.org/questions/1425945,,,,,,,,,0,false,,False,
1425946,2023-10-02T19:33:59Z,2023-10-02,en-US,other,other;,lenwenzel.lw,"Thunderbird updated without permission, and its a mess",https://support.mozilla.org/questions/1425946,,,,,,,,,0,true,1.5,False,
1425947,2023-10-02T19:48:26Z,2023-10-02,en-US,other,other;,Oh_Good_Grief,Can someone please help me figure out how to make this thing look and work like the old version?,https://support.mozilla.org/questions/1425947,,,,,,,,,2,false,,True,Oh_Good_Grief
1425948,2023-10-02T20:13:44Z,2023-10-02,en-US,troubleshooting,fix-problems;,maveet,Thunderbird,https://support.mozilla.org/questions/1425948,,,,,,,,,0,false,,False,
1425950,2023-10-02T20:31:38Z,2023-10-02,en-US,settings,customize;,rodneyweber52,New Version Update,https://support.mozilla.org/questions/1425950,,,,,,,,,3,true,16.15,False,
1425951,2023-10-02T21:02:06Z,2023-10-02,en-US,other,other;,clintoconner2,Folders disappeared - years of email archives - please help!,https://support.mozilla.org/questions/1425951,,,,,,,,,1,false,,False,
1425954,2023-10-02T22:21:10Z,2023-10-02,en-US,other,other;,pgkariotis,Primary Password,https://support.mozilla.org/questions/1425954,,,,,,,,,0,false,,False,
1425955,2023-10-02T23:35:10Z,2023-10-02,en-US,privacy-and-security,privacy-and-security_1;,thomsen.k,new apps in Thunderbird,https://support.mozilla.org/questions/1425955,,,,,,,,,0,false,,False,
1425956,2023-10-02T23:35:13Z,2023-10-02,it,other,other;,francesco1508,impostazioni pop e imap,https://support.mozilla.org/questions/1425956,,,,,,,proto:imap;proto:pop,,5,true,1.27,True,'@next
1425959,2023-10-02T23:55:54Z,2023-10-02,it,other,other;needsinfo;,development7,apertura messaggi multipli,https://support.mozilla.org/questions/1425959,,,,,,,,,1,true,0.89,False,
1425960,2023-10-03T00:06:40Z,2023-10-03,en-US,troubleshooting,fix-problems;,lolix,Supernova - 115 - High CPU - trashing disk,https://support.mozilla.org/questions/1425960,,,,,,,,,0,false,,False,
1425961,2023-10-03T00:31:47Z,2023-10-03,it,other,other;,avv.nannielena,Mancato invio email,https://support.mozilla.org/questions/1425961,,,,,m:yahooemail,,proto:smtp,,1,true,0.92,False,
1425962,2023-10-03T00:42:06Z,2023-10-03,en-US,other,other;,eugenepowers001,New version bugs,https://support.mozilla.org/questions/1425962,,,,,,,,,0,false,,False,
1425964,2023-10-03T01:07:53Z,2023-10-03,en-US,calendar,calendar;,ajp1228,New Event Window Cut Off at Top of Screen - Thunderbird 115 Supernova,https://support.mozilla.org/questions/1425964,,,,,,,,,0,false,,False,
1425966,2023-10-03T01:12:25Z,2023-10-03,fi,other,other;,puutarhuri50,"Lähtevän postin palvelimen käyttö ei onnistu, vaikka olen kaikki mahdolliset korjaukset tehnyt",https://support.mozilla.org/questions/1425966,,,,,,,,,0,false,,False,
1425967,2023-10-03T01:15:03Z,2023-10-03,en-US,settings,customize;,konuko,delete button not working in combined inbox,https://support.mozilla.org/questions/1425967,,,,,,,,,0,false,,False,
1425968,2023-10-03T01:17:13Z,2023-10-03,en-US,other,other;,nadvornik.a,Synchronization of contacts on different PCs via the cloud,https://support.mozilla.org/questions/1425968,,,,,,,,,6,true,11.32,False,
1425969,2023-10-03T01:31:09Z,2023-10-03,en-US,troubleshooting,fix-problems;,koenwentink,cannot send emails,https://support.mozilla.org/questions/1425969,,,,,m:yahooemail,,proto:smtp,,0,false,,False,
1425971,2023-10-03T01:52:32Z,2023-10-03,en-US,installation-and-updates,download-and-install_1;,gauravbhatia989,TESTqweerwazs,https://support.mozilla.org/questions/1425971,,,,,,,,,0,false,,False,
1425972,2023-10-03T02:01:39Z,2023-10-03,en-US,troubleshooting,fix-problems;,andrearae06,Outgoing server error after upgrade to Thunderbird 115.3.1,https://support.mozilla.org/questions/1425972,os:windows,,,,m:yahooemail,,proto:smtp,av:norton,0,false,,False,
1425973,2023-10-03T02:02:31Z,2023-10-03,en-US,other,other;,jhnp2j8dnh,Find default profile in profiles.ini,https://support.mozilla.org/questions/1425973,,,,,,,proto:imap,,0,false,,False,
1425974,2023-10-03T02:17:54Z,2023-10-03,en-US,settings,customize;,dave.thiss,Inbox window too 'busy' after update to 115.3.1,https://support.mozilla.org/questions/1425974,,,,,,,,,1,false,,True,dave.thiss
1425976,2023-10-03T02:25:06Z,2023-10-03,pt-BR,troubleshooting,fix-problems;,js.araujo,Há alguém aí?,https://support.mozilla.org/questions/1425976,,,,,,,,,0,false,,False,
1425977,2023-10-03T02:36:07Z,2023-10-03,it,other,other;,maurizio.bilancione,sistema di posta bloccato a causa di attività di spam,https://support.mozilla.org/questions/1425977,,,,,,,,,4,true,0.2,False,
1425981,2023-10-03T03:04:34Z,2023-10-03,en-US,installation-and-updates,download-and-install_1;,stefan165,Thunderbird (115.3.1) Canot open settings or calendar,https://support.mozilla.org/questions/1425981,,,,,,,,,0,false,,False,
1425986,2023-10-03T03:44:02Z,2023-10-03,en-US,other,other;,type3particle1,Can i get the look/functionality of old version without uninstalling?,https://support.mozilla.org/questions/1425986,,,,,,,,,0,false,,False,
1425987,2023-10-03T03:47:32Z,2023-10-03,it,troubleshooting,fix-problems;,paolfranco,Problema: Thunderbird 115 Supernova non invia mail,https://support.mozilla.org/questions/1425987,,,,,,,,,2,true,3.2,False,
1425989,2023-10-03T04:12:34Z,2023-10-03,en-US,other,other;,willpom,Email folders not found in 'unified folders' after update.,https://support.mozilla.org/questions/1425989,,,,,,,,,0,false,,False,
1425990,2023-10-03T04:19:45Z,2023-10-03,en-US,settings,customize;,willpom,Tool & Tab Bar - can't combine as pre Supernova - need a global setting too.,https://support.mozilla.org/questions/1425990,,,,,,,,,0,false,,False,
1425991,2023-10-03T04:20:30Z,2023-10-03,it,troubleshooting,fix-problems;,elvfirefox,perdita totale del profiloDopo,https://support.mozilla.org/questions/1425991,os:windows,,,,,,,,3,true,2.78,False,
1425992,2023-10-03T04:22:08Z,2023-10-03,en-US,troubleshooting,fix-problems;,starttohatepc,Thunderbird wont start up after yesterdays update,https://support.mozilla.org/questions/1425992,,,,,,,,,0,false,,False,
1425993,2023-10-03T04:28:35Z,2023-10-03,en-US,other,other;,thafunkyequine,New look,https://support.mozilla.org/questions/1425993,,,,,m:microsoftemail,,,,0,false,,False,
1425995,2023-10-03T04:32:56Z,2023-10-03,en-US,other,other;,ein_general,New UI is garbage,https://support.mozilla.org/questions/1425995,,,,,,,,,0,false,,False,
1425997,2023-10-03T04:48:00Z,2023-10-03,it,installation-and-updates,download-and-install_1;,dapinna,Problema TLS con Thunderbird dopo trasferimento profilo - SOLUZIONE,https://support.mozilla.org/questions/1425997,os:windows,,,,m:gmail,,proto:imap,av:eset,1,true,2.43,False,
1425998,2023-10-03T04:50:24Z,2023-10-03,en-US,other,other;,Metakon,Lost all filtered E-Mails after resetting drive on E-Mail account,https://support.mozilla.org/questions/1425998,,,,,m:gmx,,,,0,false,,False,
1425999,2023-10-03T05:03:12Z,2023-10-03,en-US,other,other;,eddie.bor.eb,tb115.3.1 writng direction,https://support.mozilla.org/questions/1425999,,,,,,,,,1,true,7.31,False,
1426002,2023-10-03T05:21:03Z,2023-10-03,en-US,privacy-and-security,privacy-and-security_1;,richard.bogle,OpenPGP digital signature unverified,https://support.mozilla.org/questions/1426002,,,,,,,,,1,false,,False,
1426003,2023-10-03T05:21:23Z,2023-10-03,en-US,other,other;,rwdarby,Outlook email missing from Unified Archives in Thunderbird.,https://support.mozilla.org/questions/1426003,,,,,m:gmail;m:microsoftemail,,,,0,false,,False,
1426004,2023-10-03T05:26:54Z,2023-10-03,en-US,troubleshooting,fix-problems;,paulhillery,Yahoo mail won't send messages from Thunderbird 115.3.1 (64-bit),https://support.mozilla.org/questions/1426004,os:macos,,,,m:yahooemail,,,,0,false,,False,
1426006,2023-10-03T05:57:41Z,2023-10-03,en-US,installation-and-updates,download-and-install_1;,jry4sc85gs,Lack of disk place to get new messages,https://support.mozilla.org/questions/1426006,,,,,,,,,0,false,,False,
1426007,2023-10-03T05:59:46Z,2023-10-03,en-US,other,other;,rtiii,Backspace button,https://support.mozilla.org/questions/1426007,,,,,,,,,0,false,,False,
1426008,2023-10-03T06:00:48Z,2023-10-03,en-US,other,other;,tuttleja,Emails that have been read are marked as unread,https://support.mozilla.org/questions/1426008,,,,,,,,,0,false,,False,
1426014,2023-10-03T06:39:24Z,2023-10-03,en-US,settings,customize;,nunya_fukkin_bizness,How Do I make Thunderbird 115 Look like Thunderbird 102?,https://support.mozilla.org/questions/1426014,,,,,,,,,2,true,3.03,False,
1426017,2023-10-03T07:09:09Z,2023-10-03,en-US,privacy-and-security,privacy-and-security_1;,xt8088,"No SMTP authentication method works with Synology Mail Server (SSL, port 465)",https://support.mozilla.org/questions/1426017,os:windows,,,,,,proto:imap;proto:smtp,,0,false,,False,
1426018,2023-10-03T07:14:47Z,2023-10-03,en-US,privacy-and-security,privacy-and-security_1;,terrymargeson,"Unable to log in at server. Probably wrong configuration, username, or password'""",https://support.mozilla.org/questions/1426018,,,,,m:yahooemail,,,,1,true,4.93,False,
1426019,2023-10-03T07:19:40Z,2023-10-03,it,installation-and-updates,download-and-install_1;,l.pagni2,Import Export Tool,https://support.mozilla.org/questions/1426019,,,,,,,,,1,true,0.24,False,
1426022,2023-10-03T07:36:14Z,2023-10-03,en-US,calendar,calendar;,BruSkald,"All of my Lightning Calendar data disappered after Thunderbird update, Oct. 3/23.",https://support.mozilla.org/questions/1426022,,,,,,,,,0,false,,False,
1426023,2023-10-03T07:39:13Z,2023-10-03,en-US,troubleshooting,fix-problems;,essie2,Thunderbird Email Server Issue,https://support.mozilla.org/questions/1426023,,,,,,,,,0,false,,False,
1426024,2023-10-03T07:53:27Z,2023-10-03,en-US,other,other;,shadowfaxfan,Thunderbird 115.31 update made fonts and page ENORMOUS!,https://support.mozilla.org/questions/1426024,os:windows,,,,,,,,1,true,2062.13,False,
1426026,2023-10-03T07:55:49Z,2023-10-03,en-US,troubleshooting,fix-problems;,jasonberkes,downloads email then deletes it from local folder,https://support.mozilla.org/questions/1426026,,,,,,,,,0,false,,False,
1426028,2023-10-03T08:17:27Z,2023-10-03,en-US,troubleshooting,fix-problems;,conor.read.collins,Transfer 400k email from 3 gmail accounts to 1 new account,https://support.mozilla.org/questions/1426028,,,,,m:gmail,,proto:imap,,1,true,3.39,False,
1426032,2023-10-03T08:50:45Z,2023-10-03,en-US,troubleshooting,fix-problems;,jscohen,New Version of TBird no longer fetches mail,https://support.mozilla.org/questions/1426032,,,,,,,,,1,true,930.96,False,
1426033,2023-10-03T08:51:28Z,2023-10-03,en-US,installation-and-updates,download-and-install_1;,tim263,"Disappointing release, Thunderbird Team",https://support.mozilla.org/questions/1426033,,,,,m:gmail,,,,2,true,14.95,False,
1426035,2023-10-03T08:58:49Z,2023-10-03,en-US,installation-and-updates,download-and-install_1;,Ernie_Gurney,Blank message display tabs when opening inbox and sent mails,https://support.mozilla.org/questions/1426035,os:windows,,,,m:gmail,,proto:imap;proto:oauth,,2,true,14.68,False,
1426037,2023-10-03T09:07:27Z,2023-10-03,it,other,other;,larab1,Thunderbird supernova versione 115.3.1,https://support.mozilla.org/questions/1426037,,,,,,,,,1,true,14.89,True,'@next
1426038,2023-10-03T09:10:41Z,2023-10-03,en-US,other,other;,bmcclung,new design,https://support.mozilla.org/questions/1426038,,,,,,,,,1,true,0.35,False,
1426039,2023-10-03T09:21:29Z,2023-10-03,en-US,other,other;,mfabin,Font too big in Thunderbird 115 compares to other applications,https://support.mozilla.org/questions/1426039,os:linux,,,,,,,,1,false,,True,mfabin
1426040,2023-10-03T09:30:40Z,2023-10-03,en-US,installation-and-updates,download-and-install_1;,fwilson00,Thunderbird updated (and stopped working) on its won,https://support.mozilla.org/questions/1426040,,,,,,,,,0,false,,False,
1426043,2023-10-03T09:43:42Z,2023-10-03,en-US,troubleshooting,fix-problems;,Rapha-L_Pherdiux,Bugs and problems with Thunderbird,https://support.mozilla.org/questions/1426043,,,,,,,proto:smtp,,0,false,,False,
1426046,2023-10-03T09:58:40Z,2023-10-03,en-US,other,other;,white134098,Text as email,https://support.mozilla.org/questions/1426046,,,,,,,,,1,true,1.6,False,
1426047,2023-10-03T10:04:08Z,2023-10-03,cs,troubleshooting,fix-problems;,tomajk,Po aktualizaci se nezobrazují složky,https://support.mozilla.org/questions/1426047,,,,,,,,,1,true,13.43,False,
1426048,2023-10-03T10:06:06Z,2023-10-03,en-US,other,other;,mfabin,Increase the height of Thunderbird 115 card view,https://support.mozilla.org/questions/1426048,,,,,,,,,9,true,1.44,False,
1426054,2023-10-03T10:50:28Z,2023-10-03,en-US,troubleshooting,fix-problems;,bdjim,My computer was updated with the lastest Thunderbird version and the screen is blown up out of all proportion,https://support.mozilla.org/questions/1426054,,,,,,,,,2,true,2105.37,True,bdjim
1426056,2023-10-03T11:03:40Z,2023-10-03,en-US,other,other;,store3778,Built-in PDF viewer shows symbols instead of letters/numbers?,https://support.mozilla.org/questions/1426056,,,,,,,,,0,false,,False,
1426057,2023-10-03T11:07:01Z,2023-10-03,en-US,troubleshooting,fix-problems;,ErictheGreen,the hourglass icon comes on whenever I click anywhere in the inbox. (win7),https://support.mozilla.org/questions/1426057,os:windows,,,,,,,,7,true,33.45,False,
1426058,2023-10-03T11:07:19Z,2023-10-03,en-US,troubleshooting,fix-problems;,Chazmanium,Cannot access AOL e-mails,https://support.mozilla.org/questions/1426058,os:macos,,,,,,proto:pop,,0,false,,False,
1426060,2023-10-03T12:03:38Z,2023-10-03,en-US,installation-and-updates,download-and-install_1;,scott168,Problems with 102 -> 115 Upgrade,https://support.mozilla.org/questions/1426060,,,,,,,proto:oauth,,2,true,2057.87,False,
1426061,2023-10-03T12:07:03Z,2023-10-03,en-US,settings,customize;,pittviper1965,Changing background and font size and colors in Thunderbird.`,https://support.mozilla.org/questions/1426061,,,,,,,,,3,true,0.73,False,
1426062,2023-10-03T12:14:58Z,2023-10-03,en-US,troubleshooting,fix-problems;,f.naumann,Passwort prompt comes up for deleted account,https://support.mozilla.org/questions/1426062,,,,,,,proto:imap,,0,false,,False,
1426064,2023-10-03T12:21:00Z,2023-10-03,en-US,troubleshooting,fix-problems;,brian305,Upgrade broke unified inbox,https://support.mozilla.org/questions/1426064,os:linux,,,,,,,,0,false,,False,
1426066,2023-10-03T12:23:36Z,2023-10-03,en-US,troubleshooting,fix-problems;,s.weathered,servers,https://support.mozilla.org/questions/1426066,,,,,,,proto:imap,,0,false,,False,
1426067,2023-10-03T12:27:40Z,2023-10-03,it,other,other;,eman.me,thunderbird - mancato reindirizzamento a siti internet,https://support.mozilla.org/questions/1426067,,,,,m:gmail,,,,1,true,11.76,False,
1426068,2023-10-03T12:34:45Z,2023-10-03,it,other,other;,eman.me,thunderbird,https://support.mozilla.org/questions/1426068,,,,,m:gmail,,,,1,true,11.62,False,
1426069,2023-10-03T12:38:58Z,2023-10-03,en-US,installation-and-updates,download-and-install_1;,caroljones01@bellsouth.net,Download email,https://support.mozilla.org/questions/1426069,,,,,,,,,0,false,,False,
1426070,2023-10-03T12:44:17Z,2023-10-03,en-US,installation-and-updates,download-and-install_1;,caroljones01@bellsouth.net,"email will not download, just donated and restarted computer, nothing.",https://support.mozilla.org/questions/1426070,,,,,,,proto:pop,,2,true,18.27,False,
1426072,2023-10-03T12:50:55Z,2023-10-03,en-US,calendar,calendar;,chunnel,Subscription calendars not showing on 115,https://support.mozilla.org/questions/1426072,os:macos,,,,,,,,4,true,78.58,False,
1426073,2023-10-03T13:04:02Z,2023-10-03,en-US,settings,customize;,Stoobiedood,How to disable confirmation dialog box after shift-delete,https://support.mozilla.org/questions/1426073,,,,,,,,,7,true,0.33,False,
1426074,2023-10-03T13:05:52Z,2023-10-03,en-US,other,other;,TomWilliams231,Emails in TRASH do not appear.,https://support.mozilla.org/questions/1426074,,,,,,,,,0,false,,False,
1426076,2023-10-03T13:10:55Z,2023-10-03,en-US,settings,customize;,hockeycat,How do I change the font used in the panes?,https://support.mozilla.org/questions/1426076,,,,,,,,,1,true,10.12,False,
1426077,2023-10-03T13:10:59Z,2023-10-03,en-US,other,other;,cooper716@twc.com,Different format,https://support.mozilla.org/questions/1426077,,,,,,,,,0,false,,False,
1426079,2023-10-03T13:18:54Z,2023-10-03,en-US,other,other;,edeldsqr,Thunderbird Mail list,https://support.mozilla.org/questions/1426079,,,,,,,,,0,false,,False,
1426080,2023-10-03T13:26:15Z,2023-10-03,en-US,installation-and-updates,download-and-install_1;,u.i.hill,Supernova - Local Folders are missing - OK in Troubleshoot but with Inbox Data,https://support.mozilla.org/questions/1426080,,,,,,,,,1,false,,False,
1426081,2023-10-03T13:27:07Z,2023-10-03,en-US,settings,customize;,mihaela.jurkovic,Get Messages button changed!,https://support.mozilla.org/questions/1426081,,,,,,,,,2,true,6.39,False,
1426083,2023-10-03T13:43:00Z,2023-10-03,en-US,other,other;,bernardonilaw,Thunderbird,https://support.mozilla.org/questions/1426083,os:linux,,,,m:gmail,,,,1,true,5.84,False,
1426084,2023-10-03T13:52:59Z,2023-10-03,en-US,settings,customize;,product,Please keep the option of a separate mail toolbar as this new design breaks consistency with most linux programs..,https://support.mozilla.org/questions/1426084,os:linux,,,,,,,,3,true,127.49,True,MattAuSupport
1426091,2023-10-03T14:57:45Z,2023-10-03,en-US,settings,customize;,Raoul_Drapeau,Character size in the list of incoming emails - not of the emails themselves.,https://support.mozilla.org/questions/1426091,os:windows,,,,,,,,0,false,,False,
1426092,2023-10-03T14:57:54Z,2023-10-03,en-US,calendar,calendar;,andrew6,In week view on calendar the dates for the days are incorrect,https://support.mozilla.org/questions/1426092,os:macos,,,,,,,,0,false,,False,
1426093,2023-10-03T15:00:54Z,2023-10-03,en-US,troubleshooting,fix-problems;,adam.zhn,"Thunderbird: When moving a message to a different folder, my view of the inbox shifts and shows e-mails from earlier",https://support.mozilla.org/questions/1426093,,,,,,,,,0,false,,False,
1426094,2023-10-03T15:07:13Z,2023-10-03,en-US,other,other;,Gawain_Green_Dragon,Filters that don't seem to exist are moving email from inbox to  my folder,https://support.mozilla.org/questions/1426094,,,,,,,proto:imap,,0,false,,False,
1426096,2023-10-03T15:24:55Z,2023-10-03,en-US,other,other;,newdino,Unified Trash Folder issues,https://support.mozilla.org/questions/1426096,,,,,,,,,2,true,2054.51,False,
1426097,2023-10-03T15:25:19Z,2023-10-03,en-US,other,other;,carolcottle2,Thunderbird settings,https://support.mozilla.org/questions/1426097,,,,,,,,,1,true,3.65,False,
1426100,2023-10-03T15:33:40Z,2023-10-03,en-US,settings,customize;,blu6,How to move the close button back (Linux)?,https://support.mozilla.org/questions/1426100,os:linux,,,,,,,,0,false,,False,
1426102,2023-10-03T15:55:28Z,2023-10-03,en-US,other,other;,c.s.campbell,why is Tbird making me re-enter passwords several times every day?,https://support.mozilla.org/questions/1426102,,,,,,,,,0,false,,False,
1426104,2023-10-03T16:19:00Z,2023-10-03,en-US,settings,customize;,SynHolliday,"After Thunderbird upgrade to Supernova, scroll wheel stopped working.  ""Mark"" message in toolbar works differently",https://support.mozilla.org/questions/1426104,,,,,,,,,8,true,2.68,True,SynHolliday
1426105,2023-10-03T16:25:04Z,2023-10-03,en-US,installation-and-updates,download-and-install_1;,markfilipak,How do I go back to the version before version 115.3.1?,https://support.mozilla.org/questions/1426105,,,,,,,,,2,true,15.35,False,
1426106,2023-10-03T16:25:49Z,2023-10-03,en-US,other,other;,pottsy2147,remove and re add account,https://support.mozilla.org/questions/1426106,,,,,,,,,0,false,,False,
1426107,2023-10-03T16:27:59Z,2023-10-03,en-US,settings,customize;,SynHolliday,"After Thunderbird upgrade to Supernova, clicking the ""Mark as"" button no longer toggles the status of the message",https://support.mozilla.org/questions/1426107,,,,,,,,,2,true,2.54,False,
1426108,2023-10-03T16:31:48Z,2023-10-03,en-US,troubleshooting,fix-problems;,19jamal,Command functions do not work T-bird 115,https://support.mozilla.org/questions/1426108,,,,,,,,,4,true,8.06,False,
1426109,2023-10-03T16:36:26Z,2023-10-03,en-US,installation-and-updates,download-and-install_1;,rejohnston01,MacOS Ventura update to MacOS Sonoma caused Thunderbird to stop working - related to icloud?,https://support.mozilla.org/questions/1426109,os:macos,,,,,,,,40,true,7.69,False,
1426110,2023-10-03T16:45:00Z,2023-10-03,en-US,other,other;,Bryan1,Emails going to All Mail,https://support.mozilla.org/questions/1426110,,,,,,,,,0,false,,False,
1426116,2023-10-03T17:01:54Z,2023-10-03,en-US,other,other;,FDReynolds,Thunderbird E-mail cannot connect to outlook.com account,https://support.mozilla.org/questions/1426116,os:windows,,,,m:microsoftemail,,,,1,true,1.92,False,
1426122,2023-10-03T18:13:21Z,2023-10-03,en-US,other,other;,thewainwrights,emails automatically being deleted,https://support.mozilla.org/questions/1426122,,,,,,,,,1,true,6.14,False,
1426124,2023-10-03T18:27:27Z,2023-10-03,en-US,installation-and-updates,download-and-install_1;,divideweb,Thunderbird update 115.3.1 self installed now nothing works (pop + zoho),https://support.mozilla.org/questions/1426124,,,,,,,proto:pop,,1,true,2051.44,False,
1426125,2023-10-03T18:32:13Z,2023-10-03,en-US,troubleshooting,fix-problems;,Jay.Dear,Some emails not being marked as read (v118.0.1),https://support.mozilla.org/questions/1426125,,,,,,,,,4,true,5.68,False,
1426126,2023-10-03T18:37:46Z,2023-10-03,en-US,troubleshooting,fix-problems;,ErictheGreen,"I don't understand. Thunderbird changes, and there's no way to contact the people who made the changes?",https://support.mozilla.org/questions/1426126,,,,,,,,,1,true,4.54,False,
1426128,2023-10-03T19:01:23Z,2023-10-03,en-US,other,other;,peaceomind,My emails are sending vacation response to senders,https://support.mozilla.org/questions/1426128,,,,,,,,,0,false,,False,
1426129,2023-10-03T19:05:53Z,2023-10-03,en-US,settings,customize;,hockeycat,support options,https://support.mozilla.org/questions/1426129,,,,,,,,,1,true,4.18,False,
1426133,2023-10-03T19:14:08Z,2023-10-03,en-US,other,other;,andrew6,Favourites/Favorites Folder isn't showing selected favourited folders,https://support.mozilla.org/questions/1426133,,,,,,,,,0,false,,False,
1426134,2023-10-03T19:17:49Z,2023-10-03,en-US,installation-and-updates,download-and-install_1;,rosseddy,Lost current profile data,https://support.mozilla.org/questions/1426134,,,,,,,,,1,true,3.72,False,
1426135,2023-10-03T19:17:57Z,2023-10-03,en-US,other,other;,marcyslawrence,"Email not working after update to SuperNova?  Multiple - gmail, dreamhost, frontier etc",https://support.mozilla.org/questions/1426135,,,,,m:gmail,isp:frontier,,,0,false,,False,
1426137,2023-10-03T19:46:13Z,2023-10-03,en-US,tips-and-tricks,desktop;other;,admin410,My emails are showing with the listed time one hour too early after latest version update,https://support.mozilla.org/questions/1426137,os:macos,Mac OS x 10_15_7,,,,,,,4,true,19.02,False,
1426138,2023-10-03T19:56:20Z,2023-10-03,en-US,installation-and-updates,download-and-install_1;,steven.wright,Security Device Manager - OS Client Cert Module,https://support.mozilla.org/questions/1426138,,,,,,,,,0,false,,False,
1426139,2023-10-03T20:04:11Z,2023-10-03,en-US,settings,customize;,mozilla457,Several Suggestions.  [was Supernova menus - a bit of a mess],https://support.mozilla.org/questions/1426139,,,,,,,,,0,false,,False,
1426142,2023-10-03T20:40:20Z,2023-10-03,en-US,other,other;,Bob_Blaylock,Font size on mailbox window is now too small.  Changing the setting seems to do nothing.,https://support.mozilla.org/questions/1426142,os:windows,,,,,,,,0,false,,False,
1426143,2023-10-03T20:41:08Z,2023-10-03,en-US,other,other;,Bob_Blaylock,Font size on mailbox window is now too small.  Changing the setting seems to do nothing.,https://support.mozilla.org/questions/1426143,os:windows,,,,,,,,6,true,0.73,True,sfhowes
1426144,2023-10-03T20:58:14Z,2023-10-03,en-US,other,other;,bwffx,Thunderbird header pane scrolls unpredictably,https://support.mozilla.org/questions/1426144,os:windows,,,,,,,,6,true,1.89,False,
1426147,2023-10-03T21:57:58Z,2023-10-03,en-US,other,other;,cbell44,"115.3.1 when I click on ""Get Messages"" NOTHING happens",https://support.mozilla.org/questions/1426147,,,,,,,,,2,true,5.5,True,cbell44
1426151,2023-10-03T22:42:55Z,2023-10-03,it,settings,customize;,clrpla74,Colori cambiati con ultima versione.,https://support.mozilla.org/questions/1426151,os:linux,,,,,,,,5,true,1.47,False,
1426154,2023-10-03T23:39:44Z,2023-10-03,tr,calendar,calendar;,sayeste.kucur,Thunderbird Takvim daveti katılımcılara gitmiyor,https://support.mozilla.org/questions/1426154,,,,,,,,,1,true,126.8,False,
1426155,2023-10-04T00:23:42Z,2023-10-04,es,settings,customize;,almacen1,Big Problems,https://support.mozilla.org/questions/1426155,,,,,,,,,0,false,,False,
1426156,2023-10-04T00:35:16Z,2023-10-04,en-US,other,other;,rapidfox,Unable to copy HTML-formatted table from Firefox on Linux,https://support.mozilla.org/questions/1426156,os:linux,,,,,,,,0,false,,False,
1426157,2023-10-04T00:37:02Z,2023-10-04,it,other,other;,avv.michelecarulli,visualizazione file pdf p7m,https://support.mozilla.org/questions/1426157,,,,,,,,,1,true,0.69,False,
1426158,2023-10-04T00:51:59Z,2023-10-04,en-US,settings,customize;,chris119,'Get messages' button in new Supernova,https://support.mozilla.org/questions/1426158,,,,,,,,,2,true,2.58,True,chris119
1426159,2023-10-04T00:56:40Z,2023-10-04,en-US,privacy-and-security,privacy-and-security_1;,secretelf77,Thunderbird 115 has no junk removal tool,https://support.mozilla.org/questions/1426159,os:linux,,,,,,,,2,true,2.49,False,
1426162,2023-10-04T01:29:01Z,2023-10-04,en-US,troubleshooting,fix-problems;,suffolkfox44,Unable to send emails - 'SSL received a malformed Certificate handshake message',https://support.mozilla.org/questions/1426162,,,,,,,proto:smtp,,1,true,1.82,False,
1426163,2023-10-04T02:05:21Z,2023-10-04,it,other,other;needsinfo;,ilaria.coradi,email perse con aggiornamento Mac,https://support.mozilla.org/questions/1426163,,,,,,,,,1,true,4.96,False,
1426165,2023-10-04T02:11:50Z,2023-10-04,it,other,other;,cecilia4,Ricerca messaggi funziona male,https://support.mozilla.org/questions/1426165,,,,,,,,,1,true,4.88,False,
1426166,2023-10-04T02:27:16Z,2023-10-04,en-US,settings,customize;,colinlwilliams,new version of thunderbird - text size on screen,https://support.mozilla.org/questions/1426166,,,,,,,,,2,true,0.82,False,
1426168,2023-10-04T02:57:15Z,2023-10-04,it,settings,customize;,amministrazione79,buonasera dopo un aggiornamento eseguito durante il week end mi ha modificato tutta la schermata e impostazioni importan,https://support.mozilla.org/questions/1426168,,,,,,,proto:pop,,2,true,3.54,False,
1426169,2023-10-04T03:02:36Z,2023-10-04,en-US,troubleshooting,fix-problems;,tektite,update to thunderbird 115.3.1 (64-bit) authentication problems,https://support.mozilla.org/questions/1426169,os:windows,,,,m:gmail;m:yahooemail,,proto:pop,,3,true,0.21,False,
1426172,2023-10-04T03:29:23Z,2023-10-04,en-US,other,other;,lollymarshall99,RECENT CHANGE IN THUNDERBIRD,https://support.mozilla.org/questions/1426172,,,,,,,,,0,false,,False,
1426173,2023-10-04T03:36:48Z,2023-10-04,en-US,other,other;,norbert.obrien,Get Mail Button not working on startup,https://support.mozilla.org/questions/1426173,,,,,,,,,0,false,,False,
1426174,2023-10-04T03:41:35Z,2023-10-04,en-US,other,other;,doniel,Supernova and Yahoo,https://support.mozilla.org/questions/1426174,,,,,m:yahooemail,,,,14,true,657.56,True,davidsk
1426175,2023-10-04T03:53:50Z,2023-10-04,en-US,privacy-and-security,privacy-and-security_1;,scotch196,Unable to log in to Gmail,https://support.mozilla.org/questions/1426175,,,,,m:gmail,,,,0,false,,False,
1426177,2023-10-04T04:15:56Z,2023-10-04,en-US,calendar,calendar;,filiplipiec,Different email when I create an event,https://support.mozilla.org/questions/1426177,,,,,,,,,0,false,,False,
1426183,2023-10-04T04:42:39Z,2023-10-04,en-US,settings,customize;,jondo,Difficult to see read/unread in card view,https://support.mozilla.org/questions/1426183,,,,,,,,,2,true,8.67,False,
1426185,2023-10-04T04:54:57Z,2023-10-04,en-US,settings,customize;,michal39,How to see the newest email ??,https://support.mozilla.org/questions/1426185,,,,,,,,,0,false,,False,
1426186,2023-10-04T05:07:17Z,2023-10-04,hu,other,other;,levi4,All of my emails suddenly disapeared after Thunderbird update,https://support.mozilla.org/questions/1426186,,,,,,,,,2,false,,False,
1426188,2023-10-04T05:12:21Z,2023-10-04,en-US,other,other;,abi3,pictures in e-mails,https://support.mozilla.org/questions/1426188,,,,,,,,,0,false,,False,
1426190,2023-10-04T05:43:43Z,2023-10-04,en-US,settings,customize;,hesheyf,density setting does not open or stay in default setting,https://support.mozilla.org/questions/1426190,,,,,,,,,0,false,,False,
1426191,2023-10-04T05:46:21Z,2023-10-04,it,other,other;,FC-Lin-Moz,Thunderbird (102 & 115) for Windows downloads same mail again on dual boot windows 10 and Linux (Ubuntu & Mageia),https://support.mozilla.org/questions/1426191,os:linux,,,,,,proto:pop,,2,true,1.54,False,
1426194,2023-10-04T05:54:54Z,2023-10-04,hu,settings,customize;,Lsi197206,Egyesített mappákból hiányzó postafiók,https://support.mozilla.org/questions/1426194,,,,,,,proto:imap,,0,false,,False,
1426196,2023-10-04T06:08:37Z,2023-10-04,en-US,other,other;,Maruchin,Rules made on outlook.com are suddenly not working,https://support.mozilla.org/questions/1426196,,,,,m:microsoftemail,,,,0,false,,False,
1426197,2023-10-04T06:16:00Z,2023-10-04,en-US,other,other;,hutcheonke,Global Search in Thunderbird 115.3 shows wrong sender and recipient in the results,https://support.mozilla.org/questions/1426197,os:windows,,,,,,,,0,false,,False,
1426198,2023-10-04T06:19:04Z,2023-10-04,en-US,settings,customize;,dougwinkeljohn,Thunderbird screen display,https://support.mozilla.org/questions/1426198,,,,,,,,,0,false,,False,
1426199,2023-10-04T06:27:30Z,2023-10-04,hu,settings,customize;,gabor.stickel,Thunderbird 115 eltávolítás,https://support.mozilla.org/questions/1426199,,,,,,,,,2,true,6.54,False,
1426201,2023-10-04T06:53:15Z,2023-10-04,en-US,other,other;,illroute66,Create Filter From Message,https://support.mozilla.org/questions/1426201,,,,,,,,,7,true,5.69,False,
1426202,2023-10-04T06:53:31Z,2023-10-04,en-US,calendar,calendar;,txk2048,Calendar duplicates events when synchronized,https://support.mozilla.org/questions/1426202,,,,,,,,,0,false,,False,
1426203,2023-10-04T06:53:38Z,2023-10-04,en-US,other,other;needsinfo;,beisele,Display font change,https://support.mozilla.org/questions/1426203,,,,,,,,,1,true,3.86,False,
1426204,2023-10-04T07:01:59Z,2023-10-04,en-US,calendar,calendar;,WizardWrangler,Syncing Thunderbird Calendar to a Phone?,https://support.mozilla.org/questions/1426204,,,,,,,,,0,false,,False,
1426205,2023-10-04T07:08:11Z,2023-10-04,es,troubleshooting,fix-problems;,estmarq,Incluye todos los datos de un email a reenviarlo,https://support.mozilla.org/questions/1426205,,,,,,,,,0,false,,False,
1426207,2023-10-04T07:23:04Z,2023-10-04,en-US,settings,customize;,philip-jackson,Unable to find several functions after moving up to 115.3.1,https://support.mozilla.org/questions/1426207,os:linux,,,,,,,,5,true,5.01,True,sfhowes
1426209,2023-10-04T07:26:49Z,2023-10-04,it,troubleshooting,fix-problems;,pilgrampetra,aggiornamento Mozilla,https://support.mozilla.org/questions/1426209,,,,,,,,,1,true,0.66,False,
1426210,2023-10-04T07:28:11Z,2023-10-04,en-US,troubleshooting,fix-problems;,robertn23,Why Supernova isn't stable?,https://support.mozilla.org/questions/1426210,,,,,,,,,1,true,2289.38,False,
1426212,2023-10-04T07:36:15Z,2023-10-04,en-US,other,other;,_Sacco_,"The small ""Get Messages"" and big ""New Message"" icon decisions is bad.",https://support.mozilla.org/questions/1426212,,,,,,,,,2,true,0.68,False,
1426214,2023-10-04T07:49:06Z,2023-10-04,en-US,other,other;,lotayef,edit a contact in a received email dropdown menue,https://support.mozilla.org/questions/1426214,,,,,,,,,3,true,4.31,False,
1426215,2023-10-04T07:50:23Z,2023-10-04,en-US,other,other;,shawn29,Replying to Zendesk support emails is broken,https://support.mozilla.org/questions/1426215,,,,,,,,,0,false,,False,
1426217,2023-10-04T08:00:10Z,2023-10-04,cs,calendar,calendar;,m.otmar,Správa kategorií pro události v poštovním klientu Thunderbird,https://support.mozilla.org/questions/1426217,,,,,,,,,1,true,3.52,False,
1426218,2023-10-04T08:15:55Z,2023-10-04,en-US,other,other;,JHochstuhl,Thunderbird's recent update to 115.3.1 is not good for me. I want to roll back.,https://support.mozilla.org/questions/1426218,,,,,,,,,25,true,1.36,False,
1426219,2023-10-04T08:21:25Z,2023-10-04,es,settings,customize;,otenadesign,Oscar Tena,https://support.mozilla.org/questions/1426219,,,,,,,,,0,false,,False,
1426220,2023-10-04T08:21:48Z,2023-10-04,en-US,other,other;,FC-Lin-Moz,Thunderbird (102 & 115) for Windows downloads same mail again on dual boot windows 10 and Linux (Ubuntu & Mageia),https://support.mozilla.org/questions/1426220,os:linux,,,,,,proto:pop,,0,false,,False,
1426221,2023-10-04T08:24:24Z,2023-10-04,pt-BR,settings,customize;,_Hawker_,Thunderbird funciona em Windows XP?,https://support.mozilla.org/questions/1426221,,,,,,,,,0,false,,False,
1426222,2023-10-04T08:30:04Z,2023-10-04,en-US,troubleshooting,fix-problems;,jebolton,Thunderbird profile lost after Fedora upgrade issues,https://support.mozilla.org/questions/1426222,,,,,m:microsoftemail,,,,2,true,1.01,True,jebolton
1426223,2023-10-04T08:49:02Z,2023-10-04,en-US,other,other;,radiowhiz,With Unread Filter Message Deletion Not Complete,https://support.mozilla.org/questions/1426223,,,,,,,,,0,false,,False,
1426224,2023-10-04T08:49:40Z,2023-10-04,en-US,other,other;,scott192,Supernova Installed Printers disconnect when Thunderbird application is running,https://support.mozilla.org/questions/1426224,os:windows,,,,,,,,0,false,,False,
1426226,2023-10-04T08:58:50Z,2023-10-04,en-US,privacy-and-security,privacy-and-security_1;,olf.mombach,There is no way to see the actual mail address from which an E-Mail was sent in the list view without opening the E-Mail,https://support.mozilla.org/questions/1426226,,,,,,,,,1,true,2.99,False,
1426227,2023-10-04T09:04:26Z,2023-10-04,en-US,other,other;,muchmooreian,MS Outlook will no longer connect T'bird since 115.3.1,https://support.mozilla.org/questions/1426227,os:windows,,,,m:gmail;m:microsoftemail,,proto:pop,,2,true,2.82,False,
1426228,2023-10-04T09:12:44Z,2023-10-04,en-US,other,other;,sloth.steen,Exporting and importing contacts,https://support.mozilla.org/questions/1426228,,,,,,,,,2,true,0.25,False,
1426229,2023-10-04T09:16:15Z,2023-10-04,en-US,installation-and-updates,download-and-install_1;,frankfileccia,Can't connect to Gmail,https://support.mozilla.org/questions/1426229,,,,,m:gmail,,proto:imap;proto:oauth,,1,false,,False,
1426230,2023-10-04T09:20:57Z,2023-10-04,en-US,troubleshooting,fix-problems;,blu.parkour,Critical Error in new Thunderbird,https://support.mozilla.org/questions/1426230,os:linux,,,,,,,,1,true,2287.48,False,
1426231,2023-10-04T09:24:07Z,2023-10-04,en-US,troubleshooting,fix-problems;,jsboyle25,Thunderbird Update,https://support.mozilla.org/questions/1426231,,,,,,,,,0,false,,False,
1426232,2023-10-04T09:25:51Z,2023-10-04,en-US,settings,customize;,slapdab,Cannot reduce message list pane height,https://support.mozilla.org/questions/1426232,,,,,,,,,2,true,2.38,False,
1426234,2023-10-04T09:29:39Z,2023-10-04,en-US,settings,customize;,mclaborn,Customize contents of Unified Folders,https://support.mozilla.org/questions/1426234,,,,,,,,,3,true,2.29,False,
1426235,2023-10-04T09:46:59Z,2023-10-04,en-US,troubleshooting,fix-problems;,Tosti,Can't send to or from a specific address,https://support.mozilla.org/questions/1426235,,,,,,,,,1,false,,True,Tosti
1426236,2023-10-04T09:56:49Z,2023-10-04,es,settings,customize;,llorenselena,Agrandar el texto de mis  correos,https://support.mozilla.org/questions/1426236,,,,,,,,,0,false,,False,
1426238,2023-10-04T10:11:37Z,2023-10-04,en-US,other,other;,FRH,mailfence.com email account.,https://support.mozilla.org/questions/1426238,,,,,m:mailfence,,,,0,false,,False,
1426239,2023-10-04T10:17:40Z,2023-10-04,en-US,settings,customize;,jhmcarn,Is it possible to set threads collapsed by default?,https://support.mozilla.org/questions/1426239,os:windows,,,,,,,,9,true,2.92,False,
1426240,2023-10-04T10:21:07Z,2023-10-04,es,troubleshooting,fix-problems;,luis48,Problems printing emails,https://support.mozilla.org/questions/1426240,,,,,,,,,0,false,,False,
1426241,2023-10-04T10:39:52Z,2023-10-04,en-US,other,other;,gyemant,TB 115.3.1,https://support.mozilla.org/questions/1426241,,,,,,,,,0,false,,False,
1426242,2023-10-04T10:42:45Z,2023-10-04,en-US,troubleshooting,fix-problems;,seth_goldman,Inaccurate Unread Message Counts,https://support.mozilla.org/questions/1426242,os:macos,,,,m:microsoftemail,,,,4,true,0.87,False,
1426243,2023-10-04T10:54:25Z,2023-10-04,en-US,troubleshooting,fix-problems;,the_hawk1,When I click on a message the list of messages in Thunderbird jumps around and it's a REAL PitA to have to keep scrollin,https://support.mozilla.org/questions/1426243,,,,,,,,,2,true,0.62,False,
1426244,2023-10-04T10:54:31Z,2023-10-04,en-US,settings,customize;,HaraldKi,How can I show the sender address in the table showing incoming emails?,https://support.mozilla.org/questions/1426244,,,,,,,,,1,false,,False,
1426246,2023-10-04T11:04:29Z,2023-10-04,pt-BR,calendar,calendar;,pablofelipe239,Como criar uma agenda na rede local usando um servidor de arquivo compartilhado?,https://support.mozilla.org/questions/1426246,,,,,,,,,0,false,,False,
1426248,2023-10-04T11:07:07Z,2023-10-04,en-US,other,other;,rjwood920,Opening attachments from email,https://support.mozilla.org/questions/1426248,,,,,,,,,0,false,,False,
1426249,2023-10-04T11:08:30Z,2023-10-04,en-US,privacy-and-security,privacy-and-security_1;,pettebek,i cnt get into my email,https://support.mozilla.org/questions/1426249,,,,,,,,,0,false,,False,
1426252,2023-10-04T11:19:19Z,2023-10-04,en-US,other,other;,ssum,thunderbird 115.3.1 (32-bit) is unstable in dragging emails from Inbox to other folders,https://support.mozilla.org/questions/1426252,,,,,,,,,3,true,0.15,False,
1426254,2023-10-04T11:22:39Z,2023-10-04,en-US,other,other;,vanobiias,Deleating Email,https://support.mozilla.org/questions/1426254,,,,,,,,,0,false,,False,
1426255,2023-10-04T11:27:28Z,2023-10-04,en-US,troubleshooting,fix-problems;,judy-jack2,Can't get new messages or emails,https://support.mozilla.org/questions/1426255,,,,,m:microsoftemail,,,,0,false,,False,
1426256,2023-10-04T11:29:09Z,2023-10-04,en-US,troubleshooting,fix-problems;,integraoligist,TB Auto-Updated to 115.3.1 and screwed everything up!,https://support.mozilla.org/questions/1426256,,,,,,,,,1,true,2285.32,False,
1426257,2023-10-04T11:29:13Z,2023-10-04,en-US,installation-and-updates,download-and-install_1;,1chr1232ot,thunerbird emails address,https://support.mozilla.org/questions/1426257,,,,,,,,,1,true,1.67,False,
1426259,2023-10-04T12:18:38Z,2023-10-04,cs,settings,customize;needsinfo;,nandit,Nastavení počtu řádků seznamu e-mailů,https://support.mozilla.org/questions/1426259,,,,,,,,,6,true,17.27,False,
1426260,2023-10-04T12:19:49Z,2023-10-04,it,other,other;,info10021,"Ultimo Aggiornamento Thunderbird - cartelle archivio vuote, senza più i messaggi archiviati all'interno",https://support.mozilla.org/questions/1426260,,,,,,,,,1,true,12.96,False,
1426261,2023-10-04T12:20:59Z,2023-10-04,en-US,other,other;,s5vrbm5gxv,115.3.1  upgrade but can’t find actual emails I have over 10 different accounts and lost visible access,https://support.mozilla.org/questions/1426261,,,,,,,,,0,false,,False,
1426262,2023-10-04T12:31:40Z,2023-10-04,en-US,installation-and-updates,download-and-install_1;,fsomers,Mozilla Thunderbird keeps opening in a window size too large to use. How to reduce size,https://support.mozilla.org/questions/1426262,,,,,,,,,1,true,7.86,False,
1426263,2023-10-04T12:32:35Z,2023-10-04,en-US,other,other;,shawn..,"linux, TB v115.3.1,  Local Folders EMPTY after upgrade to v115.",https://support.mozilla.org/questions/1426263,os:linux,,,,,,,,2,true,2284.22,False,
1426265,2023-10-04T12:44:37Z,2023-10-04,en-US,other,other;,lisapower,Email attachments disappeared after update to Version  115.2.3 Build ID  20230919180656,https://support.mozilla.org/questions/1426265,,,,,,,,,3,true,883.68,False,
1426268,2023-10-04T13:05:38Z,2023-10-04,en-US,troubleshooting,fix-problems;,graemeegan,Unable to send emails from Thunderbird.    Able to receive but not send out.  Shaw is the ISP provider.,https://support.mozilla.org/questions/1426268,,,,,,isp:shaw,proto:smtp,,1,true,4.94,False,
1426269,2023-10-04T13:08:40Z,2023-10-04,en-US,installation-and-updates,download-and-install_1;,dmallary3,not seeing one inbox after 115 upgrade,https://support.mozilla.org/questions/1426269,os:windows,,,,,,proto:pop,,2,true,2283.65,False,
1426278,2023-10-04T13:55:49Z,2023-10-04,en-US,privacy-and-security,privacy-and-security_1;,JackNaylorPE,Problems getting Optimum email,https://support.mozilla.org/questions/1426278,os:windows,,,,,isp:optimum,,,4,true,3.48,False,
1426279,2023-10-04T13:57:44Z,2023-10-04,en-US,calendar,calendar;,pat28,Status 80004005 error message when accepting calendar invitations,https://support.mozilla.org/questions/1426279,,,,,,,,,0,false,,False,
1426280,2023-10-04T13:58:05Z,2023-10-04,en-US,other,other;,RobinClaire,finding unread emails,https://support.mozilla.org/questions/1426280,,,,,,,,,0,false,,False,
1426281,2023-10-04T14:33:10Z,2023-10-04,en-US,settings,customize;,Elbarthos,Spam isn't removed from Spam filter in Mozilla Thunderbird,https://support.mozilla.org/questions/1426281,,,,,,,,,2,true,3.09,False,
1426282,2023-10-04T14:56:19Z,2023-10-04,en-US,settings,customize;,alexander.kolodziej,"can not paste images into thunderbird one one computer, but can on other",https://support.mozilla.org/questions/1426282,os:linux,,,,,,,,0,false,,False,
1426283,2023-10-04T14:59:43Z,2023-10-04,en-US,other,other;,sunlover01,Thunderbird Privacy Message appearing every time I open an email.,https://support.mozilla.org/questions/1426283,,,,,,,,,1,true,2.58,False,
1426284,2023-10-04T15:13:51Z,2023-10-04,en-US,troubleshooting,fix-problems;,,thunderbird 115.2.2 fails to follow links,https://support.mozilla.org/questions/1426284,,,,,,,,,1,false,,True,
1426289,2023-10-04T15:43:02Z,2023-10-04,en-US,settings,customize;,4232jl,how to bringing the previous layout back?,https://support.mozilla.org/questions/1426289,,,,,,,,,2,true,2281.46,False,
1426290,2023-10-04T16:11:43Z,2023-10-04,en-US,troubleshooting,fix-problems;pop;,zlevy,Message Body disappeared on 115.3.1 -- Can only see headers on 1 of 2 accounts. The other account is fine. POP & viridio,https://support.mozilla.org/questions/1426290,,,,,,,proto:pop,,19,true,4.42,False,
1426291,2023-10-04T17:04:44Z,2023-10-04,en-US,other,other;,enrjyzr,View Source of an Email Without Opening It,https://support.mozilla.org/questions/1426291,,,,,,,,,1,true,0.12,False,
1426292,2023-10-04T17:36:29Z,2023-10-04,en-US,settings,customize;,richb44,how to adjust number of messages in Message List Pane thunderbird 115,https://support.mozilla.org/questions/1426292,,,,,,,,,3,true,0.48,True,richb44
1426293,2023-10-04T17:49:21Z,2023-10-04,en-US,other,other;,davidnhowarth,how to delete three extra and empty inboxes that have appeared in my Thunderbird index?,https://support.mozilla.org/questions/1426293,,,,,,,,,0,false,,False,
1426295,2023-10-04T18:29:51Z,2023-10-04,en-US,troubleshooting,fix-problems;,ErictheGreen,The new thunderbird has slowed everything down greatly.,https://support.mozilla.org/questions/1426295,,,,,,,,,1,true,2.0,False,
1426299,2023-10-04T19:59:39Z,2023-10-04,en-US,other,other;,shykat65,Unread button missing from newest update,https://support.mozilla.org/questions/1426299,,,,,,,,,0,false,,False,
1426301,2023-10-04T21:15:25Z,2023-10-04,en-US,settings,customize;,rlwinter+mozilla,A way to measure which senders and/or subjects are consuming the most mailbox space (in gmail),https://support.mozilla.org/questions/1426301,,,,,m:gmail,,,,0,false,,False,
1426302,2023-10-04T21:22:42Z,2023-10-04,en-US,other,other;,kezmag,Email,https://support.mozilla.org/questions/1426302,,,,,,,,,0,false,,False,
1426303,2023-10-04T21:33:01Z,2023-10-04,en-US,settings,customize;,rosalie.boots,Thunderbird Menu Bar Settings,https://support.mozilla.org/questions/1426303,,,,,,,,,1,true,14.8,False,
1426304,2023-10-04T21:36:09Z,2023-10-04,en-US,privacy-and-security,fix-problems;,eyaktas,I can't see my all email panel after Thunderbird update,https://support.mozilla.org/questions/1426304,,,,,,,,,8,true,14.69,False,
1426305,2023-10-04T21:52:14Z,2023-10-04,en-US,other,other;,gulbax89,"Archived Old Emai to other drive, but the used space of main mail still same, not decrase.",https://support.mozilla.org/questions/1426305,,,,,,,,,0,false,,False,
1426306,2023-10-04T21:52:38Z,2023-10-04,en-US,settings,customize;,webcoats,Help needed troubleshooting automatic junk filter,https://support.mozilla.org/questions/1426306,,,,,m:gmail,,proto:imap,,0,false,,False,
1426307,2023-10-04T22:11:52Z,2023-10-04,en-US,settings,customize;,xxyyxx,How to import Mbox file as my ImportExportTools NG didn't have import mbox files option?,https://support.mozilla.org/questions/1426307,,,,,,,,,2,true,14.03,False,
1426308,2023-10-04T22:54:59Z,2023-10-04,en-US,settings,customize;,firefox2524,Opening Article/Feed in browser not working anymore with rss.show.content-base with supernova update,https://support.mozilla.org/questions/1426308,,,,,,,,,0,false,,False,
1426309,2023-10-04T23:00:46Z,2023-10-04,en-US,settings,customize;,maria.macharova,Maria Macharova,https://support.mozilla.org/questions/1426309,,,,,,,proto:smtp,,3,true,13.1,False,
1426311,2023-10-04T23:11:21Z,2023-10-04,cs,installation-and-updates,download-and-install_1;,mh2023,Složka pro stahování aktualizací,https://support.mozilla.org/questions/1426311,,,,,,,,,0,false,,False,
1426313,2023-10-04T23:29:45Z,2023-10-04,it,other,other;,leopard2701,Impostazioni visualizzazione e.mail,https://support.mozilla.org/questions/1426313,,,,,,,,,1,true,1.85,True,'@next
1426314,2023-10-04T23:40:15Z,2023-10-04,en-US,settings,customize;,chris119,Scrolling email list with up and down arrows.,https://support.mozilla.org/questions/1426314,,,,,,,,,0,false,,False,
1426315,2023-10-04T23:41:55Z,2023-10-04,it,other,other;,m4rtinlevelling,Funzione rimossa o solo nascosta?,https://support.mozilla.org/questions/1426315,,,,,,,,,2,true,1.49,True,'@next
1426316,2023-10-04T23:42:57Z,2023-10-04,cs,installation-and-updates,download-and-install_1;,ales.safarik,Ztráta kontaktů po aktualizaci,https://support.mozilla.org/questions/1426316,,,,,,,,,1,true,6.2,False,
1426319,2023-10-05T00:05:53Z,2023-10-05,it,other,other;,g_liberati_2007,Mozilla Thunderbird,https://support.mozilla.org/questions/1426319,,,,,,,,,1,true,1.3,False,
1426323,2023-10-05T00:31:36Z,2023-10-05,en-US,other,other;,mslgsund,Need to constantly re-enter password with Thunderbird 115,https://support.mozilla.org/questions/1426323,,,,,m:microsoftemail,,,,1,false,,True,mslgsund
1426324,2023-10-05T00:34:00Z,2023-10-05,en-US,settings,customize;,leclercq_thibaut,Display text size,https://support.mozilla.org/questions/1426324,os:macos,,,,,,,,0,false,,False,
1426326,2023-10-05T00:54:24Z,2023-10-05,en-US,other,other;,g4ugm,usenet news in 115 all messages in thread are opened,https://support.mozilla.org/questions/1426326,,,,,,,,,0,false,,False,
1426327,2023-10-05T01:06:14Z,2023-10-05,cs,settings,customize;,ladder2,Stavový řádek - není vidět počet zpráv,https://support.mozilla.org/questions/1426327,os:windows,,,,,,,,1,true,10.53,True,Ansamb
1426328,2023-10-05T01:16:39Z,2023-10-05,en-US,installation-and-updates,download-and-install_1;,tervterv,To move Thunderbird accounts and mails (including local) to a new computer,https://support.mozilla.org/questions/1426328,,,,,,,,,0,false,,False,
1426329,2023-10-05T01:30:30Z,2023-10-05,en-US,other,other;,ann.edwards,Illegible emails,https://support.mozilla.org/questions/1426329,,,,,,,,,0,false,,False,
1426330,2023-10-05T01:46:42Z,2023-10-05,en-US,settings,customize;,mtoffice,Attaching a photo to an email,https://support.mozilla.org/questions/1426330,os:windows,,,,,,,,0,false,,False,
1426331,2023-10-05T02:08:12Z,2023-10-05,it,privacy-and-security,privacy-and-security_1;,francescoiacopini4,modifica password,https://support.mozilla.org/questions/1426331,,,,,,,,,1,true,0.97,False,
1426332,2023-10-05T02:27:55Z,2023-10-05,en-US,other,other;,thewalkers,why can't thunderbird connect to server,https://support.mozilla.org/questions/1426332,,,,,,,,,1,true,1.78,False,
1426336,2023-10-05T02:46:19Z,2023-10-05,en-US,settings,customize;,lisa111,customizable hotkeys?,https://support.mozilla.org/questions/1426336,,,,,,,,,1,true,9.21,False,
1426338,2023-10-05T03:40:25Z,2023-10-05,en-US,other,other;,thaidooo,Receiving emails with unwanted image attachments,https://support.mozilla.org/questions/1426338,,,,,m:microsoftemail,,,,0,false,,False,
1426340,2023-10-05T03:51:50Z,2023-10-05,en-US,calendar,calendar;,jackbarry,Moving Calendar from PC to new laptop.,https://support.mozilla.org/questions/1426340,os:windows,,,,,,,,0,false,,False,
1426341,2023-10-05T04:03:10Z,2023-10-05,en-US,other,other;,simpson.paul,Changed display with e-mail. Can't see message detail.,https://support.mozilla.org/questions/1426341,,,,,,,,,0,false,,False,
1426342,2023-10-05T04:12:12Z,2023-10-05,en-US,troubleshooting,fix-problems;,leonardo.heise,new thunderbird version asking for credentials multiple times,https://support.mozilla.org/questions/1426342,,,,,m:microsoftemail,,,,0,false,,False,
1426343,2023-10-05T04:26:02Z,2023-10-05,en-US,installation-and-updates,download-and-install_1;,gerard17,"I upgraded to TB 115.3.1 on Mac Ventura. Nothing is left: no old accounts, no new emails.",https://support.mozilla.org/questions/1426343,os:macos,,,,,,,,0,false,,False,
1426344,2023-10-05T04:42:47Z,2023-10-05,en-US,troubleshooting,fix-problems;,janio2,Debug Thunderbird 115.3.1 on Ubuntu Linux,https://support.mozilla.org/questions/1426344,os:linux,,,,,,,,1,true,7.17,False,
1426345,2023-10-05T04:50:02Z,2023-10-05,en-US,troubleshooting,fix-problems;,rohatyniec,wyszukiwanie,https://support.mozilla.org/questions/1426345,,,,,,,,,1,true,7.03,False,
1426346,2023-10-05T04:54:52Z,2023-10-05,en-US,other,other;,matfaceb,deleted accound on thunderbird,https://support.mozilla.org/questions/1426346,,,,,,,,,0,false,,False,
1426348,2023-10-05T05:07:13Z,2023-10-05,en-US,settings,customize;,jondark,Apologies for posting prematurely [NoText],https://support.mozilla.org/questions/1426348,,,,,,,,,0,false,,False,
1426350,2023-10-05T05:38:33Z,2023-10-05,en-US,settings,customize;,anniedunn,Latest update - layout messed up,https://support.mozilla.org/questions/1426350,,,,,,,,,3,true,1.4,True,davidsk
1426351,2023-10-05T05:41:22Z,2023-10-05,it,calendar,calendar;,pasquale.mandato,Mancato invio mail di invito alla creazione di un evento,https://support.mozilla.org/questions/1426351,os:linux,,,,,,,,4,true,3.26,False,
1426352,2023-10-05T05:53:12Z,2023-10-05,en-US,troubleshooting,fix-problems;,ew.wentor,Cant send email from an office 365 email,https://support.mozilla.org/questions/1426352,,,,,m:microsoftemail,,proto:oauth,,1,true,22.92,False,
1426354,2023-10-05T05:57:31Z,2023-10-05,it,troubleshooting,fix-problems;,g.dalessio51,Surface X,https://support.mozilla.org/questions/1426354,,,,,,,,,1,true,3.07,False,
1426356,2023-10-05T05:59:41Z,2023-10-05,en-US,other,other;,2PeterW,Thunderbird delete does not use local Deleted folder,https://support.mozilla.org/questions/1426356,,,,,,,,,0,false,,False,
1426357,2023-10-05T06:05:14Z,2023-10-05,en-US,other,other;,Tootie,"Since Supernova I get an error message when pressing send, click OK, press send and it goes",https://support.mozilla.org/questions/1426357,,,,,,,,,0,false,,False,
1426358,2023-10-05T06:10:04Z,2023-10-05,en-US,other,other;,mail1852,New messages are not shown in the list when opening a folder (win10),https://support.mozilla.org/questions/1426358,os:windows,,,,,,,,2,true,25.12,False,
1426360,2023-10-05T06:15:42Z,2023-10-05,en-US,settings,customize;,2PeterW,"Control how folder list opens, to show subfolders",https://support.mozilla.org/questions/1426360,,,,,,,,,0,false,,False,
1426361,2023-10-05T06:18:04Z,2023-10-05,en-US,settings,customize;,violetsobieski,GTK (Linux Mint) Theme Broken After Thunderbird Update,https://support.mozilla.org/questions/1426361,os:linux,,,,,,,,1,false,,False,
1426362,2023-10-05T06:20:21Z,2023-10-05,en-US,settings,customize;,roger117,Changed layout.css.devPixelsPerPx to 16 and now can't get back to where it was,https://support.mozilla.org/questions/1426362,,,,,,,,,3,true,0.12,False,
1426363,2023-10-05T06:23:15Z,2023-10-05,hu,installation-and-updates,download-and-install_1;,javoroy,Sikertelen bejelentkezés a <javorcsalad@t-online.hu> fiókba. Sikertelen bejelentkezés mail.t-online.hu kiszolgálóra roy7,https://support.mozilla.org/questions/1426363,,,,,,isp:tonline,,,2,true,0.21,False,
1426364,2023-10-05T06:43:14Z,2023-10-05,en-US,other,other;,gilbert.mackenzie.cbs,Convert email to event does not work with right click - what is happening?,https://support.mozilla.org/questions/1426364,,,,,,,,,1,true,4.87,False,
1426365,2023-10-05T06:44:04Z,2023-10-05,en-US,other,other;,ngupdate,please tell me how to go back to thunderbird i had before this horrific supernova update..i dont want it at all.. i cant,https://support.mozilla.org/questions/1426365,,,,,,,,,0,true,2.54,False,
1426367,2023-10-05T07:00:03Z,2023-10-05,en-US,troubleshooting,fix-problems;,mudpuppyman,multiple errors since 115.3.1,https://support.mozilla.org/questions/1426367,,,,,,,,,0,false,,False,
1426369,2023-10-05T07:28:21Z,2023-10-05,en-US,troubleshooting,fix-problems;,queerfada,Thunderbird Supernova not showing ANY emails!,https://support.mozilla.org/questions/1426369,os:macos,,,,,,,,3,true,23.77,False,
1426370,2023-10-05T07:34:12Z,2023-10-05,en-US,calendar,calendar;,ScoopStudioo,Missing calender entries,https://support.mozilla.org/questions/1426370,,,,,,,,,0,false,,False,
1426371,2023-10-05T08:26:29Z,2023-10-05,en-US,settings,customize;,wrknight,Deleted mail is not directed to my Trash folder and cannot be recovered.,https://support.mozilla.org/questions/1426371,,,,,,,,,0,false,,False,
1426374,2023-10-05T09:20:52Z,2023-10-05,en-US,settings,customize;,jservi,Deselect on Delete TB78 add-on not working,https://support.mozilla.org/questions/1426374,,,,,,,,,3,true,3.0,False,
1426376,2023-10-05T09:23:47Z,2023-10-05,en-US,settings,customize;,clivewg,Correspondents not shown,https://support.mozilla.org/questions/1426376,,,,,,,,,0,false,,False,
1426378,2023-10-05T09:30:54Z,2023-10-05,en-US,settings,customize;,user239a,How can I remove the two hypens that are automatically added above my signature file?,https://support.mozilla.org/questions/1426378,,,,,,,,,3,true,1.98,True,davidsk
1426382,2023-10-05T10:08:18Z,2023-10-05,en-US,other,other;,tony263,Supernova - Missing the every other email highlight color,https://support.mozilla.org/questions/1426382,,,,,,,,,2,true,1.16,False,
1426383,2023-10-05T10:21:19Z,2023-10-05,en-US,installation-and-updates,download-and-install_1;,kanas,Cannot reach servers after upgrade to 115.3.1,https://support.mozilla.org/questions/1426383,,,,,,,,,0,false,,False,
1426384,2023-10-05T10:25:47Z,2023-10-05,en-US,installation-and-updates,download-and-install_1;,gerard17,After installing TB 112.3.1 all my messages disappeared on Ventura. Any suggestions?,https://support.mozilla.org/questions/1426384,os:macos,,,,,,,,3,true,20.79,False,
1426386,2023-10-05T10:41:20Z,2023-10-05,it,other,other;,simonaveronesi1973,Non mi arrivano le email,https://support.mozilla.org/questions/1426386,,,,,,,proto:pop,,1,true,15.07,False,
1426387,2023-10-05T10:41:52Z,2023-10-05,en-US,other,other;,romainroad,New Thunderbird Upgrade removes our ability to view Sent messages in Unified Mode,https://support.mozilla.org/questions/1426387,,,,,,,,,4,true,0.31,True,sfhowes
1426388,2023-10-05T10:45:56Z,2023-10-05,en-US,other,other;,johned0420,"Msgs marked as junk are not moved to ""Junk"" folder",https://support.mozilla.org/questions/1426388,,,,,,isp:comcast,,,0,false,,False,
1426390,2023-10-05T10:55:54Z,2023-10-05,en-US,installation-and-updates,download-and-install_1;needsinfo;,alanlchambers,Can I upgrade my Thunderbird 115.3.1 from 32 bit to 64 bit?,https://support.mozilla.org/questions/1426390,,,,,,,,,7,true,0.22,True,sfhowes
1426393,2023-10-05T11:18:08Z,2023-10-05,en-US,calendar,calendar;,jrichardson5,New Event in Calendar,https://support.mozilla.org/questions/1426393,,,,,,,,,0,false,,False,
1426394,2023-10-05T11:35:01Z,2023-10-05,en-US,settings,customize;,alanlchambers,Font size and spaciing in folder and message panes,https://support.mozilla.org/questions/1426394,,,,,,,,,5,true,0.68,True,davidsk
1426395,2023-10-05T11:38:25Z,2023-10-05,en-US,other,other;,barabba.furlan,"""C"" key creates new email, I can't type C on search (win10)",https://support.mozilla.org/questions/1426395,os:windows,,,,,,,,4,true,19.55,False,
1426398,2023-10-05T11:51:10Z,2023-10-05,en-US,settings,customize;,sean.k.sprague,Reorganize message pane possible?,https://support.mozilla.org/questions/1426398,,,,,m:gmail,,,,1,true,0.93,False,
1426399,2023-10-05T12:02:58Z,2023-10-05,en-US,troubleshooting,fix-problems;,megsears,stopping unwanted email deletions,https://support.mozilla.org/questions/1426399,,,,,,,,,1,true,19.12,False,
1426400,2023-10-05T12:10:13Z,2023-10-05,en-US,settings,customize;,Navy65,"""Write"" and ""get messages"" prompts disappeared with Thunderbird 115. Please restore these prompts",https://support.mozilla.org/questions/1426400,,,,,,,,,0,false,,False,
1426401,2023-10-05T12:10:52Z,2023-10-05,en-US,settings,customize;,pdanilo,"""Save and Close"" shortcut when creating a new Event",https://support.mozilla.org/questions/1426401,,,,,,,,,5,true,1498.34,False,
1426402,2023-10-05T12:11:59Z,2023-10-05,en-US,tips-and-tricks,desktop;other;windows-10;firefox-1180;,eberger5,why no fly out menus,https://support.mozilla.org/questions/1426402,os:windows,Windows 10,,,,,,,3,true,4.53,False,
1426403,2023-10-05T12:14:00Z,2023-10-05,it,other,other;,info10029,"Mark messages ""already read""",https://support.mozilla.org/questions/1426403,os:windows,,,,,,,,0,false,,False,
1426404,2023-10-05T12:16:56Z,2023-10-05,en-US,calendar,calendar;,tylerwallace1,calendar invites not sent out,https://support.mozilla.org/questions/1426404,,,,,,,,,1,true,0.42,False,
1426405,2023-10-05T12:38:10Z,2023-10-05,en-US,troubleshooting,fix-problems;,JoeFromSD,Remove Attachments?,https://support.mozilla.org/questions/1426405,,,,,,,,,4,true,22.14,False,
1426406,2023-10-05T12:39:15Z,2023-10-05,en-US,troubleshooting,fix-problems;,gerry18,Font just got much smallrt after update,https://support.mozilla.org/questions/1426406,,,,,,,,,6,true,0.91,True,davidsk
1426407,2023-10-05T12:41:48Z,2023-10-05,en-US,settings,customize;,florent_arnould,Get back old compact and convenient interface!,https://support.mozilla.org/questions/1426407,os:linux,,,,,,,,1,true,4.51,False,
1426408,2023-10-05T12:49:47Z,2023-10-05,en-US,calendar,calendar;,gbpbox-ford,SuperNova Calendar Column Width,https://support.mozilla.org/questions/1426408,,,,,,,,,4,true,0.5,True,sfhowes
1426410,2023-10-05T13:03:16Z,2023-10-05,en-US,other,other;,skinner393,Scrolling Through Folders Using Page Up/Down,https://support.mozilla.org/questions/1426410,,,,,,,,,0,false,,False,
1426411,2023-10-05T13:23:36Z,2023-10-05,en-US,other,other;,heinl,Sync two copies of thunderbird,https://support.mozilla.org/questions/1426411,,,,,,,,,2,true,0.03,False,
1426412,2023-10-05T13:25:24Z,2023-10-05,en-US,other,other;,heinl,sync two copies of thunderbird,https://support.mozilla.org/questions/1426412,,,,,,,,,9,true,0.02,False,
1426413,2023-10-05T13:26:42Z,2023-10-05,en-US,settings,customize;,anola64-deb,Global default column view and threaded view,https://support.mozilla.org/questions/1426413,,,,,,,,,4,true,0.09,False,
1426417,2023-10-05T13:59:19Z,2023-10-05,en-US,other,other;,sweettasha,"Unable to delete an empty folder. ""Your draft folder was not saved due to network error""",https://support.mozilla.org/questions/1426417,,,,,,,,,0,false,,False,
1426418,2023-10-05T14:13:26Z,2023-10-05,en-US,settings,customize;,doinkdoink,"How to reorder the ""stacking"" of Supernova toolbars in Windows 10",https://support.mozilla.org/questions/1426418,os:windows,,,,,,,,6,true,16.87,False,
1426419,2023-10-05T14:22:15Z,2023-10-05,en-US,other,other;,kfohringer,Thunderbird headers rearranged / Save as PDF option no longer available.,https://support.mozilla.org/questions/1426419,os:windows,,,,,,,,6,true,16.79,False,
1426421,2023-10-05T14:36:38Z,2023-10-05,en-US,troubleshooting,fix-problems;,pablo345,The whole email data won't disappear after deleting mail box.,https://support.mozilla.org/questions/1426421,,,,,,,,,0,false,,False,
1426423,2023-10-05T15:22:53Z,2023-10-05,cs,other,other;,miroslav.sedlar,Po aktualizaci na Thunderbird Supernova mi zmizely veškeré emaily,https://support.mozilla.org/questions/1426423,,,,,,,,,5,true,8.69,False,
1426424,2023-10-05T15:48:17Z,2023-10-05,en-US,privacy-and-security,privacy-and-security_1;,RussWalkerVB,Thunderbird permanently deletes some gmail messages before I can even see them! How do I stop that?,https://support.mozilla.org/questions/1426424,,,,,m:gmail,,,,2,true,15.67,False,
1426425,2023-10-05T15:50:47Z,2023-10-05,en-US,other,other;,philipkassanis,Thunderbird email forwarding,https://support.mozilla.org/questions/1426425,,,,,,,,,1,true,0.63,False,
1426427,2023-10-05T16:02:50Z,2023-10-05,en-US,other,other;,pinnacle381,Cannot select Local Folders after update to 115,https://support.mozilla.org/questions/1426427,,,,,,,,,2,false,,False,
1426428,2023-10-05T16:34:52Z,2023-10-05,en-US,other,other;,thomaslloancy,Email dont appear inbox. Same configuration on geary it appears,https://support.mozilla.org/questions/1426428,,,,,,,,,0,false,,False,
1426435,2023-10-05T17:47:09Z,2023-10-05,en-US,troubleshooting,fix-problems;,patrice19,Email list jumps all over the place after I delete one,https://support.mozilla.org/questions/1426435,,,,,,,,,0,false,,False,
1426437,2023-10-05T18:13:21Z,2023-10-05,en-US,other,other;,heartbeat1,UNDO UPDATE,https://support.mozilla.org/questions/1426437,,,,,,,,,2,true,14.11,False,
1426438,2023-10-05T18:18:18Z,2023-10-05,en-US,other,other;,eberger5,Sending email failed on account that has worked in the past,https://support.mozilla.org/questions/1426438,,,,,,isp:comcast,proto:imap;proto:smtp,,4,true,4.61,False,
1426439,2023-10-05T18:28:08Z,2023-10-05,en-US,installation-and-updates,download-and-install_1;,dougwinkeljohn,Thunderbird Install,https://support.mozilla.org/questions/1426439,,,,,,,,,0,false,,False,
1426440,2023-10-05T18:37:35Z,2023-10-05,en-US,other,other;,babrown,New update is terrible.,https://support.mozilla.org/questions/1426440,,,,,,,,,2,true,12.32,False,
1426441,2023-10-05T18:45:10Z,2023-10-05,en-US,settings,customize;,richb44,how to get new messages in thunderbird 115,https://support.mozilla.org/questions/1426441,,,,,,,,,0,false,,False,
1426444,2023-10-05T19:57:38Z,2023-10-05,en-US,other,other;,dan_suthers,115 breaks IMAP folder hierarchy rendering Thunderbird unusable (gmail account),https://support.mozilla.org/questions/1426444,,,,,m:gmail,,proto:imap,,27,true,11.09,False,
1426445,2023-10-05T21:49:26Z,2023-10-05,en-US,other,other;,suzie4,"Thunderbird 115 won't display emails received since update, & can no longer get emails for multiple accounts at once",https://support.mozilla.org/questions/1426445,,,,,m:microsoftemail,,,,0,false,,False,
1426446,2023-10-05T21:51:43Z,2023-10-05,en-US,settings,customize;,geoff.brierley1,Printing in MICROSOFT THUNDERBIRD,https://support.mozilla.org/questions/1426446,,,,,,,,,0,false,,False,
1426449,2023-10-05T23:50:31Z,2023-10-05,en-US,other,other;,old_nic,Turn off threading completely in Thunderbird 115.3.1,https://support.mozilla.org/questions/1426449,os:windows,,,,,,,,4,true,6.24,True,davidsk
1426450,2023-10-05T23:55:45Z,2023-10-05,en-US,settings,customize;,micet2004,After update to 115.3.1 Mail window only shows the directory. Other panels are empty,https://support.mozilla.org/questions/1426450,,,,,,,,,0,false,,False,
1426451,2023-10-06T00:20:57Z,2023-10-06,en-US,settings,customize;,karhariasgr,How do I increase the size of email rows?,https://support.mozilla.org/questions/1426451,,,,,,,,,2,true,13.65,True,sfhowes
1426453,2023-10-06T00:52:00Z,2023-10-06,en-US,settings,customize;,eugbug1,Rever to Previous Version,https://support.mozilla.org/questions/1426453,,,,,,,,,1,false,,True,eugbug1
1426454,2023-10-06T01:10:12Z,2023-10-06,en-US,other,other;,ldkamb,Thunderbird has stopped receiving incoming emails,https://support.mozilla.org/questions/1426454,os:windows,,,,,,,,0,false,,False,
1426455,2023-10-06T01:22:59Z,2023-10-06,it,other,other;needsinfo;,scrivici,thunderbird come tornare all'interfaccia classica.,https://support.mozilla.org/questions/1426455,,,,,,,,,3,true,0.43,False,
1426456,2023-10-06T01:30:10Z,2023-10-06,en-US,other,other;,sandysandaver,New version 115.3.1,https://support.mozilla.org/questions/1426456,,,,,,,,,1,false,,True,sandysandaver
1426457,2023-10-06T01:37:10Z,2023-10-06,en-US,troubleshooting,fix-problems;,sandysandaver,Emails sent by myself addressed to myself from my Mac desktop or iPhone are not being delivered,https://support.mozilla.org/questions/1426457,,,,,,,,,1,false,,True,sandysandaver
1426458,2023-10-06T01:37:49Z,2023-10-06,en-US,settings,customize;,mckendrick,Menu bar in Thundetbird 115 2.2,https://support.mozilla.org/questions/1426458,,,,,,,,,1,true,12.31,False,
1426459,2023-10-06T01:45:26Z,2023-10-06,en-US,settings,customize;,eugbug1,"Emails Can't Be Manually Downloaded Using ""Get Messages"" Button",https://support.mozilla.org/questions/1426459,,,,,,,,,1,false,,True,eugbug1
1426461,2023-10-06T01:54:42Z,2023-10-06,en-US,settings,customize;,dm46-news,Mail-merge 10.3.0 does not work with Thunderbird 115,https://support.mozilla.org/questions/1426461,os:windows,,,,,,,,2,true,5.0,False,
1426462,2023-10-06T01:56:11Z,2023-10-06,en-US,other,other;,RonSH,T'bird 115 Editing Address Book,https://support.mozilla.org/questions/1426462,,,,,,,,,2,false,,True,RonSH
1426466,2023-10-06T02:34:15Z,2023-10-06,en-US,other,other;,uberg67,Mozilla Thunderbird 115.3.1,https://support.mozilla.org/questions/1426466,,,,,,isp:orange,,,3,true,5.74,True,wsmwk
1426468,2023-10-06T03:06:17Z,2023-10-06,it,other,other;,simonebunnyhouse,grafica thunderbird,https://support.mozilla.org/questions/1426468,,,,,,,,,1,true,5.29,False,
1426471,2023-10-06T03:41:14Z,2023-10-06,en-US,other,other;,csanad.mate,Google contacts not synced with Carddav addressbook?,https://support.mozilla.org/questions/1426471,,,,,m:gmail,,proto:carddav,,0,false,,False,
1426472,2023-10-06T03:49:27Z,2023-10-06,it,settings,customize;,due,Scaricare un solo account di posta,https://support.mozilla.org/questions/1426472,,,,,,,,,4,true,3.79,False,
1426474,2023-10-06T03:55:24Z,2023-10-06,it,troubleshooting,fix-problems;,trelunevilla,dopo l'aggiornamento a Supernova alcune cartelle aperte risultano vuote,https://support.mozilla.org/questions/1426474,os:macos,,,,,,,,1,true,4.41,False,
1426475,2023-10-06T04:03:20Z,2023-10-06,en-US,other,other;,oldfordm,Wiped inbox,https://support.mozilla.org/questions/1426475,,,,,m:microsoftemail,,,,7,true,2.84,False,
1426476,2023-10-06T04:06:32Z,2023-10-06,it,settings,customize;,marcomonte105,"Problemi ricerca e posizionamento cursore, dopo aggiornamento.",https://support.mozilla.org/questions/1426476,,,,,,,,,1,true,4.17,False,
1426478,2023-10-06T04:23:44Z,2023-10-06,pt-BR,other,other;,lukspereira1993,zoom não disponível,https://support.mozilla.org/questions/1426478,,,,,,,,,0,false,,False,
1426482,2023-10-06T05:17:56Z,2023-10-06,en-US,installation-and-updates,download-and-install_1;,slsabine,Thunderbird 115.3.1 neu installation,https://support.mozilla.org/questions/1426482,os:windows,,,,,,,,2,true,15.58,False,
1426483,2023-10-06T05:26:14Z,2023-10-06,en-US,troubleshooting,fix-problems;,stoneworx007,Search feature still doesn't work,https://support.mozilla.org/questions/1426483,,,,,,,,,1,true,15.18,False,
1426484,2023-10-06T05:32:31Z,2023-10-06,en-US,other,other;,Appalbarry,How to downgrade from 115.3.1 (64-bit) (Linux),https://support.mozilla.org/questions/1426484,os:linux,,,,,,,,0,false,,False,
1426485,2023-10-06T05:40:31Z,2023-10-06,en-US,settings,customize;,richard344,Experiment API to save a text file,https://support.mozilla.org/questions/1426485,,,,,,,,,2,true,14.64,False,
1426486,2023-10-06T05:41:52Z,2023-10-06,en-US,other,other;,romainroad,Unified folders not fully populating (win7),https://support.mozilla.org/questions/1426486,os:windows,,,,,,,,6,true,14.88,False,
1426488,2023-10-06T05:56:00Z,2023-10-06,en-US,other,other;,vikram.vijayan,thunderbird email moves not reflected on email server,https://support.mozilla.org/questions/1426488,,,,,m:microsoftemail,,,,2,true,14.29,False,
1426490,2023-10-06T06:18:33Z,2023-10-06,en-US,other,other;,mccabemarl,Thunderbird,https://support.mozilla.org/questions/1426490,,,,,,,,,1,true,13.9,False,
1426491,2023-10-06T06:21:18Z,2023-10-06,en-US,other,other;,ben30,TB version 115.3.1,https://support.mozilla.org/questions/1426491,,,,,,,,,2,true,13.83,False,
1426492,2023-10-06T06:22:08Z,2023-10-06,en-US,settings,customize;,rwadallas,POOR LAYOUT ON SUPERNOVA,https://support.mozilla.org/questions/1426492,,,,,,,,,2,true,1.29,False,
1426493,2023-10-06T06:42:50Z,2023-10-06,it,troubleshooting,fix-problems;,barbierigiovanni,Problema con Thunderbird ed email.it,https://support.mozilla.org/questions/1426493,,,,,,,proto:smtp,,3,true,18.74,False,
1426494,2023-10-06T06:53:07Z,2023-10-06,en-US,privacy-and-security,privacy-and-security_1;,ywn456,Thunderbird Supernova next message after delete (security risk),https://support.mozilla.org/questions/1426494,,,,,,,,,2,true,13.24,False,
1426496,2023-10-06T07:20:30Z,2023-10-06,en-US,installation-and-updates,download-and-install_1;,maecke,opening an attachment in Thunderbird gets it saved on my Mac without opening it,https://support.mozilla.org/questions/1426496,,,,,,,,,1,true,12.71,False,
1426497,2023-10-06T07:34:35Z,2023-10-06,en-US,installation-and-updates,download-and-install_1;,chattome,Release 115.3.1 - Outlook passwords fail every time I open Thunderbird,https://support.mozilla.org/questions/1426497,,,,,m:gmail;m:microsoftemail,,,,2,false,,False,
1426498,2023-10-06T07:47:58Z,2023-10-06,it,other,other;,fuffo2,"dopo ultimo aggiornamento, non vedo più le cartelle con le mail",https://support.mozilla.org/questions/1426498,,,,,,,,,1,true,0.59,False,
1426499,2023-10-06T07:53:20Z,2023-10-06,en-US,other,other;,harmeyer,CAN NOT GET MY EMAIL MESSAGES,https://support.mozilla.org/questions/1426499,,,,,,,,,1,true,2.84,False,
1426500,2023-10-06T07:59:16Z,2023-10-06,en-US,troubleshooting,fix-problems;,wb8uoj,Thunderbird Version	119.0b3 - hangs,https://support.mozilla.org/questions/1426500,,,,,m:yahooemail,isp:frontier,,,2,true,12.03,False,
1426501,2023-10-06T08:13:51Z,2023-10-06,it,troubleshooting,fix-problems;,lucdel23,CAOS dopo aggiornamento a versione 115,https://support.mozilla.org/questions/1426501,,,,,m:gmail;m:microsoftemail,,,,1,true,0.53,False,
1426502,2023-10-06T08:13:54Z,2023-10-06,en-US,tips-and-tricks,linux;desktop;customize;,rayandrews,'get new mail' button is gone,https://support.mozilla.org/questions/1426502,os:linux,Linux,,,,,,,3,true,0.32,True,zeroknight
1426505,2023-10-06T08:23:49Z,2023-10-06,en-US,installation-and-updates,download-and-install_1;,rdsawyer,Receiving copies of many incoming emails; How can I resolve?,https://support.mozilla.org/questions/1426505,,,,,,,,,1,true,11.27,False,
1426506,2023-10-06T08:31:27Z,2023-10-06,en-US,installation-and-updates,download-and-install_1;,chattome,I have answered my own question,https://support.mozilla.org/questions/1426506,,,,,m:microsoftemail,,proto:oauth,,2,true,11.08,False,
1426507,2023-10-06T08:37:27Z,2023-10-06,en-US,other,other;,chattome,Thunderbird 115.3.1 - small text size and 'bunched up' messages,https://support.mozilla.org/questions/1426507,,,,,,,,,1,true,10.94,True,MattAuSupport
1426508,2023-10-06T08:41:44Z,2023-10-06,en-US,installation-and-updates,download-and-install_1;,markfilipak,Reverted to ver 102.7.1 -- How do I get my old accounts & mail?,https://support.mozilla.org/questions/1426508,,,,,,,,,3,true,10.82,False,
1426510,2023-10-06T08:47:41Z,2023-10-06,en-US,other,other;,garyolsen968,Not getting emails since update on 10/4/23,https://support.mozilla.org/questions/1426510,,,,,,,,,1,true,10.78,False,
1426513,2023-10-06T09:15:03Z,2023-10-06,en-US,installation-and-updates,download-and-install_1;,brian305,Need to sync local backup profile folder to IMAP server,https://support.mozilla.org/questions/1426513,os:linux,,,,,,proto:imap,,1,true,10.72,False,
1426514,2023-10-06T09:23:33Z,2023-10-06,en-US,other,other;,rogerdrapoport,Thunderbird donation account,https://support.mozilla.org/questions/1426514,,,,,,,,,1,true,9.36,False,
1426515,2023-10-06T09:29:27Z,2023-10-06,en-US,settings,customize;,artheathcock,Messages Pane Focus,https://support.mozilla.org/questions/1426515,,,,,,,,,8,true,3.64,False,
1426516,2023-10-06T09:37:07Z,2023-10-06,en-US,other,other;,chunnel,"115 abandoned.  It's terrible, I found a way to reinstall 102 and it works great.",https://support.mozilla.org/questions/1426516,,,,,,,proto:imap,,2,true,9.85,False,
1426518,2023-10-06T09:40:05Z,2023-10-06,en-US,troubleshooting,fix-problems;,kjames196,Does Thunderbird work with Sonoma on a Mac?,https://support.mozilla.org/questions/1426518,os:macos,,,,,,,,3,true,25.32,True,wsmwk
1426519,2023-10-06T09:45:47Z,2023-10-06,en-US,troubleshooting,fix-problems;,dolphin3,after new version of thunderbird cannot add contacts in address book--whole page doesn't show,https://support.mozilla.org/questions/1426519,,,,,,,,,1,true,3.33,False,
1426520,2023-10-06T09:55:00Z,2023-10-06,en-US,other,other;,mudrunner30,New display,https://support.mozilla.org/questions/1426520,,,,,,,,,1,true,10.24,False,
1426521,2023-10-06T09:59:51Z,2023-10-06,en-US,troubleshooting,fix-problems;,diana.chavez,OFFICE CAN'T SENT EMAILS,https://support.mozilla.org/questions/1426521,,,,,,,,,1,false,,False,
1426526,2023-10-06T10:40:57Z,2023-10-06,en-US,other,other;,LovesGadgets,Cannot log into my mail server,https://support.mozilla.org/questions/1426526,,,,,,,,,7,true,9.48,False,
1426527,2023-10-06T10:42:07Z,2023-10-06,en-US,other,other;,RonSH,Request for Lite version of T'bird 125,https://support.mozilla.org/questions/1426527,,,,,,,,,2,true,7.72,True,MattAuSupport
1426529,2023-10-06T10:45:08Z,2023-10-06,en-US,troubleshooting,fix-problems;,FRH,Subscription Upgrade.,https://support.mozilla.org/questions/1426529,,,,,m:mailfence,,,,4,true,1.31,True,FRH
1426530,2023-10-06T10:47:01Z,2023-10-06,en-US,settings,customize;,newdino,Add-on questions regarding search engines?,https://support.mozilla.org/questions/1426530,,,,,,,,,1,true,1.62,False,
1426532,2023-10-06T10:53:49Z,2023-10-06,en-US,installation-and-updates,download-and-install_1;,rdbulkley,Thunderbird downloading messages from frontier.com,https://support.mozilla.org/questions/1426532,,,,,,isp:frontier,,,1,false,,False,
1426533,2023-10-06T10:56:13Z,2023-10-06,en-US,settings,customize;,Murtagh.colin,Marking read on delete,https://support.mozilla.org/questions/1426533,,,,,,,,,0,false,,False,
1426534,2023-10-06T11:10:43Z,2023-10-06,en-US,troubleshooting,fix-problems;,JRPiano,Sending & Receiving Emails,https://support.mozilla.org/questions/1426534,os:windows,,,,m:microsoftemail,isp:spectrum,proto:imap;proto:smtp,,7,true,7.93,False,
1426536,2023-10-06T11:22:45Z,2023-10-06,en-US,other,other;,NivaR,Empty Thunderbird Spam folder without opening Spam messages,https://support.mozilla.org/questions/1426536,,,,,,,,,8,true,0.9,True,NivaR
1426537,2023-10-06T11:24:00Z,2023-10-06,en-US,privacy-and-security,privacy-and-security_1;,dvmeller,using Frontier.com for email.  TB v 102 stopped working yesterday.  Updated to v 115...(latest) and still failing:  does,https://support.mozilla.org/questions/1426537,,,,,,isp:frontier,,,4,true,9.06,False,
1426540,2023-10-06T11:36:14Z,2023-10-06,en-US,other,other;,cindyrelley,Thunderbird Update 115 - Incoming emails processing and never download. How to fix the incoming email issue.,https://support.mozilla.org/questions/1426540,,,,,,,,,0,false,,False,
1426543,2023-10-06T11:49:47Z,2023-10-06,en-US,troubleshooting,fix-problems;,floydsloat,Subject missing when I open .eml file,https://support.mozilla.org/questions/1426543,,,,,,,,,7,true,6.55,False,
1426544,2023-10-06T11:57:06Z,2023-10-06,en-US,installation-and-updates,download-and-install_1;,sbryanshare,After upgrade all folders are empty,https://support.mozilla.org/questions/1426544,os:windows,,,,,,,,1,true,736.39,False,
1426546,2023-10-06T11:59:58Z,2023-10-06,en-US,installation-and-updates,download-and-install_1;,wwzeitler,Office365 IMAP I can receive but not send,https://support.mozilla.org/questions/1426546,,,,,m:microsoftemail,,proto:imap;proto:smtp;proto:oauth,,1,true,0.19,False,
1426549,2023-10-06T12:21:39Z,2023-10-06,en-US,settings,customize;,mozilla459,Move Again option,https://support.mozilla.org/questions/1426549,,,,,,,,,1,true,8.08,False,
1426550,2023-10-06T12:47:24Z,2023-10-06,en-US,installation-and-updates,download-and-install_1;,7diamonddave7,Version 115.3.1 (64-bit),https://support.mozilla.org/questions/1426550,,,,,,,,,4,true,5.43,True,7diamonddave7
1426552,2023-10-06T12:58:39Z,2023-10-06,en-US,settings,customize;,mvasquez68,How do i get rid of the individual email sub toolbar and add the buttons to the main toolbar,https://support.mozilla.org/questions/1426552,,,,,,,,,1,true,5.22,False,
1426553,2023-10-06T13:07:05Z,2023-10-06,en-US,other,other;,tincan776,"The T-Bird and Firefox used to sit to the far left on the bottom panel, BUT!!!",https://support.mozilla.org/questions/1426553,,,,,,,,,0,false,,False,
1426554,2023-10-06T13:13:39Z,2023-10-06,en-US,troubleshooting,fix-problems;,connman,Supernova,https://support.mozilla.org/questions/1426554,,,,,,,,,5,true,11.12,True,Toad-Hall
1426555,2023-10-06T13:33:20Z,2023-10-06,en-US,settings,customize;,pgschreier,zomm in/out no longer works,https://support.mozilla.org/questions/1426555,,,,,,,,,0,false,,False,
1426556,2023-10-06T13:39:05Z,2023-10-06,en-US,troubleshooting,fix-problems;,n2books2,Tbird 115.2.1 stopped downloading emails on all accounts.,https://support.mozilla.org/questions/1426556,,,,,,isp:frontier,,av:avast,7,true,6.77,True,n2books2
1426559,2023-10-06T14:03:10Z,2023-10-06,en-US,settings,customize;,karen57,"Need Grouped by Sort view to be Collapsed by default, not Expanded by default.",https://support.mozilla.org/questions/1426559,,,,,,,,,3,true,0.27,False,
1426560,2023-10-06T14:04:49Z,2023-10-06,en-US,settings,customize;,jeanette.henderson,"Where is the sound file for incoming mail stored? I'd like to use the file with another app, but can't find where it's s",https://support.mozilla.org/questions/1426560,,,,,,,,,2,true,0.19,False,
1426563,2023-10-06T14:38:34Z,2023-10-06,en-US,other,other;,douglaseaton,html not read in incoming messages,https://support.mozilla.org/questions/1426563,os:windows,,,,,,,,1,true,3.46,False,
1426564,2023-10-06T14:47:53Z,2023-10-06,en-US,other,other;,pvr,Thunderbird 115.2.3 is slow deleting messages - how to revert?  (win10),https://support.mozilla.org/questions/1426564,os:windows,,,,,,,,1,true,9.52,False,
1426565,2023-10-06T14:58:18Z,2023-10-06,en-US,other,other;,AnMarieJ,"Thunderbird downloading messages, and notifications pop up, while program is closed since 115 update",https://support.mozilla.org/questions/1426565,,,,,,,,,5,true,3.04,False,
1426566,2023-10-06T15:09:01Z,2023-10-06,en-US,other,other;,art4ind,attachments in Thunderbird,https://support.mozilla.org/questions/1426566,,,,,,,,,1,true,5.22,False,
1426568,2023-10-06T15:37:38Z,2023-10-06,en-US,installation-and-updates,download-and-install_1;,jgwill,Thunderbird stopped downloading emails,https://support.mozilla.org/questions/1426568,,,,,,,proto:oauth,,0,false,,False,
1426569,2023-10-06T16:00:06Z,2023-10-06,en-US,settings,customize;,bilynskyj,"Thunderbird Supernova is just ugly, can I change folder unread number appearance?",https://support.mozilla.org/questions/1426569,,,,,,,,,1,true,1.2,False,
1426571,2023-10-06T17:15:38Z,2023-10-06,en-US,other,other;,steve570,THUNDERBIRD LOCAL FOLDERS - dragging message opens folders too quickly (win10),https://support.mozilla.org/questions/1426571,os:windows,,,,,,,,2,true,6.99,False,
1426572,2023-10-06T17:33:03Z,2023-10-06,en-US,settings,customize;,NivaR,Enhancing contrast in Thunderbird 115.3.1 (64-bit) for Mac,https://support.mozilla.org/questions/1426572,,,,,,,,,2,true,6.56,False,
1426574,2023-10-06T17:59:15Z,2023-10-06,en-US,other,other;,distroboto,Mysterious sudden disappearance of Send button from messages or any menu,https://support.mozilla.org/questions/1426574,os:macos,,,,,,,,1,true,0.59,False,
1426575,2023-10-06T18:07:24Z,2023-10-06,en-US,settings,customize;,cottonadealec,Filters don't work on gmail accounts,https://support.mozilla.org/questions/1426575,os:windows,,,,m:gmail;m:microsoftemail;m:gmx,,,,1,true,0.41,False,
1426578,2023-10-06T19:32:20Z,2023-10-06,en-US,troubleshooting,fix-problems;,coohon,When I delete an older email the list jumps/scrolls to the bottom,https://support.mozilla.org/questions/1426578,,,,,,,,,0,false,,False,
1426580,2023-10-06T19:40:02Z,2023-10-06,en-US,other,other;,bjhintze2010,115.3.1 (32-bit update,https://support.mozilla.org/questions/1426580,,,,,,,,,0,false,,False,
1426582,2023-10-06T20:22:11Z,2023-10-06,en-US,troubleshooting,fix-problems;,Petunia77,"TB is stuck on ""Copying message to sent folder""",https://support.mozilla.org/questions/1426582,,,,,,,,,0,false,,False,
1426583,2023-10-06T20:24:19Z,2023-10-06,en-US,settings,customize;,vk4jkl,thunderbird Supernova bob shell,https://support.mozilla.org/questions/1426583,,,,,,,,,8,true,0.5,False,
1426586,2023-10-06T20:39:26Z,2023-10-06,en-US,other,other;,GeoSharman3,Copying message to other folders,https://support.mozilla.org/questions/1426586,os:macos,,,,,,,,0,false,,False,
1426589,2023-10-06T22:19:19Z,2023-10-06,en-US,settings,customize;,jochen.kuepper,Composing emails in plain text,https://support.mozilla.org/questions/1426589,os:macos,,,,,,,,4,true,5.34,True,jochen.kuepper
1426593,2023-10-06T23:57:50Z,2023-10-06,en-US,settings,customize;,lysathor,"Feature request: add column ""sender email address""",https://support.mozilla.org/questions/1426593,,,,,,,,,0,false,,False,
1426594,2023-10-07T00:09:48Z,2023-10-07,en-US,troubleshooting,fix-problems;,205081,Thunderbird 115 freezing after 10 or so minutes,https://support.mozilla.org/questions/1426594,os:windows,,,,,,,,6,true,10.8,False,
1426595,2023-10-07T00:16:18Z,2023-10-07,en-US,other,other;,jhb2,new Thunderbird 115,https://support.mozilla.org/questions/1426595,,,,,,,,,2,true,10.68,False,
1426596,2023-10-07T00:44:22Z,2023-10-07,en-US,other,other;,satex69,Временные расширения,https://support.mozilla.org/questions/1426596,,,,,,,,,0,false,,False,
1426598,2023-10-07T00:49:41Z,2023-10-07,en-US,other,other;,mpuscas,Thunderbird crashes w/ photo export from another application,https://support.mozilla.org/questions/1426598,,,,,,,,,0,false,,False,
1426601,2023-10-07T01:49:24Z,2023-10-07,en-US,settings,customize;,drogowski2,sorting threads in tab open thread in new tab,https://support.mozilla.org/questions/1426601,,,,,,,,,0,false,,False,
1426602,2023-10-07T01:52:06Z,2023-10-07,en-US,settings,customize;,office693,Thunderbird 115.3.1 folder view,https://support.mozilla.org/questions/1426602,,,,,,,,,0,false,,False,
1426603,2023-10-07T02:09:14Z,2023-10-07,en-US,privacy-and-security,download-and-install_1;,aktan.kivanc,Offline viewing of imap e-mails,https://support.mozilla.org/questions/1426603,,,,,,,proto:imap,,1,true,7.13,False,
1426604,2023-10-07T02:16:54Z,2023-10-07,es,settings,customize;,juan44,Barra de menú y barra de tareas,https://support.mozilla.org/questions/1426604,,,,,,,,,0,false,,False,
1426605,2023-10-07T02:36:09Z,2023-10-07,it,other,other;,ortile,Aggiornamento a Thunderbird 115.3.1 (32 bit),https://support.mozilla.org/questions/1426605,,,,,,,,,2,true,5.46,False,
1426609,2023-10-07T03:56:27Z,2023-10-07,it,other,other;,Aldomarola,ripristino di 3 account della ns famiglia:,https://support.mozilla.org/questions/1426609,,,,,m:gmail,,,,3,true,4.16,False,
1426610,2023-10-07T04:09:47Z,2023-10-07,en-US,settings,customize;,dunkinwedd,FORWARD AS button,https://support.mozilla.org/questions/1426610,,,,,,,,,2,false,,True,dunkinwedd
1426615,2023-10-07T04:54:50Z,2023-10-07,en-US,other,other;,vikram.vijayan,Is there a way to get spam folders from email servers (like Gmail) in thunderbird?,https://support.mozilla.org/questions/1426615,,,,,m:gmail,,,,1,true,6.18,True,sfhowes
1426616,2023-10-07T04:56:12Z,2023-10-07,en-US,settings,customize;,ciprian333,Syling of the left panel tree?,https://support.mozilla.org/questions/1426616,,,,,,,,,1,true,6.28,False,
1426621,2023-10-07T05:49:42Z,2023-10-07,en-US,troubleshooting,fix-problems;,jochen.kuepper,Thunderbird deleted messages,https://support.mozilla.org/questions/1426621,,,,,,,,,2,true,719.08,False,
1426623,2023-10-07T06:30:20Z,2023-10-07,en-US,settings,customize;,jochen.kuepper,Full conversations in message list pane,https://support.mozilla.org/questions/1426623,,,,,,,,,0,false,,False,
1426624,2023-10-07T06:31:59Z,2023-10-07,en-US,other,other;,374cliffwilkinson,lost emails,https://support.mozilla.org/questions/1426624,,,,,,,,,2,true,718.36,False,
1426625,2023-10-07T06:34:12Z,2023-10-07,en-US,other,other;,Bertfini,New Thunderbird Layout,https://support.mozilla.org/questions/1426625,,,,,,,,,6,true,4.34,True,sfhowes
1426630,2023-10-07T07:23:19Z,2023-10-07,en-US,other,other;,doug10,"Folder Pane, Supernova 115",https://support.mozilla.org/questions/1426630,,,,,,,,,4,true,2.01,True,davidsk
1426631,2023-10-07T07:26:00Z,2023-10-07,en-US,other,other;,harmeyer,CAN NOT GET MY EMAIL MESSAGES,https://support.mozilla.org/questions/1426631,,,,,,,,,4,true,219.22,True,harmeyer
1426634,2023-10-07T08:18:29Z,2023-10-07,en-US,troubleshooting,fix-problems;,dnthunder,Unable to receive new emails after upgrade to Thunderbird 115 on one email account thru Yahoo,https://support.mozilla.org/questions/1426634,,,,,m:yahooemail,,proto:oauth,,0,false,,False,
1426635,2023-10-07T08:18:48Z,2023-10-07,en-US,privacy-and-security,privacy-and-security_1;,jlsim,Emails marked as possible junk,https://support.mozilla.org/questions/1426635,,,,,,,,,0,false,,False,
1426636,2023-10-07T08:20:25Z,2023-10-07,it,other,other;,HaranBanjo,QQ mail account Thunderbird,https://support.mozilla.org/questions/1426636,,,,,,,,,8,true,0.02,False,
1426637,2023-10-07T08:55:23Z,2023-10-07,en-US,installation-and-updates,download-and-install_1;,b-savvy,Second email account is duplicating the first email account I added.,https://support.mozilla.org/questions/1426637,,,,,m:yahooemail,,,,2,true,1.69,True,b-savvy
1426639,2023-10-07T09:01:44Z,2023-10-07,en-US,other,other;,roy13,Thunderbird r h margin,https://support.mozilla.org/questions/1426639,,,,,,,,,3,true,1.88,False,
1426640,2023-10-07T09:08:42Z,2023-10-07,en-US,troubleshooting,fix-problems;,grahame223,why is 115 slow to load? (30+ secs),https://support.mozilla.org/questions/1426640,,,,,,,,,0,false,,False,
1426644,2023-10-07T09:53:01Z,2023-10-07,en-US,other,other;,mary39,Supernova ad,https://support.mozilla.org/questions/1426644,,,,,,,,,1,true,0.52,False,
1426645,2023-10-07T09:54:14Z,2023-10-07,en-US,other,other;,rcline1,Thunderbird local folder contents deleted after adding a second profile (gmail) to Mac Thunderbird.,https://support.mozilla.org/questions/1426645,,,,,m:gmail,,,,0,false,,False,
1426646,2023-10-07T09:56:47Z,2023-10-07,en-US,other,other;,Shary,message highlight color,https://support.mozilla.org/questions/1426646,,,,,,,,,2,true,0.51,False,
1426647,2023-10-07T10:16:04Z,2023-10-07,en-US,settings,customize;,wdponik,Thunderbird no longer scrolls to my unread mail,https://support.mozilla.org/questions/1426647,,,,,,,,,1,true,1.09,False,
1426653,2023-10-07T10:45:23Z,2023-10-07,en-US,troubleshooting,fix-problems;,gfranzese,Thunderbird 115 works only in Troubleshooting mode,https://support.mozilla.org/questions/1426653,os:macos,,,,m:gmail;m:microsoftemail,,proto:imap;proto:oauth,,4,true,0.14,True,gfranzese
1426655,2023-10-07T10:59:01Z,2023-10-07,en-US,troubleshooting,fix-problems;,rlcarava,Thunderbird E-Mail Behavior since latest update,https://support.mozilla.org/questions/1426655,,,,,m:microsoftemail,isp:spectrum,,,1,true,1.74,False,
1426657,2023-10-07T11:09:48Z,2023-10-07,en-US,installation-and-updates,download-and-install_1;,AccordionTom,Missing emails on Thunderbird,https://support.mozilla.org/questions/1426657,os:windows,,,,,,,,11,true,1.79,False,
1426660,2023-10-07T11:58:28Z,2023-10-07,en-US,privacy-and-security,privacy-and-security_1;,jgammon11,I cannot get the Primary Password to work AND I want to get rid of the need for it,https://support.mozilla.org/questions/1426660,,,,,,,,,4,true,0.59,False,
1426662,2023-10-07T12:01:06Z,2023-10-07,en-US,privacy-and-security,privacy-and-security_1;,tomfluce,Primary Password....,https://support.mozilla.org/questions/1426662,,,,,,,,,1,true,0.53,False,
1426664,2023-10-07T12:07:54Z,2023-10-07,en-US,privacy-and-security,privacy-and-security_1;needsinfo;,tomfluce,Primary Password,https://support.mozilla.org/questions/1426664,,,,,,,,,4,true,1.06,False,
1426666,2023-10-07T12:31:57Z,2023-10-07,en-US,settings,customize;needsinfo;,kala123015,"If emails are sorted in alphabetical order, how do i Jump to a particular letter in the alphabet without scrolling to ge",https://support.mozilla.org/questions/1426666,,,,,m:microsoftemail,,,,4,true,1.85,False,
1426667,2023-10-07T12:52:00Z,2023-10-07,es,troubleshooting,fix-problems;,turriano,el nuevo correo se va a papelera / new email goes to trash,https://support.mozilla.org/questions/1426667,,,,,,,,,0,false,,False,
1426668,2023-10-07T13:05:50Z,2023-10-07,en-US,other,other;,briangr2,Font problems in version 15.3.1,https://support.mozilla.org/questions/1426668,,,,,,,,,0,false,,False,
1426669,2023-10-07T13:30:19Z,2023-10-07,en-US,other,other;,TrudiKappel,Thunderbird Update,https://support.mozilla.org/questions/1426669,,,,,,,,,1,true,4.92,False,
1426670,2023-10-07T13:31:26Z,2023-10-07,en-US,settings,customize;,phil202,Downloading emails from my online mail server to my PC hard drive when I view them in Thunderbird,https://support.mozilla.org/questions/1426670,,,,,,,,,0,false,,False,
1426671,2023-10-07T13:36:08Z,2023-10-07,en-US,other,other;needsinfo;,imgmenfan,My Thunderbird mail will not receive mail after update,https://support.mozilla.org/questions/1426671,,,,,m:gmail,,,,2,true,31.97,False,
1426672,2023-10-07T13:38:41Z,2023-10-07,en-US,other,other;,JaneBurbank,superhuge message display,https://support.mozilla.org/questions/1426672,,,,,,,,,23,true,0.4,False,
1426673,2023-10-07T13:44:26Z,2023-10-07,en-US,privacy-and-security,privacy-and-security_1;,JaneBurbank,edit a question,https://support.mozilla.org/questions/1426673,,,,,,,,,6,true,0.18,False,
1426674,2023-10-07T14:07:10Z,2023-10-07,en-US,other,other;,Jim1000,New version 115.3.1 - no longer shows my most recent emails,https://support.mozilla.org/questions/1426674,,,,,,,,,1,true,38.49,False,
1426675,2023-10-07T14:12:30Z,2023-10-07,en-US,settings,customize;,Driber,replace HTML code inside emails when displaying,https://support.mozilla.org/questions/1426675,,,,,,,,,0,false,,False,
1426677,2023-10-07T14:15:27Z,2023-10-07,en-US,settings,customize;,mblack1948,colored tabs,https://support.mozilla.org/questions/1426677,,,,,,,,,0,false,,False,
1426679,2023-10-07T14:35:06Z,2023-10-07,en-US,settings,customize;,tmarini,Folders sidebar header menu missing,https://support.mozilla.org/questions/1426679,,,,,,,,,3,true,3.65,False,
1426685,2023-10-07T15:33:03Z,2023-10-07,en-US,troubleshooting,fix-problems;,margochester,Thunderbird 115: Lost unified folders,https://support.mozilla.org/questions/1426685,,,,,,,,,12,true,24.32,False,
1426686,2023-10-07T15:35:16Z,2023-10-07,en-US,troubleshooting,fix-problems;,margochester,Thunderbird 115: lost ability to scroll while selecting multiple messages,https://support.mozilla.org/questions/1426686,,,,,,,,,1,false,,False,
1426687,2023-10-07T15:53:52Z,2023-10-07,en-US,privacy-and-security,privacy-and-security_1;,thorsak,URGENT REQUEST FOR 'basic' HELP - My Email-setting has been changed by 'SKYPE'...!,https://support.mozilla.org/questions/1426687,os:windows,,,,m:yahooemail,isp:frontier,proto:smtp;proto:pop,,3,true,97.49,False,
1426689,2023-10-07T16:13:21Z,2023-10-07,en-US,troubleshooting,fix-problems;,mikehmoran,"Supernova should be called BlackHole, where attachments get swallowed to never be seen again",https://support.mozilla.org/questions/1426689,os:linux,,,,m:gmail,,proto:imap,,9,true,3.29,False,
1426690,2023-10-07T16:27:55Z,2023-10-07,en-US,settings,customize;,spaceknight2,How to import html stationery into Thunderbird,https://support.mozilla.org/questions/1426690,os:linux,,,,m:microsoftemail,,,,0,false,,False,
1426691,2023-10-07T16:29:06Z,2023-10-07,en-US,settings,customize;,bobkatcher12487,Folder display is different,https://support.mozilla.org/questions/1426691,,,,,m:gmail,,,,4,true,2.97,True,jdbassjr1
1426692,2023-10-07T16:47:47Z,2023-10-07,en-US,installation-and-updates,download-and-install_1;,phegarty1,How do I open thunderbird,https://support.mozilla.org/questions/1426692,,,,,,,,,3,true,1.94,False,
1426693,2023-10-07T16:54:06Z,2023-10-07,en-US,troubleshooting,fix-problems;,hultquistjulia,NOT RECEIVING EMAILS,https://support.mozilla.org/questions/1426693,,,,,,isp:frontier,,,0,false,,False,
1426697,2023-10-07T18:20:28Z,2023-10-07,en-US,installation-and-updates,download-and-install_1;,dforrest,The STAT command did not succeed,https://support.mozilla.org/questions/1426697,,,,,,,proto:pop,,1,true,23.8,False,
1426699,2023-10-07T18:35:13Z,2023-10-07,en-US,other,other;,htiefkd,Thunderbird 10/07/23 update,https://support.mozilla.org/questions/1426699,,,,,,,,,1,true,23.56,False,
1426700,2023-10-07T18:36:33Z,2023-10-07,en-US,other,other;,spaceknight2,News and Blogs not working with RSS feeds from Google News,https://support.mozilla.org/questions/1426700,,,,,,,,,1,true,23.29,False,
1426705,2023-10-07T20:30:07Z,2023-10-07,en-US,settings,customize;,margochester,What does the # mean in userChrome.css?,https://support.mozilla.org/questions/1426705,,,,,,,,,1,true,8.86,True,davidsk
1426706,2023-10-07T20:44:50Z,2023-10-07,en-US,other,other;,therealadamgroth,All of my local folders have dissapeared from my Thunderbird email account,https://support.mozilla.org/questions/1426706,,,,,,,,,1,true,21.45,False,
1426708,2023-10-07T21:45:15Z,2023-10-07,en-US,settings,customize;,Charlie_Daves,Updates that change look feel colours etc=VOTE,https://support.mozilla.org/questions/1426708,,,,,,,,,4,true,12.33,False,
1426709,2023-10-07T22:04:00Z,2023-10-07,es,troubleshooting,fix-problems;,pedroantoniogr71,Se pierden filas oauth de la tabla de contraseñas para las cuentas de Microsoft.,https://support.mozilla.org/questions/1426709,,,,,,,proto:imap;proto:oauth,,0,false,,False,
1426711,2023-10-07T22:58:22Z,2023-10-07,en-US,other,other;,bazza.bazza,my emails do not come in date order they are all over the place,https://support.mozilla.org/questions/1426711,,,,,,,,,1,true,18.5,False,
1426713,2023-10-07T23:03:53Z,2023-10-07,en-US,settings,customize;,enotsop,Thunderbird Email Client 115.3.1,https://support.mozilla.org/questions/1426713,,,,,,,,,7,true,6.21,False,
1426714,2023-10-07T23:07:47Z,2023-10-07,en-US,other,other;,old_nic,Thunderbird inbox and deleted counters not working as expected,https://support.mozilla.org/questions/1426714,os:windows,,,,,,,,0,false,,False,
1426715,2023-10-07T23:39:43Z,2023-10-07,en-US,settings,customize;,Tombarkas,Thunderbird making a WindowsNewEmail sound every time it checks for mail,https://support.mozilla.org/questions/1426715,,,,,,,,,0,false,,False,
1426717,2023-10-07T23:56:45Z,2023-10-07,en-US,other,other;,satex69,Temporary extension location,https://support.mozilla.org/questions/1426717,,,,,,,,,5,true,5.27,False,
1426718,2023-10-07T23:57:24Z,2023-10-07,en-US,troubleshooting,fix-problems;,BillYoder,cannot connect to frontier server,https://support.mozilla.org/questions/1426718,,,,,,isp:frontier,,,8,true,17.49,False,
1426719,2023-10-08T00:23:13Z,2023-10-08,en-US,troubleshooting,fix-problems;,decades,Thunderbird 115.2.3 (64-bit) stops responding,https://support.mozilla.org/questions/1426719,,,,,,,,,3,true,42.94,False,
1426722,2023-10-08T01:10:47Z,2023-10-08,en-US,troubleshooting,fix-problems;,hennok57,Trouble with the filter log function,https://support.mozilla.org/questions/1426722,,,,,,,,,2,true,16.25,False,
1426724,2023-10-08T03:00:20Z,2023-10-08,en-US,calendar,calendar;,lesaja,global and calendar specific reminder settings are ignored when creating a new appointment,https://support.mozilla.org/questions/1426724,,,,,,,,,0,false,,False,
1426725,2023-10-08T03:29:24Z,2023-10-08,cs,installation-and-updates,download-and-install_1;,Blanka.Fajkusova,Supernova :-(,https://support.mozilla.org/questions/1426725,,,,,,,,,2,true,1.77,False,
1426726,2023-10-08T03:35:18Z,2023-10-08,en-US,installation-and-updates,download-and-install_1;,pgschreier,oversized screen elements and menus -- which confi file line to edit?,https://support.mozilla.org/questions/1426726,,,,,,,,,8,true,4.16,True,wsmwk
1426728,2023-10-08T03:52:21Z,2023-10-08,hu,other,other;,peter.h.mann,Arculatváltoztatás uán nem tudok üzenetet küldeni,https://support.mozilla.org/questions/1426728,,,,,,,,,0,false,,False,
1426730,2023-10-08T04:34:37Z,2023-10-08,en-US,troubleshooting,fix-problems;,a.g.parker,Almost all emails have disappeared from protonmail Inbox,https://support.mozilla.org/questions/1426730,os:windows,,,,m:protonmail,,proto:imap,,1,true,12.72,False,
1426731,2023-10-08T04:58:36Z,2023-10-08,en-US,settings,customize;,peters1945,Thunderbird Email,https://support.mozilla.org/questions/1426731,,,,,,,,,1,true,13.0,False,
1426732,2023-10-08T05:47:21Z,2023-10-08,en-US,troubleshooting,fix-problems;,KRLoritz,"Double Deletes and ""Bouncy"" Folder Contents Listing?",https://support.mozilla.org/questions/1426732,,,,,,,,,0,false,,False,
1426737,2023-10-08T07:01:19Z,2023-10-08,en-US,calendar,calendar;,loopygram1,Calendar Help,https://support.mozilla.org/questions/1426737,,,,,,,,,4,true,14.74,True,loopygram1
1426738,2023-10-08T07:16:27Z,2023-10-08,en-US,other,other;,judith.milne13,stop emails going to junk,https://support.mozilla.org/questions/1426738,,,,,,,,,1,true,10.1,False,
1426739,2023-10-08T07:22:47Z,2023-10-08,en-US,privacy-and-security,privacy-and-security_1;,hwj1,why do hyperlinks not open with a click?,https://support.mozilla.org/questions/1426739,os:linux,,,,,,,,2,true,14.16,False,
1426740,2023-10-08T07:23:55Z,2023-10-08,en-US,settings,customize;,oudijzergek1,choices in the colors used (win7),https://support.mozilla.org/questions/1426740,os:windows,,,,,,,,7,true,0.45,False,
1426741,2023-10-08T07:31:01Z,2023-10-08,en-US,other,other;,harmeyer,CAN NOT GET MY EMAIL MESSAGES,https://support.mozilla.org/questions/1426741,,,,,,,,,1,true,9.82,False,
1426742,2023-10-08T07:47:57Z,2023-10-08,en-US,settings,customize;,escape2music,"Hamburger menu ""Font Size"" not working",https://support.mozilla.org/questions/1426742,,,,,,,,,27,true,9.52,False,
1426743,2023-10-08T07:56:53Z,2023-10-08,en-US,other,other;,gmedwards1,Thunderbird,https://support.mozilla.org/questions/1426743,,,,,,,,,5,true,8.85,False,
1426747,2023-10-08T08:41:15Z,2023-10-08,en-US,other,other;,ron032,"No ""Write"" Button",https://support.mozilla.org/questions/1426747,,,,,,,,,6,true,8.56,False,
1426748,2023-10-08T08:46:13Z,2023-10-08,en-US,other,other;,user219,115.3.1 (64-bit) on Windows 10 opens new messages as draft,https://support.mozilla.org/questions/1426748,os:windows,,,,,,,,1,true,1.37,False,
1426749,2023-10-08T09:03:39Z,2023-10-08,en-US,troubleshooting,fix-problems;,chummy57c1,Thunderbird :: Empty Bin / Empty Spam Missing,https://support.mozilla.org/questions/1426749,,,,,,,,,1,true,1.05,False,
1426751,2023-10-08T09:32:55Z,2023-10-08,en-US,settings,customize;,jdbassjr1,Fonts are horrible on interface. How to change?,https://support.mozilla.org/questions/1426751,,,,,,,,,7,true,166.92,False,
1426758,2023-10-08T10:09:37Z,2023-10-08,en-US,other,other;,tanagi,Thunderbird Export/Import loses all personal e-mail folders,https://support.mozilla.org/questions/1426758,os:windows,,,,,,,,2,true,6.99,False,
1426760,2023-10-08T10:15:50Z,2023-10-08,en-US,installation-and-updates,download-and-install_1;,robertchaput,Loaded new version of Thunderbird and lost all previous inbox and trash messages.  Deleting message makes it vanish.,https://support.mozilla.org/questions/1426760,,,,,,,,,1,true,7.37,False,
1426761,2023-10-08T10:18:44Z,2023-10-08,en-US,troubleshooting,fix-problems;,Colin.Warren,How to restore Thunderbird to release channel?,https://support.mozilla.org/questions/1426761,,,,,,,,,3,true,6.12,False,
1426764,2023-10-08T10:58:27Z,2023-10-08,en-US,other,other;,rcaastro,Email sender's name is incorrect,https://support.mozilla.org/questions/1426764,,,,,,,,,1,true,5.05,False,
1426766,2023-10-08T11:41:17Z,2023-10-08,en-US,calendar,calendar;,robcjr,TB calendar,https://support.mozilla.org/questions/1426766,,,,,,,,,1,true,5.48,False,
1426767,2023-10-08T11:41:58Z,2023-10-08,en-US,other,other;,dave0judy,"Filtered Emails to folders, still remain in inbox",https://support.mozilla.org/questions/1426767,,,,,,,,,0,false,,False,
1426770,2023-10-08T12:57:03Z,2023-10-08,en-US,settings,customize;,jochen.kuepper,"Automatically expand all ""mailing lists""",https://support.mozilla.org/questions/1426770,,,,,,,,,1,true,8.61,False,
1426771,2023-10-08T14:26:23Z,2023-10-08,en-US,other,other;,colleen.beamer,Tag Menu Item,https://support.mozilla.org/questions/1426771,,,,,,,,,2,true,1.55,False,
1426772,2023-10-08T14:27:17Z,2023-10-08,en-US,installation-and-updates,download-and-install_1;,rv7charlie,Microsoft broke 'procedure entry point SetProcessMitigationPolicy could not be located in the dynamic link library KERNA,https://support.mozilla.org/questions/1426772,os:windows,,,,,,,,2,true,1.75,False,
1426773,2023-10-08T14:30:55Z,2023-10-08,en-US,other,other;,peterbax,Latest Thunderbird interface,https://support.mozilla.org/questions/1426773,,,,,,,,,2,true,3.45,False,
1426778,2023-10-08T15:57:03Z,2023-10-08,en-US,troubleshooting,fix-problems;,jmpanopticon,Thunderbird will Not Download Frontier Emails,https://support.mozilla.org/questions/1426778,os:linux,,,,m:gmail,isp:frontier,proto:pop;proto:oauth,,4,true,4.99,False,
1426779,2023-10-08T16:13:31Z,2023-10-08,en-US,other,other;,ptosis,"115.3.1 (64-bit) Missing toolbar: How do I get the subject, from and date back?",https://support.mozilla.org/questions/1426779,os:linux,,,,,,,,1,false,,True,ptosis
1426780,2023-10-08T16:40:28Z,2023-10-08,en-US,troubleshooting,fix-problems;,jambe,I tried to send a large 80 MB file in Thunderbird and it won't stop trying to send it and I can't delete it.,https://support.mozilla.org/questions/1426780,,,,,,,,,1,true,0.55,False,
1426781,2023-10-08T17:16:21Z,2023-10-08,en-US,other,other;,bjhintze2010,115.3.1 (32-bit update,https://support.mozilla.org/questions/1426781,,,,,,,,,4,true,0.65,False,
1426782,2023-10-08T18:01:35Z,2023-10-08,en-US,installation-and-updates,download-and-install_1;,dforrest,Can I revert back to the previous version of Thunderbird?,https://support.mozilla.org/questions/1426782,,,,,,,,,2,true,0.08,False,
1426784,2023-10-08T18:09:16Z,2023-10-08,en-US,installation-and-updates,download-and-install_1;,mrivlin,"Thunderbird Automatically Updated to 115, Losing All Logins and Messages",https://support.mozilla.org/questions/1426784,,,,,,,proto:pop,,1,true,1.78,False,
1426785,2023-10-08T18:27:19Z,2023-10-08,en-US,troubleshooting,fix-problems;,buggie,Overwrote Thunderbird profile with Firefox,https://support.mozilla.org/questions/1426785,,,,,,,proto:pop,,2,true,2.47,False,
1426787,2023-10-08T20:21:36Z,2023-10-08,en-US,settings,customize;,jeffreybruton,Can't Turn Off Unread Message Badges in Thunderbird 115.3.1,https://support.mozilla.org/questions/1426787,os:linux,,,,,,,,7,true,0.42,False,
1426790,2023-10-08T20:42:15Z,2023-10-08,en-US,settings,customize;,symetec,Menu Bar,https://support.mozilla.org/questions/1426790,,,,,,,,,3,true,0.19,False,
1426794,2023-10-08T22:37:00Z,2023-10-08,en-US,settings,customize;,robf355,Changing the message panel text highlight,https://support.mozilla.org/questions/1426794,,,,,,,,,0,false,,False,
1426795,2023-10-08T22:41:54Z,2023-10-08,en-US,other,other;,2newart2,All of my in box and sent messages from 9/8/23 to 10/8/23 suddenly disappeared. What happened?,https://support.mozilla.org/questions/1426795,,,,,,,,,0,false,,False,
1426797,2023-10-09T00:05:06Z,2023-10-09,en-US,other,other;,krister.ripstrand,One of my e-mail accounts is missing but available in account settings!?,https://support.mozilla.org/questions/1426797,,,,,,,,,3,true,0.31,True,krister.ripstrand
1426799,2023-10-09T00:39:50Z,2023-10-09,en-US,other,other;,emilian.pawlukiewicz,Synchronizing labels,https://support.mozilla.org/questions/1426799,,,,,,,,,0,false,,False,
1426801,2023-10-09T00:52:23Z,2023-10-09,en-US,other,other;,firefox2530,Tab text is black on dark grey,https://support.mozilla.org/questions/1426801,,,,,,,,,0,false,,False,
1426804,2023-10-09T01:41:26Z,2023-10-09,en-US,tips-and-tricks,focus-firefox;focus-ios;,federicab4,Archive emails in a private server,https://support.mozilla.org/questions/1426804,,,,,,,,,0,false,,False,
1426807,2023-10-09T02:15:11Z,2023-10-09,en-US,other,other;,j.loessl,Thunderbird,https://support.mozilla.org/questions/1426807,,,,,m:gmail,,,,0,false,,False,
1426809,2023-10-09T02:22:07Z,2023-10-09,en-US,settings,customize;,enkharta,Mail Toolbar missing in Thunderbird 115.3.1,https://support.mozilla.org/questions/1426809,,,,,,,,,1,true,175.54,False,
1426810,2023-10-09T02:32:37Z,2023-10-09,it,privacy-and-security,privacy-and-security_1;needsinfo;,enrico.tronville,Thunderbird non funziona più,https://support.mozilla.org/questions/1426810,,,,,m:microsoftemail,,,,1,true,0.17,False,
1426811,2023-10-09T02:45:15Z,2023-10-09,it,other,other;,marisi249,sincronizzazione e visualizzazione account di posta,https://support.mozilla.org/questions/1426811,,,,,,,,,2,true,0.14,False,
1426812,2023-10-09T03:02:13Z,2023-10-09,en-US,installation-and-updates,download-and-install_1;,ustunyildirim,Unable to login at server,https://support.mozilla.org/questions/1426812,,,,,,,,,0,false,,False,
1426813,2023-10-09T03:17:15Z,2023-10-09,es,settings,customize;,CUE,Problemas de personalización,https://support.mozilla.org/questions/1426813,,,,,,,,,0,false,,False,
1426814,2023-10-09T03:17:28Z,2023-10-09,en-US,troubleshooting,fix-problems;,rdbulkley,Lost download of e-mails with version 115.3.1,https://support.mozilla.org/questions/1426814,os:windows,,,,,isp:frontier,,,0,false,,False,
1426815,2023-10-09T03:20:36Z,2023-10-09,tr,calendar,calendar;,ilkemtunay,Takvim Daveti Sorunu,https://support.mozilla.org/questions/1426815,,,,,,,,,1,true,3.11,False,
1426816,2023-10-09T03:32:32Z,2023-10-09,en-US,settings,customize;,AnnieB_UK,Prevent icons on the Menu bars etc. from greying out when Window not selected,https://support.mozilla.org/questions/1426816,,,,,,,,,0,false,,False,
1426819,2023-10-09T04:01:06Z,2023-10-09,en-US,settings,customize;,KClanz,upgrade to 115.3.1 (64-bit): smart templates.,https://support.mozilla.org/questions/1426819,,,,,,,,,0,false,,False,
1426820,2023-10-09T04:03:41Z,2023-10-09,en-US,other,other;,gessel,Filters stopped running automatically on 115.3.1 (64-bit)/Ubuntu 22.04,https://support.mozilla.org/questions/1426820,os:linux,,,,,,,,0,false,,False,
1426822,2023-10-09T04:43:32Z,2023-10-09,cs,other,other;,jaromir.vit,Rozbiítý vzhled,https://support.mozilla.org/questions/1426822,,,,,,,,,5,true,2.97,True,jaromir.vit
1426825,2023-10-09T05:18:31Z,2023-10-09,pt-BR,troubleshooting,fix-problems;,ypetersennsk,Recipient address rejected: user blocked,https://support.mozilla.org/questions/1426825,,,,,,,,,0,false,,False,
1426826,2023-10-09T05:23:45Z,2023-10-09,en-US,settings,customize;,paterijk,Thunderbird 115.3.1 on Ubuntu : unintuitive behaviour when clicking on a message,https://support.mozilla.org/questions/1426826,os:linux,,,,,,,,1,false,,True,paterijk
1426828,2023-10-09T05:43:25Z,2023-10-09,it,other,other;,retz162,Posizionamento mail dopo aggiornamento 115.3.0,https://support.mozilla.org/questions/1426828,,,,,,,,,2,true,3.38,False,
1426829,2023-10-09T05:46:09Z,2023-10-09,en-US,other,other;,anshulcruse,thunderbird mail,https://support.mozilla.org/questions/1426829,,,,,,,proto:pop,,1,true,6.13,False,
1426830,2023-10-09T05:54:48Z,2023-10-09,en-US,settings,customize;,revenue2,lost all labels,https://support.mozilla.org/questions/1426830,,,,,,,,,0,false,,False,
1426831,2023-10-09T05:59:41Z,2023-10-09,en-US,settings,customize;,vicskade,how to change font colors and background in message box in 115 version,https://support.mozilla.org/questions/1426831,,,,,,,,,0,false,,False,
1426833,2023-10-09T06:08:35Z,2023-10-09,en-US,settings,customize;,ollieostudio,exibir caixas de entrada separado,https://support.mozilla.org/questions/1426833,,,,,,,,,0,false,,False,
1426834,2023-10-09T06:14:17Z,2023-10-09,en-US,troubleshooting,fix-problems;,sandysandaver,Although I am running the latest Thunderbird it has constant sign-in problems,https://support.mozilla.org/questions/1426834,,,,,,,,,0,false,,False,
1426835,2023-10-09T06:21:48Z,2023-10-09,en-US,calendar,calendar;,jackbarry,TRANSFERRING THUNDERBIRD CALENDAR FROM EXISTING DESKTOP TO NEW LAPTOP,https://support.mozilla.org/questions/1426835,,,,,,,,,0,false,,False,
1426839,2023-10-09T06:34:23Z,2023-10-09,en-US,other,other;,Bob9754,Where are my Lost emails and pass word unrecognized after installing 115.,https://support.mozilla.org/questions/1426839,,,,,m:yahooemail,isp:att,,,1,true,45.91,False,
1426840,2023-10-09T06:39:30Z,2023-10-09,it,other,other;,david763,Thunderbird + MX Plan di OVH non invia le ricevute di ritorno,https://support.mozilla.org/questions/1426840,,,,,,,proto:pop,,11,true,2.4,False,
1426841,2023-10-09T06:40:52Z,2023-10-09,en-US,troubleshooting,fix-problems;,harmeyer,CAN NOT GET MY EMAIL MESSAGES,https://support.mozilla.org/questions/1426841,,,,,,,,,0,false,,False,
1426842,2023-10-09T06:56:30Z,2023-10-09,en-US,troubleshooting,fix-problems;,brett.martin,"Persistent ""User is authenticated but not connected"" errors after upgrade to 115.3.1 (32-bit)",https://support.mozilla.org/questions/1426842,,,,,m:microsoftemail,,proto:oauth,,0,false,,False,
1426846,2023-10-09T07:41:06Z,2023-10-09,en-US,settings,customize;,kelvincurrie60,Thunderbird 115.3.1 doesn't save my settings,https://support.mozilla.org/questions/1426846,,,,,,,,,0,false,,False,
1426847,2023-10-09T07:46:47Z,2023-10-09,en-US,settings,customize;,cvitalos,Placement of Menu Bar on top of Toolbar,https://support.mozilla.org/questions/1426847,,,,,,,,,0,false,,False,
1426848,2023-10-09T07:48:50Z,2023-10-09,en-US,other,other;,lisacurhan,Thank you for the new look/feel on Thunderbird,https://support.mozilla.org/questions/1426848,,,,,m:microsoftemail,,,,0,false,,False,
1426849,2023-10-09T07:52:39Z,2023-10-09,en-US,installation-and-updates,download-and-install_1;,johanard.99,when I try to add a gmail account,https://support.mozilla.org/questions/1426849,,,,,m:gmail,,,,0,false,,False,
1426850,2023-10-09T08:00:25Z,2023-10-09,en-US,other,other;,JudyAnn46,The new version,https://support.mozilla.org/questions/1426850,,,,,,,,,0,false,,False,
1426851,2023-10-09T08:02:21Z,2023-10-09,en-US,troubleshooting,fix-problems;,lisacurhan,Thunderbird 115.3.1 (32 bit) Supernova email window 'shakes' when hovering over web links,https://support.mozilla.org/questions/1426851,os:windows,,,,,,,,2,true,2660.22,False,
1426852,2023-10-09T08:11:25Z,2023-10-09,en-US,tips-and-tricks,desktop;other;windows-10;firefox-1180;,nollybland,My POP Account got changed from POP to IMAP without my knowledge,https://support.mozilla.org/questions/1426852,os:windows,Windows 10,,,,,proto:imap;proto:pop,,0,false,,False,
1426853,2023-10-09T08:19:59Z,2023-10-09,it,other,other;,calderoneg,contatti,https://support.mozilla.org/questions/1426853,,,,,,,,,1,true,0.53,False,
1426854,2023-10-09T08:24:15Z,2023-10-09,en-US,troubleshooting,fix-problems;,paul92,Mailboxes (or at least the pointers) seem to be corrupted?,https://support.mozilla.org/questions/1426854,,,,,,,,,0,false,,False,
1426855,2023-10-09T08:25:31Z,2023-10-09,it,other,other;,logistica14,modificata la visualizzazione della finestra dei messaggi,https://support.mozilla.org/questions/1426855,,,,,,,,,12,true,0.58,True,logistica14
1426857,2023-10-09T08:48:03Z,2023-10-09,en-US,installation-and-updates,download-and-install_1;,dmallary3,one inbox in 115 not showing my old emails,https://support.mozilla.org/questions/1426857,os:windows,,,,,,proto:pop,,0,false,,False,
1426860,2023-10-09T09:01:44Z,2023-10-09,en-US,other,other;,NatGold,Cannot login,https://support.mozilla.org/questions/1426860,,,,,,isp:frontier,,,0,false,,False,
1426862,2023-10-09T09:10:52Z,2023-10-09,en-US,installation-and-updates,download-and-install_1;,bradshpw,Thunderbird archives disappeared in Supernova?,https://support.mozilla.org/questions/1426862,os:windows,,,,,,,,0,false,,False,
1426864,2023-10-09T09:17:10Z,2023-10-09,es,troubleshooting,fix-problems;,m12907cta,error al borrar correos,https://support.mozilla.org/questions/1426864,,,,,,,,,2,true,9.76,False,
1426866,2023-10-09T09:29:44Z,2023-10-09,en-US,other,other;,jkk30,Thunderbird 115 and up with IMAP ACL Extension,https://support.mozilla.org/questions/1426866,,,,,,,proto:imap,,1,true,19.63,False,
1426867,2023-10-09T09:38:53Z,2023-10-09,en-US,other,other;,funmail1,Outlook 2013 to Thunderbird email compatibility / conversion,https://support.mozilla.org/questions/1426867,,,,,m:microsoftemail,,,,0,false,,False,
1426868,2023-10-09T09:44:43Z,2023-10-09,en-US,other,other;,20205,Get Thunderbird to read a Dovecot back-up archive?,https://support.mozilla.org/questions/1426868,,,,,,,,,0,false,,False,
1426869,2023-10-09T09:48:25Z,2023-10-09,en-US,other,other;,The00Dustin,Regression in Keyboard Navigation (Supernova)?,https://support.mozilla.org/questions/1426869,os:macos,,,,,,,,2,true,19.3,False,
1426872,2023-10-09T09:56:17Z,2023-10-09,en-US,other,other;,Panache1,115.3.1 better font,https://support.mozilla.org/questions/1426872,,,,,,,,,18,true,19.16,True,sfhowes
1426874,2023-10-09T10:06:15Z,2023-10-09,en-US,settings,customize;needsinfo;,The00Dustin,Can I Resize the Search Bar in Supernova?,https://support.mozilla.org/questions/1426874,,,,,,,,,1,true,9.88,False,
1426878,2023-10-09T10:45:43Z,2023-10-09,en-US,other,other;,panchorob,Missing tool bar,https://support.mozilla.org/questions/1426878,,,,,,,,,0,false,,False,
1426879,2023-10-09T10:58:40Z,2023-10-09,en-US,other,other;,boone802,Emails,https://support.mozilla.org/questions/1426879,,,,,,,,,0,false,,False,
1426881,2023-10-09T11:10:59Z,2023-10-09,en-US,troubleshooting,fix-problems;,jacqmunro,emails not sending,https://support.mozilla.org/questions/1426881,,,,,m:gmail;m:microsoftemail,,,,0,false,,False,
1426884,2023-10-09T11:28:04Z,2023-10-09,en-US,installation-and-updates,download-and-install_1;,rjxnv8z7hx,Unable to log in at server,https://support.mozilla.org/questions/1426884,,,,,,,proto:imap,,0,false,,False,
1426886,2023-10-09T11:42:42Z,2023-10-09,en-US,other,other;,lindancl,Folders and Subfolders for POP Email Downloads,https://support.mozilla.org/questions/1426886,,,,,,,proto:pop,,1,true,1.68,False,
1426892,2023-10-09T12:33:39Z,2023-10-09,en-US,other,other;,alankane37,android app,https://support.mozilla.org/questions/1426892,,,,,,,,,1,true,12.61,False,
1426893,2023-10-09T12:45:02Z,2023-10-09,en-US,troubleshooting,fix-problems;,jross712,TB stops fetching emails,https://support.mozilla.org/questions/1426893,,,,,,,proto:pop,av:eset,0,false,,False,
1426898,2023-10-09T13:36:16Z,2023-10-09,en-US,troubleshooting,fix-problems;,francisdodd,"emails have to be, sent, canceled, sent",https://support.mozilla.org/questions/1426898,os:windows,,,,m:microsoftemail,,,,0,false,,False,
1426901,2023-10-09T14:25:59Z,2023-10-09,en-US,installation-and-updates,download-and-install_1;,rogerandjennifer,Unrequested installation of Supernova,https://support.mozilla.org/questions/1426901,,,,,,,,,1,true,4.32,False,
1426902,2023-10-09T14:27:35Z,2023-10-09,en-US,other,other;,gunnar53,Recover lost mail in Thunderbird,https://support.mozilla.org/questions/1426902,os:linux,,,,,,,,2,true,4.24,True,sfhowes
1426906,2023-10-09T15:02:05Z,2023-10-09,en-US,other,other;,KuchleiT,Latest updat,https://support.mozilla.org/questions/1426906,,,,,,,,,1,true,10.49,False,
1426907,2023-10-09T15:10:23Z,2023-10-09,en-US,troubleshooting,fix-problems;,olde_man_river,Thunderbird repeatedly downloads all email from InBox (v 115.3.1 ) (win10),https://support.mozilla.org/questions/1426907,os:windows,,,,,,,,2,true,13.92,False,
1426908,2023-10-09T15:55:13Z,2023-10-09,en-US,other,other;,Kondratowitch,Menu Bar in updated Thunderbird,https://support.mozilla.org/questions/1426908,,,,,,,,,3,true,2.71,False,
1426909,2023-10-09T15:57:27Z,2023-10-09,en-US,privacy-and-security,privacy-and-security_1;,stanfacey,Passwords,https://support.mozilla.org/questions/1426909,,,,,,,,,2,true,9.52,False,
1426911,2023-10-09T16:39:00Z,2023-10-09,en-US,settings,customize;,ckayote,How do I increase the font of message titles in my inbox screen?,https://support.mozilla.org/questions/1426911,,,,,,,,,1,true,8.77,False,
1426915,2023-10-09T18:41:53Z,2023-10-09,en-US,privacy-and-security,privacy-and-security_1;,bear1724,"Since new update thunderbird keeps contacting office 265, how do you make that stop",https://support.mozilla.org/questions/1426915,,,,,m:microsoftemail,,,,0,false,,False,
1426917,2023-10-09T19:20:40Z,2023-10-09,en-US,installation-and-updates,download-and-install_1;,floyd6789,Thunderbird,https://support.mozilla.org/questions/1426917,,,,,,,,,0,false,,False,
1426922,2023-10-09T20:28:04Z,2023-10-09,en-US,other,other;,KuchleiT,How do I get back to the pre version 115.3.1 look and feel of thunderbird?,https://support.mozilla.org/questions/1426922,,,,,,,,,0,false,,False,
1426924,2023-10-09T21:16:57Z,2023-10-09,en-US,other,other;,pauline_watson,Email not working since update yesterday,https://support.mozilla.org/questions/1426924,,,,,,,,,0,false,,False,
1426926,2023-10-09T21:54:50Z,2023-10-09,en-US,installation-and-updates,download-and-install_1;,akwhinston,"why does it take (4) four hours to download my emails from gmail, and if I interrupt, they are blank. (win10)",https://support.mozilla.org/questions/1426926,os:windows,,,,m:gmail,,,,5,true,7.15,False,
1426929,2023-10-09T22:26:35Z,2023-10-09,en-US,settings,customize;,nik.a,Parsing replies from email threads,https://support.mozilla.org/questions/1426929,,,,,,,,,0,false,,False,
1426931,2023-10-09T23:30:20Z,2023-10-09,en-US,settings,customize;,marketing91,Problem z grupowaniem folderu wysłane,https://support.mozilla.org/questions/1426931,,,,,,,,,0,false,,False,
1426932,2023-10-09T23:36:04Z,2023-10-09,en-US,troubleshooting,fix-problems;,braywood,New Message Indicators Don't Propagate Correctly When Expanding Folder View,https://support.mozilla.org/questions/1426932,,,,,,,,,1,true,5.45,False,
1426934,2023-10-10T00:16:39Z,2023-10-10,en-US,other,other;,njwong88,Pressing <Control> <B> to toggle BOLD On/Off  moves the cursor from the current position to the beginning of the line,https://support.mozilla.org/questions/1426934,,,,,,,,,0,false,,False,
1426935,2023-10-10T00:31:03Z,2023-10-10,cs,settings,customize;,yucikala,Deaktivace účtu,https://support.mozilla.org/questions/1426935,,,,,,,,,2,true,2.98,True,poljos-moz
1426936,2023-10-10T00:34:32Z,2023-10-10,en-US,troubleshooting,fix-problems;,jochen.kuepper,Inconsistent handling of text/calendar by Thunderbird,https://support.mozilla.org/questions/1426936,,,,,,,,,0,false,,False,
1426937,2023-10-10T00:40:32Z,2023-10-10,en-US,other,other;,gargasmichal,Thunderbird update,https://support.mozilla.org/questions/1426937,,,,,,,,,1,true,4.36,False,
1426939,2023-10-10T01:14:46Z,2023-10-10,cs,other,other;,krivan,Původní vzhled Thunderbirdu,https://support.mozilla.org/questions/1426939,,,,,,,,,3,true,1.79,False,
1426940,2023-10-10T01:18:37Z,2023-10-10,en-US,other,other;,fits79,Hotmail account problem,https://support.mozilla.org/questions/1426940,,,,,m:microsoftemail,,,,0,false,,False,
1426942,2023-10-10T01:39:35Z,2023-10-10,en-US,settings,customize;,enkharta,Unified Toolbar Vanished in 115 unable to get in back,https://support.mozilla.org/questions/1426942,,,,,,,,,3,true,3.31,False,
1426943,2023-10-10T01:53:53Z,2023-10-10,en-US,other,other;,pa.rhodes,RSS feed no longer shows in-line youtube video.,https://support.mozilla.org/questions/1426943,,,,,,,,,0,false,,False,
1426945,2023-10-10T02:45:19Z,2023-10-10,en-US,other,other;,ajc890,Thunderbird regularly asks me to enter my password to receive or send emails,https://support.mozilla.org/questions/1426945,,,,,,,,,1,true,2641.42,False,
1426946,2023-10-10T02:46:11Z,2023-10-10,en-US,troubleshooting,fix-problems;,wpmx9qfj65,"Supernova Update broke my Office365 integration - ""User is authenticated but not connected""",https://support.mozilla.org/questions/1426946,os:macos,,,,m:microsoftemail,,,,1,true,2641.47,False,
1426947,2023-10-10T03:03:03Z,2023-10-10,en-US,other,other;,carlo24,IMAP Synchronization,https://support.mozilla.org/questions/1426947,,,,,,,proto:imap,,4,true,63.6,False,
1426948,2023-10-10T03:29:40Z,2023-10-10,en-US,troubleshooting,fix-problems;,iq_kingen2,Having Problems With Recieving mails,https://support.mozilla.org/questions/1426948,,,,,,,,,0,false,,False,
1426949,2023-10-10T03:38:37Z,2023-10-10,en-US,troubleshooting,fix-problems;,chummy57c1,Displaying number of emails in a folder,https://support.mozilla.org/questions/1426949,,,,,,,,,2,true,0.04,False,
1426950,2023-10-10T03:40:52Z,2023-10-10,en-US,troubleshooting,fix-problems;,chummy57c1,Empty Bin / Trash,https://support.mozilla.org/questions/1426950,,,,,,,,,5,true,0.04,False,
1426951,2023-10-10T03:41:28Z,2023-10-10,en-US,settings,customize;,makary.wiskirski,Subfolders expand as soon as the mouse hovers over the folder name. This is very uncomfortable.,https://support.mozilla.org/questions/1426951,,,,,,,,,7,true,1.25,True,jotb
1426952,2023-10-10T03:44:34Z,2023-10-10,it,other,other;,ingeoverona,"Stato dei messaggi ""da leggere"" sui diversi utenti che utilizzano l'account",https://support.mozilla.org/questions/1426952,,,,,,,,,3,true,0.2,False,
1426954,2023-10-10T04:00:18Z,2023-10-10,en-US,troubleshooting,fix-problems;,george.vayssier,I use Thunderbird for my two e-addresses  george.vayssier@aon.at  and  george.vayssier@hetnet.nl  but do not receive mes,https://support.mozilla.org/questions/1426954,,,,,,,,,1,true,8.22,False,
1426956,2023-10-10T04:07:56Z,2023-10-10,fi,settings,customize;,jukka4,"Thunderbirdin ""Muunna toiminne""",https://support.mozilla.org/questions/1426956,,,,,,,,,0,false,,False,
1426957,2023-10-10T04:18:38Z,2023-10-10,en-US,installation-and-updates,download-and-install_1;,gekaufman,Message Filters,https://support.mozilla.org/questions/1426957,,,,,,,,,3,true,3.96,False,
1426958,2023-10-10T04:29:02Z,2023-10-10,en-US,installation-and-updates,download-and-install_1;,karimalabbas1976,Thunderbird problems - I'm unable to set-up an existing account on a new laptop!,https://support.mozilla.org/questions/1426958,,,,,,,proto:imap;proto:pop,,0,false,,False,
1426959,2023-10-10T04:33:32Z,2023-10-10,en-US,settings,customize;,kurt295,Mailboxes background color change,https://support.mozilla.org/questions/1426959,,,,,,,,,0,false,,False,
1426960,2023-10-10T04:34:15Z,2023-10-10,it,settings,customize;,germanocarella,Riordinamento delle colonne della tabella di lettura messaggi,https://support.mozilla.org/questions/1426960,,,,,,,,,1,true,2.24,False,
1426961,2023-10-10T04:35:33Z,2023-10-10,en-US,calendar,calendar;,Franz.Pfleghar,Kalender  Erfassung Wegzeiten,https://support.mozilla.org/questions/1426961,,,,,,,,,0,false,,False,
1426967,2023-10-10T05:57:42Z,2023-10-10,en-US,other,other;,rik_me,Recent upgrade to Thunderbird 115.3.2 (64-bit) removed Outlook OWA account,https://support.mozilla.org/questions/1426967,os:linux,,,,m:microsoftemail,,,,0,false,,False,
1426968,2023-10-10T06:09:45Z,2023-10-10,en-US,troubleshooting,fix-problems;,billgusa,unresponsive constantly trying to read and send emails (win10) - stalled,https://support.mozilla.org/questions/1426968,os:windows,,,,,,,,8,true,12.77,False,
1426971,2023-10-10T06:50:06Z,2023-10-10,en-US,other,other;,tseabrook,Hide Message ID,https://support.mozilla.org/questions/1426971,,,,,,,,,2,true,4.93,False,
1426973,2023-10-10T07:07:06Z,2023-10-10,en-US,other,other;,david.abineri,Thunderbird 115.3.1 not marking all emails as 'read' when opened.,https://support.mozilla.org/questions/1426973,,,,,,,,,2,true,1.09,False,
1426974,2023-10-10T07:10:46Z,2023-10-10,en-US,other,other;,kennruth,junk folder,https://support.mozilla.org/questions/1426974,,,,,,,,,0,false,,False,
1426975,2023-10-10T07:21:17Z,2023-10-10,it,installation-and-updates,download-and-install_1;,info10049,Errore in fase di configurazione account Google Workspace,https://support.mozilla.org/questions/1426975,,,,,m:gmail,,proto:imap,,5,true,0.41,False,
1426977,2023-10-10T07:26:05Z,2023-10-10,it,other,other;,frasaldi,Memorizzazione password,https://support.mozilla.org/questions/1426977,,,,,,,,,1,true,0.3,False,
1426978,2023-10-10T07:29:16Z,2023-10-10,en-US,settings,customize;,office694,layout,https://support.mozilla.org/questions/1426978,,,,,,,,,1,false,,False,
1426980,2023-10-10T07:45:50Z,2023-10-10,en-US,troubleshooting,fix-problems;,mfs4,"Thunderbird 115.3.1.  ""Original"" HTML messages are not displaying properl.",https://support.mozilla.org/questions/1426980,os:linux,,,,,,,,1,false,,False,
1426981,2023-10-10T07:56:34Z,2023-10-10,en-US,settings,customize;,savas,Hiding number of messages under Message List Header (post thunderbird 115),https://support.mozilla.org/questions/1426981,,,,,,,,,4,true,3.87,True,sfhowes
1426983,2023-10-10T08:07:22Z,2023-10-10,en-US,other,other;,apoole10661,Recent update has caused a problem,https://support.mozilla.org/questions/1426983,,,,,m:microsoftemail,,,,1,true,3.67,False,
1426986,2023-10-10T09:01:14Z,2023-10-10,en-US,installation-and-updates,download-and-install_1;,joentje71,Thunderbird 115 authentication problems,https://support.mozilla.org/questions/1426986,,,,,m:gmail;m:microsoftemail,,proto:imap;proto:smtp;proto:oauth,,2,true,626.35,False,
1426987,2023-10-10T09:03:17Z,2023-10-10,en-US,settings,customize;,mw100,Problem with folders,https://support.mozilla.org/questions/1426987,,,,,,,,,0,false,,False,
1426993,2023-10-10T09:56:55Z,2023-10-10,en-US,other,other;,Arvidd,Uninstall and Reinstall Thunderbird Without Losing Anything,https://support.mozilla.org/questions/1426993,os:windows,,,,,,,,1,true,1.94,False,
1426995,2023-10-10T10:19:49Z,2023-10-10,en-US,other,other;,neil.baron.1139,Inbox Line Spacing,https://support.mozilla.org/questions/1426995,,,,,,,,,3,true,1.36,True,davidsk
1426996,2023-10-10T10:22:22Z,2023-10-10,en-US,troubleshooting,fix-problems;,scanner1,E-Mails,https://support.mozilla.org/questions/1426996,,,,,,isp:frontier,proto:pop,,4,true,1.31,True,sfhowes
1426998,2023-10-10T10:37:49Z,2023-10-10,en-US,troubleshooting,fix-problems;,dukejeffries,when i drag my email into a folder the number count shows it's there but i don't see the email,https://support.mozilla.org/questions/1426998,,,,,,,,,0,false,,False,
1426999,2023-10-10T10:50:55Z,2023-10-10,en-US,other,other;,car-nuts,Thunderbird 115.3.0 I cannot figure out how to save an email to a local folder,https://support.mozilla.org/questions/1426999,,,,,,,,,1,false,,False,
1427000,2023-10-10T10:52:05Z,2023-10-10,en-US,installation-and-updates,download-and-install_1;,K5LY,Thunderbird 115.3.1 Unable to download POP3 messages,https://support.mozilla.org/questions/1427000,os:linux,,,,,,proto:pop,,1,true,8.1,True,wsmwk
1427001,2023-10-10T11:03:11Z,2023-10-10,en-US,troubleshooting,fix-problems;,connman,Video Conference Confirming Error,https://support.mozilla.org/questions/1427001,,,,,,,proto:smtp,,0,false,,False,
1427002,2023-10-10T11:03:11Z,2023-10-10,en-US,other,other;,anc2,Opens at random place in the folder,https://support.mozilla.org/questions/1427002,,,,,,,,,0,false,,False,
1427003,2023-10-10T11:07:43Z,2023-10-10,en-US,troubleshooting,fix-problems;,nschwartzman,Still asked to sign into Google after deleting account,https://support.mozilla.org/questions/1427003,,,,,m:gmail,,,,5,true,0.33,True,sfhowes
1427004,2023-10-10T11:17:28Z,2023-10-10,en-US,installation-and-updates,download-and-install_1;,HeavyMetal,How to downgrade Thunderbird (portable),https://support.mozilla.org/questions/1427004,,,,,,,,,6,true,0.37,True,danawilson001
1427006,2023-10-10T11:31:03Z,2023-10-10,es,troubleshooting,fix-problems;,carlos.dounce,"Unable to login on Office365 account; error ""User is authenticated but not connected""",https://support.mozilla.org/questions/1427006,os:linux,,,,m:microsoftemail,,,,0,false,,False,
1427010,2023-10-10T12:00:11Z,2023-10-10,es,troubleshooting,fix-problems;,gonzalogeladorodriguez,Use of storage,https://support.mozilla.org/questions/1427010,,,,,,,,,0,false,,False,
1427011,2023-10-10T12:04:05Z,2023-10-10,en-US,other,other;,james.m1,Thunderbird 115.3.1 - Printer missing,https://support.mozilla.org/questions/1427011,,,,,,,,,5,true,19.78,False,
1427012,2023-10-10T12:17:14Z,2023-10-10,en-US,installation-and-updates,download-and-install_1;,michael.alexander.svoboda,How do I get the old Thunderbird back?,https://support.mozilla.org/questions/1427012,,,,,,,,,1,true,6.57,False,
1427013,2023-10-10T12:18:04Z,2023-10-10,es,settings,customize;,pep12ric14,Ordenar correos por más de una columna.,https://support.mozilla.org/questions/1427013,,,,,,,,,0,false,,False,
1427015,2023-10-10T12:20:15Z,2023-10-10,en-US,other,other;,Hikermann,Cursor jumping back to Subject line while writing e-message,https://support.mozilla.org/questions/1427015,,,,,,,,,4,true,3.27,False,
1427019,2023-10-10T13:05:20Z,2023-10-10,en-US,other,other;,nashville360,Don't like the new update,https://support.mozilla.org/questions/1427019,,,,,,,,,1,true,5.73,False,
1427020,2023-10-10T13:27:42Z,2023-10-10,en-US,other,other;,cyclonecomputer,Thunderbird email rejected by Gmail,https://support.mozilla.org/questions/1427020,,,,,m:gmail,,proto:smtp,,9,true,18.31,False,
1427023,2023-10-10T13:38:14Z,2023-10-10,en-US,settings,customize;,kochese,no column headings shown in TB NONE!!!,https://support.mozilla.org/questions/1427023,,,,,,,,,1,true,48.07,False,
1427027,2023-10-10T14:24:12Z,2023-10-10,en-US,other,other;,NORTONKATE,emails not sending,https://support.mozilla.org/questions/1427027,,,,,,,,,1,true,17.28,False,
1427029,2023-10-10T14:44:12Z,2023-10-10,en-US,other,other;,michael.royce,"""Empty Junk"" + ""Compact"" ???",https://support.mozilla.org/questions/1427029,,,,,,,proto:imap,,1,true,16.91,False,
1427030,2023-10-10T14:47:12Z,2023-10-10,en-US,other,other;,avedzovg,Thunderbird incorrect name discplay,https://support.mozilla.org/questions/1427030,os:macos,,,,,,,,4,true,0.77,False,
1427031,2023-10-10T14:48:34Z,2023-10-10,en-US,settings,customize;needsinfo;,KuchleiT,Why were all my customized tool bar settings lost.,https://support.mozilla.org/questions/1427031,,,,,,,,,3,true,4.2,False,
1427039,2023-10-10T16:07:01Z,2023-10-10,en-US,troubleshooting,fix-problems;,BillYoder,on log in I get to <connected to server...> and no further action.,https://support.mozilla.org/questions/1427039,,,,,,isp:frontier,,,0,false,,False,
1427041,2023-10-10T16:10:58Z,2023-10-10,en-US,other,other;,ken2019la,Thunderbird 115,https://support.mozilla.org/questions/1427041,,,,,,,,,1,true,2.69,False,
1427042,2023-10-10T16:14:22Z,2023-10-10,en-US,other,other;,roberto-1,No email.,https://support.mozilla.org/questions/1427042,,,,,,,,,0,false,,False,
1427043,2023-10-10T16:26:07Z,2023-10-10,en-US,other,other;,ChuckG,Restoring missing Saved Messages,https://support.mozilla.org/questions/1427043,,,,,,,,,0,false,,False,
1427044,2023-10-10T17:05:51Z,2023-10-10,en-US,other,other;,JCtheWizard,Adding Contact to Several Address Books,https://support.mozilla.org/questions/1427044,,,,,,,,,1,true,4.84,False,
1427047,2023-10-10T18:29:39Z,2023-10-10,en-US,settings,customize;,wagtail1,positioning in incoming message stream,https://support.mozilla.org/questions/1427047,os:windows,,,,,isp:comcast,,,0,false,,False,
1427048,2023-10-10T18:34:41Z,2023-10-10,en-US,privacy-and-security,privacy-and-security_1;,wagtail1,"ISP passwords, as distinct from ""retail"" ones",https://support.mozilla.org/questions/1427048,os:windows,,,,,isp:comcast,,,1,true,13.36,False,
1427049,2023-10-10T18:46:13Z,2023-10-10,en-US,settings,customize;,gtalbott202,Thunderbird 115 - Problems with Message List Display,https://support.mozilla.org/questions/1427049,os:windows,,,,,,,,0,false,,False,
1427050,2023-10-10T18:46:27Z,2023-10-10,en-US,troubleshooting,fix-problems;,karl.lerud,"""403 Forbidden"" error when trying to connect to university Gmail account with Thunderbird 115",https://support.mozilla.org/questions/1427050,os:linux,,,,m:gmail,,proto:oauth,,0,false,,False,
1427051,2023-10-10T19:12:33Z,2023-10-10,en-US,other,other;,inge1950,Thunderbird email,https://support.mozilla.org/questions/1427051,,,,,,,,,1,true,9.25,False,
1427052,2023-10-10T19:19:45Z,2023-10-10,en-US,other,other;,evigil,Thunderbird stopped downloading POP3 AT&T/Yahoo emails,https://support.mozilla.org/questions/1427052,os:windows,,,,m:yahooemail,isp:att,proto:imap;proto:pop,,1,false,,False,
1427054,2023-10-10T20:02:50Z,2023-10-10,en-US,other,other;,gersen77,Pasting hyperlinks in an outgoing email message,https://support.mozilla.org/questions/1427054,os:windows,,,,,,,,0,false,,False,
1427056,2023-10-10T20:42:35Z,2023-10-10,en-US,other,other;,firefox1749,Can No Longer Minimize Message List Pane,https://support.mozilla.org/questions/1427056,,,,,,,,,2,true,1.01,False,
1427058,2023-10-10T21:09:32Z,2023-10-10,en-US,installation-and-updates,download-and-install_1;,msfox1,Moving profile to new PC - no messages,https://support.mozilla.org/questions/1427058,os:windows,,,,,,,,3,true,6.79,False,
1427059,2023-10-10T21:18:22Z,2023-10-10,en-US,tips-and-tricks,desktop;other;windows-10;firefox-1180;,Bob9754,Why can't I sign in after update115,https://support.mozilla.org/questions/1427059,os:windows,Windows 10,,,m:yahooemail,isp:att,,,5,true,7.57,False,
1427062,2023-10-10T21:32:18Z,2023-10-10,en-US,troubleshooting,fix-problems;,mikeamos777,Thunderbird not displaying email folders or calendar events after 115.3.2 (64-bit) update,https://support.mozilla.org/questions/1427062,,,,,,,,,1,false,,True,mikeamos777
1427063,2023-10-10T21:36:42Z,2023-10-10,it,troubleshooting,fix-problems;,guidodep91,ALLEGATI EMAIL,https://support.mozilla.org/questions/1427063,,,,,,,proto:imap,,9,true,2.72,False,
1427068,2023-10-10T22:59:53Z,2023-10-10,en-US,settings,customize;,njguitarman,"Sorting the Order of Email Accounts is not working, please help :-) !!",https://support.mozilla.org/questions/1427068,,,,,m:microsoftemail,,,,0,false,,False,
1427070,2023-10-10T23:36:34Z,2023-10-10,en-US,other,other;,xxyyxx,"Mbox All mail Including Spam and Trash.mbox larger than 4GB, skipping",https://support.mozilla.org/questions/1427070,,,,,,,,,8,true,4.84,False,
1427071,2023-10-10T23:45:38Z,2023-10-10,it,troubleshooting,fix-problems;,stefanopaolin88,Le mie mail ci sono ma non sono visibili,https://support.mozilla.org/questions/1427071,,,,,,,,,1,true,0.51,True,'@next
1427073,2023-10-11T00:00:29Z,2023-10-11,en-US,other,other;,emw13,Email page takes up too much area on my laptop screen,https://support.mozilla.org/questions/1427073,,,,,,,,,2,true,0.96,False,
1427075,2023-10-11T00:09:24Z,2023-10-11,it,other,other;,fuliobragoni,posizione barra menu,https://support.mozilla.org/questions/1427075,,,,,,,,,1,true,0.27,False,
1427077,2023-10-11T00:31:10Z,2023-10-11,en-US,other,other;,guido.spad8,Selecting multiple IMAP folders on Supernova running on MacOS Big Sur (11.7.10),https://support.mozilla.org/questions/1427077,os:macos,,,,,,proto:imap,,2,true,13.25,True,sfhowes
1427078,2023-10-11T00:33:49Z,2023-10-11,hu,other,other;,nagypisty,elküldött levelek,https://support.mozilla.org/questions/1427078,,,,,,,,,0,false,,False,
1427079,2023-10-11T00:39:02Z,2023-10-11,en-US,settings,customize;,johan26,Fontsize in diffrent boxes,https://support.mozilla.org/questions/1427079,,,,,,,,,1,true,6.58,False,
1427082,2023-10-11T01:03:00Z,2023-10-11,en-US,troubleshooting,fix-problems;,pmisztak,copying attachments from income message to new email with drag&drop,https://support.mozilla.org/questions/1427082,,,,,,,,,0,false,,False,
1427084,2023-10-11T01:46:32Z,2023-10-11,en-US,other,other;,jack16,New Thunderbird,https://support.mozilla.org/questions/1427084,,,,,,,,,2,true,2.66,False,
1427086,2023-10-11T02:05:35Z,2023-10-11,en-US,settings,customize;,rodrigues.jfd,System theme auto is enabled but does not reflect system theme,https://support.mozilla.org/questions/1427086,os:linux,,,,,,,,0,false,,False,
1427087,2023-10-11T02:19:41Z,2023-10-11,en-US,other,other;,ratbastards,Folder named Boxy,https://support.mozilla.org/questions/1427087,,,,,,,,,2,true,4.88,False,
1427088,2023-10-11T03:00:40Z,2023-10-11,cs,troubleshooting,fix-problems;,stepanka.petrousova,Odesílání mailů,https://support.mozilla.org/questions/1427088,,,,,,,,,1,true,1.47,False,
1427089,2023-10-11T03:03:55Z,2023-10-11,it,troubleshooting,fix-problems;,giuseppe.borello,Thunderbird non funziona e non visualizza gli eventi e ele attività del calendario,https://support.mozilla.org/questions/1427089,,,,,,,,,6,true,2.13,False,
1427090,2023-10-11T03:11:52Z,2023-10-11,en-US,settings,customize;,glenda.sunderland,New Thunderbird: My emails are going into ALL MAIL instead of INBOX - please help!,https://support.mozilla.org/questions/1427090,,,,,,,,,1,true,1.22,False,
1427091,2023-10-11T03:16:04Z,2023-10-11,en-US,other,other;,homchickn,cant send mail from optonline.net,https://support.mozilla.org/questions/1427091,,,,,m:gmail,isp:optimum,,,0,false,,False,
1427092,2023-10-11T03:33:51Z,2023-10-11,en-US,calendar,calendar;,balrog1555,version 115.3.2 - creating an event,https://support.mozilla.org/questions/1427092,os:windows,,,,,,,,9,true,10.02,False,
1427096,2023-10-11T04:00:53Z,2023-10-11,hu,other,other;,steiner.andras.arnold,The number of emails in a folder bar has disappeared,https://support.mozilla.org/questions/1427096,,,,,,,,,3,true,1.92,False,
1427098,2023-10-11T04:07:51Z,2023-10-11,es,troubleshooting,fix-problems;,gonzalo2,Convertir el mensaje a Evento o Tarea cuelga el programa en Thunderbird 115.3.2 (64-bit) Supernova y version anterior,https://support.mozilla.org/questions/1427098,,,,,,,,,0,false,,False,
1427099,2023-10-11T04:15:57Z,2023-10-11,it,calendar,calendar;,caliamassimiliano,Descrizione evento del Calendario,https://support.mozilla.org/questions/1427099,,,,,,,,,2,true,0.91,False,
1427100,2023-10-11T04:25:57Z,2023-10-11,en-US,other,other;,stephenamonkley,Trying to Archive/Back up thousands of emails,https://support.mozilla.org/questions/1427100,os:windows,,,,m:gmail,,proto:pop,,4,true,2.76,False,
1427101,2023-10-11T04:29:42Z,2023-10-11,cs,troubleshooting,fix-problems;,itx.cz,Thunderbird 155.3.2 past update storage grow too much,https://support.mozilla.org/questions/1427101,,,,,,,proto:imap,,4,true,2.58,False,
1427102,2023-10-11T04:30:13Z,2023-10-11,it,other,other;,segreteriatstudio,Collegamento account Aruba Pec con Thunderbird,https://support.mozilla.org/questions/1427102,,,,,,,,,1,true,0.59,False,
1427104,2023-10-11T05:13:08Z,2023-10-11,en-US,troubleshooting,fix-problems;,ruskylehowser,Update 15.3.2 (64-bit) broke Thunderbird,https://support.mozilla.org/questions/1427104,os:linux,,,,,,proto:imap;proto:pop,,1,true,1.88,False,
1427106,2023-10-11T05:20:14Z,2023-10-11,en-US,installation-and-updates,download-and-install_1;,pgschreier,TB now almost invisible,https://support.mozilla.org/questions/1427106,,,,,,,,,11,true,3.54,False,
1427107,2023-10-11T05:29:27Z,2023-10-11,en-US,settings,customize;,cj.mobile,New Thunderbird v115.3.1,https://support.mozilla.org/questions/1427107,,,,,,,,,4,true,31.73,True,sfhowes
1427108,2023-10-11T05:43:03Z,2023-10-11,it,settings,customize;,giagal,Problemi con la nuova release di Thunderbird,https://support.mozilla.org/questions/1427108,,,,,m:microsoftemail,,,,1,true,1.73,False,
1427110,2023-10-11T05:52:22Z,2023-10-11,en-US,other,other;,mickey9,inbox and folders disappeared,https://support.mozilla.org/questions/1427110,,,,,,,,,0,false,,False,
1427111,2023-10-11T06:02:47Z,2023-10-11,en-US,other,other;,j.loessl,web.de email i cannot install,https://support.mozilla.org/questions/1427111,,,,,,,,,2,true,7.25,False,
1427112,2023-10-11T06:09:48Z,2023-10-11,it,installation-and-updates,download-and-install_1;,serenissimarepubblica,PDF vuoti,https://support.mozilla.org/questions/1427112,,,,,,,,,1,true,2.33,False,
1427113,2023-10-11T06:11:40Z,2023-10-11,en-US,other,other;,noreply6,get message button,https://support.mozilla.org/questions/1427113,,,,,,,,,1,true,0.86,False,
1427114,2023-10-11T06:28:27Z,2023-10-11,en-US,installation-and-updates,download-and-install_1;,ksg1971,Account disappeared and unable to add back again,https://support.mozilla.org/questions/1427114,,,,,m:microsoftemail,,,,2,true,6.67,True,ksg1971
1427116,2023-10-11T06:54:56Z,2023-10-11,en-US,other,other;,dd.mai73,Thunderbird update 115.3.2 (Mac OS),https://support.mozilla.org/questions/1427116,os:macos,,,,,,,,0,false,,False,
1427118,2023-10-11T07:03:52Z,2023-10-11,cs,other,other;,luky.zelinka,Nefunkčnost otevření okna z vyhledání,https://support.mozilla.org/questions/1427118,,,,,,,,,7,true,26.93,True,Ansamb
1427119,2023-10-11T07:13:05Z,2023-10-11,en-US,settings,customize;,john358,disable threads,https://support.mozilla.org/questions/1427119,,,,,,,,,49,true,2.17,False,
1427120,2023-10-11T07:19:13Z,2023-10-11,en-US,installation-and-updates,download-and-install_1;,weberandras1,Profile Gone after Update to 115.3.2,https://support.mozilla.org/questions/1427120,,,,,,,,,1,false,,True,weberandras1
1427122,2023-10-11T07:31:14Z,2023-10-11,en-US,tips-and-tricks,desktop;customize;windows-10;,Shirleydale,sounds for email,https://support.mozilla.org/questions/1427122,os:windows,Windows 10,,,,,,,1,true,9.76,False,
1427124,2023-10-11T07:32:39Z,2023-10-11,en-US,calendar,calendar;,jzeller.arch,Adding a shared read-only Google Workspace Calendar to Thunderbird?,https://support.mozilla.org/questions/1427124,,,,,,,,,1,true,5.49,False,
1427126,2023-10-11T07:45:50Z,2023-10-11,en-US,other,other;,davewhitearcata,New version is hard to read,https://support.mozilla.org/questions/1427126,,,,,,,,,2,true,29.49,False,
1427127,2023-10-11T07:50:53Z,2023-10-11,en-US,installation-and-updates,download-and-install_1;,savas,How to restore tags from a profile backup?,https://support.mozilla.org/questions/1427127,,,,,,,proto:imap,,3,true,4.76,False,
1427128,2023-10-11T08:00:08Z,2023-10-11,en-US,settings,customize;,savas,How can I change the default sort order & also change it for existing emails?,https://support.mozilla.org/questions/1427128,,,,,,,,,3,true,0.27,False,
1427129,2023-10-11T08:19:35Z,2023-10-11,en-US,other,other;,jimarch36,Links in Thunderbird email don't work anymore!,https://support.mozilla.org/questions/1427129,os:windows,,,,,,,,0,false,,False,
1427130,2023-10-11T08:22:35Z,2023-10-11,en-US,other,other;,legowerewolf,Background sync launch options,https://support.mozilla.org/questions/1427130,,,,,,,,,0,false,,False,
1427133,2023-10-11T08:58:51Z,2023-10-11,en-US,troubleshooting,fix-problems;,bsfinkel,Misleading  Message when Local Folder File is Missing,https://support.mozilla.org/questions/1427133,os:windows,,,,,,,,0,false,,False,
1427134,2023-10-11T08:59:32Z,2023-10-11,en-US,settings,customize;,AlanMGross,Account order in Thunderbird 115.3.2,https://support.mozilla.org/questions/1427134,,,,,,,,,0,false,,False,
1427135,2023-10-11T08:59:57Z,2023-10-11,en-US,other,other;,quercus5359,Thunderbird 15.3.2 deleting accounts,https://support.mozilla.org/questions/1427135,,,,,,,,,0,false,,False,
1427137,2023-10-11T09:08:58Z,2023-10-11,en-US,other,other;,cates_db,supernova upgrade mailbox view problem,https://support.mozilla.org/questions/1427137,,,,,,,,,4,true,3.57,True,cates_db
1427138,2023-10-11T09:16:54Z,2023-10-11,en-US,installation-and-updates,download-and-install_1;,jhuber1965,Thunderbird update automatically merged two accounts???,https://support.mozilla.org/questions/1427138,os:linux,,,,m:microsoftemail,,proto:imap,,0,false,,False,
1427139,2023-10-11T09:22:50Z,2023-10-11,en-US,troubleshooting,fix-problems;,cukfree,Thunderbird update on Mac,https://support.mozilla.org/questions/1427139,os:macos,,,,,,,,2,true,27.91,False,
1427141,2023-10-11T09:32:19Z,2023-10-11,en-US,other,other;,gilbert.mackenzie.cbs,Thunder Bird address book problem - adding New Contact,https://support.mozilla.org/questions/1427141,,,,,,,,,5,true,2.94,False,
1427142,2023-10-11T09:36:56Z,2023-10-11,en-US,installation-and-updates,download-and-install_1;,user152319932164491027691856765342579711405,Installlation of Thunderbird to Windows XP system on old Fujitu-Siemens laptop,https://support.mozilla.org/questions/1427142,,,,,,,,,3,true,1.68,False,
1427143,2023-10-11T09:41:25Z,2023-10-11,en-US,other,other;,billthebutcher,missing mail,https://support.mozilla.org/questions/1427143,,,,,m:microsoftemail,,,,0,false,,False,
1427148,2023-10-11T10:13:19Z,2023-10-11,en-US,troubleshooting,fix-problems;,swamp.rh,Thunderbird 115.3.1 stops very frequently.,https://support.mozilla.org/questions/1427148,,,,,,,,,0,false,,False,
1427152,2023-10-11T10:39:53Z,2023-10-11,en-US,other,other;,Vosvuur,How to restore INBOX which is GONE after Windows update Oct 2023,https://support.mozilla.org/questions/1427152,,,,,,,,,0,false,,False,
1427155,2023-10-11T11:11:09Z,2023-10-11,en-US,other,other;,gene46,Thunderbird looses Email account when closed,https://support.mozilla.org/questions/1427155,,,,,m:microsoftemail,,,,0,false,,False,
1427156,2023-10-11T11:28:12Z,2023-10-11,en-US,other,other;,jrwohcpa,forgot password,https://support.mozilla.org/questions/1427156,,,,,,,,,1,true,1.72,False,
1427157,2023-10-11T11:50:12Z,2023-10-11,en-US,other,other;,osprey423,thunderbird email,https://support.mozilla.org/questions/1427157,,,,,,,,,0,false,,False,
1427159,2023-10-11T12:08:31Z,2023-10-11,en-US,troubleshooting,fix-problems;,madsen.bill,Crash after last big update now stuck in beta,https://support.mozilla.org/questions/1427159,os:windows,,,,m:gmail,,,,0,false,,False,
1427160,2023-10-11T12:19:13Z,2023-10-11,en-US,settings,customize;,TaylorNorth1,How to Make Supernova look like TB 102,https://support.mozilla.org/questions/1427160,,,,,,,,,0,false,,False,
1427162,2023-10-11T12:23:30Z,2023-10-11,en-US,other,other;,cjlosment,Missing Icons,https://support.mozilla.org/questions/1427162,,,,,,,,,2,true,0.44,True,davidsk
1427163,2023-10-11T12:26:36Z,2023-10-11,en-US,troubleshooting,fix-problems;,gerard.dens1,Thunderbird fails to download new mails (POP & IMAP),https://support.mozilla.org/questions/1427163,,,,,,,proto:imap;proto:pop,,0,false,,False,
1427164,2023-10-11T12:32:27Z,2023-10-11,en-US,settings,customize;,montyt63,Message tags are not being saved in TB Inbox,https://support.mozilla.org/questions/1427164,,,,,,,proto:imap,,0,false,,False,
1427166,2023-10-11T13:04:16Z,2023-10-11,en-US,other,other;,TAA204,Changing the order of email accounts in Thunderbird,https://support.mozilla.org/questions/1427166,,,,,,,,,1,true,24.24,False,
1427168,2023-10-11T13:15:42Z,2023-10-11,en-US,other,other;,hofer51,"Latest Thunderbird ""upgrade"" (115.2) deleted one of my email accounts. How can I get it back?",https://support.mozilla.org/questions/1427168,,,,,m:gmail,isp:cox,,,1,true,594.51,False,
1427171,2023-10-11T13:24:50Z,2023-10-11,en-US,privacy-and-security,privacy-and-security_1;,m6kt2pjdfg,Using Thunderbird email with new oauth2 and Microsoft 365,https://support.mozilla.org/questions/1427171,,,,,m:microsoftemail,,proto:imap;proto:pop;proto:oauth,,0,false,,False,
1427174,2023-10-11T13:54:29Z,2023-10-11,en-US,troubleshooting,fix-problems;,o.talamo,Thunderbird 115 locks while updating ics calendar files,https://support.mozilla.org/questions/1427174,,,,,,,,,0,false,,False,
1427176,2023-10-11T14:06:36Z,2023-10-11,en-US,other,other;,Rubberfish,V115: 3 User Interface problems I can't solve,https://support.mozilla.org/questions/1427176,,,,,,,,,9,true,3.54,False,
1427177,2023-10-11T14:13:59Z,2023-10-11,en-US,other,other;,kwesler,Link/hyperlink dialog box not showing up,https://support.mozilla.org/questions/1427177,,,,,,,,,10,true,3.28,False,
1427178,2023-10-11T14:16:08Z,2023-10-11,en-US,other,other;,dragomute,Can't log in to Thunderbird,https://support.mozilla.org/questions/1427178,os:windows,,,,m:microsoftemail,,,,1,true,3.22,False,
1427180,2023-10-11T14:22:26Z,2023-10-11,en-US,settings,customize;,jmo2610,Can Thunderbird Open Links in Browser Other Than OS Default?,https://support.mozilla.org/questions/1427180,,,,,,,,,0,false,,False,
1427181,2023-10-11T14:26:10Z,2023-10-11,en-US,other,other;,levin_zohar,Thunderbird 115 and bold top message instead of underline stopped working,https://support.mozilla.org/questions/1427181,,,,,,,,,2,true,260.3,True,sfhowes
1427182,2023-10-11T14:42:09Z,2023-10-11,en-US,settings,customize;,jsmallfi,Account folder reorganization suddently stopped working,https://support.mozilla.org/questions/1427182,,,,,,,,,0,false,,False,
1427184,2023-10-11T14:49:45Z,2023-10-11,en-US,tips-and-tricks,seg-ios;install-and-update-firefox-ios;tbdonorcare;,serape,Wanting to Donate to Thunderbird,https://support.mozilla.org/questions/1427184,,,,,,,,,1,true,22.51,False,
1427187,2023-10-11T14:53:42Z,2023-10-11,en-US,troubleshooting,fix-problems;,w7wll,Exceeding cached connections message,https://support.mozilla.org/questions/1427187,os:windows,,,,,,proto:imap,,0,false,,False,
1427188,2023-10-11T14:58:56Z,2023-10-11,en-US,other,other;,TVMark,Double carriage returns in version 115.3.2 do strange things,https://support.mozilla.org/questions/1427188,,,,,,,,,0,false,,False,
1427189,2023-10-11T15:10:28Z,2023-10-11,en-US,troubleshooting,fix-problems;,BasilRathbone,Thunderbird doesn't remember which screen it was last closed on,https://support.mozilla.org/questions/1427189,,,,,,,,,0,false,,False,
1427190,2023-10-11T15:11:21Z,2023-10-11,en-US,troubleshooting,fix-problems;,greghill,"""Unable to write the email to the mailbox. Make sure the file system allows you write privileges, and you have enough di",https://support.mozilla.org/questions/1427190,,,,,,,,,0,false,,False,
1427191,2023-10-11T15:14:20Z,2023-10-11,en-US,other,other;,Bobh50,Lost email,https://support.mozilla.org/questions/1427191,,,,,,isp:frontier,proto:imap;proto:smtp;proto:pop,,0,false,,False,
1427192,2023-10-11T15:26:06Z,2023-10-11,en-US,settings,customize;,uvwild,Names but no Email Addresses are Displayed in Version 115!,https://support.mozilla.org/questions/1427192,,,,,m:microsoftemail,,,,0,false,,False,
1427196,2023-10-11T16:11:37Z,2023-10-11,en-US,other,other;,superflea,Thunderbird stopped logging into Frontier communications to get my email. Help,https://support.mozilla.org/questions/1427196,,,,,,isp:frontier,,,2,true,0.63,False,
1427197,2023-10-11T16:48:39Z,2023-10-11,en-US,other,other;,firefox1809,Outbox unsent message count missing,https://support.mozilla.org/questions/1427197,,,,,,,,,5,true,0.11,False,
1427198,2023-10-11T17:09:41Z,2023-10-11,en-US,installation-and-updates,download-and-install_1;,rkmcdonald,Space bar does not function when typing in the message body of version 115.3.2 on Mac running Ventura 13.6,https://support.mozilla.org/questions/1427198,os:macos,,,,,,,,0,false,,False,
1427199,2023-10-11T17:27:02Z,2023-10-11,en-US,installation-and-updates,download-and-install_1;,ramjr66,Upgrade from 115.3.1 to 115.3.2 breaks Owl extension - can I downgrade to 115.3.1?,https://support.mozilla.org/questions/1427199,,,,,,,,,3,true,10.18,True,davidsk
1427202,2023-10-11T17:55:22Z,2023-10-11,en-US,installation-and-updates,download-and-install_1;,nickfromiowa,local messages on Thunderbird,https://support.mozilla.org/questions/1427202,,,,,,,,,0,false,,False,
1427203,2023-10-11T18:10:31Z,2023-10-11,en-US,privacy-and-security,privacy-and-security_1;,elisekang.sy,cannot login to mail account,https://support.mozilla.org/questions/1427203,,,,,m:gmail,,,,0,false,,False,
1427205,2023-10-11T19:04:50Z,2023-10-11,en-US,settings,customize;,danielmunoz01,OWL not working with 115.3.2,https://support.mozilla.org/questions/1427205,,,,,,,,,2,true,8.51,False,
1427206,2023-10-11T19:24:37Z,2023-10-11,en-US,other,other;,mhubel,SERVERBUG,https://support.mozilla.org/questions/1427206,,,,,,,proto:imap,,0,false,,False,
1427208,2023-10-11T19:27:02Z,2023-10-11,en-US,privacy-and-security,privacy-and-security_1;,keri.snoopgirl,Thunderbird email,https://support.mozilla.org/questions/1427208,,,,,,,,,0,false,,False,
1427209,2023-10-11T19:28:03Z,2023-10-11,en-US,installation-and-updates,download-and-install_1;,cyrilsaunders4,My email will not download messages,https://support.mozilla.org/questions/1427209,,,,,,,,,0,false,,False,
1427210,2023-10-11T19:30:20Z,2023-10-11,en-US,installation-and-updates,download-and-install_1;,cyrilsaunders4,My email will not download messages,https://support.mozilla.org/questions/1427210,,,,,,,,,1,false,,False,
1427211,2023-10-11T19:32:57Z,2023-10-11,en-US,settings,customize;,wjh123,Can't make message list less than 1.5 inches high,https://support.mozilla.org/questions/1427211,,,,,,,,,1,true,2.61,False,
1427214,2023-10-11T21:05:17Z,2023-10-11,en-US,troubleshooting,fix-problems;,smoise831,Inserting links in Thunderbird mail causing message to freeze,https://support.mozilla.org/questions/1427214,,,,,,,,,5,true,1.05,True,sfhowes
1427219,2023-10-11T22:40:52Z,2023-10-11,en-US,troubleshooting,fix-problems;,wayne.m.best,Thunderbird exchange email accounts disappeared and I cannot get them back,https://support.mozilla.org/questions/1427219,,,,,m:microsoftemail,,,,2,true,12.96,True,sfhowes
1427222,2023-10-11T23:14:30Z,2023-10-11,en-US,calendar,calendar;,pmnoyes,calendar,https://support.mozilla.org/questions/1427222,,,,,,,,,0,false,,False,
1427224,2023-10-12T00:14:23Z,2023-10-12,it,installation-and-updates,download-and-install_1;,valentino.ederle,Account office 365 non si installa dopo ultima versione,https://support.mozilla.org/questions/1427224,,,,,m:microsoftemail,,,,1,true,1.88,False,
1427226,2023-10-12T01:24:42Z,2023-10-12,en-US,other,other;,MarcVN,"Signing does not work, even the certificate is shown",https://support.mozilla.org/questions/1427226,,,,,,,,,0,false,,False,
1427227,2023-10-12T01:39:54Z,2023-10-12,en-US,troubleshooting,fix-problems;,ying-hui.the,"microsoft outlook accounts, all lost from Thunderbird interface",https://support.mozilla.org/questions/1427227,,,,,m:microsoftemail,,,,0,false,,False,
1427228,2023-10-12T01:41:33Z,2023-10-12,en-US,other,other;,wavivit411,"Subject lines, recients lines ect are blank",https://support.mozilla.org/questions/1427228,,,,,,,,,1,false,,False,
1427229,2023-10-12T01:46:47Z,2023-10-12,en-US,settings,customize;,solarscream88,To disable total messages count,https://support.mozilla.org/questions/1427229,,,,,,,,,12,true,1.79,True,davidsk
1427231,2023-10-12T02:06:57Z,2023-10-12,en-US,installation-and-updates,download-and-install_1;,trevormizon24,"Following the update to 115.3.2 my OWL add in does not work, can you help.",https://support.mozilla.org/questions/1427231,,,,,,,,,2,true,1.4,False,
1427232,2023-10-12T02:19:49Z,2023-10-12,en-US,other,other;,francis.hallawell,"Problem: ""A unique identity matching the From address was not found""",https://support.mozilla.org/questions/1427232,os:windows,,,,m:microsoftemail,,,,0,false,,False,
1427233,2023-10-12T02:59:28Z,2023-10-12,tr,other,other;,tas.barbaros,Thunderbirds Filtreleri,https://support.mozilla.org/questions/1427233,,,,,,,,,2,true,2.36,False,
1427237,2023-10-12T03:37:54Z,2023-10-12,en-US,installation-and-updates,download-and-install_1;,ingenierostecnicostenerife,last version portable thunderbird give me problems. Lost accounts,https://support.mozilla.org/questions/1427237,,,,,,,,,0,false,,False,
1427238,2023-10-12T03:43:33Z,2023-10-12,en-US,other,other;,abauzys,new thunderbird email app,https://support.mozilla.org/questions/1427238,,,,,,,,,0,false,,False,
1427239,2023-10-12T03:48:17Z,2023-10-12,en-US,other,other;,pjlspamfilter-firefox,Donation,https://support.mozilla.org/questions/1427239,,,,,m:gmail;m:yahooemail,,,,1,true,1.76,False,
1427240,2023-10-12T04:04:57Z,2023-10-12,it,other,other;,paoloterranova.85,Problema con configurazione account Oulook su Thunderbird,https://support.mozilla.org/questions/1427240,,,,,m:microsoftemail,,,,1,true,1.02,False,
1427241,2023-10-12T04:19:06Z,2023-10-12,en-US,calendar,calendar;,k882,Calendar invites not working,https://support.mozilla.org/questions/1427241,,,,,,,,,0,false,,False,
1427244,2023-10-12T05:16:34Z,2023-10-12,en-US,other,other;,awolf44,Address Book Lists,https://support.mozilla.org/questions/1427244,,,,,,,,,1,true,6.24,False,
1427245,2023-10-12T05:18:10Z,2023-10-12,en-US,calendar,calendar;,fabis1994,Thunderbird occasionally just doesn't show event reminders,https://support.mozilla.org/questions/1427245,os:windows,,,,,,,,0,false,,False,
1427248,2023-10-12T05:46:59Z,2023-10-12,en-US,other,other;,foothillsvet,New version/trouble downloading new message,https://support.mozilla.org/questions/1427248,,,,,,,proto:pop,,0,false,,False,
1427249,2023-10-12T06:02:47Z,2023-10-12,en-US,other,other;,Chapala,Blocked access to primary email account,https://support.mozilla.org/questions/1427249,,,,,,,,,0,false,,False,
1427250,2023-10-12T06:04:09Z,2023-10-12,en-US,other,other;,wolf-schindler,"""Your message was sent but a copy was not placed in your sent folder (Sent) due to network or file access errors. You ca",https://support.mozilla.org/questions/1427250,,,,,,,,,0,false,,False,
1427251,2023-10-12T06:10:23Z,2023-10-12,en-US,troubleshooting,fix-problems;,hatcreek55,Thunderbird collapse after update,https://support.mozilla.org/questions/1427251,,,,,,,,,0,false,,False,
1427252,2023-10-12T06:17:17Z,2023-10-12,en-US,settings,customize;,eva.jarne,New Thunderbird version is a disaster,https://support.mozilla.org/questions/1427252,,,,,,,,,2,true,7.09,False,
1427253,2023-10-12T06:30:43Z,2023-10-12,en-US,other,other;,msi5b51,How to change the font of the folder and message list panels?,https://support.mozilla.org/questions/1427253,,,,,,,,,5,true,4.55,True,sfhowes
1427255,2023-10-12T06:33:49Z,2023-10-12,en-US,installation-and-updates,download-and-install_1;,tntrons,Email Server,https://support.mozilla.org/questions/1427255,,,,,,,,,1,true,0.54,False,
1427257,2023-10-12T06:54:50Z,2023-10-12,en-US,other,other;,claudio.romano42,Mozilla,https://support.mozilla.org/questions/1427257,,,,,m:gmail,,,,1,true,3.93,False,
1427258,2023-10-12T06:56:29Z,2023-10-12,en-US,troubleshooting,fix-problems;,richardldery,"Thunderbird new version, jumps lines",https://support.mozilla.org/questions/1427258,,,,,,,,,2,true,6.45,False,
1427261,2023-10-12T07:09:36Z,2023-10-12,en-US,troubleshooting,fix-problems;,erich.jess,Problems with IMAP account (Google Workspace) and Address Book,https://support.mozilla.org/questions/1427261,,,,,,,proto:imap,,3,true,880.12,False,
1427262,2023-10-12T07:11:58Z,2023-10-12,en-US,settings,customize;,CatchAsCatchCan,Need to export Thunderbird 115.3.2 Address Book to Vcard,https://support.mozilla.org/questions/1427262,,,,,,,,,1,true,3.54,False,
1427263,2023-10-12T07:13:56Z,2023-10-12,en-US,other,other;,dianemp,Reading messages Thunderbird 115.3.2,https://support.mozilla.org/questions/1427263,,,,,,,,,8,true,3.46,True,dianemp
1427264,2023-10-12T07:14:23Z,2023-10-12,en-US,settings,customize;,olzman,Rearranging Accounts,https://support.mozilla.org/questions/1427264,,,,,,,,,0,false,,False,
1427265,2023-10-12T07:29:18Z,2023-10-12,en-US,installation-and-updates,download-and-install_1;,d.thompsonfd,SMTP Password not an option,https://support.mozilla.org/questions/1427265,,,,,m:microsoftemail,,proto:smtp,,0,false,,False,
1427270,2023-10-12T07:42:17Z,2023-10-12,cs,installation-and-updates,download-and-install_1;,dittrichova.mar,Microsoft Exchange - odchozí pošta,https://support.mozilla.org/questions/1427270,,,,,m:microsoftemail,,proto:smtp;proto:oauth,,1,true,2.09,False,
1427274,2023-10-12T07:52:05Z,2023-10-12,en-US,other,other;,s.a.barker,can i not access my email unless i donate?,https://support.mozilla.org/questions/1427274,,,,,,,,,4,true,4.02,False,
1427275,2023-10-12T07:53:04Z,2023-10-12,en-US,other,other;,etomchuk,new update has no write button,https://support.mozilla.org/questions/1427275,,,,,,,,,2,true,39.64,False,
1427276,2023-10-12T07:53:12Z,2023-10-12,en-US,installation-and-updates,download-and-install_1;,u.i.hill,How can I get Version 102 back?,https://support.mozilla.org/questions/1427276,,,,,,,,,4,true,40.28,True,u.i.hill
1427277,2023-10-12T08:07:44Z,2023-10-12,en-US,settings,customize;,info815,Personalized colors lost on Supernova (115.3.2),https://support.mozilla.org/questions/1427277,,,,,,,,,6,true,2.5,False,
1427278,2023-10-12T08:07:54Z,2023-10-12,en-US,settings,customize;,Tudieb,New update from Thunderbird yesterday and now no delete on menu bar,https://support.mozilla.org/questions/1427278,,,,,,,,,2,true,2.44,True,sfhowes
1427281,2023-10-12T08:25:26Z,2023-10-12,en-US,troubleshooting,fix-problems;,sunapeedog,Authentication Failure,https://support.mozilla.org/questions/1427281,,,,,m:gmail,,proto:imap,,2,true,1359.41,False,
1427284,2023-10-12T08:43:39Z,2023-10-12,en-US,troubleshooting,fix-problems;,M-D-C,Thunderbird update to Ver. 115.3.2 (64-bit),https://support.mozilla.org/questions/1427284,,,,,,,,,2,true,1.76,True,sfhowes
1427286,2023-10-12T08:49:45Z,2023-10-12,en-US,installation-and-updates,download-and-install_1;,jworks,Supernova,https://support.mozilla.org/questions/1427286,,,,,,,,,2,true,4.57,False,
1427292,2023-10-12T09:44:19Z,2023-10-12,en-US,other,other;,kochese,no column headings shown in TB NONE!!!,https://support.mozilla.org/questions/1427292,,,,,,,,,8,true,3.96,True,kochese
1427296,2023-10-12T09:56:06Z,2023-10-12,en-US,settings,customize;,kochese,resetting column headings to default,https://support.mozilla.org/questions/1427296,,,,,,,,,1,true,3.77,False,
1427300,2023-10-12T10:14:44Z,2023-10-12,en-US,calendar,calendar;,sklatteh,No option to add  attchments to a calendar event.,https://support.mozilla.org/questions/1427300,,,,,,,,,1,true,0.2,False,
1427305,2023-10-12T11:04:50Z,2023-10-12,en-US,calendar,calendar;,Nosferican,Adding calendar subscription from a 365/Outlook calendar in an 365/Outlook account,https://support.mozilla.org/questions/1427305,,,,,m:microsoftemail,,,,0,false,,False,
1427306,2023-10-12T11:06:01Z,2023-10-12,en-US,troubleshooting,fix-problems;,petr.vaculik,Blank email screen after upgrade to Supernova 115.3.2.,https://support.mozilla.org/questions/1427306,,,,,,,,,3,true,2.92,True,petr.vaculik
1427307,2023-10-12T11:09:38Z,2023-10-12,en-US,other,other;,ariadne.mk,I get an error message saying the user was able to authenticate but could not connect.,https://support.mozilla.org/questions/1427307,,,,,,,,,0,false,,False,
1427310,2023-10-12T11:28:11Z,2023-10-12,en-US,other,other;,mhahn,Outgoing server does not work,https://support.mozilla.org/questions/1427310,,,,,m:gmail,,proto:smtp,,0,false,,False,
1427311,2023-10-12T11:34:28Z,2023-10-12,en-US,other,other;,WriteStuff,"Locating a new message that's been downloaded as ""marked read""",https://support.mozilla.org/questions/1427311,,,,,,,,,0,false,,False,
1427312,2023-10-12T11:46:08Z,2023-10-12,en-US,other,other;,ghc210791,.E mails not stored properly,https://support.mozilla.org/questions/1427312,,,,,,,,,0,false,,False,
1427314,2023-10-12T12:08:00Z,2023-10-12,en-US,other,other;,joe125,"Thunderbird: Revert to Old Theme - new theme has too much color, blue circles for number of unread messages, text is too",https://support.mozilla.org/questions/1427314,,,,,,,,,5,true,1.93,True,joe125
1427316,2023-10-12T12:23:13Z,2023-10-12,en-US,other,other;,expilot3,New Format,https://support.mozilla.org/questions/1427316,os:windows,,,,,,,,7,true,1.78,False,
1427317,2023-10-12T12:32:51Z,2023-10-12,en-US,settings,customize;,lotsofjoy,Controls are suddently in the top bar and It's not working for me.,https://support.mozilla.org/questions/1427317,,,,,,,,,5,true,35.59,True,wsmwk
1427320,2023-10-12T12:48:54Z,2023-10-12,en-US,other,other;,MJRJ,New Thunderbird Update 115.3.2 on Imac Big Sur 11.7.10,https://support.mozilla.org/questions/1427320,os:macos,,,,,,,,0,false,,False,
1427322,2023-10-12T12:50:14Z,2023-10-12,it,settings,customize;,maurizio.lana,cartelle che si chiudano automaticamente dopo un tempo dato,https://support.mozilla.org/questions/1427322,,,,,,,,,1,true,10.28,False,
1427324,2023-10-12T12:51:54Z,2023-10-12,en-US,other,other;,dominiqueburns,E-mail,https://support.mozilla.org/questions/1427324,,,,,,,,,1,true,39.15,False,
1427327,2023-10-12T12:57:15Z,2023-10-12,en-US,other,other;,rpdelmar,Write window in a tab,https://support.mozilla.org/questions/1427327,,,,,,,,,1,true,0.52,False,
1427328,2023-10-12T13:01:34Z,2023-10-12,en-US,other,other;,oceanwave7394,Questions thunderbird email and support,https://support.mozilla.org/questions/1427328,,,,,m:microsoftemail,,,av:norton,0,false,,False,
1427329,2023-10-12T13:04:34Z,2023-10-12,en-US,installation-and-updates,download-and-install_1;,tseabrook,Revert to Thunderbird Setup 102.15,https://support.mozilla.org/questions/1427329,,,,,,,,,0,false,,False,
1427333,2023-10-12T13:46:46Z,2023-10-12,it,settings,customize;,aconita,Cambio sfondo/testo,https://support.mozilla.org/questions/1427333,os:linux,,,,,,,,2,true,9.3,True,aconita
1427335,2023-10-12T13:58:05Z,2023-10-12,en-US,troubleshooting,fix-problems;,dasoumis72,Thunderbird very slow downloading and reading emails from gmail,https://support.mozilla.org/questions/1427335,,,,,m:gmail,,,,0,false,,False,
1427340,2023-10-12T14:19:26Z,2023-10-12,en-US,troubleshooting,fix-problems;,bpkasper,Thunderbird 115.3.2 64-bit is displaying HTML content from the wrong messages,https://support.mozilla.org/questions/1427340,os:windows,,,,m:gmail,,proto:smtp,,2,true,37.65,True,christ1
1427343,2023-10-12T14:33:54Z,2023-10-12,en-US,troubleshooting,fix-problems;,richardldery,Thunderbird latest version jumping lines,https://support.mozilla.org/questions/1427343,,,,,,,,,11,true,33.56,False,
1427352,2023-10-12T15:54:03Z,2023-10-12,en-US,other,other;,tompienkos,Personal Folders of saved emails,https://support.mozilla.org/questions/1427352,,,,,,,,,0,false,,False,
1427355,2023-10-12T16:33:05Z,2023-10-12,en-US,settings,customize;,maegenweird,Email from whitelisted senders still lands in spam folder,https://support.mozilla.org/questions/1427355,,,,,,,,,5,true,1.99,True,sfhowes
1427357,2023-10-12T16:36:56Z,2023-10-12,en-US,installation-and-updates,download-and-install_1;,goodwin.shell,Moving folders back and forth to Unified Folder causing issues,https://support.mozilla.org/questions/1427357,,,,,m:gmail,,,,1,true,555.2,False,
1427360,2023-10-12T17:03:55Z,2023-10-12,en-US,settings,customize;,stakeouttoo,T-bird 115 supernova.. are you kidding?,https://support.mozilla.org/questions/1427360,,,,,,,,,2,true,27.38,False,
1427361,2023-10-12T17:18:08Z,2023-10-12,en-US,privacy-and-security,privacy-and-security_1;,brianstokes,Pasting image into email error - 'Thunderbird has blocked a file from loading into this message',https://support.mozilla.org/questions/1427361,,,,,,,,,0,false,,False,
1427365,2023-10-12T18:08:42Z,2023-10-12,en-US,other,other;,ejbax,MS Exchange (Outlook) account disappearing when exiting Thunderbird,https://support.mozilla.org/questions/1427365,,,,,m:gmail;m:microsoftemail,,,,2,true,0.27,True,sfhowes
1427366,2023-10-12T18:34:17Z,2023-10-12,en-US,settings,customize;,shop01,Message List size,https://support.mozilla.org/questions/1427366,,,,,,,,,1,true,3.5,False,
1427367,2023-10-12T18:36:29Z,2023-10-12,en-US,installation-and-updates,download-and-install_1;,shop01,Thunderbird SuperNova crashing,https://support.mozilla.org/questions/1427367,,,,,,,,,2,true,25.72,False,
1427368,2023-10-12T18:45:53Z,2023-10-12,en-US,settings,customize;,margochester,"HOw do I mvoe teh ""Followup"" button?",https://support.mozilla.org/questions/1427368,,,,,,,,,3,true,3.23,True,sfhowes
1427370,2023-10-12T19:24:45Z,2023-10-12,en-US,tips-and-tricks,linux;desktop;download-and-install_1;,phoenixcomm,"Linux Debian Thunderbird error ""Incoming server already existis.",https://support.mozilla.org/questions/1427370,os:linux,Linux,,,m:gmail,,proto:imap;proto:smtp;proto:oauth,,2,true,24.9,True,phoenixcomm
1427372,2023-10-12T19:54:40Z,2023-10-12,en-US,other,other;,bluetreesgreentrees,Search bar function opens waaaaay too many emails,https://support.mozilla.org/questions/1427372,,,,,,,,,0,false,,False,
1427373,2023-10-12T21:02:51Z,2023-10-12,en-US,other,other;,AnotherMigraine,Protonmail Error-Current Operation on Inbox Did Not Succeed-Mail Server for Account Responded No Such Mailbox,https://support.mozilla.org/questions/1427373,os:windows,,,,m:protonmail,,,,5,true,23.23,True,AnotherMigraine
1427376,2023-10-12T22:54:21Z,2023-10-12,it,troubleshooting,fix-problems;,nerimauro74,modalità cartelle unificate,https://support.mozilla.org/questions/1427376,,,,,,,,,1,true,9.41,False,
1427377,2023-10-12T23:16:17Z,2023-10-12,en-US,other,other;,sanifilippomarco,An Exchange account is not saved in Thunderbird (I'm using Exquilla plugin),https://support.mozilla.org/questions/1427377,,,,,,,,,1,true,12.82,False,
1427378,2023-10-12T23:18:05Z,2023-10-12,en-US,other,other;,tushar.ar,Email gets deleted from Inbox and server.,https://support.mozilla.org/questions/1427378,,,,,,,proto:pop,,1,true,28.53,False,
1427380,2023-10-12T23:42:25Z,2023-10-12,en-US,other,other;,rachelraphael45,Email not working,https://support.mozilla.org/questions/1427380,,,,,,,proto:smtp,,16,true,5.15,True,sfhowes
1427383,2023-10-13T00:26:47Z,2023-10-13,it,troubleshooting,fix-problems;,bertoluzzim,Thunderbird improvvisamente bloccato,https://support.mozilla.org/questions/1427383,,,,,,,proto:imap,,2,true,1.53,True,bertoluzzim
1427384,2023-10-13T01:05:29Z,2023-10-13,en-US,settings,customize;,margochester,115: I lost my column headers,https://support.mozilla.org/questions/1427384,,,,,,,,,3,true,10.98,True,sfhowes
1427387,2023-10-13T02:07:32Z,2023-10-13,cs,installation-and-updates,download-and-install_1;,marek.kopecky,vyhledání kontaktů,https://support.mozilla.org/questions/1427387,,,,,,,proto:imap,,3,true,0.73,False,
1427388,2023-10-13T02:12:02Z,2023-10-13,en-US,other,other;,micha.jedamzik,Filter for Emails,https://support.mozilla.org/questions/1427388,,,,,,,,,3,true,18.05,False,
1427389,2023-10-13T02:22:29Z,2023-10-13,it,other,other;,info10071,Cartella Posta Inviata vuota,https://support.mozilla.org/questions/1427389,,,,,,,,,4,true,6.02,True,info10071
1427390,2023-10-13T02:23:47Z,2023-10-13,en-US,troubleshooting,fix-problems;,prancenicholas,Thunderbird,https://support.mozilla.org/questions/1427390,,,,,,,,,2,true,25.38,False,
1427391,2023-10-13T02:56:08Z,2023-10-13,it,settings,customize;,f.zetafoto,visualizzazione ultima email su t,https://support.mozilla.org/questions/1427391,,,,,,,,,4,true,5.47,True,'@next
1427392,2023-10-13T03:11:21Z,2023-10-13,en-US,troubleshooting,fix-problems;,bdepukat,Content-Type: multipart/mixed,https://support.mozilla.org/questions/1427392,,,,,,,,,1,true,17.03,False,
1427393,2023-10-13T03:16:28Z,2023-10-13,en-US,other,other;,tzot,No “Apply filters on selected messages” menu item in Thunderbird 115.3.1 on XUbuntu 23.04,https://support.mozilla.org/questions/1427393,os:linux,,,,m:gmail,,,,2,true,8.7,False,
1427394,2023-10-13T03:20:37Z,2023-10-13,en-US,troubleshooting,fix-problems;,rgsrose2,Rotating color ball Problem,https://support.mozilla.org/questions/1427394,,,,,,,,,0,false,,False,
1427395,2023-10-13T03:44:36Z,2023-10-13,en-US,installation-and-updates,download-and-install_1;,psykolog114,Thunderbird 115 update messed up order of forlders. How can they be rearranged?,https://support.mozilla.org/questions/1427395,,,,,,,,,0,false,,False,
1427396,2023-10-13T04:05:16Z,2023-10-13,cs,settings,customize;,pcuc66,Vložení podpisu (nebo textu v HTML formátu ze souboru) do rozepsaného emailu,https://support.mozilla.org/questions/1427396,,,,,,,,,3,true,6.2,True,Ansamb
1427397,2023-10-13T04:17:19Z,2023-10-13,es,other,other;,arm.pablo,Sólo veo los NO-LEIDOS,https://support.mozilla.org/questions/1427397,,,,,,,,,0,false,,False,
1427400,2023-10-13T04:46:42Z,2023-10-13,hu,troubleshooting,fix-problems;,PROTONTECH,üzenet letöltési probléma,https://support.mozilla.org/questions/1427400,os:windows,,,,m:gmail,,,av:eset,0,false,,False,
1427403,2023-10-13T05:32:57Z,2023-10-13,en-US,other,other;,Chapala,The latest version of Thunderbird (115) will not allow access to the primary email account.,https://support.mozilla.org/questions/1427403,os:windows,,,,,,,,1,true,14.29,False,
1427405,2023-10-13T05:37:47Z,2023-10-13,en-US,settings,customize;,clarkknosen,Email headers list need more padding,https://support.mozilla.org/questions/1427405,,,,,,,,,1,true,6.22,True,sfhowes
1427406,2023-10-13T05:47:54Z,2023-10-13,en-US,other,other;,hunaman,Thunderbird 115.,https://support.mozilla.org/questions/1427406,,,,,,,,,2,true,18.31,False,
1427408,2023-10-13T06:08:21Z,2023-10-13,en-US,other,other;,richardCPreston,Why CNTL K overlaying part of top line of TBird?,https://support.mozilla.org/questions/1427408,,,,,,,,,6,true,17.93,True,Toad-Hall
1427409,2023-10-13T06:09:59Z,2023-10-13,en-US,other,other;,ve7rfb,Mozbackup,https://support.mozilla.org/questions/1427409,,,,,,,,,1,true,6.69,False,
1427410,2023-10-13T06:12:03Z,2023-10-13,en-US,tips-and-tricks,desktop;other;needsinfo;mac-os-x-1015;firefox-1170;,gastonvedani,Bold thread subject in table view stopped working in latest update 115.13.1,https://support.mozilla.org/questions/1427410,os:macos,Mac OS x 10.15,,,,,,,8,true,74.84,True,Toad-Hall
1427411,2023-10-13T06:25:35Z,2023-10-13,en-US,other,other;,wpmooney1,I am using Thunderbird for my Verizon/AOL email. What are the port settings?,https://support.mozilla.org/questions/1427411,,,,,m:microsoftemail,isp:verizon,,,1,true,21.32,False,
1427412,2023-10-13T06:49:05Z,2023-10-13,en-US,settings,customize;,phil_plisgyn,Redirecting emails,https://support.mozilla.org/questions/1427412,os:linux,,,,m:microsoftemail,,,,4,true,16.06,False,
1427416,2023-10-13T06:58:10Z,2023-10-13,en-US,installation-and-updates,download-and-install_1;needsinfo;,Kew,last Thunderbird update is creating havoc- on MacAir,https://support.mozilla.org/questions/1427416,,,,,,,,,3,true,17.09,False,
1427417,2023-10-13T07:17:08Z,2023-10-13,it,settings,customize;,serena.cordella,nuovo aggiornamento,https://support.mozilla.org/questions/1427417,,,,,,,,,3,true,1.17,False,
1427418,2023-10-13T07:19:32Z,2023-10-13,en-US,other,other;,strike1040,I need to add more than 500 accounts to the Thunderbird client. HELP!!!,https://support.mozilla.org/questions/1427418,,,,,,,,,1,true,540.36,False,
1427419,2023-10-13T07:34:09Z,2023-10-13,en-US,settings,customize;,Ron.Belcher39,display panel sizes,https://support.mozilla.org/questions/1427419,,,,,,,,,1,true,22.82,False,
1427420,2023-10-13T07:47:17Z,2023-10-13,en-US,other,other;,jimpayton999,Menu Font Sizes,https://support.mozilla.org/questions/1427420,,,,,,,,,6,true,2.45,False,
1427421,2023-10-13T07:49:42Z,2023-10-13,en-US,other,other;,dennisbrinly,add pause between emails in outbox,https://support.mozilla.org/questions/1427421,,,,,,,,,0,false,,False,
1427423,2023-10-13T07:55:52Z,2023-10-13,en-US,other,other;,eugenejoliva,"Error recieving email (but NOT sending) from MS Office 365 ""...responded: User is Authenticated but not connected.""",https://support.mozilla.org/questions/1427423,,,,,m:gmail;m:microsoftemail,,proto:imap,,0,false,,False,
1427426,2023-10-13T08:09:33Z,2023-10-13,it,troubleshooting,fix-problems;,giovanni.pedretti,Mancata visualizzazione di destinatari,https://support.mozilla.org/questions/1427426,,,,,,,,,3,true,0.32,False,
1427427,2023-10-13T08:16:15Z,2023-10-13,en-US,installation-and-updates,download-and-install_1;,frankko303,Auto Update to Thunderbird 115.3.2 - Program not working,https://support.mozilla.org/questions/1427427,,,,,,,,,1,true,15.71,False,
1427428,2023-10-13T08:16:53Z,2023-10-13,en-US,other,other;,writetojoec,Messages list display no longer adjustable,https://support.mozilla.org/questions/1427428,,,,,,,,,1,true,2.0,False,
1427430,2023-10-13T08:43:08Z,2023-10-13,en-US,other,other;,terrysmagic,Thunderbird Email sub folders,https://support.mozilla.org/questions/1427430,,,,,,,,,0,false,,False,
1427431,2023-10-13T08:45:46Z,2023-10-13,en-US,other,other;,rge2b,thunderbird does not work,https://support.mozilla.org/questions/1427431,,,,,,,,,7,true,15.17,False,
1427432,2023-10-13T08:47:35Z,2023-10-13,en-US,other,other;,georgevperry1946,problem setting up Mailwasher Pro for Thunderbird,https://support.mozilla.org/questions/1427432,,,,,m:gmail,,,,1,true,1.84,False,
1427436,2023-10-13T09:32:05Z,2023-10-13,en-US,other,other;,Markerino,Gmail (IMAP) Folders have disappeared,https://support.mozilla.org/questions/1427436,,,,,m:gmail,,proto:imap,,4,true,1.01,False,
1427439,2023-10-13T10:05:53Z,2023-10-13,en-US,settings,customize;needsinfo;,BillTreloar,"In Vertical View, I Can't Reduce rhe Width of he Folder Contents Column",https://support.mozilla.org/questions/1427439,,,,,,,,,9,true,1.63,False,
1427440,2023-10-13T10:20:19Z,2023-10-13,en-US,calendar,calendar;,jstandy1527,Event and Task Window can not be resized,https://support.mozilla.org/questions/1427440,os:windows,,,,,,,,1,true,1.31,False,
1427442,2023-10-13T10:34:11Z,2023-10-13,en-US,settings,customize;,pksings,"My wife can no longer resize Thunderbird to have a usable read window, it is unusable.  Is there a fix",https://support.mozilla.org/questions/1427442,,,,,,,,,1,true,13.35,False,
1427443,2023-10-13T10:48:58Z,2023-10-13,en-US,other,other;,quack1,Legitimate mail being sent to spam,https://support.mozilla.org/questions/1427443,os:windows,,,,m:gmail,,,,6,true,8.88,False,
1427444,2023-10-13T10:49:00Z,2023-10-13,en-US,other,other;,jlthomas2,Can't send email after update,https://support.mozilla.org/questions/1427444,,,,,m:gmail;m:microsoftemail,isp:spectrum,proto:imap;proto:smtp,,13,true,16.83,False,
1427445,2023-10-13T11:10:31Z,2023-10-13,es,troubleshooting,fix-problems;,pamenico1234,"como busco en este foro, una pregunta que yo hice, hace unos días ?",https://support.mozilla.org/questions/1427445,,,,,,,,,1,true,78.94,True,pcp04
1427446,2023-10-13T11:13:00Z,2023-10-13,cs,other,other;,petr.parik,Jednotné složky v nové verzi nefungují u všech účtů,https://support.mozilla.org/questions/1427446,,,,,,,,,0,false,,False,
1427447,2023-10-13T11:14:13Z,2023-10-13,en-US,troubleshooting,fix-problems;,Bus275Mail,After the update search finds but does not open an individual email,https://support.mozilla.org/questions/1427447,,,,,,,,,0,false,,False,
1427448,2023-10-13T11:15:01Z,2023-10-13,es,troubleshooting,fix-problems;,ricardowaltes2367,problemas con la nueva version de thunderbird,https://support.mozilla.org/questions/1427448,,,,,,,,,2,true,78.8,False,
1427450,2023-10-13T12:16:34Z,2023-10-13,en-US,tips-and-tricks,desktop;fix-problems;windows-10;firefox-1180;firefox-11802;,bsfinkel,Multiple Problems ith Thunderbird 115..3.1,https://support.mozilla.org/questions/1427450,os:windows,Windows 10,,,,,,,15,true,11.62,False,
1427456,2023-10-13T12:56:13Z,2023-10-13,en-US,settings,customize;,mjposs,backround of events,https://support.mozilla.org/questions/1427456,os:linux,,,,,,,,0,false,,False,
1427458,2023-10-13T13:01:48Z,2023-10-13,en-US,other,other;,tom351,no incoming e-mails since upgrade,https://support.mozilla.org/questions/1427458,,,,,,isp:comcast,proto:smtp,,1,true,14.55,False,
1427459,2023-10-13T13:19:42Z,2023-10-13,en-US,installation-and-updates,download-and-install_1;,johnverburg,Update is trying to force me to use gmail everytime I start it. I do not wish to sign into gmail.,https://support.mozilla.org/questions/1427459,,,,,m:gmail,,,,1,true,5.7,False,
1427460,2023-10-13T13:39:04Z,2023-10-13,en-US,other,other;,mikem5,MS exchange support,https://support.mozilla.org/questions/1427460,,,,,m:microsoftemail,,,,1,true,5.35,False,
1427462,2023-10-13T14:23:02Z,2023-10-13,en-US,settings,customize;,TaylorNorth1,Is there a way to change the action of icons in TB Supernova?,https://support.mozilla.org/questions/1427462,,,,,,,,,4,true,9.47,True,wsmwk
1427463,2023-10-13T14:32:13Z,2023-10-13,en-US,settings,customize;,chrisdoris007,How to remove display of number of unopened messages?,https://support.mozilla.org/questions/1427463,,,,,,,,,1,true,1.07,False,
1427470,2023-10-13T16:07:47Z,2023-10-13,en-US,installation-and-updates,download-and-install_1;,jgackson,"twc.com account ""junkmail"" folder not identifiable as ""junk"" folder",https://support.mozilla.org/questions/1427470,,,,,m:microsoftemail,isp:spectrum,,,1,true,6.36,False,
1427471,2023-10-13T16:41:43Z,2023-10-13,en-US,troubleshooting,fix-problems;,terry30,"Message missing in imap inbox, visible in webmail.",https://support.mozilla.org/questions/1427471,,,,,,,proto:imap,,0,false,,False,
1427473,2023-10-13T16:50:04Z,2023-10-13,en-US,installation-and-updates,download-and-install_1;,chrisncats,Upgrading (on Win 10) from vers 78,https://support.mozilla.org/questions/1427473,os:windows,,,,,,,,1,true,6.84,False,
1427475,2023-10-13T16:55:53Z,2023-10-13,en-US,other,other;,mark.abels,"My Thunderbird ""new mail"" chime keeps going off but there is no new mail.",https://support.mozilla.org/questions/1427475,,,,,,,,,1,false,,False,
1427478,2023-10-13T17:16:22Z,2023-10-13,en-US,other,other;,z4dtjwnkgm,Message counts dissapeared with Firefox V115,https://support.mozilla.org/questions/1427478,,,,,,,,,1,true,2.87,False,
1427480,2023-10-13T17:32:18Z,2023-10-13,en-US,other,other;,firefox1749,Recover Thunderbird Address Book,https://support.mozilla.org/questions/1427480,,,,,,,,,1,true,2.54,False,
1427482,2023-10-13T18:01:44Z,2023-10-13,en-US,settings,customize;,margochester,"I lost my ""customize toolbar""",https://support.mozilla.org/questions/1427482,,,,,,,,,2,true,1.99,True,sfhowes
1427484,2023-10-13T18:38:45Z,2023-10-13,en-US,settings,customize;,margochester,How do I transfer ...,https://support.mozilla.org/questions/1427484,,,,,,,,,2,true,1.33,True,sfhowes
1427486,2023-10-13T19:02:59Z,2023-10-13,en-US,calendar,calendar;,grantblack000,"Calendars missing all data, ""momentarily not available""",https://support.mozilla.org/questions/1427486,os:linux,,,,,,proto:imap;proto:caldav,,4,true,8.49,False,
1427487,2023-10-13T20:01:11Z,2023-10-13,en-US,settings,customize;,knmlv04,"folder panel in 115.3.2 (64-bit), the option menu to select/remove folder sizes disappeared and won't come back",https://support.mozilla.org/questions/1427487,,,,,,,,,2,true,2.29,False,
1427489,2023-10-13T21:20:18Z,2023-10-13,en-US,other,other;,philip.muraca,Mozilla (Supernova) version 115.3.2 receiving emails but not sending.,https://support.mozilla.org/questions/1427489,os:windows,,,,,,proto:smtp,av:avast,2,true,0.62,False,
1427495,2023-10-13T23:06:06Z,2023-10-13,en-US,tips-and-tricks,mobile;customize;,geoff.brierley1,Printing in Microsoft Thunderbird. I open a file in Thunderbird. Select PRINT and instead of PRINT it shows SAVE TO PDF.,https://support.mozilla.org/questions/1427495,,,,,,,,,0,false,,False,
1427498,2023-10-13T23:55:29Z,2023-10-13,it,settings,customize;,com.pere,indirizzo Email del mittente,https://support.mozilla.org/questions/1427498,,,,,,,,av:comodo,4,true,5.98,False,
1427499,2023-10-14T01:01:31Z,2023-10-14,it,other,other;,virgilio.duchini,Rimozione contatti su Thunderbird,https://support.mozilla.org/questions/1427499,,,,,,,,,1,true,4.73,False,
1427502,2023-10-14T01:40:16Z,2023-10-14,en-US,settings,customize;,kymco250kxr,"Problem when i press ""ENTER""",https://support.mozilla.org/questions/1427502,,,,,,,,,2,true,1.56,False,
1427503,2023-10-14T03:22:55Z,2023-10-14,en-US,troubleshooting,fix-problems;,jochen.kuepper,Change quotation level of text/quote in plain-text-compose editor,https://support.mozilla.org/questions/1427503,,,,,,,,,6,true,1.53,False,
1427504,2023-10-14T03:38:34Z,2023-10-14,en-US,privacy-and-security,privacy-and-security_1;,sw458518,Kaspersky  Thunderbird  problem,https://support.mozilla.org/questions/1427504,,,,,m:microsoftemail,,,av:kaspersky,0,false,,False,
1427505,2023-10-14T03:42:08Z,2023-10-14,en-US,other,other;,rjahart335,Cannot see incomming or outgoing mail,https://support.mozilla.org/questions/1427505,,,,,,,,,0,false,,False,
1427506,2023-10-14T03:56:24Z,2023-10-14,hu,settings,customize;,mocsai,Thunderbird 115 pane resizing does not work well when switching between laptop screen and docked monitor,https://support.mozilla.org/questions/1427506,,,,,,,,,0,false,,False,
1427507,2023-10-14T04:06:07Z,2023-10-14,en-US,troubleshooting,fix-problems;,rgsrose2,Rotating Color Ball & Hangups:  Help Please ?,https://support.mozilla.org/questions/1427507,,,,,,,,,1,true,0.24,False,
1427508,2023-10-14T04:17:11Z,2023-10-14,en-US,troubleshooting,fix-problems;,rb_quebec,Constant outlook/hotmail accounts password request since thunderbird update,https://support.mozilla.org/questions/1427508,,,,,m:microsoftemail,,,,10,true,6.87,False,
1427510,2023-10-14T04:34:05Z,2023-10-14,en-US,privacy-and-security,privacy-and-security_1;,stephenc,Outlook account cannot sign in using same details as logging in direct,https://support.mozilla.org/questions/1427510,os:macos,,,,m:microsoftemail,,proto:imap;proto:smtp;proto:caldav,av:defender,1,true,6.57,False,
1427512,2023-10-14T04:51:51Z,2023-10-14,es,other,other;,lateletipo,SOS se ha actualizado a la nueva versión y es un horror. ¿Cómo puedo volver a la versión anterior?,https://support.mozilla.org/questions/1427512,,,,,,,,,1,true,61.11,False,
1427514,2023-10-14T05:25:56Z,2023-10-14,en-US,other,other;,stereiss,unifed inbox searches in 802 (sub-)folders,https://support.mozilla.org/questions/1427514,,,,,,,,,4,true,1.28,False,
1427516,2023-10-14T05:44:58Z,2023-10-14,en-US,other,other;,rlinares,Automated answer only once per day,https://support.mozilla.org/questions/1427516,,,,,,,,,1,true,0.26,False,
1427517,2023-10-14T05:54:58Z,2023-10-14,cs,settings,customize;,pcuc66,Automatický podpis a základní formátování,https://support.mozilla.org/questions/1427517,,,,,,,,,3,true,1.16,True,Ansamb
1427519,2023-10-14T06:32:58Z,2023-10-14,en-US,troubleshooting,fix-problems;,johnmarkellis05,Thunderbird hangs after major UI update,https://support.mozilla.org/questions/1427519,,,,,,,,,2,true,1.32,False,
1427520,2023-10-14T06:40:02Z,2023-10-14,en-US,other,other;,gandrews,Filters DO NOT WORK 115.3.2,https://support.mozilla.org/questions/1427520,,,,,,,,,0,false,,False,
1427521,2023-10-14T06:54:26Z,2023-10-14,en-US,settings,customize;,james272,"Folder colors in search folders, or: Automatically set tags based on folder name",https://support.mozilla.org/questions/1427521,,,,,,,proto:imap,,3,true,327.73,True,james272
1427523,2023-10-14T07:29:55Z,2023-10-14,en-US,troubleshooting,fix-problems;,psychuk60,Unread emails not reporting correctly.,https://support.mozilla.org/questions/1427523,,,,,,,,,0,false,,False,
1427524,2023-10-14T07:38:28Z,2023-10-14,en-US,settings,customize;,groggo2,Custom Folder Order Gone in 115 Update?,https://support.mozilla.org/questions/1427524,,,,,,,,,1,true,2.23,False,
1427525,2023-10-14T07:51:06Z,2023-10-14,en-US,installation-and-updates,download-and-install_1;,drboyer,Thunderbird - Inbox does not automatically open at the point of the the  latest messages that have been downloadl.,https://support.mozilla.org/questions/1427525,,,,,,,,,0,false,,False,
1427527,2023-10-14T08:13:59Z,2023-10-14,en-US,other,other;,Gerry58,The identity Chooser does not find one of my email accounts what can I do to include it in the list ?,https://support.mozilla.org/questions/1427527,,,,,,,,,2,true,1.34,True,Toad-Hall
1427528,2023-10-14T08:19:36Z,2023-10-14,en-US,calendar,calendar;,sivarik,Calendar Reminder Popup Text Color,https://support.mozilla.org/questions/1427528,,,,,,,,,0,false,,False,
1427531,2023-10-14T09:04:40Z,2023-10-14,en-US,other,other;,teamzaepfel,New version of Thunderbird has the lines so close together it's impossible to read,https://support.mozilla.org/questions/1427531,,,,,,,,,3,true,0.23,False,
1427532,2023-10-14T09:05:38Z,2023-10-14,it,troubleshooting,fix-problems;,giovanni.scotto,Thunderbird non mostra alcuni messaggi,https://support.mozilla.org/questions/1427532,,,,,m:gmail,,,,1,true,15.0,False,
1427536,2023-10-14T09:29:04Z,2023-10-14,en-US,other,other;,zrrmqrkkp,Bug Report - Unable to Select Multiple Folders in Thunderbird Supernova 115.3.2,https://support.mozilla.org/questions/1427536,os:windows,,,,,,,,4,true,1.25,True,sfhowes
1427537,2023-10-14T09:31:20Z,2023-10-14,en-US,settings,customize;,dsundqui,Move title bar bar to the top in latest version,https://support.mozilla.org/questions/1427537,,,,,,,,,0,false,,False,
1427538,2023-10-14T09:40:44Z,2023-10-14,en-US,installation-and-updates,download-and-install_1;,13hznfrk,Emails on Server,https://support.mozilla.org/questions/1427538,,,,,m:microsoftemail,,,,0,false,,False,
1427540,2023-10-14T10:09:40Z,2023-10-14,en-US,other,other;,Ron1244,emoji in 115,https://support.mozilla.org/questions/1427540,,,,,,,,,3,true,0.46,True,sfhowes
1427543,2023-10-14T10:47:51Z,2023-10-14,en-US,other,other;,jay10,outgoing emails,https://support.mozilla.org/questions/1427543,,,,,,,,,0,false,,False,
1427545,2023-10-14T11:06:33Z,2023-10-14,en-US,troubleshooting,fix-problems;,MikeMV,Filters not finding valid folders,https://support.mozilla.org/questions/1427545,os:windows,,,,m:gmail,,proto:imap,,0,false,,False,
1427546,2023-10-14T11:08:36Z,2023-10-14,en-US,settings,customize;,exmotech1,Weird font size after update,https://support.mozilla.org/questions/1427546,,,,,,,,,2,true,6.6,False,
1427547,2023-10-14T11:12:05Z,2023-10-14,en-US,troubleshooting,fix-problems;,jgoodnow,Thunderbird Log In,https://support.mozilla.org/questions/1427547,,,,,,,,,0,false,,False,
1427550,2023-10-14T11:27:11Z,2023-10-14,en-US,settings,customize;,iTamb,Inbox row lines or shading,https://support.mozilla.org/questions/1427550,,,,,,,,,3,true,6.21,False,
1427551,2023-10-14T11:47:03Z,2023-10-14,en-US,troubleshooting,fix-problems;,bsouthern1493,Thunderbird does not open links in emails,https://support.mozilla.org/questions/1427551,,,,,,,,,3,true,21.5,True,davidsk
1427552,2023-10-14T11:50:31Z,2023-10-14,en-US,troubleshooting,fix-problems;,drreneestringham,"Thunderbird updated and now is running very, very slow. can I revert to old version? Also seemed to effect Mozilla speed",https://support.mozilla.org/questions/1427552,,,,,,,,,0,false,,False,
1427555,2023-10-14T12:44:37Z,2023-10-14,en-US,other,other;,phoenixcomm,How can I reorder my email accounts? - Thunderbird on Debian 12 #102.13.0,https://support.mozilla.org/questions/1427555,os:linux,,,,,,,,1,true,4.87,False,
1427558,2023-10-14T13:17:35Z,2023-10-14,en-US,other,other;,r.d.mcclintock,"The folders Drafts, Templates, Sent, Archives, Trash under Inbox are empty",https://support.mozilla.org/questions/1427558,,,,,,,,,0,false,,False,
1427559,2023-10-14T13:29:46Z,2023-10-14,it,other,other;,ricordar,perse intere cartelle di mail,https://support.mozilla.org/questions/1427559,,,,,,,,,1,true,10.65,False,
1427560,2023-10-14T13:44:42Z,2023-10-14,en-US,settings,customize;,marcelstaudinger35,missing buttons in inbox,https://support.mozilla.org/questions/1427560,,,,,m:microsoftemail,,,,2,true,3.84,False,
1427561,2023-10-14T13:52:59Z,2023-10-14,en-US,other,other;,pjimp8440,"Thunderbird stopped receiving emails addressed to our yahoo mail accounts on 10/05/23, but still get gmail",https://support.mozilla.org/questions/1427561,,,,,m:gmail;m:yahooemail,,,,1,true,13.46,False,
1427564,2023-10-14T14:04:37Z,2023-10-14,en-US,other,other;,bleviton,Any plans for improvements to email formatting functionality?,https://support.mozilla.org/questions/1427564,,,,,m:microsoftemail,,,,0,false,,False,
1427565,2023-10-14T14:15:51Z,2023-10-14,en-US,other,other;,macdonaldlouis3,Email Access Problems,https://support.mozilla.org/questions/1427565,,,,,m:gmail,,,av:norton,8,true,6.22,False,
1427567,2023-10-14T14:20:02Z,2023-10-14,en-US,other,other;,pjimp8440,"Thunderbird stopped receiving emails addressed to our yahoo mail accounts on 10/05/23, but still get gmail",https://support.mozilla.org/questions/1427567,,,,,m:gmail;m:yahooemail,,,,2,true,5.96,False,
1427570,2023-10-14T14:34:55Z,2023-10-14,en-US,other,other;,jnikora,Thunderbird emoticons,https://support.mozilla.org/questions/1427570,,,,,,,,,0,false,,False,
1427571,2023-10-14T14:58:13Z,2023-10-14,en-US,other,other;,luger155,thunderbird disappeared,https://support.mozilla.org/questions/1427571,,,,,,,,,0,false,,False,
1427572,2023-10-14T15:45:21Z,2023-10-14,en-US,other,other;,pvonblum,I want to unsubscribe from this page,https://support.mozilla.org/questions/1427572,,,,,,,,,1,true,11.51,False,
1427573,2023-10-14T15:52:34Z,2023-10-14,en-US,other,other;,jhudson13,Change in website,https://support.mozilla.org/questions/1427573,,,,,,,,,0,false,,False,
1427577,2023-10-14T17:14:27Z,2023-10-14,en-US,other,other;,harvehudson,e-mail/box in/out,https://support.mozilla.org/questions/1427577,,,,,,,,,0,false,,False,
1427580,2023-10-14T18:21:01Z,2023-10-14,en-US,other,other;,gcm6044,new version,https://support.mozilla.org/questions/1427580,,,,,,,,,1,true,1.58,False,
1427582,2023-10-14T18:58:49Z,2023-10-14,en-US,settings,customize;,seattleuser,Turning off threading in Ctrl+Shift+F method of Search,https://support.mozilla.org/questions/1427582,,,,,,,,,0,false,,False,
1427584,2023-10-14T19:20:16Z,2023-10-14,en-US,settings,customize;,calm.home5344,Help with configuring Thunderbird.  How to leave messages on IMAP server?,https://support.mozilla.org/questions/1427584,,,,,,,proto:imap,,2,true,7.77,True,calm.home5344
1427587,2023-10-14T20:30:21Z,2023-10-14,en-US,other,other;,feropete1,Lost email,https://support.mozilla.org/questions/1427587,,,,,,,,,1,true,0.04,False,
1427588,2023-10-14T20:37:32Z,2023-10-14,en-US,tips-and-tricks,desktop;customize;windows-10;firefox-1180;,MurrayKerr,Firefox - Mail toolbar,https://support.mozilla.org/questions/1427588,os:windows,Windows 10,,,,,,,5,true,5.99,False,
1427591,2023-10-14T22:03:53Z,2023-10-14,en-US,other,other;,MarkinIdaho,Can I revert back to the previous version of Thunderbird.,https://support.mozilla.org/questions/1427591,,,,,m:microsoftemail,,,,0,false,,False,
1427594,2023-10-14T23:08:32Z,2023-10-14,en-US,other,other;,judip01,Thunderbird Emails,https://support.mozilla.org/questions/1427594,,,,,,,,,1,true,3.83,False,
1427595,2023-10-14T23:33:25Z,2023-10-14,en-US,troubleshooting,fix-problems;,filterfeeder,Avast flags faulty certificate on my webemail server Shaw Cable Systems (now Rogers),https://support.mozilla.org/questions/1427595,os:windows,,,,,isp:rogers;isp:shaw,,av:kaspersky;av:avast,1,true,3.38,False,
1427597,2023-10-15T00:00:28Z,2023-10-15,en-US,settings,customize;,seattleuser,Search window (Ctrl+Shift+F) column widths can no longer be individually adjusted,https://support.mozilla.org/questions/1427597,,,,,,,,,0,false,,False,
1427598,2023-10-15T00:02:03Z,2023-10-15,pt-BR,troubleshooting,fix-problems;,rickmattoscontato,Emails,https://support.mozilla.org/questions/1427598,,,,,m:microsoftemail,,,,0,false,,False,
1427600,2023-10-15T02:05:59Z,2023-10-15,en-US,other,other;,actionmadman,new emails no displaying at correct position in time line,https://support.mozilla.org/questions/1427600,,,,,,,,,0,false,,False,
1427602,2023-10-15T02:38:11Z,2023-10-15,hu,settings,customize;,bobkoattila,Betűmérettel kapcsolatos kérdés,https://support.mozilla.org/questions/1427602,,,,,,,,,0,false,,False,
1427606,2023-10-15T04:23:57Z,2023-10-15,en-US,installation-and-updates,download-and-install_1;,TaylorNorth1,Search box missing in Supernova upgrade,https://support.mozilla.org/questions/1427606,,,,,,,,,3,true,13.95,True,sfhowes
1427608,2023-10-15T04:38:28Z,2023-10-15,en-US,installation-and-updates,download-and-install_1;,bejfor,Primary password,https://support.mozilla.org/questions/1427608,,,,,,,,,0,false,,False,
1427610,2023-10-15T05:10:57Z,2023-10-15,es,troubleshooting,fix-problems;,pamenico1234,"O al menos, si me pueden decir, a donde puedo preguntar lo siguiente :",https://support.mozilla.org/questions/1427610,,,,,,,,,1,true,36.56,False,
1427612,2023-10-15T06:32:22Z,2023-10-15,en-US,settings,customize;,richard1310,Unable to minimize message display pane on new version SuperNova 115 of Thunderbird,https://support.mozilla.org/questions/1427612,,,,,,,,,1,true,11.71,False,
1427613,2023-10-15T06:46:23Z,2023-10-15,en-US,troubleshooting,fix-problems;,guylain.bastien,RaspBerry-pi ThunderBird release | version 115 not responding or freeze,https://support.mozilla.org/questions/1427613,,,,,m:gmail,,,,0,false,,False,
1427614,2023-10-15T06:57:37Z,2023-10-15,en-US,other,other;,imgmenfan,Cannot receive mail after update 115.3.2,https://support.mozilla.org/questions/1427614,,,,,m:gmail,,,av:defender,0,false,,False,
1427616,2023-10-15T07:37:07Z,2023-10-15,en-US,installation-and-updates,download-and-install_1;,cska_yfr,thunderbird,https://support.mozilla.org/questions/1427616,,,,,,,,,3,true,0.17,True,davidsk
1427617,2023-10-15T07:42:38Z,2023-10-15,en-US,other,other;,ds1144,"With the new update, new mail won't highlight the subfolder it's in using win 7",https://support.mozilla.org/questions/1427617,os:windows,,,,,,,,0,false,,False,
1427619,2023-10-15T07:52:32Z,2023-10-15,en-US,other,other;,mjmaycox,local folders disapear,https://support.mozilla.org/questions/1427619,,,,,,,,,0,false,,False,
1427621,2023-10-15T08:08:24Z,2023-10-15,en-US,other,other;,bdjim,Need to delete an email account from Thunderbird.,https://support.mozilla.org/questions/1427621,,,,,,,,,17,true,0.9,False,
1427622,2023-10-15T08:24:22Z,2023-10-15,es,other,other;,luuiiss_kiing,Error with the last update of Thunderbird,https://support.mozilla.org/questions/1427622,,,,,,,,,1,true,33.2,True,pcp04
1427623,2023-10-15T08:32:35Z,2023-10-15,en-US,other,other;,photojeannie8,in box of Thunderbird used to display the number of emails in the lower right hand corner. It is no longer there  er.,https://support.mozilla.org/questions/1427623,,,,,,,,,1,true,1.87,False,
1427628,2023-10-15T09:54:52Z,2023-10-15,en-US,other,other;,Jim4420,How do I disable an email account?,https://support.mozilla.org/questions/1427628,,,,,,,,,5,true,0.35,False,
1427629,2023-10-15T10:00:43Z,2023-10-15,en-US,installation-and-updates,download-and-install_1;,bbay126,Email,https://support.mozilla.org/questions/1427629,,,,,,,,,8,true,0.37,False,
1427632,2023-10-15T10:37:43Z,2023-10-15,en-US,installation-and-updates,download-and-install_1;,remo_253,"Tbird migration to new PC not working despite following ""Moving Thunderbird Data to a New Computer"" instructions",https://support.mozilla.org/questions/1427632,,,,,,,,,6,true,0.68,True,davidsk
1427633,2023-10-15T10:52:36Z,2023-10-15,en-US,installation-and-updates,download-and-install_1;,petejc,"Getting Message ""Profile Missing ..."" After Attempting Downgrade from 115 to 102.",https://support.mozilla.org/questions/1427633,,,,,,,,,11,true,0.34,True,davidsk
1427634,2023-10-15T10:53:28Z,2023-10-15,en-US,settings,customize;,phildiamo,Why does my Thunderbird light screen AddOn keep changing to a dark screen,https://support.mozilla.org/questions/1427634,os:windows,,,,,,,,3,false,,False,
1427636,2023-10-15T11:12:44Z,2023-10-15,en-US,installation-and-updates,download-and-install_1;,mtoffice,unable to update thunderbird,https://support.mozilla.org/questions/1427636,os:windows,,,,,,,,0,false,,False,
1427637,2023-10-15T11:19:41Z,2023-10-15,en-US,settings,customize;,avietb,new version doesn't have lines between messages?!?,https://support.mozilla.org/questions/1427637,,,,,,,,,2,true,6.7,False,
1427638,2023-10-15T11:20:48Z,2023-10-15,en-US,other,other;,joycembrett,Why suddenly can I no longer copy emails directly from Thunderbird to Windows Live Mail ?,https://support.mozilla.org/questions/1427638,,,,,m:gmail,isp:btinternet,proto:imap;proto:pop,,1,false,,False,
1427639,2023-10-15T11:28:47Z,2023-10-15,en-US,other,other;,james51,"After upgrade to 115.3.2, no focus/selection on first unread email.",https://support.mozilla.org/questions/1427639,,,,,,,,,0,false,,False,
1427640,2023-10-15T11:30:32Z,2023-10-15,en-US,calendar,calendar;,szsz1202,Default time zone for calendar events,https://support.mozilla.org/questions/1427640,,,,,,,,,0,false,,False,
1427642,2023-10-15T11:57:16Z,2023-10-15,en-US,installation-and-updates,download-and-install_1;,kochese,I want to move the adress books from one location to another and point TB to the new location,https://support.mozilla.org/questions/1427642,,,,,,,,,1,true,18.71,False,
1427648,2023-10-15T13:28:21Z,2023-10-15,en-US,other,other;,mlmmorris,thunderbird email,https://support.mozilla.org/questions/1427648,os:windows,,,,,,,,0,false,,False,
1427652,2023-10-15T14:34:58Z,2023-10-15,en-US,other,other;,bobglen,Inadvertant deleteion,https://support.mozilla.org/questions/1427652,,,,,,,,,1,false,,False,
1427654,2023-10-15T15:22:29Z,2023-10-15,en-US,troubleshooting,fix-problems;,lancebb,Suddenly I cannot send or receive emails,https://support.mozilla.org/questions/1427654,os:windows,,,,m:yahooemail,isp:att,proto:imap;proto:smtp,,1,true,1.12,False,
1427659,2023-10-15T17:23:25Z,2023-10-15,en-US,other,other;,hasmort,Emails not opening,https://support.mozilla.org/questions/1427659,,,,,m:gmail,isp:optimum,,,0,false,,False,
1427663,2023-10-15T18:19:16Z,2023-10-15,en-US,other,other;,patttt,Pasted images in e-mails don't show up in my Sent messages' folder...,https://support.mozilla.org/questions/1427663,,,,,,,,,0,false,,False,
1427664,2023-10-15T18:29:42Z,2023-10-15,en-US,other,other;,papa.george.sotiriou,composition setting,https://support.mozilla.org/questions/1427664,,,,,,,,,1,true,11.98,False,
1427668,2023-10-15T19:52:49Z,2023-10-15,en-US,other,other;,lex4,Email files won't open,https://support.mozilla.org/questions/1427668,,,,,,,,,0,false,,False,
1427671,2023-10-15T20:04:45Z,2023-10-15,en-US,other,other;,jsallen,"""Opening 20 messages may be slow""",https://support.mozilla.org/questions/1427671,,,,,,,,,0,false,,False,
1427676,2023-10-15T22:55:09Z,2023-10-15,en-US,other,other;,MarkinIdaho,Font sizes are too small in new version.,https://support.mozilla.org/questions/1427676,,,,,,,,,6,true,7.3,False,
1427678,2023-10-16T00:13:01Z,2023-10-16,es,troubleshooting,fix-problems;,programacionc2t,Interfaz rota,https://support.mozilla.org/questions/1427678,,,,,,,,,2,true,17.25,False,
1427679,2023-10-16T00:31:39Z,2023-10-16,en-US,other,other;,u3a.marlborough,My Mozilla account updated today to 115.3.2.  Suddenly it will not synchronise with the gmail server.,https://support.mozilla.org/questions/1427679,,,,,m:gmail,,,,0,false,,False,
1427680,2023-10-16T01:01:14Z,2023-10-16,en-US,settings,customize;,hynek.mraz,Message content when I click on global search result,https://support.mozilla.org/questions/1427680,,,,,,,,,0,false,,False,
1427682,2023-10-16T01:47:00Z,2023-10-16,en-US,other,other;,michal.serzysko,problem when forwarding e-mails directly,https://support.mozilla.org/questions/1427682,,,,,,,,,3,true,1.87,False,
1427684,2023-10-16T02:12:33Z,2023-10-16,en-US,other,other;,pmope,"thunderbird update changed menu bar and no longer has Get Messages for individual email accounts, only one for all accou",https://support.mozilla.org/questions/1427684,,,,,,,,,1,true,4.3,False,
1427686,2023-10-16T02:27:14Z,2023-10-16,en-US,installation-and-updates,focus-firefox;focus-ios;,u.i.hill,How can I upgrade to supernova?,https://support.mozilla.org/questions/1427686,,,,,,,,,0,false,,False,
1427688,2023-10-16T02:45:15Z,2023-10-16,en-US,privacy-and-security,privacy-and-security_1;,nemo1966,Thunderbird login - easy to bypass,https://support.mozilla.org/questions/1427688,,,,,,,,,12,true,4.24,False,
1427689,2023-10-16T02:51:52Z,2023-10-16,es,calendar,calendar;,Doramo_Lam,Set multiple reminders as default (Calendar),https://support.mozilla.org/questions/1427689,,,,,,,,,1,true,18.87,False,
1427690,2023-10-16T02:58:37Z,2023-10-16,en-US,other,other;,cip2001,Which email service providers support identities,https://support.mozilla.org/questions/1427690,,,,,,,,,1,true,0.34,False,
1427691,2023-10-16T03:03:05Z,2023-10-16,it,other,other;,egidio.casamenti,richiesta password per leggere la posta perchè?,https://support.mozilla.org/questions/1427691,,,,,,,,,1,true,0.04,False,
1427694,2023-10-16T04:12:02Z,2023-10-16,en-US,settings,customize;,mikro2nd,Is it possible to set Get All New Messages as default?,https://support.mozilla.org/questions/1427694,,,,,,,,,3,true,2.3,False,
1427695,2023-10-16T05:26:04Z,2023-10-16,en-US,other,other;,OcklawahaMan,"overnight jpg photos will not open in the morning until after 6:00 a.m. or so while if deleted (moved to trash), they op",https://support.mozilla.org/questions/1427695,os:windows,,,,,,,,0,false,,False,
1427696,2023-10-16T05:34:38Z,2023-10-16,it,settings,customize;,carlo.cattalano,Vorrei eliminare il conteggio delle Mail,https://support.mozilla.org/questions/1427696,,,,,,,,,1,true,3.81,False,
1427697,2023-10-16T05:53:32Z,2023-10-16,en-US,settings,customize;,ablstnlki12,Subject line in list of e-mail,https://support.mozilla.org/questions/1427697,,,,,,,,,0,false,,False,
1427699,2023-10-16T06:11:09Z,2023-10-16,en-US,settings,customize;,angaars,Messages self delete from Inbox,https://support.mozilla.org/questions/1427699,,,,,,,,,0,false,,False,
1427700,2023-10-16T06:14:12Z,2023-10-16,en-US,other,other;,abcwrite,Copy from Thunderbird emails no longer functions,https://support.mozilla.org/questions/1427700,,,,,,,,,1,true,0.45,False,
1427702,2023-10-16T07:04:28Z,2023-10-16,en-US,calendar,calendar;,ff113,External calendar is no longer displayed,https://support.mozilla.org/questions/1427702,os:linux,,,,,,,,0,false,,False,
1427704,2023-10-16T07:09:09Z,2023-10-16,en-US,calendar,calendar;,firefox.inf,Calendar Pane Not Retain Changes,https://support.mozilla.org/questions/1427704,,,,,m:microsoftemail,,,,0,false,,False,
1427705,2023-10-16T07:16:57Z,2023-10-16,en-US,other,other;,jollag,Old tabs are not loading in Mozilla since upgrade to 115,https://support.mozilla.org/questions/1427705,,,,,,,,,1,false,,False,
1427706,2023-10-16T07:29:10Z,2023-10-16,it,troubleshooting,fix-problems;,svirzi,Dopo aggiornamento scomparse cartelle - IMPA,https://support.mozilla.org/questions/1427706,,,,,,,proto:imap,,1,true,1.86,False,
1427710,2023-10-16T08:03:19Z,2023-10-16,en-US,troubleshooting,fix-problems;,tfernandez.sc2,Cannot open attachments from Flatpak on Linux Mint 21,https://support.mozilla.org/questions/1427710,os:linux,,,,,,,,0,false,,False,
1427711,2023-10-16T08:06:19Z,2023-10-16,it,settings,customize;,nuvopi,thunderbid,https://support.mozilla.org/questions/1427711,,,,,,,,,1,true,0.69,False,
1427712,2023-10-16T08:07:11Z,2023-10-16,en-US,troubleshooting,fix-problems;,DaveTheNerd,Can not print a DRAFT message open in compose window,https://support.mozilla.org/questions/1427712,os:macos,,,,,,,,3,true,0.07,False,
1427713,2023-10-16T08:17:30Z,2023-10-16,cs,settings,customize;,romikdomes,pošta,https://support.mozilla.org/questions/1427713,,,,,,,,,1,true,1.76,False,
1427719,2023-10-16T08:31:14Z,2023-10-16,en-US,troubleshooting,fix-problems;,kit15,I cannot get any messages,https://support.mozilla.org/questions/1427719,,,,,,,,,0,false,,False,
1427720,2023-10-16T08:38:49Z,2023-10-16,en-US,other,other;,abcwrite,Copying text from email,https://support.mozilla.org/questions/1427720,,,,,,,,,0,false,,False,
1427721,2023-10-16T08:55:42Z,2023-10-16,en-US,other,other;,bobh42,New version of Thunderbird,https://support.mozilla.org/questions/1427721,os:windows,,,,,,,,0,true,5.39,False,
1427723,2023-10-16T09:12:25Z,2023-10-16,en-US,other,other;,chucknew222,Multiple email accounts only send from one account,https://support.mozilla.org/questions/1427723,,,,,m:gmail,,,,1,true,1.09,False,
1427725,2023-10-16T09:21:26Z,2023-10-16,en-US,privacy-and-security,privacy-and-security_1;,brobert5su,"can't access my email any more since Oct. 3, 2023",https://support.mozilla.org/questions/1427725,,,,,,,,,1,true,22.48,False,
1427726,2023-10-16T09:32:23Z,2023-10-16,en-US,settings,customize;,bigben232323,Duplicate email in sent folder.,https://support.mozilla.org/questions/1427726,,,,,,,,,1,true,0.72,False,
1427727,2023-10-16T09:34:45Z,2023-10-16,en-US,other,other;,bdjim,Last upgrade of Thunderbird to my Linux computer is not working properly,https://support.mozilla.org/questions/1427727,os:linux,,,,,,,,3,true,1794.72,False,
1427728,2023-10-16T09:37:12Z,2023-10-16,en-US,troubleshooting,fix-problems;,premair,The latest update to Thunderbird and Microsoft Exchange,https://support.mozilla.org/questions/1427728,,,,,m:microsoftemail,,,,1,true,0.59,False,
1427729,2023-10-16T09:41:22Z,2023-10-16,it,other,other;needsinfo;,milaiannece,posta elettronica certificata,https://support.mozilla.org/questions/1427729,,,,,,,,,1,true,0.84,False,
1427730,2023-10-16T09:44:48Z,2023-10-16,en-US,installation-and-updates,download-and-install_1;,rafantastico,Error importing mbox file greater than 4GB with ImportExportTools NG,https://support.mozilla.org/questions/1427730,,,,,m:gmail,,,,1,true,0.44,False,
1427732,2023-10-16T09:48:33Z,2023-10-16,en-US,other,other;,rbrook1,URGENT: How to search and copy (not move) found messages to new folder?,https://support.mozilla.org/questions/1427732,,,,,,,,,2,true,0.33,False,
1427733,2023-10-16T10:01:44Z,2023-10-16,en-US,installation-and-updates,download-and-install_1;,gmkapus,How do I uninstall v115?,https://support.mozilla.org/questions/1427733,,,,,,,,,1,true,1.9,False,
1427734,2023-10-16T10:05:58Z,2023-10-16,en-US,privacy-and-security,privacy-and-security_1;,lee7326892,One of my Gmail accounts stopped working with Thunderbird,https://support.mozilla.org/questions/1427734,,,,,m:gmail,,proto:smtp;proto:pop;proto:oauth,,0,false,,False,
1427736,2023-10-16T10:30:24Z,2023-10-16,en-US,settings,customize;,BillTreloar,Panel Widths in Vertical Display Mode,https://support.mozilla.org/questions/1427736,,,,,,,,,0,false,,False,
1427741,2023-10-16T10:58:46Z,2023-10-16,en-US,settings,customize;,terrygre1,Increased font size-error,https://support.mozilla.org/questions/1427741,,,,,,,,,1,true,0.71,False,
1427745,2023-10-16T11:56:42Z,2023-10-16,en-US,settings,customize;,fquist42,How can I make TB118 look like TB112?,https://support.mozilla.org/questions/1427745,,,,,,,,,5,true,0.21,False,
1427748,2023-10-16T12:04:21Z,2023-10-16,en-US,settings,customize;,wendy.gentleman,Problems setting up Exchange Account on Thunderbird 115.3.2,https://support.mozilla.org/questions/1427748,,,,,,,,,1,true,11.1,False,
1427749,2023-10-16T12:05:03Z,2023-10-16,en-US,other,other;,cydfra,Get Messages/Write Toolbar suddenly disappeared,https://support.mozilla.org/questions/1427749,,,,,,,,,0,false,,False,
1427750,2023-10-16T12:20:32Z,2023-10-16,en-US,settings,customize;,BillTreloar,Fix Line Wrapping Failures,https://support.mozilla.org/questions/1427750,,,,,,,,,0,false,,False,
1427751,2023-10-16T12:21:01Z,2023-10-16,en-US,installation-and-updates,download-and-install_1;,andrew129,Can I use the same default folder/accounts with two startup drives - Mac,https://support.mozilla.org/questions/1427751,,,,,,,,,1,true,10.78,False,
1427753,2023-10-16T12:38:10Z,2023-10-16,en-US,settings,customize;,koflynnfl,Shaded lines aka banded lines aka Tractor feed lines,https://support.mozilla.org/questions/1427753,,,,,,,,,0,false,,False,
1427754,2023-10-16T12:44:06Z,2023-10-16,es,other,other;,chsl,No puedo recibir correos desde la actualización de Thunderbird a la versión 115,https://support.mozilla.org/questions/1427754,,,,,m:gmail;m:microsoftemail,,proto:smtp;proto:pop;proto:oauth,,2,true,4.55,False,
1427755,2023-10-16T13:15:16Z,2023-10-16,en-US,troubleshooting,fix-problems;,gmparrott,Deleting old emails,https://support.mozilla.org/questions/1427755,,,,,,,,,0,false,,False,
1427756,2023-10-16T13:23:25Z,2023-10-16,en-US,other,other;,Demaris,Problem after update to 115.3.2 32 bit,https://support.mozilla.org/questions/1427756,,,,,m:microsoftemail,isp:spectrum,,,0,false,,False,
1427757,2023-10-16T13:26:01Z,2023-10-16,en-US,installation-and-updates,download-and-install_1;,winecki,Thunderbird,https://support.mozilla.org/questions/1427757,,,,,m:yahooemail,isp:att,proto:imap,,1,true,9.34,False,
1427758,2023-10-16T13:47:02Z,2023-10-16,en-US,other,other;,mozilla463,Issues with deleting emails,https://support.mozilla.org/questions/1427758,,,,,,,,,0,false,,False,
1427759,2023-10-16T14:04:32Z,2023-10-16,en-US,settings,customize;,litarollins,Recent Update for Thunderbird,https://support.mozilla.org/questions/1427759,,,,,,,,,4,true,0.17,False,
1427761,2023-10-16T14:09:59Z,2023-10-16,en-US,installation-and-updates,download-and-install_1;,jesse.nunez,CLI Update?,https://support.mozilla.org/questions/1427761,,,,,,,,,3,true,0.06,False,
1427762,2023-10-16T14:12:59Z,2023-10-16,en-US,troubleshooting,fix-problems;,LREmery,Some Messages Take Much Time To Switch From Unread to Read... (115.3.2 64bit),https://support.mozilla.org/questions/1427762,,,,,,isp:verizon,proto:pop,,0,false,,False,
1427763,2023-10-16T14:15:45Z,2023-10-16,en-US,other,other;,OcklawahaMan,Attached photos do not display,https://support.mozilla.org/questions/1427763,os:windows,,,,,,,,0,false,,False,
1427764,2023-10-16T14:31:57Z,2023-10-16,en-US,other,other;,OcklawahaMan,Attached photos do not display,https://support.mozilla.org/questions/1427764,,,,,,,,,1,false,,True,OcklawahaMan
1427765,2023-10-16T14:37:10Z,2023-10-16,en-US,troubleshooting,fix-problems;,oscyp,TB115 hangs,https://support.mozilla.org/questions/1427765,os:windows,,,,,,,,1,true,17.22,False,
1427766,2023-10-16T14:46:07Z,2023-10-16,en-US,settings,customize;,peggihonig,Updated Thunderbird Version - I have questions,https://support.mozilla.org/questions/1427766,,,,,,,,,1,true,7.91,False,
1427767,2023-10-16T14:49:24Z,2023-10-16,en-US,settings,customize;,richard162,GMail folders no longer in a [GMail] parent folder - can I revert?,https://support.mozilla.org/questions/1427767,,,,,m:gmail,,,,0,false,,False,
1427768,2023-10-16T14:51:48Z,2023-10-16,en-US,settings,customize;needsinfo;,Thomas.J.Cee,View multiple accounts/inboxes at the same time (similar to Apple Mail),https://support.mozilla.org/questions/1427768,,,,,,,,,3,true,7.24,False,
1427769,2023-10-16T15:01:01Z,2023-10-16,en-US,settings,customize;,rockney85881,v115 and all the required hacks,https://support.mozilla.org/questions/1427769,,,,,,,,,0,false,,False,
1427770,2023-10-16T15:04:50Z,2023-10-16,en-US,settings,customize;,LREmery,Adjusting Column Width(s) in v.115.3.2 64bit...,https://support.mozilla.org/questions/1427770,,,,,,,,,0,false,,False,
1427771,2023-10-16T15:07:32Z,2023-10-16,en-US,troubleshooting,fix-problems;,buffalo.sage,"Keyboard shortcut for ""italics"" doesn't work on Thunderbird 115.3.1 (32-bit)",https://support.mozilla.org/questions/1427771,,,,,,,,,4,true,7.35,False,
1427773,2023-10-16T15:23:47Z,2023-10-16,en-US,settings,customize;,Colin.Warren,How can you set the built in PDF viewer to open in it's own window?,https://support.mozilla.org/questions/1427773,,,,,,,,,0,false,,False,
1427775,2023-10-16T15:31:49Z,2023-10-16,en-US,settings,customize;,mozilla409,Quick filter bar not working correctly,https://support.mozilla.org/questions/1427775,,,,,,,,,2,true,6.84,False,
1427787,2023-10-16T18:27:02Z,2023-10-16,en-US,settings,customize;,LREmery,"Sorting By ""Order Received"" Has Changed!? (115.3.2 64bit)",https://support.mozilla.org/questions/1427787,,,,,,,,,1,true,3.8,False,
1427788,2023-10-16T19:02:50Z,2023-10-16,en-US,other,other;,marcyslawrence,After having to upgrade to SuperNova now I have no column labels in mail - can sort/widen/customize as there are none?,https://support.mozilla.org/questions/1427788,,,,,,,,,6,true,3.13,False,
1427790,2023-10-16T20:03:29Z,2023-10-16,en-US,settings,customize;,shanacats6,Help to change a new setting in email after the October 2023 update.,https://support.mozilla.org/questions/1427790,,,,,,,,,2,true,2.09,True,sfhowes
1427791,2023-10-16T20:12:03Z,2023-10-16,en-US,troubleshooting,fix-problems;,dsooley,115.3.2 Sluggish and throwing Nor Responding,https://support.mozilla.org/questions/1427791,,,,,,,proto:imap,,9,true,11.67,False,
1427792,2023-10-16T20:57:05Z,2023-10-16,en-US,troubleshooting,fix-problems;,dkgoodwin00,Keeps downloading thousands of gmail emails.   There are not thousands of emails to download,https://support.mozilla.org/questions/1427792,os:windows,,,,m:gmail,,proto:imap;proto:pop,,2,true,611.65,False,
1427793,2023-10-16T21:18:01Z,2023-10-16,en-US,settings,customize;,margochester,I need help with useChrome and toolbars,https://support.mozilla.org/questions/1427793,,,,,,,,,1,false,,True,margochester
1427794,2023-10-16T21:20:26Z,2023-10-16,en-US,other,other;,dave73160,Thunderbird 115.3.2 (64-bit),https://support.mozilla.org/questions/1427794,,,,,,,,,0,false,,False,
1427797,2023-10-16T22:04:03Z,2023-10-16,en-US,calendar,calendar;,mguywilson,Holiday Calendar Display incorrect,https://support.mozilla.org/questions/1427797,,,,,m:microsoftemail,,,,0,false,,False,
1427798,2023-10-16T22:13:35Z,2023-10-16,en-US,installation-and-updates,download-and-install_1;,guemeskid,Domain Change Settings Question - Manual Config - Folder Organization,https://support.mozilla.org/questions/1427798,,,,,m:microsoftemail,,proto:imap;proto:pop,,0,false,,False,
1427799,2023-10-16T22:27:23Z,2023-10-16,en-US,troubleshooting,fix-problems;,eastc,Need help with recovering a very old Thunderbird Profile backup,https://support.mozilla.org/questions/1427799,,,,,,,,,1,true,12.35,False,
1427802,2023-10-16T23:10:01Z,2023-10-16,cs,settings,customize;,it9,Thunderbird Supernova načtení .eml,https://support.mozilla.org/questions/1427802,os:windows,,,,m:microsoftemail,,,,1,true,0.47,False,
1427803,2023-10-16T23:43:45Z,2023-10-16,en-US,settings,customize;,kirkstall,Table View Display,https://support.mozilla.org/questions/1427803,,,,,,,,,0,false,,False,
1427804,2023-10-17T00:10:01Z,2023-10-17,en-US,other,other;,testuserovic,How to  mark more folders?,https://support.mozilla.org/questions/1427804,,,,,,,,,1,true,10.48,False,
1427807,2023-10-17T00:41:51Z,2023-10-17,en-US,other,other;,mtroxel2018,Problem with email,https://support.mozilla.org/questions/1427807,,,,,,,proto:pop,,1,true,8.98,False,
1427808,2023-10-17T01:07:41Z,2023-10-17,en-US,settings,customize;,bobfast22,Spell Checking,https://support.mozilla.org/questions/1427808,,,,,,,,,1,true,6.75,False,
1427809,2023-10-17T01:19:19Z,2023-10-17,en-US,settings,customize;,WillemTB51,Link in TB (emails) gebruiken edge ipv mijn voorkeurbrowser google chrome.,https://support.mozilla.org/questions/1427809,,,,,,,,,0,false,,False,
1427810,2023-10-17T01:21:27Z,2023-10-17,en-US,troubleshooting,fix-problems;,gfarrellynz,import from outlook stops at 33%,https://support.mozilla.org/questions/1427810,,,,,m:microsoftemail,,,,0,false,,False,
1427811,2023-10-17T01:27:09Z,2023-10-17,en-US,other,other;,thrud00,Tbird 115 unread messages not staying blue until read.,https://support.mozilla.org/questions/1427811,,,,,,,,,0,false,,False,
1427813,2023-10-17T02:06:42Z,2023-10-17,es,troubleshooting,fix-problems;,reimedicalsl,busqueda email,https://support.mozilla.org/questions/1427813,,,,,,,,,0,false,,False,
1427816,2023-10-17T02:19:19Z,2023-10-17,en-US,troubleshooting,fix-problems;,granville.white,Can't re=open after minimising,https://support.mozilla.org/questions/1427816,,,,,,,,,0,false,,False,
1427820,2023-10-17T03:26:04Z,2023-10-17,it,troubleshooting,fix-problems;,e.bacchiocchi,Creare collegamenti ipertestuali nel testo della mail,https://support.mozilla.org/questions/1427820,os:windows,,,,,,,,1,true,2.78,False,
1427823,2023-10-17T04:06:10Z,2023-10-17,en-US,settings,customize;,pcooper2,Unified folder view not working,https://support.mozilla.org/questions/1427823,os:linux,,,,,,,,3,true,4.05,False,
1427824,2023-10-17T04:16:15Z,2023-10-17,en-US,other,other;,mikolg,I want my manually deleted mail to automatically be marked as read,https://support.mozilla.org/questions/1427824,,,,,,,,,0,false,,False,
1427832,2023-10-17T05:55:07Z,2023-10-17,en-US,troubleshooting,fix-problems;,robertrask76,"Connect error 10051, only on wifi",https://support.mozilla.org/questions/1427832,,,,,,isp:att,proto:smtp,,1,true,3.64,False,
1427833,2023-10-17T05:58:17Z,2023-10-17,en-US,other,other;,BlebNevus1015,Scrollbar lands randomly in list of archived messages,https://support.mozilla.org/questions/1427833,,,,,,,,,0,false,,False,
1427835,2023-10-17T06:32:44Z,2023-10-17,en-US,installation-and-updates,download-and-install_1;,AndrewDillon,"Import [of profile] failed unexpectedly, Error Console - ""Uncaught (in promise) DOMException: Could not open the file at",https://support.mozilla.org/questions/1427835,,,,,,,,,0,false,,False,
1427839,2023-10-17T07:02:10Z,2023-10-17,en-US,settings,customize;,firefox1523,New addition to folder list pane,https://support.mozilla.org/questions/1427839,,,,,,,,,1,true,3.39,False,
1427841,2023-10-17T07:16:04Z,2023-10-17,en-US,troubleshooting,fix-problems;,budcarlson1,Slow / Laggy (115.3.1 on W10 on a screaming Dell),https://support.mozilla.org/questions/1427841,,,,,,,,,1,true,0.64,False,
1427842,2023-10-17T07:16:46Z,2023-10-17,en-US,troubleshooting,fix-problems;,soerenjohansson,"Mails are not displayed in Thunderbird 115 if the mail has a PGP and S/MIME signature, unless I try to reply to the mess",https://support.mozilla.org/questions/1427842,,,,,,,,,2,true,444.34,False,
1427843,2023-10-17T07:26:21Z,2023-10-17,en-US,troubleshooting,fix-problems;,budcarlson1,Offline messages tree is collapsed by default on 115.3.1 W10,https://support.mozilla.org/questions/1427843,,,,,,,proto:imap,,0,false,,False,
1427844,2023-10-17T07:34:31Z,2023-10-17,en-US,other,other;,41tutsham,Thunderbird Supernova upgrade,https://support.mozilla.org/questions/1427844,os:windows,,,,,,,,6,true,0.51,False,
1427845,2023-10-17T07:37:17Z,2023-10-17,en-US,other,other;,ljl153,Long strings of emails in Thunderbird,https://support.mozilla.org/questions/1427845,,,,,,,,,2,true,0.15,False,
1427846,2023-10-17T07:40:50Z,2023-10-17,es,troubleshooting,fix-problems;,lusero49,problemas con Windows 11,https://support.mozilla.org/questions/1427846,os:windows,,,,,,,,2,true,14.9,False,
1427847,2023-10-17T07:48:39Z,2023-10-17,en-US,other,other;,phil_plisgyn,Indication of new Emails,https://support.mozilla.org/questions/1427847,,,,,,,,,0,false,,False,
1427848,2023-10-17T07:51:46Z,2023-10-17,en-US,settings,customize;,aoneel,Sync offline folders and email between multiple thunderdbird installation on different pcs,https://support.mozilla.org/questions/1427848,,,,,,,,,0,false,,False,
1427849,2023-10-17T07:53:20Z,2023-10-17,en-US,settings,customize;,wbkhdc,"Trying to import .mbox from Gmail, not seeing any options",https://support.mozilla.org/questions/1427849,,,,,m:gmail,,,,2,true,0.08,False,
1427851,2023-10-17T08:12:21Z,2023-10-17,en-US,tips-and-tricks,desktop;download-and-install_1;windows-11;firefox-1180;firefox-11802;,user149341129350890206472605004564000906174,Thunderbird Profile Transfer,https://support.mozilla.org/questions/1427851,os:windows,Windows 11,,,,,,,0,false,,False,
1427852,2023-10-17T08:14:01Z,2023-10-17,it,troubleshooting,fix-problems;,gigdebby,errore di caricamento,https://support.mozilla.org/questions/1427852,,,,,,,,,1,true,0.48,False,
1427853,2023-10-17T08:34:28Z,2023-10-17,en-US,tips-and-tricks,desktop;fix-problems;mac-os-x-1015;firefox-1180;firefox-11802;,rothray,Thunderbird access,https://support.mozilla.org/questions/1427853,os:macos,Mac OS x 10.15,,,,,,,0,false,,False,
1427854,2023-10-17T08:36:57Z,2023-10-17,it,other,other;,nunziolegra,Thunderbird Supernova,https://support.mozilla.org/questions/1427854,,,,,,,,,4,true,0.11,False,
1427855,2023-10-17T08:38:05Z,2023-10-17,en-US,troubleshooting,fix-problems;,moz_fan,View/Reset pending DAV actions,https://support.mozilla.org/questions/1427855,,,,,,,,,0,false,,False,
1427856,2023-10-17T08:46:01Z,2023-10-17,en-US,other,other;,jim.n,Thunderbird SuperNova 115.3.2 downloads ALL email even when not configured to do so,https://support.mozilla.org/questions/1427856,,,,,,,proto:pop,,0,false,,False,
1427858,2023-10-17T08:57:33Z,2023-10-17,en-US,installation-and-updates,download-and-install_1;,adrian51,claranet will not approve thunderbird to transfer email address from zen please help,https://support.mozilla.org/questions/1427858,,,,,,,,,0,false,,False,
1427860,2023-10-17T09:21:17Z,2023-10-17,en-US,other,other;,castronovo,unread email gets marked as read when deleted,https://support.mozilla.org/questions/1427860,,,,,,,,,0,false,,False,
1427861,2023-10-17T09:23:17Z,2023-10-17,en-US,other,other;,jasper6,emails send from a weblink are not visible in my send folder,https://support.mozilla.org/questions/1427861,,,,,,,proto:imap,,0,false,,False,
1427862,2023-10-17T09:40:21Z,2023-10-17,en-US,other,other;,lbuczako,"unable to send emails, unable to print incoming documents",https://support.mozilla.org/questions/1427862,,,,,m:microsoftemail,isp:spectrum,,,0,false,,False,
1427863,2023-10-17T09:41:17Z,2023-10-17,en-US,other,other;,lbuczako,"unable to send emails, unable to print incoming documents",https://support.mozilla.org/questions/1427863,,,,,m:microsoftemail,isp:spectrum,,,0,false,,False,
1427864,2023-10-17T09:44:23Z,2023-10-17,en-US,troubleshooting,fix-problems;,budcarlson1,TB 115.3.x W10 Dragging emails to folders prompts expansion too quickly,https://support.mozilla.org/questions/1427864,,,,,,,,,0,false,,False,
1427865,2023-10-17T09:50:17Z,2023-10-17,en-US,tips-and-tricks,desktop;other;windows-10;,jasper6,"Unable to get help on the Dutch forum, getting into a loop, site broken.",https://support.mozilla.org/questions/1427865,os:windows,Windows 10,,,,,,,0,false,,False,
1427867,2023-10-17T09:53:58Z,2023-10-17,en-US,tips-and-tricks,desktop;fix-problems;windows-10;firefox-1180;firefox-11802;,johnlatt1,Thunderbird,https://support.mozilla.org/questions/1427867,os:windows,Windows 10,,,m:fastmail,,proto:pop,,0,false,,False,
1427868,2023-10-17T09:56:54Z,2023-10-17,en-US,settings,customize;,knewbizz,Why did you break folder mode in 115.3.1,https://support.mozilla.org/questions/1427868,,,,,,,,,0,false,,False,
1427872,2023-10-17T10:35:27Z,2023-10-17,en-US,troubleshooting,fix-problems;,frithnewman,"Is the ""issue affecting GMX email provider"" the reason I cannot download any of my email?  Or is this something else to ",https://support.mozilla.org/questions/1427872,,,,,m:gmx,,,,0,false,,False,
1427874,2023-10-17T10:43:23Z,2023-10-17,en-US,troubleshooting,fix-problems;,k.damstra,Setup Hotmail account in Thunderbird 115.3.2 on windows 11 home 22H2,https://support.mozilla.org/questions/1427874,os:windows,,,,m:microsoftemail,,,,2,true,0.14,True,k.damstra
1427875,2023-10-17T10:46:44Z,2023-10-17,en-US,installation-and-updates,download-and-install_1;,neild287,Where is msgFilters.dat?,https://support.mozilla.org/questions/1427875,,,,,,,,,0,false,,False,
1427876,2023-10-17T10:47:47Z,2023-10-17,en-US,settings,customize;,leighjane391,Spell check as you type wont work 115.3.2 (64-bit),https://support.mozilla.org/questions/1427876,os:windows,,,,,,,,0,false,,False,
1427880,2023-10-17T11:15:01Z,2023-10-17,en-US,other,other;,inge1950,spam folder/mail,https://support.mozilla.org/questions/1427880,,,,,,,,,1,true,12.2,False,
1427881,2023-10-17T11:20:19Z,2023-10-17,en-US,troubleshooting,fix-problems;,blazethecatdflammes,Microsoft e-mail accounts on the latest Thunderbird update (115.3.2) endlessly require re-entering passwords,https://support.mozilla.org/questions/1427881,,,,,m:microsoftemail,,proto:oauth,,0,false,,False,
1427882,2023-10-17T12:08:14Z,2023-10-17,en-US,calendar,calendar;,Armadilloweb,Calensar Event Page,https://support.mozilla.org/questions/1427882,,,,,,,,,0,false,,False,
1427885,2023-10-17T12:25:32Z,2023-10-17,en-US,other,other;,driftboat,"Thunderbird seems to be ""correcting"" sender's name",https://support.mozilla.org/questions/1427885,,,,,m:gmail;m:microsoftemail,,,,5,true,5.58,False,
1427887,2023-10-17T12:30:47Z,2023-10-17,en-US,other,other;,joycembrett,What does replacing current TB profile with older copy affect,https://support.mozilla.org/questions/1427887,,,,,,,proto:imap,,0,false,,False,
1427888,2023-10-17T12:32:30Z,2023-10-17,en-US,troubleshooting,fix-problems;,gcraighammond,New problems with latest Thunderbird,https://support.mozilla.org/questions/1427888,,,,,,,,,0,false,,False,
1427889,2023-10-17T12:35:19Z,2023-10-17,en-US,installation-and-updates,download-and-install_1;,rhankins132,Thunderbird won't download emails,https://support.mozilla.org/questions/1427889,,,,,,,,,0,false,,False,
1427890,2023-10-17T12:36:46Z,2023-10-17,en-US,settings,customize;,jacksonew,"Thunderbird How to restore the old ""Get new messages"" and ""Write"" buttons instead of the new cloud symbol and New messag",https://support.mozilla.org/questions/1427890,,,,,,,,,6,true,5.22,False,
1427894,2023-10-17T13:15:30Z,2023-10-17,en-US,installation-and-updates,download-and-install_1;,dejvidch,E-mails are not visible after update to version 115.3.2,https://support.mozilla.org/questions/1427894,,,,,,,,,0,false,,False,
1427895,2023-10-17T13:25:41Z,2023-10-17,en-US,troubleshooting,fix-problems;,BlueShoes,Beautiful Iconography missing.,https://support.mozilla.org/questions/1427895,,,,,,,,,0,false,,False,
1427897,2023-10-17T13:55:40Z,2023-10-17,en-US,other,other;,tmorris11,115.3.1 Will Not Allow Me To Send Emails,https://support.mozilla.org/questions/1427897,,,,,m:microsoftemail,isp:spectrum,proto:smtp,,1,true,24.32,False,
1427898,2023-10-17T13:57:45Z,2023-10-17,en-US,troubleshooting,fix-problems;,jmanoj1,Email body disappears once forward is selected.,https://support.mozilla.org/questions/1427898,,,,,,,,,0,false,,False,
1427904,2023-10-17T14:25:31Z,2023-10-17,en-US,troubleshooting,fix-problems;,w7wll,Send Error Message,https://support.mozilla.org/questions/1427904,,,,,m:gmail,,proto:smtp,,4,true,5.7,True,w7wll
1427905,2023-10-17T14:32:34Z,2023-10-17,it,other,other;,a.grim1956,In Thunderbird ( a.grim@alice.it) mi sono scomparsi tutti gli indirizzi in rubrica,https://support.mozilla.org/questions/1427905,,,,,,,,,1,true,11.0,False,
1427907,2023-10-17T14:50:50Z,2023-10-17,en-US,settings,customize;,justjanicejulia,Want to remove/hide the unread message count that appears next to my folders (since the automatic thunderbird update),https://support.mozilla.org/questions/1427907,,,,,,,,,1,true,2.8,False,
1427908,2023-10-17T14:58:42Z,2023-10-17,en-US,other,other;,cinsmi50,FOLDERS IN THUNDERBIRD,https://support.mozilla.org/questions/1427908,,,,,,,,,3,true,471.77,True,cinsmi50
1427909,2023-10-17T15:10:14Z,2023-10-17,en-US,other,other;,JackDinn,.msf mork files and finding numNewMsgs has changed for just one of my accounts?,https://support.mozilla.org/questions/1427909,os:linux,,,,,,,,0,false,,False,
1427911,2023-10-17T15:52:04Z,2023-10-17,en-US,settings,customize;,jwebsterwebster,115.3.2 (64-bit) Thunderbird- can I set a default folder for sending attachments?,https://support.mozilla.org/questions/1427911,,,,,,,,,0,false,,False,
1427913,2023-10-17T16:03:26Z,2023-10-17,en-US,other,other;,trav2,transfering emails,https://support.mozilla.org/questions/1427913,,,,,,,,,0,false,,False,
1427915,2023-10-17T17:08:14Z,2023-10-17,en-US,installation-and-updates,download-and-install_1;,fjcfs69,Pst convert to Mbox,https://support.mozilla.org/questions/1427915,,,,,m:microsoftemail,,,,0,false,,False,
1427922,2023-10-17T18:50:08Z,2023-10-17,en-US,troubleshooting,fix-problems;,mtroxel2018,Error massage in my email,https://support.mozilla.org/questions/1427922,,,,,,isp:centurylink,proto:pop,,0,false,,False,
1427924,2023-10-17T19:05:06Z,2023-10-17,en-US,troubleshooting,fix-problems;,mhubel,SERVERBUG,https://support.mozilla.org/questions/1427924,,,,,m:microsoftemail,,proto:imap,,0,false,,False,
1427927,2023-10-17T21:06:30Z,2023-10-17,en-US,other,other;,CandyCorvid,Error with overlapping filters,https://support.mozilla.org/questions/1427927,,,,,m:gmail,,proto:imap,,0,false,,False,
1427928,2023-10-17T21:14:57Z,2023-10-17,en-US,settings,customize;,berand,Startup maillist display,https://support.mozilla.org/questions/1427928,,,,,,,,,10,true,3.25,False,
1427931,2023-10-17T22:16:26Z,2023-10-17,en-US,other,other;,russell+accounts.firefox.com,Oauth2 for smtp.office365.com not working,https://support.mozilla.org/questions/1427931,os:macos,,,,m:microsoftemail,,proto:smtp;proto:oauth,,7,true,12.48,False,
1427934,2023-10-17T22:52:27Z,2023-10-17,it,other,other;,zulli.danilo,Versione 115.3.2,https://support.mozilla.org/questions/1427934,,,,,,,,,2,true,2.8,False,
1427935,2023-10-17T23:07:52Z,2023-10-17,en-US,privacy-and-security,privacy-and-security_1;,firefox2545,Egress control issues with Thunderbird ( TCP session reuse issue ? ),https://support.mozilla.org/questions/1427935,os:linux,,,,,,proto:imap;proto:smtp,,0,false,,False,
1427937,2023-10-17T23:16:31Z,2023-10-17,it,other,other;needsinfo;,marco.baumer,Al clic si apre una mail diversa,https://support.mozilla.org/questions/1427937,,,,,,,,,6,true,2.42,True,marco.baumer
1427938,2023-10-17T23:19:42Z,2023-10-17,en-US,settings,customize;,malutanpetronel,Menu Bar,https://support.mozilla.org/questions/1427938,os:linux,,,,,,,,1,true,6.99,False,
1427940,2023-10-18T00:58:10Z,2023-10-18,en-US,other,other;,gordon47,Time of download shown in receive column rather than time of email receipt on server,https://support.mozilla.org/questions/1427940,,,,,m:gmail,,proto:smtp,,1,false,,False,
1427941,2023-10-18T00:58:52Z,2023-10-18,it,other,other;,alessandro.gallo.a,Update new-message-number label not showing up in folders/subfolders,https://support.mozilla.org/questions/1427941,,,,,,,,,0,false,,False,
1427943,2023-10-18T01:31:07Z,2023-10-18,it,troubleshooting,fix-problems;,studio82,PROBLEMI CON THUNDEBIRD,https://support.mozilla.org/questions/1427943,,,,,,,,,3,true,0.21,False,
1427944,2023-10-18T01:33:12Z,2023-10-18,en-US,installation-and-updates,download-and-install_1;,willemvank,MyThunderbird mails also towards my Mobile,https://support.mozilla.org/questions/1427944,,,,,,,,,1,true,2.91,False,
1427946,2023-10-18T01:36:00Z,2023-10-18,en-US,installation-and-updates,download-and-install_1;,willemvank,mails also  towards  my mobile,https://support.mozilla.org/questions/1427946,,,,,,,,,1,true,2.81,False,
1427949,2023-10-18T02:28:35Z,2023-10-18,en-US,troubleshooting,fix-problems;,berni3,Not showing any Mail in inbox,https://support.mozilla.org/questions/1427949,,,,,,,,,1,false,,True,berni3
1427951,2023-10-18T03:08:42Z,2023-10-18,it,other,other;,licenze,"Firma con immagini, testo evidenziato con colori e link di collegamento",https://support.mozilla.org/questions/1427951,,,,,m:microsoftemail,,,,1,true,4.66,False,
1427952,2023-10-18T03:11:53Z,2023-10-18,en-US,troubleshooting,fix-problems;,martin.korf,Issue with Email Sending after Update to Version 115 (Custom SMTP port and STARTTLS),https://support.mozilla.org/questions/1427952,,,,,,,proto:smtp,,0,false,,False,
1427954,2023-10-18T04:19:38Z,2023-10-18,en-US,settings,customize;,el.burceva,"Thunderbird does not understand files such as dwg, 7z and others.",https://support.mozilla.org/questions/1427954,os:windows,,,,,,,,0,false,,False,
1427957,2023-10-18T05:09:06Z,2023-10-18,en-US,settings,customize;,loopygram1,font size,https://support.mozilla.org/questions/1427957,,,,,,,,,2,true,1.25,False,
1427958,2023-10-18T05:25:39Z,2023-10-18,en-US,troubleshooting,fix-problems;,paul574,Thunderbird Supernova becomes unresponsive,https://support.mozilla.org/questions/1427958,,,,,,,,,4,true,457.3,False,
1427962,2023-10-18T05:57:06Z,2023-10-18,en-US,troubleshooting,fix-problems;,rgsrose2,"Rotating Color Ball Always Showing Up.  Program Is Essentially Unusable.  Help, PLEASE",https://support.mozilla.org/questions/1427962,,,,,,,,,0,false,,False,
1427964,2023-10-18T06:24:07Z,2023-10-18,en-US,installation-and-updates,download-and-install_1;,minussaber,desktop application thunderbird & 1c,https://support.mozilla.org/questions/1427964,,,,,,,,,0,false,,False,
1427966,2023-10-18T06:28:20Z,2023-10-18,en-US,installation-and-updates,download-and-install_1;,connman,Add Security Exception | Won't proceed,https://support.mozilla.org/questions/1427966,,,,,,,,,0,false,,False,
1427968,2023-10-18T06:43:29Z,2023-10-18,es,troubleshooting,fix-problems;,albert66,Se cuelga thunderbird,https://support.mozilla.org/questions/1427968,,,,,,,,,0,false,,False,
1427969,2023-10-18T06:45:56Z,2023-10-18,en-US,other,other;,amorican,Duplicate folders since recent update,https://support.mozilla.org/questions/1427969,,,,,,,,,0,false,,False,
1427973,2023-10-18T07:11:14Z,2023-10-18,en-US,other,other;,pielady57,menu bar is missing on send page,https://support.mozilla.org/questions/1427973,,,,,,,,,5,true,1.82,True,davidsk
1427977,2023-10-18T08:13:29Z,2023-10-18,en-US,settings,customize;,morant,Thunderbird mail,https://support.mozilla.org/questions/1427977,,,,,,,,,1,true,0.81,False,
1427979,2023-10-18T08:16:51Z,2023-10-18,en-US,other,other;,lemorrison1,"Edge is stealing hyperlinks from Thunderbird emails, opening them in Edge, instead of the default Firefox",https://support.mozilla.org/questions/1427979,,,,,,,,,2,true,0.79,True,davidsk
1427980,2023-10-18T08:26:34Z,2023-10-18,en-US,other,other;,keithhook1,"Undue amount of email screen covered by appeal, to which I havecontributed, so that I can't read how many messages are i",https://support.mozilla.org/questions/1427980,,,,,,,,,1,true,0.66,False,
1427982,2023-10-18T08:43:26Z,2023-10-18,en-US,other,other;,SandyLoams,Spam getting moved back to inbox - what's happening?,https://support.mozilla.org/questions/1427982,,,,,,,,,0,false,,False,
1427984,2023-10-18T08:52:11Z,2023-10-18,en-US,other,other;,mspiegel,supernova: divider bar in Classic View is worse wrt to new messages,https://support.mozilla.org/questions/1427984,,,,,,,,,10,true,0.56,False,
1427987,2023-10-18T09:07:42Z,2023-10-18,en-US,other,other;,lordjohn,Duplicate Drafts folders,https://support.mozilla.org/questions/1427987,,,,,m:gmail,,proto:imap,,0,false,,False,
1427989,2023-10-18T09:20:50Z,2023-10-18,en-US,settings,customize;,pg_78,Bulk modification to view columns for RSS feed folders,https://support.mozilla.org/questions/1427989,,,,,,,,,0,false,,False,
1427990,2023-10-18T09:25:28Z,2023-10-18,en-US,troubleshooting,fix-problems;,rtwoodward,Thunderbird is hangs every time I try to add a hyperlink (win10),https://support.mozilla.org/questions/1427990,os:windows,,,,,,,,4,true,453.29,False,
1427991,2023-10-18T09:30:49Z,2023-10-18,en-US,troubleshooting,fix-problems;,jimarch,"NONE OF THE LINKS IN THUNDERBIRD WORK. I have to right click, copy the link, open Chrome and paste the link.  The same p",https://support.mozilla.org/questions/1427991,os:windows,,,,,,,,1,true,1044.59,False,
1427992,2023-10-18T09:31:40Z,2023-10-18,en-US,settings,customize;,mail1881,"Emails are being sent with text in gray, not the black I enter",https://support.mozilla.org/questions/1427992,os:windows,,,,,,,,0,false,,False,
1427993,2023-10-18T09:50:32Z,2023-10-18,en-US,other,other;,mdrummond,Sending and now receiving mail via Brighthouse.com,https://support.mozilla.org/questions/1427993,,,,,m:gmail;m:microsoftemail;m:yahooemail,isp:spectrum,proto:smtp,,2,true,4.27,False,
1427995,2023-10-18T10:06:42Z,2023-10-18,pt-BR,troubleshooting,fix-problems;,elnegrao2003,Erro Thunderbird ao abrir explorer,https://support.mozilla.org/questions/1427995,os:windows,,,,,,,av:kaspersky,0,false,,False,
1427996,2023-10-18T11:12:14Z,2023-10-18,en-US,settings,customize;,melmcc,MANNUALLY MOVE FOLDERS,https://support.mozilla.org/questions/1427996,,,,,,,,,4,true,0.67,False,
1427997,2023-10-18T11:16:12Z,2023-10-18,en-US,other,other;,BMWRed735i,My filters cannot be edited  Window has no close button V115.3.2 32bit,https://support.mozilla.org/questions/1427997,os:windows,,,,,,,,2,true,431.81,False,
1427998,2023-10-18T11:22:52Z,2023-10-18,en-US,troubleshooting,fix-problems;,nodd,Thunderbird email login,https://support.mozilla.org/questions/1427998,,,,,,,,,0,false,,False,
1428001,2023-10-18T11:46:58Z,2023-10-18,en-US,other,other;,fxsmith2,pdf bug,https://support.mozilla.org/questions/1428001,,,,,,,,,0,false,,False,
1428003,2023-10-18T11:56:03Z,2023-10-18,en-US,other,other;,nancy75,Thunderbird updated and I absolutely hate the new format. How do i go back to the previous format,https://support.mozilla.org/questions/1428003,,,,,,,,,0,false,,False,
1428004,2023-10-18T12:00:09Z,2023-10-18,en-US,other,other;,fxsmith2,printing pdf,https://support.mozilla.org/questions/1428004,,,,,,,,,0,false,,False,
1428009,2023-10-18T12:47:43Z,2023-10-18,en-US,troubleshooting,fix-problems;,thomas.storgard,Thunderbird don´t get mail from POP3 any more,https://support.mozilla.org/questions/1428009,,,,,m:gmail,isp:att,proto:imap;proto:pop,,1,false,,False,
1428012,2023-10-18T13:02:33Z,2023-10-18,en-US,settings,customize;,Thunder_Jay,Search bar new layout,https://support.mozilla.org/questions/1428012,,,,,,,,,2,true,0.24,True,Thunder_Jay
1428014,2023-10-18T13:24:53Z,2023-10-18,en-US,troubleshooting,fix-problems;,nrgmagic,This is my list of issues with 115.3.2 (64-bit),https://support.mozilla.org/questions/1428014,os:windows,,,,,,proto:imap,,0,false,,False,
1428018,2023-10-18T14:28:42Z,2023-10-18,en-US,troubleshooting,fix-problems;,ff114,Can not delete multiple emails at the same time,https://support.mozilla.org/questions/1428018,os:windows,,,,,,,,0,false,,False,
1428021,2023-10-18T14:35:52Z,2023-10-18,en-US,troubleshooting,fix-problems;,apoole10661,Pairing thunderbird on 2 computers,https://support.mozilla.org/questions/1428021,,,,,m:microsoftemail,,proto:imap;proto:pop,,0,false,,False,
1428023,2023-10-18T14:39:46Z,2023-10-18,en-US,troubleshooting,fix-problems;,marklang,Some messages don't change to unread status,https://support.mozilla.org/questions/1428023,os:windows,,,,,,,,0,false,,False,
1428024,2023-10-18T14:43:32Z,2023-10-18,en-US,other,other;,dylanb007,Thunderbird keeps rejecting E-mails from one address even though it's whitelisted,https://support.mozilla.org/questions/1428024,,,,,,,proto:imap;proto:pop,,1,true,2.53,False,
1428025,2023-10-18T14:46:02Z,2023-10-18,en-US,other,other;,PhilipH,where can I find information on how to use QuickNav?,https://support.mozilla.org/questions/1428025,,,,,,,,,3,true,37.36,True,PhilipH
1428027,2023-10-18T14:48:09Z,2023-10-18,en-US,other,other;,clintoconner2,TB 115.3.1 for Mac - where did my inboxes go?,https://support.mozilla.org/questions/1428027,,,,,,,,,6,true,2.39,True,sfhowes
1428030,2023-10-18T15:08:39Z,2023-10-18,en-US,settings,customize;,steveblower2,Displaying all the subfolders.,https://support.mozilla.org/questions/1428030,,,,,,,,,0,false,,False,
1428031,2023-10-18T15:14:55Z,2023-10-18,en-US,other,other;,sandrageorgette,Junk mail controls not working,https://support.mozilla.org/questions/1428031,,,,,,,,,1,true,1.89,False,
1428032,2023-10-18T15:24:51Z,2023-10-18,it,installation-and-updates,download-and-install_1;,Roby33,Thunderbird: impossibile trasferire il profilo da un pc all'altro,https://support.mozilla.org/questions/1428032,os:windows,,,,,,,,4,true,19.58,False,
1428033,2023-10-18T15:24:53Z,2023-10-18,en-US,troubleshooting,fix-problems;,ronlovell,Thunderbird 115.3.3 can no longer view any mail and can't open any folder that contains mail,https://support.mozilla.org/questions/1428033,,,,,,,,,1,true,447.27,False,
1428034,2023-10-18T15:37:14Z,2023-10-18,en-US,settings,customize;,thundersky,Visual Change Reversal,https://support.mozilla.org/questions/1428034,,,,,,,,,0,false,,False,
1428037,2023-10-18T15:59:42Z,2023-10-18,en-US,other,other;,jwhitt12,Thunderbird saves passwords.  One of them is wrong.  How do I fix a bad password?,https://support.mozilla.org/questions/1428037,os:linux,,,,m:yahooemail,,proto:smtp,,5,true,1.02,False,
1428042,2023-10-18T16:35:51Z,2023-10-18,en-US,other,other;,etopro,The message above the message I'm reading disappears.,https://support.mozilla.org/questions/1428042,,,,,,,,,0,false,,False,
1428046,2023-10-18T17:09:28Z,2023-10-18,en-US,tips-and-tricks,desktop;windows-10;,Fat.Spider,unable to return to inbox from an open email without first opening another heading,https://support.mozilla.org/questions/1428046,os:windows,Windows 10,,,,,,,1,true,2466.9,False,
1428053,2023-10-18T18:50:27Z,2023-10-18,en-US,installation-and-updates,download-and-install_1;,me388,Used my settings from my webmail and still won't work in Thunderbird,https://support.mozilla.org/questions/1428053,,,,,m:gmail,,,,4,true,72.9,False,
1428054,2023-10-18T18:58:26Z,2023-10-18,en-US,other,other;,Robimars,Want Thunderbird sync,https://support.mozilla.org/questions/1428054,,,,,,,,,1,true,36.06,False,
1428055,2023-10-18T19:10:38Z,2023-10-18,en-US,settings,customize;,rp108,Change Font color and background color of the buttons that now (115.3.1) populate the Left pane,https://support.mozilla.org/questions/1428055,,,,,,,,,8,true,1.9,True,sfhowes
1428057,2023-10-18T19:15:30Z,2023-10-18,en-US,settings,customize;,peepmissrudyandlt,Changed the size of the text in Thunderbird. Now my entire mail display takes up less than a quarter of an inch,https://support.mozilla.org/questions/1428057,,,,,,,,,4,true,0.25,False,
1428059,2023-10-18T20:30:42Z,2023-10-18,en-US,tips-and-tricks,desktop;fix-problems;windows-11;,thuzarmyint.dv,i received mail return from thunder bird my email is thuzar.myint@frobom.com,https://support.mozilla.org/questions/1428059,os:windows,Windows 11,,,,,,,0,false,,False,
1428063,2023-10-18T21:03:02Z,2023-10-18,en-US,other,other;,toni19,Thunderbird deleted thousands of emails ==Imac==how do I get them back -- no backup!,https://support.mozilla.org/questions/1428063,os:linux,,,,,,,,0,false,,False,
1428070,2023-10-18T23:47:29Z,2023-10-18,en-US,other,other;,nyc425md,Account Setup Inquiry,https://support.mozilla.org/questions/1428070,,,,,,,,,1,true,11.52,False,
1428071,2023-10-18T23:49:08Z,2023-10-18,en-US,settings,customize;,vijeko.jager,Remove threaded view in search panel of Thunderbird ?,https://support.mozilla.org/questions/1428071,,,,,,,,,2,true,4.58,False,
1428073,2023-10-19T00:01:08Z,2023-10-19,en-US,settings,customize;,SeatAdvisor,email client message list display,https://support.mozilla.org/questions/1428073,,,,,,,,,0,false,,False,
1428077,2023-10-19T00:25:05Z,2023-10-19,en-US,other,other;,ptrlwsn5,Sorting emails,https://support.mozilla.org/questions/1428077,,,,,,,,,9,true,3.46,True,ptrlwsn5
1428078,2023-10-19T00:48:03Z,2023-10-19,en-US,settings,customize;,HondoMan,JustReportIt or Just Report It - add-on Question,https://support.mozilla.org/questions/1428078,,,,,m:gmail;m:microsoftemail,,,,0,false,,False,
1428079,2023-10-19T01:04:37Z,2023-10-19,fi,troubleshooting,fix-problems;,xszxcsx,"17.10.2023 versiopäivityksen jälkeen viestiä ei onnistu lähettää, eikä saa niitä",https://support.mozilla.org/questions/1428079,,,,,m:microsoftemail,,proto:smtp,,0,false,,False,
1428081,2023-10-19T01:27:21Z,2023-10-19,en-US,privacy-and-security,privacy-and-security_1;,stanfacey,Reset primary password,https://support.mozilla.org/questions/1428081,,,,,,,,,1,true,8.44,False,
1428084,2023-10-19T02:18:45Z,2023-10-19,en-US,other,other;,spotnag,Search not including results in the junk folder,https://support.mozilla.org/questions/1428084,,,,,,,,,1,true,8.92,True,sfhowes
1428086,2023-10-19T02:26:07Z,2023-10-19,en-US,installation-and-updates,download-and-install_1;,xavier27,"Submitting an issue: ""Microsoft Outlook Test Message"" on setting up existing mail account",https://support.mozilla.org/questions/1428086,,,,,m:microsoftemail,,,,0,false,,False,
1428088,2023-10-19T02:59:27Z,2023-10-19,en-US,troubleshooting,fix-problems;,rgsrose2,Getting Back To eMail List After Reading one ?  Best Way ?,https://support.mozilla.org/questions/1428088,,,,,,,,,2,true,4.04,False,
1428090,2023-10-19T03:12:12Z,2023-10-19,es,troubleshooting,fix-problems;,larryosmail,No se muestran los emails recibidos en MAC,https://support.mozilla.org/questions/1428090,,,,,,,,,0,false,,False,
1428092,2023-10-19T03:37:42Z,2023-10-19,en-US,other,other;,nicastro6,Emails,https://support.mozilla.org/questions/1428092,,,,,,,,,4,true,1.64,False,
1428093,2023-10-19T03:47:26Z,2023-10-19,it,other,other;,info10116,Cancellazione posta inviata,https://support.mozilla.org/questions/1428093,,,,,,,proto:imap,,2,true,7.16,False,
1428094,2023-10-19T04:07:18Z,2023-10-19,en-US,calendar,calendar;,malte.forkel,Updating calendar data database file,https://support.mozilla.org/questions/1428094,,,,,,,,,2,true,2.35,False,
1428097,2023-10-19T04:30:58Z,2023-10-19,en-US,troubleshooting,fix-problems;,john977,Can't send email Updated to Version 115.3.3 (64-bit),https://support.mozilla.org/questions/1428097,os:macos,,,,,,proto:smtp,,1,false,,False,
1428099,2023-10-19T04:46:04Z,2023-10-19,pt-BR,settings,customize;,globoverdelogistica,Redirecionamento automático de mensagens,https://support.mozilla.org/questions/1428099,,,,,m:microsoftemail,,,,0,false,,False,
1428102,2023-10-19T05:15:38Z,2023-10-19,it,other,other;,licenze,Passaggio da TB 3.1.8 (o 17.0.8) a ultima versione 115: non tiene più in memoria la psw dell'account,https://support.mozilla.org/questions/1428102,,,,,m:microsoftemail,,,,4,true,5.79,False,
1428103,2023-10-19T05:47:40Z,2023-10-19,en-US,troubleshooting,fix-problems;,kenneth.p.magnusson,Inkorgen email,https://support.mozilla.org/questions/1428103,,,,,,isp:att,proto:pop,,1,true,5.37,False,
1428105,2023-10-19T06:11:49Z,2023-10-19,en-US,other,other;,david.abineri,"When composing an email and using BOLD text, turning off BOLD does not seem to work. Same with TEXT SIZE.",https://support.mozilla.org/questions/1428105,,,,,,,,,0,false,,False,
1428106,2023-10-19T06:13:06Z,2023-10-19,en-US,other,other;,maryreed5758,Web Site,https://support.mozilla.org/questions/1428106,,,,,,,,,1,true,6.15,False,
1428107,2023-10-19T06:14:49Z,2023-10-19,en-US,settings,customize;,bbethke,Add icon to get new messages for all accounts,https://support.mozilla.org/questions/1428107,,,,,,,,,3,true,6.18,True,davidsk
1428108,2023-10-19T06:17:50Z,2023-10-19,it,settings,customize;,PremPa,Pannello dei messaggi - Linee discussione,https://support.mozilla.org/questions/1428108,,,,,,,,,1,true,4.52,False,
1428109,2023-10-19T06:23:31Z,2023-10-19,it,other,other;,lucio.vittori,ordinare le email in ordine conologico,https://support.mozilla.org/questions/1428109,,,,,,,,,7,true,4.37,False,
1428114,2023-10-19T06:57:01Z,2023-10-19,en-US,other,other;,firefox2260,Upgrade to 115.3.3 has stopped me sending emails - need IMAP server as imap.outlook.com,https://support.mozilla.org/questions/1428114,,,,,m:microsoftemail,,proto:imap;proto:smtp,,3,true,3.91,True,firefox2260
1428115,2023-10-19T07:03:21Z,2023-10-19,en-US,other,other;,rbhall52,Emails in thunderbird inbox move up or down drastically after deleting a message,https://support.mozilla.org/questions/1428115,,,,,,,,,0,false,,False,
1428116,2023-10-19T07:18:05Z,2023-10-19,en-US,installation-and-updates,download-and-install_1;,fourstar1,Transferring Thunderbird/old emails to a new computer,https://support.mozilla.org/questions/1428116,,,,,,,,,1,true,0.73,False,
1428117,2023-10-19T07:26:42Z,2023-10-19,en-US,other,other;,stan62,unread emails disappearing when clicked,https://support.mozilla.org/questions/1428117,,,,,,,,,0,false,,False,
1428118,2023-10-19T07:33:40Z,2023-10-19,en-US,settings,customize;,focusedcreative,Changing font size of Message List: userChrome.css no longer working (OSX)?,https://support.mozilla.org/questions/1428118,os:macos,,,,,,,,9,true,0.36,True,focusedcreative
1428121,2023-10-19T08:01:24Z,2023-10-19,it,other,other;,luigi.lampugnani,Posta inviata,https://support.mozilla.org/questions/1428121,,,,,,,,,7,true,2.72,False,
1428123,2023-10-19T08:14:52Z,2023-10-19,en-US,other,other;,knight134,download emails from outlook,https://support.mozilla.org/questions/1428123,,,,,m:microsoftemail,,,,3,true,3.91,False,
1428124,2023-10-19T08:21:03Z,2023-10-19,it,troubleshooting,fix-problems;needsinfo;,robertoeannalicenziato,ritarda ad aprire la posta,https://support.mozilla.org/questions/1428124,,,,,,,,,2,true,2.37,False,
1428126,2023-10-19T08:38:05Z,2023-10-19,en-US,troubleshooting,fix-problems;,frn.chamberlain,Thunderbird email,https://support.mozilla.org/questions/1428126,,,,,,,,,1,true,3.41,False,
1428131,2023-10-19T08:54:29Z,2023-10-19,en-US,other,other;,marc.leduc,Reporting a bug in the new Thunderbird UI,https://support.mozilla.org/questions/1428131,,,,,,,,,0,false,,False,
1428132,2023-10-19T08:56:12Z,2023-10-19,en-US,other,other;,arnoversfeld1,Delivery Status Notifications not working,https://support.mozilla.org/questions/1428132,os:linux,,,,,,,,1,true,3.4,False,
1428133,2023-10-19T08:58:25Z,2023-10-19,en-US,privacy-and-security,privacy-and-security_1;,mikejanus,Problem adding secondary account,https://support.mozilla.org/questions/1428133,,,,,m:gmail,,,,1,true,0.27,False,
1428134,2023-10-19T08:59:44Z,2023-10-19,en-US,other,other;,rakeshbanga,Unified Folder not working after updating to version 115.3.3 (32-bit),https://support.mozilla.org/questions/1428134,,,,,,,,,4,true,1.67,True,sfhowes
1428136,2023-10-19T09:06:41Z,2023-10-19,en-US,calendar,calendar;,NorthernLady,Description box in invite pop-up doesn't increase size vertically,https://support.mozilla.org/questions/1428136,,,,,,,,,0,false,,False,
1428137,2023-10-19T09:26:58Z,2023-10-19,it,other,other;,archsenatore,Password richiesta - Mozilla Thunderbird,https://support.mozilla.org/questions/1428137,,,,,,,,,1,true,1.21,False,
1428138,2023-10-19T09:30:09Z,2023-10-19,en-US,other,other;,kbkelly,SMTP Server User Name across multiple email accounts,https://support.mozilla.org/questions/1428138,,,,,,isp:spectrum,proto:smtp,,1,false,,True,kbkelly
1428140,2023-10-19T09:43:01Z,2023-10-19,en-US,other,other;,ldkamb,Thunderbird email (Supernova),https://support.mozilla.org/questions/1428140,,,,,,,,,1,true,2.39,False,
1428141,2023-10-19T10:02:00Z,2023-10-19,cs,other,other;,jurcik.z,Při přepínání složek se mění rozmezí zobrazených zpráv,https://support.mozilla.org/questions/1428141,,,,,,,,,6,true,15.58,True,Ansamb
1428144,2023-10-19T10:24:32Z,2023-10-19,en-US,other,other;,fparczewski,Download Icon within Thunderbird,https://support.mozilla.org/questions/1428144,os:windows,,,,,,,,1,true,0.15,False,
1428146,2023-10-19T10:38:38Z,2023-10-19,en-US,other,other;,dschoech,“Checking inbox for new messages” appears for several minutes then “No messages to download” appears on my Windows compu,https://support.mozilla.org/questions/1428146,,,,,m:yahooemail,isp:att,proto:imap;proto:pop,,1,true,1382.5,False,
1428147,2023-10-19T11:02:02Z,2023-10-19,en-US,other,other;,chipriedmann,Enter key defaults to last used menu button,https://support.mozilla.org/questions/1428147,os:windows,,,,,,,,0,false,,False,
1428149,2023-10-19T11:26:19Z,2023-10-19,pt-BR,installation-and-updates,download-and-install_1;,adrielgouveati,Duvidas sobre backup do Thunderbird,https://support.mozilla.org/questions/1428149,,,,,,,,,0,false,,False,
1428156,2023-10-19T12:00:43Z,2023-10-19,en-US,other,other;,castronovo,unread email gets marked as read when deleted,https://support.mozilla.org/questions/1428156,,,,,,,,,0,false,,False,
1428157,2023-10-19T12:09:20Z,2023-10-19,en-US,other,other;,patm,New Thunderbird,https://support.mozilla.org/questions/1428157,,,,,,,,,1,true,0.13,False,
1428158,2023-10-19T12:21:10Z,2023-10-19,en-US,other,other;,sweettasha,Drafts folder shows multiple entries for an unsent message,https://support.mozilla.org/questions/1428158,,,,,,,,,2,true,0.04,True,davidsk
1428161,2023-10-19T12:30:01Z,2023-10-19,en-US,other,other;,earwigs,Copy old folder to Thunderbird profile,https://support.mozilla.org/questions/1428161,,,,,,,,,4,true,7.72,True,sfhowes
1428162,2023-10-19T12:38:26Z,2023-10-19,hu,other,other;,pluhar.gabor,Thunderbird,https://support.mozilla.org/questions/1428162,,,,,,,,,2,true,14.16,True,meskobalazs
1428166,2023-10-19T13:09:51Z,2023-10-19,en-US,other,other;,rkelley_sf,Can't receive or send email after v 115.3.3 update to Thunderbird last night.,https://support.mozilla.org/questions/1428166,os:macos,,,,m:yahooemail,,,,1,false,,False,
1428167,2023-10-19T13:10:26Z,2023-10-19,en-US,other,other;,jgamble2,Outgoing Server Settings Timing Out ~ Can receive but can't send emails,https://support.mozilla.org/questions/1428167,,,,,m:microsoftemail,isp:spectrum,,,3,true,6.97,False,
1428170,2023-10-19T13:21:50Z,2023-10-19,en-US,other,other;,dcbland,email attachments,https://support.mozilla.org/questions/1428170,,,,,,,,,11,true,1.09,False,
1428171,2023-10-19T13:22:05Z,2023-10-19,en-US,troubleshooting,fix-problems;,info1478,Constantly freezing. Caused by broken Unified Folders,https://support.mozilla.org/questions/1428171,,,,,m:microsoftemail,,,,8,true,1.28,True,info1478
1428174,2023-10-19T13:41:52Z,2023-10-19,en-US,other,other;,Armadilloweb,"Thunderbird Send E-mail, unable to write the e-mail to the mailbox",https://support.mozilla.org/questions/1428174,,,,,,,proto:smtp,,0,false,,False,
1428176,2023-10-19T13:49:08Z,2023-10-19,en-US,other,other;,dickroberts1927,INBOX,https://support.mozilla.org/questions/1428176,,,,,,,,,1,true,0.41,False,
1428178,2023-10-19T14:21:25Z,2023-10-19,en-US,settings,customize;,user248146747298776442973072569047494400610,Date format,https://support.mozilla.org/questions/1428178,os:linux,,,,,,,,0,false,,False,
1428179,2023-10-19T14:30:17Z,2023-10-19,en-US,other,other;,jose.p,When opening attachments they are not readable,https://support.mozilla.org/questions/1428179,,,,,,,,,3,true,13.48,False,
1428181,2023-10-19T14:46:52Z,2023-10-19,en-US,other,other;,gurugranny,extra trash files in regular trash,https://support.mozilla.org/questions/1428181,,,,,,,,,0,false,,False,
1428186,2023-10-19T15:37:52Z,2023-10-19,en-US,settings,customize;,BPaul_H,"Hide Windows Title Bar, place Tab bar on top, and get Windows minimize/maximize/close buttons on Tab bar",https://support.mozilla.org/questions/1428186,,,,,,,,,0,false,,False,
1428187,2023-10-19T15:51:26Z,2023-10-19,en-US,other,other;,sweettasha,Can I change my username,https://support.mozilla.org/questions/1428187,,,,,,,,,1,true,4.16,False,
1428188,2023-10-19T15:59:16Z,2023-10-19,en-US,settings,customize;,stnzbl,how to turn preview pane on??,https://support.mozilla.org/questions/1428188,,,,,,,,,2,true,5.99,False,
1428191,2023-10-19T16:39:41Z,2023-10-19,en-US,other,other;,wbell2,Glitches in latest Thunderbird SuperNova,https://support.mozilla.org/questions/1428191,os:windows,,,,,,proto:pop,,0,false,,False,
1428195,2023-10-19T17:44:20Z,2023-10-19,en-US,settings,customize;,RFBrownPE,"Voice narration is driving me up the wall, and I did not choose it!  How do I stop it?",https://support.mozilla.org/questions/1428195,,,,,,,,,1,true,22.5,False,
1428198,2023-10-19T18:41:42Z,2023-10-19,en-US,settings,customize;,emilialand,Creating a New Email inside of Thunderbird,https://support.mozilla.org/questions/1428198,,,,,,,,,1,true,1.2,False,
1428200,2023-10-19T18:47:51Z,2023-10-19,en-US,settings,customize;,MSwhip,New Mozilla Acoounts How to Use them,https://support.mozilla.org/questions/1428200,,,,,,,,,1,true,9.09,False,
1428201,2023-10-19T18:50:48Z,2023-10-19,en-US,other,other;,david.kassover,"Can not write to e-mail box, cannot filter to folder",https://support.mozilla.org/questions/1428201,os:windows,,,,m:gmail,,,,1,true,21.94,False,
1428202,2023-10-19T19:09:14Z,2023-10-19,en-US,other,other;,powderguy,Date Column Sizing,https://support.mozilla.org/questions/1428202,,,,,,,,,1,true,20.9,False,
1428206,2023-10-19T20:14:37Z,2023-10-19,en-US,settings,customize;,robin88,New Event Organiser Error,https://support.mozilla.org/questions/1428206,,,,,m:fastmail,,proto:imap,,6,true,1.81,True,robin88
1428212,2023-10-19T21:20:44Z,2023-10-19,es,email-and-messaging,desktop;other;windows-10;firefox-1180;,wilsonldiazg,Despliegue de Carpetas y Subcarpetas,https://support.mozilla.org/questions/1428212,os:windows,Windows 10,,,,,,,1,true,88.73,False,
1428214,2023-10-19T21:33:27Z,2023-10-19,en-US,installation-and-updates,download-and-install_1;,comao,Merging of two backups possible?,https://support.mozilla.org/questions/1428214,,,,,,,,,1,true,6.13,False,
1428216,2023-10-19T21:47:30Z,2023-10-19,en-US,troubleshooting,fix-problems;,davesailor,Thunderbird on OS X version 10.15.7 Catalina suddenly began always crashing @ nsMenuBarX::Paint; Crash ID: bp-290856b9-8,https://support.mozilla.org/questions/1428216,os:macos,,,,,,,,6,true,7.49,False,
1428221,2023-10-19T22:42:42Z,2023-10-19,en-US,other,other;,jeffincuddy,LAME New Layout!!!!!!!!!!!!!!!!!!!!!,https://support.mozilla.org/questions/1428221,,,,,,,,,1,true,6.1,False,
1428222,2023-10-19T22:48:25Z,2023-10-19,en-US,settings,customize;,kvnmlm,"Add new account and thunderbird is automatically including it in Unified Folders, can't figure out how to remove",https://support.mozilla.org/questions/1428222,,,,,,,,,1,true,4.73,False,
1428223,2023-10-19T23:20:39Z,2023-10-19,en-US,other,other;,stu19,Missing emails in Thunderbird,https://support.mozilla.org/questions/1428223,,,,,,,,,0,false,,False,
1428224,2023-10-19T23:34:56Z,2023-10-19,en-US,settings,customize;,hirscj20,"Have a unified inbox, can't make it so that the TO address always becomes the FROM address by default",https://support.mozilla.org/questions/1428224,,,,,,,,,5,true,7.36,True,hirscj20
1428226,2023-10-19T23:49:51Z,2023-10-19,en-US,settings,customize;,piscator1591,TB 115 - CSS Gridlines (vertical and horizontal) in Message Pane,https://support.mozilla.org/questions/1428226,os:windows,,,,,,,,1,true,11.37,False,
1428229,2023-10-20T00:38:39Z,2023-10-20,en-US,other,other;,krystian.dobrzanski,Attachments 0kb,https://support.mozilla.org/questions/1428229,,,,,,,,,1,true,16.28,False,
1428231,2023-10-20T01:05:10Z,2023-10-20,es,troubleshooting,fix-problems;,teja68954,Error abriendo archivos winmail.dat,https://support.mozilla.org/questions/1428231,,,,,,,,,1,true,77.99,False,
1428238,2023-10-20T02:06:26Z,2023-10-20,es,other,other;,,Busqueda de mensajes,https://support.mozilla.org/questions/1428238,,,,,,,,,3,true,76.65,False,
1428240,2023-10-20T02:58:23Z,2023-10-20,en-US,troubleshooting,fix-problems;,nick_bunting,Thunderbird 115 inbox scrolls after message drag,https://support.mozilla.org/questions/1428240,,,,,,,,,2,true,79.01,False,
1428241,2023-10-20T03:11:08Z,2023-10-20,it,troubleshooting,fix-problems;,marco12455,Ricezione mail lenta,https://support.mozilla.org/questions/1428241,,,,,,,,,4,true,1.37,False,
1428243,2023-10-20T03:20:22Z,2023-10-20,en-US,troubleshooting,fix-problems;,dominik.szeliga,Random freezes after new update (win10),https://support.mozilla.org/questions/1428243,os:windows,,,,,,,,1,true,78.58,False,
1428248,2023-10-20T03:58:15Z,2023-10-20,it,troubleshooting,fix-problems;,berarducci,problemi con l'account,https://support.mozilla.org/questions/1428248,,,,,,,,,1,true,0.57,False,
1428249,2023-10-20T04:08:00Z,2023-10-20,en-US,other,other;needsinfo;,shashkin.at.ioffe,How can I change my line spacing for in my messages list window?,https://support.mozilla.org/questions/1428249,,,,,,,,,3,true,2.78,True,davidsk
1428252,2023-10-20T04:37:59Z,2023-10-20,en-US,other,other;,grzegorz.gajowy,local directory,https://support.mozilla.org/questions/1428252,,,,,,,,,2,true,1.68,True,grzegorz.gajowy
1428254,2023-10-20T05:02:26Z,2023-10-20,en-US,settings,customize;,focusedcreative,"Replicating ""Last Week"" & ""This Week"" AppleMail Smart Folders",https://support.mozilla.org/questions/1428254,,,,,,,,,5,true,4.15,False,
1428255,2023-10-20T05:13:06Z,2023-10-20,en-US,settings,customize;,tim265,thunderbird opens spam emails when moving to spam folder,https://support.mozilla.org/questions/1428255,,,,,,,,,5,true,3.88,False,
1428256,2023-10-20T05:35:31Z,2023-10-20,en-US,installation-and-updates,download-and-install_1;,kar.kow1986,brak możliwości odberania poczty,https://support.mozilla.org/questions/1428256,,,,,,,proto:pop,,2,true,11.36,False,
1428257,2023-10-20T05:41:17Z,2023-10-20,en-US,other,other;,cj.sutherland,attachments,https://support.mozilla.org/questions/1428257,,,,,,,,,2,true,3.07,False,
1428259,2023-10-20T05:52:39Z,2023-10-20,en-US,installation-and-updates,download-and-install_1;,cj_rupp,Timestamp in contact email addresses imported into Thunderbird.,https://support.mozilla.org/questions/1428259,,,,,m:yahooemail,isp:btinternet,,,0,false,,False,
1428260,2023-10-20T05:55:31Z,2023-10-20,pt-BR,other,other;,univeda,perdi todos os email a partir do mês 03/2023 até o mês 10/2023? o que fazer?,https://support.mozilla.org/questions/1428260,,,,,,,,,1,true,126.23,False,
1428264,2023-10-20T07:11:39Z,2023-10-20,en-US,troubleshooting,fix-problems;,lico44,Program Crashes (win7),https://support.mozilla.org/questions/1428264,os:windows,,,,,,,,1,true,74.7,False,
1428266,2023-10-20T07:31:45Z,2023-10-20,en-US,installation-and-updates,download-and-install_1;,mtoffice,supernova,https://support.mozilla.org/questions/1428266,os:windows,,,,,,,,1,true,0.88,False,
1428269,2023-10-20T07:46:03Z,2023-10-20,en-US,troubleshooting,fix-problems;,henson.mike,"Thunderbird ""Not Responding""",https://support.mozilla.org/questions/1428269,os:windows,,,,,,,,1,true,3.27,False,
1428271,2023-10-20T07:59:28Z,2023-10-20,it,other,other;,info10124,si richiederebbe l'apertura della posta sugli ultimi messaggi ricevuti,https://support.mozilla.org/questions/1428271,,,,,,,,,1,true,0.26,False,
1428272,2023-10-20T08:02:04Z,2023-10-20,en-US,troubleshooting,fix-problems;,seraoimagessi,Slow down after latest update of thunderbird,https://support.mozilla.org/questions/1428272,,,,,,,,,1,true,2.98,False,
1428273,2023-10-20T08:08:13Z,2023-10-20,en-US,other,other;,fionaprevett,Sent messages disappearing,https://support.mozilla.org/questions/1428273,,,,,m:yahooemail,,,,0,false,,False,
1428277,2023-10-20T08:59:17Z,2023-10-20,en-US,installation-and-updates,download-and-install_1;,jservi,Thunderbird does not read all IMAP server folders,https://support.mozilla.org/questions/1428277,os:macos,,,,,,proto:imap,,4,true,1.98,True,sfhowes
1428279,2023-10-20T09:00:32Z,2023-10-20,en-US,settings,customize;,bags,keyboard shortcuts,https://support.mozilla.org/questions/1428279,,,,,,,,,3,true,0.84,True,sfhowes
1428284,2023-10-20T10:07:51Z,2023-10-20,en-US,installation-and-updates,download-and-install_1;,BPaul_H,Deleting bottom  lines from email list - thunderbird v115,https://support.mozilla.org/questions/1428284,,,,,,,,,2,false,,False,
1428285,2023-10-20T10:10:24Z,2023-10-20,en-US,other,other;,Gably,SuperNova: menus and tool bars harder to read?,https://support.mozilla.org/questions/1428285,,,,,,,,,2,true,0.56,False,
1428286,2023-10-20T10:27:34Z,2023-10-20,en-US,settings,customize;,dschwagr,"In the newest version of Thunderbird (Supernova), how do I turn off message grouping in the Search Messages dialogue box",https://support.mozilla.org/questions/1428286,,,,,,,,,0,false,,False,
1428288,2023-10-20T10:46:33Z,2023-10-20,en-US,other,other;,Dale_Latimer,"When messages are sorted by topic, TB still snaps to the next unread message",https://support.mozilla.org/questions/1428288,os:windows,,,,,,,,0,false,,False,
1428289,2023-10-20T10:51:19Z,2023-10-20,en-US,troubleshooting,fix-problems;,retirednavy68,Thunderbird server errors,https://support.mozilla.org/questions/1428289,,,,,m:gmail,,,,1,true,5.11,False,
1428290,2023-10-20T11:05:18Z,2023-10-20,en-US,troubleshooting,fix-problems;,vince8starr,Re: searching emails,https://support.mozilla.org/questions/1428290,,,,,m:yahooemail,,,,4,true,4.84,False,
1428291,2023-10-20T11:18:40Z,2023-10-20,en-US,settings,customize;,stephenamonkley,Latest update 115.3.3. Can't enlarge 'displayed' message box to suitable size?,https://support.mozilla.org/questions/1428291,,,,,,,,,8,true,1.17,False,
1428293,2023-10-20T11:26:53Z,2023-10-20,en-US,other,other;,barrywalder,Latest release of Thunderbird does not position the selection at the latest email received.,https://support.mozilla.org/questions/1428293,,,,,,,,,0,false,,False,
1428299,2023-10-20T12:10:12Z,2023-10-20,es,troubleshooting,fix-problems;,pamenico1234,"Me aparecieron de pronto, estos DOS carteles, en THUNDERBIRD.",https://support.mozilla.org/questions/1428299,,,,,,,,,1,true,57.23,False,
1428301,2023-10-20T12:42:02Z,2023-10-20,en-US,troubleshooting,fix-problems;,bewecp,Thunderbird has been slow and stops running frequently.  [was Memory issues on Thunderbird Supernova],https://support.mozilla.org/questions/1428301,os:windows,,,,,,,,6,true,69.3,False,
1428302,2023-10-20T12:57:04Z,2023-10-20,en-US,other,other;,jwhitt12,problem sending emails,https://support.mozilla.org/questions/1428302,,,,,,,,,0,false,,False,
1428306,2023-10-20T13:12:05Z,2023-10-20,en-US,troubleshooting,fix-problems;,Edogal,Blank tabbed mails opened in previous sessions,https://support.mozilla.org/questions/1428306,,,,,,,,,0,false,,False,
1428307,2023-10-20T13:20:07Z,2023-10-20,en-US,other,other;,v.dagata,Email folders,https://support.mozilla.org/questions/1428307,,,,,,,,,0,false,,False,
1428309,2023-10-20T13:41:30Z,2023-10-20,en-US,other,other;,thisemailisfromjohn,Thunderbird GET MESSAGES,https://support.mozilla.org/questions/1428309,,,,,,,,,6,true,2.18,False,
1428312,2023-10-20T13:56:31Z,2023-10-20,en-US,installation-and-updates,download-and-install_1;,filterfeeder,"TB 115.3.2 updated automatically and removed all my folders, contacts, etc.  :-(",https://support.mozilla.org/questions/1428312,os:windows,,,,,,,,0,false,,False,
1428313,2023-10-20T14:04:45Z,2023-10-20,en-US,other,other;,kathylubbers1,After latest update Mozilla will not get emails,https://support.mozilla.org/questions/1428313,,,,,,,,,7,true,1.76,True,MattAuSupport
1428315,2023-10-20T14:20:04Z,2023-10-20,en-US,settings,customize;,dimasus,Reply from the same address the message was sent to,https://support.mozilla.org/questions/1428315,,,,,m:gmail,,proto:imap;proto:smtp,,4,true,1.48,False,
1428316,2023-10-20T14:28:00Z,2023-10-20,en-US,settings,customize;,stnzbl,"In the latest update of TB, I have 2 'sent' folders and 2 trash, 2 spam etc for each. How to remove those redundant fold",https://support.mozilla.org/questions/1428316,,,,,,,,,0,false,,False,
1428320,2023-10-20T15:18:06Z,2023-10-20,en-US,other,other;,filterfeeder,"why no ""reply-all"" in the new TB?",https://support.mozilla.org/questions/1428320,,,,,,,,,2,true,0.46,False,
1428325,2023-10-20T16:25:03Z,2023-10-20,en-US,other,other;,fosterbrown,Namecheap hosting inability to retieve email,https://support.mozilla.org/questions/1428325,,,,,m:microsoftemail,,,,2,true,3.98,False,
1428326,2023-10-20T16:48:36Z,2023-10-20,en-US,tips-and-tricks,desktop;other;windows-10;,costa27,formatting,https://support.mozilla.org/questions/1428326,os:windows,Windows 10,,,,,,,2,true,39.05,False,
1428328,2023-10-20T17:13:59Z,2023-10-20,en-US,settings,customize;,chris119,Syncing Thunderbird across devices,https://support.mozilla.org/questions/1428328,,,,,m:microsoftemail,,,,2,true,2.08,False,
1428330,2023-10-20T18:15:02Z,2023-10-20,en-US,other,other;,fancyer,messages,https://support.mozilla.org/questions/1428330,,,,,,,,,0,false,,False,
1428334,2023-10-20T18:43:41Z,2023-10-20,en-US,settings,customize;,kamiyama.ransho,missing frame,https://support.mozilla.org/questions/1428334,,,,,,,,,0,false,,False,
1428335,2023-10-20T18:55:43Z,2023-10-20,en-US,other,other;,neillb46,Attachment Pane,https://support.mozilla.org/questions/1428335,,,,,,,,,0,false,,False,
1428337,2023-10-20T19:06:01Z,2023-10-20,en-US,tips-and-tricks,desktop;other;windows-10;,brice_sf,Thunderbird help,https://support.mozilla.org/questions/1428337,os:windows,Windows 10,,,,,,,1,true,22.14,False,
1428342,2023-10-20T22:45:24Z,2023-10-20,en-US,tips-and-tricks,linux;desktop;other;firefox-880;,thinusvj,password,https://support.mozilla.org/questions/1428342,os:linux,Linux,,,,,,,1,true,8.46,False,
1428345,2023-10-20T23:12:13Z,2023-10-20,it,other,other;,cosentino1960,Problema visualizzazione email: puntatore ai messaggi si sposta in alto,https://support.mozilla.org/questions/1428345,,,,,,,,,3,true,1.09,False,
1428347,2023-10-20T23:52:44Z,2023-10-20,en-US,other,other;,jtfree,my current address book and realised it has no actual addresses just email addresses. . Is it still there somewhere? Now,https://support.mozilla.org/questions/1428347,,,,,,,,,0,false,,False,
1428350,2023-10-21T00:58:31Z,2023-10-21,fi,settings,customize;,oisne,chaining messages,https://support.mozilla.org/questions/1428350,os:linux,,,,,,,,0,false,,False,
1428352,2023-10-21T01:29:03Z,2023-10-21,en-US,troubleshooting,fix-problems;,mozilla_support1,"Supernova: when dragging a message to the folder pane, sub-folders are expanded too quickly",https://support.mozilla.org/questions/1428352,os:linux,,,,,,,,1,false,,False,
1428355,2023-10-21T02:02:36Z,2023-10-21,es,troubleshooting,fix-problems;,fernando.eguilaz,"The program stops suddenly with the ""is not responding"" message",https://support.mozilla.org/questions/1428355,,,,,,,,,1,true,42.9,False,
1428356,2023-10-21T02:32:48Z,2023-10-21,en-US,other,other;,u.i.hill,number of messages shows in inbox but not the message texts,https://support.mozilla.org/questions/1428356,,,,,,,,,0,false,,False,
1428357,2023-10-21T02:57:05Z,2023-10-21,en-US,other,other;,delta.151,Emails,https://support.mozilla.org/questions/1428357,,,,,,,,,0,false,,False,
1428358,2023-10-21T03:09:36Z,2023-10-21,en-US,other,other;,netum,impossible de me connecter à thunderbird avec un compte outlook (2 OAuth),https://support.mozilla.org/questions/1428358,,,,,m:microsoftemail,,proto:imap;proto:smtp;proto:pop;proto:oauth,,3,true,8.77,False,
1428365,2023-10-21T05:35:43Z,2023-10-21,en-US,other,other;,software1.nector,Email Hosting Server,https://support.mozilla.org/questions/1428365,,,,,,,,,1,true,1.58,False,
1428366,2023-10-21T05:41:46Z,2023-10-21,en-US,privacy-and-security,privacy-and-security_1;,Yinmin,quick access banner notification for remote content preferences gone?,https://support.mozilla.org/questions/1428366,,,,,,,,,4,true,13.57,False,
1428367,2023-10-21T06:04:30Z,2023-10-21,en-US,installation-and-updates,download-and-install_1;,stravaigin1,Unable to download emails since 18 October,https://support.mozilla.org/questions/1428367,,,,,m:gmail,,,av:avast,0,false,,False,
1428368,2023-10-21T06:05:36Z,2023-10-21,en-US,installation-and-updates,download-and-install_1;,stravaigin1,"Unable to write the email to the mailbox. Make sure the file system allows you write privileges, and you have enough dis",https://support.mozilla.org/questions/1428368,,,,,,,,,1,true,13.14,False,
1428369,2023-10-21T06:06:01Z,2023-10-21,en-US,troubleshooting,fix-problems;needsinfo;,MilusC1,Long time to delete emails,https://support.mozilla.org/questions/1428369,,,,,,,,,4,true,4.63,False,
1428371,2023-10-21T06:10:54Z,2023-10-21,en-US,installation-and-updates,download-and-install_1;,MilusC1,Message selection after delete,https://support.mozilla.org/questions/1428371,,,,,,,,,21,true,5.69,False,
1428374,2023-10-21T06:53:00Z,2023-10-21,en-US,troubleshooting,fix-problems;,hiker11,Thunderbird 115 takes a long time to start up,https://support.mozilla.org/questions/1428374,os:linux,,,,,,,,7,true,138.59,True,hiker11
1428375,2023-10-21T06:54:00Z,2023-10-21,en-US,other,other;,csaemann,Opening thunderbird from cli in a mailbox with space in name,https://support.mozilla.org/questions/1428375,,,,,,,proto:imap,,4,true,12.27,False,
1428377,2023-10-21T07:04:06Z,2023-10-21,en-US,troubleshooting,fix-problems;,hiker11,Inbox displays incorrect number of messages,https://support.mozilla.org/questions/1428377,os:linux,,,,,,,,3,true,149.32,False,
1428379,2023-10-21T07:32:17Z,2023-10-21,en-US,other,other;,john@tanburn.org,Outgoing emails blocked,https://support.mozilla.org/questions/1428379,,,,,,,,,2,true,2.98,False,
1428381,2023-10-21T07:39:34Z,2023-10-21,en-US,troubleshooting,fix-problems;,hiker11,Issues with forwarded messages,https://support.mozilla.org/questions/1428381,os:linux,,,,,,,,6,true,162.72,False,
1428382,2023-10-21T07:45:35Z,2023-10-21,it,troubleshooting,fix-problems;,al.vero,Thread  e ricerca in Thunderbird,https://support.mozilla.org/questions/1428382,,,,,,,,,2,true,0.5,False,
1428384,2023-10-21T08:00:32Z,2023-10-21,it,settings,customize;,maurizio.lana,comandi uniuco per chiudere tutte le cartelle aperte,https://support.mozilla.org/questions/1428384,,,,,,,,,3,true,0.18,False,
1428386,2023-10-21T08:20:40Z,2023-10-21,en-US,other,other;,tujays,corrupt task,https://support.mozilla.org/questions/1428386,,,,,,,,,5,true,8.35,False,
1428388,2023-10-21T08:40:50Z,2023-10-21,it,other,other;,levabolli,Non riesco ad inviare la posta,https://support.mozilla.org/questions/1428388,,,,,,,,,1,true,0.41,False,
1428389,2023-10-21T08:44:39Z,2023-10-21,it,installation-and-updates,download-and-install_1;needsinfo;,lorenzini.danila,non scarica la posta,https://support.mozilla.org/questions/1428389,,,,,,,proto:imap,,1,true,0.38,False,
1428390,2023-10-21T08:54:02Z,2023-10-21,en-US,settings,customize;,joseph-rowland,spam emails,https://support.mozilla.org/questions/1428390,,,,,,,,,3,true,7.77,False,
1428392,2023-10-21T09:34:45Z,2023-10-21,es,other,other;,luis48,Impresión de correos,https://support.mozilla.org/questions/1428392,,,,,,,,,5,true,96.2,True,IngrownMink4
1428395,2023-10-21T09:47:25Z,2023-10-21,en-US,troubleshooting,fix-problems;,gregstanley,Connection to server imap.postoffice.net timed out,https://support.mozilla.org/questions/1428395,,,,,,,proto:imap,,1,true,0.66,False,
1428396,2023-10-21T09:53:50Z,2023-10-21,en-US,other,other;,fortean1,Can Thunderbird be made to autoscroll to new inbox messages?,https://support.mozilla.org/questions/1428396,,,,,,,,,5,true,20.85,False,
1428399,2023-10-21T10:07:30Z,2023-10-21,en-US,settings,customize;,ff115,Attachments in received mail need to be more obvious,https://support.mozilla.org/questions/1428399,,,,,,,,,1,true,1.42,False,
1428403,2023-10-21T10:33:08Z,2023-10-21,en-US,settings,customize;,OldNerd,Tbird 115 has cluttered tab titles,https://support.mozilla.org/questions/1428403,,,,,,,,,2,true,6.09,False,
1428404,2023-10-21T10:39:49Z,2023-10-21,en-US,settings,customize;,timlturner,message grouping,https://support.mozilla.org/questions/1428404,,,,,,,,,1,true,6.29,False,
1428405,2023-10-21T10:51:38Z,2023-10-21,en-US,settings,customize;,csnyderdec,Bold text on read emails.,https://support.mozilla.org/questions/1428405,,,,,,,,,11,true,20.09,True,csnyderdec
1428407,2023-10-21T11:24:40Z,2023-10-21,en-US,other,other;,sharon711,latest update wiped the messages from my inbox emails. Other folders are still intact.,https://support.mozilla.org/questions/1428407,,,,,,,,,4,true,1.16,False,
1428415,2023-10-21T12:25:40Z,2023-10-21,en-US,other,other;,neil.baron.1139,Ctrl + B Moves Cursor to Beginning of Line,https://support.mozilla.org/questions/1428415,os:windows,,,,,,,,2,true,3.93,False,
1428421,2023-10-21T13:02:32Z,2023-10-21,en-US,installation-and-updates,download-and-install_1;,cjhughes426,Import of Mail Messages from old profile fails,https://support.mozilla.org/questions/1428421,os:windows,,,,,,,,2,true,1.33,True,davidsk
1428425,2023-10-21T13:55:11Z,2023-10-21,en-US,settings,customize;,jillbod,External monitor pixelated,https://support.mozilla.org/questions/1428425,,,,,,,,,1,true,2.39,False,
1428426,2023-10-21T14:13:19Z,2023-10-21,en-US,other,other;,FredBerney,Can not connect with AOL,https://support.mozilla.org/questions/1428426,,,,,m:microsoftemail,isp:comcast;isp:verizon,,,3,true,2.53,False,
1428427,2023-10-21T14:37:27Z,2023-10-21,en-US,settings,customize;,johnmoster,How to undo Gmail style of message display,https://support.mozilla.org/questions/1428427,,,,,m:gmail,,,,2,true,1.65,True,MattAuSupport
1428428,2023-10-21T14:41:18Z,2023-10-21,en-US,other,other;,VidPro,Thunderbird 115 Search is HORRIBLE.,https://support.mozilla.org/questions/1428428,,,,,,,,,3,true,1.22,True,VidPro
1428432,2023-10-21T14:59:08Z,2023-10-21,en-US,other,other;,greg212,Can't sysnc with office365,https://support.mozilla.org/questions/1428432,,,,,m:gmail;m:microsoftemail,,,,2,true,20.6,False,
1428433,2023-10-21T15:12:58Z,2023-10-21,en-US,installation-and-updates,download-and-install_1;,VidPro,BAD BAD BAD migration policy. (NO way back?),https://support.mozilla.org/questions/1428433,,,,,,,,,6,true,0.37,False,
1428436,2023-10-21T16:07:24Z,2023-10-21,en-US,other,other;,Tvsatman,"Unable to write the email to the mailbox. Make sure the file system allows you write privileges, and you have enough dis",https://support.mozilla.org/questions/1428436,,,,,,,,,1,true,0.41,False,
1428437,2023-10-21T16:24:54Z,2023-10-21,en-US,troubleshooting,fix-problems;,johnandjeanp,"Emails suddenly quit 'Send' last Wednesday, 10/18/23, after working that morning.",https://support.mozilla.org/questions/1428437,,,,,m:microsoftemail,isp:spectrum,,,0,false,,False,
1428444,2023-10-21T17:57:36Z,2023-10-21,en-US,other,other;,meggo937,Hi all of sudden I have two icons for the thunderbird application. What should I do?,https://support.mozilla.org/questions/1428444,,,,,,,,,1,true,8.37,False,
1428445,2023-10-21T17:59:59Z,2023-10-21,en-US,other,other;,christelreid41,ALL MAIL folder,https://support.mozilla.org/questions/1428445,,,,,,,,,1,true,1.36,False,
1428446,2023-10-21T18:50:26Z,2023-10-21,en-US,installation-and-updates,download-and-install_1;,boliche.elresorte,"Getting TLS error - can't send or receive - gmail, outlook, yahoo - all bad",https://support.mozilla.org/questions/1428446,os:windows,,,,m:gmail;m:microsoftemail;m:yahooemail,,proto:imap,,1,true,0.59,False,
1428453,2023-10-21T23:25:21Z,2023-10-21,en-US,installation-and-updates,download-and-install_1;,audreyledbrook,October 20th connection to gmail stopped working,https://support.mozilla.org/questions/1428453,,,,,m:gmail,,proto:oauth,,1,true,2.86,True,christ1
1428454,2023-10-22T01:35:12Z,2023-10-22,it,installation-and-updates,download-and-install_1;,enzo_mensi,Ho dimenticato la password di configurazione generale di Thunderbird,https://support.mozilla.org/questions/1428454,,,,,,,,,1,true,5.23,False,
1428455,2023-10-22T02:46:22Z,2023-10-22,it,installation-and-updates,download-and-install_1;,enzo_mensi,Configurazione di account Thunderbird e dimenticata password che è richiesta,https://support.mozilla.org/questions/1428455,,,,,,,,,1,true,4.05,False,
1428458,2023-10-22T04:03:01Z,2023-10-22,en-US,settings,customize;,e.huizer,Font size of Thunderbird thread window,https://support.mozilla.org/questions/1428458,os:macos,,,,,,,,2,true,6.63,True,sfhowes
1428460,2023-10-22T04:10:05Z,2023-10-22,en-US,settings,customize;,dauri,"""All folders"" view not working.",https://support.mozilla.org/questions/1428460,os:windows,,,,,,,,4,true,3.83,False,
1428463,2023-10-22T04:49:21Z,2023-10-22,en-US,troubleshooting,fix-problems;,aod7373,Can't delete trash,https://support.mozilla.org/questions/1428463,os:linux,,,,m:gmx,,proto:imap,,0,false,,False,
1428465,2023-10-22T04:58:50Z,2023-10-22,en-US,privacy-and-security,privacy-and-security_1;,duncan.hannay,Deleted Message,https://support.mozilla.org/questions/1428465,,,,,,,,,0,false,,False,
1428466,2023-10-22T05:26:08Z,2023-10-22,en-US,troubleshooting,fix-problems;,bd_11111,Thunderbird v. 115.3.3 bug - cannot log in,https://support.mozilla.org/questions/1428466,,,,,,,,,2,true,5.05,True,sfhowes
1428467,2023-10-22T05:43:10Z,2023-10-22,hu,settings,customize;,sl.cilafon,Üzenetek ablak háttérszín,https://support.mozilla.org/questions/1428467,,,,,m:gmail,,,,1,true,47.05,False,
1428470,2023-10-22T06:24:24Z,2023-10-22,en-US,other,other;needsinfo;,st.kate,Most recent Thunderbird update,https://support.mozilla.org/questions/1428470,,,,,,,,,4,true,4.19,False,
1428471,2023-10-22T06:39:37Z,2023-10-22,en-US,installation-and-updates,download-and-install_1;,fady.tavoc,HELLO MOZILLA SUPPORT,https://support.mozilla.org/questions/1428471,,,,,m:gmail,,,,0,false,,False,
1428477,2023-10-22T07:18:55Z,2023-10-22,en-US,other,other;,selfsimilar01,Supernova (115.2.3) high CPU Usage,https://support.mozilla.org/questions/1428477,os:windows,,,,,,,,6,true,113.38,False,
1428479,2023-10-22T07:32:59Z,2023-10-22,en-US,installation-and-updates,download-and-install_1;,john@tanburn.org,How do I find my SMTP authentication settings?,https://support.mozilla.org/questions/1428479,,,,,,,proto:smtp,,1,true,0.18,False,
1428480,2023-10-22T07:47:28Z,2023-10-22,en-US,settings,customize;,philip74,Menu bar colour,https://support.mozilla.org/questions/1428480,os:linux,,,,,,,,0,false,,False,
1428481,2023-10-22T08:25:43Z,2023-10-22,en-US,settings,customize;,kevintp929,"""Move To"" icon",https://support.mozilla.org/questions/1428481,,,,,,,,,1,true,1.73,False,
1428482,2023-10-22T08:51:48Z,2023-10-22,en-US,other,other;,patrank,Spam emails,https://support.mozilla.org/questions/1428482,,,,,,,,,0,false,,False,
1428483,2023-10-22T09:11:44Z,2023-10-22,en-US,settings,customize;,philip-jackson,nothing gets deleted from the Local Junk folder,https://support.mozilla.org/questions/1428483,,,,,,,proto:imap;proto:pop,,16,true,24.61,True,philip-jackson
1428484,2023-10-22T09:34:14Z,2023-10-22,en-US,other,other;,armaneousuf97,opening link problem,https://support.mozilla.org/questions/1428484,,,,,,,,,1,true,3.21,False,
1428486,2023-10-22T09:40:05Z,2023-10-22,it,settings,customize;,enzo_mensi,Barra per gestire i messaggi in arrivo,https://support.mozilla.org/questions/1428486,,,,,,,,,1,true,13.43,False,
1428488,2023-10-22T09:57:50Z,2023-10-22,en-US,other,other;,jim.brunette,Unable to view/save attachments in Supernova,https://support.mozilla.org/questions/1428488,,,,,,,,,0,false,,False,
1428489,2023-10-22T10:03:06Z,2023-10-22,en-US,installation-and-updates,download-and-install_1;,pompeiass,"How to dowload a recent version of Thunderbird while keeping an older version (2 different versions in one PC, with 2 di",https://support.mozilla.org/questions/1428489,os:windows,,,,,,,,4,true,0.15,True,sfhowes
1428495,2023-10-22T10:26:47Z,2023-10-22,en-US,troubleshooting,fix-problems;,jcarey9149,Thunderbird 115 continually resizes bottom status bar when displaying a url,https://support.mozilla.org/questions/1428495,,,,,,,,,0,false,,False,
1428496,2023-10-22T10:53:42Z,2023-10-22,en-US,other,other;,johnbl,Latest version of thunderbird - get messages not working.,https://support.mozilla.org/questions/1428496,os:windows,,,,,,,,2,true,2.07,False,
1428499,2023-10-22T11:30:14Z,2023-10-22,cs,settings,customize;,ssedlacek,Zobrazování seznamu přijatých e-mailů,https://support.mozilla.org/questions/1428499,,,,,,,,,5,true,17.74,False,
1428508,2023-10-22T13:18:59Z,2023-10-22,en-US,installation-and-updates,download-and-install_1;,erebosprime,Thunderbird Mail,https://support.mozilla.org/questions/1428508,,,,,,,,,1,true,2.69,False,
1428513,2023-10-22T14:14:21Z,2023-10-22,en-US,other,other;,katarina.sipos,SMTP server,https://support.mozilla.org/questions/1428513,,,,,m:microsoftemail,,proto:smtp,,2,true,1.7,False,
1428515,2023-10-22T16:13:45Z,2023-10-22,en-US,other,other;,carloslanda56,Downloading emails on this computer,https://support.mozilla.org/questions/1428515,,,,,m:gmail,,proto:smtp,,0,false,,False,
1428521,2023-10-22T17:29:10Z,2023-10-22,it,other,other;,aconita,Cambiare visualizzazione Thunderbird 115,https://support.mozilla.org/questions/1428521,,,,,,,,av:comodo,3,true,8.75,False,
1428523,2023-10-22T17:30:32Z,2023-10-22,en-US,settings,customize;,paul577,Inbox/Folder email list display,https://support.mozilla.org/questions/1428523,,,,,,,,,2,true,12.57,True,Toad-Hall
1428524,2023-10-22T17:47:34Z,2023-10-22,en-US,installation-and-updates,download-and-install_1;,bobr22600,Thunderbird is gone!,https://support.mozilla.org/questions/1428524,,,,,,,,,0,false,,False,
1428525,2023-10-22T18:28:41Z,2023-10-22,en-US,other,other;,elliottjonesdc,"I can't find ""write"" to send an email!  What happend to other things that were at the top? Even the bird has changed its",https://support.mozilla.org/questions/1428525,,,,,,,,,3,true,2.84,False,
1428527,2023-10-22T19:13:27Z,2023-10-22,en-US,settings,customize;,pbmarrow1,Can't find the send button in the custize screen. Where is it?,https://support.mozilla.org/questions/1428527,,,,,,,,,1,true,8.59,False,
1428533,2023-10-22T20:58:02Z,2023-10-22,en-US,troubleshooting,fix-problems;,pallab.bhatta,Thunderbird Hangs on Opening,https://support.mozilla.org/questions/1428533,os:macos,,,,,,,,2,true,2366.79,False,
1428540,2023-10-22T22:24:33Z,2023-10-22,en-US,installation-and-updates,download-and-install_1;,agelok,Thunderbird/Apple mail issue,https://support.mozilla.org/questions/1428540,,,,,,,,,0,false,,False,
1428541,2023-10-22T22:39:00Z,2023-10-22,en-US,other,other;,jcrmprice,THUNDERBIRD EMAIL PAGE FLICKERING AFTER LATEST UPDATE,https://support.mozilla.org/questions/1428541,,,,,,,,,3,true,8.3,False,
1428542,2023-10-22T23:01:43Z,2023-10-22,en-US,settings,customize;,bruceelig,unified folders not working in update,https://support.mozilla.org/questions/1428542,,,,,,,,,5,true,8.08,False,
1428544,2023-10-22T23:21:05Z,2023-10-22,it,troubleshooting,fix-problems;,domizianadagati,TAB del PDF al riavvio di TB non viene visualizzato,https://support.mozilla.org/questions/1428544,,,,,,,proto:imap,,2,true,2.93,False,
1428545,2023-10-22T23:26:15Z,2023-10-22,en-US,other,other;,Magnyz,Copying the Thunderbird-folder,https://support.mozilla.org/questions/1428545,,,,,,,,,0,false,,False,
1428546,2023-10-22T23:47:44Z,2023-10-22,cs,settings,customize;,nadvornik.a,Unable to embed link in message,https://support.mozilla.org/questions/1428546,,,,,,,,,7,true,2.13,False,
1428549,2023-10-23T01:26:55Z,2023-10-23,en-US,other,other;,johnlerrington1,"""Get all new Messages"" won't download on one email account",https://support.mozilla.org/questions/1428549,,,,,m:gmail;m:yahooemail,,proto:imap;proto:smtp;proto:pop;proto:oauth,av:avast,8,true,7.92,False,
1428550,2023-10-23T01:27:03Z,2023-10-23,en-US,other,other;,r.g.redshaw,find messages - now only shows the thread conversation?,https://support.mozilla.org/questions/1428550,,,,,,,,,0,false,,False,
1428551,2023-10-23T02:06:29Z,2023-10-23,en-US,installation-and-updates,download-and-install_1;,ritsch7,Is there a simple installation procedure available for new version 115 to integrate S/MIME or OpenPGP?,https://support.mozilla.org/questions/1428551,,,,,,,,,1,true,11.28,False,
1428552,2023-10-23T02:44:59Z,2023-10-23,en-US,privacy-and-security,privacy-and-security_1;,alangjones,The view email sending details,https://support.mozilla.org/questions/1428552,,,,,,,,,2,true,7.27,True,alangjones
1428556,2023-10-23T03:42:03Z,2023-10-23,hu,privacy-and-security,other;,PoFe,Üzenetablakban megjelenő aktuális email,https://support.mozilla.org/questions/1428556,,,,,,,,,0,false,,False,
1428558,2023-10-23T03:51:24Z,2023-10-23,en-US,installation-and-updates,download-and-install_1;,fivish,Thunderbird 102 automatically updated to 115?,https://support.mozilla.org/questions/1428558,,,,,,,,,8,true,2.52,False,
1428560,2023-10-23T04:05:19Z,2023-10-23,es,settings,customize;,import1,Mensajes antiguos se borran a pesar que está desactivada la opción para esto (POP),https://support.mozilla.org/questions/1428560,,,,,,,proto:pop,,5,true,2.19,False,
1428561,2023-10-23T04:08:43Z,2023-10-23,hu,settings,customize;,baranyaiistvan,Üzenetek letöltése egyes fiókokhoz,https://support.mozilla.org/questions/1428561,,,,,,,,,1,false,,True,baranyaiistvan
1428563,2023-10-23T04:15:40Z,2023-10-23,en-US,other,other;,anotherbrickinthewall,Click on Windows Notification => Jump to Email !?!?,https://support.mozilla.org/questions/1428563,,,,,,,,,6,true,9.11,True,anotherbrickinthewall
1428564,2023-10-23T04:20:50Z,2023-10-23,en-US,other,other;,tony.mansson,All tasks gone after update to 115.3.1 and Ubuntu 23.10,https://support.mozilla.org/questions/1428564,os:linux,,,,,,,,0,false,,False,
1428565,2023-10-23T04:44:31Z,2023-10-23,es,installation-and-updates,download-and-install_1;,e.arturoab,Thunderbird Web Version,https://support.mozilla.org/questions/1428565,,,,,,,,,1,true,1.23,True,pcp04
1428566,2023-10-23T04:45:37Z,2023-10-23,en-US,calendar,calendar;,pkary86,Meeting Invites sent with Thunderbird have different times for attendees.,https://support.mozilla.org/questions/1428566,,,,,,,,,1,false,,False,
1428567,2023-10-23T04:57:06Z,2023-10-23,en-US,troubleshooting,fix-problems;,rick147,Recent Upgrade,https://support.mozilla.org/questions/1428567,,,,,m:microsoftemail,,,,0,false,,False,
1428571,2023-10-23T05:24:12Z,2023-10-23,en-US,contacts,desktop;other;windows-10;firefox-1180;,jfdi,Adding contacts to lists.,https://support.mozilla.org/questions/1428571,os:windows,Windows 10,,,,,,,1,true,4.49,False,
1428573,2023-10-23T05:31:40Z,2023-10-23,en-US,calendar,calendar;,guysnelling,Outlook events off by 1 hour,https://support.mozilla.org/questions/1428573,,,,,m:microsoftemail,,,,0,false,,False,
1428574,2023-10-23T05:35:06Z,2023-10-23,en-US,other,other;,rick147,Downgrade on a MAC,https://support.mozilla.org/questions/1428574,,,,,,,,,3,true,4.63,True,Toad-Hall
1428575,2023-10-23T05:52:14Z,2023-10-23,en-US,settings,customize;,mumia76,Rearrange the toolbars?,https://support.mozilla.org/questions/1428575,,,,,,,,,4,true,4.48,False,
1428578,2023-10-23T06:21:46Z,2023-10-23,cs,settings,customize;,davidt4,Unified folder is missing in TB Supernova,https://support.mozilla.org/questions/1428578,,,,,,,,,1,true,1.54,True,poljos-moz
1428579,2023-10-23T06:35:12Z,2023-10-23,en-US,troubleshooting,fix-problems;,terry.ainsley,Missing Emails - Error Message,https://support.mozilla.org/questions/1428579,,,,,,,,,0,false,,False,
1428581,2023-10-23T06:36:40Z,2023-10-23,en-US,settings,customize;,znz7vx5hkd,Thunderbird,https://support.mozilla.org/questions/1428581,os:linux,,,,,,,,0,false,,False,
1428582,2023-10-23T07:16:37Z,2023-10-23,en-US,troubleshooting,fix-problems;,472vc9b2tv,Thunderbird crashes upon opening,https://support.mozilla.org/questions/1428582,,,,,,,,av:mcafee,5,true,91.65,False,
1428583,2023-10-23T07:36:58Z,2023-10-23,en-US,other,other;,peterhandcycle,Keeping last place used in folders,https://support.mozilla.org/questions/1428583,os:linux,,,,,,,,0,false,,False,
1428584,2023-10-23T07:37:23Z,2023-10-23,en-US,troubleshooting,fix-problems;,giulio.buccini,Thunderbird windows does not appears after last update,https://support.mozilla.org/questions/1428584,os:linux,,,,,,,,2,false,,False,
1428585,2023-10-23T08:00:53Z,2023-10-23,it,troubleshooting,fix-problems;,niftuerey72,Downgrade,https://support.mozilla.org/questions/1428585,,,,,m:gmail,,proto:imap,,1,true,15.86,False,
1428586,2023-10-23T08:16:54Z,2023-10-23,en-US,other,other;,KaufmanM,What happened to my folder hierarchies? Now all folders are at the same level,https://support.mozilla.org/questions/1428586,,,,,,,,,1,true,19497.49,False,
1428593,2023-10-23T09:21:53Z,2023-10-23,en-US,other,other;,atsdon1,Multiple accounts broken on T 115. Here's my work around.,https://support.mozilla.org/questions/1428593,,,,,,,,,4,true,21.82,False,
1428598,2023-10-23T10:33:18Z,2023-10-23,en-US,settings,customize;,chickmunks1,Unified Email folder is not showing,https://support.mozilla.org/questions/1428598,,,,,,,,,1,true,0.32,False,
1428599,2023-10-23T10:58:23Z,2023-10-23,it,troubleshooting,fix-problems;,marco12455,Thunderbird Supernova è molto lento,https://support.mozilla.org/questions/1428599,,,,,,,,,3,true,12.97,False,
1428601,2023-10-23T11:07:46Z,2023-10-23,en-US,other,other;,uusancal,Sort messages by Date & Group By Sort not working like it used to,https://support.mozilla.org/questions/1428601,,,,,,,,,1,false,,False,
1428603,2023-10-23T11:22:04Z,2023-10-23,en-US,troubleshooting,fix-problems;,ChrisOfBristol,"Startup icon shows, but nothing else happens.",https://support.mozilla.org/questions/1428603,,,,,,,,,3,false,,True,ChrisOfBristol
1428604,2023-10-23T11:38:05Z,2023-10-23,en-US,other,other;,pmrandolph15,v115.3.3 updated last night/ overwhelmed with unread messages and strange organization,https://support.mozilla.org/questions/1428604,,,,,,,,,3,true,19.78,False,
1428605,2023-10-23T11:48:32Z,2023-10-23,en-US,other,other;,fam80,UI improvement: keep position of list of folders stable,https://support.mozilla.org/questions/1428605,,,,,,,,,4,true,86.62,True,sfhowes
1428607,2023-10-23T12:00:46Z,2023-10-23,en-US,other,other;,bobg2u1,Mail summary screen jumping erratically,https://support.mozilla.org/questions/1428607,,,,,,,,,0,false,,False,
1428610,2023-10-23T12:30:53Z,2023-10-23,es,troubleshooting,fix-problems;needsinfo;,brianjeremiaspy,No se puede identificar al servidor de salida (SMTP) smtp.office365.com.,https://support.mozilla.org/questions/1428610,,,,,m:microsoftemail,,proto:smtp,,1,true,1.69,False,
1428614,2023-10-23T13:00:34Z,2023-10-23,en-US,other,other;,myer70,Supernova Thunderbird,https://support.mozilla.org/questions/1428614,,,,,,,,,0,false,,False,
1428617,2023-10-23T13:42:51Z,2023-10-23,en-US,settings,customize;,Odin3,I'm just starting with Thunderbird. Is there any way to display each inbox message on one line instead of two?,https://support.mozilla.org/questions/1428617,,,,,,,,,4,true,84.67,False,
1428618,2023-10-23T14:17:34Z,2023-10-23,en-US,other,other;,louiscantor84,I was unable to find the icon to write new mail in my Thunderbird email page.,https://support.mozilla.org/questions/1428618,,,,,,,,,3,true,14.0,False,
1428619,2023-10-23T14:23:08Z,2023-10-23,en-US,troubleshooting,fix-problems;,firefox.com59,Thunderbird Upgrade to 115,https://support.mozilla.org/questions/1428619,os:windows,,,,,,,,0,false,,False,
1428623,2023-10-23T15:24:04Z,2023-10-23,en-US,troubleshooting,fix-problems;,mary222luis,deleted,https://support.mozilla.org/questions/1428623,,,,,,,,,0,false,,False,
1428626,2023-10-23T15:42:23Z,2023-10-23,en-US,other,other;,krtbuser,Left side of mail preview header cropped,https://support.mozilla.org/questions/1428626,,,,,,,,,1,true,1.59,False,
1428628,2023-10-23T16:18:49Z,2023-10-23,en-US,other,other;,ccwc,Thunderbird 15,https://support.mozilla.org/questions/1428628,,,,,,,,,1,true,14.99,False,
1428629,2023-10-23T16:22:33Z,2023-10-23,en-US,other,other;,Brian_aus,Thunderbird 115 not showing POP3 email in Unified inbox,https://support.mozilla.org/questions/1428629,,,,,,,proto:imap;proto:pop,,2,true,0.85,True,sfhowes
1428630,2023-10-23T16:24:46Z,2023-10-23,en-US,settings,customize;,jack51,Backup Thunderbird from cron on Ubuntu 22.04,https://support.mozilla.org/questions/1428630,os:linux,,,,,,,,0,false,,False,
1428633,2023-10-23T17:12:47Z,2023-10-23,en-US,other,other;,skippygm2010,"With Thunderbird, the INBOX, Sent BOX  and all other BOXES are completely BLANK, empty.  Nothing but WHITE SCREEN!!",https://support.mozilla.org/questions/1428633,,,,,,,,,0,false,,False,
1428634,2023-10-23T18:05:26Z,2023-10-23,en-US,other,other;,david.abineri,Marking as read,https://support.mozilla.org/questions/1428634,,,,,,,,,1,true,16.78,False,
1428636,2023-10-23T18:45:19Z,2023-10-23,en-US,other,other;,firefox1295,Place a hyperlink in email,https://support.mozilla.org/questions/1428636,os:windows,,,,,isp:bell,,,5,true,16.13,False,
1428639,2023-10-23T20:56:25Z,2023-10-23,en-US,tips-and-tricks,windows-7;desktop;other;firefox-1150;,Al6286,HELP!,https://support.mozilla.org/questions/1428639,os:windows,Windows 7,,,,,,,2,true,7.9,False,
1428640,2023-10-23T21:04:55Z,2023-10-23,en-US,installation-and-updates,download-and-install_1;,VidPro,Reverting back to 102 from 115 is not sticking. —  What do I need to do?,https://support.mozilla.org/questions/1428640,os:macos,,,,,,,,1,false,,True,VidPro
1428643,2023-10-23T21:46:26Z,2023-10-23,it,troubleshooting,fix-problems;,b.m.antonicelli,collegamento a GMAIL,https://support.mozilla.org/questions/1428643,,,,,m:gmail,,proto:imap,,1,true,2.27,False,
1428647,2023-10-23T23:48:19Z,2023-10-23,en-US,other,other;,philipdk,scrolling in thunderbird,https://support.mozilla.org/questions/1428647,,,,,,,,,1,true,10.95,False,
1428648,2023-10-24T00:34:21Z,2023-10-24,en-US,calendar,calendar;,sebaseba,Auto-publish calendar,https://support.mozilla.org/questions/1428648,,,,,,,,,3,true,6.47,False,
1428650,2023-10-24T01:12:57Z,2023-10-24,en-US,other,other;,web.admin2,From name not updated for incoming email,https://support.mozilla.org/questions/1428650,,,,,,,,,2,true,9.53,True,web.admin2
1428651,2023-10-24T02:05:55Z,2023-10-24,es,settings,customize;,jmromeo,Caracteres regionales no reconocidos,https://support.mozilla.org/questions/1428651,,,,,,,,,0,false,,False,
1428652,2023-10-24T02:20:31Z,2023-10-24,en-US,troubleshooting,fix-problems;,isyanfei.xu,"After clicking ""open message in conversation"", the new tab doesn't show email subject",https://support.mozilla.org/questions/1428652,,,,,,,,,0,false,,False,
1428653,2023-10-24T03:09:35Z,2023-10-24,en-US,settings,customize;needsinfo;,geordielad64,Deleting a folder,https://support.mozilla.org/questions/1428653,,,,,,,,,3,true,4.42,True,geordielad64
1428654,2023-10-24T03:22:50Z,2023-10-24,en-US,other,other;,stefan169,Edit contents of message body like a document.,https://support.mozilla.org/questions/1428654,,,,,,,,,7,true,1.38,False,
1428655,2023-10-24T03:34:57Z,2023-10-24,en-US,settings,customize;,jjvjjv,Thunderbird Local Folders,https://support.mozilla.org/questions/1428655,,,,,,,,,9,true,0.6,True,jjvjjv
1428656,2023-10-24T03:37:58Z,2023-10-24,it,troubleshooting,fix-problems;,fliesen,Problemi di spazio su disco rigido,https://support.mozilla.org/questions/1428656,,,,,,,,,2,true,0.12,False,
1428658,2023-10-24T04:05:58Z,2023-10-24,en-US,troubleshooting,fix-problems;,faldocourt,"Following a thunderbird advice to clear the save file of my default email, the delete folder dird. This is ny umpteenth ",https://support.mozilla.org/questions/1428658,,,,,,,,,4,true,0.8,True,stancestans
1428660,2023-10-24T04:16:11Z,2023-10-24,en-US,other,other;,smiffypr,when I click on individual mail in search results it opens the whole thread not just the mail I want,https://support.mozilla.org/questions/1428660,,,,,,,,,2,true,4.23,False,
1428661,2023-10-24T04:26:14Z,2023-10-24,pt-BR,troubleshooting,fix-problems;,mcp.alexandre,Thunderbird 115.3.3,https://support.mozilla.org/questions/1428661,os:windows,,,,,,,,0,false,,False,
1428662,2023-10-24T04:34:01Z,2023-10-24,en-US,other,other;,luc.verhoeven,unread message count on intermediate folders does not show when moving messages via automated rules to a sub of a sub fo,https://support.mozilla.org/questions/1428662,,,,,,,,,0,false,,False,
1428663,2023-10-24T04:35:22Z,2023-10-24,es,troubleshooting,fix-problems;needsinfo;,lusero49,Bloqueo de IP,https://support.mozilla.org/questions/1428663,os:windows,,,,m:gmail,,proto:smtp,,1,true,110.81,False,
1428665,2023-10-24T05:02:45Z,2023-10-24,it,other,other;,abierre661,schede thunderbird,https://support.mozilla.org/questions/1428665,,,,,,,,,1,true,5.7,False,
1428666,2023-10-24T05:11:02Z,2023-10-24,en-US,settings,customize;,Helvetica,"Get emails for a specific account, not all of them at the same time",https://support.mozilla.org/questions/1428666,os:windows,,,,,,,,2,true,220.38,False,
1428670,2023-10-24T06:28:54Z,2023-10-24,en-US,installation-and-updates,download-and-install_1;,paul.cassel,Restoring from a PCV,https://support.mozilla.org/questions/1428670,,,,,,,,,7,true,0.5,True,paul.cassel
1428673,2023-10-24T06:49:15Z,2023-10-24,it,troubleshooting,fix-problems;,chiaramasini81,dopo aggiornamento automatico si blocca continuamente,https://support.mozilla.org/questions/1428673,,,,,,,,,1,true,4.01,False,
1428677,2023-10-24T07:30:47Z,2023-10-24,en-US,troubleshooting,fix-problems;,roselipscomb799,repetitive open tabs,https://support.mozilla.org/questions/1428677,,,,,,,,,0,false,,False,
1428678,2023-10-24T07:42:23Z,2023-10-24,en-US,other,other;,marietelefraser,Thunderbird email not connecting to server,https://support.mozilla.org/questions/1428678,,,,,,,,,1,true,4.65,False,
1428679,2023-10-24T07:44:03Z,2023-10-24,en-US,settings,customize;,DaveTheNerd,Open ICS attachments in macOS Calendar program?,https://support.mozilla.org/questions/1428679,os:macos,,,,,,,,0,false,,False,
1428680,2023-10-24T08:12:06Z,2023-10-24,en-US,settings,customize;,elliottjonesdc,"Hi, i just paid a computer tech - to get back my favorite prevoius version of Thunderbid becasue the new one was very un",https://support.mozilla.org/questions/1428680,,,,,,,,,1,true,1.49,False,
1428682,2023-10-24T09:16:27Z,2023-10-24,en-US,privacy-and-security,privacy-and-security_1;,bretthl,Display Full Email Address,https://support.mozilla.org/questions/1428682,os:linux,,,,,,,,0,false,,False,
1428683,2023-10-24T09:22:16Z,2023-10-24,en-US,troubleshooting,fix-problems;,jeanby,Lost folders and sync not working,https://support.mozilla.org/questions/1428683,,,,,,,,,0,false,,False,
1428685,2023-10-24T09:26:32Z,2023-10-24,en-US,other,other;,dcc1,Inbox list is there but subject and sender does not display,https://support.mozilla.org/questions/1428685,os:macos,,,,,,,,0,false,,False,
1428686,2023-10-24T09:32:43Z,2023-10-24,cs,settings,customize;,pcuc66,odělovač u odpovědi,https://support.mozilla.org/questions/1428686,,,,,,,,,3,true,16.77,False,
1428687,2023-10-24T09:37:35Z,2023-10-24,en-US,troubleshooting,fix-problems;,Panache1,Thunderbird 115 - How to hide GMail folders,https://support.mozilla.org/questions/1428687,,,,,m:gmail,,,,2,true,0.22,False,
1428689,2023-10-24T09:52:36Z,2023-10-24,en-US,troubleshooting,fix-problems;,moshe.elitzur,Thunderbird bugs,https://support.mozilla.org/questions/1428689,,,,,,,,,1,true,64.48,False,
1428690,2023-10-24T10:15:03Z,2023-10-24,en-US,settings,customize;,tylex.polystyrene,How to adjust  and save  display settings please?,https://support.mozilla.org/questions/1428690,,,,,,,,,2,true,1.01,False,
1428692,2023-10-24T10:36:28Z,2023-10-24,en-US,settings,customize;,MarkinIdaho,Get rid of yellow diamond to left of Subject,https://support.mozilla.org/questions/1428692,,,,,,,,,4,true,122.0,False,
1428695,2023-10-24T11:16:11Z,2023-10-24,en-US,troubleshooting,fix-problems;,sprior1,Supernova window unresponsive during mailbox updates - single threaded?,https://support.mozilla.org/questions/1428695,,,,,,,,,1,true,63.07,False,
1428696,2023-10-24T11:23:35Z,2023-10-24,en-US,other,other;,sprior1,"Thunderbird doesn't scale on high DPI displays, needs Windows compatibility mode which resets on every update",https://support.mozilla.org/questions/1428696,os:windows,,,,,,,,1,true,66.77,False,
1428699,2023-10-24T11:53:29Z,2023-10-24,en-US,installation-and-updates,download-and-install_1;,epgriffin,Can't Add any email accounts to Thunderbird,https://support.mozilla.org/questions/1428699,,,,,m:gmail,,,,0,false,,False,
1428702,2023-10-24T12:23:24Z,2023-10-24,en-US,troubleshooting,fix-problems;,johned0420,Attachment with very long filename pushes action buttons out of window,https://support.mozilla.org/questions/1428702,,,,,,,,,1,false,,False,
1428704,2023-10-24T12:36:49Z,2023-10-24,en-US,other,other;,josko123,Problem after ugrade,https://support.mozilla.org/questions/1428704,,,,,,,,,0,false,,False,
1428707,2023-10-24T13:03:54Z,2023-10-24,en-US,installation-and-updates,download-and-install_1;,thorsak,Inbox in Thunderbird issues,https://support.mozilla.org/questions/1428707,,,,,,,,,0,false,,False,
1428708,2023-10-24T13:08:06Z,2023-10-24,en-US,other,other;,maryreed5758,Mail and Web Site,https://support.mozilla.org/questions/1428708,,,,,,,,,0,false,,False,
1428709,2023-10-24T13:08:23Z,2023-10-24,pt-BR,other,other;,artvac.gv,ThunderBird não baixa e-mails que contém mais de 5Mb,https://support.mozilla.org/questions/1428709,,,,,,,,,0,false,,False,
1428710,2023-10-24T13:21:07Z,2023-10-24,en-US,installation-and-updates,download-and-install_1;,mark504,"Moved Thunderbird profile to new user, Can't connect to Office365 or Gmail",https://support.mozilla.org/questions/1428710,,,,,m:gmail;m:microsoftemail,,,,0,false,,False,
1428714,2023-10-24T13:52:08Z,2023-10-24,en-US,troubleshooting,fix-problems;,seekinganswer,Should I confirm the security exception preventing sending emails? (I get warning and error messages when trying to send,https://support.mozilla.org/questions/1428714,,,,,m:microsoftemail,,proto:smtp,av:eset;av:malwarebytes,3,true,412.15,False,
1428715,2023-10-24T14:13:30Z,2023-10-24,en-US,other,other;,krtmfhvv8d,How can I downgrade to Thunderbird 115.2.3?,https://support.mozilla.org/questions/1428715,,,,,,,,,1,true,13.82,False,
1428719,2023-10-24T15:12:03Z,2023-10-24,en-US,installation-and-updates,download-and-install_1;needsinfo;,user171191906102461202370681210621662109068,Pass word not working,https://support.mozilla.org/questions/1428719,,,,,,,,,1,false,,False,
1428722,2023-10-24T15:59:44Z,2023-10-24,en-US,other,other;,buffalo_bills_fan,How to access Thunderbird database on my wife's pc while she is also using it?,https://support.mozilla.org/questions/1428722,,,,,,,,,1,true,58.34,False,
1428725,2023-10-24T16:25:53Z,2023-10-24,en-US,other,other;,dhoyman,lost .lnk file,https://support.mozilla.org/questions/1428725,,,,,,,,,1,true,57.86,False,
1428727,2023-10-24T17:22:57Z,2023-10-24,en-US,installation-and-updates,download-and-install_1;,astrorudy1rud,CANNOT ACCESS MY ATT SBCGLOBAL EMAILS ON THUNDERBIRD,https://support.mozilla.org/questions/1428727,,,,,m:yahooemail,isp:att,,,1,true,0.18,False,
1428729,2023-10-24T17:43:07Z,2023-10-24,en-US,other,other;,natebacon1,Edit Address Book entry,https://support.mozilla.org/questions/1428729,,,,,,,,,1,true,16.89,False,
1428735,2023-10-24T18:39:00Z,2023-10-24,en-US,troubleshooting,fix-problems;,prerau,Constant crashes with new version of Thunderbird.,https://support.mozilla.org/questions/1428735,,,,,,,,,1,true,55.62,False,
1428736,2023-10-24T18:43:38Z,2023-10-24,en-US,installation-and-updates,download-and-install_1;,pete48,Update to Thunderbird 115.3.3 duplicated folders,https://support.mozilla.org/questions/1428736,,,,,,,proto:pop,,2,true,59.42,True,wsmwk
1428743,2023-10-24T20:05:02Z,2023-10-24,en-US,other,other;,MSwhip,How to start the setting of Mozilla TB to direct my email traffic from a sleuth of email client accounts?,https://support.mozilla.org/questions/1428743,,,,,m:yahooemail;m:gmx,,,,0,false,,False,
1428744,2023-10-24T20:10:23Z,2023-10-24,en-US,installation-and-updates,download-and-install_1;,greggbrickner,Prevent nagging update notifications in version 102,https://support.mozilla.org/questions/1428744,,,,,,,proto:pop,,0,false,,False,
1428748,2023-10-24T22:22:15Z,2023-10-24,it,troubleshooting,fix-problems;,andreapastori67,portion of code in the message part,https://support.mozilla.org/questions/1428748,,,,,,,,,1,true,2.8,False,
1428749,2023-10-24T22:42:46Z,2023-10-24,es,settings,customize;,ialagon,Automatic scroll in mailboxes,https://support.mozilla.org/questions/1428749,,,,,,,,,3,true,92.55,False,
1428750,2023-10-24T23:12:01Z,2023-10-24,en-US,settings,customize;,peter.kenesy,Thunderbird keeps forgetting Account setting,https://support.mozilla.org/questions/1428750,,,,,,,,,1,true,11.83,True,sfhowes
1428751,2023-10-24T23:39:48Z,2023-10-24,en-US,troubleshooting,fix-problems;,w.gloeckner,Mozilla Thunderbird,https://support.mozilla.org/questions/1428751,,,,,,,,,0,false,,False,
1428753,2023-10-25T00:16:18Z,2023-10-25,en-US,settings,customize;,stepmars,Thunderbird menu item: View>Sort by>Order received is disabled,https://support.mozilla.org/questions/1428753,,,,,,,,,5,true,10.67,True,sfhowes
1428756,2023-10-25T00:37:02Z,2023-10-25,it,troubleshooting,fix-problems;,roberta.rota,posta inviata,https://support.mozilla.org/questions/1428756,,,,,,,,,5,true,0.62,False,
1428757,2023-10-25T01:09:43Z,2023-10-25,it,troubleshooting,fix-problems;,landcherrysrl,lentezza thunderbird,https://support.mozilla.org/questions/1428757,,,,,,,,,1,true,0.14,False,
1428760,2023-10-25T01:30:30Z,2023-10-25,en-US,troubleshooting,fix-problems;,gregory10,Thunderbird detected a potential security threat and did not continue to localhost,https://support.mozilla.org/questions/1428760,,,,,,,,,0,false,,False,
1428761,2023-10-25T01:37:51Z,2023-10-25,en-US,installation-and-updates,download-and-install_1;,mjp21ff,Thunderbird Downgrade From 115 To 102 Add-ons Still Think Version 115,https://support.mozilla.org/questions/1428761,,,,,,,,,0,false,,False,
1428763,2023-10-25T01:45:06Z,2023-10-25,en-US,tips-and-tricks,desktop;customize;windows-10;firefox-1180;firefox-11802;,olanhol39,The minimum number of visible in the list of received emails,https://support.mozilla.org/questions/1428763,os:windows,Windows 10,,,,,,,1,true,9.15,False,
1428771,2023-10-25T02:25:33Z,2023-10-25,en-US,settings,customize;,bengallemoni,edit themes,https://support.mozilla.org/questions/1428771,,,,,,,,,35,true,3.84,False,
1428772,2023-10-25T02:38:41Z,2023-10-25,en-US,settings,customize;,mifragama,"Must scroll down messages to see the newest, very annoying. How to fix that. Version 115.3.3 (32 bit)",https://support.mozilla.org/questions/1428772,,,,,,,,,2,true,1.84,False,
1428773,2023-10-25T02:53:04Z,2023-10-25,en-US,troubleshooting,fix-problems;,eunice.lord,My hotmail account will no longer send ( office365 auth failure),https://support.mozilla.org/questions/1428773,os:windows,,,,m:microsoftemail,,proto:smtp,,1,true,8.0,False,
1428775,2023-10-25T03:15:43Z,2023-10-25,it,settings,customize;,brunosquillaci,Account PEC non viene visualizzato nell'elenco a sinistra,https://support.mozilla.org/questions/1428775,,,,,,,,,1,true,3.18,False,
1428777,2023-10-25T03:40:06Z,2023-10-25,it,other,other;,cesare7,non riesco a stampare le e-mail,https://support.mozilla.org/questions/1428777,,,,,,,,,1,true,2.82,False,
1428778,2023-10-25T03:59:04Z,2023-10-25,it,other,other;,kuja79,115.3.3 THUNDERBIRD SUPERNOVA (Bug),https://support.mozilla.org/questions/1428778,,,,,,,,,2,true,4.1,False,
1428786,2023-10-25T05:32:02Z,2023-10-25,en-US,calendar,calendar;,jjeffrie,Google Calendar connection,https://support.mozilla.org/questions/1428786,,,,,,,,,0,false,,False,
1428787,2023-10-25T05:41:15Z,2023-10-25,en-US,tips-and-tricks,desktop;fix-problems;windows-10;,absolutepm,unable to open some Pdf Files,https://support.mozilla.org/questions/1428787,os:windows,Windows 10,,,,,,,0,false,,False,
1428793,2023-10-25T06:17:49Z,2023-10-25,en-US,installation-and-updates,download-and-install_1;,Tootie,Can't reinstall archived mails,https://support.mozilla.org/questions/1428793,,,,,,isp:orange,proto:imap;proto:pop,,0,false,,False,
1428794,2023-10-25T06:41:52Z,2023-10-25,en-US,settings,customize;needsinfo;,bpc22,Sound alert when new email arrives,https://support.mozilla.org/questions/1428794,,,,,,,,,6,true,0.29,False,
1428795,2023-10-25T06:48:02Z,2023-10-25,en-US,other,other;,rick147,Disable Upgrade on MAC,https://support.mozilla.org/questions/1428795,,,,,,,,,5,true,0.11,True,davidsk
1428796,2023-10-25T07:06:36Z,2023-10-25,en-US,other,other;,daniel204,Multi folders in,https://support.mozilla.org/questions/1428796,,,,,,,,,3,true,2.35,False,
1428797,2023-10-25T07:08:34Z,2023-10-25,en-US,settings,customize;,colin_irvine,Thunderbird 115,https://support.mozilla.org/questions/1428797,,,,,,,,,1,false,,False,
1428801,2023-10-25T07:18:30Z,2023-10-25,en-US,other,other;,dirtguycentral,New to Thunderbird. I do not have a Deleted folder. Where are my deleted emails?,https://support.mozilla.org/questions/1428801,,,,,,,,,0,false,,False,
1428802,2023-10-25T07:19:37Z,2023-10-25,en-US,troubleshooting,fix-problems;,RandMF,"New emails since 7pm last night, NOT coming thru, till NEXT day!",https://support.mozilla.org/questions/1428802,,,,,m:gmail,,,,3,true,2728.98,False,
1428804,2023-10-25T07:42:12Z,2023-10-25,en-US,other,other;,benprestonmail,Login,https://support.mozilla.org/questions/1428804,,,,,,,,,5,true,0.57,False,
1428805,2023-10-25T07:44:34Z,2023-10-25,en-US,other,other;,wildfire3,"my incoming list of messages is on a black background with white print, how do I change it to white with black print",https://support.mozilla.org/questions/1428805,,,,,,,,,3,true,4.08,False,
1428806,2023-10-25T07:45:00Z,2023-10-25,es,troubleshooting,fix-problems;,jrvijuesca,"Al utilizar ""Copiar a"" hace lo mismo que ""Mover a""",https://support.mozilla.org/questions/1428806,,,,,,,,,3,true,77.09,False,
1428808,2023-10-25T07:58:02Z,2023-10-25,en-US,troubleshooting,fix-problems;,jdreioe,How to get Gmail configuration to work.,https://support.mozilla.org/questions/1428808,,,,,m:gmail,,proto:smtp,,3,true,0.29,False,
1428810,2023-10-25T08:45:37Z,2023-10-25,en-US,other,other;,whack,message filters,https://support.mozilla.org/questions/1428810,,,,,,,,,0,false,,False,
1428811,2023-10-25T08:46:24Z,2023-10-25,en-US,troubleshooting,fix-problems;,ctower52,Thunderbird startup is processing like crazy and consuming huge amounts of RAM,https://support.mozilla.org/questions/1428811,os:windows,,,,,,,,4,true,45.32,True,ctower52
1428812,2023-10-25T08:55:39Z,2023-10-25,it,other,other;,lbonaita67,'Elimina un messaggio' nella colonna elimina non funziona nella visualizzazione in cartelle unificate,https://support.mozilla.org/questions/1428812,,,,,,,,,2,true,0.07,False,
1428819,2023-10-25T10:01:49Z,2023-10-25,en-US,troubleshooting,fix-problems;,ffiglozzi,Duplicate Thunderbird Emaail Accounts,https://support.mozilla.org/questions/1428819,,,,,,,proto:imap;proto:pop,,1,true,0.3,True,davidsk
1428820,2023-10-25T10:26:36Z,2023-10-25,en-US,installation-and-updates,download-and-install_1;,paul.cassel,Password and Profile issues,https://support.mozilla.org/questions/1428820,,,,,m:gmail,,proto:pop,,1,false,,False,
1428821,2023-10-25T10:29:04Z,2023-10-25,en-US,installation-and-updates,download-and-install_1;,jbthecur,new thunderbird version 115.3.3 (64 bit) will not download emails from xfinity,https://support.mozilla.org/questions/1428821,,,,,,isp:comcast,,,9,true,0.81,False,
1428823,2023-10-25T10:29:11Z,2023-10-25,en-US,other,other;,gwen32539,Why does ThunderBird copy deleted email text to the clipboard? Any way to stop it?,https://support.mozilla.org/questions/1428823,,,,,,,,,2,true,0.73,True,sfhowes
1428825,2023-10-25T10:44:39Z,2023-10-25,en-US,troubleshooting,fix-problems;,rvanderknaap,MS mails (hotmail & outlook) to gmail accounts are bounced error 550-5.7.26,https://support.mozilla.org/questions/1428825,,,,,m:gmail;m:microsoftemail,,,av:avast;av:defender,7,true,0.37,True,sfhowes
1428831,2023-10-25T11:41:00Z,2023-10-25,en-US,other,other;,jagassoc,"I can't receive new e-mails. I keep getting this message: ""Authentication failure while connecting to server...""",https://support.mozilla.org/questions/1428831,,,,,,,,,14,true,0.55,False,
1428832,2023-10-25T12:02:02Z,2023-10-25,en-US,installation-and-updates,download-and-install_1;,Sugarloaf,Moving only folders to new computer,https://support.mozilla.org/questions/1428832,,,,,,,,,1,true,2.87,False,
1428833,2023-10-25T12:16:46Z,2023-10-25,en-US,other,other;,asignco,sent emails,https://support.mozilla.org/questions/1428833,,,,,,,,,1,true,2.5,False,
1428837,2023-10-25T12:46:32Z,2023-10-25,en-US,other,other;,rastislav.karaba,When I compose an email and try to use Arial Narrowit says the font isn't installed,https://support.mozilla.org/questions/1428837,os:windows,,,,,,,,0,false,,False,
1428838,2023-10-25T13:01:43Z,2023-10-25,en-US,troubleshooting,fix-problems;,MarkHowes,Thunderbird very slow,https://support.mozilla.org/questions/1428838,os:windows,,,,,,,,1,true,6298.74,False,
1428841,2023-10-25T13:46:13Z,2023-10-25,es,other,other;,warnerzeno,problema con orde de fechas,https://support.mozilla.org/questions/1428841,,,,,,,,,1,true,70.55,False,
1428842,2023-10-25T13:46:31Z,2023-10-25,en-US,other,other;,8nzfhb6gdf,Unwanted large line spacing while sending emails since update to 115.3.3. (macOS),https://support.mozilla.org/questions/1428842,os:macos,,,,,,,,2,true,40.34,False,
1428843,2023-10-25T13:52:56Z,2023-10-25,en-US,troubleshooting,fix-problems;,wmpatmurphy,"Can not send email using address book lists ""unable to save draft / message sending failed after installing ver 115.3.3 ",https://support.mozilla.org/questions/1428843,,,,,,,,,11,true,0.74,True,wmpatmurphy
1428847,2023-10-25T14:17:43Z,2023-10-25,en-US,installation-and-updates,download-and-install_1;,herberthome5760,Smtp and Proxy,https://support.mozilla.org/questions/1428847,,,,,,,proto:smtp,,0,false,,False,
1428849,2023-10-25T14:38:50Z,2023-10-25,en-US,settings,customize;,wdv50jkc,Disable Default Account,https://support.mozilla.org/questions/1428849,,,,,,,,,1,true,0.73,False,
1428857,2023-10-25T15:57:03Z,2023-10-25,en-US,privacy-and-security,privacy-and-security_1;,beranofberwyn80458,Username and Password,https://support.mozilla.org/questions/1428857,,,,,,,,,1,true,12.15,False,
1428859,2023-10-25T16:01:51Z,2023-10-25,en-US,other,other;,marlene11,can´t send email,https://support.mozilla.org/questions/1428859,,,,,,,,,5,true,4.65,False,
1428860,2023-10-25T16:55:52Z,2023-10-25,en-US,other,other;,mickhewitt,Today's update,https://support.mozilla.org/questions/1428860,,,,,m:gmail,,,,0,false,,False,
1428862,2023-10-25T17:19:40Z,2023-10-25,en-US,other,other;,brian.ferguson,layout,https://support.mozilla.org/questions/1428862,,,,,,,,,0,false,,False,
1428863,2023-10-25T17:22:39Z,2023-10-25,en-US,other,other;,brian.ferguson,layout,https://support.mozilla.org/questions/1428863,,,,,,,,,1,true,36.69,False,
1428864,2023-10-25T17:23:54Z,2023-10-25,en-US,other,other;,anadem,How can I view my mail ordered by size of attachment?,https://support.mozilla.org/questions/1428864,,,,,m:gmail,,,,1,true,3.2,True,sfhowes
1428867,2023-10-25T18:25:52Z,2023-10-25,en-US,other,other;,GuardianoftheIdiots,Thunderbird 115 Bullet Issues,https://support.mozilla.org/questions/1428867,,,,,,,,,1,true,2.02,False,
1428877,2023-10-25T22:34:12Z,2023-10-25,en-US,troubleshooting,fix-problems;,humphries.edwin,Sending from a Microsoft 365 account generates Windows Security popup,https://support.mozilla.org/questions/1428877,,,,,m:microsoftemail,,proto:smtp,,0,false,,False,
1428879,2023-10-25T23:49:18Z,2023-10-25,en-US,installation-and-updates,download-and-install_1;,astrorudy1rud,5 of my 6 sbc-yahoo emails in Thunderbird work but one does not.,https://support.mozilla.org/questions/1428879,,,,,m:yahooemail,isp:att,,,0,false,,False,
1428880,2023-10-25T23:52:55Z,2023-10-25,en-US,troubleshooting,fix-problems;,mis2,Thunderbird v115 Unresponsiveness and Crashes.,https://support.mozilla.org/questions/1428880,os:windows,,,,,,,,1,true,12.16,False,
1428881,2023-10-26T00:21:32Z,2023-10-26,en-US,other,other;,Markus.Piotrowski,Deleting eMail Attachments,https://support.mozilla.org/questions/1428881,,,,,,,,,2,true,11.63,False,
1428882,2023-10-26T00:28:11Z,2023-10-26,it,installation-and-updates,download-and-install_1;,pinotraina,Trasferire account posta con tutte le sottocartelle.,https://support.mozilla.org/questions/1428882,,,,,,,,,3,true,1.66,False,
1428883,2023-10-26T00:31:45Z,2023-10-26,en-US,other,other;,tmuza,Sending of passwerd failed - AUTH - Authentication failed.,https://support.mozilla.org/questions/1428883,,,,,,,,,1,true,11.42,False,
1428886,2023-10-26T02:11:10Z,2023-10-26,cs,other,other;,vaculik.242,Thunderbird,https://support.mozilla.org/questions/1428886,,,,,,,,,2,true,5.11,False,
1428887,2023-10-26T02:35:22Z,2023-10-26,en-US,other,other;,grzegorzdalka,Thunderbird on Android,https://support.mozilla.org/questions/1428887,,,,,,,,,3,true,0.86,False,
1428890,2023-10-26T03:39:48Z,2023-10-26,en-US,troubleshooting,fix-problems;,davidbooth,There are non-ASCII characters in the local part of the recipient address,https://support.mozilla.org/questions/1428890,,,,,,,,,0,false,,False,
1428892,2023-10-26T03:44:33Z,2023-10-26,hu,troubleshooting,fix-problems;,stibor.2336,Nem indul a Thunderbird,https://support.mozilla.org/questions/1428892,,,,,,,,,0,false,,False,
1428893,2023-10-26T03:50:12Z,2023-10-26,en-US,other,other;,georgekalan29,Why is there no button to sync/refresh everything,https://support.mozilla.org/questions/1428893,,,,,m:microsoftemail,,,,3,true,7.96,False,
1428899,2023-10-26T05:02:04Z,2023-10-26,en-US,settings,customize;,john981,Lastest Thunderbirds shows all threads expanded?,https://support.mozilla.org/questions/1428899,,,,,,,,,0,false,,False,
1428901,2023-10-26T05:07:37Z,2023-10-26,cs,settings,customize;,weber.lukas,výsledky hledání zpráv,https://support.mozilla.org/questions/1428901,,,,,,,,,1,true,2.01,False,
1428903,2023-10-26T05:38:48Z,2023-10-26,it,settings,customize;,e.ru2208,Funzione cartelle unificate,https://support.mozilla.org/questions/1428903,os:linux,,,,,,,,1,true,3.05,False,
1428908,2023-10-26T06:13:09Z,2023-10-26,pt-BR,installation-and-updates,download-and-install_1;,financeiro51,THUNDERBIRD,https://support.mozilla.org/questions/1428908,,,,,,,,,0,false,,False,
1428909,2023-10-26T06:20:19Z,2023-10-26,en-US,other,other;,photovisual,New email account in Thunderbird,https://support.mozilla.org/questions/1428909,,,,,,,,,0,false,,False,
1428910,2023-10-26T06:21:37Z,2023-10-26,en-US,other,other;,aoc_9621,Supernova 115 Thunderbird update,https://support.mozilla.org/questions/1428910,,,,,,,,,2,true,6.3,False,
1428915,2023-10-26T06:53:56Z,2023-10-26,en-US,other,other;,karen106,Thunderbird Messed Up,https://support.mozilla.org/questions/1428915,,,,,,,,,1,true,18.01,False,
1428916,2023-10-26T06:57:26Z,2023-10-26,en-US,other,other;,banulescuclaudiu,Mails going directly to trash folder,https://support.mozilla.org/questions/1428916,,,,,,,,,0,false,,False,
1428917,2023-10-26T07:08:19Z,2023-10-26,en-US,other,other;,xorn,Problem (bug?) after updating to 115.3.3,https://support.mozilla.org/questions/1428917,,,,,,,,,0,false,,False,
1428921,2023-10-26T07:35:59Z,2023-10-26,en-US,installation-and-updates,download-and-install_1;,bodilandtimburton,New supernova installed. Can I return to my previous email system?,https://support.mozilla.org/questions/1428921,,,,,,,,,1,true,5.46,False,
1428924,2023-10-26T07:40:15Z,2023-10-26,pt-BR,troubleshooting,fix-problems;,stela.torrescontabil,ERRO NO E-MAIL,https://support.mozilla.org/questions/1428924,,,,,,,,,0,false,,False,
1428928,2023-10-26T07:54:24Z,2023-10-26,en-US,other,other;,kmand,Signing a PDF attachment in a reply?,https://support.mozilla.org/questions/1428928,,,,,,,,,0,false,,False,
1428929,2023-10-26T08:03:03Z,2023-10-26,en-US,other,other;,photojeannie8,number of emails in in box,https://support.mozilla.org/questions/1428929,,,,,,,,,1,true,3.48,False,
1428930,2023-10-26T08:05:20Z,2023-10-26,en-US,other,other;,photojeannie8,syncing,https://support.mozilla.org/questions/1428930,,,,,m:gmail,,,,1,true,3.52,False,
1428931,2023-10-26T08:17:45Z,2023-10-26,en-US,settings,customize;,sbilson,Size of inbox display,https://support.mozilla.org/questions/1428931,,,,,,,,,1,true,3.27,False,
1428934,2023-10-26T08:37:19Z,2023-10-26,en-US,settings,customize;,isauras,How do I change the spacing on the message list?,https://support.mozilla.org/questions/1428934,,,,,,,,,4,true,2.91,False,
1428935,2023-10-26T08:50:24Z,2023-10-26,en-US,installation-and-updates,download-and-install_1;,conley.kevin1969,ver 115,https://support.mozilla.org/questions/1428935,,,,,m:gmail,,,,1,true,17.27,False,
1428937,2023-10-26T09:21:12Z,2023-10-26,en-US,installation-and-updates,download-and-install_1;,wacrosby,"I propose ""They 115'ed it!"" as the new ""Jumped the Shark!""",https://support.mozilla.org/questions/1428937,,,,,,,,,0,false,,False,
1428938,2023-10-26T09:23:02Z,2023-10-26,it,other,other;,ziomur,Ho un problema quando devo allegare dei file da una unità di rete mappata,https://support.mozilla.org/questions/1428938,os:windows,,,,,,,,1,true,14.35,False,
1428939,2023-10-26T09:28:38Z,2023-10-26,en-US,troubleshooting,fix-problems;,fabrizio.iozzi,exchange attachments,https://support.mozilla.org/questions/1428939,,,,,m:microsoftemail,,,,0,false,,False,
1428944,2023-10-26T10:09:05Z,2023-10-26,en-US,other,other;,Rhys3300,Thunderbird 115.4.1 (64-bit) text is too small,https://support.mozilla.org/questions/1428944,,,,,,,,,2,true,2.53,True,davidsk
1428945,2023-10-26T10:14:31Z,2023-10-26,en-US,other,other;,kp.seal,Thunderbird 115.4.1,https://support.mozilla.org/questions/1428945,,,,,,,,,3,true,1.07,False,
1428946,2023-10-26T10:36:44Z,2023-10-26,en-US,settings,customize;,flcrist,"New Thunderbird - has lots of room, except the actual message. Mine is about 1"" tall!",https://support.mozilla.org/questions/1428946,,,,,,,,,1,true,14.18,False,
1428948,2023-10-26T10:52:52Z,2023-10-26,en-US,troubleshooting,fix-problems;,pwhjnh,"Email, Inbox and Local Folders",https://support.mozilla.org/questions/1428948,,,,,,,,,0,false,,False,
1428949,2023-10-26T10:55:25Z,2023-10-26,cs,settings,customize;,tom.rakovnik,novy vzhled,https://support.mozilla.org/questions/1428949,,,,,,,,,1,true,13.72,False,
1428950,2023-10-26T11:03:03Z,2023-10-26,en-US,troubleshooting,fix-problems;,rhyolite1,"115.4.1 is terribly slow downloading and filtering messages.  (win10, spectrum, gmail)",https://support.mozilla.org/questions/1428950,os:windows,,,,m:gmail;m:microsoftemail,isp:spectrum,,,9,true,18.99,False,
1428954,2023-10-26T11:41:44Z,2023-10-26,en-US,other,other;,randynevin,HTML email downloaded and displayed as MIME encoded; why?,https://support.mozilla.org/questions/1428954,,,,,,isp:comcast,proto:pop,,3,true,40.12,False,
1428956,2023-10-26T11:45:23Z,2023-10-26,en-US,other,other;,gamdur.06,Odd Behaviour When Composing A Message,https://support.mozilla.org/questions/1428956,,,,,,,,,4,true,0.29,False,
1428958,2023-10-26T12:19:33Z,2023-10-26,en-US,other,other;,pegbagwell,Thunderbird password,https://support.mozilla.org/questions/1428958,,,,,,,,,1,true,0.42,False,
1428964,2023-10-26T12:53:21Z,2023-10-26,en-US,troubleshooting,fix-problems;,mclaborn,RSS unread message count doesn't show on the account node in Unified Folders,https://support.mozilla.org/questions/1428964,,,,,,,,,1,false,,False,
1428965,2023-10-26T12:53:32Z,2023-10-26,en-US,settings,customize;,cuq1,"On Thunderbird last update, the column title diaspeared",https://support.mozilla.org/questions/1428965,,,,,,,,,1,true,2.87,False,
1428967,2023-10-26T12:54:15Z,2023-10-26,en-US,installation-and-updates,download-and-install_1;,undart,Getting and sending my emails,https://support.mozilla.org/questions/1428967,,,,,,,,,1,true,0.19,False,
1428968,2023-10-26T12:57:37Z,2023-10-26,en-US,privacy-and-security,privacy-and-security_1;,conu1944,"Could not open email Thunderbird.  Big questionair filled in,  did not work.  Used Syetem restore.  Tried to open Thunde",https://support.mozilla.org/questions/1428968,,,,,,,,,2,true,38.82,False,
1428971,2023-10-26T13:10:11Z,2023-10-26,en-US,other,other;,ggrosz,*PLEASE* don't open my web browser automatically!,https://support.mozilla.org/questions/1428971,,,,,,,,,2,true,13.45,False,
1428972,2023-10-26T13:19:21Z,2023-10-26,en-US,troubleshooting,fix-problems;,firefox2560,TB does not prompt to login to multiple school accounts and brings up wrong Google account,https://support.mozilla.org/questions/1428972,,,,,m:gmail,,,,0,false,,False,
1428973,2023-10-26T13:26:25Z,2023-10-26,cs,other,other;,maarekbalatka,Nechodí emaily,https://support.mozilla.org/questions/1428973,,,,,,,,,5,true,11.14,False,
1428976,2023-10-26T13:36:58Z,2023-10-26,en-US,other,other;,rp108,Inbox does not retain scroll position of last setting/usage,https://support.mozilla.org/questions/1428976,os:windows,,,,,,,,6,true,12.95,True,tmf1
1428977,2023-10-26T14:08:19Z,2023-10-26,hu,other,other;,nagyt,Folder structure of thunderbird changed - it is unusable on many mailboxes,https://support.mozilla.org/questions/1428977,os:linux,,,,,,,,0,false,,False,
1428980,2023-10-26T14:16:24Z,2023-10-26,hu,other,other;,nagyt,Density of message header is to relaxed,https://support.mozilla.org/questions/1428980,,,,,,,,,0,false,,False,
1428981,2023-10-26T14:32:31Z,2023-10-26,en-US,other,other;,CNBarnes,Where did my rules go after upgrade?,https://support.mozilla.org/questions/1428981,,,,,,,,,1,true,10.23,False,
1428986,2023-10-26T16:18:14Z,2023-10-26,en-US,other,other;,conniebell1,Email threads debacle,https://support.mozilla.org/questions/1428986,os:windows,,,,,,,,0,false,,False,
1428987,2023-10-26T16:20:34Z,2023-10-26,en-US,troubleshooting,fix-problems;,smbruck,thunderbird 115.3.3 combined inbox keeps scrolling making it impossible to use.  How do you disable automatic scrolling,https://support.mozilla.org/questions/1428987,,,,,,,,,1,true,8.41,False,
1428988,2023-10-26T16:35:01Z,2023-10-26,en-US,other,other;,peliot,TPG Thunderbird email has stopped working properly,https://support.mozilla.org/questions/1428988,,,,,,,,,0,false,,False,
1428989,2023-10-26T16:46:38Z,2023-10-26,en-US,troubleshooting,fix-problems;,blkdog1954,"No ""Sent"" folder showing",https://support.mozilla.org/questions/1428989,,,,,,,,,2,true,2.74,True,blkdog1954
1428990,2023-10-26T17:48:17Z,2023-10-26,en-US,installation-and-updates,download-and-install_1;,MSKHawaii,"Why does Thunderbird ""misidentify"" Forum Senders when redo profile email account?",https://support.mozilla.org/questions/1428990,,,,,m:gmail,,proto:imap,,1,true,23.3,False,
1428991,2023-10-26T18:00:53Z,2023-10-26,en-US,other,other;,rumiandme153,Opened a number of emails and left them open. Now when I return to them they are blank,https://support.mozilla.org/questions/1428991,,,,,,,,,0,false,,False,
1429003,2023-10-26T21:52:32Z,2023-10-26,en-US,other,other;,bigislndboy,unable to send email after update to 115 10/2023,https://support.mozilla.org/questions/1429003,,,,,m:microsoftemail,isp:spectrum,,,1,true,29.72,False,
1429006,2023-10-26T22:07:13Z,2023-10-26,en-US,other,other;,erilope251,I really love the new thunderbird 115. Any update on the iOS app?,https://support.mozilla.org/questions/1429006,,,,,,,,,1,true,18.82,False,
1429010,2023-10-26T23:42:02Z,2023-10-26,en-US,calendar,calendar;,kulist,Deleted dates in the calendar,https://support.mozilla.org/questions/1429010,os:windows,,,,,,,,0,false,,False,
1429011,2023-10-27T00:05:24Z,2023-10-27,it,troubleshooting,fix-problems;,support208,Problematica salvataggio mail inviata in posta inviata,https://support.mozilla.org/questions/1429011,,,,,,,,,1,true,0.8,False,
1429012,2023-10-27T00:12:23Z,2023-10-27,hu,settings,customize;,titkarsag2,e-mail mentése,https://support.mozilla.org/questions/1429012,,,,,,,,,0,false,,False,
1429013,2023-10-27T00:18:11Z,2023-10-27,it,settings,customize;,qualita1,cartelle non lette,https://support.mozilla.org/questions/1429013,,,,,,,,,3,true,29.69,False,
1429014,2023-10-27T00:48:12Z,2023-10-27,en-US,troubleshooting,fix-problems;,InFerYes,Mails received have the received date as when I opened Thunderbird,https://support.mozilla.org/questions/1429014,os:linux,,,,,,proto:imap,,3,true,12.88,True,sfhowes
1429015,2023-10-27T00:58:30Z,2023-10-27,en-US,calendar,calendar;,martin376,Synchronizing multiple calendars - automatically copy events from one calendar to another,https://support.mozilla.org/questions/1429015,,,,,m:microsoftemail,,proto:caldav,,5,true,1.71,False,
1429016,2023-10-27T01:06:01Z,2023-10-27,it,other,other;,merlino1952,indirizzo sbagliato,https://support.mozilla.org/questions/1429016,,,,,,,,,2,true,5.96,True,merlino1952
1429017,2023-10-27T01:06:15Z,2023-10-27,es,settings,customize;,javier34,Se puede volver a la apariencia de antes que se actualizara?,https://support.mozilla.org/questions/1429017,,,,,,,,,1,true,22.68,False,
1429018,2023-10-27T01:15:51Z,2023-10-27,hu,settings,customize;,fazekasjanos.67,Mappa megnyitása esetén utolsó levélre ugrás,https://support.mozilla.org/questions/1429018,,,,,,,,,0,false,,False,
1429025,2023-10-27T02:47:07Z,2023-10-27,en-US,settings,customize;,homeworld_179,resize columns and message pane,https://support.mozilla.org/questions/1429025,,,,,m:yahooemail,,,,2,true,30.3,False,
1429027,2023-10-27T03:06:18Z,2023-10-27,en-US,other,other;,fil-67,Thunderbird не создает учетную запись электронной почты - сервер входящей почты уже существует.,https://support.mozilla.org/questions/1429027,,,,,,,,,0,false,,False,
1429029,2023-10-27T03:24:27Z,2023-10-27,en-US,other,other;,info10181,Thunderbird,https://support.mozilla.org/questions/1429029,,,,,,,,,16,true,23.29,False,
1429030,2023-10-27T03:36:24Z,2023-10-27,en-US,other,other;,thejustinian,Account on Thunderbird not receiving emails,https://support.mozilla.org/questions/1429030,,,,,m:microsoftemail,,,,8,true,9.61,False,
1429031,2023-10-27T03:52:21Z,2023-10-27,it,settings,customize;,paghe3,TEMA THUNDERBIRD,https://support.mozilla.org/questions/1429031,,,,,,,,,1,true,3.23,False,
1429032,2023-10-27T03:55:45Z,2023-10-27,es,troubleshooting,fix-problems;,asuc11,Carpetas raras en bandeja de entrada,https://support.mozilla.org/questions/1429032,,,,,,,,,1,true,19.6,False,
1429033,2023-10-27T03:57:29Z,2023-10-27,en-US,troubleshooting,fix-problems;,RayMitchell1,"Double-clicking the T-Bird Inbox icon does not refresh the Inbox, but restarting the T-Bird app does.",https://support.mozilla.org/questions/1429033,os:windows,,,,,,,,2,true,22.69,False,
1429037,2023-10-27T04:41:42Z,2023-10-27,en-US,tips-and-tricks,mobile;other;,clala23,new layout firefox email program is terrible,https://support.mozilla.org/questions/1429037,,,,,,,,,4,true,0.22,False,
1429038,2023-10-27T04:41:58Z,2023-10-27,en-US,privacy-and-security,privacy-and-security_1;,jimmersd1,How do I disable Chat in 115.4.1 (64 Bit),https://support.mozilla.org/questions/1429038,,,,,,,,,1,true,21.81,False,
1429039,2023-10-27T04:42:14Z,2023-10-27,cs,settings,customize;,toulaveboty,VYhledání jednoho konkrétního výrazu,https://support.mozilla.org/questions/1429039,,,,,,,,,1,true,0.9,False,
1429042,2023-10-27T05:26:43Z,2023-10-27,en-US,other,other;,nailya.bespalenko,Thunderbird randomly placed emails from different senders into one thread,https://support.mozilla.org/questions/1429042,,,,,,,,,0,false,,False,
1429043,2023-10-27T05:36:07Z,2023-10-27,en-US,installation-and-updates,download-and-install_1;,tonyms51,thunderbird new release,https://support.mozilla.org/questions/1429043,,,,,,,,,1,true,0.59,False,
1429044,2023-10-27T05:49:08Z,2023-10-27,en-US,troubleshooting,fix-problems;,rvhatcher,All address books gone this morning,https://support.mozilla.org/questions/1429044,,,,,m:microsoftemail,,,,3,true,20.6,False,
1429047,2023-10-27T06:16:08Z,2023-10-27,es,troubleshooting,fix-problems;,pamenico1234,"ME SALE CARTEL, QUE NO SE PUEDE CONCTAR AL SERVIDOR.",https://support.mozilla.org/questions/1429047,,,,,,,proto:pop,,1,true,28.48,False,
1429048,2023-10-27T06:16:37Z,2023-10-27,en-US,settings,customize;,studzinski,Message list header,https://support.mozilla.org/questions/1429048,,,,,,,,,3,true,6.85,False,
1429050,2023-10-27T06:44:01Z,2023-10-27,en-US,other,other;,cannedheat0,Need desktop email client recommendations,https://support.mozilla.org/questions/1429050,,,,,,,,,1,true,2.78,False,
1429051,2023-10-27T06:46:03Z,2023-10-27,en-US,settings,customize;,justeach2020,GLOBAL INBOX,https://support.mozilla.org/questions/1429051,,,,,,,,,1,true,6.28,False,
1429052,2023-10-27T06:49:18Z,2023-10-27,en-US,other,other;,pcharron,Outgoing email has stopped since Thunderbird update,https://support.mozilla.org/questions/1429052,os:windows,,,,m:microsoftemail,isp:spectrum,proto:smtp,av:bitdefender,1,true,6.19,False,
1429055,2023-10-27T07:06:09Z,2023-10-27,it,troubleshooting,fix-problems;,med.cart,L'app Thunderbird non funziona,https://support.mozilla.org/questions/1429055,,,,,,,,,1,true,0.52,False,
1429056,2023-10-27T07:10:50Z,2023-10-27,en-US,other,other;,theovh1945,thunderbird 115,https://support.mozilla.org/questions/1429056,os:windows,,,,,,,,9,true,19.27,True,Toad-Hall
1429058,2023-10-27T07:25:31Z,2023-10-27,en-US,troubleshooting,fix-problems;,pburlando,"Thunderbird hangs with Windows ""not responding"" message",https://support.mozilla.org/questions/1429058,,,,,,,,,7,true,5.43,False,
1429059,2023-10-27T07:25:57Z,2023-10-27,en-US,settings,customize;,gael.hammer,"Spam and Junk folders from different accounts are not grouped in the ""grouped folders"" view in TB 115.4.1",https://support.mozilla.org/questions/1429059,,,,,,,,,5,true,5.4,False,
1429067,2023-10-27T07:58:51Z,2023-10-27,en-US,other,other;,sbunkydg,Thunderbird Issue,https://support.mozilla.org/questions/1429067,,,,,m:gmail;m:yahooemail,isp:att,,,1,true,4.8,False,
1429069,2023-10-27T08:13:13Z,2023-10-27,en-US,other,other;,lowellesimon,email error,https://support.mozilla.org/questions/1429069,,,,,,isp:spectrum,proto:smtp,,13,true,4.51,False,
1429077,2023-10-27T09:30:44Z,2023-10-27,en-US,settings,customize;,stnzbl,how to remove duplicate folders in tb?,https://support.mozilla.org/questions/1429077,,,,,,,,,1,true,17.35,False,
1429079,2023-10-27T09:54:35Z,2023-10-27,en-US,other,other;,eperless,Thunderbird Address Book problem,https://support.mozilla.org/questions/1429079,,,,,,,,,0,false,,False,
1429084,2023-10-27T11:02:05Z,2023-10-27,en-US,settings,customize;,goldenyears,How do I set the message font and size for all incoming emails?,https://support.mozilla.org/questions/1429084,,,,,,,,,3,true,1.62,False,
1429086,2023-10-27T11:27:58Z,2023-10-27,en-US,installation-and-updates,download-and-install_1;,bchandler1,Newest Thunderbird version doesn't work with my internet provider,https://support.mozilla.org/questions/1429086,,,,,m:microsoftemail,isp:spectrum,,,1,true,1.47,False,
1429087,2023-10-27T11:28:15Z,2023-10-27,pt-BR,settings,customize;,aluizio1,Atalho de teclado para sair do aplicativo,https://support.mozilla.org/questions/1429087,,,,,,,,,0,false,,False,
1429088,2023-10-27T11:32:11Z,2023-10-27,en-US,other,other;,t-pappas,Thunderbird junk email,https://support.mozilla.org/questions/1429088,,,,,,,,,1,true,1.1,False,
1429089,2023-10-27T11:35:45Z,2023-10-27,en-US,settings,customize;,cdhiggins,Freeze Favorites in the Inbox Left Pane,https://support.mozilla.org/questions/1429089,,,,,m:microsoftemail,,,,7,true,1.01,False,
1429090,2023-10-27T11:46:30Z,2023-10-27,en-US,calendar,calendar;,trektek,Calendar not working properly,https://support.mozilla.org/questions/1429090,os:windows,,,,,,,,0,false,,False,
1429092,2023-10-27T11:57:19Z,2023-10-27,en-US,other,other;,blkdog1954,Read and deleted emails on android phone dont show on laptop,https://support.mozilla.org/questions/1429092,os:windows,,,,m:gmail,,,,1,true,4.88,False,
1429096,2023-10-27T12:38:15Z,2023-10-27,it,other,other;,enzo_mensi,Problema con thunderbird,https://support.mozilla.org/questions/1429096,,,,,,,,,5,true,17.45,False,
1429097,2023-10-27T12:40:30Z,2023-10-27,en-US,installation-and-updates,download-and-install_1;,CFogelman,migrating calendar to new pc and installation,https://support.mozilla.org/questions/1429097,,,,,,,,,6,true,14.57,True,CFogelman
1429098,2023-10-27T12:49:37Z,2023-10-27,en-US,troubleshooting,fix-problems;,billward,Sending email,https://support.mozilla.org/questions/1429098,,,,,m:gmail,isp:spectrum,proto:smtp,,6,true,9.96,False,
1429101,2023-10-27T13:15:29Z,2023-10-27,en-US,troubleshooting,fix-problems;,rpb5bnc,"Release 115 Classic view, folder pane scrolling through fodlers is extremely slow",https://support.mozilla.org/questions/1429101,,,,,,,,,2,true,5.83,False,
1429103,2023-10-27T13:23:33Z,2023-10-27,en-US,other,other;,tom.gossler,Performing Message Search based on other header fields,https://support.mozilla.org/questions/1429103,,,,,,,,,4,true,3.41,True,sfhowes
1429105,2023-10-27T13:46:58Z,2023-10-27,en-US,email-and-messaging,desktop;other;windows-10;firefox-1180;firefox-11802;,tfrisch100,Thunderbird,https://support.mozilla.org/questions/1429105,os:windows,Windows 10,,,,,,,9,true,3.35,False,
1429106,2023-10-27T14:04:44Z,2023-10-27,en-US,installation-and-updates,download-and-install_1;,martha10,Can't send or receive messages on new Thunderbird 115.4.1,https://support.mozilla.org/questions/1429106,,,,,m:microsoftemail,,proto:imap;proto:smtp;proto:oauth,,0,false,,False,
1429108,2023-10-27T14:14:26Z,2023-10-27,en-US,troubleshooting,fix-problems;,awerby,"This latest upgrade to 115.4.1 ""SUPERNOVA"" lives up to its name - it blew up my email system.",https://support.mozilla.org/questions/1429108,,,,,m:microsoftemail,,,,2,true,8.52,False,
1429111,2023-10-27T14:57:31Z,2023-10-27,en-US,troubleshooting,fix-problems;,estimates,Thunderbird,https://support.mozilla.org/questions/1429111,,,,,m:microsoftemail,,,,2,true,10.49,False,
1429113,2023-10-27T15:19:55Z,2023-10-27,en-US,privacy-and-security,privacy-and-security_1;,westein,Closing e mail when leaving e mail,https://support.mozilla.org/questions/1429113,,,,,,,,,1,true,7.41,False,
1429114,2023-10-27T15:24:10Z,2023-10-27,en-US,other,other;,CoolmeadowKid,Thunderbird quit downloading email. I've read through a lot of people here having the same issue. But NO ANSWER FROM THU,https://support.mozilla.org/questions/1429114,,,,,,,,,1,true,1.24,False,
1429116,2023-10-27T15:32:24Z,2023-10-27,en-US,other,other;,jmskip,Threading / Unthreading search results,https://support.mozilla.org/questions/1429116,os:macos,,,,,,,,3,true,7.17,True,MattAuSupport
1429117,2023-10-27T15:42:36Z,2023-10-27,en-US,other,other;,ramblenorth82,Staying logged in to my email,https://support.mozilla.org/questions/1429117,,,,,,,,,1,true,11.48,False,
1429118,2023-10-27T15:44:42Z,2023-10-27,en-US,other,other;,ramblenorth82,Some email is re-trying to log in continuously,https://support.mozilla.org/questions/1429118,,,,,,,,,1,true,1.11,False,
1429122,2023-10-27T16:40:58Z,2023-10-27,en-US,troubleshooting,fix-problems;,rzn6jw,New edition of Thunderbird starts messages several months back,https://support.mozilla.org/questions/1429122,,,,,,,,,2,true,10.16,False,
1429123,2023-10-27T17:09:19Z,2023-10-27,en-US,other,other;,macfritztfr2,address list for sending e-mails,https://support.mozilla.org/questions/1429123,,,,,,,,,1,true,0.2,False,
1429126,2023-10-27T17:32:16Z,2023-10-27,en-US,other,other;,cvs33,TB 115 message search results no longer open to the email I want resend when I click it,https://support.mozilla.org/questions/1429126,,,,,,,,,0,false,,False,
1429127,2023-10-27T17:41:00Z,2023-10-27,en-US,other,other;,brett.christoffel,Thundirbird not retrieving emails,https://support.mozilla.org/questions/1429127,,,,,,,,,3,true,4.32,True,brett.christoffel
1429135,2023-10-27T19:38:00Z,2023-10-27,en-US,troubleshooting,fix-problems;,bpasok12345,thunderbird crashing,https://support.mozilla.org/questions/1429135,,,,,,,,,1,true,2.34,False,
1429136,2023-10-27T20:09:29Z,2023-10-27,en-US,other,other;,dick28,"Set up my essential account: an IMAP account port 25 no ssl. The account as built was SMTP, not IMAP.",https://support.mozilla.org/questions/1429136,,,,,,isp:att,proto:imap;proto:smtp,,2,true,1.79,False,
1429137,2023-10-27T20:28:54Z,2023-10-27,en-US,other,other;,joe.gpdiamonds,Upgrade to 115.4.1 / hyperlinks within emails no longer open.,https://support.mozilla.org/questions/1429137,os:windows,,,,,,,,3,true,1.1,True,MattAuSupport
1429139,2023-10-27T21:18:11Z,2023-10-27,en-US,installation-and-updates,download-and-install_1;,pogivoco,Unable to login to Thunderbird with live.com,https://support.mozilla.org/questions/1429139,,,,,m:microsoftemail,,,,1,true,0.26,False,
1429141,2023-10-27T21:54:17Z,2023-10-27,en-US,other,other;,nikkay,Emails that have already been downloaded are downloaded again when I restart Thunderbird.,https://support.mozilla.org/questions/1429141,,,,,,,,,6,true,0.59,False,
1429146,2023-10-27T22:38:25Z,2023-10-27,en-US,other,other;,motoring.nostalgia,Thunderbird donation request,https://support.mozilla.org/questions/1429146,,,,,,,,,1,true,2.8,True,MattAuSupport
1429147,2023-10-27T23:13:48Z,2023-10-27,en-US,privacy-and-security,privacy-and-security_1;,monika34,"Recently installed a new wireless broadband modem/router, everything works except Thunderbird?",https://support.mozilla.org/questions/1429147,,,,,,,,,2,true,2.16,False,
1429148,2023-10-27T23:24:43Z,2023-10-27,en-US,other,other;,angeloledda,Undelivered emails,https://support.mozilla.org/questions/1429148,,,,,,,,,2,true,1.92,False,
1429149,2023-10-28T00:06:40Z,2023-10-28,it,settings,customize;,paolo.calvo,Data di scadenza delle attività,https://support.mozilla.org/questions/1429149,,,,,,,,,3,true,5.99,False,
1429150,2023-10-28T00:24:25Z,2023-10-28,en-US,settings,customize;,guido.knips,"Thunderbird does not use default ""from"" address when clicking von mailto: URLs",https://support.mozilla.org/questions/1429150,os:linux,,,,,,proto:smtp,,4,true,2.59,True,christ1
1429153,2023-10-28T02:10:53Z,2023-10-28,en-US,troubleshooting,fix-problems;,edde63,After update to Mozilla Thunderbird 115.4.1 (64-bit)  display issue .  Big Sur,https://support.mozilla.org/questions/1429153,os:macos,,,,,,,,2,true,6.87,False,
1429156,2023-10-28T03:56:48Z,2023-10-28,en-US,installation-and-updates,download-and-install_1;,stevefellows1971,Thunderbird Setup 115.4.1. During extraction I get applicaton error 0xc0000006,https://support.mozilla.org/questions/1429156,os:windows,,,,,,,,0,false,,False,
1429158,2023-10-28T04:09:08Z,2023-10-28,en-US,other,other;,Tianya1,can't send or receive emails,https://support.mozilla.org/questions/1429158,,,,,,,,,1,false,,False,
1429159,2023-10-28T04:17:36Z,2023-10-28,it,troubleshooting,fix-problems;,genna.simonetti,problemi con la firma di Thunderbird,https://support.mozilla.org/questions/1429159,,,,,,,,,1,true,1.85,False,
1429161,2023-10-28T04:47:19Z,2023-10-28,en-US,other,other;,carsten.and,All my own folders has disappeared in Thunderbird.,https://support.mozilla.org/questions/1429161,,,,,,,,,6,true,4.22,False,
1429163,2023-10-28T05:45:56Z,2023-10-28,en-US,other,other;,kerry25,Can send but not receive,https://support.mozilla.org/questions/1429163,,,,,,,,,1,true,5.73,False,
1429170,2023-10-28T07:06:43Z,2023-10-28,es,troubleshooting,fix-problems;,edgarhfernandez,Envío de correo MUY lento con cuentas gmail,https://support.mozilla.org/questions/1429170,os:linux,,,,m:gmail,,,,1,true,3.7,False,
1429174,2023-10-28T07:23:50Z,2023-10-28,en-US,other,other;,herberthome5760,Gmail smtp connect,https://support.mozilla.org/questions/1429174,,,,,m:gmail,,proto:smtp,,0,false,,False,
1429179,2023-10-28T08:25:02Z,2023-10-28,en-US,privacy-and-security,privacy-and-security_1;needsinfo;,74zkkxqvf4,Help - I need to reset my Primary Password,https://support.mozilla.org/questions/1429179,,,,,,,,,9,true,0.63,False,
1429180,2023-10-28T08:30:07Z,2023-10-28,it,other,other;,massimo.manca.pn,email non inviata rimane in bozze,https://support.mozilla.org/questions/1429180,,,,,,,,,2,true,15.09,False,
1429186,2023-10-28T09:15:17Z,2023-10-28,en-US,troubleshooting,fix-problems;,bj123,TB user for several uears]]]],https://support.mozilla.org/questions/1429186,os:windows,,,,,,,,0,false,,False,
1429187,2023-10-28T09:16:18Z,2023-10-28,en-US,other,other;,ulf414,"Duplicates in the ""Sent"" folder",https://support.mozilla.org/questions/1429187,,,,,,,,,0,false,,False,
1429188,2023-10-28T09:16:32Z,2023-10-28,en-US,privacy-and-security,privacy-and-security_1;,beetpollen,is my apple password encrypted on Thunderbird or does Mozilla store it?,https://support.mozilla.org/questions/1429188,os:linux,,,,,,,,0,false,,False,
1429189,2023-10-28T09:35:38Z,2023-10-28,en-US,other,other;,RetiredMiner,Thunderbird Get Messages button change(s),https://support.mozilla.org/questions/1429189,,,,,,,,,0,false,,False,
1429191,2023-10-28T09:41:42Z,2023-10-28,it,troubleshooting,fix-problems;needsinfo;,info10186,NON RIESCO AD INVIARE LE MAIL,https://support.mozilla.org/questions/1429191,,,,,,,,,1,true,13.86,False,
1429194,2023-10-28T10:18:15Z,2023-10-28,en-US,installation-and-updates,download-and-install_1;,ccrsedona,Retrieves new messages at start up,https://support.mozilla.org/questions/1429194,,,,,,,,,1,true,0.9,False,
1429195,2023-10-28T10:21:03Z,2023-10-28,en-US,settings,customize;,ccrsedona,Doesn't leave messages on server,https://support.mozilla.org/questions/1429195,,,,,,,,,7,true,0.81,False,
1429197,2023-10-28T10:25:26Z,2023-10-28,en-US,installation-and-updates,download-and-install_1;,tightpurchaser,Windows 10 Sync Comcast Email With Thunderbird,https://support.mozilla.org/questions/1429197,os:macos,,,,,isp:comcast,,,4,true,23.6,False,
1429198,2023-10-28T10:26:03Z,2023-10-28,en-US,other,other;,MarkinIdaho,How do I get the new crappy Search bar to search in the Correspondents or Subject column? It wants to search body text,https://support.mozilla.org/questions/1429198,,,,,,,,,0,false,,False,
1429203,2023-10-28T11:10:40Z,2023-10-28,en-US,installation-and-updates,download-and-install_1;,RevertSearch,Supernova sucks. How do I roll back? I won't use this new trash UI.,https://support.mozilla.org/questions/1429203,,,,,,,,,3,true,21.77,False,
1429211,2023-10-28T12:42:43Z,2023-10-28,en-US,troubleshooting,fix-problems;,kms6984,Trying to send multiple picture files from Windows 10 via File Explorer to Thunderbird.,https://support.mozilla.org/questions/1429211,os:windows,,,,m:microsoftemail,,,,2,true,0.27,False,
1429214,2023-10-28T13:20:18Z,2023-10-28,en-US,other,other;,mike.kalichman,Remove threading/conversations from Search results,https://support.mozilla.org/questions/1429214,,,,,,,,,3,true,12.14,True,christ1
1429216,2023-10-28T13:55:21Z,2023-10-28,en-US,other,other;,plowmail,How get messages for only one account?,https://support.mozilla.org/questions/1429216,,,,,,,,,3,true,11.53,False,
1429220,2023-10-28T14:09:12Z,2023-10-28,en-US,other,other;,r_searle,How to fix XP.com problem inThunderbird 64 en US version,https://support.mozilla.org/questions/1429220,,,,,,,,,0,false,,False,
1429221,2023-10-28T14:15:16Z,2023-10-28,en-US,other,other;,solutionsink,Sent Files Missing,https://support.mozilla.org/questions/1429221,,,,,,,,,0,false,,False,
1429224,2023-10-28T15:04:39Z,2023-10-28,en-US,other,other;,andrewsecker1,Thunderbird,https://support.mozilla.org/questions/1429224,,,,,,,,,0,false,,False,
1429226,2023-10-28T16:02:47Z,2023-10-28,en-US,troubleshooting,fix-problems;,janmikal,"Random password prompts and slowness [was 115 is unusable, need help getting back the previous version] (win10)",https://support.mozilla.org/questions/1429226,os:windows,,,,m:microsoftemail,,,,3,true,13.15,True,davidsk
1429227,2023-10-28T17:11:24Z,2023-10-28,en-US,other,other;,joeberk1,Download new messages,https://support.mozilla.org/questions/1429227,,,,,,,,,1,true,17.57,False,
1429232,2023-10-28T18:55:01Z,2023-10-28,en-US,other,other;,pasteltiara,Persistent garbled message,https://support.mozilla.org/questions/1429232,,,,,,,,,7,true,6.37,False,
1429233,2023-10-28T19:11:04Z,2023-10-28,en-US,other,other;,mskinsey,Inbox has changed and difficult to use,https://support.mozilla.org/questions/1429233,,,,,,,,,1,true,6.05,False,
1429234,2023-10-28T20:45:59Z,2023-10-28,en-US,settings,customize;,stinkydog,https://addons.thunderbird.net/en-US/thunderbird/addon/importexporttools-ng/,https://support.mozilla.org/questions/1429234,,,,,,,,,5,true,4.41,False,
1429238,2023-10-28T21:10:42Z,2023-10-28,en-US,other,other;,selwynrayner,"E mail display suddenly changed, WHY",https://support.mozilla.org/questions/1429238,,,,,,,,,1,true,13.38,False,
1429250,2023-10-29T00:09:41Z,2023-10-29,en-US,settings,customize;,arch.yossi,have some problems with the new TB 115 main display.,https://support.mozilla.org/questions/1429250,,,,,,isp:orange,,,2,true,0.98,True,christ1
1429253,2023-10-29T00:48:06Z,2023-10-29,it,other,other;,processor,Attached email,https://support.mozilla.org/questions/1429253,,,,,,,,,6,true,6.39,False,
1429254,2023-10-29T00:54:33Z,2023-10-29,it,troubleshooting,fix-problems;,info10186,NON INVIA LE MAIL,https://support.mozilla.org/questions/1429254,,,,,,,,,1,true,3.35,False,
1429258,2023-10-29T01:32:56Z,2023-10-29,en-US,troubleshooting,fix-problems;,marianne.fox,"User authenticated but not connected, server may have gone down",https://support.mozilla.org/questions/1429258,,,,,,,,,18,true,9.56,True,marianne.fox
1429267,2023-10-29T02:13:49Z,2023-10-29,hu,troubleshooting,fix-problems;,kemot001,"Időnként újra kell konfigurálni a Thunderbird-öt, nem emlékszik, hogy milyen fiókok voltak beállítva",https://support.mozilla.org/questions/1429267,,,,,,,,,0,false,,False,
1429268,2023-10-29T02:33:44Z,2023-10-29,en-US,troubleshooting,fix-problems;,vadimyich,"Folders, containing subfolders. I can't move message to it from INBOX. By drag and drop or by filter- nothing!!!",https://support.mozilla.org/questions/1429268,,,,,,,,,0,false,,False,
1429269,2023-10-29T02:41:17Z,2023-10-29,en-US,settings,customize;,hakelm,Thunderbird 115.3.1 get message button disappeared,https://support.mozilla.org/questions/1429269,os:linux,,,,,,,,2,true,6.46,False,
1429273,2023-10-29T03:31:00Z,2023-10-29,en-US,other,other;,hilary.walter,email display,https://support.mozilla.org/questions/1429273,,,,,,,,,1,true,0.85,False,
1429274,2023-10-29T03:39:12Z,2023-10-29,en-US,other,other;,siobhan2,Open message in conversation feature gone in Thunderbird 115,https://support.mozilla.org/questions/1429274,,,,,,,,,3,true,0.54,True,christ1
1429276,2023-10-29T04:26:05Z,2023-10-29,hu,settings,customize;,jakylaszlo,Egyesített mappák / (!csak a )Beérkezett üzenetek mappa üres. (Nem tölti be különböző levelező fiókok beérkezett üzenete,https://support.mozilla.org/questions/1429276,,,,,,,,,0,false,,False,
1429283,2023-10-29T06:38:03Z,2023-10-29,en-US,troubleshooting,fix-problems;needsinfo;,ponting.john,Thunderbird stops the Microsoft Windows key from working,https://support.mozilla.org/questions/1429283,os:windows,,,,,,,,13,true,3.2,True,ponting.john
1429286,2023-10-29T08:03:27Z,2023-10-29,fi,installation-and-updates,download-and-install_1;,juuso51,Sähköposti ei saa yhteyttä serveriin,https://support.mozilla.org/questions/1429286,os:windows,,,,,,,,0,false,,False,
1429288,2023-10-29T08:42:58Z,2023-10-29,fi,installation-and-updates,download-and-install_1;,asukasraimo,salasana,https://support.mozilla.org/questions/1429288,,,,,,,,,0,false,,False,
1429290,2023-10-29T08:55:21Z,2023-10-29,en-US,troubleshooting,fix-problems;,renee17,Thunderbird e-mails,https://support.mozilla.org/questions/1429290,,,,,,,,,0,false,,False,
1429291,2023-10-29T08:56:34Z,2023-10-29,en-US,troubleshooting,fix-problems;,renee17,Thunderbird e-mails,https://support.mozilla.org/questions/1429291,,,,,,,,,1,false,,False,
1429292,2023-10-29T09:01:27Z,2023-10-29,en-US,troubleshooting,fix-problems;,vhl1,Folder will not open,https://support.mozilla.org/questions/1429292,,,,,,,,,0,false,,False,
1429294,2023-10-29T09:20:03Z,2023-10-29,en-US,other,other;,monika-palacios,ich kann plötzlich unter Posteingang keine weiteren Unterordner mehr erstellen,https://support.mozilla.org/questions/1429294,,,,,,,,,0,false,,False,
1429296,2023-10-29T09:49:48Z,2023-10-29,en-US,privacy-and-security,privacy-and-security_1;,lakthun,"Unable to log in at server. Probably wrong configuration, username or password.",https://support.mozilla.org/questions/1429296,,,,,m:gmail,,proto:imap;proto:smtp;proto:oauth,,10,true,0.05,False,
1429297,2023-10-29T10:28:10Z,2023-10-29,en-US,installation-and-updates,download-and-install_1;,big.scheming,old emails in fresh thunderbird install,https://support.mozilla.org/questions/1429297,,,,,m:gmail,,,,1,true,1.84,True,davidsk
1429301,2023-10-29T10:55:18Z,2023-10-29,en-US,other,other;,TomHackett,Thunderbird status bar messages,https://support.mozilla.org/questions/1429301,,,,,,,proto:pop,,2,true,26.37,False,
1429302,2023-10-29T11:02:31Z,2023-10-29,en-US,settings,customize;,rwadallas,'MESSAGE LIST PANE' PROBLEM,https://support.mozilla.org/questions/1429302,,,,,,,,,1,true,0.15,False,
1429307,2023-10-29T11:34:49Z,2023-10-29,en-US,installation-and-updates,download-and-install_1;,annohavenga,Kan geen verbinding mee maken met MS Outlook na update.,https://support.mozilla.org/questions/1429307,,,,,m:microsoftemail,,proto:smtp,,1,true,0.6,False,
1429308,2023-10-29T11:38:32Z,2023-10-29,en-US,other,other;,Jenz_only_1,auto download of new email - not working,https://support.mozilla.org/questions/1429308,,,,,,,,,0,false,,False,
1429309,2023-10-29T12:06:15Z,2023-10-29,en-US,troubleshooting,fix-problems;,jalp5dai1,"Once again, Thunderbird isn't receiving SMS messages from my Samsung phone (sent via Samsung Messages).",https://support.mozilla.org/questions/1429309,,,,,,,,,4,true,47.67,False,
1429311,2023-10-29T12:17:48Z,2023-10-29,en-US,other,other;,BryanR,Thunderbird doesn't recognize me.,https://support.mozilla.org/questions/1429311,,,,,,,,,2,true,0.16,False,
1429312,2023-10-29T12:37:17Z,2023-10-29,en-US,other,other;,cobra21,PROBLEM TRING TO OPEN MY INCOMING E-MAILS,https://support.mozilla.org/questions/1429312,,,,,,,,,0,false,,False,
1429320,2023-10-29T14:19:47Z,2023-10-29,en-US,settings,customize;,Victoria-nola,"Need horizontal lines between message headers, disappeared with v115",https://support.mozilla.org/questions/1429320,os:windows,,,,,,,,2,true,2.32,True,sfhowes
1429329,2023-10-29T15:46:34Z,2023-10-29,en-US,troubleshooting,fix-problems;,bert.buckley,Can't send email via hotmail server,https://support.mozilla.org/questions/1429329,,,,,m:microsoftemail,,proto:smtp;proto:pop,,2,true,0.81,False,
1429331,2023-10-29T16:11:48Z,2023-10-29,en-US,other,other;,nancy.schwartz64,Folder issue with Thunderbird 115.4.1,https://support.mozilla.org/questions/1429331,,,,,,,,,0,false,,False,
1429335,2023-10-29T16:42:17Z,2023-10-29,en-US,other,other;,NatChilds,"18000 emails in an account, Thunderbird wants to download them all before I can do anything",https://support.mozilla.org/questions/1429335,,,,,,,,,5,true,12.03,False,
1429337,2023-10-29T17:02:07Z,2023-10-29,en-US,settings,customize;,xyves44x,The display of mail cards suddenly went from 2 lines to 3,https://support.mozilla.org/questions/1429337,,,,,,,,,4,true,1.52,False,
1429344,2023-10-29T18:25:36Z,2023-10-29,en-US,installation-and-updates,download-and-install_1;,ahmedjhang,I have 100+ email accounts to import,https://support.mozilla.org/questions/1429344,,,,,,,proto:smtp,,0,false,,False,
1429345,2023-10-29T18:33:56Z,2023-10-29,en-US,installation-and-updates,download-and-install_1;,DD46,Everything is gone after trying to downgrade from v115!,https://support.mozilla.org/questions/1429345,os:windows,,,,,,,,21,true,10.99,True,Toad-Hall
1429346,2023-10-29T18:35:56Z,2023-10-29,en-US,settings,customize;,TomHackett,Restoring Thunderbird Account Settings on Mac,https://support.mozilla.org/questions/1429346,os:macos,,,,,,proto:smtp;proto:pop,,3,true,11.21,True,TomHackett
1429348,2023-10-29T19:00:38Z,2023-10-29,en-US,settings,customize;,temp18,Mailbox Appearance,https://support.mozilla.org/questions/1429348,,,,,,,,,1,true,1.14,False,
1429349,2023-10-29T19:36:28Z,2023-10-29,en-US,installation-and-updates,download-and-install_1;,rraisley,Problems Configuring Folders with Global Inbox,https://support.mozilla.org/questions/1429349,,,,,m:gmail;m:microsoftemail,,proto:imap;proto:pop,,4,true,10.71,False,
1429351,2023-10-29T20:45:46Z,2023-10-29,en-US,troubleshooting,fix-problems;,b.wilkinson93,Thunderbird will only launch through Terminal on Linux using KDE and Wayland,https://support.mozilla.org/questions/1429351,os:linux,,,,,,,,2,true,115.45,False,
1429353,2023-10-29T22:39:07Z,2023-10-29,en-US,settings,customize;,piperfw,Cannot install add-ons in Thunderbird,https://support.mozilla.org/questions/1429353,,,,,,,,,3,true,91.73,False,
1429362,2023-10-30T02:26:23Z,2023-10-30,it,other,other;,samuele.francinella,Nella Finestra ricerca messaggi come si disattiva la visualizzazione per discussione,https://support.mozilla.org/questions/1429362,,,,,,,,,4,true,0.2,True,'@next
1429364,2023-10-30T02:34:16Z,2023-10-30,en-US,troubleshooting,fix-problems;,psykolog114,Thunderbird 115 - An inbox folder is misplaced and cannot be moved back to other inbox folders,https://support.mozilla.org/questions/1429364,,,,,,,,,1,true,6.49,False,
1429365,2023-10-30T02:36:14Z,2023-10-30,en-US,other,other;,MrAclos,e mails,https://support.mozilla.org/questions/1429365,,,,,,,,,0,false,,False,
1429367,2023-10-30T02:43:49Z,2023-10-30,en-US,other,other;,bettypawsofsilence,Screen Inbox after update too small to read,https://support.mozilla.org/questions/1429367,,,,,,,,,4,true,3.77,False,
1429369,2023-10-30T02:46:21Z,2023-10-30,en-US,other,other;,dave371,missing folder,https://support.mozilla.org/questions/1429369,,,,,,,,,0,false,,False,
1429375,2023-10-30T03:10:35Z,2023-10-30,cs,troubleshooting,fix-problems;,jirka.spilar,neznámá velikost přílohy => nelze přeposlat,https://support.mozilla.org/questions/1429375,,,,,,,,,3,true,5.12,False,
1429376,2023-10-30T03:18:49Z,2023-10-30,en-US,other,other;,kaszuba93,Autoresponder,https://support.mozilla.org/questions/1429376,,,,,,,,,3,true,4.02,False,
1429377,2023-10-30T03:34:31Z,2023-10-30,es,other,other;,alonos67,Reenvio de email,https://support.mozilla.org/questions/1429377,,,,,,,,,2,true,24.32,True,jofa10
1429378,2023-10-30T03:34:43Z,2023-10-30,it,settings,customize;,info10203,Problema di formattazione,https://support.mozilla.org/questions/1429378,,,,,,,,,4,true,4.38,False,
1429382,2023-10-30T03:55:19Z,2023-10-30,en-US,other,other;needsinfo;,ellen.sue.feld,All My Mail Is Gone,https://support.mozilla.org/questions/1429382,os:macos,,,,m:gmail,,,,3,true,4.3,False,
1429383,2023-10-30T04:02:48Z,2023-10-30,en-US,troubleshooting,fix-problems;,rjmnook,The [Gmail] label no longer shows after latest update,https://support.mozilla.org/questions/1429383,,,,,m:gmail,,,,5,true,3.21,True,rjmnook
1429384,2023-10-30T04:27:01Z,2023-10-30,en-US,other,other;,gfkdrobi,Thunderbird Printing only prints part of the page,https://support.mozilla.org/questions/1429384,os:windows,,,,,,,,9,true,7.27,False,
1429386,2023-10-30T04:37:02Z,2023-10-30,en-US,settings,customize;,paolo.luraschi,Disable threads in Search Messages,https://support.mozilla.org/questions/1429386,,,,,,,,,1,true,4.35,False,
1429393,2023-10-30T06:10:09Z,2023-10-30,en-US,other,other;,TLOdell,not receiving emails,https://support.mozilla.org/questions/1429393,,,,,,,,,0,false,,False,
1429395,2023-10-30T06:23:41Z,2023-10-30,en-US,settings,customize;,berengarlehr,How can I change the default view to grouped by and NOT expanded?,https://support.mozilla.org/questions/1429395,,,,,,,,,0,false,,False,
1429397,2023-10-30T06:31:13Z,2023-10-30,en-US,privacy-and-security,privacy-and-security_1;,etc45,Donate to thunderbird,https://support.mozilla.org/questions/1429397,,,,,,,,,2,true,2.4,False,
1429401,2023-10-30T07:06:00Z,2023-10-30,es,troubleshooting,fix-problems;,carsamrub6,ERROR - There is not enough disk space to download new messages.,https://support.mozilla.org/questions/1429401,,,,,,,,,1,true,20.59,False,
1429403,2023-10-30T07:16:31Z,2023-10-30,en-US,other,other;,yanx007,"I miss the ""only double-click message to mark it read"" feature so I'm reverting to version 114",https://support.mozilla.org/questions/1429403,,,,,,,,,5,true,1.52,False,
1429407,2023-10-30T07:50:14Z,2023-10-30,it,troubleshooting,fix-problems;,bianchini.sabina,barra filtro veloce,https://support.mozilla.org/questions/1429407,,,,,,,,,3,true,0.2,False,
1429408,2023-10-30T07:51:20Z,2023-10-30,hu,troubleshooting,fix-problems;needsinfo;,capari.balazs,nem jönnek be az e-mailek a kiszolgálómtól,https://support.mozilla.org/questions/1429408,,,,,m:gmail,,,,1,true,67.37,False,
1429410,2023-10-30T08:33:18Z,2023-10-30,en-US,troubleshooting,fix-problems;,andyfoto,Thunderbird,https://support.mozilla.org/questions/1429410,,,,,,,,,1,true,81.5,False,
1429411,2023-10-30T08:35:25Z,2023-10-30,en-US,settings,customize;,decroft201,Changing font,https://support.mozilla.org/questions/1429411,,,,,,,,,0,false,,False,
1429413,2023-10-30T08:40:32Z,2023-10-30,en-US,troubleshooting,fix-problems;,legs_larry,"Thunderbird 115.4.1 hangs after pressing N for ""Next Unread""",https://support.mozilla.org/questions/1429413,,,,,,,,,0,false,,False,
1429415,2023-10-30T08:58:57Z,2023-10-30,en-US,settings,customize;,pmhyman,lose settings,https://support.mozilla.org/questions/1429415,os:windows,,,,,,,,1,true,4.77,False,
1429416,2023-10-30T08:59:39Z,2023-10-30,it,troubleshooting,fix-problems;,A.VACCARO,Errore Filtro Veloce - VIsualizza solo i NON LETTI,https://support.mozilla.org/questions/1429416,,,,,,,,,0,false,,False,
1429417,2023-10-30T09:27:16Z,2023-10-30,en-US,settings,customize;,Toad-Hall,Supernova 115* - How to change the new Thunderbird icon back to use same as in 102*,https://support.mozilla.org/questions/1429417,,,,,,,,,8,true,11.98,True,Toad-Hall
1429418,2023-10-30T09:29:09Z,2023-10-30,it,installation-and-updates,download-and-install_1;,legabbianelleevents,Cambio server da POP a IMAP - non riesco a configurare correttamente,https://support.mozilla.org/questions/1429418,,,,,,,proto:imap;proto:pop,,1,true,0.24,False,
1429420,2023-10-30T09:35:13Z,2023-10-30,en-US,other,other;,butt683,Emails not sending,https://support.mozilla.org/questions/1429420,,,,,,,,,0,false,,False,
1429421,2023-10-30T09:35:18Z,2023-10-30,en-US,installation-and-updates,download-and-install_1;,mcrepas,ImportExport NG Not Working,https://support.mozilla.org/questions/1429421,,,,,m:gmail,,,,11,true,0.13,True,sfhowes
1429422,2023-10-30T09:39:28Z,2023-10-30,en-US,other,other;,kenvh58,No Incoming EMail Only Outgoing On My TWC Emai Account,https://support.mozilla.org/questions/1429422,,,,,m:microsoftemail,isp:spectrum,,,1,true,3.96,False,
1429423,2023-10-30T09:40:30Z,2023-10-30,it,other,other;,snd.pell,quota imap utilizzata,https://support.mozilla.org/questions/1429423,,,,,m:gmail,,proto:imap,,1,true,0.14,False,
1429425,2023-10-30T09:42:18Z,2023-10-30,en-US,troubleshooting,fix-problems;,nywatchgroup,"My PC automatically updated to SuperNova and I don't like it, showing my unread in my ALL mail",https://support.mozilla.org/questions/1429425,,,,,,,,,1,true,0.03,True,davidsk
1429429,2023-10-30T10:02:37Z,2023-10-30,en-US,other,other;,jyunte,"Thunderbird 115.4.1 Search Not Working Properly - Finds email, but then nothing!",https://support.mozilla.org/questions/1429429,,,,,,,,,1,false,,False,
1429432,2023-10-30T10:10:01Z,2023-10-30,it,other,other;,fpisani68,Archivio e-mail cancellato,https://support.mozilla.org/questions/1429432,,,,,,,proto:imap,,0,false,,False,
1429433,2023-10-30T10:11:12Z,2023-10-30,it,troubleshooting,fix-problems;,argostefano,problema visualizzazione cartelle unificate post modalità risoluzione problemi,https://support.mozilla.org/questions/1429433,,,,,,,,,3,true,13.53,False,
1429436,2023-10-30T10:34:46Z,2023-10-30,en-US,settings,customize;,bartzlederman,Add a new category in Calendar (version 102),https://support.mozilla.org/questions/1429436,,,,,,,,,0,false,,False,
1429437,2023-10-30T10:35:21Z,2023-10-30,en-US,troubleshooting,fix-problems;,rlbunch37840,Freeze on link creation,https://support.mozilla.org/questions/1429437,os:windows,,,,,,,,1,true,0.83,False,
1429441,2023-10-30T11:21:45Z,2023-10-30,en-US,calendar,calendar;,eyadtest,connecting to CalDAV calendar and CardDAV contacts can't pull new SSL after renew,https://support.mozilla.org/questions/1429441,,,,,,,proto:carddav;proto:caldav,,2,true,2.24,False,
1429442,2023-10-30T11:24:47Z,2023-10-30,en-US,other,other;,pshizon,SERVER issues HELP!,https://support.mozilla.org/questions/1429442,,,,,,,,,0,false,,False,
1429443,2023-10-30T11:26:49Z,2023-10-30,en-US,troubleshooting,fix-problems;,pshizon,SERVER issues,https://support.mozilla.org/questions/1429443,,,,,,,,,1,true,0.98,False,
1429444,2023-10-30T11:51:34Z,2023-10-30,en-US,other,other;,fishfarmer,printing text from email doesn't line up properly,https://support.mozilla.org/questions/1429444,,,,,,,,,1,true,1.51,False,
1429446,2023-10-30T12:03:16Z,2023-10-30,en-US,troubleshooting,fix-problems;,lrosen888,"Thunderbird stopped downloading emails and error ""Unable to write the email to the mailbox. Make sure the file system al",https://support.mozilla.org/questions/1429446,,,,,,,proto:pop,av:avast,6,true,1.51,True,MattAuSupport
1429449,2023-10-30T12:10:26Z,2023-10-30,en-US,troubleshooting,fix-problems;,futuro.99.99,Deleting email from unwanted domains,https://support.mozilla.org/questions/1429449,,,,,m:yahooemail,isp:att,,,2,true,1.3,False,
1429451,2023-10-30T12:21:09Z,2023-10-30,en-US,other,other;,teutonic,Thunderbird Email,https://support.mozilla.org/questions/1429451,,,,,,,,,2,true,1.13,False,
1429452,2023-10-30T12:23:38Z,2023-10-30,en-US,privacy-and-security,privacy-and-security_1;,russ132,"I am having a hard time understanding the new Thunderbird system.  Also, my old Thunderbird password no longer works.  T",https://support.mozilla.org/questions/1429452,,,,,,,,,0,false,,False,
1429453,2023-10-30T12:47:16Z,2023-10-30,en-US,troubleshooting,fix-problems;,susan96,Repeated SMTP timeouts on v115.4.1 Supernova,https://support.mozilla.org/questions/1429453,,,,,,,proto:smtp,,1,true,77.32,False,
1429455,2023-10-30T12:51:05Z,2023-10-30,en-US,installation-and-updates,download-and-install_1;,xeafie,Recovering a backup after reinstalling windows,https://support.mozilla.org/questions/1429455,,,,,,,,,0,false,,False,
1429456,2023-10-30T13:02:24Z,2023-10-30,en-US,other,other;,herberthome5760,Thunderbird 115.3.1,https://support.mozilla.org/questions/1429456,,,,,,,proto:smtp,,1,true,77.05,False,
1429458,2023-10-30T13:22:02Z,2023-10-30,en-US,other,other;,dale35,"Thunderbird 115, POP3 mail, and mail proxy",https://support.mozilla.org/questions/1429458,os:linux,,,,,,proto:pop,,0,false,,False,
1429460,2023-10-30T13:31:10Z,2023-10-30,en-US,troubleshooting,fix-problems;,info10207,"Zapisywanie wiadomości ""Zapisz jako ..."" nie uwzględnia zaawansowanych uprawnień do folderu",https://support.mozilla.org/questions/1429460,,,,,m:yahooemail,,,,0,false,,False,
1429462,2023-10-30T13:38:58Z,2023-10-30,en-US,installation-and-updates,download-and-install_1;,info10209,"Thunderbird ""Mbox All mail Including Spam and Trash-002.mbox larger than 4GB, skipping""",https://support.mozilla.org/questions/1429462,,,,,m:gmail,,,,1,true,2.02,False,
1429466,2023-10-30T13:45:54Z,2023-10-30,en-US,settings,customize;,white134098,"How do I turn off ""chevrons""?",https://support.mozilla.org/questions/1429466,,,,,,,,,1,true,0.17,False,
1429467,2023-10-30T13:48:06Z,2023-10-30,en-US,other,other;,t-pappas,Messages from senders in my address book end up in Junk.,https://support.mozilla.org/questions/1429467,os:linux,,,,,,,,0,false,,False,
1429469,2023-10-30T14:11:59Z,2023-10-30,en-US,settings,customize;,wtobler,email message list,https://support.mozilla.org/questions/1429469,,,,,,,,,1,true,1.4,False,
1429471,2023-10-30T14:35:30Z,2023-10-30,en-US,other,other;,courtney.john,Address Book,https://support.mozilla.org/questions/1429471,,,,,,,,,0,false,,False,
1429474,2023-10-30T15:01:16Z,2023-10-30,en-US,troubleshooting,fix-problems;,firefoxeric,right click not working right in mail,https://support.mozilla.org/questions/1429474,os:linux,,,,,,,,0,false,,False,
1429477,2023-10-30T15:52:04Z,2023-10-30,en-US,settings,customize;,plowmail,"How do I put a ""Not Junk"" button in the menu?",https://support.mozilla.org/questions/1429477,os:windows,,,,,,,,0,false,,False,
1429480,2023-10-30T16:24:46Z,2023-10-30,en-US,calendar,calendar;,Peaches_57_x,thunderbird calendar,https://support.mozilla.org/questions/1429480,,,,,,,,,0,false,,False,
1429482,2023-10-30T16:34:36Z,2023-10-30,en-US,other,other;,novel888,moving a stack of emails from old inbox emails to thunderbird subfolders,https://support.mozilla.org/questions/1429482,,,,,,,,,0,false,,False,
1429483,2023-10-30T16:40:27Z,2023-10-30,en-US,other,other;,brad3000.h2,NEW THUNDERBIRD VERSION - I CANNOT SEE THE NUMBER OF EMAILS IN FOLDERS UNLESS THEY ARE UNREAD - HELP !!??,https://support.mozilla.org/questions/1429483,,,,,,,,,1,true,1.39,False,
1429486,2023-10-30T17:26:15Z,2023-10-30,en-US,other,other;,gleime,Thunderbird pages jump,https://support.mozilla.org/questions/1429486,,,,,,,,,0,false,,False,
1429488,2023-10-30T17:56:15Z,2023-10-30,en-US,other,other;,roland.liu,Contribution already made but still getting request for donations,https://support.mozilla.org/questions/1429488,,,,,,,,,1,true,72.42,False,
1429490,2023-10-30T19:00:48Z,2023-10-30,en-US,other,other;,randy68,Can't Download Email from Microsoft 365 using Thunderbird 115.3.3,https://support.mozilla.org/questions/1429490,,,,,m:microsoftemail,,proto:pop,,0,false,,False,
1429492,2023-10-30T19:24:55Z,2023-10-30,en-US,other,other;,ask.yourself92,RSS Feed Not Loading Favicon,https://support.mozilla.org/questions/1429492,,,,,,,,,0,false,,False,
1429497,2023-10-30T20:10:38Z,2023-10-30,en-US,troubleshooting,fix-problems;,peter123456clark,An error occurred while sending mail. The mail server responded: you must enable authentication to use this mail server.,https://support.mozilla.org/questions/1429497,,,,,,,,,2,true,1.64,True,sfhowes
1429500,2023-10-30T23:01:32Z,2023-10-30,en-US,other,other;,damcar,Thunderbird not responding well after installing the Mozilla VPN,https://support.mozilla.org/questions/1429500,,,,,,,,,0,false,,False,
1429501,2023-10-30T23:08:48Z,2023-10-30,en-US,other,other;,bixfrom28,Sending emails from Thunderbird,https://support.mozilla.org/questions/1429501,,,,,,,,,0,false,,False,
1429502,2023-10-30T23:20:21Z,2023-10-30,en-US,troubleshooting,fix-problems;,mumbaiit.rcity,Thunderbird freeze while mail search after updating,https://support.mozilla.org/questions/1429502,,,,,,,,,0,false,,False,
1429504,2023-10-30T23:55:59Z,2023-10-30,en-US,other,other;,beomjunny,"If I temporarily delete the email account which linked to Thunderbird , will the emails remain?",https://support.mozilla.org/questions/1429504,,,,,m:gmail,,,,0,false,,False,
1429508,2023-10-31T00:11:29Z,2023-10-31,it,troubleshooting,fix-problems;,mauriziodelladio,Thunderbird 115 Chromebook addons,https://support.mozilla.org/questions/1429508,os:linux,,,,,,,,1,true,0.2,False,
1429509,2023-10-31T00:22:44Z,2023-10-31,en-US,other,other;,vion.and.frederique,Supernova,https://support.mozilla.org/questions/1429509,,,,,,,,,0,false,,False,
1429510,2023-10-31T00:51:44Z,2023-10-31,en-US,settings,customize;,schleipo,the standard font size for new mail is almost too small to read.,https://support.mozilla.org/questions/1429510,,,,,,,,,0,false,,False,
1429515,2023-10-31T02:04:21Z,2023-10-31,en-US,installation-and-updates,download-and-install_1;,52kid,Migrating profile(s),https://support.mozilla.org/questions/1429515,,,,,,,,,3,true,24.61,True,52kid
1429520,2023-10-31T02:51:30Z,2023-10-31,en-US,troubleshooting,fix-problems;,romad1,no emails have come in for days.     thanks,https://support.mozilla.org/questions/1429520,,,,,,,,,1,true,9.27,False,
1429521,2023-10-31T02:52:55Z,2023-10-31,es,troubleshooting,fix-problems;,jofa10,"TB does not synchronize gmail emails, since last October 25. Ingles o Castellano",https://support.mozilla.org/questions/1429521,,,,,m:gmail,,,,2,true,63.84,False,
1429522,2023-10-31T03:03:40Z,2023-10-31,fi,settings,customize;,ark.miettinen,TB opens with several subfolders open,https://support.mozilla.org/questions/1429522,,,,,,,,,0,false,,False,
1429524,2023-10-31T03:25:23Z,2023-10-31,en-US,other,other;,digitalphotografin,Donation via paypal too complicated - asked for data,https://support.mozilla.org/questions/1429524,,,,,,,,,1,true,66.51,False,
1429526,2023-10-31T03:29:19Z,2023-10-31,en-US,other,other;,aic248,Messages in Inbox Folder appear twice and remain with an empty entity when being deleted,https://support.mozilla.org/questions/1429526,,,,,m:gmail,,,,0,false,,False,
1429527,2023-10-31T03:35:14Z,2023-10-31,en-US,other,other;,newsletters2,Formatting text in Thunderbird,https://support.mozilla.org/questions/1429527,,,,,,,,,3,true,8.52,False,
1429530,2023-10-31T04:15:28Z,2023-10-31,en-US,settings,customize;,jbiggie,composite folder,https://support.mozilla.org/questions/1429530,os:windows,,,,,,,,8,true,7.79,False,
1429535,2023-10-31T05:09:20Z,2023-10-31,tr,troubleshooting,fix-problems;,zunal1,msf arşiv dosyalarını yükleme,https://support.mozilla.org/questions/1429535,,,,,,,proto:imap;proto:pop,,1,true,50.34,False,
1429536,2023-10-31T05:42:10Z,2023-10-31,en-US,other,other;,geoseva,Thunderbird bug,https://support.mozilla.org/questions/1429536,,,,,m:gmail,,proto:pop,,0,false,,False,
1429539,2023-10-31T06:02:50Z,2023-10-31,cs,settings,customize;,lara.gattino,Sjednocení doručené pošty do globální složky,https://support.mozilla.org/questions/1429539,,,,,,,,,7,true,4.28,False,
1429542,2023-10-31T06:34:22Z,2023-10-31,en-US,settings,customize;,wrknight,"Thunderbird ""Supernova"" layout",https://support.mozilla.org/questions/1429542,,,,,,,,,4,true,0.56,True,wrknight
1429545,2023-10-31T06:46:08Z,2023-10-31,en-US,troubleshooting,fix-problems;,edterry6310,Send Mail on Linux & Windows issue,https://support.mozilla.org/questions/1429545,os:linux,,,,m:gmail,,,,3,true,5.24,False,
1429547,2023-10-31T07:09:34Z,2023-10-31,en-US,other,other;,nussie12,thunderbird not receiving emails,https://support.mozilla.org/questions/1429547,,,,,m:microsoftemail,,,,3,true,4.81,False,
1429551,2023-10-31T07:20:21Z,2023-10-31,en-US,settings,customize;,bill324,New Thunderbird Global mailbox,https://support.mozilla.org/questions/1429551,,,,,,,,,0,false,,False,
1429555,2023-10-31T08:21:15Z,2023-10-31,en-US,other,other;,pencild,how to empty all mail folder,https://support.mozilla.org/questions/1429555,,,,,,,,,0,false,,False,
1429556,2023-10-31T08:27:54Z,2023-10-31,en-US,settings,customize;,mikeodyssey,The option to search the body of an email is not available,https://support.mozilla.org/questions/1429556,,,,,,,,,2,true,3.22,True,mikeodyssey
1429563,2023-10-31T09:20:54Z,2023-10-31,hu,other,other;,laszlo.pap,Changes in the Thunderbird appearance,https://support.mozilla.org/questions/1429563,,,,,,,,,2,true,41.47,False,
1429564,2023-10-31T09:21:17Z,2023-10-31,en-US,other,other;,hayesanoel,$64.40 charge on 10/02 on my citi card,https://support.mozilla.org/questions/1429564,,,,,,,,,7,true,4.41,False,
1429566,2023-10-31T09:32:19Z,2023-10-31,en-US,other,other;,gmkayaker2,Thunderbird window stays hidden when an error dialog is present.,https://support.mozilla.org/questions/1429566,,,,,,,,,0,false,,False,
1429569,2023-10-31T10:11:28Z,2023-10-31,en-US,installation-and-updates,download-and-install_1;,petasisg,After upgrade to 115: My inbox folder is empty!,https://support.mozilla.org/questions/1429569,,,,,,,,,2,true,3.18,True,Toad-Hall
1429575,2023-10-31T10:47:16Z,2023-10-31,en-US,settings,customize;,ecop1,Strange new window in Tasks,https://support.mozilla.org/questions/1429575,,,,,,,,,4,true,3.55,False,
1429577,2023-10-31T11:07:50Z,2023-10-31,en-US,privacy-and-security,privacy-and-security_1;,dsks,Email Password,https://support.mozilla.org/questions/1429577,,,,,,,,,0,false,,False,
1429584,2023-10-31T12:07:17Z,2023-10-31,en-US,settings,customize;needsinfo;,robin14,"Can't find ""Send Unsent Messages"" button anymore",https://support.mozilla.org/questions/1429584,,,,,,,,,1,true,0.54,True,sfhowes
1429585,2023-10-31T12:46:38Z,2023-10-31,en-US,privacy-and-security,privacy-and-security_1;,wevdap,Scary message delete behavior when content display blocked,https://support.mozilla.org/questions/1429585,os:macos,,,,,,,,1,false,,True,wevdap
1429586,2023-10-31T13:00:37Z,2023-10-31,en-US,installation-and-updates,download-and-install_1;,spam36,How to export collected E-Mails from Thunderbird?,https://support.mozilla.org/questions/1429586,,,,,,,,,1,true,0.28,False,
1429587,2023-10-31T13:11:28Z,2023-10-31,en-US,troubleshooting,fix-problems;,ph00,Local Folder Message List Loses Sort Focus/Orientation,https://support.mozilla.org/questions/1429587,,,,,,,,,0,false,,False,
1429588,2023-10-31T13:24:01Z,2023-10-31,en-US,other,other;,wtobler,How can I Raise bottom border of Message List to show only 4 email titles instead of 10?,https://support.mozilla.org/questions/1429588,,,,,,,,,1,true,4.71,False,
1429590,2023-10-31T13:36:15Z,2023-10-31,en-US,other,other;,pamclark1,I NEED WORD WRAP - I CAN'T SEE ALL THE WRITING!,https://support.mozilla.org/questions/1429590,,,,,,,,,0,false,,False,
1429593,2023-10-31T13:57:01Z,2023-10-31,en-US,other,other;,linuxflower,Please update the Thunderbird logo on support.mozilla.org,https://support.mozilla.org/questions/1429593,,,,,,,,,1,true,0.2,False,
1429596,2023-10-31T14:21:47Z,2023-10-31,en-US,other,other;,ricklangston1955,Sending messages has started failing,https://support.mozilla.org/questions/1429596,os:windows,,,,,isp:spectrum,proto:smtp,,0,false,,False,
1429597,2023-10-31T14:48:57Z,2023-10-31,en-US,other,other;,flthiel5,Filtered Messages Not Syncing with IMAP Server,https://support.mozilla.org/questions/1429597,os:windows,,,,m:microsoftemail,isp:spectrum,proto:imap,,3,true,11.06,False,
1429598,2023-10-31T14:49:06Z,2023-10-31,en-US,troubleshooting,fix-problems;,ajgottli,New Thunderbird Mail update broke Microsoft log-in,https://support.mozilla.org/questions/1429598,,,,,,,,,1,true,3.18,False,
1429599,2023-10-31T15:01:22Z,2023-10-31,en-US,troubleshooting,fix-problems;,jmmf1,jmmf1@yandex.com,https://support.mozilla.org/questions/1429599,,,,,,,,,0,false,,False,
1429600,2023-10-31T15:03:36Z,2023-10-31,en-US,settings,customize;,basoski1,can i install thunderbird on server and all users to connect on server?,https://support.mozilla.org/questions/1429600,,,,,,,,,0,false,,False,
1429603,2023-10-31T15:32:45Z,2023-10-31,en-US,other,other;,amb.biz.1,Appearance of Thunderbird folders in left pane using Favorite folder view,https://support.mozilla.org/questions/1429603,,,,,,,,,1,true,50.65,False,
1429605,2023-10-31T15:58:22Z,2023-10-31,en-US,other,other;,tchild828,Jaws and Thunderbird,https://support.mozilla.org/questions/1429605,os:windows,,,,,,,,0,false,,False,
1429608,2023-10-31T16:57:52Z,2023-10-31,en-US,other,other;,tim_in_ak,When I send emails to a mailing list from a gmail address a copy is not downloaded,https://support.mozilla.org/questions/1429608,,,,,m:gmail,,proto:imap,,4,true,0.92,False,
1429610,2023-10-31T18:05:26Z,2023-10-31,en-US,troubleshooting,fix-problems;,terry30,Thunderbird 115 message sort headings get corrupted when closed,https://support.mozilla.org/questions/1429610,,,,,,,,,0,false,,False,
1429615,2023-10-31T19:17:13Z,2023-10-31,en-US,other,other;,jh_cullom,Thunderbird email question,https://support.mozilla.org/questions/1429615,,,,,,,,,0,false,,False,
1429616,2023-10-31T19:35:57Z,2023-10-31,en-US,troubleshooting,fix-problems;,prerau,Repeated crashes  [@ OOM | small ] on trying to open Thunderbird.,https://support.mozilla.org/questions/1429616,,,,,,,,,5,true,46.55,False,
1429622,2023-10-31T22:02:35Z,2023-10-31,en-US,other,other;,mikeandwilma,delete message on TBird but keep it on server,https://support.mozilla.org/questions/1429622,os:windows,,,,,,proto:pop,,1,true,6.34,False,
1429623,2023-10-31T22:14:49Z,2023-10-31,en-US,troubleshooting,fix-problems;,kanjigirl,Thunderbird scrolls quickly after deleting any email,https://support.mozilla.org/questions/1429623,,,,,,,,,18,true,4.44,False,
