id,created,created_date,locale,topic,tags,creator,title,question_url,os,os_raw,macos_release,tb_version,tb_version_major,mail_provider,isp,protocol,av,num_answers,is_answered,first_answer_hours,is_solved,solved_by
1448781,2024-06-01T00:36:02.170906Z,2024-06-01,en-US,installation-and-updates,download-and-install_1;,dlist2,transfer folders to document drive on computer,https://support.mozilla.org/questions/1448781,,,,,,,,,,1,true,8.38,False,
1448788,2024-06-01T08:13:11.034791Z,2024-06-01,en-US,other,other;,murray.walls,Message Filters,https://support.mozilla.org/questions/1448788,,,,,,,,,,3,true,2.32,False,
1448789,2024-06-01T08:16:23.461681Z,2024-06-01,it,other,other;,bovio45.enrico,Pulire contemporaneamente cartelle spam e trashcan,https://support.mozilla.org/questions/1448789,,,,,,,,,,1,true,3.15,False,
1448790,2024-06-01T08:36:51.582825Z,2024-06-01,en-US,other,other;,ajaykumar16161999,Mail not showing in inbox,https://support.mozilla.org/questions/1448790,,,,,,,,,,0,false,,False,
1448791,2024-06-01T08:45:01.419771Z,2024-06-01,en-US,other,other;,perferraressogianfranco,Rubrica contatti mail.,https://support.mozilla.org/questions/1448791,,,,,,,,,,1,true,0.49,False,
1448794,2024-06-01T09:46:01.542170Z,2024-06-01,en-US,troubleshooting,fix-problems;,dougjbarnes,"Thunderbird ""Authentication Failed on Server"" Message",https://support.mozilla.org/questions/1448794,,,,,,m:microsoftemail,,,,3,true,637.36,False,
1448798,2024-06-01T11:20:03.575452Z,2024-06-01,cs,other,other;,zufa2281,Úcet google - ověření přihlášení a povolení přístupu,https://support.mozilla.org/questions/1448798,,,,,,m:gmail,,,,3,true,2.12,True,Ansamb
1448799,2024-06-01T11:26:55.828300Z,2024-06-01,en-US,other,other;,mail1233,Thunderbird disappeared from my computer after ten years use.,https://support.mozilla.org/questions/1448799,,,,,,,,,,5,true,34.58,False,
1448804,2024-06-01T13:03:18.548421Z,2024-06-01,nl,troubleshooting,fix-problems;,repyolanda4,authentictiefout tijdens verbinden server imap.gmail.com,https://support.mozilla.org/questions/1448804,,,,,,m:gmail,,proto:imap,,1,true,45.24,False,
1448808,2024-06-01T15:32:41.902286Z,2024-06-01,en-US,settings,customize;,bjornuz,Tray Icon only visible for New/unread not working/seperated anymore,https://support.mozilla.org/questions/1448808,,,,,,,,,,0,false,,False,
1448811,2024-06-01T16:25:38.155692Z,2024-06-01,it,other,other;needsinfo;,stefano.vaccari,"Non riesco più a leggere le email che mi sono arrivate sino al 28 maggio, non riesco a scaricare gli allegati e neppure ",https://support.mozilla.org/questions/1448811,,,,,,,,,,1,true,14.25,False,
1448813,2024-06-01T16:42:13.268250Z,2024-06-01,en-US,other,other;,eberger5,Display count of select items,https://support.mozilla.org/questions/1448813,os:windows,,,,,,,,,8,true,0.77,False,
1448814,2024-06-01T16:56:24.410062Z,2024-06-01,en-US,troubleshooting,fix-problems;,muhanley,"The ""Delete mail marked as junk"" tool",https://support.mozilla.org/questions/1448814,,,,,,,,,,0,false,,False,
1448821,2024-06-01T18:31:07.240729Z,2024-06-01,en-US,other,other;,dchokaj,Spam in TB115 / Cox in Yahoo,https://support.mozilla.org/questions/1448821,,,,,,m:yahooemail,isp:cox,,,0,false,,False,
1448825,2024-06-01T19:54:53.645856Z,2024-06-01,it,other,other;,per.gigi,errore durante la creazione di account,https://support.mozilla.org/questions/1448825,,,,,,,,proto:imap;proto:pop,,3,true,10.71,False,
1448830,2024-06-01T21:47:58.015860Z,2024-06-01,en-US,privacy-and-security,privacy-and-security_1;,steve.waechter,Hotmail stopped working,https://support.mozilla.org/questions/1448830,os:windows,,,,,m:microsoftemail,,proto:oauth,,25,true,1.57,False,
1448831,2024-06-01T21:59:14.122350Z,2024-06-01,en-US,other,other;,JackieHarrell,Email signature changed,https://support.mozilla.org/questions/1448831,,,,,,,,,,1,true,14.65,False,
1448840,2024-06-02T00:11:40.088596Z,2024-06-02,en-US,settings,customize;,l.m.mit,Unified tab,https://support.mozilla.org/questions/1448840,,,,,,,,,,1,true,12.32,False,
1448842,2024-06-02T00:55:28.483203Z,2024-06-02,en-US,other,other;,l.m.mit,unified tab,https://support.mozilla.org/questions/1448842,,,,,,,,,,1,true,11.6,False,
1448843,2024-06-02T00:59:31.967929Z,2024-06-02,en-US,other,other;,mwebsurfer,"i mistakingly deleted my primary password. i cant remember it and even though i entered a new one, i cant recieve or sen",https://support.mozilla.org/questions/1448843,,,,,,m:microsoftemail,isp:verizon,,,1,true,10.61,False,
1448845,2024-06-02T01:22:48.883767Z,2024-06-02,en-US,other,other;,Santacruz77,"Hello!  Suddenly, when I hit ""write"" a new message form pops up but I can't see folders on left.",https://support.mozilla.org/questions/1448845,,,,,,,,,,1,true,11.05,False,
1448847,2024-06-02T02:01:54.113259Z,2024-06-02,en-US,other,other;,callakskt,Full screen app interruption.,https://support.mozilla.org/questions/1448847,,,,,,,,,,0,false,,False,
1448848,2024-06-02T02:23:43.814006Z,2024-06-02,en-US,other,other;,david827,Difficulties changing email server name,https://support.mozilla.org/questions/1448848,,,,,,,,,,5,true,9.68,True,davidsk
1448849,2024-06-02T03:06:01.667772Z,2024-06-02,en-US,installation-and-updates,download-and-install_1;,tjmarciniak,Address Book Importing,https://support.mozilla.org/questions/1448849,,,,,,,isp:comcast,,,1,true,8.63,False,
1448850,2024-06-02T04:16:38.692955Z,2024-06-02,en-US,settings,customize;,fahadysf,Thunderbird shows Hijri (Saudi Arabia Regional Date Format) no matter what Preference I choose in settings,https://support.mozilla.org/questions/1448850,,,,,,,,,,0,false,,False,
1448851,2024-06-02T04:46:04.201390Z,2024-06-02,en-US,troubleshooting,fix-problems;,steven.e.hansen,5T disk space - startupCache corrupt,https://support.mozilla.org/questions/1448851,os:windows,,,,,,,,,2,true,9.1,False,
1448855,2024-06-02T07:31:12.067771Z,2024-06-02,en-US,installation-and-updates,download-and-install_1;,mbea1,thunderbird Backup with Zip.file,https://support.mozilla.org/questions/1448855,,,,,,,,,,1,true,4.64,False,
1448856,2024-06-02T09:18:03.682855Z,2024-06-02,en-US,privacy-and-security,privacy-and-security_1;,doumindikissyou,configure Outlook anywhere in thunderbird,https://support.mozilla.org/questions/1448856,,,,,,m:microsoftemail,,,,1,true,2.61,False,
1448858,2024-06-02T10:23:14.767483Z,2024-06-02,en-US,installation-and-updates,download-and-install_1;,Andrew177,Moving email management from 20i to you.,https://support.mozilla.org/questions/1448858,,,,,,,,,,2,true,1.24,False,
1448863,2024-06-02T12:25:22.548384Z,2024-06-02,en-US,other,other;,stevecrowther,Cardbook,https://support.mozilla.org/questions/1448863,,,,,,,,,,15,true,7.07,False,
1448872,2024-06-02T14:39:30.775822Z,2024-06-02,en-US,troubleshooting,fix-problems;,par6,Thunderbird will not switch profiles,https://support.mozilla.org/questions/1448872,,,,,,,,,,1,true,4.82,False,
1448876,2024-06-02T15:55:13.264923Z,2024-06-02,en-US,other,other;,b9btpzrmsn,"want old email box back, new inbox sucks.",https://support.mozilla.org/questions/1448876,,,,,,,,,,3,true,3.46,False,
1448877,2024-06-02T16:06:47.175785Z,2024-06-02,en-US,other,other;,Tony_O,Ubuntu 22.04.4 LTS interaction with Thunderbird,https://support.mozilla.org/questions/1448877,os:linux,,,,,,,,,0,false,,False,
1448880,2024-06-02T17:07:30.136679Z,2024-06-02,en-US,other,other;,andrest_71,some emails are not readable,https://support.mozilla.org/questions/1448880,,,,,,m:microsoftemail,,,,0,false,,False,
1448885,2024-06-02T18:17:29.704708Z,2024-06-02,en-US,other,other;,grfullen,storage location in local file system,https://support.mozilla.org/questions/1448885,os:linux,,,,,,,,,1,true,0.59,False,
1448889,2024-06-02T19:26:34.277717Z,2024-06-02,en-US,troubleshooting,fix-problems;,biuro346,Empty messages in the inbox,https://support.mozilla.org/questions/1448889,,,,,,,,,,0,false,,False,
1448891,2024-06-02T20:31:09.822455Z,2024-06-02,en-US,other,other;,rmeyer174,I am not receiving some emails,https://support.mozilla.org/questions/1448891,,,,,,,,,,6,true,18.01,False,
1448893,2024-06-02T21:14:01.149127Z,2024-06-02,en-US,settings,customize;,macbellett,Thunderbird latest email first displayed,https://support.mozilla.org/questions/1448893,,,,,,,,,,0,false,,False,
1448894,2024-06-02T21:33:35.960844Z,2024-06-02,en-US,other,other;,whldorsey,"Moved many MB of emails from Outlook to Thunderbird, now Tbird login to Outlook fails",https://support.mozilla.org/questions/1448894,,,,,,m:microsoftemail,,,,0,false,,False,
1448896,2024-06-02T22:09:47.543260Z,2024-06-02,en-US,troubleshooting,fix-problems;,dk_salerno,Suddenly unable to connect to outgoing mail server (Outlook),https://support.mozilla.org/questions/1448896,,,,,,m:microsoftemail,,,,17,true,19.01,False,
1448897,2024-06-02T22:42:51.964201Z,2024-06-02,en-US,other,other;,wmmmoz,"""move"" filter copies but does not remove from inbox",https://support.mozilla.org/questions/1448897,os:linux,,,,,,,,,0,false,,False,
1448901,2024-06-02T23:22:34.945924Z,2024-06-02,en-US,troubleshooting,fix-problems;,annmeng,Filters not working,https://support.mozilla.org/questions/1448901,,,,,,,,,,0,false,,False,
1448902,2024-06-02T23:39:11.581771Z,2024-06-02,en-US,other,other;,simberg.rand,Deleting/Moving Problem,https://support.mozilla.org/questions/1448902,,,,,,,,,,1,false,,False,
1448903,2024-06-02T23:50:16.053161Z,2024-06-02,en-US,other,other;,RIMSHOT3,Refresh Local Folders After Turning on Remote Drive?,https://support.mozilla.org/questions/1448903,,,,,,,,,,1,true,43.07,False,
1448910,2024-06-03T02:12:44.490757Z,2024-06-03,en-US,other,other;,AZCowboy,Thunderbird update lost address book and email.,https://support.mozilla.org/questions/1448910,,,,,,m:gmail,,,,2,true,12.7,False,
1448913,2024-06-03T03:04:25.741636Z,2024-06-03,en-US,other,other;,bozandrog,Cannot receive emails,https://support.mozilla.org/questions/1448913,,,,,,,,,,0,false,,False,
1448914,2024-06-03T03:07:37.085476Z,2024-06-03,en-US,troubleshooting,fix-problems;,99cnczcnhg,access to thunderbird,https://support.mozilla.org/questions/1448914,,,,,,,,,,1,true,34.35,False,
1448915,2024-06-03T03:32:27.748719Z,2024-06-03,en-US,other,other;,l.m.mit,date order,https://support.mozilla.org/questions/1448915,,,,,,,,,,4,true,6.68,True,l.m.mit
1448919,2024-06-03T04:31:52.109992Z,2024-06-03,en-US,other,other;,gembo.tamang,Regarding mails,https://support.mozilla.org/questions/1448919,,,,,,,,,,0,false,,False,
1448920,2024-06-03T05:06:09.608463Z,2024-06-03,en-US,other,other;,gypaik,Can't get messages from Yahoo mail,https://support.mozilla.org/questions/1448920,,,,,,m:yahooemail,isp:cox,proto:imap;proto:smtp,,2,true,9.18,False,
1448921,2024-06-03T05:52:24.653500Z,2024-06-03,en-US,other,other;,jacquesmare69,Sending mail,https://support.mozilla.org/questions/1448921,,,,,,,,,,7,true,7.04,False,
1448926,2024-06-03T07:59:39.016026Z,2024-06-03,en-US,troubleshooting,fix-problems;,Phrimpy,"mailto links don't work, ""locked"" subject, no account to select",https://support.mozilla.org/questions/1448926,os:windows,,,,,,,,,6,true,6.17,False,
1448928,2024-06-03T08:16:18.867525Z,2024-06-03,es,settings,customize;,alejandro.gonzalez,Responder sobre el hilo de un correo utilizando una plantilla.,https://support.mozilla.org/questions/1448928,,,,,,,,,,0,false,,False,
1448929,2024-06-03T08:16:50.342257Z,2024-06-03,es,settings,customize;,alejandro.gonzalez,Responder sobre el hilo de un correo utilizando una plantilla.,https://support.mozilla.org/questions/1448929,,,,,,,,,,0,false,,False,
1448935,2024-06-03T10:45:16.162389Z,2024-06-03,en-US,installation-and-updates,download-and-install_1;,reversion45,Thunderbird problems,https://support.mozilla.org/questions/1448935,,,,,,,,,,1,true,2.92,False,
1448940,2024-06-03T12:24:14.829007Z,2024-06-03,en-US,other,other;,mozilla586,"Removing duplicates (30,000+ emails) systematically and **without** addons.",https://support.mozilla.org/questions/1448940,os:linux,,,,,m:gmail,,proto:imap,,6,true,1.01,False,
1448943,2024-06-03T12:52:06.008789Z,2024-06-03,it,other,other;needsinfo;,segreteria31,Posta certificata,https://support.mozilla.org/questions/1448943,,,,,,,,,,1,true,1.23,False,
1448947,2024-06-03T13:37:42.606914Z,2024-06-03,en-US,troubleshooting,fix-problems;,cheapmachines,Launching Thunderbird Stops Keyboard Working,https://support.mozilla.org/questions/1448947,os:macos,,macos:sonoma,,,,,,,3,true,12.19,False,
1448951,2024-06-03T15:22:12.118509Z,2024-06-03,en-US,installation-and-updates,download-and-install_1;,paul.rowell,Gmail IMAP timeout,https://support.mozilla.org/questions/1448951,,,,,,m:gmail,,proto:imap,,2,true,22.22,True,paul.rowell
1448953,2024-06-03T15:35:23.576794Z,2024-06-03,en-US,troubleshooting,fix-problems;,gena4,"Very wrong attributions of email, strange possible crosslinks",https://support.mozilla.org/questions/1448953,,,,,,,,,,4,true,1.51,True,sfhowes
1448956,2024-06-03T17:17:10.809268Z,2024-06-03,nl,privacy-and-security,privacy-and-security_1;,toniovisser,Filters,https://support.mozilla.org/questions/1448956,,,,,,,,,,1,true,18.95,False,
1448959,2024-06-03T18:33:13.228957Z,2024-06-03,en-US,other,other;,RRRichmond,Changing your e-mail password within Thunderbird to enable incoming and outgoing email.,https://support.mozilla.org/questions/1448959,,,,,,,,,,3,true,0.24,False,
1448960,2024-06-03T18:35:08.149800Z,2024-06-03,en-US,troubleshooting,fix-problems;,yellowmatter,Thunderbird executing filters randomly,https://support.mozilla.org/questions/1448960,,,,,,,,,,2,true,19.2,False,
1448963,2024-06-03T18:53:07.477322Z,2024-06-03,en-US,other,other;,eunicelawless,Thunderbird,https://support.mozilla.org/questions/1448963,os:windows,,,,,,,,,1,true,6.85,False,
1448967,2024-06-03T19:30:22.996942Z,2024-06-03,en-US,installation-and-updates,download-and-install_1;,bw0803,Downloading email from AT&T,https://support.mozilla.org/questions/1448967,os:windows,,,,,m:gmail;m:yahooemail,isp:att,proto:oauth,,1,true,3.49,False,
1448968,2024-06-03T19:30:55.441259Z,2024-06-03,en-US,troubleshooting,fix-problems;,isaacfranklin100,Unable to login to thunderbird using email,https://support.mozilla.org/questions/1448968,,,,,,,,,,6,true,18.87,False,
1448970,2024-06-03T21:22:55.312955Z,2024-06-03,en-US,troubleshooting,fix-problems;,michaelh_66,Email setting,https://support.mozilla.org/questions/1448970,,,,,,m:yahooemail,,proto:smtp,,1,true,1.54,False,
1448974,2024-06-03T23:18:59.829708Z,2024-06-03,en-US,other,other;,msamarketing,Thunderbird displays warning,https://support.mozilla.org/questions/1448974,,,,,,,,,,0,false,,False,
1448975,2024-06-03T23:42:52.965725Z,2024-06-03,en-US,other,other;,user280827902385390608707851247877160378592,Norton 360 updated now Thunderbird cant access outlook server,https://support.mozilla.org/questions/1448975,,,,,,m:microsoftemail,,,av:norton,5,true,14.95,True,Toad-Hall
1448978,2024-06-04T01:15:02.949186Z,2024-06-04,en-US,other,other;,aeons2005,Sending Problem,https://support.mozilla.org/questions/1448978,,,,,,m:microsoftemail,isp:verizon,,,1,true,13.54,False,
1448981,2024-06-04T03:35:36.876213Z,2024-06-04,en-US,other,other;,meike.m,I can't send emails,https://support.mozilla.org/questions/1448981,,,,,,,,,,0,false,,False,
1448983,2024-06-04T04:24:05.775930Z,2024-06-04,en-US,troubleshooting,fix-problems;,karolcooper,Unable to connect to server,https://support.mozilla.org/questions/1448983,,,,,,,isp:comcast,,,3,true,13.03,False,
1448990,2024-06-04T06:23:54.805971Z,2024-06-04,en-US,troubleshooting,fix-problems;,auwk,Please help that why didn’t support China Office 365?,https://support.mozilla.org/questions/1448990,,,,,,m:microsoftemail,,,,2,true,8.52,False,
1448991,2024-06-04T06:46:17.497412Z,2024-06-04,en-US,other,other;,graham65,Tracing my old questions to see any answers,https://support.mozilla.org/questions/1448991,,,,,,,,,,7,true,5.3,True,graham65
1448997,2024-06-04T08:36:02.680148Z,2024-06-04,en-US,other,other;,vion.and.frederique,Thunderbird: ongoing issues with gmail and hotmail,https://support.mozilla.org/questions/1448997,,,,,,m:gmail;m:microsoftemail,,,,3,true,3.61,False,
1448999,2024-06-04T08:55:18.721896Z,2024-06-04,nl,other,other;needsinfo;,elske977,nieuwe berichten Inbox niet te zien,https://support.mozilla.org/questions/1448999,,,,,,,,,,1,true,3.12,False,
1449003,2024-06-04T10:20:21.103540Z,2024-06-04,en-US,troubleshooting,fix-problems;,msturdy77,email storage,https://support.mozilla.org/questions/1449003,,,,,,m:gmail,,proto:imap,,2,true,1.67,True,davidsk
1449006,2024-06-04T11:48:31.617244Z,2024-06-04,en-US,other,other;,frax1,Where and how is the setting(s) for always checking IMAP folders for new mail stored?,https://support.mozilla.org/questions/1449006,,,,,,,,proto:imap,,6,true,0.09,False,
1449015,2024-06-04T14:15:55.894188Z,2024-06-04,en-US,other,other;,jongkyuda2,메일에 링크 삽입 시 링크주소가 다르게 나옵니다.,https://support.mozilla.org/questions/1449015,,,,,,,,,,1,true,4.41,False,
1449016,2024-06-04T14:15:56.587481Z,2024-06-04,en-US,other,other;,jongkyuda2,메일에 링크 삽입 시 링크주소가 다르게 나옵니다.,https://support.mozilla.org/questions/1449016,,,,,,,,,,1,true,2.57,True,Toad-Hall
1449020,2024-06-04T15:16:30.114147Z,2024-06-04,en-US,troubleshooting,fix-problems;needsinfo;,nick_bunting,Startup error,https://support.mozilla.org/questions/1449020,os:windows,,,,,,,,,13,true,1.02,False,
1449021,2024-06-04T15:18:54.406255Z,2024-06-04,es,troubleshooting,fix-problems;,aga.proserver,el botón eliminar elimina más de un mensaje cuando sólo hay seleccionado uno,https://support.mozilla.org/questions/1449021,,,,,,,,,,0,false,,False,
1449023,2024-06-04T15:29:43.913765Z,2024-06-04,en-US,other,other;,kaneezfiza666,I forget my thunderbird password of log in,https://support.mozilla.org/questions/1449023,,,,,,,,,,1,true,0.53,False,
1449025,2024-06-04T15:38:21.997175Z,2024-06-04,en-US,other,other;,ckaekel8,incoming email has stopped,https://support.mozilla.org/questions/1449025,,,,,,,,,,1,true,2.43,False,
1449033,2024-06-04T18:20:20.888113Z,2024-06-04,en-US,other,other;,transeme,How to set the browser for Thunderbird 115.11.1 (64-bit) MacOs,https://support.mozilla.org/questions/1449033,os:macos,,macos:sonoma,,,,,,,0,false,,False,
1449038,2024-06-04T19:51:26.200998Z,2024-06-04,en-US,privacy-and-security,privacy-and-security_1;,ralph70,Thunderbird errors after power outage,https://support.mozilla.org/questions/1449038,,,,,,,,,,3,true,0.23,False,
1449039,2024-06-04T19:54:19.920159Z,2024-06-04,en-US,installation-and-updates,download-and-install_1;,vmars3161,Help: Migrate TB Portable to new computer,https://support.mozilla.org/questions/1449039,,,,,,,,,,11,true,0.1,True,vmars3161
1449041,2024-06-04T19:58:34.901718Z,2024-06-04,nl,settings,customize;,jw31,Sneltoets,https://support.mozilla.org/questions/1449041,,,,,,,,,,6,true,9.95,True,Fjoerfoks
1449042,2024-06-04T20:08:47.732559Z,2024-06-04,nl,other,other;,j47dmq6dkw,Mail verwijderen,https://support.mozilla.org/questions/1449042,,,,,,,,,,1,true,9.69,False,
1449043,2024-06-04T20:17:15.280414Z,2024-06-04,en-US,other,other;,annette.kuesel,Import Outlook 365 pst files into Thunderbird 115,https://support.mozilla.org/questions/1449043,,,,,,m:microsoftemail,,,,1,true,0.81,False,
1449045,2024-06-04T20:29:19.376293Z,2024-06-04,en-US,other,other;,loftyplofty,I think the Linux Thunderbird is broken,https://support.mozilla.org/questions/1449045,os:linux,,,,,m:gmail,,,,2,true,39.39,True,loftyplofty
1449046,2024-06-04T20:34:17.702877Z,2024-06-04,en-US,installation-and-updates,download-and-install_1;,tonyjover,TB gui completely broken,https://support.mozilla.org/questions/1449046,os:windows,,,,,,,proto:imap,,6,true,0.6,True,sfhowes
1449048,2024-06-04T21:24:06.321427Z,2024-06-04,nl,troubleshooting,fix-problems;,wietadriaansens,mail en wachtwoord,https://support.mozilla.org/questions/1449048,,,,,,m:microsoftemail,,proto:smtp,,14,true,8.33,True,wietadriaansens
1449051,2024-06-04T21:50:51.288544Z,2024-06-04,it,other,other;,marinokermac,Non vedo più le mail di Aruba ricevute prima dell'aggiornamento di aprile 2024. Perchè?,https://support.mozilla.org/questions/1449051,,,,,,m:gmail,,,,3,true,8.89,False,
1449052,2024-06-04T21:57:47.826423Z,2024-06-04,en-US,other,other;,olds97_lss,"Is there a way to re-attach ""Detached"" images from an old email?",https://support.mozilla.org/questions/1449052,,,,,,,,,,0,false,,False,
1449055,2024-06-04T22:40:39.850360Z,2024-06-04,en-US,troubleshooting,fix-problems;,info11430,Potential Security Risk Ahead - Emails will not download.,https://support.mozilla.org/questions/1449055,,,,,,,,,,0,false,,False,
1449056,2024-06-04T22:44:28.033315Z,2024-06-04,en-US,other,other;,trustngzus,why am i not getting my emils,https://support.mozilla.org/questions/1449056,,,,,,,,,,0,false,,False,
1449057,2024-06-04T22:49:26.856182Z,2024-06-04,en-US,other,other;,jrf.consulting,Cannot Send Messages,https://support.mozilla.org/questions/1449057,os:windows,,,,,,,proto:smtp;proto:pop,,1,false,,True,jrf.consulting
1449059,2024-06-04T23:34:39.880901Z,2024-06-04,en-US,other,other;,ruggi40,Help with configuring account with specific situation,https://support.mozilla.org/questions/1449059,,,,,,m:yahooemail,isp:cox,,,0,false,,False,
1449063,2024-06-04T23:56:08.769476Z,2024-06-04,en-US,troubleshooting,fix-problems;,chrisft1,Checking mail server capabilities,https://support.mozilla.org/questions/1449063,,,,,,,,proto:smtp,,0,false,,False,
1449080,2024-06-05T07:44:16.299195Z,2024-06-05,en-US,troubleshooting,fix-problems;,mike741,Failed to check for updates - Thunderbird 115.11.2 (64bit),https://support.mozilla.org/questions/1449080,os:windows,,,,,,,,av:norton,1,false,,True,mike741
1449083,2024-06-05T08:48:32.177073Z,2024-06-05,en-US,troubleshooting,fix-problems;,adams.stephen@bigpond.com,email thread,https://support.mozilla.org/questions/1449083,,,,,,m:microsoftemail,,,,0,false,,False,
1449084,2024-06-05T08:52:06.114320Z,2024-06-05,en-US,other,other;,margot.mann,awmann@optusnet.com.au,https://support.mozilla.org/questions/1449084,,,,,,m:yahooemail,,,,0,false,,False,
1449085,2024-06-05T09:00:12.887882Z,2024-06-05,en-US,troubleshooting,fix-problems;,meyrick,"I can't send any emails ,",https://support.mozilla.org/questions/1449085,,,,,,,,,,4,true,752.0,False,
1449087,2024-06-05T09:36:37.071366Z,2024-06-05,en-US,other,other;,eva105,Thunderbird has stopped sending and reeiving emails,https://support.mozilla.org/questions/1449087,,,,,,,,,,0,false,,False,
1449090,2024-06-05T10:16:17.743823Z,2024-06-05,it,other,other;,phhd62tkdv,Mancato invio e-mail per errore,https://support.mozilla.org/questions/1449090,,,,,,,,,,1,true,4.45,False,
1449092,2024-06-05T10:29:10.950950Z,2024-06-05,en-US,installation-and-updates,download-and-install_1;,tereza.koubkova,Unable to log in at server,https://support.mozilla.org/questions/1449092,,,,,,,,,,0,false,,False,
1449094,2024-06-05T10:52:38.195294Z,2024-06-05,en-US,other,other;,reversion45,Thunderbird problems,https://support.mozilla.org/questions/1449094,,,,,,,,,,1,true,2.6,False,
1449095,2024-06-05T10:59:22.669210Z,2024-06-05,en-US,installation-and-updates,download-and-install_1;,mdezylva,Warning: Potential Security Risk Ahead  Thunderbird detected a potential security threat and did not continue to live.th,https://support.mozilla.org/questions/1449095,,,,,,,,,,0,false,,False,
1449097,2024-06-05T13:02:32.928238Z,2024-06-05,pt-BR,troubleshooting,fix-problems;,gustavo.maximiano,Emails em branco,https://support.mozilla.org/questions/1449097,,,,,,,,,,0,false,,False,
1449099,2024-06-05T13:28:18.450787Z,2024-06-05,en-US,troubleshooting,fix-problems;,meyrick,I can't send emails,https://support.mozilla.org/questions/1449099,,,,,,,,,,3,true,3.79,False,
1449105,2024-06-05T14:15:41.447030Z,2024-06-05,en-US,other,other;,seh1593,Can't send email with more than one account,https://support.mozilla.org/questions/1449105,,,,,,m:gmail,,,,3,true,0.08,False,
1449106,2024-06-05T14:49:36.753115Z,2024-06-05,en-US,other,other;,samccarver,Unexplained symbols in Inbox,https://support.mozilla.org/questions/1449106,,,,,,,,,,0,false,,False,
1449110,2024-06-05T15:44:56.435859Z,2024-06-05,en-US,other,other;,tfender,Password lost,https://support.mozilla.org/questions/1449110,,,,,,,,,,2,true,0.29,False,
1449113,2024-06-05T16:44:01.032635Z,2024-06-05,en-US,privacy-and-security,privacy-and-security_1;,jell,Thunderbird has confused e-mail data,https://support.mozilla.org/questions/1449113,os:windows,,,,,m:gmail,,,,1,true,107.7,False,
1449115,2024-06-05T16:46:37.769066Z,2024-06-05,en-US,other,other;,jworks,TB Inbox emails not showing up immediately,https://support.mozilla.org/questions/1449115,,,,,,,,,,2,true,107.63,False,
1449118,2024-06-05T17:02:29.948603Z,2024-06-05,en-US,settings,customize;,johncconrad,Unsent Message,https://support.mozilla.org/questions/1449118,,,,,,,,,,1,true,107.33,False,
1449119,2024-06-05T17:05:59.710572Z,2024-06-05,en-US,calendar,calendar;,gmkayaker,Details from the invitation are not in the accepted calendar event,https://support.mozilla.org/questions/1449119,,,,,,m:gmail,,,,0,false,,False,
1449120,2024-06-05T17:06:44.184187Z,2024-06-05,en-US,other,other;,bernard.brown,Not receiving talktalk emails,https://support.mozilla.org/questions/1449120,,,,,,,,,,0,false,,False,
1449122,2024-06-05T17:27:56.665778Z,2024-06-05,en-US,other,other;,kitmenkin1,copy and bcc missing in sending message,https://support.mozilla.org/questions/1449122,,,,,,,,,,1,true,0.53,False,
1449124,2024-06-05T18:21:31.957225Z,2024-06-05,en-US,troubleshooting,fix-problems;,BDinger3,Thunderbird switching servers on my two accounts,https://support.mozilla.org/questions/1449124,,,,,,m:gmail;m:yahooemail,isp:cox,,,1,true,1.59,False,
1449126,2024-06-05T18:46:17.737239Z,2024-06-05,en-US,troubleshooting,fix-problems;,Kennymsq,Authentication Failure - Comcast email account,https://support.mozilla.org/questions/1449126,,,,,,,isp:comcast,,,5,true,105.58,True,Kennymsq
1449132,2024-06-05T20:30:33.313453Z,2024-06-05,en-US,other,other;,oldmaven,Thunderbird Hi-Jacked by Outlook,https://support.mozilla.org/questions/1449132,,,,,,m:microsoftemail,,,,1,true,59.59,False,
1449135,2024-06-05T20:50:33.912674Z,2024-06-05,en-US,settings,customize;,breon,Reorder Tags 2024,https://support.mozilla.org/questions/1449135,,,,,,,,,,0,false,,False,
1449136,2024-06-05T20:55:22.164207Z,2024-06-05,en-US,other,other;,rgareus,What is this shaded icon in main toolbar?,https://support.mozilla.org/questions/1449136,os:linux,,,,,,,,,3,true,3.37,False,
1449137,2024-06-05T21:17:35.579016Z,2024-06-05,en-US,other,other;,JudsonMcCranie,Need to completely uninstall TB,https://support.mozilla.org/questions/1449137,,,,,,,,,,8,true,58.75,False,
1449138,2024-06-05T21:25:29.525353Z,2024-06-05,en-US,other,other;,jerry.erickson48,My contacts (email address lists) have disappeared.  My Thunderbird account requested that I allow it to compact the ema,https://support.mozilla.org/questions/1449138,,,,,,,,,,3,true,62.85,False,
1449139,2024-06-05T21:41:18.321375Z,2024-06-05,en-US,settings,customize;,designer5,Spell Check Window Blues,https://support.mozilla.org/questions/1449139,,,,,,,,,,1,true,57.84,False,
1449141,2024-06-05T21:44:53.119962Z,2024-06-05,en-US,other,other;,rkwrichard,temporary blacklist of IP with Comcast,https://support.mozilla.org/questions/1449141,,,,,,,isp:comcast,,,1,true,54.45,False,
1449146,2024-06-05T23:30:15.690133Z,2024-06-05,en-US,troubleshooting,fix-problems;,dan305,Server times out when sending email with PDF attachments,https://support.mozilla.org/questions/1449146,,,,,,,,,,4,true,52.63,False,
1449149,2024-06-06T00:32:23.100328Z,2024-06-06,en-US,installation-and-updates,download-and-install_1;,kkaffy,Adding account fails with code 0x80004005,https://support.mozilla.org/questions/1449149,,,,,,,,,,5,true,29.64,False,
1449160,2024-06-06T04:13:20.249702Z,2024-06-06,en-US,other,other;,bindiwright1,Emails,https://support.mozilla.org/questions/1449160,,,,,,,,,,2,true,18.18,False,
1449163,2024-06-06T05:38:42.376910Z,2024-06-06,en-US,troubleshooting,fix-problems;,vivian10,"All messages that I delete,send ,archive and drafts, simply disappear without a trace.",https://support.mozilla.org/questions/1449163,,,,,,,,,,0,false,,False,
1449164,2024-06-06T05:40:43.988568Z,2024-06-06,en-US,settings,customize;,piperfw,Cannot install add-ons in Thunderbird in (rare?) Linux Chrome environment,https://support.mozilla.org/questions/1449164,os:linux,,,,,,,,,10,true,46.43,True,MattAuSupport
1449166,2024-06-06T06:40:34.230747Z,2024-06-06,it,settings,customize;,andreagiorgi11,Thunderbird - conversazioni da leggere,https://support.mozilla.org/questions/1449166,,,,,,,,,,1,true,1.98,False,
1449172,2024-06-06T07:49:38.831835Z,2024-06-06,fi,settings,customize;,heimo3,miten voin muuttaa thunderbirdin fonttikokoa?,https://support.mozilla.org/questions/1449172,,,,,,,,,,0,false,,False,
1449173,2024-06-06T08:05:54.121028Z,2024-06-06,en-US,troubleshooting,fix-problems;,emyr330,unable to receive e-mails since 30/05/2024,https://support.mozilla.org/questions/1449173,,,,,,,,,,9,true,21.91,True,emyr330
1449176,2024-06-06T08:55:26.357883Z,2024-06-06,en-US,installation-and-updates,download-and-install_1;,kha.elsheikh,Recover deleted Thunderbird profile,https://support.mozilla.org/questions/1449176,,,,,,,,,,1,false,,False,
1449180,2024-06-06T10:34:22.396451Z,2024-06-06,nl,installation-and-updates,download-and-install_1;needsinfo;,ceeswijdenes,Loopt gelijk vast na installatie,https://support.mozilla.org/questions/1449180,,,,,,,,,,1,true,2.48,False,
1449182,2024-06-06T11:14:22.078546Z,2024-06-06,es,other,other;,informatica21,Hay correos que me aparecen cruzados,https://support.mozilla.org/questions/1449182,,,,,,,,,,1,true,124.67,False,
1449185,2024-06-06T12:16:32.679547Z,2024-06-06,nl,installation-and-updates,download-and-install_1;,Firefox2819,Ziggo certificaat niet vertrouwd,https://support.mozilla.org/questions/1449185,,,,,,,,proto:imap;proto:smtp,,3,true,1.12,True,Firefox2819
1449186,2024-06-06T12:28:26.706464Z,2024-06-06,en-US,troubleshooting,fix-problems;,frenchfaye,Email is not working at all.,https://support.mozilla.org/questions/1449186,,,,,,,,,,3,true,17.5,False,
1449188,2024-06-06T12:57:38.172880Z,2024-06-06,en-US,other,other;,sookisoo18,All my messages have dissapeared,https://support.mozilla.org/questions/1449188,,,,,,,,,,0,false,,False,
1449189,2024-06-06T13:27:15.017992Z,2024-06-06,en-US,other,other;,jane50,Outgoing email failures,https://support.mozilla.org/questions/1449189,,,,,,,,,,1,true,1.28,False,
1449190,2024-06-06T13:38:47.544756Z,2024-06-06,en-US,installation-and-updates,download-and-install_1;,chunnel,Paid app,https://support.mozilla.org/questions/1449190,,,,,,,,,,2,true,1.15,False,
1449192,2024-06-06T14:06:49.018453Z,2024-06-06,en-US,other,other;,chewyp,Why cant I access my email account in Outlook,https://support.mozilla.org/questions/1449192,,,,,,m:microsoftemail,,,,1,true,15.85,False,
1449203,2024-06-06T15:03:04.828417Z,2024-06-06,en-US,settings,customize;,eric.gombrich,O365 Folder Sync: TBSync,https://support.mozilla.org/questions/1449203,,,,,,m:microsoftemail,,,,3,true,4.33,True,eric.gombrich
1449204,2024-06-06T15:12:37.650692Z,2024-06-06,en-US,troubleshooting,fix-problems;,michaelmuller,Thunderbird Not Responding,https://support.mozilla.org/questions/1449204,,,,,,,,,,9,true,0.41,False,
1449205,2024-06-06T15:14:28.564920Z,2024-06-06,en-US,other,other;,robroy019,This week my thunderbird stopped reading icloud emails,https://support.mozilla.org/questions/1449205,os:windows,,,,,,,proto:imap,,1,true,36.84,False,
1449206,2024-06-06T15:38:20.570678Z,2024-06-06,en-US,settings,customize;,perunskaya,"Schedule time when Thunderbird doesn't check for new mail, for each account",https://support.mozilla.org/questions/1449206,,,,,,,,,,4,true,3.63,True,MattAuSupport
1449207,2024-06-06T15:46:00.684208Z,2024-06-06,en-US,other,other;,dlbeard,Receiving my e-mails,https://support.mozilla.org/questions/1449207,,,,,,,,,,3,true,3.24,False,
1449210,2024-06-06T16:14:04.639709Z,2024-06-06,en-US,other,other;,carl28,"Thunderbird - When I move an email it does not go to the new folder, it disappears. Ctrl-Z (in the same session) will br",https://support.mozilla.org/questions/1449210,os:windows,,,,,m:microsoftemail,,,,4,true,35.82,False,
1449213,2024-06-06T16:23:04.442102Z,2024-06-06,en-US,troubleshooting,fix-problems;,ondra.moravec,Attachment size in terabits,https://support.mozilla.org/questions/1449213,os:windows,,,,,,,,,1,true,35.65,False,
1449215,2024-06-06T16:42:28.915967Z,2024-06-06,en-US,other,other;,gilles.garnier54,"files named ""...-1"" in imapmail : why, how to avoid ?",https://support.mozilla.org/questions/1449215,os:linux,,,,,,,,,1,true,2.58,True,sfhowes
1449217,2024-06-06T16:47:14.014564Z,2024-06-06,en-US,other,other;,marekkoubam,Unable to Add Gmail Account to Thunderbird 115.11.1 on macOS,https://support.mozilla.org/questions/1449217,os:macos,,,,,m:gmail,,proto:imap;proto:smtp;proto:oauth,,2,true,2.35,True,sfhowes
1449218,2024-06-06T16:53:45.964932Z,2024-06-06,it,other,other;,maurocomoglio1965,server imap password vrittate,https://support.mozilla.org/questions/1449218,,,,,,,,proto:imap,,5,true,9.51,False,
1449221,2024-06-06T17:18:35.853266Z,2024-06-06,en-US,settings,customize;,ljc13,Messages are bundled in threads now.  How to stop it?,https://support.mozilla.org/questions/1449221,,,,,,,,,,1,true,1.89,False,
1449224,2024-06-06T17:44:01.230443Z,2024-06-06,en-US,privacy-and-security,privacy-and-security_1;,tutorpb,Exporting Username and Passwords from Thunderbird (Again),https://support.mozilla.org/questions/1449224,,,,,,,,,,5,true,0.86,False,
1449225,2024-06-06T17:45:58.066404Z,2024-06-06,en-US,installation-and-updates,download-and-install_1;,m.dominguez,Inbox gets reset after fetching POP3 emails,https://support.mozilla.org/questions/1449225,,,,,,,,proto:pop,,0,false,,False,
1449226,2024-06-06T17:56:40.470666Z,2024-06-06,en-US,other,other;,MPOPS1,How to change my Thunderbird Password?,https://support.mozilla.org/questions/1449226,,,,,,,,,,1,true,1.02,False,
1449228,2024-06-06T18:23:21.850202Z,2024-06-06,en-US,settings,customize;,etta.koenig,spam vs. junk,https://support.mozilla.org/questions/1449228,,,,,,,,,,7,true,0.46,True,etta.koenig
1449229,2024-06-06T18:24:34.804984Z,2024-06-06,en-US,settings,customize;,sharpguy1,email - send and receive,https://support.mozilla.org/questions/1449229,,,,,,,,,,1,true,23.49,False,
1449230,2024-06-06T18:24:51.202343Z,2024-06-06,en-US,other,other;,colorcreations,accessing email on yahoo servers using thunderbird,https://support.mozilla.org/questions/1449230,,,,,,m:yahooemail,isp:cox,proto:pop,,1,true,0.52,False,
1449232,2024-06-06T19:19:01.742912Z,2024-06-06,en-US,other,other;,susun.m.wilkinson,email,https://support.mozilla.org/questions/1449232,,,,,,,,,,1,true,0.2,False,
1449233,2024-06-06T19:26:06.847318Z,2024-06-06,en-US,troubleshooting,fix-problems;,raymcdonald,Thunderbird locks up,https://support.mozilla.org/questions/1449233,os:windows,,,,,,,,,0,false,,False,
1449236,2024-06-06T19:35:52.424940Z,2024-06-06,en-US,other,other;,HilHof,my adress does not show in spam emails,https://support.mozilla.org/questions/1449236,,,,,,,,,,1,true,10.31,False,
1449238,2024-06-06T19:55:26.163631Z,2024-06-06,en-US,settings,customize;,mark342,Filter messages from unknown domains,https://support.mozilla.org/questions/1449238,,,,,,,,,,6,true,1.11,False,
1449242,2024-06-06T20:24:36.468226Z,2024-06-06,en-US,calendar,calendar;bug1855900;,dgeenen,"Thunderbird Calendar ""Find Events"" Has No Option To Search All Events (bug1855900)",https://support.mozilla.org/questions/1449242,os:windows,,,,,,,,,4,true,0.54,False,
1449246,2024-06-06T21:20:54.651638Z,2024-06-06,en-US,settings,customize;,tgmct,message filter wait function,https://support.mozilla.org/questions/1449246,,,,,,,,,,2,true,7.76,False,
1449247,2024-06-06T21:21:57.416374Z,2024-06-06,nl,troubleshooting,fix-problems;gmail;,elvandefliert27,Na update wordt er geen mail meer binnengehaald. Autherisatiefout geeft hij aan,https://support.mozilla.org/questions/1449247,,,,,,m:gmail,,,,1,true,8.78,False,
1449248,2024-06-06T21:29:01.803778Z,2024-06-06,en-US,settings,customize;,tgmct,Allow remote content in messages - global selection,https://support.mozilla.org/questions/1449248,,,,,,m:gmail,isp:optimum,,,6,true,7.55,False,
1449249,2024-06-06T22:03:31.372105Z,2024-06-06,en-US,settings,customize;,jeana.lynde,Copy/paste not operating as expected.,https://support.mozilla.org/questions/1449249,,,,,,,,,,0,false,,False,
1449253,2024-06-06T22:52:46.997234Z,2024-06-06,en-US,installation-and-updates,download-and-install_1;,steins,Thunderbird Upgrade?,https://support.mozilla.org/questions/1449253,,,,,,,,,,1,true,2.38,False,
1449256,2024-06-06T23:27:20.229701Z,2024-06-06,en-US,other,other;,jpetzing,Large draft message GONE,https://support.mozilla.org/questions/1449256,,,,,,,,,,2,true,0.38,True,MattAuSupport
1449257,2024-06-06T23:29:52.603196Z,2024-06-06,en-US,installation-and-updates,download-and-install_1;,simonsdash,Why does CSV import ask for an address book FILE to be chosen from a file dialog?,https://support.mozilla.org/questions/1449257,os:windows,,,,,,,,,4,true,0.26,True,MattAuSupport
1449260,2024-06-06T23:53:11.798652Z,2024-06-06,en-US,other,other;,dasmit,All Emails I send are underllined with RED,https://support.mozilla.org/questions/1449260,,,,,,,,,,1,true,1.22,False,
1449265,2024-06-07T01:31:40.943934Z,2024-06-07,en-US,other,other;,ferguson_1950,Email issues - unable to receive,https://support.mozilla.org/questions/1449265,,,,,,,,,,5,true,0.29,False,
1449269,2024-06-07T04:50:41.242172Z,2024-06-07,en-US,troubleshooting,fix-problems;,MikeF48,Cannot send or receive GMail messages in Thunderbird,https://support.mozilla.org/questions/1449269,,,,,,m:gmail;m:yahooemail,,proto:imap;proto:smtp;proto:oauth,,5,true,19.18,True,MattAuSupport
1449272,2024-06-07T05:23:59.345401Z,2024-06-07,en-US,privacy-and-security,privacy-and-security_1;,rodbruce0,"TB how to delete the 'default' setting on one account (yes, yet again!)",https://support.mozilla.org/questions/1449272,,,,,,m:gmail,,proto:smtp;proto:pop,,7,true,6.63,True,davidsk
1449273,2024-06-07T05:48:30.180984Z,2024-06-07,en-US,privacy-and-security,privacy-and-security_1;,AJHunt2870,"Thunderbird won't allow access to ""live.thunderbird.net"" or ""addons.thunderbird.net"".",https://support.mozilla.org/questions/1449273,,,,,,,,,,5,true,18.33,True,MattAuSupport
1449275,2024-06-07T06:57:50.429824Z,2024-06-07,en-US,other,other;,erniemink,Thunderbird will NOT allow Xfinity/Comcast webmail to be added successfully,https://support.mozilla.org/questions/1449275,,,,,,m:gmail;m:microsoftemail,isp:comcast,,,1,true,8.41,False,
1449276,2024-06-07T07:32:53.965114Z,2024-06-07,en-US,other,other;,iamkarlson,Show notifications window in wayland in a smaller screen,https://support.mozilla.org/questions/1449276,,,,,,,,,,0,false,,False,
1449278,2024-06-07T09:39:56.553492Z,2024-06-07,en-US,other,other;,nimaswt,Outh2 Saved Password entries removed automatically after few months.,https://support.mozilla.org/questions/1449278,,,,,,,,,,1,true,14.57,False,
1449279,2024-06-07T10:25:46.369341Z,2024-06-07,en-US,other,other;,lakrsrool,Thunderbird hangs on 'checking password' when adding a new email Yahoo account on standard windows 10,https://support.mozilla.org/questions/1449279,os:windows,,,,,m:yahooemail,,,,1,true,3.73,False,
1449283,2024-06-07T11:36:18.233730Z,2024-06-07,en-US,other,other;,btwalker,Cannot find a Folder in Thunderbird.,https://support.mozilla.org/questions/1449283,os:windows,,,,,,,,,5,true,0.34,False,
1449284,2024-06-07T11:37:47.590885Z,2024-06-07,es,other,other;,juliocesargoku,¿Como minimizar thunderbird linux a la bandeja del sistema?,https://support.mozilla.org/questions/1449284,os:linux,,,,,,,,,4,true,34.03,False,
1449290,2024-06-07T12:11:50.941517Z,2024-06-07,en-US,troubleshooting,fix-problems;,judithdyer,not getting my emails,https://support.mozilla.org/questions/1449290,,,,,,,,,,1,true,11.77,False,
1449292,2024-06-07T12:20:11.389155Z,2024-06-07,en-US,troubleshooting,fix-problems;,judithdyer,not getting my emails,https://support.mozilla.org/questions/1449292,,,,,,,,,,1,true,11.64,False,
1449294,2024-06-07T12:29:52.480043Z,2024-06-07,en-US,troubleshooting,fix-problems;,judithdyer,lack of emails,https://support.mozilla.org/questions/1449294,,,,,,,,,,2,true,11.48,False,
1449296,2024-06-07T12:58:51.480791Z,2024-06-07,en-US,privacy-and-security,privacy-and-security_1;,ramartin1,Mac Thunderbird connecting with M365,https://support.mozilla.org/questions/1449296,os:macos,,,,,,,,,0,false,,False,
1449297,2024-06-07T13:02:41.235219Z,2024-06-07,en-US,troubleshooting,fix-problems;,colman2,Emails,https://support.mozilla.org/questions/1449297,,,,,,,,,,1,true,1.12,False,
1449300,2024-06-07T14:00:21.109142Z,2024-06-07,it,other,other;,fioriefoto42,donazioni,https://support.mozilla.org/questions/1449300,,,,,,m:gmail,,,,1,true,0.57,False,
1449302,2024-06-07T14:33:38.560102Z,2024-06-07,en-US,other,other;,apesbrain,How to delete Thunderbird offline email storage,https://support.mozilla.org/questions/1449302,,,,,,,,,,2,true,2.0,True,davidsk
1449303,2024-06-07T14:49:10.792723Z,2024-06-07,en-US,other,other;,a.baker736,How can I put my home address at the bottom of my emails automatically?,https://support.mozilla.org/questions/1449303,,,,,,,,,,3,true,1.16,True,davidsk
1449306,2024-06-07T15:00:53.329886Z,2024-06-07,en-US,other,other;,linda130,TB incoming message going immediately to Junk before I can read it. I've got it whitelisted on my server,https://support.mozilla.org/questions/1449306,,,,,,,,,,4,true,0.87,True,linda130
1449308,2024-06-07T15:20:00.653481Z,2024-06-07,en-US,other,other;,dwmusic,How to whitelist a trusted email address going to Junk,https://support.mozilla.org/questions/1449308,,,,,,,,,,7,true,0.12,True,MattAuSupport
1449311,2024-06-07T15:43:26.647518Z,2024-06-07,en-US,troubleshooting,fix-problems;,brec,File menu Close command and Cmd-W inop on Inbox window,https://support.mozilla.org/questions/1449311,os:macos,,,,,,,,,0,false,,False,
1449312,2024-06-07T15:55:18.871674Z,2024-06-07,en-US,settings,customize;,storyworks,Make a folder a favorite when created,https://support.mozilla.org/questions/1449312,,,,,,,,,,2,true,9.58,False,
1449315,2024-06-07T16:14:56.223875Z,2024-06-07,en-US,other,other;,wkagc21m2iyf,I get new email notification when I'm not logged in,https://support.mozilla.org/questions/1449315,,,,,,,,,,2,true,7.31,False,
1449317,2024-06-07T16:31:33.014302Z,2024-06-07,en-US,settings,customize;,Matteo,"""Unread"" filter not being realtime",https://support.mozilla.org/questions/1449317,,,,,,,,,,4,true,7.88,True,MattAuSupport
1449318,2024-06-07T16:40:10.425671Z,2024-06-07,en-US,installation-and-updates,download-and-install_1;,apiarx,Thunderbird disappeared while I was trying to move data from C: to D:,https://support.mozilla.org/questions/1449318,,,,,,,,,,7,true,0.77,False,
1449319,2024-06-07T16:56:24.827831Z,2024-06-07,en-US,calendar,calendar;,shaemuski,"Unnessessary ""ending time"" included in ""monthly grid"" date boxes when calendar is printed.",https://support.mozilla.org/questions/1449319,,,,,,,,,,0,false,,False,
1449323,2024-06-07T17:14:17.640392Z,2024-06-07,en-US,other,other;,ladymousepilot,Something is wrong,https://support.mozilla.org/questions/1449323,,,,,,,,proto:pop,,3,true,0.58,False,
1449324,2024-06-07T17:35:09.102174Z,2024-06-07,en-US,troubleshooting,fix-problems;,niceseeingyou,"Every-time I open up Thunderbird e-mail Version 115.11.1 (64-bit), it pops open a box wanting me to enter my password",https://support.mozilla.org/questions/1449324,os:windows,,,,,m:microsoftemail,,,,5,true,0.17,True,niceseeingyou
1449325,2024-06-07T18:12:31.221663Z,2024-06-07,en-US,other,other;,thorich,Thunderbird,https://support.mozilla.org/questions/1449325,,,,,,,,,,3,true,6.15,False,
1449327,2024-06-07T18:27:18.553131Z,2024-06-07,en-US,other,other;,Franklin.Siegrist,Messages saved to one folder in Local Folders is missing all messages older than 2/14/2014,https://support.mozilla.org/questions/1449327,os:windows,,,,,m:gmail,,proto:pop,,0,false,,False,
1449329,2024-06-07T19:17:12.133458Z,2024-06-07,en-US,other,other;,oamfuchs,Unread Messages on Web may be Read Messages in Thunderbird,https://support.mozilla.org/questions/1449329,,,,,,,,,,3,true,5.04,False,
1449332,2024-06-07T19:49:43.412837Z,2024-06-07,en-US,privacy-and-security,privacy-and-security_1;,benogoldman,Sign in to google workspace account with external 2FA,https://support.mozilla.org/questions/1449332,,,,,,m:gmail,,,,1,true,56.5,False,
1449333,2024-06-07T20:03:57.267769Z,2024-06-07,en-US,troubleshooting,fix-problems;,drjvs,"Optimum SMTP rejecting one account's ""sent"" email as spam",https://support.mozilla.org/questions/1449333,,,,,,m:microsoftemail,isp:optimum,proto:smtp,,1,true,3.37,False,
1449335,2024-06-07T20:28:03.438460Z,2024-06-07,en-US,installation-and-updates,download-and-install_1;,advenosa,Extra sections to email messages I don't want,https://support.mozilla.org/questions/1449335,,,,,,,isp:spectrum,,,3,true,2.83,False,
1449336,2024-06-07T20:29:16.817071Z,2024-06-07,en-US,other,other;,mcintoshbear,"Folder ""popstate-1.dat"" Under Email Account",https://support.mozilla.org/questions/1449336,,,,,,,,,,7,true,5.04,False,
1449337,2024-06-07T20:31:19.999520Z,2024-06-07,en-US,other,other;,izzonancy377,my emails,https://support.mozilla.org/questions/1449337,,,,,,,,,,1,true,3.77,False,
1449338,2024-06-07T20:55:16.596087Z,2024-06-07,en-US,other,other;,djkblueline,receiving e-mail,https://support.mozilla.org/questions/1449338,,,,,,,,,,1,true,3.38,False,
1449347,2024-06-08T00:02:29.000333Z,2024-06-08,en-US,other,other;,wkagc21m2iyf,Update failed.  Download the latest version.,https://support.mozilla.org/questions/1449347,,,,,,m:gmail,,,,1,true,0.24,False,
1449355,2024-06-08T03:54:42.894639Z,2024-06-08,en-US,other,other;,margann.2742,"can't get or send emails, panel on bottom of inbox page says ""Checking mail server capabilities""",https://support.mozilla.org/questions/1449355,,,,,,,,proto:smtp,,1,true,0.03,False,
1449358,2024-06-08T04:18:28.732738Z,2024-06-08,en-US,troubleshooting,fix-problems;,geodave50,Thunderbird & CPU,https://support.mozilla.org/questions/1449358,,,,,,,,,,2,true,3.24,False,
1449361,2024-06-08T09:06:37.684596Z,2024-06-08,en-US,settings,customize;,webby2019,Badge count for starred search folder,https://support.mozilla.org/questions/1449361,,,,,,,,,,0,false,,False,
1449365,2024-06-08T10:21:18.284045Z,2024-06-08,en-US,other,other;,jane.ellegaard,Thunderbird - mails,https://support.mozilla.org/questions/1449365,,,,,,,,proto:smtp,,1,true,3.84,False,
1449368,2024-06-08T11:49:49.549939Z,2024-06-08,en-US,other,other;,mjbolin,IP Address Temporarily Blacklisted,https://support.mozilla.org/questions/1449368,,,,,,,isp:comcast,,,5,true,2.27,True,mjbolin
1449371,2024-06-08T12:44:41.916870Z,2024-06-08,en-US,troubleshooting,fix-problems;,britsportscar,Thunderbird crashes @ msvcp140.dll | ocoverlays.dll when saving any attachment - OK until 2 days ago.,https://support.mozilla.org/questions/1449371,,,,,,,,,,2,true,9.06,False,
1449377,2024-06-08T14:33:43.812217Z,2024-06-08,en-US,troubleshooting,fix-problems;,rg.mccormick43,Error Message,https://support.mozilla.org/questions/1449377,,,,,,m:gmail,,proto:imap,,1,true,6.98,False,
1449382,2024-06-08T15:46:11.739152Z,2024-06-08,en-US,email-and-messaging,desktop;download-and-install_1;needsinfo;windows-11;,jimitou,"THUNDERBIRD  DISSDAPPEARED FROM TRAILER , HAVE NO ACCESS",https://support.mozilla.org/questions/1449382,os:windows,Windows 11,,,,,,,,1,true,3.7,False,
1449385,2024-06-08T16:58:02.635136Z,2024-06-08,en-US,other,other;,aschwar1309,Setup hangs with checking password on existing account,https://support.mozilla.org/questions/1449385,os:windows,,,,,,,proto:imap,,1,true,4.53,False,
1449387,2024-06-08T17:32:10.519486Z,2024-06-08,en-US,other,linux;other;,matej.kovacic,Maximum number of connections from user+IP exceeded ???,https://support.mozilla.org/questions/1449387,,,,,,,,,,3,true,3.93,True,matej.kovacic
1449389,2024-06-08T18:00:34.514028Z,2024-06-08,en-US,other,other;,LarsS,thunderbird email only types half a line then wraps to next line,https://support.mozilla.org/questions/1449389,,,,,,,,,,1,true,1.05,False,
1449392,2024-06-08T18:58:05.688544Z,2024-06-08,en-US,other,other;,cm.beck,New messages to 1 account will also end up in inbox of another account,https://support.mozilla.org/questions/1449392,,,,,,,,,,4,true,0.4,False,
1449397,2024-06-08T20:32:03.134333Z,2024-06-08,en-US,other,other;,kmhasselbalch,Thunderbird mail,https://support.mozilla.org/questions/1449397,,,,,,,,,,5,true,29.96,False,
1449400,2024-06-08T21:39:06.484266Z,2024-06-08,en-US,troubleshooting,fix-problems;,paul92,Unified folder playing peek-a-boo,https://support.mozilla.org/questions/1449400,,,,,,,,,,17,true,17.6,True,paul92
1449404,2024-06-09T00:14:53.634538Z,2024-06-09,en-US,other,other;,captdarrylbrandon,Android,https://support.mozilla.org/questions/1449404,,,,,,,,,,2,true,14.29,True,TyDraniu
1449410,2024-06-09T01:16:27.450572Z,2024-06-09,en-US,other,other;,mefairfld,I can't add my schcool account to Thunderbird.,https://support.mozilla.org/questions/1449410,,,,,,,,,,1,true,18.79,False,
1449412,2024-06-09T02:14:45.236388Z,2024-06-09,en-US,other,other;,photos5,HTLM Info Added to a Forwarded Email Message,https://support.mozilla.org/questions/1449412,os:macos,,macos:sonoma,,,,,,,2,true,15.0,False,
1449413,2024-06-09T02:26:05.356837Z,2024-06-09,en-US,other,other;,photos5,HTML Test Prepened on Thunderbird forwarded message RESEND,https://support.mozilla.org/questions/1449413,os:macos,,macos:sonoma,,,,,,,5,true,14.8,False,
1449416,2024-06-09T03:17:07.333864Z,2024-06-09,en-US,other,other;,ferguson_1950,Send Receive Emails,https://support.mozilla.org/questions/1449416,,,,,,,,,,1,true,23.02,False,
1449417,2024-06-09T03:31:18.539846Z,2024-06-09,en-US,other,other;,gandvday,Thunderbird Beta - Can emails opened in a message window be resized so the text matches the width of the window?,https://support.mozilla.org/questions/1449417,,,,,,,,,,2,true,10.33,False,
1449421,2024-06-09T06:19:30.146851Z,2024-06-09,en-US,calendar,calendar;,jason57,How-To automate exporting a calendar under Thunderbird with Shell Script on macOS?,https://support.mozilla.org/questions/1449421,os:macos,,,,,,,,,1,true,20.21,False,
1449424,2024-06-09T08:52:25.857392Z,2024-06-09,it,troubleshooting,fix-problems;needsinfo;,info5120,ERRORE DEL SERVER SMTP durante invio messaggi <br<,https://support.mozilla.org/questions/1449424,,,,,,,,proto:smtp,,1,true,0.5,False,
1449426,2024-06-09T09:12:42.308034Z,2024-06-09,en-US,other,other;,randdwood07,spread sheet: How do I print the lines on a spreadsheet?   EMAILS; Can I create groups?,https://support.mozilla.org/questions/1449426,,,,,,,,,,1,true,4.72,False,
1449436,2024-06-09T13:23:20.320886Z,2024-06-09,en-US,installation-and-updates,download-and-install_1;,theoasis_1,Unable to migrate as usual,https://support.mozilla.org/questions/1449436,,,,,,,,,,19,true,0.22,True,theoasis_1
1449437,2024-06-09T13:40:40.980767Z,2024-06-09,en-US,settings,customize;,aj448,Inboxes inconsistently scrolling to show newmessages,https://support.mozilla.org/questions/1449437,,,,,,,,,,0,false,,False,
1449439,2024-06-09T15:00:36.955067Z,2024-06-09,en-US,other,other;,hrsweet3,Outgoing email blocked as spam,https://support.mozilla.org/questions/1449439,,,,,,,,,,11,true,2.18,False,
1449441,2024-06-09T15:49:56.188569Z,2024-06-09,en-US,other,other;,hccsc005,"Trash and Junk not showing in TB 115.11.1, but is showing on server",https://support.mozilla.org/questions/1449441,,,,,,,,,,17,true,3.96,True,hccsc005
1449443,2024-06-09T16:57:55.875611Z,2024-06-09,en-US,troubleshooting,fix-problems;,janetc1,sending email error,https://support.mozilla.org/questions/1449443,,,,,,,,proto:smtp,,2,true,0.34,False,
1449449,2024-06-09T18:03:26.124721Z,2024-06-09,nl,other,other;,jacschreurs,Gezamenlijk adresboek,https://support.mozilla.org/questions/1449449,,,,,,,,,,1,true,16.32,False,
1449453,2024-06-09T20:38:24.706755Z,2024-06-09,en-US,other,other;,anna.ceguerra,Sync issues,https://support.mozilla.org/questions/1449453,,,,,,,,,,4,true,0.76,False,
1449455,2024-06-09T22:31:58.632120Z,2024-06-09,en-US,troubleshooting,fix-problems;,viperc,Thunderbird Error: [AUTH] Temporarily blacklisted IP Address - try again later,https://support.mozilla.org/questions/1449455,,,,,,m:gmail,isp:comcast;isp:optimum,,,5,true,2.03,False,
1449474,2024-06-10T07:05:37.691868Z,2024-06-10,it,privacy-and-security,privacy-and-security_1;needsinfo;,info11453,ACCESSO,https://support.mozilla.org/questions/1449474,,,,,,,,,,1,true,0.61,False,
1449477,2024-06-10T08:30:23.402892Z,2024-06-10,en-US,other,other;,g4ugm,Usenet Subscriptions Lost after Windows Crash,https://support.mozilla.org/questions/1449477,,,,,,,,,,0,false,,False,
1449481,2024-06-10T09:16:13.445553Z,2024-06-10,en-US,troubleshooting,fix-problems;,rolingmetal,moving mail marked as junk to the spam folder,https://support.mozilla.org/questions/1449481,,,,,,,,proto:imap,,0,false,,False,
1449482,2024-06-10T09:26:23.177485Z,2024-06-10,nl,other,other;needsinfo;,henkvanlobberegt,kan mail niet verzenden,https://support.mozilla.org/questions/1449482,,,,,,,,,,3,true,1.03,False,
1449483,2024-06-10T09:45:49.253945Z,2024-06-10,en-US,other,other;,SonOfEru,"REPLY ALL sometimes goes out as if one of the other recipients sent it, not me",https://support.mozilla.org/questions/1449483,,,,,,m:gmail,,,,1,false,,False,
1449484,2024-06-10T09:54:59.041306Z,2024-06-10,nl,privacy-and-security,privacy-and-security_1;,marcel53,Geblokkeerde inhoud bij Thunderbird,https://support.mozilla.org/questions/1449484,,,,,,,,,,1,true,101.69,False,
1449486,2024-06-10T10:30:52.721473Z,2024-06-10,en-US,installation-and-updates,download-and-install_1;,homeimprovements2,setup acc on new pc.,https://support.mozilla.org/questions/1449486,,,,,,,,proto:imap,,0,false,,False,
1449489,2024-06-10T11:07:25.864692Z,2024-06-10,en-US,other,other;,giovanni31,Panel message list all field blank except date. Body as source,https://support.mozilla.org/questions/1449489,os:linux,,,,,,,,,0,false,,False,
1449492,2024-06-10T12:24:29.712290Z,2024-06-10,en-US,other,other;,parsons.tim,The Message Selection checkbox column,https://support.mozilla.org/questions/1449492,,,,,,,,,,0,false,,False,
1449493,2024-06-10T12:29:00.820430Z,2024-06-10,en-US,privacy-and-security,privacy-and-security_1;,billhague,TB warning,https://support.mozilla.org/questions/1449493,,,,,,,,,,1,true,1.45,False,
1449495,2024-06-10T12:48:48.989857Z,2024-06-10,it,other,other;,emainformatica,"Posizione cartella inviata in bianco, impossibile da aggiornare campo protetto",https://support.mozilla.org/questions/1449495,,,,,,,,,,4,true,1.2,False,
1449496,2024-06-10T13:07:11.241358Z,2024-06-10,en-US,installation-and-updates,mobile;download-and-install_1;,Jamesrsamec41,How do I move my Thunderbird system to the new computer I have?,https://support.mozilla.org/questions/1449496,,,,,,,,,,1,true,4.82,False,
1449497,2024-06-10T13:29:55.907437Z,2024-06-10,en-US,other,other;,billhague,Follow up on previous message,https://support.mozilla.org/questions/1449497,,,,,,,,,av:malwarebytes;av:norton;av:defender,2,true,0.35,False,
1449500,2024-06-10T13:57:43.941747Z,2024-06-10,en-US,troubleshooting,fix-problems;,cc4yfjxzv5,Email not working at all,https://support.mozilla.org/questions/1449500,,,,,,,,,,0,false,,False,
1449501,2024-06-10T13:57:53.189400Z,2024-06-10,en-US,troubleshooting,fix-problems;,gasgasgreg,"Slow/Delayed sending of emails once Send pressed  4 - 10+ seconds. New server, GoDaddy!",https://support.mozilla.org/questions/1449501,,,,,,m:microsoftemail,,,av:defender,0,false,,False,
1449502,2024-06-10T13:59:25.556324Z,2024-06-10,en-US,other,other;,fioclowd,access to bt email  .My password not accepted..Why?,https://support.mozilla.org/questions/1449502,,,,,,,isp:btinternet,,,0,false,,False,
1449509,2024-06-10T15:07:02.777450Z,2024-06-10,en-US,other,other;,ioannis.kyriakidis,Entra ID Conditional Access is blocking Thunderbird Oauth2 Login,https://support.mozilla.org/questions/1449509,os:macos,,,,,m:microsoftemail,,proto:oauth,,0,false,,False,
1449514,2024-06-10T16:20:33.487011Z,2024-06-10,en-US,troubleshooting,fix-problems;,Einvlieger,Can't Send or Receive Email After Update May 2024,https://support.mozilla.org/questions/1449514,,,,,,,,proto:smtp,,1,false,,False,
1449515,2024-06-10T16:24:23.433494Z,2024-06-10,en-US,troubleshooting,fix-problems;,paul92,Blank 12/31/1969 emails and Archive folder,https://support.mozilla.org/questions/1449515,,,,,,,,,,0,false,,False,
1449518,2024-06-10T16:37:28.865413Z,2024-06-10,en-US,other,other;,grm1943,Can't receive/send email,https://support.mozilla.org/questions/1449518,,,,,,m:gmail;m:microsoftemail;m:yahooemail,isp:att;isp:spectrum,,,1,true,1.21,False,
1449520,2024-06-10T16:43:04.976017Z,2024-06-10,en-US,other,other;,elliotcramer,proble  with thunderbird message,https://support.mozilla.org/questions/1449520,,,,,,,,,,1,true,2.25,False,
1449524,2024-06-10T17:40:48.988696Z,2024-06-10,en-US,settings,customize;,brookse321,Subfolders Expanding Too Quickly On Mouse Hover Over Main Folder *Still* A Problem,https://support.mozilla.org/questions/1449524,,,,,,,,,,0,false,,False,
1449525,2024-06-10T18:21:02.479775Z,2024-06-10,en-US,installation-and-updates,download-and-install_1;,stantona,Cannot make account with Yahoo in Thunderbird,https://support.mozilla.org/questions/1449525,,,,,,m:yahooemail,isp:cox,,,3,true,0.6,False,
1449527,2024-06-10T18:37:56.311552Z,2024-06-10,en-US,privacy-and-security,privacy-and-security_1;,rkerkham40,Why after 12 months did you ask for access to my google account?,https://support.mozilla.org/questions/1449527,,,,,,,,,,1,true,0.29,False,
1449529,2024-06-10T19:14:47.954095Z,2024-06-10,en-US,troubleshooting,fix-problems;,tedpritchard2,Cursor jumps to Subject line while writing email message,https://support.mozilla.org/questions/1449529,,,,,,,,,,0,false,,False,
1449530,2024-06-10T19:15:11.856419Z,2024-06-10,en-US,troubleshooting,fix-problems;,tony.hager,connection problems,https://support.mozilla.org/questions/1449530,,,,,,,,,,2,true,0.15,False,
1449532,2024-06-10T19:36:22.711566Z,2024-06-10,en-US,installation-and-updates,download-and-install_1;,drw333ster,Unable to connect to your IMAP server,https://support.mozilla.org/questions/1449532,os:windows,,,,,,,proto:imap,,0,false,,False,
1449536,2024-06-10T20:50:17.505187Z,2024-06-10,en-US,other,other;,theoasis_1,Folders not showing in Folder Tree,https://support.mozilla.org/questions/1449536,,,,,,m:gmail;m:microsoftemail,isp:spectrum,,,1,false,,True,theoasis_1
1449543,2024-06-10T21:36:09.556240Z,2024-06-10,en-US,troubleshooting,fix-problems;,gruiva,Thunderbird has only preview but missing actual message,https://support.mozilla.org/questions/1449543,,,,,,,,,,0,false,,False,
1449544,2024-06-10T21:41:02.555640Z,2024-06-10,en-US,other,other;,dougyelland,lost password,https://support.mozilla.org/questions/1449544,,,,,,,,,,1,true,147.74,False,
1449548,2024-06-10T22:25:17.429547Z,2024-06-10,en-US,other,other;,katewill,thunderbird sent folder not showing emails sent from my iphone or ipad,https://support.mozilla.org/questions/1449548,os:windows,,,,,m:microsoftemail,,,,0,false,,False,
1449550,2024-06-10T22:39:16.062597Z,2024-06-10,en-US,settings,customize;,bgroves,"Thunderbird is grouping my inbox mail by Today, Last 7 days,Last 14 day and Older",https://support.mozilla.org/questions/1449550,,,,,,,,,,1,true,105.01,False,
1449551,2024-06-10T22:42:01.697108Z,2024-06-10,en-US,other,other;,jmwest1,Thunderbird email stopped,https://support.mozilla.org/questions/1449551,,,,,,,isp:shaw,,,0,false,,False,
1449554,2024-06-10T23:50:02.781399Z,2024-06-10,en-US,troubleshooting,fix-problems;,mark.moore2,How To: Recover Profile After Crash - Unable to open the folder Inbox because it is in use by some other operation.,https://support.mozilla.org/questions/1449554,os:windows,,,,,,,,,3,true,3638.59,False,
1449557,2024-06-11T01:06:18.577233Z,2024-06-11,en-US,other,other;,jimriley1,email,https://support.mozilla.org/questions/1449557,,,,,,,,,,0,false,,False,
1449560,2024-06-11T02:12:30.673049Z,2024-06-11,en-US,other,other;,MarathonToo,"F.Y.I.:  Charter / Spectrum ""dropped"" Thunderbird",https://support.mozilla.org/questions/1449560,os:linux,,,,,m:microsoftemail,isp:spectrum,,,1,true,8.46,False,
1449567,2024-06-11T06:20:47.127856Z,2024-06-11,cs,other,other;,elbeduard,Chyba zobrazení vybraného emailu.,https://support.mozilla.org/questions/1449567,,,,,,,,proto:imap,,1,false,,False,
1449568,2024-06-11T07:01:29.363531Z,2024-06-11,en-US,troubleshooting,fix-problems;,pbate,problems when printing emails to printer,https://support.mozilla.org/questions/1449568,,,,,,,,,,0,false,,False,
1449569,2024-06-11T08:12:13.205062Z,2024-06-11,en-US,other,other;,janskarvall,Thunderbird CardDAV address book synchronization fails when VCARD contains custom property,https://support.mozilla.org/questions/1449569,os:linux,,,,,,,proto:carddav,,1,false,,False,
1449570,2024-06-11T08:23:15.414504Z,2024-06-11,it,installation-and-updates,download-and-install_1;,alekonn3t,migrazione versione / importazione,https://support.mozilla.org/questions/1449570,,,,,,,,proto:pop,,3,true,22.71,True,'@next
1449571,2024-06-11T08:56:00.855889Z,2024-06-11,nl,privacy-and-security,privacy-and-security_1;,mmavanwensveen,thunderbird unwanted mails,https://support.mozilla.org/questions/1449571,,,,,,,,,,1,true,2.78,False,
1449573,2024-06-11T09:30:39.702851Z,2024-06-11,tr,calendar,calendar;,alibicer1987,Thunderbird - Yeni Görev Oluşturma ve Oluşturulan Göreve Katılımcı Ekleme,https://support.mozilla.org/questions/1449573,,,,,,,,,,1,true,1.33,False,
1449574,2024-06-11T09:46:52.261055Z,2024-06-11,nl,installation-and-updates,download-and-install_1;,info11458,E-mailadres  activeren in Thunderbird.,https://support.mozilla.org/questions/1449574,,,,,,,,,,1,true,3.21,False,
1449575,2024-06-11T10:23:05.837519Z,2024-06-11,it,installation-and-updates,download-and-install_1;,a.delcorto,Configurare Thunderbird come semplice contenitore di file Mbox (gmail) per consultazione (traccia storica),https://support.mozilla.org/questions/1449575,,,,,,m:gmail,,,,1,true,20.75,False,
1449576,2024-06-11T10:36:04.342590Z,2024-06-11,en-US,settings,customize;,arddix2,Thunderbird ignores themes on Plasma - wayland,https://support.mozilla.org/questions/1449576,,,,,,,,,,0,false,,False,
1449580,2024-06-11T10:53:07.145571Z,2024-06-11,en-US,settings,customize;,minemoversk,Filter or Addon on emails delivered by odd and even time,https://support.mozilla.org/questions/1449580,,,,,,,,,,0,false,,False,
1449581,2024-06-11T11:16:45.967311Z,2024-06-11,it,other,other;needsinfo;,rena.inno,autenticazione server smtp.office365.com non riuscita,https://support.mozilla.org/questions/1449581,,,,,,m:microsoftemail,,proto:smtp;proto:oauth,,1,true,19.88,False,
1449583,2024-06-11T11:33:40.885039Z,2024-06-11,en-US,other,other;,dclifton2222,Emails not downloading to my email account,https://support.mozilla.org/questions/1449583,,,,,,,,,,0,false,,False,
1449584,2024-06-11T11:38:50.200980Z,2024-06-11,en-US,settings,customize;,adam.jan.piotrowski,userChrome not working,https://support.mozilla.org/questions/1449584,os:macos,,,,,,,,,2,true,1.34,False,
1449588,2024-06-11T13:13:36.212652Z,2024-06-11,nl,installation-and-updates,download-and-install_1;,javadelu,Hoe maak ik een 2e account aan?,https://support.mozilla.org/questions/1449588,,,,,,,,,,1,true,0.55,False,
1449590,2024-06-11T14:31:16.175786Z,2024-06-11,en-US,privacy-and-security,privacy-and-security_1;,jbugler,Change of Email Addess,https://support.mozilla.org/questions/1449590,,,,,,m:gmail,,,,1,true,88.0,False,
1449595,2024-06-11T15:42:37.483987Z,2024-06-11,en-US,settings,customize;,marwiz,Thunderbird 115.11.1 Sent file suddenly stoped keeping copies,https://support.mozilla.org/questions/1449595,,,,,,,,,,1,false,,True,marwiz
1449600,2024-06-11T17:05:16.274894Z,2024-06-11,en-US,settings,customize;,gert.winterhalter.de,thunderbird,https://support.mozilla.org/questions/1449600,,,,,,,,,,1,true,1.89,False,
1449603,2024-06-11T17:48:36.403490Z,2024-06-11,en-US,installation-and-updates,download-and-install_1;,smscott2,no access to my mozilla thunderbird account from my previous computer,https://support.mozilla.org/questions/1449603,,,,,,,isp:comcast,proto:imap;proto:oauth,,1,true,1.16,False,
1449604,2024-06-11T17:51:12.054102Z,2024-06-11,pt-BR,other,other;,gabrielrubensdeps,Emails e caixa de entrada,https://support.mozilla.org/questions/1449604,,,,,,,,,,0,false,,False,
1449606,2024-06-11T19:39:55.435394Z,2024-06-11,en-US,installation-and-updates,download-and-install_1;,jelliott,Migrate from Outlook 2013 to Thunderbird,https://support.mozilla.org/questions/1449606,,,,,,m:microsoftemail,,,,1,true,7.54,False,
1449608,2024-06-11T19:54:32.948245Z,2024-06-11,en-US,troubleshooting,fix-problems;,h.hueniger,Messages cannot be stored in the Sent folder,https://support.mozilla.org/questions/1449608,,,,,,m:gmail,,proto:imap;proto:smtp;proto:oauth,,1,true,7.27,False,
1449611,2024-06-11T20:37:35.793388Z,2024-06-11,en-US,installation-and-updates,download-and-install_1;,russell.johnson67,Exporting from a beta version to a stable release,https://support.mozilla.org/questions/1449611,,,,,,,,,,4,true,38.45,True,wsmwk
1449612,2024-06-11T20:39:44.036492Z,2024-06-11,en-US,other,other;,marrie12,KEYBOARD WAY TO REARRANGE EMAIL ACCOUNTS,https://support.mozilla.org/questions/1449612,,,,,,,,,,4,true,30.86,False,
1449617,2024-06-11T21:23:32.635848Z,2024-06-11,en-US,other,other;,katharinecipolla,local POP and web-based IMAP.,https://support.mozilla.org/questions/1449617,,,,,,,,proto:imap;proto:pop,,1,true,81.11,False,
1449618,2024-06-11T21:29:01.831068Z,2024-06-11,en-US,other,other;,livernois3,Thunderbird Unified Folders Will Not Appear - 115.11.1 (32-bit),https://support.mozilla.org/questions/1449618,os:windows,,,,,,,,,14,true,81.01,False,
1449620,2024-06-11T21:45:40.986587Z,2024-06-11,en-US,other,other;,202ceres,Order of Displaying Emails,https://support.mozilla.org/questions/1449620,,,,,,,,,,1,true,80.67,False,
1449621,2024-06-11T22:11:26.268993Z,2024-06-11,cs,settings,customize;,mschafer,řazení pošty v Thunderbird 115.5.2,https://support.mozilla.org/questions/1449621,,,,,,,,,,2,true,1.33,False,
1449625,2024-06-11T23:54:09.591411Z,2024-06-11,en-US,other,other;,Midnite1,Large ad on the right of Thunderbird 127,https://support.mozilla.org/questions/1449625,,,,,,,,,,1,true,27.59,False,
1449627,2024-06-12T00:26:54.174913Z,2024-06-12,en-US,troubleshooting,fix-problems;,mdhowell,Email not receiving or sending,https://support.mozilla.org/questions/1449627,,,,,,,,,,1,true,79.3,False,
1449629,2024-06-12T01:37:43.294766Z,2024-06-12,en-US,troubleshooting,fix-problems;,whatfamily,i can recieve emails but can't send,https://support.mozilla.org/questions/1449629,os:windows,,,,,,,,,1,true,76.77,False,
1449633,2024-06-12T02:54:46.903986Z,2024-06-12,en-US,other,other;,joanm48,Pasting Word document into email,https://support.mozilla.org/questions/1449633,,,,,,,,,,1,false,,False,
1449634,2024-06-12T03:48:38.363100Z,2024-06-12,en-US,calendar,calendar;,user272902229088899158778960861283971054330,How to customize 'Today' in the calendar,https://support.mozilla.org/questions/1449634,,,,,,,,,,0,false,,False,
1449638,2024-06-12T05:17:30.079272Z,2024-06-12,it,other,other;needsinfo;,studiomaurizio.fois,PROBLEMA CON POSA IN ARRIVO,https://support.mozilla.org/questions/1449638,,,,,,,,,,1,true,1.88,False,
1449640,2024-06-12T07:35:19.461540Z,2024-06-12,nl,settings,customize;,wl445566,"POP-e-mailaccounts bundelen , hoe ?",https://support.mozilla.org/questions/1449640,,,,,,,,proto:pop,,4,true,1.19,False,
1449641,2024-06-12T08:04:28.830014Z,2024-06-12,it,settings,customize;,logistica15,MESSAGGIO NON LETTO SU VARIE POSTAZIONI CON STESSO INDIRIZZO,https://support.mozilla.org/questions/1449641,,,,,,,,,,1,true,0.85,False,
1449648,2024-06-12T10:28:29.670693Z,2024-06-12,en-US,troubleshooting,fix-problems;,daddy.ricky,Timeout to/from imap.virginmedia.com server,https://support.mozilla.org/questions/1449648,,,,,,,,proto:imap,,1,true,67.91,False,
1449650,2024-06-12T11:21:43.768626Z,2024-06-12,en-US,other,other;,bozenaglajc,I don't have Send button on message window,https://support.mozilla.org/questions/1449650,os:macos,,macos:sonoma,,,,,,,2,true,4.68,True,davidsk
1449651,2024-06-12T11:24:52.135772Z,2024-06-12,en-US,troubleshooting,fix-problems;,spiridon1208,Missing profile,https://support.mozilla.org/questions/1449651,,,,,,,,,,3,true,66.95,False,
1449652,2024-06-12T11:30:29.694876Z,2024-06-12,en-US,other,other;,anyoneinracks,"Increase number of ""move to"" or ""copy to"" folders",https://support.mozilla.org/questions/1449652,,,,,,,,,,2,true,66.79,True,anyoneinracks
1449654,2024-06-12T11:38:55.622975Z,2024-06-12,en-US,installation-and-updates,download-and-install_1;,bubba101,export / import fails,https://support.mozilla.org/questions/1449654,os:windows,,,,,,,,,10,true,4.3,True,davidsk
1449656,2024-06-12T12:14:17.674305Z,2024-06-12,en-US,installation-and-updates,download-and-install_1;,christinamackenzie,"After uninstalling Thunderbird on my Mac and reinstalling, I've lost all my e-mails and address book and import doesn't ",https://support.mozilla.org/questions/1449656,os:macos,,macos:sonoma,,,,,,,0,false,,False,
1449660,2024-06-12T12:45:53.650499Z,2024-06-12,en-US,troubleshooting,fix-problems;,smith164,emails will not send,https://support.mozilla.org/questions/1449660,,,,,,,,,,1,true,3.33,False,
1449661,2024-06-12T12:56:55.499314Z,2024-06-12,en-US,privacy-and-security,privacy-and-security_1;,info11460,Google Anmeldungs Fenster,https://support.mozilla.org/questions/1449661,,,,,,,,,,6,true,1.93,True,sfhowes
1449669,2024-06-12T13:50:24.347175Z,2024-06-12,it,troubleshooting,fix-problems;,carlinierasmo42,Posta certificata,https://support.mozilla.org/questions/1449669,,,,,,,,,,1,true,0.69,False,
1449671,2024-06-12T13:56:04.132639Z,2024-06-12,en-US,troubleshooting,fix-problems;,pbl4him,junk filter,https://support.mozilla.org/questions/1449671,,,,,,,,,,4,true,107.46,False,
1449678,2024-06-12T14:43:33.743677Z,2024-06-12,en-US,other,other;,gaf.pedersen,Seting up my Gmail in Thunderbird fails,https://support.mozilla.org/questions/1449678,,,,,,m:gmail,,proto:imap;proto:smtp;proto:oauth,,2,true,63.52,False,
1449679,2024-06-12T14:55:21.208812Z,2024-06-12,en-US,calendar,calendar;,rjhepman,Can't edit Thunderbird Calendar events,https://support.mozilla.org/questions/1449679,os:windows,,,,,,,,,0,false,,False,
1449680,2024-06-12T15:19:25.063235Z,2024-06-12,en-US,other,other;,arjan.kuijper,Folder cannot be deleted / sync issue with office 365,https://support.mozilla.org/questions/1449680,,,,,,m:microsoftemail,,,,0,false,,False,
1449685,2024-06-12T16:03:53.002423Z,2024-06-12,en-US,other,other;,dan251,Feature Request:  Integrate Task List with Email List,https://support.mozilla.org/questions/1449685,,,,,,m:microsoftemail,,,,2,true,0.05,True,sfhowes
1449686,2024-06-12T16:12:38.512488Z,2024-06-12,es,troubleshooting,fix-problems;,osaco.dom,Tarda mucho Cargando mensaje...,https://support.mozilla.org/questions/1449686,,,,,,,,,,5,true,34.68,False,
1449687,2024-06-12T16:25:11.571354Z,2024-06-12,en-US,other,other;,ypeterson,Using Thunderbird to open .msg files,https://support.mozilla.org/questions/1449687,,,,,,,,,,2,true,2.39,False,
1449690,2024-06-12T16:37:57.872758Z,2024-06-12,en-US,other,other;,richfischer912,Thunderbird emails,https://support.mozilla.org/questions/1449690,,,,,,,,,,1,true,63.07,False,
1449692,2024-06-12T16:44:54.412224Z,2024-06-12,en-US,installation-and-updates,download-and-install_1;tb125early;,davidsk,Thunderbird 127 - Do NOT Use,https://support.mozilla.org/questions/1449692,,,,,,,,,,0,false,,False,
1449700,2024-06-12T17:56:49.178360Z,2024-06-12,en-US,installation-and-updates,download-and-install_1;,michaelgosling19,Can't install Thunderbird,https://support.mozilla.org/questions/1449700,,,,,,,,,,1,true,61.95,False,
1449701,2024-06-12T17:58:35.226078Z,2024-06-12,en-US,troubleshooting,fix-problems;,goxemic767,Urgent: ONE YEAR PASSED and multiselect functionality still broken - Requesting Fix Timeline,https://support.mozilla.org/questions/1449701,,,,,,,,,,8,true,0.84,True,davidsk
1449707,2024-06-12T18:47:59.198042Z,2024-06-12,en-US,privacy-and-security,privacy-and-security_1;,chuck4653,Thunderbird hacked - Passwords replaced,https://support.mozilla.org/questions/1449707,,,,,,m:gmail,,,,3,true,59.4,False,
1449712,2024-06-12T20:02:20.511053Z,2024-06-12,en-US,other,other;,soundguybsmt,Will T-bird 58beta running on Win7 be acceptable to e-mail servers that no longer support Outlook 2010 on Win7?,https://support.mozilla.org/questions/1449712,os:windows,,,,,m:microsoftemail,,,,2,true,58.02,False,
1449718,2024-06-12T21:06:12.972195Z,2024-06-12,en-US,settings,customize;,lookingtolearn,notification in macos show to show first few words of email (helpful for verification code),https://support.mozilla.org/questions/1449718,os:macos,,,,,,,,,7,true,3.51,False,
1449724,2024-06-12T22:13:02.993659Z,2024-06-12,en-US,other,other;,s.zoeller,"Server disconnects ONLY when attempting to open the""SENT"" file",https://support.mozilla.org/questions/1449724,,,,,,,,,,1,true,61.37,False,
1449725,2024-06-12T23:06:28.685684Z,2024-06-12,en-US,other,other;,ti-ger1,Email Accounts are gone...Thunderbird comes up with setting up a new account,https://support.mozilla.org/questions/1449725,,,,,,,,proto:imap;proto:pop,,2,true,54.89,True,MattAuSupport
1449733,2024-06-13T02:57:23.065289Z,2024-06-13,en-US,other,other;,sweettasha,Unable to define new folder,https://support.mozilla.org/questions/1449733,,,,,,,,,,1,false,,False,
1449747,2024-06-13T06:26:13.010434Z,2024-06-13,en-US,settings,customize;,karenbatten,I'd like to use microsoft exchanges in thunderbird,https://support.mozilla.org/questions/1449747,,,,,,m:microsoftemail,,,,1,true,6.01,False,
1449748,2024-06-13T06:27:19.443224Z,2024-06-13,en-US,installation-and-updates,download-and-install_1;,qirunzhang,OAuth2 does not work with microsoft 365 operated by 21 vianet,https://support.mozilla.org/questions/1449748,,,,,,m:microsoftemail,,proto:imap;proto:smtp;proto:pop;proto:oauth,,2,true,47.53,False,
1449750,2024-06-13T06:33:38.067114Z,2024-06-13,it,other,other;,manhattan,Cartelle junk\spam scaricano posta solo quando ci clicco.,https://support.mozilla.org/questions/1449750,,,,,,m:gmail;m:microsoftemail,,,,4,true,0.08,True,'@next
1449751,2024-06-13T07:13:04.642441Z,2024-06-13,it,other,other;,roberto102,Come modificare o annullare mail ricorrente - INVIA DOPO,https://support.mozilla.org/questions/1449751,,,,,,,,,,5,true,0.83,False,
1449752,2024-06-13T07:25:58.525016Z,2024-06-13,es,troubleshooting,fix-problems;,ricardo.casasola,Thunderbird not responding,https://support.mozilla.org/questions/1449752,os:linux,,,,,,,,,0,false,,False,
1449753,2024-06-13T07:30:17.352388Z,2024-06-13,cs,installation-and-updates,download-and-install_1;,david.bikerscrown,adding shared exchange mailboxes to thunderbird,https://support.mozilla.org/questions/1449753,,,,,,,,,,3,true,4.37,False,
1449754,2024-06-13T07:31:00.640119Z,2024-06-13,en-US,privacy-and-security,privacy-and-security_1;,gexihayato,password,https://support.mozilla.org/questions/1449754,,,,,,,,,,1,true,46.43,False,
1449755,2024-06-13T07:53:07.098630Z,2024-06-13,it,troubleshooting,fix-problems;,falarenzo,thunderbird,https://support.mozilla.org/questions/1449755,,,,,,,,,,1,true,0.18,False,
1449757,2024-06-13T08:04:07.966738Z,2024-06-13,en-US,settings,customize;,o.larsen1,How to get TB shown in the share windows instead of outlook,https://support.mozilla.org/questions/1449757,,,,,,m:microsoftemail,,,,1,true,9.96,False,
1449758,2024-06-13T08:31:08.571019Z,2024-06-13,it,other,other;,cavallinmirco,Eliminazione account,https://support.mozilla.org/questions/1449758,os:windows,,,,,,,proto:imap,,3,true,0.85,False,
1449759,2024-06-13T09:16:34.022591Z,2024-06-13,en-US,troubleshooting,fix-problems;,cichypl3,"Brak możliwości wysyłania wiadomości, blokada",https://support.mozilla.org/questions/1449759,,,,,,,,,,3,true,1.26,False,
1449761,2024-06-13T09:39:44.701419Z,2024-06-13,en-US,installation-and-updates,download-and-install_1;,vibvip,Outlook mail in Thunderbird,https://support.mozilla.org/questions/1449761,,,,,,m:microsoftemail,,,,1,true,44.27,False,
1449764,2024-06-13T10:49:32.793724Z,2024-06-13,en-US,other,other;,michuk14,Threads - Display,https://support.mozilla.org/questions/1449764,,,,,,,,,,3,true,0.22,False,
1449765,2024-06-13T11:02:24.036106Z,2024-06-13,en-US,settings,customize;,oldbob2,Sent folder is not showing in regular and unified listing,https://support.mozilla.org/questions/1449765,,,,,,m:yahooemail,isp:cox,,,3,false,,False,
1449768,2024-06-13T11:43:08.391309Z,2024-06-13,en-US,installation-and-updates,download-and-install_1;,chris650,"I have installed Thunderbird on my PC and have your Icon on desktop.I have a Domain, 'handmadebooks.co.uk hosted by Go D",https://support.mozilla.org/questions/1449768,,,,,,,,,,0,false,,False,
1449769,2024-06-13T12:25:18.242656Z,2024-06-13,pt-BR,other,other;,celia.maria.celeste,Não consigo visualizar e-mail,https://support.mozilla.org/questions/1449769,,,,,,,,,,0,false,,False,
1449771,2024-06-13T12:30:41.147084Z,2024-06-13,it,troubleshooting,fix-problems;,l.liuzzi,THUNDERBIRD NON RISPONDE,https://support.mozilla.org/questions/1449771,,,,,,,,,,1,true,18.45,False,
1449774,2024-06-13T13:22:20.291749Z,2024-06-13,en-US,troubleshooting,fix-problems;,jerome.lochness,The fonts of the incoming mail messages display strangely,https://support.mozilla.org/questions/1449774,,,,,,,,,,1,true,4.37,False,
1449775,2024-06-13T13:25:28.879742Z,2024-06-13,en-US,other,other;,drr3,Cannot move/filter multiple emails to any other folder,https://support.mozilla.org/questions/1449775,,,,,,,,,,0,false,,False,
1449777,2024-06-13T13:57:44.090953Z,2024-06-13,en-US,other,other;,treasurer12,Thunderbird uses random sender email address,https://support.mozilla.org/questions/1449777,,,,,,m:gmail,isp:btinternet,,,1,true,39.94,False,
1449779,2024-06-13T14:04:23.115575Z,2024-06-13,en-US,other,other;,kmjan74,Mail Bomb - SPAM,https://support.mozilla.org/questions/1449779,,,,,,,,,,1,true,3.96,False,
1449781,2024-06-13T14:30:26.959382Z,2024-06-13,en-US,troubleshooting,fix-problems;,paul.gelinas.lmt,DEL key no longer deletes messages,https://support.mozilla.org/questions/1449781,,,,,,,,,,4,true,39.21,False,
1449783,2024-06-13T14:40:42.692125Z,2024-06-13,en-US,installation-and-updates,download-and-install_1;,RichardWoods,mail downlpoding,https://support.mozilla.org/questions/1449783,,,,,,,,,,1,true,39.06,False,
1449785,2024-06-13T14:44:02.092055Z,2024-06-13,en-US,troubleshooting,fix-problems;,paul.gelinas.lmt,IMAP messages not being retrieved on time from Comcast or Gmail,https://support.mozilla.org/questions/1449785,os:windows,,,,,m:gmail,isp:comcast,proto:imap,,7,true,38.97,False,
1449799,2024-06-13T17:51:41.724821Z,2024-06-13,en-US,privacy-and-security,privacy-and-security_1;,fortytwo,Encrypt outgoing messages with Thunderbird such that I cannot access them,https://support.mozilla.org/questions/1449799,,,,,,,,,,1,true,35.7,False,
1449804,2024-06-13T18:55:02.988341Z,2024-06-13,en-US,privacy-and-security,privacy-and-security_1;,kara3791,"it doesn""t like the password i use",https://support.mozilla.org/questions/1449804,,,,,,,,,,2,true,1.39,False,
1449809,2024-06-13T20:34:08.258392Z,2024-06-13,en-US,other,other;,efultz,Thunderbird Beta v128.0b1 - Compress Give Disk Space Error - Lots of Disk Space Available,https://support.mozilla.org/questions/1449809,,,,,,,,,,1,true,0.64,False,
1449811,2024-06-13T20:46:20.256598Z,2024-06-13,nl,troubleshooting,fix-problems;,leo.ravestijn,plots wordt een  wachtwoord vereist voor mijn  email adres op relay.proximus,https://support.mozilla.org/questions/1449811,,,,,,,,,,1,true,10.5,False,
1449812,2024-06-13T20:48:46.824275Z,2024-06-13,en-US,troubleshooting,fix-problems;,hag3,"Thunderbird has suddenly stopped pulling in email, please help",https://support.mozilla.org/questions/1449812,,,,,,,,,,2,true,32.71,False,
1449816,2024-06-13T21:32:09.669882Z,2024-06-13,en-US,troubleshooting,fix-problems;,oldbob2,TB Ver. 115.11.1 deleted emails from inbox are not deleting or coming back to inbox,https://support.mozilla.org/questions/1449816,,,,,,m:yahooemail,isp:cox,,,4,true,19.95,False,
1449818,2024-06-13T21:46:48.715593Z,2024-06-13,en-US,installation-and-updates,download-and-install_1;,horned_toad,"Tired of Apple mail, want to install Thunderbird 78.14.0 on my mac mini",https://support.mozilla.org/questions/1449818,os:macos,,macos:yosemite,,,,,,,8,true,2.07,True,sfhowes
1449820,2024-06-13T22:19:56.036209Z,2024-06-13,en-US,privacy-and-security,privacy-and-security_1;,hfeasel07,thunderbird email,https://support.mozilla.org/questions/1449820,,,,,,,,,,1,true,19.13,False,
1449823,2024-06-13T22:40:46.202538Z,2024-06-13,en-US,installation-and-updates,download-and-install_1;,johnh3,"Raspberry PI4stalled vers 115 remove menu.It reports ""aarch64; rv:52.0) Gecko/20100101 Thunderbird/52.9.1""",https://support.mozilla.org/questions/1449823,os:windows,,,,,,,,,2,true,27.57,True,johnh3
1449828,2024-06-14T00:45:25.634508Z,2024-06-14,en-US,troubleshooting,fix-problems;,bradbulger,Thunderbird constantly hangs soon after startup on Mac,https://support.mozilla.org/questions/1449828,os:macos,,macos:monterey,,,,,proto:imap,,2,true,28.72,False,
1449829,2024-06-14T00:51:18.802037Z,2024-06-14,en-US,other,other;,rurock,I have not received any email for 3 days!,https://support.mozilla.org/questions/1449829,,,,,,,,,,1,true,28.75,False,
1449830,2024-06-14T01:12:11.961131Z,2024-06-14,en-US,other,other;,dejones78,Getting Thunderbird back,https://support.mozilla.org/questions/1449830,,,,,,m:microsoftemail,isp:spectrum,,,1,true,10.39,False,
1449831,2024-06-14T01:18:39.211351Z,2024-06-14,en-US,other,other;,jacqui.parker,Emails deleted after using repair tool,https://support.mozilla.org/questions/1449831,,,,,,,,,,1,true,25.15,False,
1449832,2024-06-14T01:34:38.930023Z,2024-06-14,en-US,other,other;,alekzaj,I can't send emails anymore,https://support.mozilla.org/questions/1449832,,,,,,m:microsoftemail,,,,1,true,24.36,False,
1449834,2024-06-14T02:26:20.336791Z,2024-06-14,en-US,settings,customize;,Spider22,sending  large attachments,https://support.mozilla.org/questions/1449834,,,,,,,,,,2,true,12.49,False,
1449835,2024-06-14T02:37:21.209196Z,2024-06-14,en-US,troubleshooting,fix-problems;,jim451,My Sent messages have disappeared,https://support.mozilla.org/questions/1449835,,,,,,m:microsoftemail,,,,0,false,,False,
1449840,2024-06-14T03:48:24.367821Z,2024-06-14,en-US,calendar,calendar;,shipman,Add notes to calendar event invitation,https://support.mozilla.org/questions/1449840,,,,,,,,,,0,false,,False,
1449845,2024-06-14T04:43:47.265900Z,2024-06-14,en-US,installation-and-updates,download-and-install_1;,jonathan67,Possible to install TB on an external SSD?,https://support.mozilla.org/questions/1449845,os:windows,,,,,,,,,4,true,1.08,True,davidsk
1449846,2024-06-14T05:32:12.902930Z,2024-06-14,en-US,other,other;,23je0520,password not accepted,https://support.mozilla.org/questions/1449846,,,,,,m:gmail,,proto:imap,,1,true,23.91,False,
1449850,2024-06-14T07:33:05.090444Z,2024-06-14,en-US,other,other;,jaquadairy,Can't receive emails into either of my accounts on Thunderbird,https://support.mozilla.org/questions/1449850,,,,,,,,,,1,true,21.76,False,
1449851,2024-06-14T07:41:06.595579Z,2024-06-14,it,installation-and-updates,download-and-install_1;,prone.gabriele,Continua download dei messaggi,https://support.mozilla.org/questions/1449851,,,,,,m:gmail,,,,3,true,1.04,False,
1449852,2024-06-14T07:42:26.958800Z,2024-06-14,en-US,other,beta;other;,jdelano,I really like the new mail notification popup in 127b5,https://support.mozilla.org/questions/1449852,,,,,,,,,,2,true,10.89,True,jdelano
1449853,2024-06-14T08:45:29.698902Z,2024-06-14,en-US,troubleshooting,fix-problems;,cichypl3,blokada,https://support.mozilla.org/questions/1449853,,,,,,,,,,3,true,0.93,False,
1449855,2024-06-14T09:20:04.550840Z,2024-06-14,en-US,other,other;,isara.catrinel.p,IMAP profile maximum memory size 1 GB,https://support.mozilla.org/questions/1449855,,,,,,,,proto:imap,,5,true,0.84,True,christ1
1449861,2024-06-14T11:29:28.981015Z,2024-06-14,en-US,troubleshooting,fix-problems;,nickhavenga,system full,https://support.mozilla.org/questions/1449861,,,,,,,,,,1,true,5.86,False,
1449862,2024-06-14T11:39:02.807145Z,2024-06-14,en-US,calendar,calendar;,Ivory4080,Calendar invitations are not sent,https://support.mozilla.org/questions/1449862,os:windows,,,,,,,,,0,false,,False,
1449864,2024-06-14T11:57:58.146870Z,2024-06-14,en-US,troubleshooting,fix-problems;tb128improved;,molnarszilard10,Slow Unified Inbox Load,https://support.mozilla.org/questions/1449864,os:linux,,,,,,,,,3,true,17.33,True,molnarszilard10
1449866,2024-06-14T12:13:09.037807Z,2024-06-14,en-US,privacy-and-security,privacy-and-security_1;,mondalenmo,"TBird remembers my Comcast passwords in troubleshoot mode, Only.",https://support.mozilla.org/questions/1449866,,,,,,,isp:comcast,,,2,true,13.67,False,
1449867,2024-06-14T12:29:06.347491Z,2024-06-14,en-US,installation-and-updates,download-and-install_1;,sfender59,Second Gmail account issue,https://support.mozilla.org/questions/1449867,os:windows,,,,,m:gmail;m:microsoftemail,isp:spectrum,,,5,true,4.29,False,
1449871,2024-06-14T12:48:50.299999Z,2024-06-14,pt-BR,troubleshooting,fix-problems;,rochanayara78,Sem acesso aos e-mails.,https://support.mozilla.org/questions/1449871,,,,,,,,proto:smtp,,0,false,,False,
1449873,2024-06-14T13:02:46.902853Z,2024-06-14,en-US,troubleshooting,fix-problems;,tandexltd,SparkPost config,https://support.mozilla.org/questions/1449873,,,,,,,,proto:smtp,,3,true,4.6,False,
1449875,2024-06-14T13:49:36.097753Z,2024-06-14,en-US,installation-and-updates,download-and-install_1;,sportspunterau,Can't get an old profile loading on a fresh install,https://support.mozilla.org/questions/1449875,,,,,,,,,,5,true,0.96,True,sportspunterau
1449880,2024-06-14T15:38:23.006541Z,2024-06-14,en-US,other,other;,tom.brinzer,Some emails showing up as code,https://support.mozilla.org/questions/1449880,,,,,,,,,,3,true,1.54,True,davidsk
1449881,2024-06-14T15:38:56.721757Z,2024-06-14,en-US,installation-and-updates,download-and-install_1;,whitburn,thunderbird will not download new messages,https://support.mozilla.org/questions/1449881,,,,,,,,,,1,true,10.75,False,
1449882,2024-06-14T15:41:58.559828Z,2024-06-14,it,other,other;needsinfo;,gennaro.scardicchio47,Cartella che non mostra le email,https://support.mozilla.org/questions/1449882,,,,,,m:microsoftemail,,,,5,true,14.59,False,
1449890,2024-06-14T16:55:24.160645Z,2024-06-14,en-US,other,other;,dchasle,cannot access my emails from diane@vascoboucherville.com,https://support.mozilla.org/questions/1449890,,,,,,,,,,1,true,1.7,False,
1449891,2024-06-14T16:58:59.146725Z,2024-06-14,en-US,settings,customize;,michaelr2,Forwarded email body text is gray like signature not black,https://support.mozilla.org/questions/1449891,,,,,,,,,,2,false,,False,
1449892,2024-06-14T17:03:48.089212Z,2024-06-14,es,installation-and-updates,download-and-install_1;,jj_espeologo,Gmail connection problem,https://support.mozilla.org/questions/1449892,,,,,,m:gmail,,proto:imap,,0,false,,False,
1449896,2024-06-14T17:10:56.802127Z,2024-06-14,en-US,other,other;,kdallison340,Full Mail box,https://support.mozilla.org/questions/1449896,,,,,,,,,,1,true,1.26,False,
1449902,2024-06-14T18:38:05.179429Z,2024-06-14,en-US,settings,customize;,james30,Full Message Text in Junk Folder,https://support.mozilla.org/questions/1449902,,,,,,,,,,3,true,10.46,False,
1449903,2024-06-14T19:46:56.769704Z,2024-06-14,en-US,privacy-and-security,privacy-and-security_1;,kmartinp,"New Solution needed:I could Send mail, but not Receive it, using KB 2024 article on Hotmail and Qauth2",https://support.mozilla.org/questions/1449903,os:windows,,,,,m:gmail;m:microsoftemail,,proto:imap;proto:smtp,,10,true,1.54,False,
1449904,2024-06-14T19:48:13.785673Z,2024-06-14,en-US,troubleshooting,fix-problems;,100CLR,"Thunderbird Email Synching Issue - Replying to email sources data from unrelated, deleted emails. Hosting Comcast dot ne",https://support.mozilla.org/questions/1449904,,,,,,m:microsoftemail,isp:comcast,proto:imap,,1,true,0.75,False,
1449912,2024-06-14T20:59:54.139293Z,2024-06-14,en-US,other,other;,ianc2,GMail on Thunderbird won't send messages.,https://support.mozilla.org/questions/1449912,,,,,,m:gmail;m:telus,isp:telus,,,2,true,5.31,False,
1449918,2024-06-14T23:48:33.647412Z,2024-06-14,en-US,troubleshooting,fix-problems;,jmrjnr1312,can't send email from comcast.net  account. Outgoing server (SMPT) ERROR,https://support.mozilla.org/questions/1449918,,,,,,,isp:comcast,proto:smtp,,3,true,2.52,False,
1449923,2024-06-15T02:16:27.372478Z,2024-06-15,en-US,troubleshooting,fix-problems;,bb3902,Sending messages,https://support.mozilla.org/questions/1449923,,,,,,,,proto:smtp,,1,true,2.79,False,
1449924,2024-06-15T02:21:57.852547Z,2024-06-15,en-US,other,other;,dchrn4,Hi. When selecting > compose new message opens a new message containing machine language in the message body,https://support.mozilla.org/questions/1449924,,,,,,,,,,1,true,2.53,False,
1449927,2024-06-15T03:59:26.348285Z,2024-06-15,en-US,settings,customize;,vicgr1,Email preview settings,https://support.mozilla.org/questions/1449927,,,,,,,,,,1,true,0.85,False,
1449929,2024-06-15T05:25:10.808587Z,2024-06-15,nl,other,other;,a.caers,Wachtwoord voor live.be,https://support.mozilla.org/questions/1449929,,,,,,,,,,1,true,1.94,False,
1449936,2024-06-15T06:46:41.409881Z,2024-06-15,en-US,other,other;,philkeena,Accessing old emails stored on hard drive,https://support.mozilla.org/questions/1449936,,,,,,m:gmail,,,,2,true,11.08,False,
1449937,2024-06-15T06:55:04.800535Z,2024-06-15,en-US,other,other;,P_Puthorn,replacing the password of an account connected to Thunderbird,https://support.mozilla.org/questions/1449937,,,,,,m:yahooemail,,,,1,true,0.77,False,
1449938,2024-06-15T07:23:07.715187Z,2024-06-15,nl,installation-and-updates,download-and-install_1;,wolfhenk,Importeren van Thunderbird mailachrief,https://support.mozilla.org/questions/1449938,,,,,,,,,,2,true,0.05,False,
1449939,2024-06-15T08:04:13.797301Z,2024-06-15,en-US,other,other;,jasminehenry0416,Cant send or receive emails from gmail on TB,https://support.mozilla.org/questions/1449939,,,,,,m:gmail,,,,3,true,1.62,False,
1449942,2024-06-15T08:46:59.719087Z,2024-06-15,en-US,troubleshooting,fix-problems;,sthoselitz,Thunderbird 115.11  gets seriously slow,https://support.mozilla.org/questions/1449942,os:windows,,,,,,,,av:defender,2,true,1.06,True,christ1
1449944,2024-06-15T10:00:35.041344Z,2024-06-15,en-US,privacy-and-security,privacy-and-security_1;,hanssy58,Probleme mit Thunderbirth,https://support.mozilla.org/questions/1449944,,,,,,m:gmail,,,,1,true,0.26,False,
1449945,2024-06-15T10:06:50.849434Z,2024-06-15,en-US,troubleshooting,fix-problems;,db44,In box mails delete,https://support.mozilla.org/questions/1449945,,,,,,,,,,0,false,,False,
1449947,2024-06-15T10:39:50.109089Z,2024-06-15,nl,other,other;,anne-m.bakker,Mail versturen,https://support.mozilla.org/questions/1449947,,,,,,,,,,1,true,43.91,False,
1449951,2024-06-15T11:29:15.523558Z,2024-06-15,en-US,other,other;,Paraisthnsn,"Deleted by mistake my contacts, how do i recover them?!!!",https://support.mozilla.org/questions/1449951,os:linux,,,,,m:yahooemail,,proto:imap,,1,true,4.0,False,
1449952,2024-06-15T12:10:07.515194Z,2024-06-15,nl,other,other;,star.mw,email ontvangen en verzenden,https://support.mozilla.org/questions/1449952,,,,,,,,,,2,true,42.5,False,
1449953,2024-06-15T12:23:37.714217Z,2024-06-15,en-US,other,other;,queenie,Why are emails in my inbox appearing in my Bin? I am using vers. 115.11.1. I have not moved them.,https://support.mozilla.org/questions/1449953,,,,,,,,,,0,false,,False,
1449955,2024-06-15T13:01:59.271021Z,2024-06-15,en-US,installation-and-updates,download-and-install_1;,robin73,How to use Thunderbird with email provider Mail.coop,https://support.mozilla.org/questions/1449955,,,,,,,,,,1,true,2.41,False,
1449957,2024-06-15T13:08:25.112930Z,2024-06-15,en-US,other,other;,mkostura,Thunderbird cannot read recovered emails in Outlook Inbox,https://support.mozilla.org/questions/1449957,,,,,,m:microsoftemail,,,,5,true,36.03,False,
1449961,2024-06-15T15:04:07.356683Z,2024-06-15,en-US,troubleshooting,fix-problems;,lucytilney,Thunderbird email inbox not downloading emails suddenly,https://support.mozilla.org/questions/1449961,,,,,,,,,,0,false,,False,
1449962,2024-06-15T15:08:02.410269Z,2024-06-15,en-US,installation-and-updates,download-and-install_1;,soundguybsmt,Thunderbird 115X cannot find my outlook profile to import from my existing Outlook 2010 installation. I have set Outlook,https://support.mozilla.org/questions/1449962,os:windows,,,,,m:microsoftemail,,,,0,false,,False,
1449967,2024-06-15T16:32:39.702350Z,2024-06-15,en-US,troubleshooting,fix-problems;,dave.harris2001,Simply stopped downloading emails...,https://support.mozilla.org/questions/1449967,os:linux,,,,,m:gmail;m:microsoftemail,,proto:imap;proto:smtp,av:avast,5,true,1.0,False,
1449968,2024-06-15T16:49:49.784212Z,2024-06-15,en-US,calendar,seg-ios;how-to-use-firefox-ios;,franklbrunetti10,how do i synchronize my iPhone calendar with thunderbird,https://support.mozilla.org/questions/1449968,,,,,,,,,,0,false,,False,
1449973,2024-06-15T17:35:20.164512Z,2024-06-15,en-US,other,other;,oldbob2,search for posting by a specific contributor,https://support.mozilla.org/questions/1449973,,,,,,,,,,2,true,1.16,True,davidsk
1449979,2024-06-15T18:22:03.912516Z,2024-06-15,en-US,other,other;,Buddenbrook,Pressing Enter key moves email message from Inbox to Trash,https://support.mozilla.org/questions/1449979,os:windows,,,,,,,,,2,true,34.82,True,Buddenbrook
1449984,2024-06-15T19:53:31.136794Z,2024-06-15,en-US,other,other;,irlenrainbows,can't download emails,https://support.mozilla.org/questions/1449984,,,,,,,,,,0,false,,False,
1449985,2024-06-15T19:56:13.902007Z,2024-06-15,en-US,troubleshooting,fix-problems;,gog756,Changing server settings on account wants to restart as soon I leave first field,https://support.mozilla.org/questions/1449985,,,,,,,,,,5,true,13.56,True,christ1
1449986,2024-06-15T20:03:09.112322Z,2024-06-15,en-US,troubleshooting,fix-problems;,gog756,"smtp wrong credentials does not abort when cancel, but hang 30s or so",https://support.mozilla.org/questions/1449986,,,,,,,,proto:smtp,,3,true,20.86,True,davidsk
1449990,2024-06-15T21:30:37.333214Z,2024-06-15,en-US,other,other;,musiclady1949,Can't send,https://support.mozilla.org/questions/1449990,,,,,,,,,,1,false,,False,
1449998,2024-06-15T23:42:23.592442Z,2024-06-15,en-US,troubleshooting,fix-problems;,admin849,Oh no! Help with Thunderbird on Mac,https://support.mozilla.org/questions/1449998,,,,,,,,,,3,true,14.44,True,davidsk
1450000,2024-06-16T01:01:13.994769Z,2024-06-16,en-US,installation-and-updates,download-and-install_1;,oldbob2,spam folder on Yahoo webmail into Thunderbird,https://support.mozilla.org/questions/1450000,,,,,,m:yahooemail,isp:cox,,,2,true,15.49,False,
1450003,2024-06-16T01:32:08.738558Z,2024-06-16,en-US,troubleshooting,fix-problems;,louiseinindex,Email access slow,https://support.mozilla.org/questions/1450003,os:windows,,,,,,,,,0,false,,False,
1450009,2024-06-16T06:17:57.389200Z,2024-06-16,nl,installation-and-updates,download-and-install_1;,ddavidd1,installatie Thunderbird,https://support.mozilla.org/questions/1450009,os:windows,,,,,,,,,13,true,1.12,True,ddavidd1
1450010,2024-06-16T06:20:08.412780Z,2024-06-16,en-US,settings,customize;,pjstoll,I can't paste the link I get from Dropbox to connect FileLink for Dropbox into my settings.  Why not? Even when I type t,https://support.mozilla.org/questions/1450010,,,,,,,,,,1,true,18.97,False,
1450013,2024-06-16T07:34:27.571216Z,2024-06-16,en-US,other,other;,dlbeard,Receiving e-mails,https://support.mozilla.org/questions/1450013,,,,,,,,,,1,true,6.3,False,
1450018,2024-06-16T09:01:52.994656Z,2024-06-16,nl,troubleshooting,fix-problems;,wilspsp,Tb  verstuurt  niet  en ontvangt niet Wat moet ik doen?,https://support.mozilla.org/questions/1450018,,,,,,,,,,1,true,21.67,False,
1450019,2024-06-16T09:07:55.463433Z,2024-06-16,en-US,other,other;,victorsj,Sainsburys grocery emails not coming in,https://support.mozilla.org/questions/1450019,,,,,,,,,,3,true,1.74,False,
1450024,2024-06-16T11:36:14.444199Z,2024-06-16,en-US,troubleshooting,fix-problems;,ljmd5,Can't send email!,https://support.mozilla.org/questions/1450024,,,,,,,,,,12,true,2.25,False,
1450034,2024-06-16T14:55:42.223170Z,2024-06-16,en-US,other,other;,snakedoc1951,DRAFT and DRAFTS folder,https://support.mozilla.org/questions/1450034,,,,,,,,,,3,true,1.51,True,snakedoc1951
1450035,2024-06-16T15:00:28.756109Z,2024-06-16,en-US,other,other;,r.sillitoe7,why do I keep getting - this is a draft message,https://support.mozilla.org/questions/1450035,,,,,,,,,,2,true,0.29,False,
1450037,2024-06-16T16:06:03.035979Z,2024-06-16,en-US,settings,customize;,rjceasar1,Disabling Email Counts In Tree......,https://support.mozilla.org/questions/1450037,,,,,,,,,,1,true,0.25,False,
1450041,2024-06-16T16:17:04.562371Z,2024-06-16,en-US,other,other;,microb4591,No Email,https://support.mozilla.org/questions/1450041,,,,,,,,,,1,true,11.83,False,
1450043,2024-06-16T16:52:45.428184Z,2024-06-16,en-US,settings,customize;,daimondin,Create a tasks from a flagged email automatically,https://support.mozilla.org/questions/1450043,,,,,,,,proto:imap,,0,false,,False,
1450045,2024-06-16T17:10:19.081561Z,2024-06-16,en-US,other,other;,lkosiba,multiple email addresses,https://support.mozilla.org/questions/1450045,,,,,,,,,,1,true,1.15,False,
1450050,2024-06-16T18:53:06.981403Z,2024-06-16,en-US,settings,customize;,Rauberger,E-mail-Eingang ist blockiert,https://support.mozilla.org/questions/1450050,,,,,,,,,,1,true,11.24,False,
1450052,2024-06-16T19:55:44.626483Z,2024-06-16,en-US,troubleshooting,fix-problems;,tom258,1 of 6 Email accounts looses login credentials every day,https://support.mozilla.org/questions/1450052,os:windows,,,,,,,,,1,true,8.18,False,
1450061,2024-06-16T22:05:04.323974Z,2024-06-16,en-US,calendar,calendar;,mhahn,Calendar only syncs one way,https://support.mozilla.org/questions/1450061,,,,,,,,,,0,false,,False,
1450063,2024-06-16T22:57:12.848046Z,2024-06-16,en-US,installation-and-updates,download-and-install_1;,billrobson,Install of Thunderbird accepted my donation but does not complete the install. Now when I retry the installation it goes,https://support.mozilla.org/questions/1450063,,,,,,,,,,1,true,2.01,False,
1450065,2024-06-17T00:50:07.133057Z,2024-06-17,en-US,other,other;,illroute66,Can't send  Yahoo Mail,https://support.mozilla.org/questions/1450065,,,,,,m:yahooemail,,,,5,true,0.36,False,
1450066,2024-06-17T01:04:30.570988Z,2024-06-17,en-US,email-and-messaging,crash;seg-ios;,jvberger,thunderbird log in account failed,https://support.mozilla.org/questions/1450066,,,,,,,,,,0,false,,False,
1450069,2024-06-17T02:14:02.932356Z,2024-06-17,en-US,troubleshooting,fix-problems;,slisk,I have never had a problem with thunderbird and have both imap and pop3 emails.,https://support.mozilla.org/questions/1450069,,,,,,,,proto:imap;proto:pop,,1,true,1.84,False,
1450074,2024-06-17T03:46:29.130992Z,2024-06-17,en-US,other,other;,drawohna,Thunderbird Error Message,https://support.mozilla.org/questions/1450074,,,,,,m:yahooemail,isp:att,proto:smtp,,2,true,0.28,False,
1450075,2024-06-17T03:51:27.590707Z,2024-06-17,en-US,settings,customize;,mpale8311,Sending mail directly to specific sub-folders,https://support.mozilla.org/questions/1450075,,,,,,,,,,2,true,8.57,False,
1450076,2024-06-17T03:58:33.670832Z,2024-06-17,en-US,other,other;,mpale8311,How to revert to previous edition of Thunderbird...,https://support.mozilla.org/questions/1450076,,,,,,,,,,2,true,2.12,False,
1450077,2024-06-17T04:23:35.271584Z,2024-06-17,en-US,other,other;,clistforseattle,email,https://support.mozilla.org/questions/1450077,,,,,,m:yahooemail,,,,2,true,0.17,True,MattAuSupport
1450082,2024-06-17T07:41:52.546237Z,2024-06-17,es,other,other;,mcarmenrr,Lectura de emails desconfigurados y con mensaje de error,https://support.mozilla.org/questions/1450082,,,,,,,,,,0,false,,False,
1450092,2024-06-17T09:04:02.716424Z,2024-06-17,it,settings,customize;,0rion79,Riattivare menu orizzontale per ordinare le e-mail,https://support.mozilla.org/questions/1450092,,,,,,,,,av:comodo,2,true,5.74,True,'@next
1450096,2024-06-17T09:46:40.547279Z,2024-06-17,en-US,installation-and-updates,download-and-install_1;,hrrastegar,losing my downloaded emial from gmail,https://support.mozilla.org/questions/1450096,,,,,,m:gmail,,,,3,true,2.61,False,
1450097,2024-06-17T09:59:27.096554Z,2024-06-17,en-US,troubleshooting,fix-problems;,h.brissenden,Hyperlinked text does not paste into Thunderbird email (Solved),https://support.mozilla.org/questions/1450097,os:linux,,,,,,,,,3,true,1.93,True,h.brissenden
1450098,2024-06-17T10:03:12.699561Z,2024-06-17,en-US,troubleshooting,fix-problems;,jimmoss98,Thunderbird,https://support.mozilla.org/questions/1450098,,,,,,,,,,1,true,6.37,False,
1450101,2024-06-17T10:57:12.441496Z,2024-06-17,en-US,other,other;,danio5454,Тhunderbird failed to find the settings for your email account,https://support.mozilla.org/questions/1450101,,,,,,,,,,5,true,0.56,True,davidsk
1450102,2024-06-17T11:11:02.404370Z,2024-06-17,en-US,installation-and-updates,download-and-install_1;,dave410,Transfering emails to a new laptop using Thunderbird,https://support.mozilla.org/questions/1450102,,,,,,m:yahooemail,,,,1,true,0.22,False,
1450103,2024-06-17T11:49:38.391529Z,2024-06-17,en-US,troubleshooting,fix-problems;,stanpa1,problem with archiving messages,https://support.mozilla.org/questions/1450103,,,,,,,,,,1,false,,False,
1450105,2024-06-17T12:07:12.631075Z,2024-06-17,en-US,other,other;,prepguru,Delays in getting emails,https://support.mozilla.org/questions/1450105,,,,,,,,,,0,false,,False,
1450110,2024-06-17T13:16:05.593116Z,2024-06-17,en-US,troubleshooting,fix-problems;,parrotdise13,inbound failure,https://support.mozilla.org/questions/1450110,,,,,,m:yahooemail,isp:att,,,1,true,4.87,False,
1450112,2024-06-17T13:35:07.168241Z,2024-06-17,en-US,other,other;,normfranke,Thunderbird stopped sending and receiving email suddenly.,https://support.mozilla.org/questions/1450112,,,,,,m:yahooemail,isp:att,proto:smtp;proto:pop,,0,false,,False,
1450114,2024-06-17T14:06:04.160811Z,2024-06-17,it,other,other;needsinfo;,biondaniweb,account,https://support.mozilla.org/questions/1450114,,,,,,m:gmail,,,,1,true,0.64,False,
1450115,2024-06-17T14:25:41.449318Z,2024-06-17,en-US,installation-and-updates,download-and-install_1;,jt15,Migration to another computer including very OLD messages,https://support.mozilla.org/questions/1450115,,,,,,,,,,6,true,3.05,False,
1450116,2024-06-17T14:38:04.617848Z,2024-06-17,en-US,other,other;,hj23583,"Updated recently and now can only receive email and cannot send, also the bookmark menu is not the same one as before an",https://support.mozilla.org/questions/1450116,,,,,,,,,,1,true,111.24,False,
1450119,2024-06-17T14:50:18.031775Z,2024-06-17,pt-BR,other,other;,bernat3,Lista de spam,https://support.mozilla.org/questions/1450119,,,,,,,,,,0,false,,False,
1450120,2024-06-17T14:51:23.344299Z,2024-06-17,en-US,troubleshooting,fix-problems;,jpinchot,ATT POP3 email just stopped working for no reason,https://support.mozilla.org/questions/1450120,,,,,,m:yahooemail,isp:att,proto:pop,,1,false,,False,
1450121,2024-06-17T15:04:57.968020Z,2024-06-17,en-US,troubleshooting,fix-problems;,augustreyniak,Logging in with second Gmail in TB,https://support.mozilla.org/questions/1450121,,,,,,m:gmail,,proto:imap,,2,true,67.4,True,augustreyniak
1450122,2024-06-17T15:05:43.471532Z,2024-06-17,en-US,troubleshooting,fix-problems;,jar1n3e8,att.net email stopped working yesterday around 4:30 PM EDT,https://support.mozilla.org/questions/1450122,,,,,,m:yahooemail,isp:att,,,1,false,,True,jar1n3e8
1450123,2024-06-17T15:09:45.638999Z,2024-06-17,en-US,other,other;,mlassmann,Thunderbird crashed...have used for 20 years...HELP!,https://support.mozilla.org/questions/1450123,,,,,,m:microsoftemail,isp:spectrum,,,4,true,2.37,False,
1450124,2024-06-17T15:17:01.427175Z,2024-06-17,en-US,troubleshooting,fix-problems;,mace68,Closing Thunderbird also closes Firefox (Linux),https://support.mozilla.org/questions/1450124,os:linux,,,,,,,,,1,false,,False,
1450128,2024-06-17T16:07:59.039887Z,2024-06-17,en-US,other,other;,david827,"Old Emails still stored locally, but not available",https://support.mozilla.org/questions/1450128,,,,,,,,,,6,true,1.29,True,davidsk
1450136,2024-06-17T17:09:34.328470Z,2024-06-17,en-US,other,other;,eyeart,Lost my open tabs again...,https://support.mozilla.org/questions/1450136,,,,,,,,,,7,true,0.86,False,
1450140,2024-06-17T17:31:37.420367Z,2024-06-17,en-US,other,other;,jkreider,sent emails from 4 accounts just disappeared; 5th account still has them,https://support.mozilla.org/questions/1450140,os:windows,,,,,m:gmail,,proto:smtp,,1,false,,True,jkreider
1450143,2024-06-17T18:01:08.797112Z,2024-06-17,en-US,other,other;,p.watt,Email fail to sent,https://support.mozilla.org/questions/1450143,,,,,,,isp:spectrum,,,2,true,17.09,True,davidsk
1450144,2024-06-17T18:21:46.171650Z,2024-06-17,en-US,email-and-messaging,desktop;other;mac-os-x-1015;firefox-115120;firefox-11512;,shele,is anyone having problems using thunderbird mail for mac with att server. thunderbird keeps popping up window stating pa,https://support.mozilla.org/questions/1450144,os:macos,Mac OS x 10.15,,,,,isp:att,,,1,true,107.49,False,
1450145,2024-06-17T19:00:12.127532Z,2024-06-17,en-US,installation-and-updates,download-and-install_1;,debsvogt,why was i required to give money for a free service?  can't download free software without a 'donation'.,https://support.mozilla.org/questions/1450145,,,,,,,,,,9,true,1.01,False,
1450146,2024-06-17T19:08:54.000356Z,2024-06-17,en-US,calendar,calendar;,quirked,Thunderbird Calendar snoozed events are not working,https://support.mozilla.org/questions/1450146,,,,,,,,proto:pop,,0,false,,False,
1450147,2024-06-17T19:09:03.922014Z,2024-06-17,en-US,other,other;,rshearin,Signing into Primary Email (rshearin@verizon.net) on Yahoo Mail is not working.,https://support.mozilla.org/questions/1450147,,,,,,m:microsoftemail;m:yahooemail,isp:verizon,,,2,true,152.51,True,rshearin
1450149,2024-06-17T19:35:11.966558Z,2024-06-17,en-US,privacy-and-security,privacy-and-security_1;,sharroc123,Forgot password,https://support.mozilla.org/questions/1450149,,,,,,,,,,1,true,0.38,False,
1450154,2024-06-17T21:32:27.551698Z,2024-06-17,en-US,privacy-and-security,privacy-and-security_1;,jeddolnick,No Oauth2 option found in setttings,https://support.mozilla.org/questions/1450154,,,,,,m:yahooemail,,proto:pop;proto:oauth,,2,true,1774.93,True,jeddolnick
1450156,2024-06-17T21:55:57.413336Z,2024-06-17,en-US,other,other;,debsvogt,where are replies from support????,https://support.mozilla.org/questions/1450156,,,,,,,,,,2,true,13.15,False,
1450157,2024-06-17T22:14:13.364044Z,2024-06-17,en-US,installation-and-updates,download-and-install_1;,k.machv,Email password issues with Verizon,https://support.mozilla.org/questions/1450157,,,,,,m:microsoftemail,isp:verizon,proto:pop,,1,true,148.9,False,
1450158,2024-06-17T22:29:18.428074Z,2024-06-17,en-US,email-and-messaging,desktop;customize;windows-10;firefox-1270;,BernieW,I seem to have lost the send box in Mozilla thunderbird,https://support.mozilla.org/questions/1450158,os:windows,Windows 10,,,,,,,,1,true,12.31,False,
1450159,2024-06-17T22:44:58.724168Z,2024-06-17,en-US,troubleshooting,fix-problems;,joseph.warner,"preview appears, email not there",https://support.mozilla.org/questions/1450159,,,,,,,,,,0,false,,False,
1450160,2024-06-17T23:15:05.887553Z,2024-06-17,en-US,installation-and-updates,download-and-install_1;,cad4703,Unable to connect to bellsouth.net emails.,https://support.mozilla.org/questions/1450160,,,,,,m:yahooemail,isp:att,,,0,false,,False,
1450172,2024-06-18T03:44:13.646103Z,2024-06-18,en-US,other,other;,deannie.scott,All subfolders disappeared,https://support.mozilla.org/questions/1450172,,,,,,,,,,0,false,,False,
1450175,2024-06-18T04:44:12.161777Z,2024-06-18,en-US,privacy-and-security,privacy-and-security_1;,jason57,uBlock Origin for Thunderbird doesn't block Newsletter ads (blocked since install 0% ===> since months),https://support.mozilla.org/questions/1450175,,,,,,,,,,3,true,5.81,False,
1450179,2024-06-18T06:27:39.817099Z,2024-06-18,en-US,other,other;,dlbeard,Receiving my e-mails,https://support.mozilla.org/questions/1450179,,,,,,,,,,1,true,4.12,False,
1450180,2024-06-18T06:38:01.871622Z,2024-06-18,en-US,other,other;,sand2017,I am not receiving my mails anymore,https://support.mozilla.org/questions/1450180,,,,,,m:yahooemail,,proto:pop,,1,true,19.8,False,
1450181,2024-06-18T07:02:58.751536Z,2024-06-18,en-US,settings,customize;,Bookimp,Any Google addon opens to Google Account Help,https://support.mozilla.org/questions/1450181,,,,,,,,,,6,true,3.58,True,MattAuSupport
1450185,2024-06-18T08:11:09.906448Z,2024-06-18,en-US,other,other;,scarsd85,"Thunderbird not showing 'INBOX""",https://support.mozilla.org/questions/1450185,,,,,,,,,,1,true,18.23,False,
1450189,2024-06-18T10:22:46.310301Z,2024-06-18,en-US,other,other;,nclm,No visible e-mails in Inbox,https://support.mozilla.org/questions/1450189,,,,,,,,,,13,true,22.45,False,
1450190,2024-06-18T10:25:36.631134Z,2024-06-18,it,other,other;needsinfo;,carlo.pala,non visualizzo contenuto del singolo messaggio di posta,https://support.mozilla.org/questions/1450190,,,,,,,,,,4,true,4.19,False,
1450192,2024-06-18T11:06:41.860772Z,2024-06-18,en-US,installation-and-updates,download-and-install_1;,dave410,Transfering my email processing to Thunderbird,https://support.mozilla.org/questions/1450192,,,,,,m:yahooemail,,,,1,true,0.1,False,
1450195,2024-06-18T11:40:35.413391Z,2024-06-18,en-US,other,other;,Kalith,Prevent quoted message HTML from affecting my response,https://support.mozilla.org/questions/1450195,,,,,,m:gmail,,,,5,true,4.08,False,
1450197,2024-06-18T11:58:34.964200Z,2024-06-18,en-US,other,other;,dajacques032,Stopping emails being sorted by conversation,https://support.mozilla.org/questions/1450197,,,,,,,,,,1,true,6.69,False,
1450198,2024-06-18T12:09:30.640289Z,2024-06-18,en-US,settings,customize;,dan249,Can I add Feeds to Favorites?,https://support.mozilla.org/questions/1450198,os:linux,,,,,,,,,1,true,6.47,True,sfhowes
1450199,2024-06-18T12:28:02.328654Z,2024-06-18,en-US,other,other;,planabuild,No e-mail content visible after  installation of version 128.0b,https://support.mozilla.org/questions/1450199,,,,,,,,,,4,true,2.26,False,
1450200,2024-06-18T12:37:54.749788Z,2024-06-18,en-US,troubleshooting,fix-problems;,carole83041,can't get my emails,https://support.mozilla.org/questions/1450200,,,,,,,,,,1,true,13.69,False,
1450203,2024-06-18T13:18:37.943852Z,2024-06-18,en-US,settings,customize;,itsthesmell,Thunderbird email wont save password,https://support.mozilla.org/questions/1450203,,,,,,,,,,1,true,13.0,False,
1450204,2024-06-18T13:30:04.831797Z,2024-06-18,en-US,other,other;,stevewood,"unable to send login information to ""Host""",https://support.mozilla.org/questions/1450204,,,,,,,isp:btinternet,,,0,false,,False,
1450206,2024-06-18T13:49:43.663167Z,2024-06-18,en-US,troubleshooting,fix-problems;,JBarbour,Annoying glitch in the main email window,https://support.mozilla.org/questions/1450206,,,,,,,,,,0,false,,False,
1450214,2024-06-18T15:31:50.010799Z,2024-06-18,en-US,other,other;,jadehill3,SYS/TEMP] Server error - Please try again later.  Error code,https://support.mozilla.org/questions/1450214,,,,,,,,,,6,true,10.76,False,
1450217,2024-06-18T15:48:34.684373Z,2024-06-18,es,installation-and-updates,download-and-install_1;,kiketoboso,Exportar estructura de thunderbird a pst,https://support.mozilla.org/questions/1450217,,,,,,m:microsoftemail,,,,0,false,,False,
1450218,2024-06-18T15:50:24.494291Z,2024-06-18,es,installation-and-updates,download-and-install_1;,kiketoboso,Exportar contactos y maquetar thunderbird a office365,https://support.mozilla.org/questions/1450218,,,,,,m:microsoftemail,,,,0,false,,False,
1450220,2024-06-18T15:53:25.805697Z,2024-06-18,en-US,troubleshooting,fix-problems;,heidi32,ALL Outgoing Messages Bouncing,https://support.mozilla.org/questions/1450220,,,,,,,,,,1,true,1.35,False,
1450223,2024-06-18T16:51:37.332687Z,2024-06-18,en-US,other,other;,creativems,Reactivating my email.,https://support.mozilla.org/questions/1450223,,,,,,,,,,6,true,0.24,False,
1450224,2024-06-18T17:08:36.019010Z,2024-06-18,en-US,troubleshooting,fix-problems;,lucytilney,Email notifications but emails not showing in my Thunderbird inboxes. Can see them on webmail and by phone,https://support.mozilla.org/questions/1450224,,,,,,,,,,0,false,,False,
1450225,2024-06-18T17:11:39.787913Z,2024-06-18,en-US,other,other;,murnstoy,ThunderBird Old POP folders,https://support.mozilla.org/questions/1450225,,,,,,,,proto:imap;proto:pop,,4,true,0.16,False,
1450226,2024-06-18T17:14:35.257482Z,2024-06-18,en-US,other,other;,arthurhazboun,Email server settings to use with Earthlink email accounts,https://support.mozilla.org/questions/1450226,,,,,,,,,,1,true,0.12,False,
1450232,2024-06-18T18:19:26.758001Z,2024-06-18,en-US,troubleshooting,fix-problems;,hpete,Cannot send emails 115.11.1 (64-bit),https://support.mozilla.org/questions/1450232,,,,,,,,,,1,true,61.37,False,
1450233,2024-06-18T18:35:11.109976Z,2024-06-18,en-US,troubleshooting,fix-problems;,scunlimit,Profile suddenly stopped loading. Importing it also fails. ns_error_file_is_locked 0x8052000e,https://support.mozilla.org/questions/1450233,,,,,,,,,,5,true,7.25,False,
1450241,2024-06-18T20:08:09.038380Z,2024-06-18,en-US,privacy-and-security,privacy-and-security_1;,bsfinkel,POP3 OAuth2 Authentication,https://support.mozilla.org/questions/1450241,,,,,,m:yahooemail,isp:att,proto:pop;proto:oauth,,6,true,5.47,True,bsfinkel
1450244,2024-06-18T20:31:46.363198Z,2024-06-18,en-US,calendar,calendar;,mikemillsnc,TB Calendar - deleting meetings,https://support.mozilla.org/questions/1450244,,,,,,,,,,0,false,,False,
1450245,2024-06-18T20:33:12.620747Z,2024-06-18,en-US,other,other;,sbeck3988,att.net no longer working,https://support.mozilla.org/questions/1450245,,,,,,m:yahooemail,isp:att,,,2,true,4.71,False,
1450250,2024-06-18T22:46:03.237988Z,2024-06-18,en-US,other,other;,chasfm11,Thunderbird email login missing,https://support.mozilla.org/questions/1450250,,,,,,m:microsoftemail,isp:verizon,proto:pop,,1,true,3.02,False,
1450253,2024-06-18T23:48:08.547136Z,2024-06-18,en-US,installation-and-updates,download-and-install_1;,rw10839,Restoring email local folder[WITHDRAW QUESTION - found answer in an existing post.,https://support.mozilla.org/questions/1450253,,,,,,,,proto:imap;proto:pop,,0,false,,False,
1450256,2024-06-19T01:08:04.496594Z,2024-06-19,en-US,privacy-and-security,privacy-and-security_1;,7rh8tjqn9b,Remote content abruptly enabled for just one email message,https://support.mozilla.org/questions/1450256,,,,,,,,,,3,true,0.33,True,MattAuSupport
1450257,2024-06-19T01:16:04.280431Z,2024-06-19,en-US,other,other;,lisakwf,Thunderbird to longer working,https://support.mozilla.org/questions/1450257,,,,,,,,,,1,true,54.4,False,
1450262,2024-06-19T02:51:55.567179Z,2024-06-19,en-US,settings,customize;,info10745,Adding templates,https://support.mozilla.org/questions/1450262,,,,,,,,,,1,true,9.35,False,
1450263,2024-06-19T04:52:27.534442Z,2024-06-19,en-US,installation-and-updates,download-and-install_1;,thiebauddick2,"copied profile to new directory got message ""you have opened an old version of thunderbird""",https://support.mozilla.org/questions/1450263,os:linux,,,,,,,,,3,true,7.24,False,
1450266,2024-06-19T05:31:44.258220Z,2024-06-19,en-US,troubleshooting,fix-problems;,FranXiscopt,email,https://support.mozilla.org/questions/1450266,,,,,,,,,,10,true,6.25,True,FranXiscopt
1450268,2024-06-19T06:07:07.487663Z,2024-06-19,en-US,troubleshooting,fix-problems;,edp.madurai,unable to write email to the mailbox thunderbird,https://support.mozilla.org/questions/1450268,os:windows,,,,,m:gmail,,,,0,false,,False,
1450271,2024-06-19T06:39:12.328490Z,2024-06-19,en-US,troubleshooting,fix-problems;,hollywoodshouse,Thunderbird suddenly stopped working,https://support.mozilla.org/questions/1450271,,,,,,,,,,1,true,48.98,False,
1450272,2024-06-19T06:48:26.612803Z,2024-06-19,en-US,other,other;,nellyendler,Server settings,https://support.mozilla.org/questions/1450272,,,,,,,,proto:imap,,1,true,5.06,False,
1450273,2024-06-19T06:50:05.388083Z,2024-06-19,en-US,settings,customize;,maria.bronner,quicktext addon does not work,https://support.mozilla.org/questions/1450273,,,,,,m:microsoftemail,,,,1,true,10.5,False,
1450274,2024-06-19T07:10:55.139123Z,2024-06-19,en-US,troubleshooting,fix-problems;,hamsterushh,Issue with connecting via Password Manager,https://support.mozilla.org/questions/1450274,,,,,,,,proto:smtp;proto:pop,,1,false,,False,
1450275,2024-06-19T07:35:20.701253Z,2024-06-19,en-US,troubleshooting,fix-problems;,bordmail4,Thunderbird freezes mouse and kg every 3s while updating  / syncronizing email database,https://support.mozilla.org/questions/1450275,,,,,,m:gmail,,,,1,true,26.97,False,
1450276,2024-06-19T07:36:27.581417Z,2024-06-19,en-US,other,other;,tracz,Login to server imap.telstra.com with my username just continuously fails. There must be a solution as it appears that I,https://support.mozilla.org/questions/1450276,,,,,,,,proto:imap,,1,true,9.87,False,
1450280,2024-06-19T09:58:43.726603Z,2024-06-19,en-US,other,other;,djc1308,Adding a second email account wont work,https://support.mozilla.org/questions/1450280,,,,,,,,proto:imap;proto:smtp,,1,true,1.71,False,
1450287,2024-06-19T11:49:47.304218Z,2024-06-19,en-US,settings,customize;,mozilla516,Search results - Can we make it always display as list?,https://support.mozilla.org/questions/1450287,,,,,,,,,,8,true,0.07,False,
1450289,2024-06-19T12:22:38.043328Z,2024-06-19,es,troubleshooting,fix-problems;needsinfo;,hmentoro,Visualizacion de Carpetas Locales,https://support.mozilla.org/questions/1450289,,,,,,,,,,1,true,17.88,False,
1450290,2024-06-19T12:44:51.093907Z,2024-06-19,en-US,troubleshooting,fix-problems;,telutekno,"Thunderbird freezes when I have a few ""log in to account xxxx failed""",https://support.mozilla.org/questions/1450290,,,,,,,,,,1,true,593.7,False,
1450291,2024-06-19T12:46:02.480820Z,2024-06-19,nl,troubleshooting,fix-problems;,mail105,Geen gmail meer.,https://support.mozilla.org/questions/1450291,os:linux,,,,,m:gmail,,,,12,true,0.65,False,
1450295,2024-06-19T13:11:12.423921Z,2024-06-19,en-US,other,other;,HH123,Deleted folders reappear (again and again),https://support.mozilla.org/questions/1450295,,,,,,m:microsoftemail,,proto:smtp,,2,true,42.28,False,
1450296,2024-06-19T13:14:32.432616Z,2024-06-19,nl,troubleshooting,fix-problems;,bob.aerts,my inbox is empty,https://support.mozilla.org/questions/1450296,,,,,,,,,,4,true,0.69,False,
1450297,2024-06-19T13:17:51.753815Z,2024-06-19,nl,troubleshooting,fix-problems;,bob.aerts,Empty Inbox,https://support.mozilla.org/questions/1450297,,,,,,,,,,1,true,0.23,False,
1450300,2024-06-19T13:39:05.721547Z,2024-06-19,en-US,troubleshooting,fix-problems;,randgcommunications,Imap & Gmail,https://support.mozilla.org/questions/1450300,os:windows,,,,,m:gmail,,proto:imap,,4,true,3.71,False,
1450301,2024-06-19T13:46:37.873362Z,2024-06-19,en-US,troubleshooting,fix-problems;,newbie9999,Thunderbid is incredibly slow (doing almost anything),https://support.mozilla.org/questions/1450301,,,,,,,,proto:pop,,1,true,36.27,False,
1450308,2024-06-19T15:49:50.636708Z,2024-06-19,en-US,calendar,calendar;,novo001,no datas when exporting the calendar,https://support.mozilla.org/questions/1450308,,,,,,,,,,2,true,39.56,False,
1450309,2024-06-19T15:58:56.136548Z,2024-06-19,en-US,other,other;,ceg48,DIsappeared profile,https://support.mozilla.org/questions/1450309,,,,,,,,,,5,true,1.29,False,
1450310,2024-06-19T15:59:43.463564Z,2024-06-19,en-US,installation-and-updates,download-and-install_1;,mrhc,Thunderbird will not reset after rebooting.,https://support.mozilla.org/questions/1450310,,,,,,,,,,1,true,1.26,False,
1450311,2024-06-19T16:09:55.977028Z,2024-06-19,en-US,other,other;,mpianoski,Retirar espaço duplo do e-mail,https://support.mozilla.org/questions/1450311,,,,,,,,,,2,true,0.98,True,sfhowes
1450312,2024-06-19T16:35:18.945334Z,2024-06-19,en-US,privacy-and-security,privacy-and-security_1;,retying-joyride,Wrong SSL certificate for new.thunderbird.net,https://support.mozilla.org/questions/1450312,,,,,,,,,,3,true,0.64,True,MattAuSupport
1450313,2024-06-19T16:42:27.449445Z,2024-06-19,nl,troubleshooting,fix-problems;,bob.aerts,"Hoe vind ik de knop ""versturen "", als een nieuwe mail of mail wil doorsturen ?",https://support.mozilla.org/questions/1450313,,,,,,,,,,1,true,13.97,False,
1450316,2024-06-19T17:19:04.112829Z,2024-06-19,en-US,installation-and-updates,download-and-install_1;,retying-joyride,Backup or copy message list of not-downloaded messages,https://support.mozilla.org/questions/1450316,,,,,,,,proto:imap,,3,true,0.15,True,sfhowes
1450322,2024-06-19T17:47:59.854221Z,2024-06-19,en-US,installation-and-updates,download-and-install_1;,Jamesrsamec41,Transporting Thunderbird from an old computer to a new without losing data,https://support.mozilla.org/questions/1450322,,,,,,m:gmail,,,,15,true,1.38,False,
1450328,2024-06-19T19:35:09.619193Z,2024-06-19,en-US,fix-problems-email-providers-gmail-yahoo-etc,desktop;other;windows-11;firefox-1270;firefox-12701;,mskinsey,Thunderbird cannot download my email from Att,https://support.mozilla.org/questions/1450328,os:windows,Windows 11,,,,,isp:att,,,4,true,0.55,False,
1450332,2024-06-19T20:17:36.327222Z,2024-06-19,en-US,other,other;,pilgrim99,EMAILS NO LONGER COMING INTO IN BOX,https://support.mozilla.org/questions/1450332,,,,,,m:gmail,,,,7,true,0.33,False,
1450337,2024-06-19T21:10:01.576408Z,2024-06-19,en-US,fix-problems-email-providers-gmail-yahoo-etc,desktop;other;mac-os-x-1015;firefox-115120;firefox-11512;,shele,thunderbird email not working with att,https://support.mozilla.org/questions/1450337,os:macos,Mac OS x 10.15,,,,m:yahooemail,isp:att,,,3,true,3.4,False,
1450343,2024-06-19T21:51:35.702141Z,2024-06-19,it,other,other;,Aldomarola,recupero di 3 account persi: moglie e figli.,https://support.mozilla.org/questions/1450343,,,,,,,,,,0,false,,False,
1450345,2024-06-19T22:00:56.992211Z,2024-06-19,en-US,installation-and-updates,download-and-install_1;,bjanddon3,Cannot get charter e-mail to work,https://support.mozilla.org/questions/1450345,,,,,,,isp:spectrum,,,4,true,0.76,False,
1450346,2024-06-19T22:01:01.494771Z,2024-06-19,en-US,other,other;,steve1033b,In most cases I do not get images in my incoming E-Mails  e;g; Big 5 stores,https://support.mozilla.org/questions/1450346,,,,,,,,,,1,true,2.48,False,
1450347,2024-06-19T22:01:09.142827Z,2024-06-19,en-US,other,other;,capydan11,when i try to access my email i get the message LOGIN TO ACCOUNT FAILED,https://support.mozilla.org/questions/1450347,,,,,,,,,,5,true,2.43,False,
1450348,2024-06-19T22:28:17.406258Z,2024-06-19,en-US,other,other;,webbdds,email,https://support.mozilla.org/questions/1450348,os:windows,,,,,,,,,1,true,1.96,False,
1450350,2024-06-19T22:37:04.427298Z,2024-06-19,en-US,other,other;,pjklim,AOL login stopped working,https://support.mozilla.org/questions/1450350,,,,,,m:microsoftemail,isp:verizon,proto:smtp;proto:pop,,3,true,1.77,True,MattAuSupport
1450351,2024-06-19T22:42:43.979192Z,2024-06-19,en-US,other,other;,gknowles,"unable to send emails and how to reset ""folder, subject and from"" headers on email page",https://support.mozilla.org/questions/1450351,,,,,,,,,,1,true,1.64,False,
1450352,2024-06-19T22:49:28.639409Z,2024-06-19,en-US,privacy-and-security,privacy-and-security_1;,m.mackisack,I get a security error when I launch Thunderbird and also sending mail,https://support.mozilla.org/questions/1450352,,,,,,,,,,0,false,,False,
1450357,2024-06-20T00:12:35.479201Z,2024-06-20,en-US,other,other;,gknowles,can't send Thunderbird emails,https://support.mozilla.org/questions/1450357,,,,,,,,,,1,true,28.22,False,
1450360,2024-06-20T00:38:10.191035Z,2024-06-20,en-US,other,other;,lance33,new mail notification,https://support.mozilla.org/questions/1450360,,,,,,,,,,1,true,27.8,False,
1450361,2024-06-20T00:50:56.064037Z,2024-06-20,en-US,other,other;,patnsandy,All my gmail accounts show up in Archives,https://support.mozilla.org/questions/1450361,,,,,,m:gmail,,,,2,true,27.51,False,
1450362,2024-06-20T01:25:15.487012Z,2024-06-20,en-US,other,other;,mskinsey,Thunderbird cannot download my email from Att,https://support.mozilla.org/questions/1450362,,,,,,,isp:att,,,20,true,26.89,False,
1450363,2024-06-20T01:49:35.888983Z,2024-06-20,en-US,other,other;,Toolworker,"How to Move Address Books and Filters to Another PC, Revisited",https://support.mozilla.org/questions/1450363,,,,,,,,,,1,true,9.58,False,
1450364,2024-06-20T01:55:11.224169Z,2024-06-20,en-US,email-and-messaging,desktop;other;windows-10;,mperreme,Emails,https://support.mozilla.org/questions/1450364,os:windows,Windows 10,,,,,,,,3,true,0.82,False,
1450365,2024-06-20T02:00:31.260050Z,2024-06-20,en-US,other,other;,lisakwf,Lost access to Thunderbird - server error on inbound.att.net,https://support.mozilla.org/questions/1450365,,,,,,m:yahooemail,isp:att,,,1,true,25.88,False,
1450367,2024-06-20T02:40:22.829237Z,2024-06-20,en-US,troubleshooting,fix-problems;,firefox2836,\Answered flag sometimes not set on IMAP reply. VERY random.,https://support.mozilla.org/questions/1450367,,,,,,,,proto:imap,,1,true,25.61,False,
1450368,2024-06-20T03:23:13.032499Z,2024-06-20,en-US,other,other;,ljd22,Unable to login to thunderbird and read emails since 15/5/24,https://support.mozilla.org/questions/1450368,,,,,,,,proto:imap,,1,true,24.87,False,
1450369,2024-06-20T03:47:54.386643Z,2024-06-20,en-US,other,other;,carole83041,can't get my emails,https://support.mozilla.org/questions/1450369,,,,,,,,,,1,true,24.43,False,
1450375,2024-06-20T06:44:24.077360Z,2024-06-20,en-US,installation-and-updates,download-and-install_1;,debruijnruud,restore mail back to the original mail box,https://support.mozilla.org/questions/1450375,,,,,,,,,,1,true,28.59,False,
1450376,2024-06-20T06:46:27.298936Z,2024-06-20,en-US,troubleshooting,fix-problems;,paulina22-2003,Nieprzychodzące wiadomości Email,https://support.mozilla.org/questions/1450376,,,,,,,,,,4,true,2.66,False,
1450379,2024-06-20T08:15:19.976673Z,2024-06-20,en-US,troubleshooting,fix-problems;,user118118871524072031512165952426661213136,cannot fetch mail except at startup (115.12.1),https://support.mozilla.org/questions/1450379,,,,,,m:microsoftemail,,,,2,true,20.24,True,user118118871524072031512165952426661213136
1450381,2024-06-20T08:42:20.844470Z,2024-06-20,en-US,other,other;,prkirby,unable to connect to email - incoming pop.tools.sky.com port 995,https://support.mozilla.org/questions/1450381,os:windows,,,,,m:microsoftemail,,proto:pop,,8,true,19.41,False,
1450385,2024-06-20T09:56:12.904411Z,2024-06-20,en-US,privacy-and-security,privacy-and-security_1;,johanljung68,Hämta e-post från server,https://support.mozilla.org/questions/1450385,,,,,,,isp:att,,,1,true,19.34,False,
1450389,2024-06-20T11:21:56.568471Z,2024-06-20,en-US,calendar,calendar;,stevecrowther,How can I sync Tasks with iCloud (reminders),https://support.mozilla.org/questions/1450389,,,,,,,,,,1,true,16.41,False,
1450391,2024-06-20T11:32:48.427971Z,2024-06-20,en-US,other,other;,sales429,Where have my archives messages gone,https://support.mozilla.org/questions/1450391,,,,,,,,,,1,true,16.3,False,
1450395,2024-06-20T12:50:34.344880Z,2024-06-20,en-US,other,other;,dmonkman1,Password required for outgoing (SMTP) server,https://support.mozilla.org/questions/1450395,,,,,,,,proto:smtp,,1,true,14.76,False,
1450396,2024-06-20T12:54:56.558849Z,2024-06-20,en-US,other,other;,cameramaam,cox.net email is 'migrating' to yahoomail,https://support.mozilla.org/questions/1450396,,,,,,m:gmail;m:yahooemail,isp:cox,,,3,true,1.94,False,
1450402,2024-06-20T13:44:26.874016Z,2024-06-20,en-US,installation-and-updates,download-and-install_1;,tcookuk1963,I can't access my inbox,https://support.mozilla.org/questions/1450402,,,,,,,,,,1,true,7.78,False,
1450405,2024-06-20T14:14:44.502152Z,2024-06-20,en-US,privacy-and-security,privacy-and-security_1;needsinfo;,jan259,Blacklist,https://support.mozilla.org/questions/1450405,,,,,,,,,,3,true,0.3,False,
1450410,2024-06-20T14:55:12.880712Z,2024-06-20,nl,other,other;verzenden;,cvh1,Kan geen uitgaande berichten versturen,https://support.mozilla.org/questions/1450410,,,,,,,,,,2,true,15.97,False,
1450412,2024-06-20T15:36:14.500395Z,2024-06-20,en-US,settings,thunderbird;customize;,ryan109,Start Page settings will not stay deselected,https://support.mozilla.org/questions/1450412,,,,,,,,,,7,true,4.85,False,
1450413,2024-06-20T15:42:48.076241Z,2024-06-20,en-US,other,other;tbmsoauth2;msoauth;probablynotathunderbirdproblem;exchange;,gorbage,"OAuth2 option not showing for Outgoing Server.  SOLVED first must change server name, then go back and edit.",https://support.mozilla.org/questions/1450413,os:windows,,,,,,,proto:smtp;proto:oauth,,19,true,4.62,True,gorbage
1450414,2024-06-20T15:44:58.870601Z,2024-06-20,en-US,privacy-and-security,privacy-and-security_1;,bigdog6975,how do i add a free vpn to my desktop,https://support.mozilla.org/questions/1450414,,,,,,,,,,1,true,1.41,False,
1450417,2024-06-20T16:11:13.026237Z,2024-06-20,en-US,troubleshooting,fix-problems;,TechByter,Goofy warning show when Thunderbird starts,https://support.mozilla.org/questions/1450417,,,,,,,,,,1,true,0.95,False,
1450418,2024-06-20T16:11:14.842402Z,2024-06-20,en-US,troubleshooting,fix-problems;,ackerliz,"Moved to a new PC, email takes forever when I delete more than one at a time",https://support.mozilla.org/questions/1450418,os:windows,,,,,,,,,1,true,4.12,False,
1450420,2024-06-20T16:20:22.286657Z,2024-06-20,it,troubleshooting,fix-problems;needsinfo;,giacomo.mazzarella72,errore smpt per invio messaggi,https://support.mozilla.org/questions/1450420,,,,,,,,,,2,true,12.3,False,
1450424,2024-06-20T16:42:51.678801Z,2024-06-20,it,other,other;,stefano.ferrecchi,Data ricezione mail errata,https://support.mozilla.org/questions/1450424,,,,,,,,,,12,true,11.87,True,stefano.ferrecchi
1450426,2024-06-20T17:30:58.805252Z,2024-06-20,en-US,other,other;,john.r.hess,Why has my password failed?,https://support.mozilla.org/questions/1450426,,,,,,,,,,1,true,3.07,False,
1450430,2024-06-20T17:49:33.155647Z,2024-06-20,en-US,other,other;,kp.seal,Incoming emails not showing coloured text,https://support.mozilla.org/questions/1450430,,,,,,,,,,5,true,1.54,True,kp.seal
1450431,2024-06-20T18:06:44.615071Z,2024-06-20,en-US,other,other;,pkardel,Restoring deleted trash folder,https://support.mozilla.org/questions/1450431,,,,,,,,,,1,true,2.57,False,
1450434,2024-06-20T18:28:01.700440Z,2024-06-20,en-US,installation-and-updates,download-and-install_1;,bullishbob,download thunderbird supernova to android,https://support.mozilla.org/questions/1450434,,,,,,,,,,1,true,0.69,True,davidsk
1450439,2024-06-20T19:24:53.865843Z,2024-06-20,pt-BR,troubleshooting,fix-problems;,bkp.ti.vicol,E-mail sumiu!,https://support.mozilla.org/questions/1450439,,,,,,,,,,0,false,,False,
1450441,2024-06-20T19:33:05.340767Z,2024-06-20,en-US,other,other;,emyr330,e-mails,https://support.mozilla.org/questions/1450441,,,,,,,,,,1,true,0.67,False,
1450449,2024-06-20T21:00:18.000394Z,2024-06-20,en-US,installation-and-updates,download-and-install_1;,rperry1742,Installing Thunderbird 115.12.1 in Windows 11,https://support.mozilla.org/questions/1450449,os:windows,,,,,,,,,3,true,0.42,True,sfhowes
1450451,2024-06-20T21:03:03.027492Z,2024-06-20,en-US,troubleshooting,fix-problems;,psw123,Cannot SEND email - new issue,https://support.mozilla.org/questions/1450451,,,,,,,isp:comcast,proto:smtp,,5,true,0.33,True,psw123
1450453,2024-06-20T21:13:02.305050Z,2024-06-20,en-US,installation-and-updates,download-and-install_1;,rustyconc,disabling auto update does not work,https://support.mozilla.org/questions/1450453,,,,,,,,,,3,true,0.27,False,
1450458,2024-06-20T22:21:27.597756Z,2024-06-20,en-US,other,other;,pbkahl,Thunderbird not reporting the correct number of Emails being downloaded,https://support.mozilla.org/questions/1450458,,,,,,,,,,1,true,4.73,False,
1450459,2024-06-20T22:21:44.826291Z,2024-06-20,en-US,privacy-and-security,privacy-and-security_1;,denisdiw,Missing emails!,https://support.mozilla.org/questions/1450459,,,,,,m:microsoftemail,,,,2,true,4.7,False,
1450460,2024-06-20T22:28:04.212830Z,2024-06-20,en-US,troubleshooting,fix-problems;,anne84,Emails won't Wash,https://support.mozilla.org/questions/1450460,,,,,,,,,,1,true,4.49,False,
1450464,2024-06-20T22:48:14.574641Z,2024-06-20,en-US,other,other;,musiclady1949,"Messages going to trash, then disappear",https://support.mozilla.org/questions/1450464,,,,,,,,,,38,true,12.5,True,Toad-Hall
1450465,2024-06-20T22:51:40.863745Z,2024-06-20,it,installation-and-updates,download-and-install_1;needsinfo;,Sava,Cartella inbox sparita,https://support.mozilla.org/questions/1450465,,,,,,,,,,1,true,5.76,False,
1450467,2024-06-20T23:15:04.785014Z,2024-06-20,en-US,other,other;,mowandsnip,"Email failing to sync with Thunderbird, but syncing fine with Outlook",https://support.mozilla.org/questions/1450467,,,,,,m:microsoftemail,,,,3,true,5.26,False,
1450468,2024-06-20T23:23:28.086795Z,2024-06-20,en-US,settings,customize;,raphael30,Outgoing SMTP servers not available in from field,https://support.mozilla.org/questions/1450468,,,,,,,,proto:smtp,,1,false,,True,raphael30
1450469,2024-06-21T00:01:39.125192Z,2024-06-21,en-US,other,other;,7313078631,email,https://support.mozilla.org/questions/1450469,,,,,,,,,,1,true,2.27,False,
1450470,2024-06-21T00:05:34.841726Z,2024-06-21,en-US,other,other;,7313078631,filing email onto external hardrive,https://support.mozilla.org/questions/1450470,,,,,,,,,,2,true,2.2,True,7313078631
1450472,2024-06-21T00:11:03.247875Z,2024-06-21,en-US,other,other;,gferrin,Cannot receive e-mails,https://support.mozilla.org/questions/1450472,,,,,,,,,,1,true,2.08,False,
1450473,2024-06-21T00:11:38.980580Z,2024-06-21,en-US,troubleshooting,fix-problems;,ivordavies,Emails not showing atall in RHS viewing pane,https://support.mozilla.org/questions/1450473,,,,,,,,,,1,true,4.33,False,
1450477,2024-06-21T00:56:55.782919Z,2024-06-21,en-US,other,other;,rick465,POP Junk mail dissapears completely.,https://support.mozilla.org/questions/1450477,,,,,,,,proto:pop,,7,true,4.22,False,
1450479,2024-06-21T02:40:28.629608Z,2024-06-21,en-US,other,other;,mskinsey,Thunderbird stopped downloading my att email on 6-16-24,https://support.mozilla.org/questions/1450479,,,,,,,isp:att,,,2,true,1.97,False,
1450482,2024-06-21T02:57:59.441370Z,2024-06-21,en-US,other,other;,carl4849,Perminantly disbkle send later,https://support.mozilla.org/questions/1450482,,,,,,,,,,6,true,1.6,False,
1450483,2024-06-21T03:40:14.304656Z,2024-06-21,en-US,other,other;,carole83041,can't get my emails,https://support.mozilla.org/questions/1450483,,,,,,,,,,1,true,0.9,False,
1450487,2024-06-21T06:21:15.349844Z,2024-06-21,en-US,installation-and-updates,download-and-install_1;,dncollins,Installing into Sonoma on new M3 mac,https://support.mozilla.org/questions/1450487,os:macos,,macos:sonoma;macos:big_sur,,,,,,,3,true,0.94,True,James
1450489,2024-06-21T06:59:15.256906Z,2024-06-21,en-US,other,other;,ebudworth,Not receiving emails on any of my accounts.,https://support.mozilla.org/questions/1450489,,,,,,m:gmail,,,,1,true,0.29,False,
1450493,2024-06-21T08:36:47.938358Z,2024-06-21,en-US,installation-and-updates,download-and-install_1;,denisplant,Update to version 115.12.1,https://support.mozilla.org/questions/1450493,,,,,,,,,,1,true,7.5,False,
1450495,2024-06-21T08:55:13.277401Z,2024-06-21,en-US,installation-and-updates,download-and-install_1;,joakimwaern,I updated to the lastet version and get a warning,https://support.mozilla.org/questions/1450495,os:windows,,,,,,,,,12,true,2.31,True,davidsk
1450497,2024-06-21T09:01:02.387441Z,2024-06-21,en-US,troubleshooting,fix-problems;,joakimwaern,An RSS subscription created two folders I cannot delete,https://support.mozilla.org/questions/1450497,os:windows,,,,,,,,,2,true,18.04,True,joakimwaern
1450506,2024-06-21T11:38:05.584277Z,2024-06-21,en-US,troubleshooting,fix-problems;,oldbob2,TB emails take long time to appear in my iPhone7,https://support.mozilla.org/questions/1450506,,,,,,m:yahooemail,isp:cox,,,1,true,4.98,False,
1450507,2024-06-21T11:38:30.726481Z,2024-06-21,en-US,troubleshooting,fix-problems;,yekos82264,"Certificate accept dialog does not show on taskbar, does not appear in Alt-Tab list",https://support.mozilla.org/questions/1450507,,,,,,,,,,1,true,15.35,False,
1450510,2024-06-21T12:03:41.005087Z,2024-06-21,en-US,installation-and-updates,download-and-install_1;,vk2aab,Filelink howto,https://support.mozilla.org/questions/1450510,,,,,,,,,,1,true,14.89,False,
1450515,2024-06-21T13:34:46.519483Z,2024-06-21,en-US,troubleshooting,fix-problems;,Georgeweck,viewing sent emails,https://support.mozilla.org/questions/1450515,,,,,,,,,,1,true,1.55,False,
1450522,2024-06-21T14:41:02.628754Z,2024-06-21,en-US,troubleshooting,fix-problems;,carole83041,reset password,https://support.mozilla.org/questions/1450522,,,,,,,,,,1,true,0.46,False,
1450526,2024-06-21T16:05:25.365798Z,2024-06-21,en-US,other,other;,roland-s,I changed my email account password with att and now I do not get emails thru modzilla,https://support.mozilla.org/questions/1450526,,,,,,,isp:att,,,1,true,1.18,False,
1450527,2024-06-21T16:14:26.447947Z,2024-06-21,en-US,other,other;,cordsoror,Accessing Archived Emails,https://support.mozilla.org/questions/1450527,,,,,,,,,,1,true,1.06,False,
1450528,2024-06-21T16:17:49.100936Z,2024-06-21,en-US,calendar,calendar;,twortman,Thunderbird Calendar password issue,https://support.mozilla.org/questions/1450528,os:windows,,,,,,,proto:imap;proto:smtp,,0,false,,False,
1450532,2024-06-21T17:08:47.018360Z,2024-06-21,en-US,troubleshooting,fix-problems;,don152,How do I disabel the Automatic Save when an email is being written?,https://support.mozilla.org/questions/1450532,,,,,,,,,,1,true,0.05,False,
1450534,2024-06-21T17:58:46.087172Z,2024-06-21,en-US,troubleshooting,fix-problems;,johnjenhar,cant send or receive emails,https://support.mozilla.org/questions/1450534,,,,,,,,,,1,true,8.43,False,
1450535,2024-06-21T18:00:28.312173Z,2024-06-21,en-US,other,other;,mikewade19,email account,https://support.mozilla.org/questions/1450535,,,,,,,isp:att,,,1,true,0.33,False,
1450537,2024-06-21T18:08:25.498671Z,2024-06-21,en-US,troubleshooting,fix-problems;,frodohobbt311,unable to send email from fwinters@comcast.net. Error code resomata-a2p-646965. sys.comcast.net,https://support.mozilla.org/questions/1450537,,,,,,,isp:comcast,,,1,true,0.42,False,
1450541,2024-06-21T18:44:17.126870Z,2024-06-21,en-US,installation-and-updates,download-and-install_1;,info11511,I cannot configure my TSO Host email accounts since they upgraded their servers to Cpanel deluxe,https://support.mozilla.org/questions/1450541,,,,,,,,,,4,true,1.28,True,info11511
1450542,2024-06-21T18:58:30.903158Z,2024-06-21,en-US,other,other;,bradlang8919,Cannot access email,https://support.mozilla.org/questions/1450542,,,,,,m:gmail,,,,2,true,0.44,False,
1450543,2024-06-21T19:07:31.678734Z,2024-06-21,en-US,other,other;,solarhome,received email header,https://support.mozilla.org/questions/1450543,,,,,,m:microsoftemail,,proto:smtp;proto:pop,,3,true,0.74,True,davidsk
1450544,2024-06-21T19:13:58.523089Z,2024-06-21,en-US,privacy-and-security,privacy-and-security_1;,8m8v5kvhh9,email account missing in saved passwords,https://support.mozilla.org/questions/1450544,,,,,,,isp:comcast,,,1,true,7.23,False,
1450545,2024-06-21T19:22:26.698764Z,2024-06-21,en-US,other,other;,mskinsey,getting a secure mail key into thunderbird,https://support.mozilla.org/questions/1450545,,,,,,,,,,3,true,0.13,False,
1450546,2024-06-21T19:43:15.559708Z,2024-06-21,en-US,other,other;,welcome,Do Thunderbird Beta Release Notes have a web feed ?,https://support.mozilla.org/questions/1450546,,,,,,,,,,1,true,6.67,False,
1450551,2024-06-21T19:59:05.279724Z,2024-06-21,en-US,other,other;,mskinsey,cintinuing to try to get secure mail key into thunderbird,https://support.mozilla.org/questions/1450551,,,,,,,,,,1,true,6.33,False,
1450552,2024-06-21T20:10:13.995100Z,2024-06-21,en-US,other,other;,boba5920,email accounts changed from cox.net to yahoo.com,https://support.mozilla.org/questions/1450552,,,,,,m:yahooemail,isp:cox,,,1,true,6.1,False,
1450557,2024-06-21T21:09:36.798907Z,2024-06-21,en-US,other,other;,schadel,Why am I suddenly getting this message?,https://support.mozilla.org/questions/1450557,os:windows,,,,,,,,,1,true,2.64,False,
1450559,2024-06-21T21:30:49.021664Z,2024-06-21,en-US,installation-and-updates,download-and-install_1;,g3ra1nt,Setting up account,https://support.mozilla.org/questions/1450559,,,,,,,,,,1,true,5.41,False,
1450560,2024-06-21T21:42:20.886736Z,2024-06-21,en-US,settings,customize;,Leo.Levosky1,How do I get TB back to how it was?,https://support.mozilla.org/questions/1450560,os:windows,,,,,,,,,1,true,2.03,False,
1450570,2024-06-22T00:18:05.461486Z,2024-06-22,en-US,privacy-and-security,privacy-and-security_1;,JonathanWexler,I keep having to dismiss a login.live.com nag screen,https://support.mozilla.org/questions/1450570,,,,,,m:microsoftemail,,proto:oauth,,2,true,1.95,False,
1450571,2024-06-22T00:25:23.452934Z,2024-06-22,en-US,privacy-and-security,privacy-and-security_1;,AzeemH,Can't receive from a specific emal addr,https://support.mozilla.org/questions/1450571,,,,,,m:gmail,isp:bell,,,1,true,2.24,False,
1450574,2024-06-22T00:58:53.986513Z,2024-06-22,en-US,troubleshooting,fix-problems;,shaungage,Posteo contacts not syncing in Thunderbird,https://support.mozilla.org/questions/1450574,,,,,,,,proto:carddav;proto:caldav,,3,true,26.36,False,
1450577,2024-06-22T01:20:01.215215Z,2024-06-22,es,other,other;,pfajardo1969,email account on Thunderbird,https://support.mozilla.org/questions/1450577,,,,,,,,,,0,false,,False,
1450578,2024-06-22T01:29:15.664479Z,2024-06-22,en-US,troubleshooting,fix-problems;,Jere.Adair,Missing Subfolder,https://support.mozilla.org/questions/1450578,os:windows,,,,,m:gmail,,proto:pop,,6,true,18.61,True,Jere.Adair
1450579,2024-06-22T01:38:32.673511Z,2024-06-22,en-US,troubleshooting,fix-problems;,attcbf1,"After forced migration from Cox email server to Yahoo, TB insists on downloading all messages from last 8 years, instead",https://support.mozilla.org/questions/1450579,os:windows,,,,,m:yahooemail,isp:cox,proto:pop,,3,true,0.54,False,
1450580,2024-06-22T01:49:01.933397Z,2024-06-22,en-US,troubleshooting,fix-problems;,dcfz52z,"Not Responding Error ""only"" when clicking on email",https://support.mozilla.org/questions/1450580,os:windows,,,,,m:gmail;m:yahooemail,isp:att,,,2,true,0.72,True,dcfz52z
1450587,2024-06-22T06:26:25.186045Z,2024-06-22,en-US,privacy-and-security,privacy-and-security_1;,jason57,Add-On in 2024? How can I block the very annoying Ads in newsletters? These newsletters from mainstream newspapers are a,https://support.mozilla.org/questions/1450587,,,,,,,,,,2,true,0.34,False,
1450592,2024-06-22T08:51:02.967090Z,2024-06-22,en-US,other,other;,debskinner21,Missing folders,https://support.mozilla.org/questions/1450592,,,,,,,,,,3,true,40.25,False,
1450598,2024-06-22T10:24:58.538914Z,2024-06-22,it,other,other;,ristrutturandosrl2008,thunderbird non si collega a gmail,https://support.mozilla.org/questions/1450598,,,,,,m:gmail,,,,1,true,53.01,False,
1450608,2024-06-22T14:23:42.122858Z,2024-06-22,en-US,other,other;,leslie55gibson,Account Settings Won't Save,https://support.mozilla.org/questions/1450608,,,,,,,,,,9,true,1.52,False,
1450609,2024-06-22T14:28:15.508800Z,2024-06-22,en-US,other,other;,leslie55gibson,Privacy Notice Keeps Appearing,https://support.mozilla.org/questions/1450609,,,,,,,,,,2,true,12.44,False,
1450613,2024-06-22T15:11:41.605818Z,2024-06-22,en-US,other,other;,AndyDS,Spam folder count doesn't update,https://support.mozilla.org/questions/1450613,,,,,,,,,,2,true,10.33,True,AndyDS
1450629,2024-06-22T19:48:56.686190Z,2024-06-22,en-US,installation-and-updates,download-and-install_1;,dpauker,Porting Thunderbird PC to Mac,https://support.mozilla.org/questions/1450629,,,,,,,,,,6,true,0.25,True,dpauker
1450636,2024-06-22T21:03:11.729630Z,2024-06-22,en-US,other,other;,DorothyJ,"What is the ""local folders"" account?",https://support.mozilla.org/questions/1450636,,,,,,,,proto:pop,,2,true,4.41,False,
1450642,2024-06-22T22:19:59.901677Z,2024-06-22,en-US,other,other;,lorne13000,outloot365 email. I can receive emails from outlook365 but cannot send and the ourgoing protocals are correct,https://support.mozilla.org/questions/1450642,,,,,,m:microsoftemail,,proto:smtp,,4,true,3.16,False,
1450648,2024-06-22T23:32:00.502658Z,2024-06-22,en-US,troubleshooting,fix-problems;,jrober42,Unable to receive messages from my internet provider,https://support.mozilla.org/questions/1450648,os:windows,,,,,m:yahooemail,,proto:imap;proto:smtp,,1,true,1.82,False,
1450649,2024-06-23T01:01:30.220012Z,2024-06-23,en-US,other,other;,bnavon,Lost emails,https://support.mozilla.org/questions/1450649,,,,,,,,,,6,true,0.35,False,
1450651,2024-06-23T03:42:58.357796Z,2024-06-23,en-US,troubleshooting,fix-problems;,tomrosmond,Slow gmail sends,https://support.mozilla.org/questions/1450651,os:windows,,,,,m:gmail,,proto:imap;proto:oauth,,1,true,0.51,True,MattAuSupport
1450664,2024-06-23T08:56:41.811147Z,2024-06-23,en-US,other,other;,andrewpettey,115.12.1 (64 bit) problem on opening,https://support.mozilla.org/questions/1450664,,,,,,,,,,0,false,,False,
1450665,2024-06-23T09:01:21.517731Z,2024-06-23,en-US,other,other;,andrewpettey,115.12.1 (64 bit) problem on opening,https://support.mozilla.org/questions/1450665,,,,,,,,,,8,true,4.78,False,
1450666,2024-06-23T09:41:03.572887Z,2024-06-23,en-US,privacy-and-security,privacy-and-security_1;,paulsphone1980,Google Account security/sign in changes September 2024,https://support.mozilla.org/questions/1450666,os:windows,,,,,m:gmail,,proto:pop,,1,true,0.36,False,
1450677,2024-06-23T13:53:45.118161Z,2024-06-23,en-US,installation-and-updates,download-and-install_1;needsinfo;,kaddy,Unable to set up an Outlook account on Thunderbird 115.12.0 (64-bit),https://support.mozilla.org/questions/1450677,os:linux,,,,,m:microsoftemail,,proto:imap;proto:smtp;proto:oauth,,4,true,1.27,False,
1450679,2024-06-23T15:13:03.505369Z,2024-06-23,cs,privacy-and-security,privacy-and-security_1;,dan.suk17,electronically signed e-mail,https://support.mozilla.org/questions/1450679,,,,,,,,,,1,true,2.32,False,
1450680,2024-06-23T15:49:01.034984Z,2024-06-23,en-US,installation-and-updates,download-and-install_1;,axbearing,"Thunderbird is not able to login to any of my Network Solutions Email accounts , they all are nit woking",https://support.mozilla.org/questions/1450680,,,,,,,,proto:imap;proto:pop,,1,true,9.15,False,
1450681,2024-06-23T15:52:37.604208Z,2024-06-23,en-US,other,other;,mlcisallyouget,Email messages are missing - were they archived and how to get back?,https://support.mozilla.org/questions/1450681,,,,,,,,,,1,true,2.53,False,
1450682,2024-06-23T15:59:43.337642Z,2024-06-23,en-US,installation-and-updates,download-and-install_1;,jd47,can't add gmail account,https://support.mozilla.org/questions/1450682,,,,,,m:gmail,,proto:imap,,1,true,8.77,False,
1450683,2024-06-23T16:08:19.571380Z,2024-06-23,en-US,installation-and-updates,download-and-install_1;,jpsbach1,Thunderbird,https://support.mozilla.org/questions/1450683,,,,,,,,,,4,true,0.25,False,
1450685,2024-06-23T16:33:49.800195Z,2024-06-23,en-US,installation-and-updates,download-and-install_1;,th.wilhelmsson,How to go back to previus version of Thunderbird?,https://support.mozilla.org/questions/1450685,,,,,,,,,,1,true,0.39,False,
1450687,2024-06-23T19:24:30.179957Z,2024-06-23,en-US,other,other;,dunkydoo,Trying to configure Thunderbird,https://support.mozilla.org/questions/1450687,,,,,,,,,,5,true,1.81,True,davidsk
1450689,2024-06-23T19:50:12.573511Z,2024-06-23,en-US,other,other;,sm.perkins3,Donation confirmation...,https://support.mozilla.org/questions/1450689,,,,,,,,,,1,true,1.01,False,
1450692,2024-06-23T21:04:22.480825Z,2024-06-23,en-US,troubleshooting,fix-problems;,tcr1,TBird Keyboard Shortcut Bugs & Text Format Suggestions,https://support.mozilla.org/questions/1450692,os:windows,,,,,,,proto:imap,,1,true,6.03,False,
1450693,2024-06-23T21:09:36.965219Z,2024-06-23,en-US,troubleshooting,fix-problems;,Burgemeester,"Bottom part of interface disappears,",https://support.mozilla.org/questions/1450693,,,,,,,,,,1,false,,False,
1450695,2024-06-23T22:12:03.659605Z,2024-06-23,en-US,settings,customize;,lcvleo,Return Recept,https://support.mozilla.org/questions/1450695,,,,,,,,,,1,true,2.44,False,
1450696,2024-06-23T22:39:32.560564Z,2024-06-23,en-US,installation-and-updates,download-and-install_1;,attcbf1,"Setting up additional ""dummy"" inbox to download messages from yahoo server",https://support.mozilla.org/questions/1450696,os:windows,,,,,m:yahooemail,isp:cox,proto:pop,,5,true,1.72,False,
1450698,2024-06-24T00:04:05.120303Z,2024-06-24,en-US,other,other;,jodywidelitz,restoring lost address book and emails in Thunderbird,https://support.mozilla.org/questions/1450698,,,,,,,,,,1,true,0.11,False,
1450701,2024-06-24T01:23:18.803823Z,2024-06-24,en-US,installation-and-updates,download-and-install_1;,jkarlovsky10,Moving my local Thunderbird folders from Windows to Mac,https://support.mozilla.org/questions/1450701,,,,,,,,,,1,true,1.64,False,
1450702,2024-06-24T01:48:15.528090Z,2024-06-24,en-US,email-and-messaging,desktop;customize;firefox-1270;firefox-12701;,cnye56,On T'bird is there a simple way to set up a vacation responder?,https://support.mozilla.org/questions/1450702,os:macos,Mac OS x 14.5 Sonoma,,,,,,,,1,true,1.13,False,
1450712,2024-06-24T06:00:00.427032Z,2024-06-24,en-US,settings,customize;,ErictheGreen,How do I go directly to my inbox from open posts?,https://support.mozilla.org/questions/1450712,,,,,,,,,,3,true,2.64,False,
1450713,2024-06-24T06:03:31.009513Z,2024-06-24,en-US,settings,customize;,ErictheGreen,why is there no back button on thunderbird?,https://support.mozilla.org/questions/1450713,,,,,,,,,,2,true,2.49,False,
1450715,2024-06-24T08:12:43.251200Z,2024-06-24,it,troubleshooting,fix-problems;,massimo.matteotti,Problemi invio posta da più account,https://support.mozilla.org/questions/1450715,,,,,,m:gmail,,,,1,true,7.28,False,
1450717,2024-06-24T08:23:05.294984Z,2024-06-24,it,installation-and-updates,download-and-install_1;,uomocontratto,errore nel nuovo account,https://support.mozilla.org/questions/1450717,,,,,,,,,,10,true,7.13,False,
1450718,2024-06-24T08:28:26.296511Z,2024-06-24,en-US,other,other;,info11521,Password,https://support.mozilla.org/questions/1450718,,,,,,,,,,1,true,0.18,False,
1450720,2024-06-24T10:43:26.953829Z,2024-06-24,it,troubleshooting,fix-problems;,giuseppe.bernicchia50,invia allegato a un destinatario di posta  nonfunziona e da errato messaggio di errore,https://support.mozilla.org/questions/1450720,,,,,,,,,,1,true,4.9,False,
1450723,2024-06-24T11:57:21.414274Z,2024-06-24,en-US,other,other;,jsimmonstx,Filter Message Body With URL,https://support.mozilla.org/questions/1450723,,,,,,,,,,4,true,1.06,False,
1450724,2024-06-24T12:01:55.267820Z,2024-06-24,en-US,installation-and-updates,download-and-install_1;,BradMakesNoises,Best method to achive/backup IMAP email accounts before domain/hosting is cancelled?,https://support.mozilla.org/questions/1450724,os:windows,,,,,,,proto:imap,,3,true,0.19,True,davidsk
1450725,2024-06-24T12:40:05.045842Z,2024-06-24,es,troubleshooting,fix-problems;,fernandezguinda,Carpeta Enviados duplicada en Thunderbird,https://support.mozilla.org/questions/1450725,,,,,,m:gmail,,,,0,false,,False,
1450726,2024-06-24T12:42:35.854107Z,2024-06-24,en-US,troubleshooting,fix-problems;,bankzilla,Doubling messages,https://support.mozilla.org/questions/1450726,,,,,,,,,,0,false,,False,
1450727,2024-06-24T12:59:13.087325Z,2024-06-24,en-US,other,other;,steven.j.lewis,Compact folders: loss of emails,https://support.mozilla.org/questions/1450727,,,,,,,,,,1,true,473.52,False,
1450728,2024-06-24T13:18:22.547018Z,2024-06-24,en-US,settings,customize;,carwfo,Folder Statistics,https://support.mozilla.org/questions/1450728,,,,,,,,,,2,true,4.0,True,sfhowes
1450730,2024-06-24T13:29:16.358041Z,2024-06-24,en-US,other,other;,hjffrccb8p,Email Not Transcribing,https://support.mozilla.org/questions/1450730,,,,,,,,,,3,true,5.51,False,
1450731,2024-06-24T13:52:30.432708Z,2024-06-24,en-US,calendar,calendar;,ricksselby,Calendar and Tasks are gone after update to 115.12.2 (64-bit),https://support.mozilla.org/questions/1450731,,,,,,,,,,1,true,472.65,False,
1450733,2024-06-24T14:02:13.906244Z,2024-06-24,it,other,other;needsinfo;,atzo76,problema mail thunderbird e tiscali,https://support.mozilla.org/questions/1450733,,,,,,,,,,1,true,1.7,False,
1450734,2024-06-24T14:07:03.095495Z,2024-06-24,it,privacy-and-security,privacy-and-security_1;,kydor1964,Salvare username e password del proxy su Thunderbird,https://support.mozilla.org/questions/1450734,,,,,,,,,,1,true,1.67,False,
1450735,2024-06-24T14:12:17.507069Z,2024-06-24,en-US,installation-and-updates,download-and-install_1;,pini2,msg from the email app,https://support.mozilla.org/questions/1450735,,,,,,,,,,1,true,2.94,False,
1450736,2024-06-24T14:19:38.260898Z,2024-06-24,en-US,other,other;,mail2131,V 91.13.1 not saving passwords,https://support.mozilla.org/questions/1450736,os:windows,,,,,,,,,1,true,21.88,False,
1450737,2024-06-24T14:21:42.381892Z,2024-06-24,en-US,other,other;,richardCPreston,TB downloading emails from Gmail trash folder,https://support.mozilla.org/questions/1450737,,,,,,m:gmail,,,,1,true,2.75,False,
1450738,2024-06-24T14:34:48.299386Z,2024-06-24,en-US,troubleshooting,fix-problems;,gunter.peeters,Unable to send emails,https://support.mozilla.org/questions/1450738,,,,,,,,,,11,true,2.47,False,
1450746,2024-06-24T15:52:39.897977Z,2024-06-24,en-US,other,other;,david1102,Emails to gmail eddresses fail,https://support.mozilla.org/questions/1450746,,,,,,m:gmail,,,,3,true,1.92,False,
1450748,2024-06-24T16:13:47.253013Z,2024-06-24,en-US,troubleshooting,fix-problems;,jevans92,outgoing mail,https://support.mozilla.org/questions/1450748,,,,,,,,,,1,true,119.97,False,
1450754,2024-06-24T18:10:57.497690Z,2024-06-24,en-US,settings,customize;,dshant,Background color and format of V 115,https://support.mozilla.org/questions/1450754,,,,,,,,,,3,true,0.33,True,davidsk
1450755,2024-06-24T18:11:16.898442Z,2024-06-24,en-US,other,other;,oldbob2,Profile Back up number of files increased after Cox-Yahoo conversion,https://support.mozilla.org/questions/1450755,,,,,,m:yahooemail,isp:cox,,,33,true,0.24,True,oldbob2
1450757,2024-06-24T19:13:23.513145Z,2024-06-24,en-US,other,other;,sufried,How to copy an email address from my Personal Address Book into a sub folder of a group?,https://support.mozilla.org/questions/1450757,,,,,,,,,,5,true,2.91,False,
1450758,2024-06-24T19:22:00.608777Z,2024-06-24,en-US,troubleshooting,fix-problems;,rusytravis19,account panel control?,https://support.mozilla.org/questions/1450758,os:linux,,,,,,,,,0,false,,False,
1450760,2024-06-24T19:54:52.287084Z,2024-06-24,en-US,other,other;,proulxren,I need to have an email account with a pen name. Is this possible to do on Thunderbird?,https://support.mozilla.org/questions/1450760,,,,,,,,,,3,true,15.25,True,davidsk
1450762,2024-06-24T20:34:27.388077Z,2024-06-24,en-US,troubleshooting,fix-problems;,JadeandPearl,Set Up Existing Email Address- Zoho,https://support.mozilla.org/questions/1450762,os:macos,,macos:sonoma,,,,,proto:imap,,6,true,1.37,False,
1450765,2024-06-24T21:48:26.813359Z,2024-06-24,en-US,settings,customize;,riverpride,2 questions:,https://support.mozilla.org/questions/1450765,,,,,,m:gmail,,,,0,false,,False,
1450767,2024-06-24T23:15:26.084161Z,2024-06-24,en-US,other,other;,JKPenguin,32 bit & 64 bit,https://support.mozilla.org/questions/1450767,os:windows,,,,,,,,,1,true,12.86,False,
1450768,2024-06-25T00:07:57.116089Z,2024-06-25,en-US,installation-and-updates,download-and-install_1;,croquetross,reinstate Firefox,https://support.mozilla.org/questions/1450768,,,,,,,,,,1,true,10.75,False,
1450772,2024-06-25T02:40:25.533795Z,2024-06-25,en-US,troubleshooting,fix-problems;,roscoe.turner,Thunderbird connection.,https://support.mozilla.org/questions/1450772,,,,,,,,,,0,false,,False,
1450775,2024-06-25T06:10:10.233750Z,2024-06-25,en-US,other,other;,sherrah,emails not coming in,https://support.mozilla.org/questions/1450775,os:windows,,,,,,,proto:imap,av:avast,0,false,,False,
1450776,2024-06-25T06:33:48.522609Z,2024-06-25,en-US,other,other;,lorenbliss,inbox problem,https://support.mozilla.org/questions/1450776,,,,,,,,,,2,true,4.63,False,
1450783,2024-06-25T08:01:14.376659Z,2024-06-25,en-US,other,other;,cressidacleland,Cannot add Gmail email account or calendar - sign-in prompt page does not load,https://support.mozilla.org/questions/1450783,os:macos,,macos:sonoma,,,m:gmail,,,,0,false,,False,
1450785,2024-06-25T08:05:54.756555Z,2024-06-25,en-US,other,other;,profesordebuceo,Contacts get automatically deleted,https://support.mozilla.org/questions/1450785,,,,,,,,,,0,false,,False,
1450788,2024-06-25T09:43:33.107540Z,2024-06-25,en-US,troubleshooting,fix-problems;,tania.ad,"Thunderbird all of a sudden not working / new interface, not able to access regular Thunderbird (Screenshot attached)",https://support.mozilla.org/questions/1450788,,,,,,,,,,1,false,,False,
1450791,2024-06-25T10:46:32.251260Z,2024-06-25,en-US,other,other;,nuno.r.franco,Emails listed on inbox are not correctly associated with message that opens,https://support.mozilla.org/questions/1450791,,,,,,,,,,1,true,0.15,False,
1450793,2024-06-25T11:38:44.990507Z,2024-06-25,en-US,troubleshooting,fix-problems;,rob.garner,Intermitent SMTP errors,https://support.mozilla.org/questions/1450793,os:macos,,,,,,,proto:imap;proto:smtp,,5,true,5.78,False,
1450797,2024-06-25T13:25:40.232296Z,2024-06-25,en-US,settings,customize;,Grant.Edwards,How to configure attribution for quoted messages in replies?,https://support.mozilla.org/questions/1450797,,,,,,m:microsoftemail,,,,5,true,3.9,True,sfhowes
1450799,2024-06-25T14:16:34.717140Z,2024-06-25,it,other,other;,dariolopez84,emails disappeared: import all my old emails,https://support.mozilla.org/questions/1450799,,,,,,,,,,3,true,1.13,False,
1450800,2024-06-25T14:22:39.919964Z,2024-06-25,en-US,other,other;,paulsporle,dont know my pass word to sign in,https://support.mozilla.org/questions/1450800,,,,,,,,,,0,false,,False,
1450803,2024-06-25T14:55:19.116470Z,2024-06-25,en-US,installation-and-updates,download-and-install_1;,prowen1,loading Mozilla,https://support.mozilla.org/questions/1450803,,,,,,,,,,1,true,83.55,False,
1450812,2024-06-25T16:16:39.500951Z,2024-06-25,en-US,other,other;,kathy.duncan,i recently installed the latest version on thunderbird 115.12.2 (64-bit).  i started getting alot of duplicates.  then t,https://support.mozilla.org/questions/1450812,os:windows,,,,,,,,,2,false,,False,
1450813,2024-06-25T16:23:59.006822Z,2024-06-25,en-US,troubleshooting,fix-problems;,phays,Local folders,https://support.mozilla.org/questions/1450813,,,,,,,,,,0,false,,False,
1450816,2024-06-25T16:38:57.158095Z,2024-06-25,en-US,other,other;,mfield,Winmail.dat / TNEF encoding issues,https://support.mozilla.org/questions/1450816,,,,,,,,,,1,true,1.22,False,
1450818,2024-06-25T16:47:47.926836Z,2024-06-25,en-US,settings,customize;,mnapuran,Newer Thunderbird (Just upgraded to 115.12.2) doesn't have columns??,https://support.mozilla.org/questions/1450818,,,,,,,,,,4,true,0.93,False,
1450821,2024-06-25T17:43:22.203733Z,2024-06-25,en-US,settings,customize;,arvamircea,Why does `mailnews.wraplength` exist?,https://support.mozilla.org/questions/1450821,,,,,,,,,,8,true,2.1,True,MattAuSupport
1450823,2024-06-25T17:58:54.746111Z,2024-06-25,en-US,other,other;,70741.2122,Creating new subfolders in Thunderbird,https://support.mozilla.org/questions/1450823,,,,,,,,,,0,false,,False,
1450824,2024-06-25T18:32:38.235839Z,2024-06-25,en-US,troubleshooting,fix-problems;,joebernard4,Thunderbird server error,https://support.mozilla.org/questions/1450824,,,,,,m:microsoftemail,isp:verizon,proto:pop,,1,true,54.51,False,
1450825,2024-06-25T18:37:43.353863Z,2024-06-25,en-US,troubleshooting,fix-problems;,marcopno,email not downloading,https://support.mozilla.org/questions/1450825,,,,,,m:microsoftemail,isp:verizon,,,1,true,54.4,False,
1450828,2024-06-25T19:38:11.876423Z,2024-06-25,en-US,troubleshooting,fix-problems;,dpfreedman,Thunderbird local folders gone :-( Self-inflicted misery. Recovery possible?,https://support.mozilla.org/questions/1450828,,,,,,m:microsoftemail,,,,9,true,0.25,False,
1450832,2024-06-25T20:16:13.166520Z,2024-06-25,it,settings,customize;,Datmann,Problemi di accesso a Hotmail (Outlook) e nuove versioni,https://support.mozilla.org/questions/1450832,,,,,,m:microsoftemail,,proto:oauth,,6,true,9.3,False,
1450833,2024-06-25T20:29:45.534527Z,2024-06-25,en-US,other,other;,Colonies_Chris,Unable to write the email to the mailbox,https://support.mozilla.org/questions/1450833,,,,,,m:yahooemail,,,av:defender,2,true,52.57,False,
1450835,2024-06-25T20:45:29.850009Z,2024-06-25,it,other,other;,nevvy2021,Thunderbird e Pdf,https://support.mozilla.org/questions/1450835,,,,,,,,,,2,true,8.87,True,'@next
1450836,2024-06-25T21:07:18.686700Z,2024-06-25,en-US,other,other;,saikohcoder,One of my email accounts are being asked to enter my password at least once a day in Thunderbird.,https://support.mozilla.org/questions/1450836,,,,,,m:microsoftemail,,proto:oauth,,1,true,51.89,False,
1450839,2024-06-25T21:27:23.583841Z,2024-06-25,en-US,other,other;,MRobbins76,Thunderbird: Order of Email Downloads,https://support.mozilla.org/questions/1450839,,,,,,,,,,1,true,51.42,False,
1450840,2024-06-25T21:32:16.797911Z,2024-06-25,en-US,settings,customize;,connman,Message Filters,https://support.mozilla.org/questions/1450840,,,,,,,,,,3,true,51.32,True,MattAuSupport
1450842,2024-06-25T22:38:04.707417Z,2024-06-25,en-US,troubleshooting,fix-problems;,larrycrites,"After Thunderbird Update, it would not connect to one mailserver: imap.mailfence.com.",https://support.mozilla.org/questions/1450842,,,,,,m:mailfence,,proto:imap,,4,true,50.21,True,larrycrites
1450844,2024-06-25T22:54:41.957643Z,2024-06-25,pt-BR,other,other;needsinfo;,selvas,autenticação no servidor email-ssl.com.br e nasci@selvas.com.br falhou,https://support.mozilla.org/questions/1450844,,,,,,,,,,1,true,158.21,False,
1450845,2024-06-25T23:08:48.205756Z,2024-06-25,en-US,other,other;,jandjprinting,Email issues,https://support.mozilla.org/questions/1450845,,,,,,,,,,1,true,49.69,False,
1450850,2024-06-26T01:46:55.227058Z,2024-06-26,en-US,troubleshooting,fix-problems;,corinneb7,Thunderbird email error resulting in inability to send or receive emails in Thunderbird,https://support.mozilla.org/questions/1450850,,,,,,,,,,1,true,47.04,False,
1450853,2024-06-26T02:29:13.964126Z,2024-06-26,es,installation-and-updates,download-and-install_1;,maraskus,how change from version 115 to 127 ?,https://support.mozilla.org/questions/1450853,,,,,,,,,,1,true,3.2,False,
1450857,2024-06-26T04:24:43.384101Z,2024-06-26,en-US,settings,customize;,ronks1,Unable to change displayed font size when composing,https://support.mozilla.org/questions/1450857,os:windows,,,,,,,,,2,true,44.38,False,
1450858,2024-06-26T04:29:44.705956Z,2024-06-26,en-US,other,other;,bawdenrob69,Message filter,https://support.mozilla.org/questions/1450858,,,,,,,,,,1,true,44.28,False,
1450860,2024-06-26T05:59:24.958233Z,2024-06-26,en-US,troubleshooting,fix-problems;,thea.,Freeze or Crash on Grouped by View in any Unified Folder,https://support.mozilla.org/questions/1450860,os:linux,,,,,,,,,5,true,15.86,False,
1450865,2024-06-26T07:53:50.457716Z,2024-06-26,en-US,settings,customize;,u4207231,"cache2 folder (with Doomed and Entries sub-folders) keeps reappearing in ""Local Folders""",https://support.mozilla.org/questions/1450865,os:windows,,,,,,,,,2,true,13.87,False,
1450869,2024-06-26T08:27:45.933649Z,2024-06-26,en-US,troubleshooting,fix-problems;,mozillaUser,"Can't send emails, every ""Send"" related button is disabled",https://support.mozilla.org/questions/1450869,,,,,,,,,,2,true,40.0,False,
1450870,2024-06-26T08:53:08.703868Z,2024-06-26,en-US,other,other;,user130953890299920595695291845349334830050,AutoArchive - the one feature I miss from Outlook (classic),https://support.mozilla.org/questions/1450870,,,,,,m:microsoftemail,,proto:imap,,2,true,39.87,False,
1450875,2024-06-26T10:43:08.104539Z,2024-06-26,en-US,other,other;,jamienibtong,OAuth fails on Windows - browser window hangs after permissions are granted,https://support.mozilla.org/questions/1450875,,,,,,m:gmail,,proto:oauth,,2,false,,True,jamienibtong
1450879,2024-06-26T11:14:08.152427Z,2024-06-26,en-US,other,other;,john823,Some messages not displaying correctly,https://support.mozilla.org/questions/1450879,,,,,,,,,,1,true,37.39,False,
1450881,2024-06-26T12:08:31.785218Z,2024-06-26,en-US,other,other;,rosean3848@gmail.com,cannot get into my google account,https://support.mozilla.org/questions/1450881,,,,,,,,,,1,true,36.47,False,
1450883,2024-06-26T12:25:35.561145Z,2024-06-26,en-US,privacy-and-security,privacy-and-security_1;needsinfo;,rosean3848@gmail.com,Tried to confirm email address to gmail account reply they have sent a passcode to email account cannot access,https://support.mozilla.org/questions/1450883,,,,,,m:gmail,,,,2,true,36.17,False,
1450885,2024-06-26T13:33:42.033383Z,2024-06-26,en-US,other,other;,jamie55,Not receiving email,https://support.mozilla.org/questions/1450885,,,,,,,,,,1,true,23.81,False,
1450888,2024-06-26T14:11:26.170943Z,2024-06-26,en-US,settings,customize;,ies1,Threads,https://support.mozilla.org/questions/1450888,,,,,,,,,,4,true,22.09,False,
1450890,2024-06-26T14:32:03.594424Z,2024-06-26,en-US,settings,customize;,chris.corney,Alphbetizing facility,https://support.mozilla.org/questions/1450890,,,,,,,,,,1,true,21.7,False,
1450894,2024-06-26T14:57:44.687471Z,2024-06-26,en-US,other,other;,rrkaxent,email,https://support.mozilla.org/questions/1450894,,,,,,m:microsoftemail,isp:spectrum,,,1,true,21.19,False,
1450896,2024-06-26T15:00:46.203437Z,2024-06-26,en-US,troubleshooting,fix-problems;,phenderson1,E-mails not being delivered immediately,https://support.mozilla.org/questions/1450896,,,,,,,,,,1,true,33.5,False,
1450899,2024-06-26T15:14:23.846887Z,2024-06-26,en-US,calendar,calendar;,Harris,Calendar screen stretch to the end,https://support.mozilla.org/questions/1450899,,,,,,,,,,0,false,,False,
1450900,2024-06-26T15:18:37.380130Z,2024-06-26,en-US,installation-and-updates,download-and-install_1;,petar.dopchev,Cannot move Thunderbird from Windows to Mac,https://support.mozilla.org/questions/1450900,os:macos,,macos:sonoma,,,,,,,3,true,9.99,False,
1450904,2024-06-26T15:42:38.529090Z,2024-06-26,en-US,installation-and-updates,download-and-install_1;,,Updated 64-bit program is installed in the program files (x86) folder,https://support.mozilla.org/questions/1450904,os:windows,,,,,,,,,13,true,3.66,True,davidsk
1450907,2024-06-26T16:32:49.009763Z,2024-06-26,en-US,settings,customize;,rwyncoop,Outlook rules,https://support.mozilla.org/questions/1450907,,,,,,m:microsoftemail,,,,2,true,6.54,False,
1450908,2024-06-26T17:03:25.324416Z,2024-06-26,en-US,other,other;,craig120,Hidden emails,https://support.mozilla.org/questions/1450908,,,,,,,,,,2,true,1.0,False,
1450910,2024-06-26T17:23:44.845709Z,2024-06-26,en-US,troubleshooting,fix-problems;,bnzelnick,S/MIME E2EE Settings Break on Thunderbird Restart,https://support.mozilla.org/questions/1450910,os:macos,,,,,,,,,5,true,31.1,False,
1450911,2024-06-26T17:25:06.387683Z,2024-06-26,en-US,other,other;,jsg11,when sendinig an email to a mailing can I make Thunderbird show me the members?,https://support.mozilla.org/questions/1450911,,,,,,,,,,10,true,0.59,True,jsg11
1450912,2024-06-26T17:28:01.029085Z,2024-06-26,en-US,other,other;,jsg11,Marking messages as read,https://support.mozilla.org/questions/1450912,,,,,,,,,,4,true,4.84,False,
1450913,2024-06-26T17:34:12.795159Z,2024-06-26,en-US,other,other;,jsg11,Deleting junk mail,https://support.mozilla.org/questions/1450913,,,,,,,,,,2,true,0.52,True,davidsk
1450917,2024-06-26T19:25:07.845698Z,2024-06-26,en-US,other,other;,carsonrj,inbox,https://support.mozilla.org/questions/1450917,,,,,,,,,,2,true,29.23,True,carsonrj
1450918,2024-06-26T19:31:52.746920Z,2024-06-26,en-US,settings,customize;,usonian47,Thunderbird address book,https://support.mozilla.org/questions/1450918,,,,,,,,,,1,true,5.7,True,davidsk
1450919,2024-06-26T19:59:08.970096Z,2024-06-26,en-US,privacy-and-security,privacy-and-security_1;,jimform2k1,"On primary password window, when click Cancel, close window AND prevent Thunderbird from opening",https://support.mozilla.org/questions/1450919,,,,,,,,,,4,true,14.81,False,
1450920,2024-06-26T20:08:45.896626Z,2024-06-26,en-US,other,other;,theplantlady28,my other email is [edited] @eaglevalley.net and can not access because i  forgot the password,https://support.mozilla.org/questions/1450920,,,,,,m:gmail,,,,1,true,1.48,False,
1450922,2024-06-26T20:35:13.714297Z,2024-06-26,en-US,troubleshooting,fix-problems;,theplantlady28,create new password for email [edited] @eaglevalley.net,https://support.mozilla.org/questions/1450922,,,,,,,,,,0,false,,False,
1450923,2024-06-26T20:57:58.960824Z,2024-06-26,en-US,troubleshooting,fix-problems;,klappasaft824,I cannot send e-mails though Office365 anymore. It says it's the wrong password,https://support.mozilla.org/questions/1450923,,,,,,m:microsoftemail,,proto:smtp;proto:oauth,,1,true,0.1,False,
1450926,2024-06-26T22:07:26.071810Z,2024-06-26,en-US,other,other;,kmartinp,"After update, Tbird Folder Tree shows TWO groups of Local Folders & the new one (higher up) is defective",https://support.mozilla.org/questions/1450926,os:windows,,,,,,,,,3,true,26.56,False,
1450931,2024-06-26T23:43:54.609548Z,2024-06-26,en-US,settings,customize;,pacificpilot1,Message Filters lost in 115 update,https://support.mozilla.org/questions/1450931,,,,,,,,,,3,true,24.96,False,
1450934,2024-06-27T01:39:16.975416Z,2024-06-27,en-US,other,other;,dasmit,out going email,https://support.mozilla.org/questions/1450934,,,,,,,,proto:smtp,,3,true,0.14,False,
1450935,2024-06-27T01:45:32.792732Z,2024-06-27,en-US,settings,customize;,oudeheis,Transfering messages physically between computers,https://support.mozilla.org/questions/1450935,,,,,,,,,,1,true,0.09,False,
1450939,2024-06-27T06:20:56.462607Z,2024-06-27,en-US,installation-and-updates,download-and-install_1;,dasmit,missing sub folders since yesterday update,https://support.mozilla.org/questions/1450939,,,,,,,,,,0,false,,False,
1450940,2024-06-27T07:47:46.976937Z,2024-06-27,en-US,other,other;,Markus.Piotrowski,Deleting an attachment does not delete attachment (just makes a copy without attachment),https://support.mozilla.org/questions/1450940,,,,,,,,,,0,false,,False,
1450942,2024-06-27T08:03:35.329268Z,2024-06-27,es,settings,customize;,j.rodriguez18782,adjuntos,https://support.mozilla.org/questions/1450942,,,,,,m:microsoftemail,,,,1,true,139.95,False,
1450944,2024-06-27T08:39:13.608378Z,2024-06-27,en-US,other,other;,Nellie15,"Sent mails no longer saved in ""Sent"" folder",https://support.mozilla.org/questions/1450944,,,,,,,,,,0,false,,False,
1450948,2024-06-27T10:07:32.052320Z,2024-06-27,en-US,troubleshooting,fix-problems;,recepcja4,Nie działająca poczta,https://support.mozilla.org/questions/1450948,,,,,,,,,,1,true,1.26,False,
1450949,2024-06-27T10:16:56.146798Z,2024-06-27,en-US,other,other;,Ancien,Thunderbird,https://support.mozilla.org/questions/1450949,,,,,,,isp:btinternet,,,4,true,0.95,False,
1450953,2024-06-27T11:14:58.243964Z,2024-06-27,en-US,troubleshooting,fix-problems;,Plortus,IMAP ok but SMTP fails on Windows 11,https://support.mozilla.org/questions/1450953,os:windows,,,,,m:gmail,,proto:imap;proto:smtp,,2,true,13.08,True,Plortus
1450955,2024-06-27T12:09:35.874699Z,2024-06-27,en-US,other,other;,nkenyon8,can't send emails since using 115.12.2,https://support.mozilla.org/questions/1450955,,,,,,,,,,2,true,1.29,True,davidsk
1450957,2024-06-27T12:29:03.514802Z,2024-06-27,en-US,privacy-and-security,privacy-and-security_1;,mateusz10,SMTP suddenly stopped working,https://support.mozilla.org/questions/1450957,,,,,,m:gmail;m:microsoftemail,,proto:smtp,,5,true,7.53,False,
1450960,2024-06-27T12:48:10.393798Z,2024-06-27,en-US,settings,customize;,Thunderbird,Delete shortcut in mail previews pane,https://support.mozilla.org/questions/1450960,,,,,,,,,,3,true,0.41,True,davidsk
1450961,2024-06-27T12:57:31.218526Z,2024-06-27,en-US,troubleshooting,fix-problems;,matteo.soave,Problem with PEC account,https://support.mozilla.org/questions/1450961,,,,,,,,,,2,true,11.31,False,
1450963,2024-06-27T13:26:33.875272Z,2024-06-27,en-US,troubleshooting,fix-problems;,meinewegwerfadresse,Thunderbird deletes all my messages in trash folder despite it isn't allowed!,https://support.mozilla.org/questions/1450963,,,,,,,,,,1,true,10.8,False,
1450968,2024-06-27T14:51:57.879091Z,2024-06-27,en-US,other,other;,greengiant1217,preview email flash on main screen,https://support.mozilla.org/questions/1450968,,,,,,,,,,0,false,,False,
1450970,2024-06-27T15:02:21.838389Z,2024-06-27,it,privacy-and-security,privacy-and-security_1;,info11535,Conservazione dei log MTA delle email,https://support.mozilla.org/questions/1450970,,,,,,,,,,3,true,1.37,False,
1450971,2024-06-27T15:18:33.671550Z,2024-06-27,en-US,email-and-messaging,desktop;download-and-install_1;windows-10;firefox-1270;firefox-12702;,stevelumley,Thunderbird,https://support.mozilla.org/questions/1450971,os:windows,Windows 10,,,,,,,,0,false,,False,
1450972,2024-06-27T15:28:26.481315Z,2024-06-27,en-US,privacy-and-security,privacy-and-security_1;,moz35,Lost SMTP passwords,https://support.mozilla.org/questions/1450972,,,,,,,,proto:smtp,,2,true,8.51,True,moz35
1450978,2024-06-27T17:08:16.395913Z,2024-06-27,en-US,other,other;,rgbj,passwords,https://support.mozilla.org/questions/1450978,,,,,,,,,,0,false,,False,
1450979,2024-06-27T17:17:04.961460Z,2024-06-27,en-US,settings,customize;,terrybernstein,Stopping a reoccurring calendar item No option offered.,https://support.mozilla.org/questions/1450979,,,,,,m:microsoftemail,,,,0,false,,False,
1450980,2024-06-27T17:21:43.224295Z,2024-06-27,en-US,settings,customize;,paulincyberspace,Help with Configuring 'Copies & Folders' Panel,https://support.mozilla.org/questions/1450980,os:windows,,,,,,,proto:pop,,1,true,5.89,False,
1450982,2024-06-27T17:42:15.694895Z,2024-06-27,en-US,other,other;,duerstad,increased profile size in T-bird,https://support.mozilla.org/questions/1450982,,,,,,m:microsoftemail,,,,4,true,5.41,False,
1450992,2024-06-27T18:59:58.838792Z,2024-06-27,nl,settings,customize;,fredveen,"hoe moet ik de afstand tussen de regels in mijn bericht vastleggen zoals ""tekst"".",https://support.mozilla.org/questions/1450992,,,,,,,,,,1,true,63.63,False,
1450993,2024-06-27T19:07:06.504912Z,2024-06-27,en-US,email-and-messaging,windows-7;desktop;download-and-install_1;firefox-1150;,office809,Old man (86) needs help,https://support.mozilla.org/questions/1450993,os:windows,Windows 7,,,,,,,,1,true,3.93,False,
1450994,2024-06-27T19:44:58.210357Z,2024-06-27,en-US,other,other;,stevecrowther,screen view,https://support.mozilla.org/questions/1450994,,,,,,,,,,2,true,3.33,True,stevecrowther
1450997,2024-06-27T20:12:25.868094Z,2024-06-27,en-US,email-and-messaging,desktop;mac-os-x-1015;,ehj69,offline mode,https://support.mozilla.org/questions/1450997,os:macos,Mac OS x 10.15,,,,,,,,14,true,3.2,False,
1451001,2024-06-27T20:37:48.580984Z,2024-06-27,en-US,other,other;,oldbob2,How do you back up the LOCAL folder emails?,https://support.mozilla.org/questions/1451001,,,,,,m:yahooemail,,,,2,true,2.37,False,
1451003,2024-06-27T21:50:10.389306Z,2024-06-27,en-US,troubleshooting,fix-problems;,erniewilmington,"Can't send email, 2 different SMTP servers both time out",https://support.mozilla.org/questions/1451003,os:windows,,,,,,,proto:imap;proto:smtp,av:norton,6,true,1.18,False,
1451004,2024-06-27T21:53:28.300328Z,2024-06-27,en-US,other,other;,chattome,Microsoft ending support for third-party email apps from 16 September,https://support.mozilla.org/questions/1451004,,,,,,m:gmail;m:microsoftemail,,,,15,true,1.02,True,sfhowes
1451005,2024-06-27T21:57:38.481180Z,2024-06-27,en-US,other,other;,sarthak.8snk,gpg/encrypt: message cannot be decrypted (there are unknown problems with this encrypted message),https://support.mozilla.org/questions/1451005,,,,,,,,,,1,true,1.02,True,MattAuSupport
1451010,2024-06-28T00:01:05.248460Z,2024-06-28,en-US,other,other;,dogdogonholiday,Modern Authentication Methods for old verion of Thunderbird,https://support.mozilla.org/questions/1451010,,,,,,m:microsoftemail,,,,4,true,0.14,False,
1451011,2024-06-28T00:36:02.422964Z,2024-06-28,en-US,other,other;,mdbedard,can't sign into Thunderbird email account,https://support.mozilla.org/questions/1451011,,,,,,,isp:comcast,proto:imap,,0,false,,False,
1451015,2024-06-28T01:53:31.340544Z,2024-06-28,en-US,troubleshooting,fix-problems;,mamefamily2,Inbox problem,https://support.mozilla.org/questions/1451015,,,,,,,,,,0,false,,False,
1451019,2024-06-28T02:51:07.322260Z,2024-06-28,en-US,other,other;,dasmit,no sub folders showing after last update 2 days ago,https://support.mozilla.org/questions/1451019,,,,,,,,,,0,false,,False,
1451023,2024-06-28T05:26:19.254626Z,2024-06-28,en-US,other,other;,puddings,Sent emails not in sent folder but DO appear in search,https://support.mozilla.org/questions/1451023,,,,,,m:microsoftemail,,,,0,false,,False,
1451025,2024-06-28T06:19:02.783944Z,2024-06-28,en-US,troubleshooting,fix-problems;,zuk.pat.45,Emails sent,https://support.mozilla.org/questions/1451025,,,,,,,,,,0,false,,False,
1451026,2024-06-28T06:33:14.695649Z,2024-06-28,en-US,other,other;,manfred.bartz,Thunderbird 115.12.0 inline image encoding does not work.,https://support.mozilla.org/questions/1451026,,,,,,,,,,1,false,,True,manfred.bartz
1451027,2024-06-28T06:34:43.967414Z,2024-06-28,en-US,troubleshooting,fix-problems;,kinder31pushkin,Почта Thunderbird,https://support.mozilla.org/questions/1451027,,,,,,,,,,1,true,4.68,False,
1451030,2024-06-28T07:07:27.836329Z,2024-06-28,en-US,troubleshooting,fix-problems;,assasek,Green artifact on attachments,https://support.mozilla.org/questions/1451030,,,,,,,,,,0,false,,False,
1451033,2024-06-28T08:16:14.853546Z,2024-06-28,en-US,installation-and-updates,download-and-install_1;,philipp23,Using thunderbird with new domainhosting and webhosting provider,https://support.mozilla.org/questions/1451033,,,,,,m:gmail,,,,5,true,2.57,False,
1451034,2024-06-28T08:47:48.730138Z,2024-06-28,en-US,installation-and-updates,download-and-install_1;,nigelsathome,Thunderbird and Outlook,https://support.mozilla.org/questions/1451034,,,,,,m:microsoftemail,,,,3,true,23.47,False,
1451038,2024-06-28T09:04:59.447059Z,2024-06-28,en-US,privacy-and-security,privacy-and-security_1;,diaknomar,Manually delete historical chat data,https://support.mozilla.org/questions/1451038,,,,,,,,,,0,false,,False,
1451039,2024-06-28T09:05:51.236035Z,2024-06-28,en-US,other,other;,verlaquez88,Local Folder Lost Because Setting - LOCAL FOLDER - Disk Space (Delete Message Only 14 Days),https://support.mozilla.org/questions/1451039,,,,,,,,,,1,true,1.62,False,
1451040,2024-06-28T10:16:05.138087Z,2024-06-28,en-US,troubleshooting,fix-problems;,j.merks501143,email verzenden,https://support.mozilla.org/questions/1451040,,,,,,,,,,0,false,,False,
1451041,2024-06-28T10:28:58.518870Z,2024-06-28,en-US,other,other;,office810,Email Sending Error SMTP Authentication,https://support.mozilla.org/questions/1451041,,,,,,,,proto:smtp,,3,true,0.2,False,
1451042,2024-06-28T10:36:44.321224Z,2024-06-28,en-US,other,other;,olivier.schalbroeck,Font Montserrat,https://support.mozilla.org/questions/1451042,,,,,,,,,,1,true,2.24,False,
1451049,2024-06-28T11:52:01.909541Z,2024-06-28,en-US,other,other;,NotR,how to see mailbox size limit,https://support.mozilla.org/questions/1451049,,,,,,,,,,2,true,20.34,True,christ1
1451054,2024-06-28T12:59:15.652079Z,2024-06-28,pt-BR,troubleshooting,fix-problems;,ferramentascbf,"E-mail restrito, entrega não permitida",https://support.mozilla.org/questions/1451054,,,,,,,,proto:smtp,,1,true,96.17,False,
1451056,2024-06-28T14:06:09.699992Z,2024-06-28,en-US,troubleshooting,fix-problems;,Purebeads,Why is my Local Inbox now arranged in groups?,https://support.mozilla.org/questions/1451056,,,,,,,,,,10,true,26.93,False,
1451058,2024-06-28T14:30:36.900600Z,2024-06-28,en-US,installation-and-updates,download-and-install_1;needsinfo;,benjamin.kurata,Outlook says that it will no longer let third party mail apps like Thunderbird to access Outlook email as of September 1,https://support.mozilla.org/questions/1451058,,,,,,m:gmail;m:microsoftemail,,,,17,true,0.19,True,benjamin.kurata
1451059,2024-06-28T14:58:03.138748Z,2024-06-28,en-US,other,other;,libirm,Add a salutation to Signature,https://support.mozilla.org/questions/1451059,,,,,,,,,,7,true,19.63,False,
1451060,2024-06-28T15:03:05.479748Z,2024-06-28,en-US,troubleshooting,fix-problems;,loopygram1,Composition and Menu bars on Replying or Writing new email,https://support.mozilla.org/questions/1451060,os:windows,,,,,,,,,6,true,29.72,False,
1451062,2024-06-28T15:19:33.806961Z,2024-06-28,en-US,other,other;,rearlclay2,will Thunderbird work with Hotmail after 9/16/24?,https://support.mozilla.org/questions/1451062,,,,,,m:microsoftemail,,,,1,true,2.11,False,
1451064,2024-06-28T15:52:00.256464Z,2024-06-28,en-US,troubleshooting,fix-problems;,kolorado,Outlook authentication,https://support.mozilla.org/questions/1451064,os:windows,,,,,m:microsoftemail,,proto:oauth,,1,false,,False,
1451065,2024-06-28T15:57:52.202568Z,2024-06-28,en-US,troubleshooting,fix-problems;,billbrysland,"Cannot send emails on Thunderbird after 115.12.2 update - ""Authentification error (VM401)"" I use Virgin Media. I can rec",https://support.mozilla.org/questions/1451065,,,,,,,,,,5,true,433.32,False,
1451068,2024-06-28T16:36:16.601572Z,2024-06-28,en-US,other,other;,Electrojim,Can't delete unwanted 'Templates' folder,https://support.mozilla.org/questions/1451068,,,,,,,,,,5,true,1470.15,True,Electrojim
1451069,2024-06-28T16:41:37.458871Z,2024-06-28,en-US,calendar,calendar;,ekahan,Can't dismiss Thunderbird calendar event reminder,https://support.mozilla.org/questions/1451069,,,,,,,,,,0,false,,False,
1451074,2024-06-28T18:03:57.601179Z,2024-06-28,nl,troubleshooting,fix-problems;,stijnmortelmans,"Emails have a bold font in Thunderbird, but not in webmail.",https://support.mozilla.org/questions/1451074,,,,,,m:gmail,,,,1,true,40.52,False,
1451075,2024-06-28T18:12:57.291372Z,2024-06-28,en-US,other,other;,spannspan,"over paid you, yesterday, 10.00! I must have hit the submit button twice! Also, I think your server, is down?",https://support.mozilla.org/questions/1451075,,,,,,,,,,1,true,7.58,False,
1451077,2024-06-28T18:41:49.303937Z,2024-06-28,en-US,troubleshooting,fix-problems;,bambangws,Lost my thunderbird emails from ny laptop,https://support.mozilla.org/questions/1451077,,,,,,,,,,3,true,29.6,False,
1451087,2024-06-28T18:59:28.919135Z,2024-06-28,nl,installation-and-updates,download-and-install_1;,HBVANDIJK,iK KAN WEL MAILS ONTVANGEN MAAR NIET VERSTUREN.,https://support.mozilla.org/questions/1451087,,,,,,,,,,1,true,39.5,False,
1451090,2024-06-28T19:09:18.853081Z,2024-06-28,en-US,privacy-and-security,privacy-and-security_1;,steve.hageman,Need to upgrade outlook authentication method - but options do not appear,https://support.mozilla.org/questions/1451090,,,,,,m:microsoftemail,,proto:oauth,,13,true,0.3,True,sfhowes
1451092,2024-06-28T20:07:58.403088Z,2024-06-28,en-US,installation-and-updates,download-and-install_1;,admin854,Cannot see mbox file in thunderbird,https://support.mozilla.org/questions/1451092,,,,,,,,,,1,true,2.77,False,
1451097,2024-06-28T22:15:01.965385Z,2024-06-28,en-US,troubleshooting,fix-problems;,keith.petersen.12,"Can't view old POP3 email messages, but I think the data is still there",https://support.mozilla.org/questions/1451097,os:macos,,macos:sonoma,,,,,proto:pop,,1,true,0.3,True,sfhowes
1451101,2024-06-28T22:53:18.916678Z,2024-06-28,en-US,other,other;,sbbolson,Lost Email accounts,https://support.mozilla.org/questions/1451101,os:windows,,,,,,,,,2,true,26.04,True,sbbolson
1451109,2024-06-29T01:27:19.086514Z,2024-06-29,en-US,installation-and-updates,download-and-install_1;,jrp07588,How do I transfer e-mail from Yahoo to thunderbird?,https://support.mozilla.org/questions/1451109,,,,,,m:yahooemail,isp:cox,,,1,true,6.57,False,
1451113,2024-06-29T03:53:44.951368Z,2024-06-29,en-US,other,other;,loosebit,Microsoft OAuth Authentication and Thunderbird in 2024,https://support.mozilla.org/questions/1451113,,,,,,m:microsoftemail,,proto:smtp;proto:oauth,,1,true,4.05,False,
1451120,2024-06-29T06:11:50.080952Z,2024-06-29,en-US,privacy-and-security,privacy-and-security_1;,kmartinp,OAUTH2 works for SMTP Hotmail but won't connect to Imap-Mail server. MSFT says must fix by 9/16. Urgent!,https://support.mozilla.org/questions/1451120,,,,,,m:microsoftemail,,proto:imap;proto:smtp;proto:oauth,av:norton,9,true,2.31,True,christ1
1451122,2024-06-29T06:55:12.539870Z,2024-06-29,en-US,privacy-and-security,privacy-and-security_1;,michael_sime,Thunderbird outgoing server does not have Oauth authentication method,https://support.mozilla.org/questions/1451122,,,,,,m:microsoftemail,,proto:smtp;proto:oauth,,5,true,1.49,True,christ1
1451123,2024-06-29T07:51:58.610997Z,2024-06-29,it,settings,customize;,nanimoeru,Problem with external 365 email,https://support.mozilla.org/questions/1451123,,,,,,m:microsoftemail,,,,6,true,0.15,False,
1451127,2024-06-29T10:10:51.707101Z,2024-06-29,en-US,other,other;,mick.glasby,Old Thunderbird now corrupted,https://support.mozilla.org/questions/1451127,os:macos,,macos:sonoma,,,,,,,3,true,6.82,False,
1451128,2024-06-29T10:23:37.332764Z,2024-06-29,cs,other,other;,alexhos12,Stratena Dorucena posta,https://support.mozilla.org/questions/1451128,,,,,,,,,,1,true,8.41,False,
1451130,2024-06-29T11:03:17.970114Z,2024-06-29,nl,troubleshooting,fix-problems;needsinfo;,ikruis1,Thunderbird no longer making internet connection,https://support.mozilla.org/questions/1451130,,,,,,,,,av:kaspersky,5,true,23.4,False,
1451134,2024-06-29T12:57:18.127970Z,2024-06-29,en-US,installation-and-updates,download-and-install_1;,hibs13,Corrupted contact details.,https://support.mozilla.org/questions/1451134,os:macos,,,,,,isp:btinternet,,,2,true,4.03,False,
1451139,2024-06-29T16:03:19.540953Z,2024-06-29,en-US,troubleshooting,fix-problems;,ehj69,home page is now minimal and need previous before trouble shooting.,https://support.mozilla.org/questions/1451139,,,,,,,,,,1,false,,False,
1451143,2024-06-29T17:07:58.279318Z,2024-06-29,en-US,troubleshooting,fix-problems;,orionstarman,Thunderbird email,https://support.mozilla.org/questions/1451143,,,,,,,,,,5,true,14.49,True,christ1
1451145,2024-06-29T18:05:39.162794Z,2024-06-29,en-US,other,other;,flappin,address book problem,https://support.mozilla.org/questions/1451145,,,,,,,,,,1,true,2.68,False,
1451149,2024-06-29T18:48:53.679608Z,2024-06-29,en-US,other,other;,nicholasb55,Thunderbird Message Pane is Blank,https://support.mozilla.org/questions/1451149,,,,,,,,,,0,false,,False,
1451150,2024-06-29T18:49:16.565868Z,2024-06-29,en-US,email-and-messaging,desktop;fix-problems;windows-10;firefox-1270;,Jamesrsamec41,layout for incoming email,https://support.mozilla.org/questions/1451150,os:windows,Windows 10,,,,,,,,1,true,5.27,False,
1451155,2024-06-29T21:21:56.894903Z,2024-06-29,en-US,other,other;,FNFAL309,this morning i can not open my firefox e-mail acct. it says it does not recognize me..after years of doing the exact sam,https://support.mozilla.org/questions/1451155,,,,,,,,,,1,true,4.03,False,
1451156,2024-06-29T21:38:07.567048Z,2024-06-29,en-US,settings,customize;,john_brayton,From and subject on two separate lines,https://support.mozilla.org/questions/1451156,,,,,,,,,,2,true,2.53,False,
1451157,2024-06-29T21:46:01.532230Z,2024-06-29,en-US,other,other;,wexler,Message Pane (preview) shows email source code for wrong message,https://support.mozilla.org/questions/1451157,os:windows,,,,,m:microsoftemail;m:yahooemail,,proto:imap,av:norton,7,true,9.82,False,
1451167,2024-06-30T02:37:52.205066Z,2024-06-30,en-US,privacy-and-security,privacy-and-security_1;,m.mackisack,Security issue with email through The Messsaging Company,https://support.mozilla.org/questions/1451167,os:windows,,,,,,,proto:smtp;proto:pop,,12,true,3.79,False,
1451171,2024-06-30T06:04:24.430305Z,2024-06-30,it,settings,customize;,hotellauri,Thunderbird,https://support.mozilla.org/questions/1451171,,,,,,,,,,5,true,0.68,False,
1451174,2024-06-30T10:18:40.946082Z,2024-06-30,en-US,installation-and-updates,download-and-install_1;,marwakamel42,cant link my business email with thunderbird,https://support.mozilla.org/questions/1451174,,,,,,,,,,2,true,6.25,False,
1451180,2024-06-30T14:38:55.716181Z,2024-06-30,en-US,other,other;,kitbird,Cannot receive Hotmail messages,https://support.mozilla.org/questions/1451180,os:windows,,,,,m:microsoftemail,,proto:pop;proto:oauth,,4,true,1.82,True,sfhowes
1451183,2024-06-30T15:20:23.002053Z,2024-06-30,en-US,other,other;,m.lindley,IMAP Quota,https://support.mozilla.org/questions/1451183,,,,,,,,proto:imap,,5,true,1.1,True,m.lindley
1451188,2024-06-30T16:39:52.420305Z,2024-06-30,en-US,calendar,calendar;,amazon3.ecc,How to keep month calendar in Today Pane? v115.12.2,https://support.mozilla.org/questions/1451188,,,,,,,,,,2,true,0.16,True,sfhowes
1451191,2024-06-30T17:25:30.163386Z,2024-06-30,en-US,troubleshooting,fix-problems;,stuart_jones,"Thunderbird quit working - Thunderbird keeps saying ""Login to server imap.aol.com with username xxxxverizon.net failed.",https://support.mozilla.org/questions/1451191,,,,,,m:microsoftemail,isp:verizon,proto:imap,,0,false,,False,
1451192,2024-06-30T17:30:30.949542Z,2024-06-30,en-US,other,other;,photojeannie8,can  not send attachments as the paperclip has disappeared,https://support.mozilla.org/questions/1451192,,,,,,,,,,0,false,,False,
1451198,2024-06-30T19:10:12.698296Z,2024-06-30,en-US,settings,customize;,terry30,BetterBird v115 does not load userChrome.css,https://support.mozilla.org/questions/1451198,,,,,,,,,,9,true,0.71,False,
1451199,2024-06-30T20:12:31.235175Z,2024-06-30,en-US,privacy-and-security,privacy-and-security_1;,psaraf2,Thunderbird POP3 email account.,https://support.mozilla.org/questions/1451199,,,,,,,,proto:pop,,2,true,4.04,True,davidsk
1451204,2024-06-30T22:08:23.865397Z,2024-06-30,en-US,other,other;,Bryan1,Can't export bookmarks,https://support.mozilla.org/questions/1451204,,,,,,,,,,1,true,2.06,False,
1451205,2024-06-30T22:50:09.735972Z,2024-06-30,en-US,other,other;,grigware,Thank you.,https://support.mozilla.org/questions/1451205,,,,,,,,,,8,true,1.34,True,grigware
1451208,2024-06-30T23:43:02.015853Z,2024-06-30,en-US,other,other;,music20,Unified Inbox for Windows Version,https://support.mozilla.org/questions/1451208,,,,,,,,,,2,true,0.32,False,
1451209,2024-06-30T23:46:15.523501Z,2024-06-30,en-US,settings,customize;,michael.moorespoint,Way the message list is displayed,https://support.mozilla.org/questions/1451209,,,,,,,,,,1,true,0.25,False,
