id,created,created_date,locale,topic,tags,creator,title,question_url,os,os_raw,macos_release,tb_version,tb_version_major,mail_provider,isp,protocol,av,num_answers,is_answered,first_answer_hours,is_solved,solved_by
1461401,2024-09-01T01:19:25.315422Z,2024-09-01,en-US,troubleshooting,needsinfo;troubleshooting;,dspower,My Thunderbird does not appear on new computer,https://support.mozilla.org/questions/1461401,,,,,,,,,,6,true,11.22,False,
1461403,2024-09-01T01:28:11.933717Z,2024-09-01,en-US,troubleshooting,troubleshooting;,larry41,Recent Thunderbird Update now downloads deleted messages from Gmail,https://support.mozilla.org/questions/1461403,,,,,,m:gmail,,,,1,true,17.95,False,
1461405,2024-09-01T01:39:16.032794Z,2024-09-01,en-US,troubleshooting,troubleshooting;,cynthia620,Thnuderbird,https://support.mozilla.org/questions/1461405,,,,,,,isp:comcast,,,0,false,,False,
1461416,2024-09-01T04:51:05.237133Z,2024-09-01,en-US,troubleshooting,troubleshooting;,kamkamui.79,hackers in my phone,https://support.mozilla.org/questions/1461416,,,,,,,,,,1,true,3.42,False,
1461418,2024-09-01T07:11:33.570238Z,2024-09-01,en-US,settings,customize-settings-and-preferences;,FirefoxinUbuntu,Thunderbird 115.13.0 (64 bit) Linux Mint cannot receive the Greek alphabet letters I sent from Gmail,https://support.mozilla.org/questions/1461418,os:linux,,,,,m:gmail,,,,3,true,1.32,True,FirefoxinUbuntu
1461420,2024-09-01T08:04:19.371627Z,2024-09-01,en-US,troubleshooting,troubleshooting;,duhnel,Status bar at bottom not showing,https://support.mozilla.org/questions/1461420,,,,,,,,,,1,true,2.03,False,
1461422,2024-09-01T08:30:24.551025Z,2024-09-01,en-US,troubleshooting,troubleshooting;,w.emmins,no deleted items in deleted box,https://support.mozilla.org/questions/1461422,,,,,,,,,,0,false,,False,
1461434,2024-09-01T10:46:41.217040Z,2024-09-01,it,other,other;,montalbano67,cartelle non visibili,https://support.mozilla.org/questions/1461434,,,,,,,,,,4,true,0.19,True,'@next
1461435,2024-09-01T10:56:56.416675Z,2024-09-01,en-US,other,other;,habadzi,email search freezes in esr version - urgent request from a donor,https://support.mozilla.org/questions/1461435,os:windows,,,,,m:gmail,,,,2,true,16.44,False,
1461436,2024-09-01T11:00:41.800317Z,2024-09-01,en-US,other,other;,habadzi,How to stop a frozen email search?,https://support.mozilla.org/questions/1461436,,,,,,,,,,4,true,16.36,False,
1461450,2024-09-01T13:26:45.179767Z,2024-09-01,en-US,other,other;,sales442,want sign in to my current thunderbird account,https://support.mozilla.org/questions/1461450,,,,,,,,,,1,true,6.68,False,
1461453,2024-09-01T13:48:42.218618Z,2024-09-01,it,other,other;,mauro.scarfagna,ricerca globale,https://support.mozilla.org/questions/1461453,,,,,,,,,,1,true,1.66,False,
1461455,2024-09-01T14:02:25.806973Z,2024-09-01,en-US,troubleshooting,troubleshooting;,shydubren,Import fails with errors,https://support.mozilla.org/questions/1461455,,,,,,m:yahooemail,,,,7,true,2.97,False,
1461462,2024-09-01T14:40:28.643634Z,2024-09-01,en-US,troubleshooting,troubleshooting;,tony3121,Purple Folders - cause identified,https://support.mozilla.org/questions/1461462,,,,,,,,,,0,false,,False,
1461465,2024-09-01T15:39:35.978768Z,2024-09-01,en-US,other,other;,pywacket4u2,Sign in,https://support.mozilla.org/questions/1461465,,,,,,,,,,1,true,4.43,False,
1461466,2024-09-01T15:54:59.866410Z,2024-09-01,en-US,other,other;,jmbrocky,Need to get address books from partial profile backup after Windows failure,https://support.mozilla.org/questions/1461466,os:windows,,,,,m:yahooemail,isp:cox,proto:imap;proto:pop,,1,false,,True,jmbrocky
1461469,2024-09-01T16:38:16.867965Z,2024-09-01,en-US,troubleshooting,troubleshooting;,Puglady,Main Inbox for Email missing all emails,https://support.mozilla.org/questions/1461469,,,,,,,,,,3,true,20.1,True,Puglady
1461473,2024-09-01T17:11:00.033625Z,2024-09-01,en-US,troubleshooting,troubleshooting;,93ptcb,Set up firefox email without using google,https://support.mozilla.org/questions/1461473,,,,,,,,,,1,true,1.34,False,
1461475,2024-09-01T17:17:05.368349Z,2024-09-01,en-US,troubleshooting,troubleshooting;,93ptcb,Browser,https://support.mozilla.org/questions/1461475,,,,,,,,,,1,true,1.22,False,
1461476,2024-09-01T17:19:40.340232Z,2024-09-01,en-US,troubleshooting,troubleshooting;,93ptcb,Contact info,https://support.mozilla.org/questions/1461476,,,,,,,,,,1,true,1.16,False,
1461478,2024-09-01T17:36:51.806742Z,2024-09-01,en-US,troubleshooting,troubleshooting;,jerome38,"Thunderbird doesn’t get messages from pop3 accounts, only imap",https://support.mozilla.org/questions/1461478,os:linux,,,,,,,proto:imap;proto:pop,,4,true,52.72,False,
1461486,2024-09-01T19:23:18.375126Z,2024-09-01,en-US,other,other;,ruffcoat6,Sync or import,https://support.mozilla.org/questions/1461486,,,,,,,,,,1,true,0.65,False,
1461489,2024-09-01T19:46:02.589478Z,2024-09-01,en-US,troubleshooting,troubleshooting;,john.haggerty,Viewing the filter log (again),https://support.mozilla.org/questions/1461489,os:linux,,,,,,,proto:pop,,3,true,7.6,True,john.haggerty
1461491,2024-09-01T19:57:07.181908Z,2024-09-01,nl,troubleshooting,troubleshooting;,erik103,inbox verdwenen na upgrade naar Noble 24.04.1 LTS,https://support.mozilla.org/questions/1461491,os:linux,,,,,,,,,5,true,13.97,False,
1461504,2024-09-01T21:14:47.459039Z,2024-09-01,en-US,troubleshooting,troubleshooting;,dschuder11,Moving Profiles between Desktop and Laptop IE Home DT and Travel LP,https://support.mozilla.org/questions/1461504,,,,,,m:gmail,,proto:pop,,1,true,14.78,False,
1461507,2024-09-01T21:39:25.124539Z,2024-09-01,en-US,troubleshooting,troubleshooting;,jmcarp43,Can't send messages,https://support.mozilla.org/questions/1461507,os:windows,,,,,m:gmail,isp:comcast,proto:smtp,,1,true,13.37,False,
1461510,2024-09-01T22:10:06.851803Z,2024-09-01,en-US,troubleshooting,troubleshooting;,wepeck,Server names,https://support.mozilla.org/questions/1461510,,,,,,m:yahooemail,isp:att,proto:pop,,0,false,,False,
1461511,2024-09-01T22:17:04.648649Z,2024-09-01,en-US,troubleshooting,troubleshooting;,Puglady,Inbox Empty,https://support.mozilla.org/questions/1461511,,,,,,,,,,1,true,14.18,False,
1461514,2024-09-01T23:10:59.589058Z,2024-09-01,en-US,troubleshooting,troubleshooting;,impaulb,all message filters stopped working,https://support.mozilla.org/questions/1461514,,,,,,,,,,0,false,,False,
1461517,2024-09-01T23:53:10.034356Z,2024-09-01,en-US,other,other;,lingling7,Content-Transfer-Encoding: base64 Problem after Nebula Update 128.1,https://support.mozilla.org/questions/1461517,,,,,,,,,,0,false,,False,
1461524,2024-09-02T01:16:26.158144Z,2024-09-02,en-US,settings,customize-settings-and-preferences;,theo54au,Colour of the side bar,https://support.mozilla.org/questions/1461524,,,,,,,,,,2,true,1.58,False,
1461527,2024-09-02T01:48:10.030241Z,2024-09-02,en-US,troubleshooting,troubleshooting;,mark572,Sent folder corruption,https://support.mozilla.org/questions/1461527,,,,,,,,proto:pop,,1,true,0.64,False,
1461528,2024-09-02T02:46:18.068924Z,2024-09-02,en-US,troubleshooting,troubleshooting;,keith72,security exception thunderbird and more,https://support.mozilla.org/questions/1461528,,,,,,,,,av:norton,1,true,0.47,False,
1461532,2024-09-02T03:09:47.483881Z,2024-09-02,en-US,troubleshooting,troubleshooting;,paul.gardener.1,collapse folders,https://support.mozilla.org/questions/1461532,,,,,,m:gmail,,,,3,true,0.19,False,
1461533,2024-09-02T03:25:48.488311Z,2024-09-02,en-US,troubleshooting,troubleshooting;,alan410,Wrong Attribution for Interac Notification,https://support.mozilla.org/questions/1461533,,,,,,,,,,1,true,0.15,True,sfhowes
1461550,2024-09-02T06:05:31.956831Z,2024-09-02,en-US,troubleshooting,troubleshooting;,nikkay12345,Multiple copies of messages arriving in  inbox,https://support.mozilla.org/questions/1461550,,,,,,,,,,0,false,,False,
1461552,2024-09-02T06:58:52.289512Z,2024-09-02,it,troubleshooting,troubleshooting;,n.capelli60,Ricerca eventi passati in calendario,https://support.mozilla.org/questions/1461552,,,,,,,,,,1,true,0.63,False,
1461554,2024-09-02T07:12:37.420930Z,2024-09-02,it,other,other;,victor.bat17,Risoluzione dei problemi,https://support.mozilla.org/questions/1461554,,,,,,,,,,1,true,0.37,False,
1461555,2024-09-02T07:37:08.867536Z,2024-09-02,it,other,other;,lorema,sincronizzazione non corretta di thunderbird con server synology,https://support.mozilla.org/questions/1461555,os:windows,,,,,,,proto:imap,,1,true,0.07,False,
1461556,2024-09-02T07:38:51.067818Z,2024-09-02,en-US,troubleshooting,troubleshooting;,ruthknox52,Send button disappeared,https://support.mozilla.org/questions/1461556,,,,,,,,,,1,true,3.69,False,
1461559,2024-09-02T08:16:55.110690Z,2024-09-02,es,troubleshooting,troubleshooting;,sisuartigas,Messages without content or header in Thunderbird,https://support.mozilla.org/questions/1461559,,,,,,,,,,1,true,112.09,False,
1461561,2024-09-02T08:26:59.874819Z,2024-09-02,en-US,troubleshooting,troubleshooting;,Iliopier,Thunderbird fails to send emails,https://support.mozilla.org/questions/1461561,,,,,,,,,,0,false,,False,
1461562,2024-09-02T08:28:01.664729Z,2024-09-02,en-US,other,other;,nabiyev_ali,Missed inbox from yahoo after open Thubderbird,https://support.mozilla.org/questions/1461562,,,,,,m:microsoftemail;m:yahooemail,,,,0,false,,False,
1461563,2024-09-02T08:30:19.483941Z,2024-09-02,en-US,troubleshooting,troubleshooting;,razorcool,not shown any more in black all new mails,https://support.mozilla.org/questions/1461563,,,,,,,,,,0,false,,False,
1461568,2024-09-02T08:56:56.460243Z,2024-09-02,nl,calendar,calendar;,michelbollen,Agenda kan niet afdrukken,https://support.mozilla.org/questions/1461568,,,,,,,,,,2,true,100.37,False,
1461569,2024-09-02T08:59:01.109428Z,2024-09-02,it,troubleshooting,needsinfo;troubleshooting;,maxtomb63,thunderbird,https://support.mozilla.org/questions/1461569,,,,,,,,,,1,true,0.04,False,
1461574,2024-09-02T09:06:07.226678Z,2024-09-02,en-US,troubleshooting,troubleshooting;,alan242,email downloads not happening,https://support.mozilla.org/questions/1461574,,,,,,,,,,0,false,,False,
1461575,2024-09-02T09:25:59.788600Z,2024-09-02,it,installation-and-updates,needsinfo;install-and-update;,info11821,ho problemi a collegarmi,https://support.mozilla.org/questions/1461575,,,,,,,,,,1,true,1.86,False,
1461578,2024-09-02T09:49:53.571093Z,2024-09-02,it,other,other;,vita.mail.bs,Mail scomparse,https://support.mozilla.org/questions/1461578,,,,,,,,,,1,false,,True,vita.mail.bs
1461579,2024-09-02T09:50:32.514607Z,2024-09-02,en-US,other,other;,nabiyev_ali,missing inbox in yahoo account,https://support.mozilla.org/questions/1461579,,,,,,m:microsoftemail;m:yahooemail,,,,0,false,,False,
1461581,2024-09-02T09:53:54.922768Z,2024-09-02,it,installation-and-updates,install-and-update;,pierluigibasile3,Configurazione account,https://support.mozilla.org/questions/1461581,,,,,,,,proto:imap,,7,true,1.38,True,'@next
1461582,2024-09-02T09:55:36.014256Z,2024-09-02,en-US,other,other;,miriam.fedorisinova,Problem so zobrazovanim mailov,https://support.mozilla.org/questions/1461582,,,,,,,,,,0,false,,False,
1461584,2024-09-02T10:08:23.179913Z,2024-09-02,it,other,other;,rubenguido2,uso katamail...ultimamente dal 1 agosto posso spedire ma non ricevere. qualcuno può aiutarmi?,https://support.mozilla.org/questions/1461584,,,,,,,,,,5,true,1.07,False,
1461587,2024-09-02T10:10:23.130481Z,2024-09-02,it,settings,needsinfo;customize-settings-and-preferences;,antoniosabatinoarchitetto,PROBLEMI IMAP E SINCRONIZZAZIONE MAIL CON REGISTER,https://support.mozilla.org/questions/1461587,,,,,,,,proto:imap,,1,true,1.01,False,
1461589,2024-09-02T10:16:48.187857Z,2024-09-02,en-US,installation-and-updates,desktop;install-and-update;,mary.hochstrasser,Add my existing Thunderbird mailbox,https://support.mozilla.org/questions/1461589,os:macos,Mac OS x 10_15_7,,,,,,,,0,false,,False,
1461595,2024-09-02T10:40:52.661034Z,2024-09-02,en-US,other,other;,nabiyev_ali,email missing,https://support.mozilla.org/questions/1461595,,,,,,m:yahooemail,,,,0,false,,False,
1461596,2024-09-02T10:45:44.870744Z,2024-09-02,en-US,troubleshooting,troubleshooting;,asistentgiovani,Failed to send message. Authentication on the mail server (SMTP) was not possible,https://support.mozilla.org/questions/1461596,,,,,,,,proto:smtp,,1,true,0.49,False,
1461603,2024-09-02T12:00:15.240246Z,2024-09-02,en-US,troubleshooting,troubleshooting;,davidbarker1942,BCC mail list,https://support.mozilla.org/questions/1461603,,,,,,,,,,2,true,4.96,False,
1461605,2024-09-02T12:03:14.168953Z,2024-09-02,en-US,other,other;,ringo1,Thunderbird feels very slow.,https://support.mozilla.org/questions/1461605,os:macos,,macos:sonoma,,,,,,,0,false,,False,
1461606,2024-09-02T12:23:11.144218Z,2024-09-02,en-US,other,other;,peter.gyarmati,Duplicates,https://support.mozilla.org/questions/1461606,,,,,,,,,,3,true,2.24,True,davidsk
1461607,2024-09-02T12:29:07.814806Z,2024-09-02,nl,troubleshooting,troubleshooting;,rien.peeman,Verzenden lukt alleen naar adressen in het adresboek,https://support.mozilla.org/questions/1461607,,,,,,,,,,1,true,96.81,False,
1461609,2024-09-02T12:35:07.069622Z,2024-09-02,en-US,other,other;,firefox170,Thunderbird 128.1.1,https://support.mozilla.org/questions/1461609,,,,,,,,,,15,true,4.64,False,
1461612,2024-09-02T13:11:43.708051Z,2024-09-02,en-US,settings,customize-settings-and-preferences;,compras31,My antivirus detects trojans which come from a Thunderbird old emails backup,https://support.mozilla.org/questions/1461612,,,,,,,,,av:kaspersky,3,true,0.7,False,
1461616,2024-09-02T13:44:28.132806Z,2024-09-02,en-US,troubleshooting,troubleshooting;,vvwzbbpx4c,Cannot send emails,https://support.mozilla.org/questions/1461616,,,,,,,,,,1,true,0.28,False,
1461617,2024-09-02T13:45:32.263267Z,2024-09-02,en-US,troubleshooting,troubleshooting;,tstewart1216,Junk mail not moving and cant delete messages,https://support.mozilla.org/questions/1461617,,,,,,,,,,0,false,,False,
1461619,2024-09-02T13:50:46.516794Z,2024-09-02,en-US,troubleshooting,troubleshooting;,ThunderStar,doubleclick on message line bug concerned to Thunderbird vers. 128.1.1.esr,https://support.mozilla.org/questions/1461619,,,,,,,,,,0,false,,False,
1461622,2024-09-02T13:59:47.950812Z,2024-09-02,it,troubleshooting,troubleshooting;,berni.massimo,problema di visualizzazione su Thundirbird dopo aver modificato l'ordine degli  indirizzi mail,https://support.mozilla.org/questions/1461622,,,,,,,,,,1,true,1.53,False,
1461623,2024-09-02T14:01:41.645282Z,2024-09-02,it,troubleshooting,troubleshooting;,web.grafica.3d,emails lost after repairing folder,https://support.mozilla.org/questions/1461623,,,,,,,,,,3,true,1.54,False,
1461626,2024-09-02T14:34:22.540654Z,2024-09-02,en-US,troubleshooting,troubleshooting;,jpsbach1,thunderbird 128.1.1esr on macbook pro,https://support.mozilla.org/questions/1461626,,,,,,m:gmail,,proto:smtp;proto:oauth,,6,true,0.08,False,
1461633,2024-09-02T15:14:43.060430Z,2024-09-02,en-US,installation-and-updates,install-and-update;,dcargile,Trouble setting up email thru thunderbird,https://support.mozilla.org/questions/1461633,,,,,,m:microsoftemail,isp:spectrum,,,0,false,,False,
1461634,2024-09-02T15:17:10.985628Z,2024-09-02,en-US,troubleshooting,troubleshooting;,simeon3,"Anti Virus feature disabled, but seems to not be fully disabled",https://support.mozilla.org/questions/1461634,,,,,,,,,av:bitdefender,0,false,,False,
1461635,2024-09-02T15:21:40.310914Z,2024-09-02,nl,troubleshooting,troubleshooting;,dickbrsm,uitgaande e-mailberichten,https://support.mozilla.org/questions/1461635,,,,,,,,,,1,true,17.72,False,
1461638,2024-09-02T15:40:01.233407Z,2024-09-02,en-US,troubleshooting,troubleshooting;,hvburman,Not loading mail,https://support.mozilla.org/questions/1461638,,,,,,,,,,0,false,,False,
1461643,2024-09-02T16:09:03.404858Z,2024-09-02,en-US,troubleshooting,troubleshooting;,christophl,Thunderbird unresponsive receiving new mails since 128.0.1,https://support.mozilla.org/questions/1461643,os:windows,,,,,,,proto:imap;proto:pop,,1,false,,True,christophl
1461646,2024-09-02T16:20:36.087450Z,2024-09-02,it,troubleshooting,troubleshooting;,claudio.forzano,Componente aggiuntivo Remove Duplicate Messages (Alternate) non funzionante su MacBook,https://support.mozilla.org/questions/1461646,,,,,,,,,,4,true,0.31,True,claudio.forzano
1461647,2024-09-02T16:23:39.259114Z,2024-09-02,en-US,privacy-and-security,protect-your-privacy;,keithhook1,Appeal left on my screen after donating. How to remove in layman's language please,https://support.mozilla.org/questions/1461647,,,,,,,,,,6,true,2.05,False,
1461650,2024-09-02T16:31:49.479165Z,2024-09-02,en-US,installation-and-updates,install-and-update;,information11,changing sign in account on Thunderbird,https://support.mozilla.org/questions/1461650,,,,,,,,,,0,false,,False,
1461651,2024-09-02T16:31:58.901107Z,2024-09-02,en-US,troubleshooting,troubleshooting;,landesroger,"Moving folders, messages no longer load.;",https://support.mozilla.org/questions/1461651,,,,,,,,,,1,false,,False,
1461654,2024-09-02T16:50:07.386945Z,2024-09-02,en-US,troubleshooting,troubleshooting;,sudarshanplaneta,Thunderbird keep asking password,https://support.mozilla.org/questions/1461654,,,,,,,,,,1,true,34.17,False,
1461655,2024-09-02T16:55:48.896584Z,2024-09-02,en-US,other,other;,domojestic,"""Quick filter"" option no longer displays icons for filtering by Unread, Starred, etc, instead hiding behind a mis-aligne",https://support.mozilla.org/questions/1461655,,,,,,,,,,0,false,,False,
1461656,2024-09-02T16:56:02.989217Z,2024-09-02,nl,troubleshooting,troubleshooting;,kraakman-han,Problemen met verzenden mails,https://support.mozilla.org/questions/1461656,,,,,,,,proto:pop,,6,true,16.18,False,
1461657,2024-09-02T16:59:02.999165Z,2024-09-02,en-US,settings,customize-settings-and-preferences;,bw0803,Thunderbird Split Screen,https://support.mozilla.org/questions/1461657,,,,,,,,,,2,true,1.72,False,
1461659,2024-09-02T17:13:24.008137Z,2024-09-02,it,other,other;needsinfo;,Diegocampagnola,ho tra lemail in arrivo alcune e mail che non si aprono,https://support.mozilla.org/questions/1461659,,,,,,,,,,1,true,12.14,False,
1461660,2024-09-02T17:20:23.843833Z,2024-09-02,en-US,privacy-and-security,protect-your-privacy;,1337lillan,Password,https://support.mozilla.org/questions/1461660,,,,,,,,,,14,true,1.01,False,
1461661,2024-09-02T17:22:01.074845Z,2024-09-02,en-US,installation-and-updates,install-and-update;,larryamoultonsr,trying to set  a new set password and you're asking me to go into what  im getting the password for?,https://support.mozilla.org/questions/1461661,,,,,,,,,,1,true,1.71,False,
1461672,2024-09-02T18:46:52.378586Z,2024-09-02,en-US,troubleshooting,troubleshooting;,bbawt1,Google contacts only syncing one way,https://support.mozilla.org/questions/1461672,os:windows,,,,,,,,,0,false,,False,
1461677,2024-09-02T19:12:12.451459Z,2024-09-02,en-US,troubleshooting,troubleshooting;,michael.nezi,Quick Filter issue,https://support.mozilla.org/questions/1461677,,,,,,,,,,0,false,,False,
1461680,2024-09-02T19:20:37.691693Z,2024-09-02,en-US,settings,needsinfo;customize-settings-and-preferences;,carahr,Email folders have disappeared,https://support.mozilla.org/questions/1461680,,,,,,,,proto:imap,,16,true,2.86,False,
1461690,2024-09-02T20:26:43.060942Z,2024-09-02,en-US,settings,customize-settings-and-preferences;,ericteicholz,new group address file,https://support.mozilla.org/questions/1461690,,,,,,,,,,1,true,0.62,False,
1461691,2024-09-02T20:42:18.163674Z,2024-09-02,en-US,troubleshooting,troubleshooting;,cbc1952,Ghost ID,https://support.mozilla.org/questions/1461691,,,,,,m:gmail,,,,2,true,0.32,True,davidsk
1461692,2024-09-02T20:48:07.526327Z,2024-09-02,en-US,troubleshooting,troubleshooting;,extra5,error message,https://support.mozilla.org/questions/1461692,,,,,,,,,,1,true,0.21,False,
1461698,2024-09-02T21:17:24.591472Z,2024-09-02,en-US,other,other;,islelar2,Thunderbird password not recognized,https://support.mozilla.org/questions/1461698,,,,,,,isp:spectrum,,,0,false,,False,
1461700,2024-09-02T21:23:42.635858Z,2024-09-02,en-US,installation-and-updates,install-and-update;,bob.vincent22,My email password,https://support.mozilla.org/questions/1461700,os:linux,,,,,,,,,0,false,,False,
1461716,2024-09-03T00:39:24.763880Z,2024-09-03,en-US,other,other;,hartfilms1,Does Firefox/Thunderbird have an email reader for emails saved locally?,https://support.mozilla.org/questions/1461716,,,,,,,,,,1,true,14.65,False,
1461722,2024-09-03T00:53:59.400785Z,2024-09-03,en-US,other,other;,ptownsend28,Deleted emails,https://support.mozilla.org/questions/1461722,,,,,,,,,,1,true,14.17,False,
1461725,2024-09-03T01:27:56.245578Z,2024-09-03,en-US,settings,customize-settings-and-preferences;,snowski,Outgoing smtp details being teset,https://support.mozilla.org/questions/1461725,,,,,,,,proto:smtp,,3,true,11.07,False,
1461726,2024-09-03T01:55:41.589183Z,2024-09-03,en-US,privacy-and-security,protect-your-privacy;,firefox2902,Thunderbird Calendar,https://support.mozilla.org/questions/1461726,os:windows,,,,,,,,,0,false,,False,
1461731,2024-09-03T03:30:13.537169Z,2024-09-03,en-US,other,other;bug1907691;tb128crash;,tolle,Thunderbird 128.2.0 Crashing on Start up (bug 1907691),https://support.mozilla.org/questions/1461731,,,,,,,,,,20,true,18.77,False,
1461734,2024-09-03T03:52:14.346239Z,2024-09-03,en-US,calendar,calendar;,rmdawson,Thunderbird requesting email password,https://support.mozilla.org/questions/1461734,,,,,,,,,,1,true,11.16,False,
1461736,2024-09-03T04:10:53.129810Z,2024-09-03,en-US,other,other;,rmdawson,Thunderbird constantly requesting password.,https://support.mozilla.org/questions/1461736,,,,,,,,,,1,true,10.84,False,
1461750,2024-09-03T06:59:55.457638Z,2024-09-03,en-US,troubleshooting,troubleshooting;tb128corrupt;,jinkem,Corruption of emails when transferring them from Inbox to another folder,https://support.mozilla.org/questions/1461750,,,,,,,,proto:smtp,,10,true,8.06,False,
1461753,2024-09-03T07:17:04.067750Z,2024-09-03,en-US,settings,customize-settings-and-preferences;,r.i.p1987,Setting local network server mail folder as Local Directory,https://support.mozilla.org/questions/1461753,os:linux,,,,,,,,,4,true,169.89,False,
1461759,2024-09-03T08:12:01.566777Z,2024-09-03,en-US,other,other;,sekretariat24,Thunderbird,https://support.mozilla.org/questions/1461759,,,,,,,,,,0,false,,False,
1461762,2024-09-03T08:54:15.805259Z,2024-09-03,en-US,troubleshooting,troubleshooting;,gstman007,Missing emails,https://support.mozilla.org/questions/1461762,,,,,,,,proto:imap,,0,false,,False,
1461767,2024-09-03T09:58:36.151406Z,2024-09-03,en-US,other,other;,surelogs172,messages,https://support.mozilla.org/questions/1461767,,,,,,,,,,0,false,,False,
1461768,2024-09-03T10:07:54.431796Z,2024-09-03,en-US,troubleshooting,troubleshooting;,szymon5,Corrupted email content.,https://support.mozilla.org/questions/1461768,,,,,,,,,,1,true,4.85,False,
1461773,2024-09-03T10:40:14.251029Z,2024-09-03,en-US,other,other;,judithmilne633,samsung phone,https://support.mozilla.org/questions/1461773,,,,,,,,,,1,true,1.73,False,
1461776,2024-09-03T10:55:15.128704Z,2024-09-03,en-US,installation-and-updates,install-and-update;,rrundstrom,Thunderbird,https://support.mozilla.org/questions/1461776,os:linux,,,,,,,,,0,false,,False,
1461777,2024-09-03T11:09:25.223699Z,2024-09-03,it,troubleshooting,troubleshooting;,archimaury,contenuti delle mail scomparsi - urgente,https://support.mozilla.org/questions/1461777,,,,,,,,,,1,true,0.51,False,
1461778,2024-09-03T11:27:57.851330Z,2024-09-03,en-US,settings,customize-settings-and-preferences;,rogersquier,Selection of Inbox to receive emails from online email account,https://support.mozilla.org/questions/1461778,,,,,,,,proto:pop,,3,true,3.47,False,
1461779,2024-09-03T11:34:01.772418Z,2024-09-03,hu,troubleshooting,troubleshooting;,durkoandras,Thunderbird login problem - 0x80004005 error message,https://support.mozilla.org/questions/1461779,,,,,,m:gmail,,proto:imap,,0,false,,False,
1461783,2024-09-03T12:05:49.747529Z,2024-09-03,pt-BR,troubleshooting,troubleshooting;,user111053045295106468366157942782696683620,Problemas ao colar imagem do whatsapp no corpo do email - Thunderbird,https://support.mozilla.org/questions/1461783,,,,,,,,,,0,false,,False,
1461793,2024-09-03T13:17:38.955920Z,2024-09-03,en-US,troubleshooting,troubleshooting;,nkkjanice,Laptop crashed and lost Thunderbird user profile and all emails. Need help to recover,https://support.mozilla.org/questions/1461793,,,,,,,,,,8,true,1.57,True,nkkjanice
1461796,2024-09-03T13:45:52.432484Z,2024-09-03,en-US,troubleshooting,troubleshooting;,manager51,Mail lock down with contribute screen.,https://support.mozilla.org/questions/1461796,,,,,,,,,,3,true,1.03,False,
1461797,2024-09-03T13:47:12.257197Z,2024-09-03,en-US,other,other;,bmeister1,thnderbird will not launch,https://support.mozilla.org/questions/1461797,,,,,,,,,,1,true,0.99,False,
1461798,2024-09-03T14:08:45.195693Z,2024-09-03,en-US,privacy-and-security,protect-your-privacy;,trent22,Vulnerability detection,https://support.mozilla.org/questions/1461798,,,,,,,,,,1,true,5.43,False,
1461803,2024-09-03T14:19:56.005592Z,2024-09-03,en-US,troubleshooting,troubleshooting;,matthias.merkel,After update to Thunderbird version 128:  Quick filter freezes the GUI while doing the filtering,https://support.mozilla.org/questions/1461803,os:linux,,,,,,,,,13,true,7.98,True,matthias.merkel
1461805,2024-09-03T14:42:25.158200Z,2024-09-03,en-US,troubleshooting,troubleshooting;,enzer,"Using ""Send to:"" to email photo will not use Thunderbird",https://support.mozilla.org/questions/1461805,os:windows,,,,,m:microsoftemail,,,,0,false,,False,
1461808,2024-09-03T14:52:38.727698Z,2024-09-03,en-US,troubleshooting,troubleshooting;,jmcarron,Cannot Get Messages,https://support.mozilla.org/questions/1461808,,,,,,,,,,1,false,,False,
1461811,2024-09-03T15:15:47.846488Z,2024-09-03,en-US,troubleshooting,troubleshooting;,otto.imgrund,Thunderbird v128.1.1esr Password manager fails,https://support.mozilla.org/questions/1461811,,,,,,,,,,1,true,11.73,False,
1461819,2024-09-03T16:10:56.773853Z,2024-09-03,it,other,other;,giovanni.ben,Non visualizzo il testo delle emails scaricate da settimane e mesi con TB!!!,https://support.mozilla.org/questions/1461819,,,,,,,,,,3,true,1.45,False,
1461820,2024-09-03T16:12:01.823382Z,2024-09-03,en-US,other,other;,Toby-Go,Failure to send email,https://support.mozilla.org/questions/1461820,,,,,,,,,,1,true,19.58,False,
1461823,2024-09-03T17:02:43.176995Z,2024-09-03,en-US,calendar,calendar;,sivarik,"Calendar Reminders unreadable, too dark",https://support.mozilla.org/questions/1461823,,,,,,,,,,0,false,,False,
1461828,2024-09-03T17:44:57.286925Z,2024-09-03,en-US,other,other;,foxymax,export contacts from olf thunderbird to new on new computer,https://support.mozilla.org/questions/1461828,os:windows,,,,,,,,,3,true,3.65,True,foxymax
1461833,2024-09-03T18:21:19.437564Z,2024-09-03,en-US,troubleshooting,troubleshooting;,tomfidelismorelli,I can receive emails but can't send emails on my tommorelli@hotmail.com email address in Thunderbird program on Asus lap,https://support.mozilla.org/questions/1461833,os:windows,,,,,m:microsoftemail,,proto:smtp,av:defender,4,true,3.02,True,tomfidelismorelli
1461836,2024-09-03T18:31:55.332902Z,2024-09-03,en-US,troubleshooting,troubleshooting;,elijah.sauder,Unified Folders Slow on MacOS 128.1.1,https://support.mozilla.org/questions/1461836,os:macos,,,,,m:gmail,,proto:imap,,2,true,3.77,False,
1461837,2024-09-03T18:49:02.522558Z,2024-09-03,en-US,other,other;,arimor,email,https://support.mozilla.org/questions/1461837,,,,,,,,,,1,true,2.62,False,
1461839,2024-09-03T18:52:28.135665Z,2024-09-03,en-US,troubleshooting,troubleshooting;,karin.keckeis,"connection to carddav addressbook provider fails (address, username, passwort correct)",https://support.mozilla.org/questions/1461839,os:windows,,,,,,,proto:carddav,,0,false,,False,
1461840,2024-09-03T18:52:57.286953Z,2024-09-03,es,troubleshooting,troubleshooting;,mariodelangel06201917,No puedo aseder a mi cuenta Google y feis,https://support.mozilla.org/questions/1461840,,,,,,,,,,1,true,77.38,False,
1461841,2024-09-03T18:56:36.631254Z,2024-09-03,en-US,troubleshooting,troubleshooting;,ken225,Disabled account keeps popping up asking for password,https://support.mozilla.org/questions/1461841,,,,,,,,,,12,true,2.4,False,
1461844,2024-09-03T19:17:56.138298Z,2024-09-03,en-US,troubleshooting,troubleshooting;,FIMOCREATIONSINC,INBOX ISSUE,https://support.mozilla.org/questions/1461844,,,,,,,,,,0,false,,False,
1461846,2024-09-03T19:51:58.119105Z,2024-09-03,en-US,other,other;,davidhands100,name + contact better dictation.com,https://support.mozilla.org/questions/1461846,,,,,,,,,,2,true,1.45,False,
1461849,2024-09-03T19:58:58.975434Z,2024-09-03,en-US,troubleshooting,troubleshooting;,rapo60,Thunderbird local directory changes after restart,https://support.mozilla.org/questions/1461849,os:linux,,,,,,,,,15,true,9.63,True,rapo60
1461856,2024-09-03T20:28:23.540016Z,2024-09-03,en-US,settings,customize-settings-and-preferences;,cls1.public,How do I undo this change I made about calendar warnings?,https://support.mozilla.org/questions/1461856,,,,,,,,,,0,false,,False,
1461864,2024-09-03T21:09:30.327155Z,2024-09-03,en-US,installation-and-updates,install-and-update;,Andrew_M_Garland,Transfer using only the profile file?,https://support.mozilla.org/questions/1461864,,,,,,,,,,2,true,0.13,True,davidsk
1461881,2024-09-03T23:41:44.876367Z,2024-09-03,en-US,troubleshooting,troubleshooting;,LWSiegel,Need to move a few emails from one profile to another,https://support.mozilla.org/questions/1461881,os:windows,,,,,,,proto:pop,,5,true,12.03,False,
1461882,2024-09-03T23:58:02.865944Z,2024-09-03,en-US,installation-and-updates,install-and-update;,mick110,Copying Thunderbird from Ubuntu 20.4 to 24.4,https://support.mozilla.org/questions/1461882,os:linux,,,,,,,,,1,false,,False,
1461887,2024-09-04T01:04:05.194039Z,2024-09-04,en-US,troubleshooting,troubleshooting;,wplachy,Thunderbird moves all messages to junk/spam folder for one email account,https://support.mozilla.org/questions/1461887,,,,,,,,,,0,false,,False,
1461889,2024-09-04T01:21:37.077217Z,2024-09-04,en-US,settings,customize-settings-and-preferences;,Rainight,How to sort the messages in a group in descending order,https://support.mozilla.org/questions/1461889,,,,,,,,,,0,false,,False,
1461890,2024-09-04T02:11:59.881638Z,2024-09-04,en-US,troubleshooting,troubleshooting;,wattos073,Blank emails,https://support.mozilla.org/questions/1461890,,,,,,,,,,1,false,,False,
1461892,2024-09-04T02:14:37.556254Z,2024-09-04,en-US,troubleshooting,troubleshooting;,wattos073,No content in emails,https://support.mozilla.org/questions/1461892,,,,,,,,,,0,false,,False,
1461898,2024-09-04T02:57:27.167534Z,2024-09-04,en-US,troubleshooting,troubleshooting;,rklisch7,Thunderbird seems to have crashed. I can't see emails,https://support.mozilla.org/questions/1461898,,,,,,,,,,0,false,,False,
1461901,2024-09-04T03:26:38.708682Z,2024-09-04,en-US,troubleshooting,troubleshooting;,prowing6364,Thunderbird Email on my Windows 7 Pro machines stopped displaying jpg pictures I send to myself,https://support.mozilla.org/questions/1461901,os:windows,,,,,m:gmail,,,,1,true,103.58,False,
1461902,2024-09-04T03:35:33.082730Z,2024-09-04,en-US,troubleshooting,troubleshooting;,mkostura,Thunderbird Unified folders,https://support.mozilla.org/questions/1461902,,,,,,,,,,2,true,37.14,False,
1461904,2024-09-04T03:48:03.732106Z,2024-09-04,en-US,other,other;,tg.sedyukova,пропали все входящие письма,https://support.mozilla.org/questions/1461904,,,,,,,,,,0,false,,False,
1461905,2024-09-04T03:55:27.359138Z,2024-09-04,en-US,installation-and-updates,install-and-update;,bobh9,Drag multiple addresses,https://support.mozilla.org/questions/1461905,,,,,,,,,,0,false,,False,
1461909,2024-09-04T04:41:47.947143Z,2024-09-04,en-US,troubleshooting,troubleshooting;,leon39,"Hello, I have been receiving this code when I open many emails, it seems to be in a fixed time window. I can check my em",https://support.mozilla.org/questions/1461909,,,,,,,,,,1,true,102.22,False,
1461910,2024-09-04T04:49:34.141434Z,2024-09-04,en-US,troubleshooting,troubleshooting;,marekcaroyln,"receiving emails in lower corner of screen, but unable to read them, I click on & they go away",https://support.mozilla.org/questions/1461910,,,,,,,,,,0,false,,False,
1461920,2024-09-04T06:54:52.108472Z,2024-09-04,it,other,other;,luigivanini55,Apertura di una pagina all'avvio di Thunderbird,https://support.mozilla.org/questions/1461920,,,,,,,,,,3,true,0.14,False,
1461923,2024-09-04T07:01:56.067790Z,2024-09-04,it,other,other;needsinfo;,danielebocci74,thunderbird non mi apre più le mail,https://support.mozilla.org/questions/1461923,,,,,,,,,,1,true,0.04,False,
1461927,2024-09-04T08:03:44.903011Z,2024-09-04,en-US,troubleshooting,troubleshooting;,arthur.sutton5,Access,https://support.mozilla.org/questions/1461927,,,,,,,,,,1,true,5.72,False,
1461928,2024-09-04T08:10:27.072625Z,2024-09-04,en-US,settings,customize-settings-and-preferences;,dasmit,saving sending emails,https://support.mozilla.org/questions/1461928,,,,,,,,,,0,false,,False,
1461932,2024-09-04T08:28:25.886441Z,2024-09-04,en-US,troubleshooting,troubleshooting;,p.arnaud,transfert de mail avec pièce jointe,https://support.mozilla.org/questions/1461932,,,,,,,,,,0,false,,False,
1461937,2024-09-04T09:17:15.550900Z,2024-09-04,it,other,other;needsinfo;,tiziano4,compilazione automatica,https://support.mozilla.org/questions/1461937,,,,,,,,,,1,true,0.25,False,
1461938,2024-09-04T09:20:36.031851Z,2024-09-04,es,troubleshooting,troubleshooting;,984sandoval,Correos borrados al utilizar reparador de carpetas,https://support.mozilla.org/questions/1461938,,,,,,,,proto:pop,,1,true,63.07,False,
1461940,2024-09-04T09:22:31.465719Z,2024-09-04,en-US,installation-and-updates,install-and-update;,john1103,Thunderbird on Android Mobile,https://support.mozilla.org/questions/1461940,,,,,,,,,,1,true,2.17,False,
1461945,2024-09-04T09:47:45.911956Z,2024-09-04,en-US,troubleshooting,troubleshooting;,kompani423,imap problem,https://support.mozilla.org/questions/1461945,,,,,,,,proto:imap;proto:pop,,0,false,,False,
1461950,2024-09-04T10:14:35.501291Z,2024-09-04,en-US,troubleshooting,troubleshooting;,norbert.pergeolah1,content of emails older than given date a disappeared,https://support.mozilla.org/questions/1461950,,,,,,,,,,0,false,,False,
1461954,2024-09-04T10:50:00.443625Z,2024-09-04,en-US,calendar,calendar;,cari.cifach,Searching Calendar in version 128,https://support.mozilla.org/questions/1461954,,,,,,,,,,2,true,44.4,False,
1461955,2024-09-04T11:00:13.210264Z,2024-09-04,en-US,troubleshooting,troubleshooting;,sales443,Automatic keeping a copy of sent mail in sent.,https://support.mozilla.org/questions/1461955,,,,,,,,,,0,false,,False,
1461956,2024-09-04T11:00:23.889658Z,2024-09-04,en-US,troubleshooting,troubleshooting;,email39,Thunderbird 'New Email' count is incorrect,https://support.mozilla.org/questions/1461956,,,,,,,,,,0,false,,False,
1461959,2024-09-04T11:17:03.897440Z,2024-09-04,pt-BR,troubleshooting,troubleshooting;,maquiseia2019,Emails incompletos,https://support.mozilla.org/questions/1461959,,,,,,,,,,0,false,,False,
1461962,2024-09-04T11:56:05.802266Z,2024-09-04,en-US,other,other;,ryszard15a,Open folder after download attachment,https://support.mozilla.org/questions/1461962,,,,,,,,,,0,false,,False,
1461963,2024-09-04T12:02:53.860265Z,2024-09-04,en-US,troubleshooting,troubleshooting;,keesm57,Thunderbird nebula; I can not change/delete contacts or information. It is grayed out.,https://support.mozilla.org/questions/1461963,os:macos,,macos:sonoma,,,,,,,2,true,3.37,False,
1461968,2024-09-04T12:45:35.903147Z,2024-09-04,en-US,troubleshooting,troubleshooting;,BDinger3,TB downloading emails without permission,https://support.mozilla.org/questions/1461968,,,,,,m:yahooemail,isp:cox,proto:pop,,0,false,,False,
1461970,2024-09-04T12:56:37.663993Z,2024-09-04,en-US,other,other;,webmonk,Thunderbird for Iphone,https://support.mozilla.org/questions/1461970,,,,,,,,,,1,true,0.81,False,
1461972,2024-09-04T13:21:27.872033Z,2024-09-04,en-US,troubleshooting,troubleshooting;,xnu1ty4b,Can't send from Hotmail,https://support.mozilla.org/questions/1461972,,,,,,m:microsoftemail,,,,8,true,0.39,True,davidsk
1461973,2024-09-04T13:28:14.640432Z,2024-09-04,en-US,troubleshooting,troubleshooting;,TracyX,163 email error message when set it up,https://support.mozilla.org/questions/1461973,,,,,,,,,,0,false,,False,
1461974,2024-09-04T13:29:12.979816Z,2024-09-04,it,installation-and-updates,needsinfo;install-and-update;,steliroberto68,"non ricevo e non invio email dal 27 agosto,mi chiede password e non la riconosce su 3 account diversi",https://support.mozilla.org/questions/1461974,,,,,,m:gmail,,,,2,true,0.17,False,
1461975,2024-09-04T13:35:12.198126Z,2024-09-04,en-US,troubleshooting,troubleshooting;,jonsulli2k,"After update, get messages shows inbox number increasing but new messages never appear",https://support.mozilla.org/questions/1461975,os:macos,,macos:big_sur,,,m:gmail,,,,2,true,27.17,True,jonsulli2k
1461981,2024-09-04T13:52:25.577360Z,2024-09-04,en-US,troubleshooting,troubleshooting;,AlanShef,new Thunderbird email,https://support.mozilla.org/questions/1461981,,,,,,,,,,1,true,3.79,False,
1461986,2024-09-04T14:13:36.871800Z,2024-09-04,es,troubleshooting,needsinfo;troubleshooting;,fdominguezreyes,My email address does not appear in Mozilla Thunderbird.,https://support.mozilla.org/questions/1461986,,,,,,,,,,1,true,58.34,False,
1461993,2024-09-04T14:42:49.817970Z,2024-09-04,en-US,error-messages-what-they-mean-and-how-fix,thunderbird;error-messages-what-they-mean-and-how-fix;,dave220,Thunderbird marks as read before I can read them,https://support.mozilla.org/questions/1461993,os:windows,,,,,m:gmail;m:yahooemail,,,,0,false,,False,
1461994,2024-09-04T14:48:02.628352Z,2024-09-04,en-US,error-messages-what-they-mean-and-how-fix,thunderbird;error-messages-what-they-mean-and-how-fix;,wdagar,Upgrade to 128.2,https://support.mozilla.org/questions/1461994,,,,,,m:microsoftemail,isp:spectrum,,,5,true,0.12,True,wdagar
1461997,2024-09-04T15:10:22.554020Z,2024-09-04,en-US,passwords-and-sign-in,thunderbird;passwords-and-sign-in;,acornmedia,Not able to Sign in on Thunderbird Account,https://support.mozilla.org/questions/1461997,,,,,,,,,,0,false,,False,
1461998,2024-09-04T15:26:19.780500Z,2024-09-04,en-US,installation-and-updates,thunderbird;installation-and-updates;,tnspooner24,Importing restored file from Carbonite,https://support.mozilla.org/questions/1461998,,,,,,,,,,0,false,,False,
1462001,2024-09-04T15:46:59.446922Z,2024-09-04,en-US,email-and-messaging,thunderbird;email-and-messaging;,donnagronros,not receiving emails,https://support.mozilla.org/questions/1462001,,,,,,,,,,0,false,,False,
1462004,2024-09-04T15:56:11.109317Z,2024-09-04,en-US,installation-and-updates,thunderbird;installation-and-updates;,futurhockey,Can't Delete Folders,https://support.mozilla.org/questions/1462004,,,,,,,,,,0,false,,False,
1462011,2024-09-04T16:28:59.229415Z,2024-09-04,en-US,email-and-messaging,thunderbird;email-and-messaging;,Mick112,Thunderbird in box,https://support.mozilla.org/questions/1462011,,,,,,,,,,0,false,,False,
1462012,2024-09-04T16:30:15.610718Z,2024-09-04,en-US,email-and-messaging,thunderbird;email-and-messaging;,rmcandless,email string,https://support.mozilla.org/questions/1462012,,,,,,,,,,1,true,1.36,False,
1462013,2024-09-04T16:32:36.601207Z,2024-09-04,en-US,email-and-messaging,thunderbird;email-and-messaging;,jinkem,Some emails coming in as gobbeldegook,https://support.mozilla.org/questions/1462013,,,,,,m:yahooemail,,,,2,true,90.33,False,
1462017,2024-09-04T16:50:31.766015Z,2024-09-04,en-US,email-and-messaging,thunderbird;email-and-messaging;,techowl1,Home Automation Emailing,https://support.mozilla.org/questions/1462017,,,,,,m:gmail,isp:bell,,,0,false,,False,
1462019,2024-09-04T17:01:32.993979Z,2024-09-04,en-US,email-and-messaging,thunderbird;email-and-messaging;,markfinlay1,"Thunderbird running on two machines, accessing one pop3 account.",https://support.mozilla.org/questions/1462019,os:linux,,,,,,,proto:imap;proto:pop,,0,false,,False,
1462020,2024-09-04T17:04:16.510613Z,2024-09-04,en-US,settings,thunderbird;settings;,hunahpuvm,Configurar ubicación de carpetas,https://support.mozilla.org/questions/1462020,,,,,,m:gmail,,proto:imap,,0,false,,False,
1462022,2024-09-04T17:12:29.973387Z,2024-09-04,en-US,email-and-messaging,thunderbird;email-and-messaging;bug1682139;,ablstnlki12,The Filters for messages have not worked right for months,https://support.mozilla.org/questions/1462022,,,,,,,,,,5,true,23.56,False,
1462024,2024-09-04T17:25:19.754587Z,2024-09-04,en-US,email-and-messaging,thunderbird;email-and-messaging;,john.addis,does thunderbird have it's own server or does it use the isp's server,https://support.mozilla.org/questions/1462024,,,,,,m:yahooemail,isp:optimum,,,1,true,0.38,False,
1462026,2024-09-04T17:38:10.347453Z,2024-09-04,en-US,performance-and-connectivity,thunderbird;performance-and-connectivity;,john.addis,Does TBird have it's own Severs rr use the ISP's Server,https://support.mozilla.org/questions/1462026,,,,,,m:yahooemail,isp:optimum,,,1,true,0.16,False,
1462030,2024-09-04T18:05:17.204858Z,2024-09-04,en-US,installation-and-updates,thunderbird;installation-and-updates;,flmaxey,Thunderbird Profiles,https://support.mozilla.org/questions/1462030,,,,,,,,,,1,true,2.07,False,
1462031,2024-09-04T18:06:26.055117Z,2024-09-04,en-US,email-and-messaging,thunderbird;email-and-messaging;,swalker35,Emails not retrieved from ISP,https://support.mozilla.org/questions/1462031,,,,,,,isp:shaw,,,0,false,,False,
1462033,2024-09-04T18:19:08.776336Z,2024-09-04,en-US,email-and-messaging,thunderbird;email-and-messaging;,mrwhite804,Email Display,https://support.mozilla.org/questions/1462033,,,,,,,,,,0,false,,False,
1462036,2024-09-04T18:37:14.193952Z,2024-09-04,en-US,email-and-messaging,thunderbird;email-and-messaging;,kkifer,Certain spam message senders still show up in new mail even though I have made a filter for them. These new messages hav,https://support.mozilla.org/questions/1462036,,,,,,,,,,0,false,,False,
1462037,2024-09-04T18:45:59.056759Z,2024-09-04,en-US,email-and-messaging,thunderbird;email-and-messaging;,phyllisbulgin,"when sending or receiving messages, stops to download and have to wait",https://support.mozilla.org/questions/1462037,,,,,,,,,,0,false,,False,
1462046,2024-09-04T19:29:08.302856Z,2024-09-04,en-US,accounts,thunderbird;accounts;,SupportMozilla,Trying to add GMail; popup window to log into GMail returns a 404 message,https://support.mozilla.org/questions/1462046,os:windows,,,,,m:gmail,,,,1,true,87.34,False,
1462051,2024-09-04T20:18:15.968767Z,2024-09-04,en-US,email-and-messaging,thunderbird;email-and-messaging;,deeko1,Asking for Password and Not sending mail,https://support.mozilla.org/questions/1462051,,,,,,m:microsoftemail,,,,0,false,,False,
1462052,2024-09-04T20:22:14.834477Z,2024-09-04,en-US,email-and-messaging,thunderbird;email-and-messaging;,pi.bike.oracle,Migrate Outlook Calendar to Thunderbird,https://support.mozilla.org/questions/1462052,os:windows,,,,,m:microsoftemail,,,,0,false,,False,
1462054,2024-09-04T20:25:47.516632Z,2024-09-04,en-US,email-and-messaging,thunderbird;email-and-messaging;,Fred615,I am getting a message from Xfinity that I cannot get into the email server.,https://support.mozilla.org/questions/1462054,,,,,,,isp:comcast,,,0,false,,False,
1462055,2024-09-04T20:35:20.711442Z,2024-09-04,en-US,accessibility,thunderbird;accessibility;,glapidus,Printing thunderbird messages,https://support.mozilla.org/questions/1462055,os:windows,,,,,,,,,0,false,,False,
1462060,2024-09-04T20:57:42.703766Z,2024-09-04,en-US,email-and-messaging,thunderbird;email-and-messaging;,Stumann,Address bokk problems,https://support.mozilla.org/questions/1462060,,,,,,,,,,0,false,,False,
1462067,2024-09-04T21:39:07.941748Z,2024-09-04,en-US,email-and-messaging,thunderbird;email-and-messaging;,rgeist,unable to sign on thunderbird after years of use,https://support.mozilla.org/questions/1462067,,,,,,m:yahooemail,isp:att,,,0,false,,False,
1462076,2024-09-04T23:39:24.348186Z,2024-09-04,en-US,passwords-and-sign-in,thunderbird;passwords-and-sign-in;,michael168,Can TB hide its client ID when it connects?,https://support.mozilla.org/questions/1462076,,,,,,,,proto:imap;proto:oauth,,0,false,,False,
1462087,2024-09-05T01:10:33.524564Z,2024-09-05,en-US,accounts,thunderbird;accounts;,RickMeyer,Changing font color in the main window,https://support.mozilla.org/questions/1462087,,,,,,,,,,0,false,,False,
1462091,2024-09-05T01:46:01.703587Z,2024-09-05,en-US,privacy-and-security,thunderbird;privacy-and-security_1;needsinfo;,Staceyklemz884,Kathy Smith,https://support.mozilla.org/questions/1462091,,,,,,,,,,1,false,,False,
1462095,2024-09-05T02:17:10.111010Z,2024-09-05,en-US,email-and-messaging,thunderbird;email-and-messaging;,jjhavers,Thunderbird,https://support.mozilla.org/questions/1462095,,,,,,,,proto:smtp,av:avast,1,true,80.45,False,
1462098,2024-09-05T02:44:48.527248Z,2024-09-05,en-US,settings,thunderbird;settings;,ko68618,POP3 MAIL SETTING ISSUE,https://support.mozilla.org/questions/1462098,,,,,,m:gmail,,proto:pop,,0,false,,False,
1462099,2024-09-05T03:08:03.384970Z,2024-09-05,en-US,email-and-messaging,thunderbird;email-and-messaging;,jojotom748,Can not send email after reinstalling Thunderbird,https://support.mozilla.org/questions/1462099,,,,,,m:microsoftemail,isp:spectrum,,,1,true,2518.62,False,
1462100,2024-09-05T03:14:30.126909Z,2024-09-05,en-US,accounts,thunderbird;accounts;,jon31512,邮件附件不展示,https://support.mozilla.org/questions/1462100,,,,,,,,,,0,false,,False,
1462102,2024-09-05T03:28:55.817889Z,2024-09-05,en-US,performance-and-connectivity,thunderbird;needsinfo;performance-and-connectivity;,TOBrienArchitect,Some folders (e.g. '[Gmail]/All Mail on xxxxxx@gmail.com') cannot be compacted because there is not enough free disk spa,https://support.mozilla.org/questions/1462102,,,,,,m:gmail,,,,18,true,9.63,True,davidsk
1462104,2024-09-05T04:14:03.593933Z,2024-09-05,en-US,email-and-messaging,thunderbird;email-and-messaging;,jjg555,reduce email disk space - two Sent folders,https://support.mozilla.org/questions/1462104,os:macos,,macos:sonoma,,,m:gmail,,,,8,true,8.56,True,davidsk
1462105,2024-09-05T05:11:56.265328Z,2024-09-05,en-US,email-and-messaging,thunderbird;email-and-messaging;,robert251346,Is there a possibility to reload Thunderbird's Sent indexes from for example C# code?,https://support.mozilla.org/questions/1462105,,,,,,,,,,0,false,,False,
1462106,2024-09-05T05:50:06.504029Z,2024-09-05,en-US,email-and-messaging,thunderbird;email-and-messaging;,m.celine.grech,Thunderbird still tries to synchronize a deleted Gmail account,https://support.mozilla.org/questions/1462106,,,,,,m:gmail,,,,0,false,,False,
1462108,2024-09-05T06:30:38.571382Z,2024-09-05,tr,email-and-messaging,thunderbird;email-and-messaging;,b.caglagan,Gelen Mail de İleti Kimliği,https://support.mozilla.org/questions/1462108,,,,,,,,,,1,true,9.45,False,
1462112,2024-09-05T07:12:23.153730Z,2024-09-05,sl,performance-and-connectivity,thunderbird;performance-and-connectivity;,klun91,Nalaganje pošte,https://support.mozilla.org/questions/1462112,,,,,,,,,,0,false,,False,
1462113,2024-09-05T07:14:17.626418Z,2024-09-05,en-US,installation-and-updates,thunderbird;installation-and-updates;,admin884,signing in on new update,https://support.mozilla.org/questions/1462113,,,,,,,,,,0,false,,False,
1462116,2024-09-05T07:26:36.120669Z,2024-09-05,it,email-and-messaging,thunderbird;email-and-messaging;,segreteria33,MANCATA VISUALIZZAZIONE DEL TESTO DELLA MAIL,https://support.mozilla.org/questions/1462116,,,,,,,,,,1,true,0.84,False,
1462117,2024-09-05T07:34:29.797488Z,2024-09-05,it,email-and-messaging,thunderbird;email-and-messaging;,dinogalletti01,Cancellazione massiva mail,https://support.mozilla.org/questions/1462117,,,,,,m:microsoftemail,,proto:imap;proto:pop,,4,true,0.96,False,
1462119,2024-09-05T08:00:22.902878Z,2024-09-05,en-US,email-and-messaging,thunderbird;email-and-messaging;,dalg9745,Printing emails from Thunderbird,https://support.mozilla.org/questions/1462119,,,,,,,,,,0,false,,False,
1462120,2024-09-05T08:02:06.275056Z,2024-09-05,en-US,email-and-messaging,thunderbird;email-and-messaging;,PaulF,Server time out and can't get updates,https://support.mozilla.org/questions/1462120,os:windows,,,,,,,proto:pop,,0,false,,False,
1462121,2024-09-05T08:11:53.061681Z,2024-09-05,it,email-and-messaging,thunderbird;email-and-messaging;,chiozzi.fde,"Alcune mail arrivano ""codificate""",https://support.mozilla.org/questions/1462121,,,,,,,,,,5,true,0.4,True,'@next
1462122,2024-09-05T08:25:24.235252Z,2024-09-05,en-US,email-and-messaging,thunderbird;email-and-messaging;,sam27126liz,スレッド表示,https://support.mozilla.org/questions/1462122,,,,,,,,,,0,false,,False,
1462126,2024-09-05T09:16:06.358002Z,2024-09-05,en-US,settings,thunderbird;settings;,asen.christov,"event invites automatically added to calendar, no accept or decline buttons",https://support.mozilla.org/questions/1462126,os:linux,,,,,,,proto:caldav,,0,false,,False,
1462133,2024-09-05T09:50:00.954301Z,2024-09-05,en-US,accounts,thunderbird;accounts;,itprajwal2024,Thunderbird Integration,https://support.mozilla.org/questions/1462133,,,,,,,,,,2,true,3.21,False,
1462135,2024-09-05T10:21:46.176910Z,2024-09-05,cs,installation-and-updates,thunderbird;installation-and-updates;,futera,thunderbird,https://support.mozilla.org/questions/1462135,,,,,,,,,,1,true,1.24,False,
1462136,2024-09-05T11:10:02.088452Z,2024-09-05,nl,email-and-messaging,thunderbird;email-and-messaging;,alex.vermeersch,mail bijlage opslaan in map werkt niet thunderbird headless met add-on FiltaQuilla en Attachment Extractor,https://support.mozilla.org/questions/1462136,,,,,,,,,,1,true,0.68,False,
1462139,2024-09-05T11:29:22.429083Z,2024-09-05,en-US,installation-and-updates,thunderbird;installation-and-updates;,rjroehrig,Lost Dictionary during a recent Update,https://support.mozilla.org/questions/1462139,,,,,,,,,,1,true,0.36,False,
1462140,2024-09-05T11:40:05.710770Z,2024-09-05,nl,email-and-messaging,thunderbird;email-and-messaging;,buiksbeckers,mailbericht opent niet goed,https://support.mozilla.org/questions/1462140,os:windows,,,,,,,,,1,true,25.6,True,Mozilla-assistent
1462143,2024-09-05T11:49:25.018357Z,2024-09-05,nl,email-and-messaging,thunderbird;email-and-messaging;,j.cozijnsen,Thunderbird voor iphone,https://support.mozilla.org/questions/1462143,,,,,,,,,,1,true,3.16,False,
1462148,2024-09-05T12:09:17.419729Z,2024-09-05,hu,accounts,thunderbird;accounts;,tothisvanpaja,Fiók törlés,https://support.mozilla.org/questions/1462148,,,,,,,,,,0,false,,False,
1462149,2024-09-05T12:15:44.608609Z,2024-09-05,en-US,email-and-messaging,thunderbird;email-and-messaging;,fay.cusa,lost inbox messages when I changed host account settings,https://support.mozilla.org/questions/1462149,,,,,,,,proto:imap;proto:pop,,1,true,0.3,False,
1462160,2024-09-05T12:50:57.680203Z,2024-09-05,es,email-and-messaging,thunderbird;email-and-messaging;,elabfon,Blank messages after downloading to local folders,https://support.mozilla.org/questions/1462160,,,,,,,,,,1,true,35.63,False,
1462162,2024-09-05T13:03:13.195608Z,2024-09-05,en-US,email-and-messaging,thunderbird;email-and-messaging;,markhbfindlay,Thunderbird not fully downloading emails.,https://support.mozilla.org/questions/1462162,os:macos,,macos:sonoma,,,,,,,0,false,,False,
1462164,2024-09-05T13:10:26.030648Z,2024-09-05,en-US,accessibility,thunderbird;accessibility;,tfarkas50,When comes the Android app?,https://support.mozilla.org/questions/1462164,,,,,,,,,,2,true,2.59,False,
1462166,2024-09-05T13:19:58.553612Z,2024-09-05,en-US,email-and-messaging,thunderbird;email-and-messaging;,keithk1,Emails,https://support.mozilla.org/questions/1462166,,,,,,,,,,0,false,,False,
1462170,2024-09-05T13:27:35.100457Z,2024-09-05,en-US,email-and-messaging,thunderbird;email-and-messaging;,alex.vermeersch,thunderbird save attachment not working,https://support.mozilla.org/questions/1462170,,,,,,,,,,0,false,,False,
1462171,2024-09-05T13:28:28.313229Z,2024-09-05,en-US,accessibility,thunderbird;accessibility;,loeppkyj,Cannot access remote content in windows 10 for emails or websites,https://support.mozilla.org/questions/1462171,os:windows,,,,,,,,,0,false,,False,
1462172,2024-09-05T13:31:24.702330Z,2024-09-05,en-US,email-and-messaging,thunderbird;email-and-messaging;,bekergoogle,Manual reorder of folders,https://support.mozilla.org/questions/1462172,,,,,,,,,,1,true,3.98,False,
1462173,2024-09-05T13:40:53.527190Z,2024-09-05,en-US,settings,thunderbird;settings;,nmsmondego,Cannot select sound file for new emails,https://support.mozilla.org/questions/1462173,os:linux,,,,,,,,,0,false,,False,
1462175,2024-09-05T13:54:29.650984Z,2024-09-05,nl,settings,thunderbird;settings;,daddycool243,thema,https://support.mozilla.org/questions/1462175,,,,,,,,,,0,false,,False,
1462181,2024-09-05T14:47:22.269448Z,2024-09-05,en-US,accessibility,thunderbird;accessibility;,gbs52,How do I set up a group address in Thunderbird,https://support.mozilla.org/questions/1462181,,,,,,,,,,0,false,,False,
1462189,2024-09-05T15:28:08.714363Z,2024-09-05,en-US,email-and-messaging,thunderbird;email-and-messaging;,okhwgstudio,Autoupload remote images,https://support.mozilla.org/questions/1462189,,,,,,,,,,0,false,,False,
1462191,2024-09-05T15:32:05.864012Z,2024-09-05,en-US,performance-and-connectivity,thunderbird;performance-and-connectivity;,FoxJT,Updated thunderbird now slower,https://support.mozilla.org/questions/1462191,os:linux,,,,,,,,,2,true,1.15,False,
1462192,2024-09-05T15:40:44.358611Z,2024-09-05,en-US,email-and-messaging,thunderbird;email-and-messaging;,newbergbd,ThunderBird Desktop Folders,https://support.mozilla.org/questions/1462192,,,,,,,,,,0,false,,False,
1462193,2024-09-05T15:42:22.616684Z,2024-09-05,en-US,performance-and-connectivity,thunderbird;performance-and-connectivity;,ekahan,Can't dismiss Thunderbird calendar event,https://support.mozilla.org/questions/1462193,,,,,,,,,,0,false,,False,
1462197,2024-09-05T15:48:33.386930Z,2024-09-05,en-US,email-and-messaging,thunderbird;email-and-messaging;,duhnel,Unified Folders totals wrong,https://support.mozilla.org/questions/1462197,,,,,,,,,,0,false,,False,
1462199,2024-09-05T15:56:19.756264Z,2024-09-05,en-US,settings,thunderbird;settings;,mar-rom,"Trying to do Microsoft/Thunderbird authentication before Sept 16, 2024",https://support.mozilla.org/questions/1462199,,,,,,,,proto:oauth,,1,true,1.83,False,
1462200,2024-09-05T16:01:07.715302Z,2024-09-05,en-US,privacy-and-security,thunderbird;privacy-and-security_1;,bzuehlsdorf,dual authentication not allowing emails,https://support.mozilla.org/questions/1462200,,,,,,,,proto:smtp;proto:oauth,,1,true,1.72,False,
1462201,2024-09-05T16:13:37.449775Z,2024-09-05,en-US,settings,thunderbird;settings;,jerrysummy,Thunderbird opens donate page on the web site. I've unchecked the box in settings but it keeps coming up and then the bo,https://support.mozilla.org/questions/1462201,,,,,,,,,,6,true,3.65,False,
1462204,2024-09-05T16:23:20.831014Z,2024-09-05,en-US,email-and-messaging,thunderbird;email-and-messaging;,larry41,"Latest version of Thunderbird downloads deleted messaged from gmail,  2nd request.",https://support.mozilla.org/questions/1462204,os:windows,,,,,m:gmail,,,,1,true,0.44,False,
1462207,2024-09-05T16:32:12.107845Z,2024-09-05,en-US,email-and-messaging,thunderbird;email-and-messaging;,welcome,[SOLVED] How can I delete an undeletable folder ?,https://support.mozilla.org/questions/1462207,,,,,,,,proto:pop,,12,true,90.08,True,Toad-Hall
1462208,2024-09-05T16:48:12.497296Z,2024-09-05,en-US,performance-and-connectivity,thunderbird;performance-and-connectivity;,tim296,Mailing List Error,https://support.mozilla.org/questions/1462208,,,,,,,,,,0,false,,False,
1462210,2024-09-05T16:57:19.940120Z,2024-09-05,en-US,performance-and-connectivity,thunderbird;performance-and-connectivity;,davidmul,I ran Linux Mint 22 and switched to LMDE6 I am running TB 128.2.0 It keeps crashing,https://support.mozilla.org/questions/1462210,os:linux,,,,,,,,,0,false,,False,
1462211,2024-09-05T16:59:07.184907Z,2024-09-05,en-US,installation-and-updates,thunderbird;installation-and-updates;,ts9,message list table view columns,https://support.mozilla.org/questions/1462211,,,,,,,,,,1,true,0.68,False,
1462216,2024-09-05T17:23:41.185359Z,2024-09-05,en-US,email-and-messaging,thunderbird;email-and-messaging;,r4bsf9g6wq,Repair folder,https://support.mozilla.org/questions/1462216,,,,,,,,,,0,false,,False,
1462220,2024-09-05T17:47:45.506665Z,2024-09-05,en-US,email-and-messaging,thunderbird;email-and-messaging;,MandyWh,Thunderbird doesn't show # of messages in SPAM Folder,https://support.mozilla.org/questions/1462220,,,,,,m:gmail,,,,4,true,1.94,False,
1462224,2024-09-05T17:55:29.034240Z,2024-09-05,es,email-and-messaging,thunderbird;needsinfo;email-and-messaging;,ourcore,DSN (Delivery Status Notification) request disabled on Thunderbird Mozzima why?,https://support.mozilla.org/questions/1462224,,,,,,,,,,1,true,31.24,False,
1462225,2024-09-05T17:56:22.567768Z,2024-09-05,en-US,email-and-messaging,thunderbird;email-and-messaging;,bob081952,Cannot create email account,https://support.mozilla.org/questions/1462225,,,,,,m:microsoftemail;m:yahooemail,isp:att,,,0,false,,False,
1462226,2024-09-05T17:57:58.463076Z,2024-09-05,en-US,email-and-messaging,thunderbird;email-and-messaging;,rklisch7,Thunderbird has lost it's viewing,https://support.mozilla.org/questions/1462226,,,,,,,,,,0,false,,False,
1462227,2024-09-05T18:34:20.008513Z,2024-09-05,en-US,email-and-messaging,thunderbird;email-and-messaging;,glaky,compacting folders,https://support.mozilla.org/questions/1462227,,,,,,,,,,0,false,,False,
1462231,2024-09-05T18:43:52.868283Z,2024-09-05,en-US,passwords-and-sign-in,thunderbird;passwords-and-sign-in;,powell_tkp_,Passwords do not work when opening Thunderbird coming from outlook,https://support.mozilla.org/questions/1462231,,,,,,m:microsoftemail,,,,0,false,,False,
1462232,2024-09-05T19:01:53.692346Z,2024-09-05,en-US,passwords-and-sign-in,thunderbird;passwords-and-sign-in;,jvmcaveney,Thunderbird email,https://support.mozilla.org/questions/1462232,,,,,,,,,,0,false,,False,
1462234,2024-09-05T19:35:47.242437Z,2024-09-05,en-US,email-and-messaging,thunderbird;email-and-messaging;,gregew,Can't find a bad email that keeps auto-filling,https://support.mozilla.org/questions/1462234,,,,,,m:yahooemail,,,,0,false,,False,
1462237,2024-09-05T19:50:48.658493Z,2024-09-05,en-US,email-and-messaging,thunderbird;email-and-messaging;,donaldmq,Need larger font for incoming email text.,https://support.mozilla.org/questions/1462237,,,,,,,,,,0,false,,False,
1462238,2024-09-05T19:52:44.695514Z,2024-09-05,en-US,email-and-messaging,thunderbird;email-and-messaging;,bsutton1,Thunderbird Message Display,https://support.mozilla.org/questions/1462238,,,,,,,,,,0,false,,False,
1462239,2024-09-05T19:55:51.227762Z,2024-09-05,en-US,email-and-messaging,thunderbird;email-and-messaging;,laurent11,Can I create collections of folders?,https://support.mozilla.org/questions/1462239,,,,,,,,,,1,true,2.79,False,
1462240,2024-09-05T20:02:00.762191Z,2024-09-05,en-US,email-and-messaging,thunderbird;email-and-messaging;,ian114,How to remove duplicated folders,https://support.mozilla.org/questions/1462240,,,,,,,,,,0,false,,False,
1462241,2024-09-05T20:03:59.485089Z,2024-09-05,en-US,installation-and-updates,thunderbird;installation-and-updates;,mkostura,Two instances of Thunderbird on computer,https://support.mozilla.org/questions/1462241,,,,,,,,,,1,true,61.91,True,christ1
1462247,2024-09-05T20:49:19.376127Z,2024-09-05,es,email-and-messaging,thunderbird;needsinfo;email-and-messaging;,fernandocha1212,I CAN'T DELETE FOLDERS,https://support.mozilla.org/questions/1462247,,,,,,,,,,1,true,26.71,False,
1462248,2024-09-05T20:50:12.251020Z,2024-09-05,en-US,accounts,thunderbird;accounts;,d1balo,"How can I use my iCloud-Kalender for ""Thunderbird Appointments"" ?",https://support.mozilla.org/questions/1462248,,,,,,,,,,0,false,,False,
1462249,2024-09-05T20:52:52.927463Z,2024-09-05,en-US,email-and-messaging,thunderbird;email-and-messaging;,alan.e.dunne,"Folders italicising, disappearing",https://support.mozilla.org/questions/1462249,,,,,,,,,,0,false,,False,
1462250,2024-09-05T21:01:37.278459Z,2024-09-05,en-US,email-and-messaging,thunderbird;email-and-messaging;,4info,Email,https://support.mozilla.org/questions/1462250,,,,,,,,,,2,false,,False,
1462257,2024-09-05T21:19:56.651865Z,2024-09-05,en-US,email-and-messaging,thunderbird;email-and-messaging;,cca12,Dragging addresses,https://support.mozilla.org/questions/1462257,,,,,,,,,,0,false,,False,
1462259,2024-09-05T21:30:19.952845Z,2024-09-05,en-US,performance-and-connectivity,thunderbird;performance-and-connectivity;,notary39,Thunderbird keeps freezing when I click on the sent tab,https://support.mozilla.org/questions/1462259,,,,,,,,,,1,true,59.77,False,
1462260,2024-09-05T21:30:53.145534Z,2024-09-05,en-US,email-and-messaging,thunderbird;email-and-messaging;,bsutton1,"Automatically opeining ""next"" message",https://support.mozilla.org/questions/1462260,,,,,,,,,,2,true,0.53,False,
1462263,2024-09-05T21:44:02.065832Z,2024-09-05,en-US,email-and-messaging,thunderbird;email-and-messaging;,dmj4,picture instead of email,https://support.mozilla.org/questions/1462263,,,,,,,,,,0,false,,False,
1462265,2024-09-05T21:51:46.817557Z,2024-09-05,en-US,performance-and-connectivity,thunderbird;performance-and-connectivity;,jed.willard,"Suddenly, ""The application 'Thunderbird; can't be opened.""",https://support.mozilla.org/questions/1462265,os:macos,,macos:high_sierra,,,,,,,1,true,1.87,False,
1462266,2024-09-05T21:53:57.630198Z,2024-09-05,en-US,settings,thunderbird;settings;,brent18,Tasks not available anymore.,https://support.mozilla.org/questions/1462266,,,,,,,,,,0,false,,False,
1462268,2024-09-05T22:07:19.877805Z,2024-09-05,es,email-and-messaging,thunderbird;needsinfo;email-and-messaging;,matiaspartida,"Despues de responder un mail, no figura como respondido con la flechita",https://support.mozilla.org/questions/1462268,,,,,,,,,,1,true,27.07,False,
1462269,2024-09-05T22:11:07.288071Z,2024-09-05,it,email-and-messaging,thunderbird;needsinfo;email-and-messaging;,drenkart,PASSWORD,https://support.mozilla.org/questions/1462269,,,,,,,,,,1,true,7.92,False,
1462270,2024-09-05T22:18:04.028077Z,2024-09-05,en-US,email-and-messaging,thunderbird;email-and-messaging;,cohee,email won't send,https://support.mozilla.org/questions/1462270,,,,,,m:microsoftemail,isp:spectrum,,,0,false,,False,
1462284,2024-09-05T23:41:09.552087Z,2024-09-05,en-US,performance-and-connectivity,thunderbird;performance-and-connectivity;,BPaul_H,Drag'n Drop Attachments Don't Work in v115,https://support.mozilla.org/questions/1462284,os:windows,,,,,,,,,0,false,,False,
1462286,2024-09-05T23:58:50.713335Z,2024-09-05,en-US,email-and-messaging,thunderbird;email-and-messaging;,2river,E-mail,https://support.mozilla.org/questions/1462286,,,,,,,,,,0,false,,False,
1462287,2024-09-05T23:59:24.134705Z,2024-09-05,en-US,installation-and-updates,thunderbird;installation-and-updates;,pamelafore903,TurboTax,https://support.mozilla.org/questions/1462287,,,,,,,,,,0,false,,False,
1462289,2024-09-06T00:18:36.661552Z,2024-09-06,en-US,settings,thunderbird;settings;,Randyjohnjett,return to older version,https://support.mozilla.org/questions/1462289,,,,,,,,,,1,true,48.21,False,
1462299,2024-09-06T03:24:01.702901Z,2024-09-06,en-US,performance-and-connectivity,thunderbird;performance-and-connectivity;,MurrayKerr,Side by side error,https://support.mozilla.org/questions/1462299,os:windows,,,,,,,,,0,false,,False,
1462302,2024-09-06T04:01:27.078813Z,2024-09-06,es,email-and-messaging,thunderbird;email-and-messaging;,rllata,Deleted mails,https://support.mozilla.org/questions/1462302,,,,,,,,proto:imap,,2,true,18.63,True,rllata
1462313,2024-09-06T06:38:44.588145Z,2024-09-06,en-US,email-and-messaging,thunderbird;email-and-messaging;,simon9durak,"Sending automatic reply ""out of office""",https://support.mozilla.org/questions/1462313,,,,,,,,,,6,true,50.52,False,
1462320,2024-09-06T07:27:57.141977Z,2024-09-06,en-US,accessibility,thunderbird;accessibility;,peter858,Cannot access Thunderbird,https://support.mozilla.org/questions/1462320,,,,,,,,,,1,true,4.58,False,
1462321,2024-09-06T08:04:07.200965Z,2024-09-06,en-US,settings,thunderbird;settings;,welcome,[SOLVED] How to remove menu items ?,https://support.mozilla.org/questions/1462321,,,,,,,,,,1,true,74.51,True,wsmwk
1462328,2024-09-06T09:02:07.865676Z,2024-09-06,it,search-tag-and-share,thunderbird;search-tag-and-share;,kakainomane2013,FILTRO VELOCE lentissimo dopo ultimo aggiornamento,https://support.mozilla.org/questions/1462328,os:windows,,,,,,,proto:imap,,3,true,0.1,False,
1462330,2024-09-06T09:23:52.966057Z,2024-09-06,it,email-and-messaging,thunderbird;email-and-messaging;,giuseppe6,INVIA A solo se crei la bozza,https://support.mozilla.org/questions/1462330,os:windows,,,,,,,,,5,true,0.11,False,
1462333,2024-09-06T09:44:34.652852Z,2024-09-06,en-US,email-and-messaging,thunderbird;email-and-messaging;,dhanslip,Read mail showing as unread,https://support.mozilla.org/questions/1462333,,,,,,,,,,0,false,,False,
1462336,2024-09-06T10:24:14.920428Z,2024-09-06,nl,email-and-messaging,thunderbird;email-and-messaging;,vgottigny1,De Thunderbird mailbox is sinds een paar dagen heel erg verslechtert: veel trager geworden en men moet 2 of 3 maal overa,https://support.mozilla.org/questions/1462336,,,,,,,,,,1,true,1.24,False,
1462338,2024-09-06T10:36:03.877065Z,2024-09-06,it,email-and-messaging,thunderbird;email-and-messaging;,mail2167,scomparso bottone accetta evento,https://support.mozilla.org/questions/1462338,,,,,,,,,,2,true,4.13,False,
1462340,2024-09-06T10:55:43.846582Z,2024-09-06,nl,email-and-messaging,thunderbird;email-and-messaging;,wilfried.vdlaar,regelafstand in mail,https://support.mozilla.org/questions/1462340,,,,,,,,,,1,true,0.46,False,
1462341,2024-09-06T10:58:01.546893Z,2024-09-06,nl,accounts,thunderbird;accounts;,4gwg7ggjjt,ik kan mij niet meer inloggen,https://support.mozilla.org/questions/1462341,,,,,,,,,,1,true,0.28,False,
1462345,2024-09-06T11:26:52.604426Z,2024-09-06,en-US,email-and-messaging,thunderbird;email-and-messaging;,jamesstrike,blueyonder email address,https://support.mozilla.org/questions/1462345,,,,,,,,,,1,true,0.86,False,
1462347,2024-09-06T11:29:16.577754Z,2024-09-06,it,accessibility,thunderbird;accessibility;needsinfo;,bepil14,thunderbird,https://support.mozilla.org/questions/1462347,,,,,,,,,,1,true,3.31,False,
1462353,2024-09-06T12:22:34.969061Z,2024-09-06,en-US,accessibility,thunderbird;accessibility;,nastya.malchikhina,Thunderbird Freezing and Missing Sent Emails,https://support.mozilla.org/questions/1462353,,,,,,,,,,1,true,398.78,False,
1462356,2024-09-06T12:50:55.263955Z,2024-09-06,en-US,email-and-messaging,thunderbird;email-and-messaging;,info11837,Emails doesnt encode when downloaded all the time,https://support.mozilla.org/questions/1462356,,,,,,,,,,0,false,,False,
1462357,2024-09-06T12:57:05.182028Z,2024-09-06,en-US,email-and-messaging,thunderbird;email-and-messaging;,MandyWh,Thunderbird 128.2.0  Can't turn of sound with new-message notifications,https://support.mozilla.org/questions/1462357,,,,,,,,,,1,true,6.1,False,
1462361,2024-09-06T13:05:57.726606Z,2024-09-06,en-US,email-and-messaging,thunderbird;email-and-messaging;,simobe,Selezione multipla messaggi,https://support.mozilla.org/questions/1462361,,,,,,,,,,0,false,,False,
1462365,2024-09-06T13:18:38.219123Z,2024-09-06,en-US,email-and-messaging,thunderbird;email-and-messaging;,christal1,Incoming Emails-Not Showing- but displays code ------=_NextPart_000_0088_01D8B70B.6FED5E20--,https://support.mozilla.org/questions/1462365,,,,,,,,,,3,true,43.69,True,christ1
1462367,2024-09-06T13:24:41.033564Z,2024-09-06,en-US,email-and-messaging,thunderbird;email-and-messaging;,curajosu2001,Getting blank emails like this --=_swift-4237422295d790f35b16c49.66966381=_--,https://support.mozilla.org/questions/1462367,,,,,,,,,,1,true,43.61,False,
1462368,2024-09-06T13:28:23.016963Z,2024-09-06,en-US,email-and-messaging,thunderbird;email-and-messaging;,remi21,RFE: How to choose proper return-path (using user login),https://support.mozilla.org/questions/1462368,,,,,,,isp:orange,proto:smtp,,1,false,,False,
1462371,2024-09-06T14:12:24.729356Z,2024-09-06,en-US,email-and-messaging,thunderbird;email-and-messaging;,BlueWings,K-9 (TBird for Android) Calendar sync support - when ?,https://support.mozilla.org/questions/1462371,,,,,,,,,,1,false,,True,BlueWings
1462382,2024-09-06T15:05:38.195451Z,2024-09-06,en-US,email-and-messaging,thunderbird;email-and-messaging;,bob.young5244,opening links in email not working,https://support.mozilla.org/questions/1462382,,,,,,,,,,1,true,33.78,False,
1462387,2024-09-06T15:28:48.534902Z,2024-09-06,en-US,email-and-messaging,thunderbird;email-and-messaging;,mlb48,dividing line in messages,https://support.mozilla.org/questions/1462387,,,,,,,,,,2,true,33.31,False,
1462390,2024-09-06T15:34:17.841058Z,2024-09-06,en-US,email-and-messaging,thunderbird;email-and-messaging;,dale51,"Unable to add subfolder, delete or rename folders",https://support.mozilla.org/questions/1462390,,,,,,,,,,0,false,,False,
1462391,2024-09-06T15:48:46.408064Z,2024-09-06,en-US,settings,thunderbird;settings;,Private61,Reminders Windows (Popup Window),https://support.mozilla.org/questions/1462391,os:windows,,,,,,,,,0,false,,False,
1462392,2024-09-06T15:54:55.884494Z,2024-09-06,en-US,email-and-messaging,thunderbird;email-and-messaging;,robert.heyward,How to make email folder structure on new device visible to filter rules there ?,https://support.mozilla.org/questions/1462392,,,,,,,,proto:imap,,5,true,4.56,True,robert.heyward
1462395,2024-09-06T16:03:27.831205Z,2024-09-06,en-US,email-and-messaging,thunderbird;email-and-messaging;,mike773,DNS records,https://support.mozilla.org/questions/1462395,,,,,,,,,,1,true,1.26,False,
1462404,2024-09-06T17:00:25.718818Z,2024-09-06,nl,settings,thunderbird;accessibility;,paulja16,e-mails,https://support.mozilla.org/questions/1462404,,,,,,,,,,1,true,68.53,False,
1462408,2024-09-06T17:24:09.582487Z,2024-09-06,en-US,settings,thunderbird;settings;,luizdl,Thunderbird keeps asking for a Google Account for no reason,https://support.mozilla.org/questions/1462408,os:linux,,,,,m:gmail,,,,0,false,,False,
1462410,2024-09-06T17:24:29.012867Z,2024-09-06,it,email-and-messaging,thunderbird;email-and-messaging;,nicdaddy,allegato gmail mail,https://support.mozilla.org/questions/1462410,os:windows,,,,,m:gmail,,,,1,true,0.72,False,
1462411,2024-09-06T17:26:34.711582Z,2024-09-06,en-US,performance-and-connectivity,thunderbird;performance-and-connectivity;,jppentercost,Outgoing server SMTP,https://support.mozilla.org/questions/1462411,,,,,,m:gmail,,proto:smtp;proto:pop,,4,true,1.51,True,jppentercost
1462412,2024-09-06T17:27:10.622120Z,2024-09-06,en-US,email-and-messaging,thunderbird;email-and-messaging;,burkeyfred,Message filters do not run,https://support.mozilla.org/questions/1462412,os:windows,,,,,,,,,0,false,,False,
1462414,2024-09-06T17:54:35.606449Z,2024-09-06,en-US,email-and-messaging,thunderbird;email-and-messaging;,cartravel,"Get ""Request failed; Mailbox unavailable"" with multiple identities",https://support.mozilla.org/questions/1462414,,,,,,m:yahooemail,,,,2,true,0.99,True,sfhowes
1462417,2024-09-06T18:34:26.823768Z,2024-09-06,it,accounts,thunderbird;accounts;,alzappav,come configurare due account di posta elettronica,https://support.mozilla.org/questions/1462417,,,,,,,,,,1,true,10.4,False,
1462420,2024-09-06T18:54:38.614990Z,2024-09-06,en-US,email-and-messaging,thunderbird;email-and-messaging;,elmorris,thunderbird,https://support.mozilla.org/questions/1462420,,,,,,,,,,1,true,19.99,False,
1462421,2024-09-06T18:54:56.348956Z,2024-09-06,en-US,installation-and-updates,thunderbird;installation-and-updates;,elliotcramer,can't run thunderbird or download it,https://support.mozilla.org/questions/1462421,,,,,,,,,av:avast,1,true,19.96,False,
1462422,2024-09-06T19:02:04.619460Z,2024-09-06,en-US,email-and-messaging,thunderbird;email-and-messaging;,Michael.WMGC,E-Mails Not Displaying,https://support.mozilla.org/questions/1462422,,,,,,,,,,0,false,,False,
1462424,2024-09-06T19:26:03.974888Z,2024-09-06,en-US,email-and-messaging,thunderbird;email-and-messaging;,ErictheGreen,"""send later"" button replaces ""send""",https://support.mozilla.org/questions/1462424,,,,,,,,,,5,true,0.23,False,
1462430,2024-09-06T19:51:12.304811Z,2024-09-06,en-US,email-and-messaging,thunderbird;email-and-messaging;,pcdave30,Emails Not Arriving on One Computer,https://support.mozilla.org/questions/1462430,os:windows,,,,,m:gmail;m:microsoftemail,,proto:smtp;proto:pop,,0,false,,False,
1462432,2024-09-06T20:08:40.330627Z,2024-09-06,en-US,performance-and-connectivity,thunderbird;performance-and-connectivity;,luke49,Need help debugging performance issues on Ubuntu 24.04 + thunderbird 128.2.0.esr,https://support.mozilla.org/questions/1462432,os:linux,,,,,,,,,2,true,391.03,False,
1462433,2024-09-06T20:14:04.804940Z,2024-09-06,en-US,email-and-messaging,thunderbird;email-and-messaging;,hallclone,Unable to write the email to the mailbox solved I think,https://support.mozilla.org/questions/1462433,,,,,,,,proto:pop,,1,true,0.12,False,
1462437,2024-09-06T20:35:18.706951Z,2024-09-06,en-US,installation-and-updates,thunderbird;installation-and-updates;,brooks3,Thunderbird reconnection after 2 years?,https://support.mozilla.org/questions/1462437,,,,,,,,,,3,true,15.44,False,
1462438,2024-09-06T20:35:44.767385Z,2024-09-06,en-US,email-and-messaging,thunderbird;email-and-messaging;,248tydmv6d,Behavior changed? Or am I confused?,https://support.mozilla.org/questions/1462438,,,,,,,,,,1,true,2.42,False,
1462439,2024-09-06T20:37:39.686053Z,2024-09-06,en-US,email-and-messaging,thunderbird;email-and-messaging;,ra14,Message stacking,https://support.mozilla.org/questions/1462439,,,,,,,,,,0,false,,False,
1462444,2024-09-06T21:21:15.376941Z,2024-09-06,en-US,performance-and-connectivity,thunderbird;performance-and-connectivity;bug621134;,chunnel,"Calendar ""Item changed on Server"" notices driving me crazy",https://support.mozilla.org/questions/1462444,,,,,,,,,,4,true,26.63,False,
1462445,2024-09-06T21:31:27.196694Z,2024-09-06,en-US,privacy-and-security,thunderbird;privacy-and-security_1;,webteam,"Why don't I see ""Forms and Autofill"" in thunderbird ""Privacy & Security"" srttings?",https://support.mozilla.org/questions/1462445,,,,,,,,,,2,true,14.31,False,
1462448,2024-09-06T21:52:05.482500Z,2024-09-06,en-US,accounts,thunderbird;accounts;,tcsaba1984,Thunderbird is keep asking to grant access to my google account. Help,https://support.mozilla.org/questions/1462448,,,,,,m:gmail,,,,4,true,2.73,False,
1462452,2024-09-06T22:52:35.812037Z,2024-09-06,en-US,email-and-messaging,thunderbird;email-and-messaging;,aodufty,cannot send or receive emails,https://support.mozilla.org/questions/1462452,,,,,,,,,,1,true,12.99,False,
1462467,2024-09-07T03:57:04.254619Z,2024-09-07,en-US,email-and-messaging,thunderbird;email-and-messaging;,twilightgold,Some of my emails tonight are displaying as raw html code.,https://support.mozilla.org/questions/1462467,os:windows,,,,,,,,av:malwarebytes;av:defender,0,false,,False,
1462469,2024-09-07T04:22:56.963905Z,2024-09-07,en-US,email-and-messaging,thunderbird;email-and-messaging;,twilightgold,Some of my emails tonight are displaying as raw html code (but I found a temporary fix!),https://support.mozilla.org/questions/1462469,,,,,,,,,,0,false,,False,
1462480,2024-09-07T07:28:13.123932Z,2024-09-07,it,email-and-messaging,thunderbird;needsinfo;email-and-messaging;,info11841,problema con Thunderbird: invio messaggi lentissimo (anche senza allegati) e impossibile ricerca mail con filtri,https://support.mozilla.org/questions/1462480,,,,,,,,,,1,true,0.89,False,
1462482,2024-09-07T08:07:23.670130Z,2024-09-07,en-US,email-and-messaging,thunderbird;email-and-messaging;,sparklingstarfish,Customize From Address Troubleshooting,https://support.mozilla.org/questions/1462482,,,,,,m:gmx,,proto:smtp,,4,true,3.67,False,
1462484,2024-09-07T08:11:20.167962Z,2024-09-07,nl,email-and-messaging,thunderbird;email-and-messaging;,rien.peeman,Verzenden lukt alleen naar adressen in het adresboek  ook in de probleemoplosmodus,https://support.mozilla.org/questions/1462484,,,,,,,,,,0,false,,False,
1462486,2024-09-07T08:23:14.542156Z,2024-09-07,en-US,email-and-messaging,thunderbird;needsinfo;email-and-messaging;,john1095,support,https://support.mozilla.org/questions/1462486,,,,,,,,,,3,true,3.27,False,
1462488,2024-09-07T08:50:25.877326Z,2024-09-07,en-US,performance-and-connectivity,thunderbird;performance-and-connectivity;,pacera.peter,TB display subfolders without clicking on folder,https://support.mozilla.org/questions/1462488,,,,,,,,,,0,false,,False,
1462493,2024-09-07T09:22:48.457317Z,2024-09-07,en-US,accounts,thunderbird;accounts;,sjquelch57,Mail Folders Missing,https://support.mozilla.org/questions/1462493,os:windows,,,,,m:microsoftemail,,proto:pop,,12,true,1.95,True,sjquelch57
1462508,2024-09-07T11:50:23.416216Z,2024-09-07,en-US,email-and-messaging,thunderbird;email-and-messaging;,ronald43,Downloading my emails from Dot5Hosting,https://support.mozilla.org/questions/1462508,,,,,,,,,,0,false,,False,
1462509,2024-09-07T12:15:20.585212Z,2024-09-07,en-US,settings,thunderbird;settings;,enneth74,Inbox Font Size,https://support.mozilla.org/questions/1462509,,,,,,,,,,1,true,0.41,False,
1462512,2024-09-07T12:35:28.965384Z,2024-09-07,en-US,privacy-and-security,thunderbird;privacy-and-security_1;,growty902,Website in not loading,https://support.mozilla.org/questions/1462512,,,,,,,,,,1,true,2.25,False,
1462523,2024-09-07T14:54:26.301874Z,2024-09-07,en-US,accounts,thunderbird;accounts;,bobbeee,Thunderbird Profile Folder Bloat - Huge Files,https://support.mozilla.org/questions/1462523,,,,,,,,,,1,true,0.32,False,
1462524,2024-09-07T14:56:38.821092Z,2024-09-07,it,settings,thunderbird;settings;needsinfo;,6kjkrzyyf5,Ho un problema con le Cartelle nella posta di Thunderbird,https://support.mozilla.org/questions/1462524,,,,,,,,,,1,true,0.74,False,
1462528,2024-09-07T15:24:40.479360Z,2024-09-07,it,email-and-messaging,thunderbird;email-and-messaging;,mario.dedominicis1,come selezionare tutte le email di tutti gli account in ordine di dimensione,https://support.mozilla.org/questions/1462528,,,,,,,,,,1,true,0.29,False,
1462531,2024-09-07T15:42:04.921727Z,2024-09-07,en-US,email-and-messaging,thunderbird;email-and-messaging;,eyeart,Why did Thunderbird get so slow?,https://support.mozilla.org/questions/1462531,,,,,,,,,,7,true,2.8,True,eyeart
1462533,2024-09-07T15:55:31.757871Z,2024-09-07,en-US,email-and-messaging,thunderbird;email-and-messaging;,oregoner,Friends bar in Thunderbird,https://support.mozilla.org/questions/1462533,,,,,,,,,,1,true,1.05,False,
1462535,2024-09-07T16:12:53.582255Z,2024-09-07,en-US,email-and-messaging,thunderbird;email-and-messaging;,t.morroll,Information,https://support.mozilla.org/questions/1462535,,,,,,,,,,1,true,0.68,False,
1462541,2024-09-07T16:27:37.727253Z,2024-09-07,en-US,accounts,thunderbird;accounts;,phricker1,Update authentication method issues,https://support.mozilla.org/questions/1462541,,,,,,m:microsoftemail,,,,2,true,0.43,False,
1462544,2024-09-07T17:03:32.527254Z,2024-09-07,en-US,email-and-messaging,thunderbird;email-and-messaging;,onemr.mellow10,Netzero doesn't forward my emails to T-Bird as before.,https://support.mozilla.org/questions/1462544,,,,,,,,,,1,true,0.6,False,
1462547,2024-09-07T17:42:42.621639Z,2024-09-07,en-US,settings,thunderbird;settings;,neff.rod,I'm running 128.1.1 on Linux Mint Sender in Bold?,https://support.mozilla.org/questions/1462547,os:linux,,,,,,,,,0,false,,False,
1462551,2024-09-07T18:14:15.589342Z,2024-09-07,en-US,email-and-messaging,thunderbird;email-and-messaging;,onemr.mellow10,Netzero doesn't forward my emails to T-Bird as before.,https://support.mozilla.org/questions/1462551,,,,,,,,proto:pop,,1,true,0.19,False,
1462553,2024-09-07T18:46:43.315735Z,2024-09-07,en-US,email-and-messaging,thunderbird;email-and-messaging;,secretary21,Filing Tree,https://support.mozilla.org/questions/1462553,,,,,,m:microsoftemail,,,,3,true,18.63,False,
1462559,2024-09-07T19:24:57.193077Z,2024-09-07,en-US,email-and-messaging,thunderbird;email-and-messaging;,CarlPonder,"Connecting to Outlook server via IMAP, lost Junk Email folder",https://support.mozilla.org/questions/1462559,,,,,,m:microsoftemail,,proto:imap,,16,true,1339.08,True,CarlPonder
1462563,2024-09-07T20:00:02.939617Z,2024-09-07,en-US,settings,thunderbird;settings;,Andreas_Gajda,Exception during import of ical file,https://support.mozilla.org/questions/1462563,,,,,,,,,,0,false,,False,
1462566,2024-09-07T20:13:09.906512Z,2024-09-07,en-US,email-and-messaging,thunderbird;email-and-messaging;,tuneupman,missing email,https://support.mozilla.org/questions/1462566,,,,,,,,,,0,false,,False,
1462568,2024-09-07T20:21:51.737712Z,2024-09-07,en-US,passwords-and-sign-in,thunderbird;passwords-and-sign-in;,anneprantl1,New comp and,https://support.mozilla.org/questions/1462568,,,,,,,,,,1,true,4.26,False,
1462569,2024-09-07T20:26:44.614266Z,2024-09-07,en-US,email-and-messaging,thunderbird;email-and-messaging;,anneprantl1,cannot log into email,https://support.mozilla.org/questions/1462569,,,,,,,,,,1,true,4.17,False,
1462571,2024-09-07T21:06:14.562991Z,2024-09-07,en-US,email-and-messaging,thunderbird;email-and-messaging;,glennmaillist,"Unable to delete messages - ""There is not enough disk space to download new messages. Try deleting old mail, emptying th",https://support.mozilla.org/questions/1462571,,,,,,,,,,9,true,47.35,False,
1462572,2024-09-07T21:15:31.846885Z,2024-09-07,en-US,email-and-messaging,thunderbird;email-and-messaging;,glennmaillist,"Moving messages from my main account to a sub folder, runs slowly at the end.",https://support.mozilla.org/questions/1462572,,,,,,,,,,2,true,23.55,False,
1462576,2024-09-07T21:45:07.055209Z,2024-09-07,en-US,installation-and-updates,thunderbird;installation-and-updates;,lowell_friesen,Thunderbird not using the Thunderbird dock icon,https://support.mozilla.org/questions/1462576,os:linux,,,,,,,,,4,true,22.99,True,lowell_friesen
1462577,2024-09-07T21:58:36.638605Z,2024-09-07,en-US,performance-and-connectivity,thunderbird;performance-and-connectivity;,shahariya88,I need to get a support immediately,https://support.mozilla.org/questions/1462577,,,,,,,,,,1,true,16.91,False,
1462578,2024-09-07T22:12:21.381059Z,2024-09-07,en-US,email-and-messaging,thunderbird;email-and-messaging;,mdolgicer,Thunderbird opens multiple tabs on the startup and crushes,https://support.mozilla.org/questions/1462578,,,,,,,,,,1,true,22.57,False,
1462583,2024-09-07T22:54:51.267530Z,2024-09-07,en-US,passwords-and-sign-in,thunderbird;passwords-and-sign-in;,jboydx,access Hotmail account,https://support.mozilla.org/questions/1462583,,,,,,m:microsoftemail,,,,2,true,6.3,False,
1462589,2024-09-08T01:04:30.308189Z,2024-09-08,en-US,email-and-messaging,thunderbird;email-and-messaging;,donnafant1234,I accidently deleted all my earthlink.net e-mails on Thurs Sept 4th. How do I get them back please?,https://support.mozilla.org/questions/1462589,,,,,,,,,,2,true,13.57,False,
1462592,2024-09-08T02:10:20.980707Z,2024-09-08,en-US,settings,thunderbird;settings;,macua68,Problem repairing folder,https://support.mozilla.org/questions/1462592,,,,,,,,,,1,true,6.52,False,
1462604,2024-09-08T05:14:50.793691Z,2024-09-08,en-US,accounts,thunderbird;accounts;,chrisrichardson1955,Thunderbird fails to import previously exported profile,https://support.mozilla.org/questions/1462604,os:windows,,,,,,,,,1,true,7.87,False,
1462611,2024-09-08T06:34:32.953336Z,2024-09-08,en-US,email-and-messaging,thunderbird;email-and-messaging;,texas10cat,"yahoo - CANNOT RECEIVE OR SEND OUTGOING MAIL! ""THE SERVER MAY BE UNAVAILABLE OR IS REFUSING SMTP CONNECTING. PLEASE VERI",https://support.mozilla.org/questions/1462611,,,,,,m:yahooemail,,proto:smtp,,12,true,6.96,False,
1462615,2024-09-08T06:43:51.640930Z,2024-09-08,en-US,email-and-messaging,thunderbird;email-and-messaging;,texas10cat,IT HASHAPPENED ALL OVER AGIN CANNOT SEND OUTGOING EMAILS OR RECEIVE THEM!  (closed),https://support.mozilla.org/questions/1462615,,,,,,m:yahooemail,,,,1,true,1.88,False,
1462617,2024-09-08T06:55:54.733752Z,2024-09-08,en-US,email-and-messaging,thunderbird;email-and-messaging;,sep,Using Mail Store Home to archive / export PST file,https://support.mozilla.org/questions/1462617,,,,,,m:microsoftemail,,,,1,false,,True,sep
1462621,2024-09-08T07:59:06.861312Z,2024-09-08,en-US,email-and-messaging,thunderbird;email-and-messaging;,cb01932,Lost all local folders and address book 115.13.0,https://support.mozilla.org/questions/1462621,os:linux,,,,,,,,,3,true,5.34,True,davidsk
1462622,2024-09-08T08:02:21.624392Z,2024-09-08,en-US,accounts,thunderbird;accounts;,RonSH,Synch Gmail Contacts to Thunderbird Contacts,https://support.mozilla.org/questions/1462622,,,,,,m:gmail,,,,4,true,0.49,True,christ1
1462629,2024-09-08T08:54:17.452292Z,2024-09-08,en-US,email-and-messaging,thunderbird;email-and-messaging;,leif.hammarstrom,Cannot send mail,https://support.mozilla.org/questions/1462629,,,,,,,,proto:smtp,,1,false,,True,leif.hammarstrom
1462633,2024-09-08T09:17:31.629051Z,2024-09-08,en-US,email-and-messaging,thunderbird;email-and-messaging;,haRrY014,Descending order within a message thread,https://support.mozilla.org/questions/1462633,,,,,,m:microsoftemail,,,,8,true,4.86,True,Toad-Hall
1462634,2024-09-08T09:22:52.300230Z,2024-09-08,en-US,email-and-messaging,thunderbird;email-and-messaging;,mozilla516,Search is broken. Is there another version of TB I can try?,https://support.mozilla.org/questions/1462634,,,,,,,,,,38,true,34.92,False,
1462637,2024-09-08T10:54:46.840752Z,2024-09-08,en-US,installation-and-updates,thunderbird;installation-and-updates;,kbird1,I cannot get my emails with Thunderbird on my new computer     Can you please help  I am with activ8.net,https://support.mozilla.org/questions/1462637,,,,,,,,,,1,true,3.79,False,
1462641,2024-09-08T11:32:41.383741Z,2024-09-08,en-US,search-tag-and-share,thunderbird;search-tag-and-share;,norb-schmitt,Suchen in Thunderbird ohne Zeiteinschränkung,https://support.mozilla.org/questions/1462641,,,,,,,,,,2,true,6.6,False,
1462642,2024-09-08T11:48:54.418329Z,2024-09-08,en-US,search-tag-and-share,thunderbird;calendar;search-tag-and-share;,phubert28,Calendar events would be FAR easier to see with custom colors,https://support.mozilla.org/questions/1462642,,,,,,,,,,10,true,3.29,True,phubert28
1462648,2024-09-08T12:34:32.986823Z,2024-09-08,nl,email-and-messaging,thunderbird;email-and-messaging;,germain.deprez@proximus.be,Het slepen van mijn adressen naar BCC mislukt,https://support.mozilla.org/questions/1462648,,,,,,,,,,0,false,,False,
1462649,2024-09-08T12:39:48.839974Z,2024-09-08,en-US,email-and-messaging,thunderbird;email-and-messaging;,paul645,Emails have chaged format,https://support.mozilla.org/questions/1462649,,,,,,,,,,4,true,0.17,True,MattAuSupport
1462652,2024-09-08T12:54:41.293672Z,2024-09-08,en-US,email-and-messaging,thunderbird;email-and-messaging;,MandyWh,Thunderbird 128.2.0esr CHANGES Inbox view and I can't get back to Classic View,https://support.mozilla.org/questions/1462652,os:windows,,,,,,,,,3,true,1.71,False,
1462656,2024-09-08T13:25:40.218378Z,2024-09-08,en-US,email-and-messaging,thunderbird;email-and-messaging;,bill355,Multiple Selected EMails Showing Aggregate Summary in Preview Pane - Need True Preview Instead,https://support.mozilla.org/questions/1462656,,,,,,,,,,5,true,26.29,False,
1462664,2024-09-08T14:44:09.315569Z,2024-09-08,en-US,email-and-messaging,thunderbird;email-and-messaging;,nick.j.haley,Saved Search - Unable to select folders to search,https://support.mozilla.org/questions/1462664,,,,,,,,,,0,false,,False,
1462665,2024-09-08T14:50:26.716815Z,2024-09-08,cs,accounts,thunderbird;accounts;,m.karasek.2011,Wrong email login.,https://support.mozilla.org/questions/1462665,,,,,,,,,,2,true,4.08,False,
1462672,2024-09-08T15:52:56.907196Z,2024-09-08,en-US,settings,thunderbird;settings;,jmaloha808,Thunderbird Nebula Address Book Settings,https://support.mozilla.org/questions/1462672,,,,,,,,,,2,true,1.59,True,Toad-Hall
1462675,2024-09-08T15:57:09.418537Z,2024-09-08,en-US,passwords-and-sign-in,thunderbird;passwords-and-sign-in;bug1889410;,delicacy,Major issue with Application-passwords..,https://support.mozilla.org/questions/1462675,,,,,,,,,,3,true,22.58,False,
1462681,2024-09-08T16:39:54.314533Z,2024-09-08,en-US,performance-and-connectivity,thunderbird;performance-and-connectivity;,tarchbold1,when opening spinning circle says loading and nothing ever happens,https://support.mozilla.org/questions/1462681,,,,,,,,,,0,false,,False,
1462684,2024-09-08T17:06:30.751999Z,2024-09-08,en-US,accounts,thunderbird;accounts;,marta.goha,Disappearing subfolders  SOLVED need to subscribe to imap folders,https://support.mozilla.org/questions/1462684,,,,,,,,proto:imap,,2,true,2.76,True,davidsk
1462685,2024-09-08T17:09:36.620221Z,2024-09-08,en-US,email-and-messaging,thunderbird;email-and-messaging;,msheller,how do I fix this?  Can't send emails,https://support.mozilla.org/questions/1462685,,,,,,,isp:spectrum,proto:smtp,,1,true,0.74,False,
1462690,2024-09-08T17:34:20.284610Z,2024-09-08,en-US,performance-and-connectivity,thunderbird;performance-and-connectivity;,fredradewagen1,thunderbird program freezes during downloas of an email attachment,https://support.mozilla.org/questions/1462690,,,,,,,,,,1,true,0.23,False,
1462693,2024-09-08T18:14:40.386284Z,2024-09-08,it,email-and-messaging,thunderbird;email-and-messaging;,gianluca98,Profilo di default sparito,https://support.mozilla.org/questions/1462693,,,,,,,,,,8,true,11.55,False,
1462698,2024-09-08T19:02:03.751576Z,2024-09-08,en-US,performance-and-connectivity,thunderbird;performance-and-connectivity;,jxfish2,Using FiltaQuilla extension in Thunderbird,https://support.mozilla.org/questions/1462698,os:linux,,,,,,,,,1,true,7.08,False,
1462699,2024-09-08T19:12:32.370937Z,2024-09-08,en-US,performance-and-connectivity,thunderbird;performance-and-connectivity;,jmcla,address book,https://support.mozilla.org/questions/1462699,os:windows,,,,,,,,,3,true,0.24,False,
1462710,2024-09-08T20:10:40.079824Z,2024-09-08,en-US,email-and-messaging,thunderbird;email-and-messaging;,larry41,"Latest version of Thunderbird downloads deleted messaged from gmail, 2nd request.",https://support.mozilla.org/questions/1462710,os:windows,,,,,m:gmail,,,,1,true,14.71,False,
1462714,2024-09-08T20:38:23.694463Z,2024-09-08,en-US,email-and-messaging,thunderbird;email-and-messaging;,eudoro,Importing .vcf files (Contacts to Thunderbird Mail),https://support.mozilla.org/questions/1462714,,,,,,m:gmail,,,,0,false,,False,
1462717,2024-09-08T21:14:09.969544Z,2024-09-08,en-US,email-and-messaging,thunderbird;email-and-messaging;,jdecrist,Thunderbird incompatible with recent Windows 10 update?,https://support.mozilla.org/questions/1462717,os:windows,,,,,,,,,4,true,0.15,False,
1462730,2024-09-09T00:03:37.694556Z,2024-09-09,en-US,email-and-messaging,thunderbird;email-and-messaging;,hacksaw1,cannot send emails,https://support.mozilla.org/questions/1462730,,,,,,,,proto:smtp,,0,false,,False,
1462731,2024-09-09T00:15:00.566069Z,2024-09-09,en-US,passwords-and-sign-in,thunderbird;passwords-and-sign-in;,spinach23,"I need to change the email password on one of my POP accounts.  When I got to saved passwords, the passwords for this ac",https://support.mozilla.org/questions/1462731,,,,,,,,proto:pop,,1,true,2.83,False,
1462733,2024-09-09T00:48:59.372477Z,2024-09-09,en-US,installation-and-updates,thunderbird;installation-and-updates;,bronman,Thunderbird update interrupted - unable to load or uninstall,https://support.mozilla.org/questions/1462733,,,,,,,,,,1,true,1.57,False,
1462736,2024-09-09T01:12:55.276964Z,2024-09-09,en-US,passwords-and-sign-in,thunderbird;passwords-and-sign-in;,sillysam,Comcast issues,https://support.mozilla.org/questions/1462736,os:macos,,,,,,isp:comcast,,,3,true,1.19,False,
1462746,2024-09-09T03:52:31.702238Z,2024-09-09,en-US,email-and-messaging,thunderbird;email-and-messaging;,sweettasha,"Clarify threaded messages display and the ""Toggle message threads"" option.",https://support.mozilla.org/questions/1462746,,,,,,,,,,0,false,,False,
1462749,2024-09-09T03:55:23.470647Z,2024-09-09,en-US,email-and-messaging,thunderbird;email-and-messaging;,paul646,Message filter from one email account to another deletes body of text when received in second email account. (OWL),https://support.mozilla.org/questions/1462749,,,,,,m:microsoftemail,,,,1,true,29.18,False,
1462751,2024-09-09T04:06:05.596873Z,2024-09-09,en-US,installation-and-updates,thunderbird;installation-and-updates;,ThunderbirdAhead,Weird Folder with Chinese Characters After Thunderbird Update,https://support.mozilla.org/questions/1462751,os:windows,,,,,,,,av:trendmicro;av:defender,0,false,,False,
1462755,2024-09-09T04:44:44.627184Z,2024-09-09,en-US,email-and-messaging,thunderbird;email-and-messaging;,anthony001edafe,Gmail login,https://support.mozilla.org/questions/1462755,,,,,,m:gmail,,,,0,false,,False,
1462756,2024-09-09T04:51:24.899761Z,2024-09-09,en-US,email-and-messaging,thunderbird;email-and-messaging;,texas10cat,I HAVE NOT HEARD BACK FROM ON HOW TO FIX THE SMTP  (closed),https://support.mozilla.org/questions/1462756,,,,,,m:yahooemail,,proto:smtp,,1,true,5.99,False,
1462757,2024-09-09T05:01:45.948965Z,2024-09-09,en-US,installation-and-updates,thunderbird;installation-and-updates;,carmik,Why does upgrade to TB 128.x require administrator credentials to proceed? (bug1912234),https://support.mozilla.org/questions/1462757,os:windows,,,,,,,,,7,true,8.84,False,
1462767,2024-09-09T06:45:43.709610Z,2024-09-09,en-US,email-and-messaging,thunderbird;email-and-messaging;,ianb888,How to disable automatic removal of carriage returns,https://support.mozilla.org/questions/1462767,,,,,,,,,,1,true,4.75,False,
1462770,2024-09-09T06:56:48.668172Z,2024-09-09,nl,privacy-and-security,thunderbird;privacy-and-security_1;,fernand.webmail,donatie,https://support.mozilla.org/questions/1462770,,,,,,,,,,3,true,0.32,False,
1462775,2024-09-09T07:37:47.124393Z,2024-09-09,en-US,performance-and-connectivity,thunderbird;performance-and-connectivity;,rcgordon,Thunderbird 128.x Breaks My UserChrome.css Tweaks for Message List and Folder List,https://support.mozilla.org/questions/1462775,,,,,,,,,,5,true,2.83,False,
1462778,2024-09-09T08:20:43.574415Z,2024-09-09,nl,search-tag-and-share,thunderbird;search-tag-and-share;,kabouterprins,Gebeurtenissen in het verleden zoeken,https://support.mozilla.org/questions/1462778,,,,,,,,,,1,true,146.14,False,
1462781,2024-09-09T08:26:30.251378Z,2024-09-09,it,email-and-messaging,thunderbird;needsinfo;email-and-messaging;,mattia.tonelli.mt,Sono stati scaricati messaggi vecchi su thunderbird.,https://support.mozilla.org/questions/1462781,,,,,,,,,,1,true,6.05,False,
1462782,2024-09-09T08:47:08.658028Z,2024-09-09,en-US,email-and-messaging,thunderbird;email-and-messaging;,mondialdutheatre,Error with the mail account,https://support.mozilla.org/questions/1462782,,,,,,,,proto:pop,,6,true,3.4,False,
1462783,2024-09-09T08:47:36.304674Z,2024-09-09,it,email-and-messaging,thunderbird;email-and-messaging;,mariobarbieri34,Colored labels,https://support.mozilla.org/questions/1462783,,,,,,,,,,2,true,5.68,False,
1462784,2024-09-09T08:50:21.931833Z,2024-09-09,it,privacy-and-security,thunderbird;privacy-and-security_1;,mariobarbieri34,Authentication Method,https://support.mozilla.org/questions/1462784,,,,,,,,,,3,true,5.61,False,
1462785,2024-09-09T08:56:42.030587Z,2024-09-09,en-US,settings,thunderbird;settings;,flemming.frost,Oauth2 selection option missing in SMTP server setup,https://support.mozilla.org/questions/1462785,,,,,,,,proto:smtp;proto:oauth,,5,true,2.99,False,
1462786,2024-09-09T09:04:48.607654Z,2024-09-09,en-US,installation-and-updates,thunderbird;installation-and-updates;,hleaker,gmail installation issue,https://support.mozilla.org/questions/1462786,,,,,,m:gmail,,,,1,true,3.04,True,davidsk
1462788,2024-09-09T09:08:14.805458Z,2024-09-09,cs,email-and-messaging,thunderbird;email-and-messaging;,razitka.marhory,"Přidání položky do nabídky ""Nástroje"" v Thunderbirdu",https://support.mozilla.org/questions/1462788,,,,,,,,,,0,false,,False,
1462792,2024-09-09T09:42:08.070011Z,2024-09-09,en-US,email-and-messaging,thunderbird;email-and-messaging;,jdr4llo,"Thunderbird stuck on ""sending message""",https://support.mozilla.org/questions/1462792,,,,,,m:gmail,,,,0,false,,False,
1462794,2024-09-09T10:18:07.733672Z,2024-09-09,es,accounts,thunderbird;accounts;,user322339076274431407566813466519937005852,problems with sending reaciving an emails,https://support.mozilla.org/questions/1462794,,,,,,,,,,0,false,,False,
1462804,2024-09-09T11:16:39.449809Z,2024-09-09,it,accessibility,thunderbird;accessibility;,d.scorrano,NON RICEVO LA POSTA SU davide.scorrano@alice.it connessione fuori tempo ?,https://support.mozilla.org/questions/1462804,,,,,,m:gmail,,,,1,true,3.04,False,
1462816,2024-09-09T13:19:25.864475Z,2024-09-09,en-US,email-and-messaging,thunderbird;email-and-messaging;,j.mueller3,Ghost folders with outlook server,https://support.mozilla.org/questions/1462816,os:linux,,,,,m:microsoftemail,,proto:oauth,,0,false,,False,
1462818,2024-09-09T13:39:15.628412Z,2024-09-09,en-US,email-and-messaging,thunderbird;email-and-messaging;,manager51,My Thunderbird account has been hacked and destroyed. How can I get thru to someone to ID who did this?,https://support.mozilla.org/questions/1462818,,,,,,,,,,3,true,0.15,False,
1462826,2024-09-09T13:52:51.123588Z,2024-09-09,en-US,installation-and-updates,thunderbird;installation-and-updates;,afkingnq,Backing up Thunderbird,https://support.mozilla.org/questions/1462826,,,,,,,,,,3,true,5.96,False,
1462836,2024-09-09T14:24:44.541652Z,2024-09-09,it,email-and-messaging,thunderbird;needsinfo;email-and-messaging;,estoteajo,Problemi a inviare e ricevere mail thunderbird,https://support.mozilla.org/questions/1462836,,,,,,m:microsoftemail,,,,1,true,0.11,False,
1462837,2024-09-09T14:38:45.486980Z,2024-09-09,en-US,settings,thunderbird;settings;,mariobarbieri34,Colored Label,https://support.mozilla.org/questions/1462837,,,,,,,,,,13,true,2.51,True,mariobarbieri34
1462838,2024-09-09T14:39:46.829225Z,2024-09-09,en-US,privacy-and-security,thunderbird;privacy-and-security_1;,mariobarbieri34,Unsupported Authentication,https://support.mozilla.org/questions/1462838,,,,,,,,,,3,true,2.13,True,sfhowes
1462840,2024-09-09T14:48:36.345666Z,2024-09-09,it,email-and-messaging,thunderbird;needsinfo;email-and-messaging;,giampietro.gobbo,Thundetbird,https://support.mozilla.org/questions/1462840,,,,,,,,,,1,true,0.21,False,
1462841,2024-09-09T14:59:06.459499Z,2024-09-09,it,email-and-messaging,thunderbird;needsinfo;email-and-messaging;,francesco25,Email con allegati diversi da quelli sul server,https://support.mozilla.org/questions/1462841,,,,,,,,,,4,true,0.07,False,
1462842,2024-09-09T15:06:07.065893Z,2024-09-09,en-US,accessibility,thunderbird;accessibility;,jvmcaveney,Thunderbird email,https://support.mozilla.org/questions/1462842,,,,,,,,,,1,true,5.08,False,
1462845,2024-09-09T15:31:14.557831Z,2024-09-09,en-US,email-and-messaging,thunderbird;email-and-messaging;bug1891962;,davidmul,Pop accounts cause Crash ID: ⁨bp-77646d1b-508c-4d81-9b6e-ff1a40240909⁩,https://support.mozilla.org/questions/1462845,,,,,,,,proto:pop,,3,true,4.05,False,
1462846,2024-09-09T15:32:12.524751Z,2024-09-09,nl,search-tag-and-share,thunderbird;search-tag-and-share;,NZ,Labels,https://support.mozilla.org/questions/1462846,,,,,,,,,,1,true,19.25,False,
1462852,2024-09-09T15:36:53.581989Z,2024-09-09,en-US,email-and-messaging,thunderbird;email-and-messaging;,eberger5,Search finds searched item but then it isn't able to open it,https://support.mozilla.org/questions/1462852,os:windows,,,,,,,,,4,true,4.36,False,
1462854,2024-09-09T15:39:14.391098Z,2024-09-09,en-US,email-and-messaging,thunderbird;email-and-messaging;,jeff272,No more ability to send or receive email via Thunderbird.  SOLVED use smtp.mail.yahoo.com and imap.mail.yahoo.com,https://support.mozilla.org/questions/1462854,,,,,,m:microsoftemail;m:yahooemail,,proto:imap;proto:smtp,,2,true,1.03,False,
1462857,2024-09-09T15:42:11.393452Z,2024-09-09,en-US,email-and-messaging,thunderbird;email-and-messaging;,eberger5,How search results are displayed,https://support.mozilla.org/questions/1462857,,,,,,,,,,2,true,0.82,False,
1462858,2024-09-09T15:43:01.288703Z,2024-09-09,en-US,email-and-messaging,thunderbird;email-and-messaging;,texas10cat,I cannot get my answer on how to fix outgoing email in Mozilla Thunderird!!,https://support.mozilla.org/questions/1462858,,,,,,m:yahooemail,,,,1,true,3.64,False,
1462862,2024-09-09T16:06:14.966771Z,2024-09-09,en-US,email-and-messaging,thunderbird;email-and-messaging;,grandada,Wie schreibe ich e mail,https://support.mozilla.org/questions/1462862,,,,,,,,,,0,false,,False,
1462865,2024-09-09T16:34:16.956298Z,2024-09-09,it,email-and-messaging,thunderbird;email-and-messaging;,mattia.lmtrasporti,"email ""sparite"" dopo l'invio",https://support.mozilla.org/questions/1462865,,,,,,,,,,5,true,13.21,False,
1462866,2024-09-09T16:39:50.859077Z,2024-09-09,en-US,email-and-messaging,thunderbird;email-and-messaging;,anthonyduo,"Suddenly all my READ email comes categorized, alphabetized, and with random dates",https://support.mozilla.org/questions/1462866,,,,,,,,,,1,true,16.42,False,
1462867,2024-09-09T16:51:47.061953Z,2024-09-09,it,email-and-messaging,thunderbird;email-and-messaging;,munafo.elisa,problemi di invio mail (hotmail),https://support.mozilla.org/questions/1462867,,,,,,m:microsoftemail,,,,2,true,12.8,False,
1462869,2024-09-09T16:58:45.229621Z,2024-09-09,en-US,email-and-messaging,thunderbird;email-and-messaging;,paul7177,Suddenly all my read messages have disappeared! Version 115.15.0,https://support.mozilla.org/questions/1462869,,,,,,,,,,1,true,2.65,False,
1462874,2024-09-09T17:32:48.836754Z,2024-09-09,en-US,email-and-messaging,thunderbird;email-and-messaging;,mmpiehl,Config Ed doesn't change Date/Time Format,https://support.mozilla.org/questions/1462874,,,,,,,,,,5,true,9.33,True,sfhowes
1462877,2024-09-09T17:40:05.656512Z,2024-09-09,en-US,accounts,thunderbird;accounts;,johncotnam,What do I have to do to make my Hotmail.com accounts comply with Modern Authentication requirements before September 16 ,https://support.mozilla.org/questions/1462877,,,,,,m:microsoftemail,,,,2,true,0.8,False,
1462882,2024-09-09T17:53:53.239773Z,2024-09-09,en-US,email-and-messaging,thunderbird;email-and-messaging;,dreamspinner3,Clicking an email link on a webpage doesn't open Thunderbird,https://support.mozilla.org/questions/1462882,os:windows,,,,,,,,,2,true,8.87,False,
1462883,2024-09-09T18:02:50.780852Z,2024-09-09,nl,email-and-messaging,thunderbird;email-and-messaging;,t.vanweerd,email wordt niet gedecodeerd,https://support.mozilla.org/questions/1462883,,,,,,,,,,0,false,,False,
1462885,2024-09-09T18:48:32.803551Z,2024-09-09,en-US,email-and-messaging,thunderbird;email-and-messaging;,kerzisg,Thunderbird (and FF) error message and now I have real problems,https://support.mozilla.org/questions/1462885,,,,,,,,,,3,true,14.24,False,
1462886,2024-09-09T18:49:10.924123Z,2024-09-09,en-US,settings,thunderbird;settings;,cormgtr,Layout Pane Sizeing,https://support.mozilla.org/questions/1462886,,,,,,,,,,0,false,,False,
1462887,2024-09-09T18:49:58.285086Z,2024-09-09,en-US,accounts,thunderbird;accounts;,alanwall101,why can I not reply to an email but I can get email,https://support.mozilla.org/questions/1462887,,,,,,,isp:comcast,,,1,true,0.39,False,
1462888,2024-09-09T19:04:15.570904Z,2024-09-09,en-US,email-and-messaging,thunderbird;email-and-messaging;,y112,Please clarify statement in support.mozilla.org/en-US/questions/1391768,https://support.mozilla.org/questions/1462888,,,,,,,,,,2,true,13.92,False,
1462894,2024-09-09T19:44:36.124952Z,2024-09-09,en-US,email-and-messaging,thunderbird;email-and-messaging;,freebox2mr,Some incoming messages being falsified in Thunderbird,https://support.mozilla.org/questions/1462894,,,,,,,,,av:malwarebytes;av:norton,0,false,,False,
1462901,2024-09-09T21:07:50.070585Z,2024-09-09,cs,settings,thunderbird;settings;,jve1,thunderbird 115.6.1 na obrazovce zpusobuje bily pruh vlevo nahore,https://support.mozilla.org/questions/1462901,,,,,,,,,,1,true,10.27,False,
1462902,2024-09-09T21:10:15.864480Z,2024-09-09,en-US,performance-and-connectivity,thunderbird;performance-and-connectivity;,mariaroyce,Thunderbird Interface Broken,https://support.mozilla.org/questions/1462902,,,,,,,,,,0,false,,False,
1462917,2024-09-09T23:10:30.215355Z,2024-09-09,en-US,performance-and-connectivity,thunderbird;needsinfo;performance-and-connectivity;,,Thunderbird 128 freezes completely on launch even after reinstall,https://support.mozilla.org/questions/1462917,os:windows,,,,,,,,,10,true,8.96,True,honvmpri
1462921,2024-09-09T23:33:28.050659Z,2024-09-09,en-US,performance-and-connectivity,thunderbird;performance-and-connectivity;,peter.list,Thunderbird email account,https://support.mozilla.org/questions/1462921,,,,,,,,,,0,false,,False,
1462924,2024-09-09T23:41:58.289346Z,2024-09-09,en-US,email-and-messaging,thunderbird;email-and-messaging;,pisces312,"no emails. but ""xxxx@embarqmail.com is being processed. Please wait until processing is complete to get messages.""",https://support.mozilla.org/questions/1462924,,,,,,,,,,1,true,104.79,False,
1462931,2024-09-10T01:43:55.502992Z,2024-09-10,en-US,accounts,thunderbird;accounts;,joanmjac552,Bank will not pass a donation to Thunderbird because the payment is to an overseas location.  Bank wants to know which c,https://support.mozilla.org/questions/1462931,,,,,,,,,,1,true,3.32,False,
1462932,2024-09-10T02:13:22.883814Z,2024-09-10,en-US,email-and-messaging,thunderbird;email-and-messaging;,agray62,Thunderbird suddenly not responding.,https://support.mozilla.org/questions/1462932,,,,,,,,,,1,true,5.93,False,
1462938,2024-09-10T03:46:52.094170Z,2024-09-10,en-US,passwords-and-sign-in,thunderbird;passwords-and-sign-in;,lanceh49,THUNDERBIRD PASSWORD ANNOYANCE ....,https://support.mozilla.org/questions/1462938,,,,,,m:gmail,,,,1,true,126.49,False,
1462944,2024-09-10T04:25:14.145680Z,2024-09-10,en-US,performance-and-connectivity,thunderbird;performance-and-connectivity;,siddu.ec30,128.2.0esr quick filter bar searching is slow,https://support.mozilla.org/questions/1462944,,,,,,,,,,0,false,,False,
1462946,2024-09-10T04:56:27.277445Z,2024-09-10,en-US,settings,thunderbird;settings;,lampkaravshops,Thunderbird 128 Needed css instructions to make Today pane events to follow calendar tags color,https://support.mozilla.org/questions/1462946,,,,,,,,,,1,true,5954.38,False,
1462955,2024-09-10T06:57:31.913619Z,2024-09-10,it,email-and-messaging,thunderbird;email-and-messaging;,pucci.paola,allegato sospetto,https://support.mozilla.org/questions/1462955,,,,,,,,,,1,true,0.14,False,
1462956,2024-09-10T07:09:53.365847Z,2024-09-10,it,email-and-messaging,thunderbird;email-and-messaging;,m.rosco,non ricevo più e-mail da tre dei miei 4 account,https://support.mozilla.org/questions/1462956,,,,,,,,,,2,true,0.03,True,m.rosco
1462957,2024-09-10T07:38:44.507705Z,2024-09-10,en-US,email-and-messaging,thunderbird;email-and-messaging;,slawolsz10,Advanced message filtering,https://support.mozilla.org/questions/1462957,,,,,,,,,,5,true,0.52,False,
1462961,2024-09-10T08:30:24.049471Z,2024-09-10,en-US,email-and-messaging,thunderbird;email-and-messaging;,fits79,always ask me password of my mails(Mostly at outlook or hotmail accounts),https://support.mozilla.org/questions/1462961,,,,,,m:gmail;m:microsoftemail;m:yahooemail,,proto:imap;proto:smtp,,0,false,,False,
1462962,2024-09-10T08:47:27.652569Z,2024-09-10,en-US,email-and-messaging,thunderbird;email-and-messaging;,hannah.sill,Thunderbird won't send messages and save them as a draft,https://support.mozilla.org/questions/1462962,os:linux,,,,,,,,,0,false,,False,
1462965,2024-09-10T09:11:58.817716Z,2024-09-10,en-US,settings,thunderbird;settings;,Goshmos_Castle,Thunderbird 128.2: Hide column picker of the message list pane,https://support.mozilla.org/questions/1462965,os:windows,,,,,m:microsoftemail,,,,2,true,1.47,False,
1462967,2024-09-10T09:23:30.618936Z,2024-09-10,en-US,installation-and-updates,thunderbird;installation-and-updates;,Barosh,Thunderbird 128.2.0esr (64-Bit) does not display the correct email,https://support.mozilla.org/questions/1462967,,,,,,,,,,3,true,120.53,True,christ1
1462968,2024-09-10T09:30:00.313729Z,2024-09-10,it,accounts,thunderbird;accounts;,tegrik,Utilizzo per PEC - Password principale e nuovo account,https://support.mozilla.org/questions/1462968,,,,,,,,,,5,true,0.13,True,tegrik
1462972,2024-09-10T10:10:12.935277Z,2024-09-10,en-US,email-and-messaging,thunderbird;email-and-messaging;,Piers66,Sent emails from one Gmail account also appear in the sent items of another account,https://support.mozilla.org/questions/1462972,os:linux,,,,,m:gmail,,,,0,false,,False,
1462973,2024-09-10T10:14:45.090633Z,2024-09-10,en-US,email-and-messaging,thunderbird;email-and-messaging;,PercyParrot,Emails showing as a code,https://support.mozilla.org/questions/1462973,,,,,,,,,,4,true,119.64,False,
1462975,2024-09-10T10:31:32.886246Z,2024-09-10,en-US,accounts,thunderbird;accounts;,aleclercq,SMTP thru outlook office 365 - DON'T WORK,https://support.mozilla.org/questions/1462975,os:windows,,,,,m:microsoftemail,,proto:smtp,,6,true,0.17,False,
1462976,2024-09-10T10:34:26.897225Z,2024-09-10,en-US,email-and-messaging,thunderbird;email-and-messaging;,bobgillelliott,thunderbird,https://support.mozilla.org/questions/1462976,,,,,,,isp:btinternet,,,0,false,,False,
1462978,2024-09-10T10:49:22.672181Z,2024-09-10,en-US,email-and-messaging,thunderbird;email-and-messaging;,kp.seal,"IMAP folders get unsubscribed when deleting, moving or renaming a folder.",https://support.mozilla.org/questions/1462978,,,,,,,,proto:imap,,4,true,750.21,False,
1462979,2024-09-10T11:03:44.227993Z,2024-09-10,it,accessibility,thunderbird;accessibility;,info11859,email,https://support.mozilla.org/questions/1462979,,,,,,,,,,1,true,0.45,False,
1462983,2024-09-10T11:16:33.154379Z,2024-09-10,en-US,email-and-messaging,thunderbird;email-and-messaging;,UberNerdyGeekBoy,Thunderbird Unified Inbox Issue (IMAP Accounts),https://support.mozilla.org/questions/1462983,os:windows,,,,,,,proto:imap,,8,true,4.93,True,davidsk
1462985,2024-09-10T12:07:06.611933Z,2024-09-10,en-US,settings,thunderbird;settings;,rommromm,Double backslash converted to single backslash after restart Thunderbird. Why?,https://support.mozilla.org/questions/1462985,,,,,,,,,,0,false,,False,
1462986,2024-09-10T12:08:03.351490Z,2024-09-10,en-US,performance-and-connectivity,thunderbird;performance-and-connectivity;,michaelinparis03,Thunderbird 115.10.1 incredibly slow,https://support.mozilla.org/questions/1462986,os:windows,,,,,,,,,2,true,8.01,True,michaelinparis03
1462988,2024-09-10T12:21:00.640412Z,2024-09-10,en-US,settings,thunderbird;settings;,Atom7,new(ish) Thunderbird layout,https://support.mozilla.org/questions/1462988,,,,,,,,,,3,true,806.62,True,Atom7
1462990,2024-09-10T12:36:44.344587Z,2024-09-10,en-US,settings,thunderbird;settings;,daria7,E-mail account deleted,https://support.mozilla.org/questions/1462990,,,,,,,,,,1,true,2.87,False,
1462991,2024-09-10T13:06:40.915285Z,2024-09-10,pt-BR,email-and-messaging,thunderbird;needsinfo;email-and-messaging;,comex1,erro de recebimento,https://support.mozilla.org/questions/1462991,,,,,,,,,,1,true,11.45,False,
1462993,2024-09-10T13:22:04.171924Z,2024-09-10,en-US,email-and-messaging,thunderbird;email-and-messaging;,andisch,Unwanted Text Break in Thunderbird 128.2.0esr,https://support.mozilla.org/questions/1462993,,,,,,,,,,0,false,,False,
1462994,2024-09-10T13:36:21.056236Z,2024-09-10,it,email-and-messaging,thunderbird;email-and-messaging;,caputomat,email,https://support.mozilla.org/questions/1462994,,,,,,,,,,3,true,0.23,False,
1462997,2024-09-10T14:14:09.620783Z,2024-09-10,en-US,accounts,thunderbird;accounts;,torinclark,365 Accounts Requiring Microsoft SSO,https://support.mozilla.org/questions/1462997,,,,,,,,,,1,true,115.61,False,
1462998,2024-09-10T14:19:02.519203Z,2024-09-10,en-US,email-and-messaging,thunderbird;email-and-messaging;,autocorrectcarclinic,QUOTE BEING TRANSFERED FROM AUTO CORRECT TO CUSTOMER,https://support.mozilla.org/questions/1462998,,,,,,,,,,1,true,2.49,False,
1463003,2024-09-10T14:42:19.757332Z,2024-09-10,en-US,email-and-messaging,thunderbird;email-and-messaging;,goozak,Subscribe to internally available Atom feed,https://support.mozilla.org/questions/1463003,,,,,,,,,,0,false,,False,
1463006,2024-09-10T15:09:34.209112Z,2024-09-10,it,email-and-messaging,thunderbird;email-and-messaging;,bobcardon,mail non visibili in posta in arrivo,https://support.mozilla.org/questions/1463006,,,,,,,,,,9,true,0.57,False,
1463009,2024-09-10T15:31:00.854869Z,2024-09-10,nl,installation-and-updates,thunderbird;installation-and-updates;,onno5,"kan T niet starten, windows denkt dat T nog actief is.",https://support.mozilla.org/questions/1463009,,,,,,,,,,1,true,16.94,False,
1463011,2024-09-10T15:45:53.589979Z,2024-09-10,en-US,email-and-messaging,thunderbird;email-and-messaging;,tim.ballycarn,How to sync Thunderbird Calander and BT Mail Calander,https://support.mozilla.org/questions/1463011,os:linux,,,,,,isp:btinternet,,,2,true,1.74,True,tim.ballycarn
1463016,2024-09-10T16:10:21.253937Z,2024-09-10,en-US,email-and-messaging,thunderbird;email-and-messaging;,jackiewalther,ImportExportTools NG,https://support.mozilla.org/questions/1463016,,,,,,,,,,2,true,0.07,False,
1463017,2024-09-10T16:14:07.981063Z,2024-09-10,en-US,email-and-messaging,thunderbird;email-and-messaging;,Electrojim,Thunderbird New Mail 'red dot' in Windows notification area does not clear using unified inbox.,https://support.mozilla.org/questions/1463017,os:windows,,,,,,,,,1,true,246.55,False,
1463018,2024-09-10T16:20:15.418494Z,2024-09-10,en-US,email-and-messaging,thunderbird;email-and-messaging;,valenz,Thunderbird Bcc Limit,https://support.mozilla.org/questions/1463018,,,,,,,,,,3,true,0.45,False,
1463021,2024-09-10T16:36:15.189718Z,2024-09-10,en-US,installation-and-updates,thunderbird;installation-and-updates;,psalience,Two Thunderbird installations - same database?,https://support.mozilla.org/questions/1463021,os:windows,,,,,,,,,3,true,1.54,False,
1463022,2024-09-10T16:37:44.722857Z,2024-09-10,en-US,email-and-messaging,thunderbird;email-and-messaging;,greghill,"""Unable to write the email to the mailbox....""",https://support.mozilla.org/questions/1463022,os:windows,,,,,,,,,3,true,88.85,True,greghill
1463025,2024-09-10T17:08:19.035240Z,2024-09-10,en-US,email-and-messaging,thunderbird;email-and-messaging;,gdknelsen,Opening message on Thunderbird gets the same message --Apple-Mail-8B93079C-6931-440C-A880-44533077DD28--,https://support.mozilla.org/questions/1463025,,,,,,m:gmail,,,,4,true,0.96,False,
1463026,2024-09-10T17:10:35.970081Z,2024-09-10,it,email-and-messaging,thunderbird;email-and-messaging;,cavallero.luigi,Errore in thunderbird,https://support.mozilla.org/questions/1463026,,,,,,m:gmail,,,,4,true,0.36,False,
1463027,2024-09-10T17:19:01.742194Z,2024-09-10,en-US,performance-and-connectivity,thunderbird;performance-and-connectivity;,leomc145,Error flushing display: Protocol error Exiting due to channel error.,https://support.mozilla.org/questions/1463027,os:linux,,,,,,,,,0,false,,False,
1463035,2024-09-10T18:20:57.667772Z,2024-09-10,en-US,email-and-messaging,thunderbird;email-and-messaging;,karin.lagesen,Tags pane folders in 115.15 broken after downgrade,https://support.mozilla.org/questions/1463035,,,,,,,,,,2,true,80.16,False,
1463037,2024-09-10T18:31:24.154807Z,2024-09-10,en-US,email-and-messaging,thunderbird;email-and-messaging;,ccfnapex,"I just started getting this message ""Login to server outbound.att.net with username ccfnapex@bellsouth.net failed.""",https://support.mozilla.org/questions/1463037,,,,,,m:yahooemail,isp:att,,,1,true,86.93,False,
1463038,2024-09-10T18:37:04.749732Z,2024-09-10,es,email-and-messaging,thunderbird;email-and-messaging;,sergiosaza,Recibo correos en Thunderbird y no los veo en formato HTML,https://support.mozilla.org/questions/1463038,,,,,,,,,,0,false,,False,
1463039,2024-09-10T18:57:27.333219Z,2024-09-10,en-US,email-and-messaging,thunderbird;email-and-messaging;,bob.maak,I can't send or receive e-mails. It doesn't recognize my e-mail address.,https://support.mozilla.org/questions/1463039,,,,,,,,,,1,true,1.64,False,
1463040,2024-09-10T19:07:11.785050Z,2024-09-10,en-US,email-and-messaging,thunderbird;email-and-messaging;,KJS-LES,Sub-folders at capacity,https://support.mozilla.org/questions/1463040,,,,,,,,,,2,true,0.91,False,
1463042,2024-09-10T19:25:02.782766Z,2024-09-10,en-US,installation-and-updates,thunderbird;installation-and-updates;,Jean2024,Can't remove old Thunderbird,https://support.mozilla.org/questions/1463042,,,,,,,,,,3,true,0.92,False,
1463044,2024-09-10T19:29:12.094432Z,2024-09-10,en-US,settings,thunderbird;settings;,micrybak78,Settings help - how do I turn off spell autocorrect?,https://support.mozilla.org/questions/1463044,,,,,,,,,,1,true,0.81,False,
1463047,2024-09-10T19:46:13.354464Z,2024-09-10,en-US,email-and-messaging,thunderbird;email-and-messaging;,storyseen,Cannot create lists in Tbird anymore,https://support.mozilla.org/questions/1463047,,,,,,,,,,2,true,1.16,False,
1463049,2024-09-10T20:03:13.770889Z,2024-09-10,cs,email-and-messaging,thunderbird;email-and-messaging;,Randolf,"Jak mám nastavit v Thunderbirdu číselně počet zpráv, které se ukazují nad jejich seznamem.",https://support.mozilla.org/questions/1463049,,,,,,,,,,1,true,2.74,False,
1463056,2024-09-10T20:49:28.062487Z,2024-09-10,en-US,email-and-messaging,thunderbird;email-and-messaging;,derek85,Intermittent Gobbledygook in Inbox,https://support.mozilla.org/questions/1463056,os:windows,,,,,,,,,1,true,17.16,False,
1463060,2024-09-10T21:29:36.051368Z,2024-09-10,en-US,settings,thunderbird;settings;,david.hutton,Thunderbird calendar search - 128.2.0 - Windows 10,https://support.mozilla.org/questions/1463060,os:windows,,,,,,,,,0,false,,False,
1463062,2024-09-10T21:35:31.325022Z,2024-09-10,en-US,email-and-messaging,thunderbird;email-and-messaging;,mmorris.sd,Signature missing in Thunderbird version 128.2.0esr,https://support.mozilla.org/questions/1463062,,,,,,,,,,1,true,19.15,False,
1463063,2024-09-10T21:56:43.138726Z,2024-09-10,it,email-and-messaging,thunderbird;email-and-messaging;,yaesu100,Painful lack of IMAP connection to the Mail Server continously appearing,https://support.mozilla.org/questions/1463063,,,,,,m:microsoftemail,,proto:imap,,3,true,7.75,False,
1463064,2024-09-10T22:10:51.070118Z,2024-09-10,en-US,settings,thunderbird;settings;,KJS-LES,Can't locate the tool selection at https://support.mozilla.org/en-US/kb/unified-toolbar,https://support.mozilla.org/questions/1463064,,,,,,,,,,2,true,0.8,False,
1463065,2024-09-10T22:27:08.110366Z,2024-09-10,en-US,email-and-messaging,thunderbird;email-and-messaging;,landesroger,cannot access emails after moving them....,https://support.mozilla.org/questions/1463065,,,,,,,,,,0,false,,False,
1463069,2024-09-10T22:47:05.692056Z,2024-09-10,en-US,email-and-messaging,thunderbird;email-and-messaging;,garcoulthard,Thunderbird in ipad,https://support.mozilla.org/questions/1463069,,,,,,,,,,1,true,15.11,False,
1463070,2024-09-10T23:16:58.748200Z,2024-09-10,en-US,email-and-messaging,thunderbird;email-and-messaging;,swolfson001,Can't receive incoming email,https://support.mozilla.org/questions/1463070,os:windows,,,,,m:microsoftemail,isp:spectrum,,,1,true,82.04,False,
1463074,2024-09-10T23:34:33.506568Z,2024-09-10,en-US,settings,thunderbird;settings;,ErnstHW,"How can I turn on light mode manually in Thunderbird without changing theme, or within a dark theme?",https://support.mozilla.org/questions/1463074,,,,,,,,,,0,false,,False,
1463078,2024-09-11T00:40:33.927625Z,2024-09-11,en-US,email-and-messaging,thunderbird;email-and-messaging;,chrisrichardson1955,back up emails,https://support.mozilla.org/questions/1463078,,,,,,,,,,1,true,12.69,False,
1463082,2024-09-11T02:11:35.365855Z,2024-09-11,en-US,accounts,thunderbird;accounts;,aurangabad.b1068,Please confirm,https://support.mozilla.org/questions/1463082,,,,,,,,,,1,true,0.43,False,
1463084,2024-09-11T03:23:17.324285Z,2024-09-11,en-US,accounts,thunderbird;accounts;,avarner9,How to configure embedded browser,https://support.mozilla.org/questions/1463084,,,,,,,,proto:oauth,,0,false,,False,
1463085,2024-09-11T03:27:48.233047Z,2024-09-11,en-US,passwords-and-sign-in,thunderbird;passwords-and-sign-in;,scobes52,app password,https://support.mozilla.org/questions/1463085,,,,,,m:microsoftemail,,,,1,true,10.32,False,
1463086,2024-09-11T03:43:17.474687Z,2024-09-11,en-US,email-and-messaging,thunderbird;email-and-messaging;,bowslide,"Microsoft stopping support for Thunderbird on Sept 16, 2024",https://support.mozilla.org/questions/1463086,,,,,,m:gmail;m:microsoftemail,,,,1,true,6.05,False,
1463087,2024-09-11T03:48:07.332368Z,2024-09-11,en-US,installation-and-updates,thunderbird;installation-and-updates;,john65281,Fix wrong version problem,https://support.mozilla.org/questions/1463087,,,,,,,,,,1,true,9.77,True,davidsk
1463091,2024-09-11T03:57:17.891584Z,2024-09-11,en-US,email-and-messaging,thunderbird;email-and-messaging;,MSHDFred,Creating Thunderbird folders also creates them in Earthlink Webmail,https://support.mozilla.org/questions/1463091,,,,,,,,,,2,true,9.45,False,
1463092,2024-09-11T04:04:03.234336Z,2024-09-11,en-US,email-and-messaging,thunderbird;email-and-messaging;,Music1492maN,Unable to receive emails on this device.,https://support.mozilla.org/questions/1463092,,,,,,,,,,1,true,9.16,False,
1463102,2024-09-11T07:11:17.204006Z,2024-09-11,fi,email-and-messaging,thunderbird;email-and-messaging;,358pkyt,Viestiketjunätön poisto,https://support.mozilla.org/questions/1463102,,,,,,m:microsoftemail,,,,0,false,,False,
1463104,2024-09-11T07:21:12.140345Z,2024-09-11,en-US,email-and-messaging,thunderbird;email-and-messaging;,lexichas11,Moving old mails from old email to new email,https://support.mozilla.org/questions/1463104,,,,,,,,proto:imap,,1,true,5.84,False,
1463108,2024-09-11T08:22:02.233678Z,2024-09-11,it,email-and-messaging,thunderbird;needsinfo;email-and-messaging;,ilaria.anderson.research,LA FIRMA NON COMPARE NELL'INOLTRO E NELLA RISPOSTA,https://support.mozilla.org/questions/1463108,,,,,,,,,,1,true,0.45,False,
1463109,2024-09-11T08:32:11.078588Z,2024-09-11,nl,accounts,thunderbird;accounts;,gilcap,Adresboek overplaatsen,https://support.mozilla.org/questions/1463109,,,,,,,,,,1,true,0.27,False,
1463111,2024-09-11T09:24:41.327213Z,2024-09-11,it,email-and-messaging,thunderbird;needsinfo;email-and-messaging;,a.demarchi.sarcedo,invio messaggi,https://support.mozilla.org/questions/1463111,os:windows,,,,,,,,,1,true,1.43,False,
1463114,2024-09-11T09:36:24.825025Z,2024-09-11,en-US,settings,thunderbird;settings;,paulh5,Recent accent colour changes,https://support.mozilla.org/questions/1463114,,,,,,,,,,2,true,3.0,False,
1463118,2024-09-11T09:58:17.249999Z,2024-09-11,en-US,email-and-messaging,thunderbird;email-and-messaging;,Basbas,Constantly being asked for passwords by Microsoft,https://support.mozilla.org/questions/1463118,,,,,,m:microsoftemail,,,,10,true,0.18,False,
1463120,2024-09-11T10:04:01.028227Z,2024-09-11,it,email-and-messaging,thunderbird;email-and-messaging;,munafo.elisa,INVIO DELLA MAIL SI CREA UN  DOPPIO INVIO IN POSTA INVIATA,https://support.mozilla.org/questions/1463120,,,,,,,,,,5,true,0.7,False,
1463123,2024-09-11T10:40:03.169656Z,2024-09-11,en-US,settings,thunderbird;settings;,l.stachowski,Thunderbird Nebula,https://support.mozilla.org/questions/1463123,,,,,,,,,,1,true,2.38,False,
1463124,2024-09-11T11:02:38.928735Z,2024-09-11,es,email-and-messaging,thunderbird;email-and-messaging;,mundomaravilloso199,Eliminación de correos con la ultima actualización,https://support.mozilla.org/questions/1463124,,,,,,,,,,2,true,16.64,True,pcp04
1463125,2024-09-11T11:29:39.756778Z,2024-09-11,cs,email-and-messaging,thunderbird;email-and-messaging;,lkeewp,"Thunderbird mail filter action ""Delete From POP Server"" prevents mail download?",https://support.mozilla.org/questions/1463125,,,,,,,,proto:pop,,0,false,,False,
1463128,2024-09-11T12:02:58.851552Z,2024-09-11,en-US,email-and-messaging,thunderbird;email-and-messaging;,tlp23,Have suddenly been unable to receive emails . i can successfully send an email to myself,https://support.mozilla.org/questions/1463128,,,,,,,,,,2,true,7.15,False,
1463132,2024-09-11T12:27:54.010850Z,2024-09-11,nl,accounts,thunderbird;accounts;,greta.annerel,inloggen,https://support.mozilla.org/questions/1463132,,,,,,,,,,1,true,1.02,False,
1463134,2024-09-11T12:36:46.123202Z,2024-09-11,en-US,email-and-messaging,thunderbird;email-and-messaging;,mocdar0,Accidently emptried trash folder,https://support.mozilla.org/questions/1463134,,,,,,,,,,1,true,1.12,False,
1463138,2024-09-11T13:13:29.486984Z,2024-09-11,en-US,settings,thunderbird;settings;,sinking_nanika,"After changing folder name, the flag to 'save for offline' is reset to false (no save for offline)",https://support.mozilla.org/questions/1463138,,,,,,,,,,1,true,0.07,False,
1463139,2024-09-11T13:18:41.506250Z,2024-09-11,en-US,performance-and-connectivity,thunderbird;performance-and-connectivity;,swedesjolund,Sync Calendar with IOS devices,https://support.mozilla.org/questions/1463139,,,,,,,,,,1,true,3.82,False,
1463143,2024-09-11T13:32:33.135621Z,2024-09-11,en-US,email-and-messaging,thunderbird;email-and-messaging;,grazyna.kozlowska03,The messages/mails don't load properly,https://support.mozilla.org/questions/1463143,,,,,,,,,,1,true,67.64,False,
1463145,2024-09-11T13:34:51.353560Z,2024-09-11,en-US,settings,thunderbird;settings;,nigelsathome,Thunderbird and Outlook,https://support.mozilla.org/questions/1463145,,,,,,m:microsoftemail,,proto:oauth,,1,true,0.16,False,
1463146,2024-09-11T13:46:04.060875Z,2024-09-11,en-US,performance-and-connectivity,thunderbird;performance-and-connectivity;,raf.sf7,Temporarily blacklisted IP Address - try again later,https://support.mozilla.org/questions/1463146,,,,,,,isp:comcast,,,3,true,0.06,False,
1463148,2024-09-11T13:51:56.448463Z,2024-09-11,en-US,email-and-messaging,thunderbird;email-and-messaging;,forgotten1,How to configure all emails for a particular domain (*@domain.com) as NOT JUNK,https://support.mozilla.org/questions/1463148,,,,,,,,,,5,true,0.05,True,davidsk
1463150,2024-09-11T13:58:08.166703Z,2024-09-11,en-US,email-and-messaging,thunderbird;email-and-messaging;,jepley,It will say I have 22 messages to download but when I download only 4 appear,https://support.mozilla.org/questions/1463150,,,,,,,,,,1,true,2.79,False,
1463155,2024-09-11T14:25:07.655450Z,2024-09-11,it,email-and-messaging,thunderbird;needsinfo;email-and-messaging;,barbara.branca13,assenza ricezione email eccetto casella PEC,https://support.mozilla.org/questions/1463155,,,,,,,,,,6,true,0.24,False,
1463158,2024-09-11T14:42:55.341252Z,2024-09-11,en-US,email-and-messaging,thunderbird;email-and-messaging;,jbfly111,Move emails to new folder,https://support.mozilla.org/questions/1463158,,,,,,,,,,0,false,,False,
1463159,2024-09-11T14:43:18.390245Z,2024-09-11,en-US,email-and-messaging,thunderbird;email-and-messaging;,olad1,Profiles subfolders,https://support.mozilla.org/questions/1463159,,,,,,,,,,1,true,0.79,False,
1463161,2024-09-11T15:10:45.975472Z,2024-09-11,en-US,passwords-and-sign-in,thunderbird;passwords-and-sign-in;,herogj,Will Thunderbird continue to work with MSN's increased sign-in security starting Sept.16 ?,https://support.mozilla.org/questions/1463161,,,,,,m:microsoftemail,,,,1,true,0.21,False,
1463162,2024-09-11T15:13:12.867757Z,2024-09-11,en-US,email-and-messaging,thunderbird;email-and-messaging;,richarddomps,connexion impossible,https://support.mozilla.org/questions/1463162,,,,,,,isp:centurylink,proto:imap;proto:smtp,,1,true,1.12,False,
1463166,2024-09-11T15:38:17.489881Z,2024-09-11,en-US,passwords-and-sign-in,thunderbird;passwords-and-sign-in;,9212cp406,Can't Change Authentication Method to OAuth for Microsoft SMTP Server,https://support.mozilla.org/questions/1463166,os:windows,,,,,m:microsoftemail,,proto:smtp;proto:oauth,,7,true,0.86,True,davidsk
1463167,2024-09-11T15:38:58.230939Z,2024-09-11,pt-BR,settings,thunderbird;settings;,fehlberg1999,Inicialização com o Windows,https://support.mozilla.org/questions/1463167,,,,,,,,,,0,false,,False,
1463168,2024-09-11T15:50:36.053062Z,2024-09-11,en-US,installation-and-updates,thunderbird;installation-and-updates;,frontdesk15,cannot move thunderbird data to new computer,https://support.mozilla.org/questions/1463168,,,,,,,,,,1,true,0.64,False,
1463190,2024-09-11T17:26:05.597625Z,2024-09-11,en-US,email-and-messaging,thunderbird;email-and-messaging;,CoolJavelin,Import (or transfer) custom dictionary from older T-bird.,https://support.mozilla.org/questions/1463190,,,,,,,,,,2,true,1.06,True,sfhowes
1463192,2024-09-11T17:41:07.555978Z,2024-09-11,en-US,passwords-and-sign-in,thunderbird;passwords-and-sign-in;,jodenritchey,I got an email from Microsoft saying that I'm using a third-party email app.  What do I need to do to keep getting my em,https://support.mozilla.org/questions/1463192,,,,,,,,,,1,true,0.1,False,
1463194,2024-09-11T17:47:13.017916Z,2024-09-11,en-US,email-and-messaging,thunderbird;email-and-messaging;,cptmessing,unable to receive incoming email on Thunderbird account since last update to 128.2.0,https://support.mozilla.org/questions/1463194,os:windows,,,,,m:microsoftemail,isp:verizon,,,15,true,0.66,True,cptmessing
1463197,2024-09-11T18:02:48.513017Z,2024-09-11,en-US,email-and-messaging,thunderbird;email-and-messaging;,cewelch,restore sent emails and address book,https://support.mozilla.org/questions/1463197,,,,,,,,,,1,true,63.09,False,
1463199,2024-09-11T18:19:04.857982Z,2024-09-11,en-US,email-and-messaging,thunderbird;email-and-messaging;,carolvisualmarketing,Retrieval dates only show 2023 and earlier. It does not allow for 2024 emails,https://support.mozilla.org/questions/1463199,,,,,,,,,,0,false,,False,
1463201,2024-09-11T18:23:57.379681Z,2024-09-11,en-US,passwords-and-sign-in,thunderbird;passwords-and-sign-in;,9212cp406,Can't Set OAuth on Microsoft IMAP Server,https://support.mozilla.org/questions/1463201,,,,,,m:microsoftemail,,proto:imap;proto:smtp;proto:oauth,,5,true,0.2,True,davidsk
1463211,2024-09-11T19:03:24.731571Z,2024-09-11,en-US,accounts,thunderbird;accounts;,caaldous,outlook 2007 accounts to thunderbird,https://support.mozilla.org/questions/1463211,,,,,,m:microsoftemail,,,,0,false,,False,
1463212,2024-09-11T19:15:22.437176Z,2024-09-11,en-US,email-and-messaging,thunderbird;email-and-messaging;,i75Dave,Cannot send or recieve emails on Thunderbird client from Rogers/Yahoo,https://support.mozilla.org/questions/1463212,os:windows,,,,,m:yahooemail,isp:rogers,proto:smtp;proto:pop;proto:oauth,,1,true,2.97,False,
1463215,2024-09-11T19:46:35.494203Z,2024-09-11,en-US,email-and-messaging,thunderbird;email-and-messaging;,danbecker75,wrong filter is being applied to incoming mail,https://support.mozilla.org/questions/1463215,,,,,,,,,,2,true,1.27,False,
1463217,2024-09-11T19:57:14.616468Z,2024-09-11,en-US,email-and-messaging,thunderbird;email-and-messaging;,dbpopejoy,Search finds emails in deleted folders,https://support.mozilla.org/questions/1463217,,,,,,,,,,1,true,0.28,True,christ1
1463228,2024-09-11T21:37:13.477674Z,2024-09-11,en-US,email-and-messaging,thunderbird;email-and-messaging;,alex372,Can't Update mailing list or create new mailing list,https://support.mozilla.org/questions/1463228,,,,,,,,,,4,true,13.16,False,
1463229,2024-09-11T22:01:22.370940Z,2024-09-11,en-US,settings,thunderbird;settings;,ray118,TBird 128.2.0 plays a mail notification sound even when OFF in settings,https://support.mozilla.org/questions/1463229,,,,,,,,,,2,true,0.05,True,sfhowes
1463230,2024-09-11T22:52:14.921481Z,2024-09-11,en-US,email-and-messaging,thunderbird;email-and-messaging;,justcruisin6,thunderbird emaols,https://support.mozilla.org/questions/1463230,,,,,,,,,,1,true,2.16,False,
1463234,2024-09-11T23:45:42.250325Z,2024-09-11,en-US,email-and-messaging,thunderbird;email-and-messaging;,Wizou,Nebula new tiles are too wide,https://support.mozilla.org/questions/1463234,,,,,,,,,,2,true,1071.98,False,
1463235,2024-09-12T00:04:26.316002Z,2024-09-12,en-US,email-and-messaging,thunderbird;email-and-messaging;,shellpaul7,can i have a webmail address with thunderbird?,https://support.mozilla.org/questions/1463235,,,,,,,,,,2,true,4.13,False,
1463238,2024-09-12T00:50:08.710501Z,2024-09-12,en-US,installation-and-updates,thunderbird;installation-and-updates;,vlcampb3,Restoring my Thunderbird on new version 68,https://support.mozilla.org/questions/1463238,,,,,,,,,,0,false,,False,
1463239,2024-09-12T00:58:21.951917Z,2024-09-12,en-US,email-and-messaging,thunderbird;email-and-messaging;,del40234,Delete and readd an email to Thunderbird,https://support.mozilla.org/questions/1463239,,,,,,m:yahooemail,isp:frontier,,,1,true,56.08,False,
1463244,2024-09-12T02:09:51.900037Z,2024-09-12,en-US,accounts,thunderbird;accounts;,kerrielyn2,I’m having trouble getting my emails to open in a third-party mail program,https://support.mozilla.org/questions/1463244,,,,,,m:microsoftemail,,,,1,true,4.72,False,
1463245,2024-09-12T02:30:16.739038Z,2024-09-12,en-US,settings,thunderbird;settings;,firefoxeric,Repeat event does not include last month,https://support.mozilla.org/questions/1463245,,,,,,,,,,8,true,62.72,True,Toad-Hall
1463247,2024-09-12T02:58:08.079892Z,2024-09-12,en-US,email-and-messaging,thunderbird;bug1855900;email-and-messaging;,trevorw,Calendar search is not what it used to be,https://support.mozilla.org/questions/1463247,os:macos,,macos:big_sur,,,,,,,2,true,1.1,False,
1463249,2024-09-12T03:24:07.054005Z,2024-09-12,en-US,email-and-messaging,thunderbird;email-and-messaging;,info11870,Deleted Emails,https://support.mozilla.org/questions/1463249,,,,,,,,,,1,true,8.32,False,
1463251,2024-09-12T03:32:45.065282Z,2024-09-12,en-US,settings,thunderbird;settings;,rungene,correct IMAP server address,https://support.mozilla.org/questions/1463251,,,,,,m:gmail,,proto:imap,,7,true,7.57,False,
1463252,2024-09-12T03:35:52.576072Z,2024-09-12,en-US,email-and-messaging,thunderbird;email-and-messaging;,highermark,question about Microsoft New Modern Authentication,https://support.mozilla.org/questions/1463252,,,,,,,,proto:imap;proto:oauth,,6,true,0.49,False,
1463254,2024-09-12T04:39:48.516329Z,2024-09-12,en-US,installation-and-updates,thunderbird;installation-and-updates;,leon.arundell,How to restore emails to Thunderbird version 128?,https://support.mozilla.org/questions/1463254,os:linux,,,,,,,,,5,true,45.78,False,
1463257,2024-09-12T05:40:03.153411Z,2024-09-12,en-US,email-and-messaging,thunderbird;email-and-messaging;,sep,Change Folder Hierarchy in Local Folders after MailStore export,https://support.mozilla.org/questions/1463257,,,,,,m:microsoftemail,,,,1,false,,True,sep
1463258,2024-09-12T05:44:18.288114Z,2024-09-12,en-US,privacy-and-security,thunderbird;privacy-and-security_1;,pilch49,SMPT SERVER SETTINGS,https://support.mozilla.org/questions/1463258,,,,,,,,proto:smtp;proto:oauth,,3,true,1.07,False,
1463268,2024-09-12T06:37:31.434493Z,2024-09-12,es,passwords-and-sign-in,thunderbird;passwords-and-sign-in;,aritzibai,problemas para sincronizar con correou outlook,https://support.mozilla.org/questions/1463268,,,,,,m:microsoftemail,,,,1,true,109.46,False,
1463269,2024-09-12T06:43:20.283119Z,2024-09-12,it,email-and-messaging,thunderbird;needsinfo;email-and-messaging;,marco.mancini66,ho un problema con l'invio di mail con allegati il programma si blocca e non va avanti,https://support.mozilla.org/questions/1463269,,,,,,,,,,1,true,8.19,False,
1463275,2024-09-12T07:40:40.725480Z,2024-09-12,en-US,email-and-messaging,thunderbird;email-and-messaging;,singhal_rajiv,Outlook.com changes to OAUTH2,https://support.mozilla.org/questions/1463275,,,,,,m:microsoftemail,,proto:pop;proto:oauth,,7,true,6.67,False,
1463276,2024-09-12T07:47:14.975882Z,2024-09-12,nl,installation-and-updates,thunderbird;installation-and-updates;,paul.debeukelaar,"Thunderbird blokkeert op popup venster ""map naam wijzigen""",https://support.mozilla.org/questions/1463276,os:windows,,,,,,,,,2,true,5.1,False,
1463277,2024-09-12T07:49:18.934352Z,2024-09-12,en-US,email-and-messaging,thunderbird;email-and-messaging;,atsushi.miyamoto.aj,cannot receive e-mail from office365 server,https://support.mozilla.org/questions/1463277,,,,,,m:microsoftemail,,proto:pop;proto:oauth,,2,true,8.44,True,Toad-Hall
1463278,2024-09-12T07:56:55.760474Z,2024-09-12,it,email-and-messaging,thunderbird;needsinfo;email-and-messaging;,alepi140213,problemi post aggiornamento,https://support.mozilla.org/questions/1463278,,,,,,,,,,1,true,7.13,False,
1463284,2024-09-12T10:00:24.414690Z,2024-09-12,en-US,installation-and-updates,thunderbird;installation-and-updates;,lundis1970,Data-Import-Problem because of a collision of program-versions after updating Thunderbird?,https://support.mozilla.org/questions/1463284,,,,,,,,,,1,true,1.32,False,
1463285,2024-09-12T10:07:48.267185Z,2024-09-12,en-US,email-and-messaging,thunderbird;email-and-messaging;,platinum198,Some archived messages missing after updates,https://support.mozilla.org/questions/1463285,os:windows,,,,,,,,,0,false,,False,
1463288,2024-09-12T10:28:09.099247Z,2024-09-12,en-US,settings,thunderbird;settings;,contact1089,really struggling to get thunderbird to work like my outlook 2007 does,https://support.mozilla.org/questions/1463288,,,,,,m:microsoftemail,,,,6,true,1.7,False,
1463291,2024-09-12T11:00:12.470656Z,2024-09-12,cs,email-and-messaging,thunderbird;email-and-messaging;,buk144,"Dotaz k trvalému odstranění výzvy ""Přihlaste se do Mozilla Thunderbird přes Google"".",https://support.mozilla.org/questions/1463291,os:windows,,,,,m:microsoftemail,,,,1,true,12.69,False,
1463293,2024-09-12T11:09:58.286612Z,2024-09-12,nl,email-and-messaging,thunderbird;email-and-messaging;,nverhoeckx,Thunderbird and Microsoft,https://support.mozilla.org/questions/1463293,,,,,,m:gmail;m:microsoftemail,,,,1,true,1.65,False,
1463295,2024-09-12T11:48:59.493267Z,2024-09-12,en-US,passwords-and-sign-in,thunderbird;passwords-and-sign-in;,augket71,Problemer med login på hotmail.com,https://support.mozilla.org/questions/1463295,,,,,,m:gmail;m:microsoftemail,,,,1,true,0.55,False,
1463297,2024-09-12T12:15:30.050623Z,2024-09-12,cs,accounts,thunderbird;accounts;,hejc.michal,Google Account Remove,https://support.mozilla.org/questions/1463297,,,,,,,,proto:oauth,,3,true,11.35,False,
1463301,2024-09-12T12:48:51.014905Z,2024-09-12,en-US,installation-and-updates,thunderbird;installation-and-updates;,luisgo122,Tunderbird not allows to send emails.,https://support.mozilla.org/questions/1463301,os:linux,,,,,,,,,1,false,,True,luisgo122
1463305,2024-09-12T13:06:07.228337Z,2024-09-12,en-US,email-and-messaging,thunderbird;email-and-messaging;,richard.wipfelder,Filter in Thunderbird,https://support.mozilla.org/questions/1463305,,,,,,,,,,3,true,0.38,False,
1463308,2024-09-12T13:43:49.023769Z,2024-09-12,en-US,settings,thunderbird;settings;,alan.macleay1,How can I complete the move of Thunderbird from Drive C: to Drive D:?,https://support.mozilla.org/questions/1463308,,,,,,,,,,44,true,0.7,False,
1463310,2024-09-12T14:00:50.363362Z,2024-09-12,en-US,settings,thunderbird;settings;,wrudamet,Disable message list pane resizing when using TB in vertical view layout,https://support.mozilla.org/questions/1463310,,,,,,,,,,0,false,,False,
1463311,2024-09-12T14:01:35.479859Z,2024-09-12,it,email-and-messaging,thunderbird;needsinfo;email-and-messaging;,eugenio.giordano,archivi imap e pop,https://support.mozilla.org/questions/1463311,,,,,,,,proto:imap;proto:pop,,1,true,1.22,False,
1463312,2024-09-12T14:02:27.688651Z,2024-09-12,en-US,passwords-and-sign-in,thunderbird;passwords-and-sign-in;,printguy,OAuth2 in server settings,https://support.mozilla.org/questions/1463312,,,,,,,,proto:oauth,,5,true,0.24,True,printguy
1463313,2024-09-12T14:06:27.240967Z,2024-09-12,en-US,email-and-messaging,thunderbird;email-and-messaging;,edterry6310,Thunderbird 128.2.0esr (64-bit) Problem opening past emails,https://support.mozilla.org/questions/1463313,os:linux,,,,,,,,,5,true,42.76,True,christ1
1463314,2024-09-12T14:10:49.935702Z,2024-09-12,it,email-and-messaging,thunderbird;email-and-messaging;,tatidade,indirizzi e-mail microsft,https://support.mozilla.org/questions/1463314,,,,,,m:microsoftemail,,,,1,true,1.09,False,
1463315,2024-09-12T14:16:20.829816Z,2024-09-12,en-US,email-and-messaging,thunderbird;email-and-messaging;,jlincoln,Go to next unread e-mail,https://support.mozilla.org/questions/1463315,,,,,,,,,,5,true,0.37,False,
1463317,2024-09-12T14:23:03.682093Z,2024-09-12,en-US,installation-and-updates,thunderbird;installation-and-updates;,lukas.gysi,Unable to use profile when you launch an older version of Thunderbird,https://support.mozilla.org/questions/1463317,,,,,,,,,,4,true,0.22,True,davidsk
1463318,2024-09-12T14:25:57.960189Z,2024-09-12,nl,settings,thunderbird;settings;,redgy.dewulf53,prullenbak,https://support.mozilla.org/questions/1463318,,,,,,,,,,1,true,0.08,False,
1463319,2024-09-12T14:26:06.303459Z,2024-09-12,en-US,accounts,thunderbird;accounts;,dinet,settings for hotmail in thunderbird,https://support.mozilla.org/questions/1463319,,,,,,m:microsoftemail,,,,1,true,0.13,False,
1463321,2024-09-12T14:32:34.955558Z,2024-09-12,it,email-and-messaging,thunderbird;email-and-messaging;,leaguekingbobz,Attachment notifications doesn t work when I reply to an email or forwarding an email to someone else,https://support.mozilla.org/questions/1463321,,,,,,,,,,1,true,0.77,False,
1463323,2024-09-12T14:34:50.534067Z,2024-09-12,en-US,passwords-and-sign-in,thunderbird;passwords-and-sign-in;,ericaint,email,https://support.mozilla.org/questions/1463323,,,,,,,,,,2,true,1.32,False,
1463325,2024-09-12T14:37:46.441220Z,2024-09-12,en-US,email-and-messaging,thunderbird;email-and-messaging;tb128corrupt;,eric143,Thunderbird sent mail is showing up as gibberish,https://support.mozilla.org/questions/1463325,os:windows,,,,,m:gmail,,,,5,true,35.68,False,
1463326,2024-09-12T14:38:30.106663Z,2024-09-12,en-US,settings,thunderbird;settings;,larry.archer1230,too small,https://support.mozilla.org/questions/1463326,,,,,,,,,,1,true,0.3,False,
1463328,2024-09-12T14:51:49.795202Z,2024-09-12,en-US,email-and-messaging,thunderbird;email-and-messaging;,jh.mk01,Thunderbird unable to connect to imap.gmail.com,https://support.mozilla.org/questions/1463328,os:windows,,,,,m:gmail,,proto:imap;proto:oauth,,5,true,0.98,True,jh.mk01
1463334,2024-09-12T14:59:38.749877Z,2024-09-12,cs,settings,thunderbird;settings;,svojar71,KOntakty Google,https://support.mozilla.org/questions/1463334,,,,,,,,,,1,true,8.52,False,
1463336,2024-09-12T15:05:54.075782Z,2024-09-12,en-US,email-and-messaging,thunderbird;email-and-messaging;,trmllb,Microsoft Email,https://support.mozilla.org/questions/1463336,,,,,,m:gmail;m:microsoftemail,,,,1,true,0.65,False,
1463338,2024-09-12T15:12:37.645244Z,2024-09-12,pt-BR,email-and-messaging,thunderbird;email-and-messaging;,strokersul,2 PC´s Windows 7 and Windows 10,https://support.mozilla.org/questions/1463338,os:windows,,,,,,,,,2,true,5.53,False,
1463339,2024-09-12T15:13:27.716748Z,2024-09-12,en-US,accounts,thunderbird;accounts;,tonyc12,can't add RSS subscription; says it already exists,https://support.mozilla.org/questions/1463339,,,,,,,isp:btinternet,,,1,false,,False,
1463344,2024-09-12T15:45:54.363741Z,2024-09-12,en-US,email-and-messaging,thunderbird;email-and-messaging;,JKWalsh,missing folder,https://support.mozilla.org/questions/1463344,,,,,,,,,,0,false,,False,
1463345,2024-09-12T15:47:40.219972Z,2024-09-12,en-US,email-and-messaging,thunderbird;email-and-messaging;,alinwelland,Forwarding an email message,https://support.mozilla.org/questions/1463345,,,,,,,,,,2,true,0.56,False,
1463347,2024-09-12T15:58:56.632972Z,2024-09-12,nl,email-and-messaging,thunderbird;email-and-messaging;,eybogerman,delen van agenda,https://support.mozilla.org/questions/1463347,,,,,,,,proto:caldav,,5,true,114.76,False,
1463348,2024-09-12T16:21:18.693854Z,2024-09-12,en-US,email-and-messaging,thunderbird;email-and-messaging;,sarah357,don't use tb any more,https://support.mozilla.org/questions/1463348,,,,,,m:gmail,,,,1,true,0.02,False,
1463349,2024-09-12T16:24:36.018383Z,2024-09-12,en-US,email-and-messaging,thunderbird;email-and-messaging;,jakob.brunner,Storage,https://support.mozilla.org/questions/1463349,,,,,,,,,,3,true,1.52,False,
1463353,2024-09-12T16:43:41.710415Z,2024-09-12,en-US,email-and-messaging,thunderbird;email-and-messaging;,9212cp406,How Do I Set Up Safe Senders in Thunderbird?,https://support.mozilla.org/questions/1463353,os:windows,,,,,,,,,1,true,0.46,False,
1463358,2024-09-12T17:12:38.734732Z,2024-09-12,en-US,email-and-messaging,thunderbird;email-and-messaging;,elep331,Appearance of unread messages in Nebula,https://support.mozilla.org/questions/1463358,,,,,,,,,,3,true,9.16,False,
1463359,2024-09-12T17:13:42.576490Z,2024-09-12,en-US,email-and-messaging,thunderbird;email-and-messaging;,jaymyersrochopr,Can’t receive or send emails,https://support.mozilla.org/questions/1463359,,,,,,m:yahooemail,,,,1,true,0.63,False,
1463360,2024-09-12T17:15:41.115285Z,2024-09-12,en-US,email-and-messaging,thunderbird;email-and-messaging;,jimladdo,receiving emails,https://support.mozilla.org/questions/1463360,,,,,,,,proto:pop,,3,true,0.51,True,jimladdo
1463362,2024-09-12T17:27:51.982529Z,2024-09-12,en-US,email-and-messaging,thunderbird;email-and-messaging;,ted36,Worst email program on earth,https://support.mozilla.org/questions/1463362,,,,,,,,,,1,true,0.93,False,
1463369,2024-09-12T18:33:26.518925Z,2024-09-12,en-US,email-and-messaging,thunderbird;email-and-messaging;,jerico46,Address list,https://support.mozilla.org/questions/1463369,,,,,,,,,,1,true,0.41,False,
1463370,2024-09-12T18:34:11.266517Z,2024-09-12,en-US,settings,thunderbird;settings;needsinfo;,clueless.in.seattle1,Switch from normal password to OAuth2 for Outlook email,https://support.mozilla.org/questions/1463370,,,,,,m:microsoftemail,,proto:pop;proto:oauth,,4,true,1.41,False,
1463376,2024-09-12T18:47:35.315569Z,2024-09-12,en-US,installation-and-updates,thunderbird;installation-and-updates;,ragbraidude,"Maingear Laptop bluescreened, purchased new MicroSoft Surface Pro, not able to find Thunderbird data folder",https://support.mozilla.org/questions/1463376,,,,,,,,,,5,true,0.11,False,
1463377,2024-09-12T18:58:32.144312Z,2024-09-12,en-US,passwords-and-sign-in,thunderbird;passwords-and-sign-in;,dickydooda,unable to log in,https://support.mozilla.org/questions/1463377,,,,,,,,,,2,true,31.25,False,
1463378,2024-09-12T19:01:52.895245Z,2024-09-12,nl,accounts,thunderbird;accounts;,petersjmg420,Kan wel e-mail ontvangen maar niet verzenden,https://support.mozilla.org/questions/1463378,,,,,,,,,,1,true,108.78,False,
1463385,2024-09-12T19:37:00.533320Z,2024-09-12,en-US,performance-and-connectivity,thunderbird;performance-and-connectivity;,sgmret94,Import calendar,https://support.mozilla.org/questions/1463385,,,,,,,,,,1,true,2.85,False,
1463386,2024-09-12T19:43:00.933408Z,2024-09-12,en-US,email-and-messaging,thunderbird;email-and-messaging;,jimwspoon,"quick filter on two fields, e.g. ""sender"" and ""subject"", using different search terms for each field",https://support.mozilla.org/questions/1463386,,,,,,,,,,1,true,30.5,False,
1463387,2024-09-12T19:57:34.538453Z,2024-09-12,en-US,settings,thunderbird;settings;,bkoopers,What is this file used for? global-messages-db.sqlite,https://support.mozilla.org/questions/1463387,,,,,,,,,,3,true,0.11,False,
1463388,2024-09-12T20:00:48.910855Z,2024-09-12,en-US,privacy-and-security,thunderbird;privacy-and-security_1;,adrian100,"e2ee - unsigned & not encrypted sent, reciever shows unsigned & encrypted!!",https://support.mozilla.org/questions/1463388,,,,,,,,,,8,true,36.91,True,adrian100
1463389,2024-09-12T20:01:37.871757Z,2024-09-12,hu,email-and-messaging,thunderbird;email-and-messaging;,foto.lorinc,Thuderbird küldés ikon elvesztése,https://support.mozilla.org/questions/1463389,,,,,,,,,,1,true,109.83,False,
1463391,2024-09-12T20:11:54.071039Z,2024-09-12,en-US,performance-and-connectivity,thunderbird;performance-and-connectivity;,mhutch309,Businesses don't get Thunderbird emails,https://support.mozilla.org/questions/1463391,,,,,,m:gmail,,,,4,true,2.22,False,
1463396,2024-09-12T20:52:18.808811Z,2024-09-12,en-US,accounts,thunderbird;accounts;,bpesto,"Outlook Email Action Required-How to keep existing saved emails, sent, emails, folders, etc.  SOLVED cookies must be ena",https://support.mozilla.org/questions/1463396,,,,,,m:microsoftemail,,,,4,true,1.65,True,bpesto
1463398,2024-09-12T21:02:23.484609Z,2024-09-12,en-US,passwords-and-sign-in,thunderbird;passwords-and-sign-in;,ieint3,Authentication failure after gmail password change,https://support.mozilla.org/questions/1463398,,,,,,m:gmail,,proto:imap;proto:oauth,,5,true,17.68,True,davidsk
1463399,2024-09-12T21:07:29.390329Z,2024-09-12,en-US,email-and-messaging,thunderbird;email-and-messaging;,AZspoofer3,IMAP quota,https://support.mozilla.org/questions/1463399,,,,,,,,proto:imap,,4,true,29.08,False,
1463403,2024-09-12T21:40:11.996130Z,2024-09-12,en-US,email-and-messaging,thunderbird;email-and-messaging;,tpollard1,file detach with mail sort by date=decending causes selected message to change and move up vs staying on the same messag,https://support.mozilla.org/questions/1463403,,,,,,,,,,1,false,,False,
1463404,2024-09-12T21:42:11.675646Z,2024-09-12,en-US,accounts,thunderbird;accounts;,bpesto,Reestablishing account in Thunderbird -Javascript Error  SOLVED javascript must be enabled in Thunderbird for oauth to w,https://support.mozilla.org/questions/1463404,,,,,,m:microsoftemail,,proto:imap;proto:oauth,,1,true,403.5,True,wsmwk
1463406,2024-09-12T21:52:40.471347Z,2024-09-12,en-US,email-and-messaging,thunderbird;email-and-messaging;,mainlineproductions,Emails are gone and no new ones coming in,https://support.mozilla.org/questions/1463406,,,,,,,,,,0,false,,False,
1463414,2024-09-12T23:30:24.803025Z,2024-09-12,en-US,settings,thunderbird;settings;,jpkern00,Can't set a default app for opening attachment file type,https://support.mozilla.org/questions/1463414,os:windows,,,,,,,,,5,true,3.56,True,jpkern00
1463416,2024-09-12T23:42:32.581582Z,2024-09-12,en-US,email-and-messaging,thunderbird;email-and-messaging;,ovation8,Repeat notifications,https://support.mozilla.org/questions/1463416,,,,,,,,,,4,true,0.51,False,
1463422,2024-09-13T02:37:03.077937Z,2024-09-13,en-US,email-and-messaging,thunderbird;email-and-messaging;,JLT,New install of Thunderbird not seeing all folders,https://support.mozilla.org/questions/1463422,os:macos,,macos:sonoma,,,m:microsoftemail,,,,4,true,0.51,False,
1463426,2024-09-13T03:24:02.463094Z,2024-09-13,en-US,email-and-messaging,thunderbird;email-and-messaging;,tfrink1,Messages disappear when moved,https://support.mozilla.org/questions/1463426,,,,,,,,,,0,false,,False,
1463428,2024-09-13T03:58:11.768999Z,2024-09-13,en-US,email-and-messaging,thunderbird;email-and-messaging;,jimmychen339,Email Signature Image Too Big,https://support.mozilla.org/questions/1463428,,,,,,,,,,3,true,8.23,False,
1463432,2024-09-13T05:02:44.741727Z,2024-09-13,en-US,email-and-messaging,thunderbird;email-and-messaging;,hunterbr,Password requested when Thunderbird is opened,https://support.mozilla.org/questions/1463432,os:macos,,macos:sonoma,,,,,proto:imap;proto:pop,,1,true,157.15,False,
1463435,2024-09-13T05:32:45.342011Z,2024-09-13,en-US,email-and-messaging,thunderbird;email-and-messaging;,wymitur,problem with thunderbird notificatons,https://support.mozilla.org/questions/1463435,,,,,,,,,,4,true,20.49,False,
1463437,2024-09-13T05:41:04.764196Z,2024-09-13,en-US,email-and-messaging,thunderbird;email-and-messaging;,mypsychologist911,I am  continually asked for my password but when i respond the system asks again for a [assword and my emails dont work,https://support.mozilla.org/questions/1463437,,,,,,,,,,1,true,20.34,False,
1463443,2024-09-13T06:51:43.147710Z,2024-09-13,en-US,passwords-and-sign-in,thunderbird;passwords-and-sign-in;,mordax,Thunderbird not saving hotmail/outlook logins (keeps spamming all the time),https://support.mozilla.org/questions/1463443,os:windows,,,,,m:gmail;m:microsoftemail;m:yahooemail,,proto:oauth,,4,true,0.48,False,
1463444,2024-09-13T07:06:41.985061Z,2024-09-13,en-US,email-and-messaging,thunderbird;email-and-messaging;,dexter4t,something is wrong,https://support.mozilla.org/questions/1463444,,,,,,,,,,1,true,18.88,False,
1463448,2024-09-13T08:04:38.012079Z,2024-09-13,nl,settings,thunderbird;settings;,nsjerps,vermelding aantal mail in postvak In,https://support.mozilla.org/questions/1463448,,,,,,,,,,1,true,50.28,False,
1463449,2024-09-13T08:07:19.367463Z,2024-09-13,en-US,passwords-and-sign-in,thunderbird;passwords-and-sign-in;,dkjburton,Thunderbird,https://support.mozilla.org/questions/1463449,,,,,,m:microsoftemail,,,,3,true,3.94,False,
1463451,2024-09-13T08:29:56.024658Z,2024-09-13,it,email-and-messaging,thunderbird;needsinfo;email-and-messaging;,amministrazione.gruppobsrl,thunderbitd,https://support.mozilla.org/questions/1463451,,,,,,,,,,1,true,0.25,False,
1463453,2024-09-13T08:43:04.059636Z,2024-09-13,en-US,email-and-messaging,thunderbird;email-and-messaging;,tschabold,Sudden problems with dowmloading and sending of emails and installing email accounts,https://support.mozilla.org/questions/1463453,os:windows,,,,,,,proto:imap;proto:smtp,,2,true,17.03,False,
1463454,2024-09-13T08:49:06.851435Z,2024-09-13,it,email-and-messaging,thunderbird;email-and-messaging;,trunks02,"Problema Thunderbird, non scaricare più nulla",https://support.mozilla.org/questions/1463454,os:windows,,,,,,,,,7,true,0.29,True,trunks02
1463457,2024-09-13T09:18:50.710914Z,2024-09-13,it,installation-and-updates,thunderbird;needsinfo;installation-and-updates;,sergio.freddi,dal PC ho molta difficoltà ad accedere al server di posta,https://support.mozilla.org/questions/1463457,,,,,,,,,,1,true,0.4,False,
1463460,2024-09-13T09:31:40.286283Z,2024-09-13,en-US,email-and-messaging,thunderbird;email-and-messaging;,mel.mason,My Rel 128 upgrade can't handle mailing lists,https://support.mozilla.org/questions/1463460,,,,,,,,,,4,true,15.98,False,
1463463,2024-09-13T09:34:50.960942Z,2024-09-13,en-US,installation-and-updates,thunderbird;installation-and-updates;,clivereeves656,Update on 12/9/24,https://support.mozilla.org/questions/1463463,,,,,,,,,,2,true,4.77,False,
1463464,2024-09-13T09:38:43.417660Z,2024-09-13,en-US,email-and-messaging,thunderbird;email-and-messaging;,BeaEss,No emails dropping,https://support.mozilla.org/questions/1463464,,,,,,,,proto:oauth,,5,true,15.83,False,
1463466,2024-09-13T09:45:18.893570Z,2024-09-13,en-US,email-and-messaging,thunderbird;email-and-messaging;,chrisinstalybridge,Thunderbird 128,https://support.mozilla.org/questions/1463466,,,,,,m:microsoftemail,,proto:imap;proto:smtp;proto:oauth,,1,false,,True,chrisinstalybridge
1463467,2024-09-13T10:11:29.300509Z,2024-09-13,en-US,email-and-messaging,thunderbird;email-and-messaging;,FirstShirt,New Guy to Thunderbird - Longtime Mozilla/Firefox user.,https://support.mozilla.org/questions/1463467,,,,,,m:gmail;m:yahooemail,,,,1,true,6.26,False,
1463469,2024-09-13T10:30:56.724346Z,2024-09-13,en-US,installation-and-updates,thunderbird;installation-and-updates;,zaenker,Thunderbird Beschädigt,https://support.mozilla.org/questions/1463469,,,,,,,,,,3,true,22.21,False,
1463475,2024-09-13T11:18:04.760504Z,2024-09-13,it,email-and-messaging,thunderbird;email-and-messaging;,admin834,richiesta Vostro supporto su indirizzo e-mail,https://support.mozilla.org/questions/1463475,,,,,,,,,,1,true,3.53,False,
1463478,2024-09-13T11:47:28.851114Z,2024-09-13,it,email-and-messaging,thunderbird;needsinfo;email-and-messaging;,admin834,richiesta Vostro supporto su indirizzo e-mail,https://support.mozilla.org/questions/1463478,,,,,,,,,,2,true,3.03,False,
1463479,2024-09-13T11:50:23.067243Z,2024-09-13,en-US,email-and-messaging,thunderbird;email-and-messaging;,janusz.falkiewicz,Thunderbird changes the content of the received message to a strange sequence of letters and characters and numbers.,https://support.mozilla.org/questions/1463479,,,,,,,,,,1,true,13.63,False,
1463480,2024-09-13T12:12:44.516319Z,2024-09-13,en-US,installation-and-updates,thunderbird;installation-and-updates;,contact1089,"address book ""EmailDisplayName"" not coming across from outlook",https://support.mozilla.org/questions/1463480,,,,,,m:microsoftemail,,,,1,true,1.13,False,
1463483,2024-09-13T12:40:16.172392Z,2024-09-13,pt-BR,performance-and-connectivity,thunderbird;performance-and-connectivity;,gustavo.moraes,Travamento do Thunderbird após atualiza para versão 128.2.0esr,https://support.mozilla.org/questions/1463483,,,,,,,,,,0,false,,False,
1463484,2024-09-13T12:47:14.222099Z,2024-09-13,en-US,settings,thunderbird;settings;,alfonso_sossa,Multiple event reminders,https://support.mozilla.org/questions/1463484,,,,,,,,,,1,true,4.53,True,sfhowes
1463486,2024-09-13T13:13:42.026736Z,2024-09-13,en-US,passwords-and-sign-in,thunderbird;passwords-and-sign-in;,guru_30,Help Needed with oauth Login Issues,https://support.mozilla.org/questions/1463486,,,,,,m:gmail,,proto:oauth,,19,true,3.02,False,
1463489,2024-09-13T13:54:20.886146Z,2024-09-13,nl,email-and-messaging,thunderbird;email-and-messaging;,g-daymate1,wat moet ik doen na 16 september 2024,https://support.mozilla.org/questions/1463489,,,,,,,,,,3,true,44.4,False,
1463490,2024-09-13T14:09:29.384431Z,2024-09-13,en-US,email-and-messaging,thunderbird;email-and-messaging;,mauricecrosbie,Non receipt of sent e-mails,https://support.mozilla.org/questions/1463490,,,,,,,,,,1,true,0.35,False,
1463492,2024-09-13T14:32:28.489103Z,2024-09-13,en-US,passwords-and-sign-in,thunderbird;passwords-and-sign-in;,lieberlewis,lieberlewis@comcast.net,https://support.mozilla.org/questions/1463492,,,,,,,isp:comcast,proto:imap,,1,true,10.9,False,
1463493,2024-09-13T14:34:00.069664Z,2024-09-13,en-US,settings,thunderbird;settings;,RokeJulianLockhart,How to allow Thunderbird to render columns outside the viewbox?,https://support.mozilla.org/questions/1463493,,,,,,,,,,6,true,26.33,True,castellani.ale
1463494,2024-09-13T14:35:07.882222Z,2024-09-13,en-US,email-and-messaging,thunderbird;email-and-messaging;,prakesh,Trying to chase the disappeared mails maybe compressed due to the size?,https://support.mozilla.org/questions/1463494,,,,,,m:yahooemail,,proto:imap,,2,true,10.61,False,
1463496,2024-09-13T14:44:29.282911Z,2024-09-13,en-US,settings,thunderbird;settings;,Homer712,How to Fix the Two Line Email List,https://support.mozilla.org/questions/1463496,os:macos,,macos:sonoma,,,,,,,5,true,1.43,True,davidsk
1463497,2024-09-13T14:46:32.376217Z,2024-09-13,nl,email-and-messaging,thunderbird;email-and-messaging;,harrygroot234,nieuwe map in postvak in,https://support.mozilla.org/questions/1463497,os:windows,,,,,,,,,1,true,43.52,False,
1463501,2024-09-13T15:10:00.465963Z,2024-09-13,en-US,installation-and-updates,thunderbird;installation-and-updates;,mitziquick,cannot open Thunderbird Profile manager for 128.2.0esr in macOS 14.6.1,https://support.mozilla.org/questions/1463501,os:macos,,macos:sonoma,,,,,,,3,true,0.94,True,davidsk
1463502,2024-09-13T15:32:05.096854Z,2024-09-13,en-US,email-and-messaging,thunderbird;email-and-messaging;,HolstonWoods,email text suddenly erases while typing an email,https://support.mozilla.org/questions/1463502,,,,,,,,,,2,true,9.88,False,
1463512,2024-09-13T16:23:33.971054Z,2024-09-13,it,privacy-and-security,thunderbird;privacy-and-security_1;,daniele.bachini,outlook security issue,https://support.mozilla.org/questions/1463512,,,,,,m:microsoftemail,,,,3,true,0.58,True,'@next
1463514,2024-09-13T16:30:36.705746Z,2024-09-13,pt-BR,installation-and-updates,thunderbird;installation-and-updates;,alexgomesthorn,E-mail com problema!!,https://support.mozilla.org/questions/1463514,os:windows,,,,,,,,,0,false,,False,
1463516,2024-09-13T16:42:04.284388Z,2024-09-13,en-US,settings,thunderbird;settings;,CoolJavelin,Turn off contact (address book) avatars in compose (V128),https://support.mozilla.org/questions/1463516,,,,,,,,,,1,true,8.62,False,
1463519,2024-09-13T17:07:11.898911Z,2024-09-13,en-US,installation-and-updates,thunderbird;installation-and-updates;,axmoz,"Thunderbird is already running, but not responding. To use Thunderbird, you must first close the existing process, resta",https://support.mozilla.org/questions/1463519,os:linux,,,,,,,,,9,true,8.85,False,
1463523,2024-09-13T17:59:46.388273Z,2024-09-13,en-US,accounts,thunderbird;accounts;,thunderbird.issue,How to make Thunderbird use a profile that's not listed in `about:profiles` (again)?,https://support.mozilla.org/questions/1463523,,,,,,,,,,4,true,1.79,True,thunderbird.issue
1463526,2024-09-13T18:15:18.200815Z,2024-09-13,pt-BR,settings,thunderbird;settings;,jhnunn,redação de e mail,https://support.mozilla.org/questions/1463526,,,,,,,,,,0,false,,False,
1463527,2024-09-13T18:22:37.957039Z,2024-09-13,en-US,installation-and-updates,thunderbird;installation-and-updates;,joanne26,I don't even know what the subject is. Thunderbird just disappeared of the PC..,https://support.mozilla.org/questions/1463527,,,,,,,,,,4,true,0.24,True,davidsk
1463529,2024-09-13T19:15:16.018404Z,2024-09-13,pt-BR,email-and-messaging,thunderbird;email-and-messaging;,g.fontanaprti,Email,https://support.mozilla.org/questions/1463529,,,,,,,,,,0,false,,False,
1463530,2024-09-13T19:21:06.761696Z,2024-09-13,en-US,email-and-messaging,thunderbird;email-and-messaging;,waterway4,Trash box,https://support.mozilla.org/questions/1463530,,,,,,,,,,1,true,0.45,False,
1463531,2024-09-13T19:24:09.735596Z,2024-09-13,en-US,email-and-messaging,thunderbird;email-and-messaging;,frazelle09,Templates open with only blank text area,https://support.mozilla.org/questions/1463531,,,,,,,,,,0,false,,False,
1463534,2024-09-13T19:56:15.310005Z,2024-09-13,en-US,email-and-messaging,thunderbird;email-and-messaging;,roxanacleja,"""Get all new messaages"" not working",https://support.mozilla.org/questions/1463534,,,,,,m:gmail,,,,4,true,0.31,False,
1463535,2024-09-13T20:35:04.228673Z,2024-09-13,en-US,accounts,thunderbird;accounts;,sitbaknchill,all mails folder,https://support.mozilla.org/questions/1463535,,,,,,m:gmail,,,,1,true,4.5,False,
1463540,2024-09-13T21:47:06.019102Z,2024-09-13,en-US,email-and-messaging,thunderbird;email-and-messaging;,ehj69,Emails received but can't find them,https://support.mozilla.org/questions/1463540,,,,,,,,,,9,true,3.27,False,
1463542,2024-09-13T22:10:04.217352Z,2024-09-13,en-US,email-and-messaging,thunderbird;email-and-messaging;,dw.cain37,why cant I get into my email a/c dw.cain@xtra.co.nz,https://support.mozilla.org/questions/1463542,,,,,,,,,,6,true,0.68,False,
1463549,2024-09-14T00:35:41.170064Z,2024-09-14,en-US,email-and-messaging,thunderbird;email-and-messaging;,forrie1,Ability to re-open closed windows and tabs,https://support.mozilla.org/questions/1463549,,,,,,,,,,1,true,0.44,False,
1463552,2024-09-14T01:28:43.641582Z,2024-09-14,en-US,settings,thunderbird;settings;,KJS-LES,Still trying to get the unified toolbar shortcuts,https://support.mozilla.org/questions/1463552,,,,,,,,,,2,true,0.44,False,
1463554,2024-09-14T02:17:56.082900Z,2024-09-14,en-US,installation-and-updates,thunderbird;installation-and-updates;,pb4321,Transferring Thunderbird  profile from old to new Windows 11 PC,https://support.mozilla.org/questions/1463554,os:windows,,,,,,,,,2,true,3.15,False,
1463560,2024-09-14T04:27:06.755181Z,2024-09-14,en-US,performance-and-connectivity,thunderbird;performance-and-connectivity;,oaks227,How to fix Thunderbird is already running & not responding issue?,https://support.mozilla.org/questions/1463560,,,,,,,,,,3,true,0.85,True,MattAuSupport
1463568,2024-09-14T06:03:04.792021Z,2024-09-14,en-US,settings,thunderbird;settings;,rok.pogorelcnik,No more tag colors after update,https://support.mozilla.org/questions/1463568,,,,,,,,,,2,true,12.61,False,
1463571,2024-09-14T06:50:28.823585Z,2024-09-14,en-US,passwords-and-sign-in,thunderbird;passwords-and-sign-in;,patrick.guerisse,"Hello,",https://support.mozilla.org/questions/1463571,,,,,,m:gmail,,proto:imap,,7,true,1.61,False,
1463574,2024-09-14T07:02:46.387173Z,2024-09-14,it,email-and-messaging,thunderbird;email-and-messaging;,info11876,Mail illeggibili,https://support.mozilla.org/questions/1463574,,,,,,,,,,1,true,0.49,False,
1463575,2024-09-14T07:26:14.562189Z,2024-09-14,it,email-and-messaging,thunderbird;email-and-messaging;,bertoneguido,LINKS nelle emails,https://support.mozilla.org/questions/1463575,,,,,,,,,,1,true,0.37,False,
1463576,2024-09-14T07:29:01.760146Z,2024-09-14,en-US,installation-and-updates,thunderbird;installation-and-updates;,walter.venner,forgot password,https://support.mozilla.org/questions/1463576,,,,,,,,,,1,true,0.94,False,
1463579,2024-09-14T08:50:23.642891Z,2024-09-14,en-US,email-and-messaging,thunderbird;email-and-messaging;,prakesh,Disappeared mails,https://support.mozilla.org/questions/1463579,,,,,,,,,,0,false,,False,
1463581,2024-09-14T09:11:34.070785Z,2024-09-14,en-US,installation-and-updates,thunderbird;installation-and-updates;,robert.baker32,Local Folders file storage,https://support.mozilla.org/questions/1463581,os:linux,,,,,,,,,2,true,1.96,True,davidsk
1463584,2024-09-14T09:22:54.728152Z,2024-09-14,en-US,installation-and-updates,thunderbird;installation-and-updates;,martinligabue,can't customize remote content warning anymore after last update,https://support.mozilla.org/questions/1463584,,,,,,,,,,0,false,,False,
1463586,2024-09-14T09:33:52.633647Z,2024-09-14,en-US,email-and-messaging,thunderbird;email-and-messaging;,evagalansempere,NO MENSAJE EMERGENTE,https://support.mozilla.org/questions/1463586,,,,,,,,,,0,false,,False,
1463588,2024-09-14T09:52:16.708940Z,2024-09-14,en-US,email-and-messaging,thunderbird;email-and-messaging;,vorberg.duisburg,Thunderbird,https://support.mozilla.org/questions/1463588,,,,,,,,,,4,true,0.08,False,
1463591,2024-09-14T10:07:44.035114Z,2024-09-14,en-US,email-and-messaging,thunderbird;email-and-messaging;,user130953890299920595695291845349334830050,"Archive all mail older than 30 days, all folders",https://support.mozilla.org/questions/1463591,,,,,,,,proto:imap,,7,true,0.95,True,davidsk
1463594,2024-09-14T11:04:09.686758Z,2024-09-14,it,email-and-messaging,thunderbird;email-and-messaging;,info11878,Pec non riesco ad avere ricevita di avvenuta consegna,https://support.mozilla.org/questions/1463594,,,,,,,,,,9,true,18.92,False,
1463599,2024-09-14T12:08:22.835615Z,2024-09-14,en-US,passwords-and-sign-in,thunderbird;passwords-and-sign-in;,deserticley,Thunderbirds asks for password for removed account in continuous loop,https://support.mozilla.org/questions/1463599,,,,,,,,,,6,true,1.29,False,
1463605,2024-09-14T12:53:07.522737Z,2024-09-14,en-US,email-and-messaging,thunderbird;email-and-messaging;,4lawrence2,Thunderbird mail,https://support.mozilla.org/questions/1463605,os:windows,,,,,,,,,1,true,0.5,False,
1463606,2024-09-14T13:31:12.993196Z,2024-09-14,en-US,email-and-messaging,thunderbird;email-and-messaging;,jendrisak,You are ruining Thunderbird just like you did Firefox.,https://support.mozilla.org/questions/1463606,,,,,,,,,,2,true,364.2,False,
1463608,2024-09-14T13:32:42.883036Z,2024-09-14,nl,email-and-messaging,thunderbird;email-and-messaging;,stef.s,acount,https://support.mozilla.org/questions/1463608,,,,,,,,,,1,true,20.73,False,
1463613,2024-09-14T13:47:28.265530Z,2024-09-14,nl,email-and-messaging,thunderbird;email-and-messaging;,koos.beenen,ongewenste mail,https://support.mozilla.org/questions/1463613,,,,,,,,,,1,true,20.39,False,
1463615,2024-09-14T13:49:32.789706Z,2024-09-14,nl,email-and-messaging,thunderbird;needsinfo;email-and-messaging;,wth.lammers,"kan helaas geen berichten ontvangen,noch verzenden.wat moet ik nu doen ?",https://support.mozilla.org/questions/1463615,,,,,,,,,,1,true,20.39,False,
1463618,2024-09-14T14:27:48.105387Z,2024-09-14,en-US,email-and-messaging,thunderbird;email-and-messaging;,Sangoma,How to keep all old emails when chaging servers?,https://support.mozilla.org/questions/1463618,,,,,,,,,,7,true,4.57,False,
1463626,2024-09-14T15:52:46.875445Z,2024-09-14,en-US,settings,thunderbird;settings;,JamesJ,Hide the Titlebar,https://support.mozilla.org/questions/1463626,,,,,,,,,,2,true,1.27,True,sfhowes
1463627,2024-09-14T15:53:21.654441Z,2024-09-14,en-US,email-and-messaging,thunderbird;email-and-messaging;,joemorgan,Long syntac messages,https://support.mozilla.org/questions/1463627,,,,,,,,proto:smtp,av:avast,1,true,17.54,False,
1463629,2024-09-14T16:20:12.071378Z,2024-09-14,it,passwords-and-sign-in,thunderbird;passwords-and-sign-in;,franzien57,password non più riconosciuta,https://support.mozilla.org/questions/1463629,,,,,,m:gmail;m:yahooemail,,proto:imap;proto:oauth,,1,true,13.64,False,
1463635,2024-09-14T17:29:41.743803Z,2024-09-14,en-US,email-and-messaging,thunderbird;email-and-messaging;,stitesww,Thunderbird and MS Outlook Oauth authentication problems,https://support.mozilla.org/questions/1463635,,,,,,m:microsoftemail,,proto:smtp;proto:oauth,,1,true,359.95,True,wsmwk
1463638,2024-09-14T18:13:03.671175Z,2024-09-14,en-US,settings,thunderbird;settings;,gassajl,Thunderbird won't compact folder,https://support.mozilla.org/questions/1463638,,,,,,,,,,7,true,18.59,False,
1463639,2024-09-14T18:28:04.918126Z,2024-09-14,en-US,performance-and-connectivity,thunderbird;performance-and-connectivity;,jtposey2,"""Important Mail"" continuously downloading messages",https://support.mozilla.org/questions/1463639,,,,,,m:gmail,,,,4,true,18.25,False,
1463640,2024-09-14T18:31:47.445489Z,2024-09-14,en-US,settings,thunderbird;settings;,jeffrey13iap,Thunderbird Signature Question,https://support.mozilla.org/questions/1463640,,,,,,,,,,3,true,18.11,False,
1463641,2024-09-14T18:42:14.488036Z,2024-09-14,en-US,email-and-messaging,thunderbird;email-and-messaging;,kukurinv,missing emails 9/14& 9/13,https://support.mozilla.org/questions/1463641,,,,,,,,,,0,false,,False,
1463642,2024-09-14T18:58:07.682491Z,2024-09-14,en-US,privacy-and-security,thunderbird;privacy-and-security_1;,h1,"I have already contributed this year.  Please stop the VERY annoying request to ""Suppoet US""",https://support.mozilla.org/questions/1463642,,,,,,,,,,1,true,0.09,False,
1463644,2024-09-14T19:14:56.680097Z,2024-09-14,en-US,performance-and-connectivity,thunderbird;performance-and-connectivity;,Zais,Tasks,https://support.mozilla.org/questions/1463644,,,,,,,,,,0,false,,False,
1463645,2024-09-14T19:29:03.859554Z,2024-09-14,en-US,email-and-messaging,thunderbird;email-and-messaging;,herb20,Moving a subfolder to another computer,https://support.mozilla.org/questions/1463645,,,,,,,,,,1,true,13.88,False,
1463646,2024-09-14T19:52:21.552923Z,2024-09-14,en-US,accounts,thunderbird;accounts;,moojanmomen,Changing order of mailboxes,https://support.mozilla.org/questions/1463646,,,,,,,,,,2,true,0.24,True,moojanmomen
1463658,2024-09-14T21:21:47.473685Z,2024-09-14,en-US,settings,thunderbird;settings;,pinkisanta,Thunderbird with Exchange mail server,https://support.mozilla.org/questions/1463658,,,,,,m:microsoftemail,,,,1,true,11.93,False,
1463667,2024-09-14T22:33:11.465684Z,2024-09-14,en-US,performance-and-connectivity,thunderbird;performance-and-connectivity;,edweinman4,Thunderbird,https://support.mozilla.org/questions/1463667,,,,,,,,,,1,true,0.33,False,
1463679,2024-09-15T03:30:25.013922Z,2024-09-15,en-US,email-and-messaging,thunderbird;email-and-messaging;,vicskade,Font color in Thunderbird.,https://support.mozilla.org/questions/1463679,,,,,,,,,,1,true,0.55,False,
1463680,2024-09-15T03:33:25.685660Z,2024-09-15,en-US,performance-and-connectivity,thunderbird;performance-and-connectivity;,2948552384,Socks5 or HTTP Proxy Password,https://support.mozilla.org/questions/1463680,,,,,,,,,,1,true,21.49,False,
1463688,2024-09-15T05:46:25.852278Z,2024-09-15,en-US,accounts,thunderbird;accounts;,frank947,How to set up a new email account on Thunderbird,https://support.mozilla.org/questions/1463688,,,,,,,,,,1,true,3.12,False,
1463689,2024-09-15T05:57:45.878283Z,2024-09-15,hu,settings,thunderbird;settings;,informatika1,Oszlop méretezés,https://support.mozilla.org/questions/1463689,,,,,,,,,,1,true,52.04,True,meskobalazs
1463694,2024-09-15T07:58:57.448467Z,2024-09-15,en-US,email-and-messaging,thunderbird;email-and-messaging;,sdavers,Access Denied,https://support.mozilla.org/questions/1463694,os:linux,,,,,,isp:comcast,,,9,true,16.85,False,
1463696,2024-09-15T09:13:19.329295Z,2024-09-15,en-US,email-and-messaging,thunderbird;email-and-messaging;,lesleyminmenai,emails showing gobbledygook,https://support.mozilla.org/questions/1463696,,,,,,,,,,1,true,15.57,False,
1463699,2024-09-15T10:11:52.453767Z,2024-09-15,en-US,email-and-messaging,thunderbird;email-and-messaging;,pinkisanta,Thunderbird and Microsoft Exchange server 2019 phantom folder imap protocol,https://support.mozilla.org/questions/1463699,,,,,,m:microsoftemail,,proto:imap,,3,true,87.95,False,
1463700,2024-09-15T10:12:36.913606Z,2024-09-15,en-US,email-and-messaging,thunderbird;email-and-messaging;,rcandler,Missing folders etc after xubuntu upgrade  to 22.04,https://support.mozilla.org/questions/1463700,os:linux,,,,,,,,,1,false,,False,
1463704,2024-09-15T10:22:31.147036Z,2024-09-15,en-US,email-and-messaging,thunderbird;email-and-messaging;,rcandler,Missing folders etc after xubuntu upgrade  to 22.04,https://support.mozilla.org/questions/1463704,os:linux,,,,,,,,,6,true,14.34,True,rcandler
1463709,2024-09-15T12:55:12.863432Z,2024-09-15,en-US,performance-and-connectivity,thunderbird;performance-and-connectivity;,grzegorz.potocki,troubleshoot mode,https://support.mozilla.org/questions/1463709,,,,,,,,,,1,true,1.44,False,
1463711,2024-09-15T13:08:28.439407Z,2024-09-15,en-US,email-and-messaging,thunderbird;email-and-messaging;,teaandowls,Gmail messages not appearing in folder structure on Thunderbird,https://support.mozilla.org/questions/1463711,,,,,,m:gmail,,proto:imap,,2,true,11.48,False,
1463715,2024-09-15T13:25:25.305262Z,2024-09-15,en-US,email-and-messaging,thunderbird;email-and-messaging;,chippyrik,lost emails,https://support.mozilla.org/questions/1463715,,,,,,,,,,4,true,2.94,False,
1463717,2024-09-15T13:37:17.299400Z,2024-09-15,en-US,passwords-and-sign-in,thunderbird;passwords-and-sign-in;,brindleconstruction1,thunderbird keeps asking for password,https://support.mozilla.org/questions/1463717,,,,,,,,,,1,true,11.07,False,
1463718,2024-09-15T14:02:15.159004Z,2024-09-15,en-US,email-and-messaging,thunderbird;email-and-messaging;,masonherb,how to set up email accounts in thunderbird,https://support.mozilla.org/questions/1463718,,,,,,,,,,1,true,0.42,False,
1463723,2024-09-15T14:13:50.143858Z,2024-09-15,it,email-and-messaging,thunderbird;email-and-messaging;,mepservizi,cambio pc e trasferimento/sincronizzazione posta,https://support.mozilla.org/questions/1463723,,,,,,,,,,1,true,16.75,False,
1463726,2024-09-15T14:28:39.309662Z,2024-09-15,it,settings,thunderbird;settings;,roberto.manca1,"Ripristino voce ""Elimina messaggio""",https://support.mozilla.org/questions/1463726,,,,,,,,,,1,true,16.58,False,
1463728,2024-09-15T14:52:40.558252Z,2024-09-15,en-US,email-and-messaging,thunderbird;email-and-messaging;,hudsondl,Redirect sent email,https://support.mozilla.org/questions/1463728,,,,,,,,,,1,true,1.36,False,
1463737,2024-09-15T15:31:01.544855Z,2024-09-15,cs,email-and-messaging,thunderbird;email-and-messaging;,vlad.ho,"Když odešlu mail na kontakt *volný.cz, tak mail nedorazí a ani se mi nevrátí",https://support.mozilla.org/questions/1463737,,,,,,,,,,1,true,45.66,False,
1463746,2024-09-15T17:21:16.077755Z,2024-09-15,en-US,accounts,thunderbird;accounts;,anwac,Missing mails and folder settings after Ubuntu update,https://support.mozilla.org/questions/1463746,os:linux,,,,,,,,,0,false,,False,
1463750,2024-09-15T17:35:06.219542Z,2024-09-15,en-US,email-and-messaging,thunderbird;email-and-messaging;,grigsfam,Attachments received are all replaced by a very old photo,https://support.mozilla.org/questions/1463750,,,,,,,,,,0,false,,False,
1463753,2024-09-15T17:45:34.646430Z,2024-09-15,en-US,installation-and-updates,thunderbird;installation-and-updates;,blake.wyndham.iii,"trying to add thunderbird, but no download link shows up, just additional donation links",https://support.mozilla.org/questions/1463753,,,,,,,,,,1,true,0.07,False,
1463756,2024-09-15T18:20:43.122305Z,2024-09-15,en-US,email-and-messaging,thunderbird;email-and-messaging;,wordstar,Un-bold message list item when selected,https://support.mozilla.org/questions/1463756,,,,,,,,,,0,false,,False,
1463759,2024-09-15T18:40:32.837277Z,2024-09-15,en-US,email-and-messaging,thunderbird;email-and-messaging;,jonestsj59,After the last update - my email address listing when writing an e mail is NOT in ABC order.,https://support.mozilla.org/questions/1463759,,,,,,,,,,1,true,6.27,False,
1463761,2024-09-15T18:52:52.646075Z,2024-09-15,en-US,settings,thunderbird;settings;,boedekerg,how to change line spacing the thunderbird 115.10.1 inbox messages. they are double spaced!,https://support.mozilla.org/questions/1463761,,,,,,,,,,1,true,5.48,False,
1463762,2024-09-15T18:58:55.739680Z,2024-09-15,en-US,accounts,thunderbird;accounts;,konstantin.kivi,all access to email lost after update to 128.2.0esr,https://support.mozilla.org/questions/1463762,,,,,,,,proto:imap,,1,true,334.25,False,
1463763,2024-09-15T19:20:50.254820Z,2024-09-15,en-US,email-and-messaging,thunderbird;email-and-messaging;,jasonwmreid,Thunderbird Error Notification,https://support.mozilla.org/questions/1463763,,,,,,,,,,1,false,,False,
1463775,2024-09-15T21:04:40.389844Z,2024-09-15,en-US,email-and-messaging,thunderbird;email-and-messaging;,glospreys,Overnight lost almost 1300 unread emails.,https://support.mozilla.org/questions/1463775,,,,,,,,,,1,true,3.83,False,
1463777,2024-09-15T21:39:54.882556Z,2024-09-15,en-US,email-and-messaging,thunderbird;email-and-messaging;,glospreys,Lost unread emails in INBOX,https://support.mozilla.org/questions/1463777,,,,,,,,,,1,true,20.9,False,
1463780,2024-09-15T22:28:46.925730Z,2024-09-15,en-US,email-and-messaging,thunderbird;email-and-messaging;,edweinman4,Thunderbird emails not receiving,https://support.mozilla.org/questions/1463780,,,,,,,,,,1,true,2.51,False,
1463785,2024-09-15T23:20:11.314770Z,2024-09-15,en-US,settings,thunderbird;settings;,paulo37,OAUTH2,https://support.mozilla.org/questions/1463785,os:linux,,,,,m:microsoftemail,,proto:smtp;proto:oauth,,1,false,,True,paulo37
1463792,2024-09-16T00:13:56.348587Z,2024-09-16,en-US,email-and-messaging,thunderbird;email-and-messaging;,dbotas,"HELP!   Thunderbird 128.2.0 on Win 10 stopped sending Gmail account emails.  ""The message could not be sent because the ",https://support.mozilla.org/questions/1463792,os:windows,,,,,m:gmail,,proto:imap;proto:smtp;proto:oauth,av:bitdefender,4,true,0.08,True,dbotas
1463795,2024-09-16T00:27:39.925919Z,2024-09-16,en-US,email-and-messaging,thunderbird;email-and-messaging;,lowellmorton,New messages are not displayed,https://support.mozilla.org/questions/1463795,,,,,,,,,,2,true,0.5,True,MattAuSupport
1463796,2024-09-16T00:33:12.131901Z,2024-09-16,en-US,passwords-and-sign-in,thunderbird;passwords-and-sign-in;,dor4d,empty oauth window for Microsoft OAuth Authentication,https://support.mozilla.org/questions/1463796,,,,,,m:microsoftemail,,proto:oauth,,1,true,328.56,False,
1463800,2024-09-16T02:36:56.994735Z,2024-09-16,en-US,accounts,thunderbird;accounts;,Rivergoat,Adding Comcast Account to Thunderbird,https://support.mozilla.org/questions/1463800,,,,,,,isp:comcast,,,0,false,,False,
1463801,2024-09-16T02:57:52.037550Z,2024-09-16,en-US,email-and-messaging,thunderbird;email-and-messaging;,billhague,conflict between Inbox info and the content,https://support.mozilla.org/questions/1463801,os:windows,,,,,m:microsoftemail,,,,2,true,15.58,True,sfhowes
1463811,2024-09-16T04:54:15.945266Z,2024-09-16,en-US,email-and-messaging,thunderbird;email-and-messaging;,petercaba,receiving no emails,https://support.mozilla.org/questions/1463811,,,,,,,,,,0,false,,False,
1463822,2024-09-16T06:55:49.626011Z,2024-09-16,en-US,email-and-messaging,thunderbird;email-and-messaging;,customercare5,Emails are intermittently failing to download properly,https://support.mozilla.org/questions/1463822,,,,,,,,,,0,false,,False,
1463823,2024-09-16T06:56:15.923892Z,2024-09-16,cs,email-and-messaging,thunderbird;email-and-messaging;,dvedeti,Thunderbird,https://support.mozilla.org/questions/1463823,,,,,,,,,,1,true,6.41,False,
1463828,2024-09-16T07:26:22.582508Z,2024-09-16,en-US,email-and-messaging,thunderbird;email-and-messaging;,bylewski,My emails get flagged as spam,https://support.mozilla.org/questions/1463828,,,,,,,,,,1,true,5.18,False,
1463830,2024-09-16T08:24:00.482797Z,2024-09-16,nl,email-and-messaging,thunderbird;email-and-messaging;,m.kleinveld,kan mail niet verzenden,https://support.mozilla.org/questions/1463830,,,,,,,,,,1,true,22.65,False,
1463832,2024-09-16T08:34:52.605887Z,2024-09-16,en-US,email-and-messaging,thunderbird;email-and-messaging;,dena.angevin,filtered messages disappear when I click on them,https://support.mozilla.org/questions/1463832,,,,,,,,,,3,true,0.9,False,
1463834,2024-09-16T08:49:00.497519Z,2024-09-16,it,email-and-messaging,thunderbird;email-and-messaging;,lianamaffei,ricerca funziona male,https://support.mozilla.org/questions/1463834,,,,,,,,,,3,true,2.04,False,
1463835,2024-09-16T09:07:02.522432Z,2024-09-16,nl,accounts,thunderbird;accounts;,j.galis774,sent items weg in thunderbird,https://support.mozilla.org/questions/1463835,,,,,,,,,,0,false,,False,
1463836,2024-09-16T09:16:53.051608Z,2024-09-16,en-US,performance-and-connectivity,thunderbird;performance-and-connectivity;,rsbrux,"UI abysmally slow, Activity Monitor useless.",https://support.mozilla.org/questions/1463836,os:linux,,,,,,,,,4,true,0.18,False,
1463840,2024-09-16T09:33:17.547748Z,2024-09-16,en-US,accounts,thunderbird;accounts;,Dimass,Exchange support in Thunderbird Beta,https://support.mozilla.org/questions/1463840,,,,,,m:microsoftemail,,proto:imap;proto:pop,,1,true,2.69,True,wsmwk
1463843,2024-09-16T10:02:50.775525Z,2024-09-16,en-US,email-and-messaging,thunderbird;email-and-messaging;,walt20,Moving an event into the future does not reset the reminders for the event.,https://support.mozilla.org/questions/1463843,,,,,,,,,,0,false,,False,
1463847,2024-09-16T10:44:44.198693Z,2024-09-16,es,performance-and-connectivity,thunderbird;performance-and-connectivity;,luis70,Read emails,https://support.mozilla.org/questions/1463847,,,,,,,,,,1,true,1.14,False,
1463848,2024-09-16T11:00:49.920994Z,2024-09-16,es,email-and-messaging,thunderbird;email-and-messaging;,pepelucg,Thundebird nebula 128.2.0esr do not show some email messages,https://support.mozilla.org/questions/1463848,,,,,,,,proto:imap,,0,false,,False,
1463853,2024-09-16T12:20:37.732765Z,2024-09-16,en-US,email-and-messaging,thunderbird;email-and-messaging;,ThomasMechau,Thunderbird adding double quotes around local part of email address,https://support.mozilla.org/questions/1463853,,,,,,,,,,0,false,,False,
1463856,2024-09-16T12:34:43.246808Z,2024-09-16,cs,settings,thunderbird;settings;,iva327,volba ponechat zprávy na serveru,https://support.mozilla.org/questions/1463856,,,,,,,,,,1,true,24.4,False,
1463858,2024-09-16T13:13:39.781236Z,2024-09-16,en-US,email-and-messaging,thunderbird;email-and-messaging;,ekhogstrand,thunderbird mail,https://support.mozilla.org/questions/1463858,,,,,,,,,,1,true,5.29,False,
1463861,2024-09-16T13:33:38.271715Z,2024-09-16,cs,email-and-messaging,thunderbird;email-and-messaging;,hana.jarosova,odesílaní e-mailu,https://support.mozilla.org/questions/1463861,,,,,,,,,,1,true,23.22,False,
1463865,2024-09-16T13:43:27.360970Z,2024-09-16,en-US,email-and-messaging,thunderbird;email-and-messaging;,tawitkin,email messages render in the native HTML,https://support.mozilla.org/questions/1463865,os:windows,,,,,,,,,1,true,0.5,True,davidsk
1463872,2024-09-16T14:25:26.238472Z,2024-09-16,nl,installation-and-updates,thunderbird;installation-and-updates;,lenoir.geleen,thunderbird,https://support.mozilla.org/questions/1463872,,,,,,,,,,1,true,16.55,False,
1463875,2024-09-16T14:41:00.204431Z,2024-09-16,en-US,email-and-messaging,thunderbird;email-and-messaging;,bill355,Unable to Find Global Search,https://support.mozilla.org/questions/1463875,,,,,,,,,,4,true,0.49,True,davidsk
1463876,2024-09-16T15:00:41.085401Z,2024-09-16,en-US,email-and-messaging,thunderbird;email-and-messaging;,f104fun3,"command line -compose  Attachment=""file://..., file://...",https://support.mozilla.org/questions/1463876,,,,,,,,,,1,true,3.45,False,
1463881,2024-09-16T15:17:46.352657Z,2024-09-16,en-US,email-and-messaging,thunderbird;email-and-messaging;,zarquonwhereareyou,Sudden error accessing Plusnet email from Thunderbird client,https://support.mozilla.org/questions/1463881,,,,,,m:gmail;m:yahooemail,,,,5,true,0.69,False,
1463882,2024-09-16T15:19:50.302194Z,2024-09-16,pt-BR,email-and-messaging,thunderbird;email-and-messaging;,thiago.a.w,Mensagens codificadas,https://support.mozilla.org/questions/1463882,,,,,,,,,,0,false,,False,
1463884,2024-09-16T15:36:50.869899Z,2024-09-16,en-US,email-and-messaging,thunderbird;email-and-messaging;,ov10fac1,A new Template is created every time use a template,https://support.mozilla.org/questions/1463884,os:linux,,,,,,,,,1,true,10.54,False,
1463888,2024-09-16T15:51:54.913660Z,2024-09-16,en-US,performance-and-connectivity,thunderbird;performance-and-connectivity;,peter.monte.vt,Lightening calendar view,https://support.mozilla.org/questions/1463888,,,,,,,,,,1,true,2.42,False,
1463890,2024-09-16T15:53:30.647777Z,2024-09-16,en-US,passwords-and-sign-in,thunderbird;passwords-and-sign-in;,rchep,Email accounts rejecting incoming mail,https://support.mozilla.org/questions/1463890,,,,,,,,,,1,true,2.44,False,
1463895,2024-09-16T16:25:32.203745Z,2024-09-16,en-US,email-and-messaging,thunderbird;email-and-messaging;,ffx5,Preference: hidden login passwords?,https://support.mozilla.org/questions/1463895,,,,,,,,proto:imap;proto:pop,,1,true,1.04,False,
1463896,2024-09-16T16:27:11.712038Z,2024-09-16,en-US,accounts,thunderbird;accounts;,wrgarrett45,HELP! All my contacts are suddenly missing from my address book!,https://support.mozilla.org/questions/1463896,,,,,,,,,,5,true,1.97,False,
1463897,2024-09-16T16:27:32.119319Z,2024-09-16,en-US,passwords-and-sign-in,thunderbird;passwords-and-sign-in;,jamesfranklingardner,"Thunderbird will not respond to infinity user id. Some function works, but mostly Ka-put! (German for dead)",https://support.mozilla.org/questions/1463897,os:windows,,,,,,,,,0,false,,False,
1463900,2024-09-16T16:40:30.328969Z,2024-09-16,en-US,accounts,thunderbird;accounts;,Ronnie,Cannot Add Suddenlinkmail Account,https://support.mozilla.org/questions/1463900,,,,,,,,proto:imap;proto:pop,,0,false,,False,
1463901,2024-09-16T16:46:13.654500Z,2024-09-16,en-US,accounts,thunderbird;accounts;,Nicky.richter85,New Email Accounts,https://support.mozilla.org/questions/1463901,,,,,,,,,,8,true,1.7,False,
1463904,2024-09-16T16:52:26.872497Z,2024-09-16,en-US,installation-and-updates,thunderbird;installation-and-updates;,mark_adlington,Thunderbird 128.2.0esr (64-bit),https://support.mozilla.org/questions/1463904,,,,,,,,proto:imap,av:zonealarm,3,true,1.32,False,
1463905,2024-09-16T17:02:44.702679Z,2024-09-16,en-US,email-and-messaging,thunderbird;email-and-messaging;,edweinman4,Thunderbird,https://support.mozilla.org/questions/1463905,,,,,,,,,,1,false,,False,
1463906,2024-09-16T17:11:27.837168Z,2024-09-16,en-US,email-and-messaging,thunderbird;email-and-messaging;,dblieberum,Not getting email,https://support.mozilla.org/questions/1463906,,,,,,,,,,3,true,0.96,False,
1463907,2024-09-16T17:15:15.177590Z,2024-09-16,en-US,settings,thunderbird;settings;,npmaylesby,moving email account further up or down the list in Thunderbird,https://support.mozilla.org/questions/1463907,,,,,,,,,,1,false,,True,npmaylesby
1463908,2024-09-16T17:19:17.542220Z,2024-09-16,it,email-and-messaging,thunderbird;needsinfo;email-and-messaging;,pietrochiofalo,mail in uscita,https://support.mozilla.org/questions/1463908,,,,,,,,,,1,true,0.98,False,
1463914,2024-09-16T18:04:41.388673Z,2024-09-16,en-US,email-and-messaging,thunderbird;email-and-messaging;,michelle.mok,email sent out with BCC which i didnt add,https://support.mozilla.org/questions/1463914,,,,,,m:gmail,,,,0,false,,False,
1463915,2024-09-16T18:10:20.474119Z,2024-09-16,nl,email-and-messaging,thunderbird;email-and-messaging;,a.touwen,"Goedendag, plotseling is mijn werkbalk en andere items vertaald in het engels",https://support.mozilla.org/questions/1463915,,,,,,,,,,1,true,12.79,False,
1463917,2024-09-16T18:11:00.331558Z,2024-09-16,nl,email-and-messaging,thunderbird;email-and-messaging;,aad4950,ik kan geen mail verzenden maar wel ontvangen,https://support.mozilla.org/questions/1463917,,,,,,,,,,1,true,12.49,False,
1463919,2024-09-16T18:43:04.782717Z,2024-09-16,en-US,installation-and-updates,thunderbird;installation-and-updates;,RKingsley,sync TB calendar with i phone calendar,https://support.mozilla.org/questions/1463919,,,,,,,,,,1,true,7.02,False,
1463924,2024-09-16T19:14:44.022701Z,2024-09-16,en-US,email-and-messaging,thunderbird;email-and-messaging;,i75Dave,Lost connection between Thunderbird and Rogers Yahoo email,https://support.mozilla.org/questions/1463924,,,,,,m:yahooemail,isp:rogers,proto:smtp;proto:pop;proto:oauth,,0,false,,False,
1463930,2024-09-16T19:46:06.219659Z,2024-09-16,en-US,accounts,thunderbird;accounts;,richard384,Not accepting account changes,https://support.mozilla.org/questions/1463930,,,,,,,,,,2,true,0.55,False,
1463932,2024-09-16T20:00:36.491572Z,2024-09-16,en-US,passwords-and-sign-in,thunderbird;passwords-and-sign-in;,rudolf29,Password not accepted while sign in and sending eMail,https://support.mozilla.org/questions/1463932,,,,,,,,proto:smtp,,0,false,,False,
1463934,2024-09-16T20:04:06.365966Z,2024-09-16,en-US,email-and-messaging,thunderbird;email-and-messaging;,rezganj,Major bug in TB 115.10.1    Inbox link missing in Windows menu item which is essential - in compose window - MacOS,https://support.mozilla.org/questions/1463934,os:macos,,,,,,,,,5,true,0.35,False,
1463939,2024-09-16T20:32:37.199688Z,2024-09-16,en-US,email-and-messaging,thunderbird;email-and-messaging;,waitstate,cant import vcards,https://support.mozilla.org/questions/1463939,,,,,,m:microsoftemail,,,,6,true,0.53,False,
1463943,2024-09-16T21:16:35.454491Z,2024-09-16,en-US,email-and-messaging,thunderbird;email-and-messaging;,joelhornstein,sort emails by date,https://support.mozilla.org/questions/1463943,,,,,,,,,,1,true,1.0,False,
1463944,2024-09-16T21:17:56.695763Z,2024-09-16,en-US,email-and-messaging,thunderbird;email-and-messaging;,Mark.Robinson.FC,From column displays both sender's name and e-mail address.,https://support.mozilla.org/questions/1463944,,,,,,,,,,1,true,0.89,False,
1463945,2024-09-16T21:19:46.772976Z,2024-09-16,en-US,email-and-messaging,thunderbird;email-and-messaging;,dpt150v,Disappearing messages,https://support.mozilla.org/questions/1463945,,,,,,,,,,1,false,,False,
1463952,2024-09-16T22:31:17.154253Z,2024-09-16,en-US,performance-and-connectivity,thunderbird;performance-and-connectivity;,wrgarrett45,How to automatically backup Thunderbird profile on a schedule?,https://support.mozilla.org/questions/1463952,,,,,,,,,,0,false,,False,
1463953,2024-09-16T22:33:40.282508Z,2024-09-16,en-US,email-and-messaging,thunderbird;email-and-messaging;,dghoneywell,cannot forward emails,https://support.mozilla.org/questions/1463953,,,,,,,,,,0,false,,False,
1463955,2024-09-16T22:40:28.203155Z,2024-09-16,en-US,email-and-messaging,thunderbird;email-and-messaging;,dghoneywell,cannot forward emails.  Wish to chat,https://support.mozilla.org/questions/1463955,,,,,,,,,,2,false,,False,
1463957,2024-09-16T22:57:00.679651Z,2024-09-16,en-US,email-and-messaging,thunderbird;email-and-messaging;,lisa.icenogle,"Emails are losing information, changing information and appear to be sending attachments to the wrong people",https://support.mozilla.org/questions/1463957,,,,,,,,,,0,false,,False,
1463960,2024-09-17T00:15:39.363985Z,2024-09-17,en-US,email-and-messaging,thunderbird;needsinfo;email-and-messaging;,jaywhyvanier,No longer able to accept meeting invitations sent by email (and no longer added to my calendar),https://support.mozilla.org/questions/1463960,os:windows,,,,,,,,,0,false,,False,
1463961,2024-09-17T00:18:37.661941Z,2024-09-17,en-US,passwords-and-sign-in,thunderbird;passwords-and-sign-in;,SupportMozilla,Simply cannot find where to change the email account password,https://support.mozilla.org/questions/1463961,,,,,,m:microsoftemail,,,,5,true,0.21,False,
1463966,2024-09-17T01:23:41.138895Z,2024-09-17,en-US,privacy-and-security,thunderbird;privacy-and-security_1;,JackieHarrell,SPAM emails,https://support.mozilla.org/questions/1463966,,,,,,,,,,0,false,,False,
1463969,2024-09-17T02:05:09.285863Z,2024-09-17,en-US,email-and-messaging,thunderbird;email-and-messaging;,chanin2537,Mail synchronization,https://support.mozilla.org/questions/1463969,,,,,,,,,,0,false,,False,
1463971,2024-09-17T02:26:10.000084Z,2024-09-17,en-US,email-and-messaging,thunderbird;email-and-messaging;,edweinman4,Thunderbird,https://support.mozilla.org/questions/1463971,,,,,,,,,,0,false,,False,
1463986,2024-09-17T05:00:48.404354Z,2024-09-17,it,email-and-messaging,thunderbird;email-and-messaging;,giancarlo.biasi,Caratteri non richiesti,https://support.mozilla.org/questions/1463986,,,,,,,,,,4,true,1.82,True,'@next
1463988,2024-09-17T06:10:34.918849Z,2024-09-17,en-US,accounts,thunderbird;accounts;,rkrishna,how to add another pst in same account,https://support.mozilla.org/questions/1463988,,,,,,,,,,1,true,4.76,False,
1463990,2024-09-17T06:49:22.147804Z,2024-09-17,en-US,email-and-messaging,thunderbird;email-and-messaging;,andrzejgoral35,problem z thunderbild,https://support.mozilla.org/questions/1463990,,,,,,,,,,0,false,,False,
1463991,2024-09-17T07:01:12.923848Z,2024-09-17,en-US,email-and-messaging,thunderbird;email-and-messaging;,Whitehill,Read Emails Error,https://support.mozilla.org/questions/1463991,,,,,,,,,,0,false,,False,
1463994,2024-09-17T07:18:20.001148Z,2024-09-17,en-US,passwords-and-sign-in,thunderbird;passwords-and-sign-in;,lenpatroberts6169,forgot password,https://support.mozilla.org/questions/1463994,,,,,,,,,,2,false,,False,
1463995,2024-09-17T07:22:16.733523Z,2024-09-17,hu,accounts,thunderbird;accounts;,szelszab100,Mozilla Thunderbird Email alkalmazás hozzáférést kér az Ön Google-fiókjához probléma,https://support.mozilla.org/questions/1463995,,,,,,m:gmail,,proto:oauth,,0,false,,False,
1464004,2024-09-17T08:41:30.961538Z,2024-09-17,it,email-and-messaging,thunderbird;needsinfo;email-and-messaging;,chiaraboscariol31,posta in entrata bloccata,https://support.mozilla.org/questions/1464004,,,,,,,,,,1,true,5.76,False,
1464006,2024-09-17T08:50:40.525936Z,2024-09-17,en-US,email-and-messaging,thunderbird;email-and-messaging;,david.redmayne,Email Rules,https://support.mozilla.org/questions/1464006,,,,,,,,,,1,true,2.14,False,
1464007,2024-09-17T09:06:44.868738Z,2024-09-17,nl,email-and-messaging,thunderbird;email-and-messaging;,denisedans,ik kan geen mails meer verzenden,https://support.mozilla.org/questions/1464007,,,,,,,,,,1,true,0.78,False,
1464009,2024-09-17T09:21:26.022694Z,2024-09-17,en-US,email-and-messaging,thunderbird;email-and-messaging;,ksg1971,Windows 11 - attach files in all programs reverts to Outlook,https://support.mozilla.org/questions/1464009,os:windows,,,,,m:microsoftemail,,,,0,false,,False,
1464015,2024-09-17T09:49:40.858642Z,2024-09-17,fi,accounts,thunderbird;accounts;,ailahelenaraivio,Missing own files,https://support.mozilla.org/questions/1464015,,,,,,,,,,0,false,,False,
1464016,2024-09-17T09:52:31.810329Z,2024-09-17,it,email-and-messaging,thunderbird;email-and-messaging;,fulcheri,evidenziare a colori le mail da leggere,https://support.mozilla.org/questions/1464016,,,,,,,,,,1,true,4.5,False,
1464019,2024-09-17T10:03:59.014869Z,2024-09-17,en-US,settings,thunderbird;settings;,palmerconsultingfr,Import instruction does not see the created Export Zip file,https://support.mozilla.org/questions/1464019,os:linux,,,,,,,,,1,true,0.26,False,
1464022,2024-09-17T10:42:44.160614Z,2024-09-17,en-US,email-and-messaging,thunderbird;email-and-messaging;,DanMan,Problems with send emails and receiving emails,https://support.mozilla.org/questions/1464022,,,,,,m:gmail,,,,0,false,,False,
1464023,2024-09-17T10:46:49.168094Z,2024-09-17,en-US,email-and-messaging,thunderbird;email-and-messaging;,f.heben,Thunderbird,https://support.mozilla.org/questions/1464023,,,,,,,,proto:imap,,2,true,8.17,False,
1464028,2024-09-17T11:02:57.653796Z,2024-09-17,en-US,performance-and-connectivity,thunderbird;performance-and-connectivity;,buy9,Starting Thunderbird is extremely slow,https://support.mozilla.org/questions/1464028,os:macos,,macos:sonoma;macos:mojave,,,,,,,5,true,2.68,False,
1464029,2024-09-17T11:10:56.272511Z,2024-09-17,en-US,email-and-messaging,thunderbird;email-and-messaging;,thetackleshop,internal error message,https://support.mozilla.org/questions/1464029,,,,,,,,,,1,true,2.92,False,
1464035,2024-09-17T12:00:26.032377Z,2024-09-17,en-US,email-and-messaging,thunderbird;email-and-messaging;,macfreek,Too many redirects for caldata,https://support.mozilla.org/questions/1464035,,,,,,,,,,1,false,,False,
1464036,2024-09-17T12:05:52.696199Z,2024-09-17,es,email-and-messaging,thunderbird;email-and-messaging;,alberto.da,Issues Connecting Thunderbird with Outlook (UNED),https://support.mozilla.org/questions/1464036,os:linux,,,,,m:microsoftemail,,proto:imap;proto:pop,,0,false,,False,
1464043,2024-09-17T12:50:50.260180Z,2024-09-17,en-US,email-and-messaging,thunderbird;email-and-messaging;,nitwoo,Some mails appear empty,https://support.mozilla.org/questions/1464043,,,,,,,,,,2,false,,True,nitwoo
1464048,2024-09-17T14:14:09.307553Z,2024-09-17,en-US,passwords-and-sign-in,thunderbird;needsinfo;passwords-and-sign-in;,jowanders01,reset password for Thunderbird,https://support.mozilla.org/questions/1464048,,,,,,,,,,4,true,1.86,False,
1464055,2024-09-17T14:48:44.589829Z,2024-09-17,en-US,email-and-messaging,thunderbird;email-and-messaging;,tedcomo,Not able to send email; receiving OK,https://support.mozilla.org/questions/1464055,,,,,,m:microsoftemail,isp:spectrum,,,9,true,3.93,False,
1464059,2024-09-17T14:54:41.319442Z,2024-09-17,it,email-and-messaging,thunderbird;email-and-messaging;,pem_marconi,Invio messaggi e importazione da Outlook,https://support.mozilla.org/questions/1464059,,,,,,m:microsoftemail,,,,5,true,0.05,False,
1464063,2024-09-17T15:03:24.551820Z,2024-09-17,nl,email-and-messaging,thunderbird;email-and-messaging;,petersjmg420,verzenden e-mail,https://support.mozilla.org/questions/1464063,,,,,,,,,,1,true,15.53,False,
1464066,2024-09-17T15:15:11.566324Z,2024-09-17,en-US,email-and-messaging,thunderbird;email-and-messaging;,jgraham89,"I cannot create and send, or reply to, email messages. I NEED someone to walk me through how to correct that, AS I am no",https://support.mozilla.org/questions/1464066,,,,,,,,,,1,true,3.33,False,
1464067,2024-09-17T15:15:13.749451Z,2024-09-17,it,passwords-and-sign-in,thunderbird;needsinfo;passwords-and-sign-in;,snackbarchetti,resettare password principale,https://support.mozilla.org/questions/1464067,,,,,,,,,,1,true,0.31,False,
1464069,2024-09-17T15:23:54.234760Z,2024-09-17,en-US,email-and-messaging,thunderbird;email-and-messaging;,jgraham89,"Can't send, or reply to, emails",https://support.mozilla.org/questions/1464069,,,,,,m:microsoftemail,isp:spectrum,proto:smtp,,2,true,3.16,False,
1464070,2024-09-17T15:27:03.499093Z,2024-09-17,en-US,settings,thunderbird;settings;,nethersole,New Unread mail icon,https://support.mozilla.org/questions/1464070,,,,,,,isp:orange,,,1,true,3.06,False,
1464071,2024-09-17T15:27:36.460594Z,2024-09-17,en-US,email-and-messaging,thunderbird;email-and-messaging;,borgward,Address Book icon,https://support.mozilla.org/questions/1464071,os:linux,,,,,,,,,4,true,3.0,True,sfhowes
1464073,2024-09-17T15:44:53.165383Z,2024-09-17,en-US,installation-and-updates,thunderbird;installation-and-updates;,reinhard.silberhorn,Thunderbird has a Snap-Proplem?,https://support.mozilla.org/questions/1464073,os:linux,,,,,,,,,1,true,0.33,False,
1464078,2024-09-17T16:00:30.894010Z,2024-09-17,nl,email-and-messaging,thunderbird;email-and-messaging;,rosalievanhoof,e mail,https://support.mozilla.org/questions/1464078,,,,,,m:gmail;m:microsoftemail,,,,1,true,14.61,False,
1464080,2024-09-17T16:03:01.238141Z,2024-09-17,en-US,email-and-messaging,thunderbird;email-and-messaging;,clark5080,problem with messages with attachments,https://support.mozilla.org/questions/1464080,os:windows,,,,,,,,,0,false,,False,
1464085,2024-09-17T16:30:37.910492Z,2024-09-17,en-US,settings,thunderbird;settings;,funmiadewoju,how can i open my Gmail account here,https://support.mozilla.org/questions/1464085,,,,,,m:gmail,,,,0,false,,False,
1464088,2024-09-17T16:44:20.335321Z,2024-09-17,en-US,settings,thunderbird;settings;,CoolJavelin,During Write (compose) add columns to address book list,https://support.mozilla.org/questions/1464088,os:windows,,,,,,,,,1,true,1.6,True,sfhowes
1464090,2024-09-17T16:52:38.197065Z,2024-09-17,en-US,settings,thunderbird;settings;,Dbrodin,reoccurring tasks,https://support.mozilla.org/questions/1464090,,,,,,,,,,2,true,1.36,True,sfhowes
1464092,2024-09-17T16:57:42.213816Z,2024-09-17,en-US,email-and-messaging,thunderbird;email-and-messaging;,mgdkra,Problem with received email,https://support.mozilla.org/questions/1464092,,,,,,,,,,0,false,,False,
1464093,2024-09-17T16:57:55.643224Z,2024-09-17,en-US,settings,thunderbird;settings;,frankzen,"No matter which theme I use, the colors of the reply text make it almost unreadable",https://support.mozilla.org/questions/1464093,,,,,,,,,,4,true,0.27,True,frankzen
1464096,2024-09-17T17:08:34.757199Z,2024-09-17,it,email-and-messaging,thunderbird;needsinfo;email-and-messaging;,vor3381,Account libero.it,https://support.mozilla.org/questions/1464096,,,,,,,,proto:imap,,1,true,12.44,False,
1464098,2024-09-17T17:32:37.518150Z,2024-09-17,en-US,email-and-messaging,thunderbird;email-and-messaging;,louplabelle,Sending of the message failed when trying to digitally sign a message with OpenPGP,https://support.mozilla.org/questions/1464098,,,,,,,,,,0,false,,False,
1464105,2024-09-17T18:23:23.099104Z,2024-09-17,en-US,email-and-messaging,thunderbird;email-and-messaging;,karom1,Thunderbird,https://support.mozilla.org/questions/1464105,,,,,,,,,,1,true,1.18,False,
1464107,2024-09-17T18:28:46.085613Z,2024-09-17,en-US,installation-and-updates,thunderbird;installation-and-updates;,jltaylor1,Thunderbird version 128.1 esr,https://support.mozilla.org/questions/1464107,,,,,,,,,,3,true,0.2,False,
1464110,2024-09-17T18:45:37.804034Z,2024-09-17,en-US,privacy-and-security,thunderbird;privacy-and-security_1;,tapping-finch-open,The spam in my junk mail box is getting worse not better. I have been marking spam as junk for over a month. Has somethi,https://support.mozilla.org/questions/1464110,,,,,,m:microsoftemail,,,,0,false,,False,
1464112,2024-09-17T18:51:23.836594Z,2024-09-17,en-US,email-and-messaging,thunderbird;email-and-messaging;,lincoBC,batch delete email addresses from Address book?,https://support.mozilla.org/questions/1464112,,,,,,,,,,2,true,0.2,True,sfhowes
1464113,2024-09-17T18:53:59.649287Z,2024-09-17,en-US,accounts,thunderbird;accounts;,kvarasteinar,Skambra sdpeed,https://support.mozilla.org/questions/1464113,,,,,,,,,,0,false,,False,
1464114,2024-09-17T19:01:06.859148Z,2024-09-17,nl,email-and-messaging,thunderbird;email-and-messaging;,aad4950,Ik kan geen mail versturen maar wel ontvangen uw vorige oplossing werkt niet,https://support.mozilla.org/questions/1464114,,,,,,,,,,5,true,11.75,False,
1464117,2024-09-17T19:13:10.633270Z,2024-09-17,en-US,email-and-messaging,thunderbird;email-and-messaging;,edward.hill1,Mailing Lists,https://support.mozilla.org/questions/1464117,,,,,,,,,,9,true,0.09,False,
1464119,2024-09-17T19:14:49.057144Z,2024-09-17,en-US,settings,thunderbird;settings;,landlady5,IMAP certificates,https://support.mozilla.org/questions/1464119,,,,,,,,proto:imap,,0,false,,False,
1464121,2024-09-17T19:22:16.296878Z,2024-09-17,en-US,email-and-messaging,thunderbird;email-and-messaging;,har-ros,Misplaced inbox during xfer,https://support.mozilla.org/questions/1464121,,,,,,,,,,0,false,,False,
1464122,2024-09-17T19:24:15.169411Z,2024-09-17,en-US,passwords-and-sign-in,thunderbird;passwords-and-sign-in;,doschneid,no longer receiving emails on one of my email addresses,https://support.mozilla.org/questions/1464122,,,,,,,,,,1,false,,True,doschneid
1464123,2024-09-17T19:29:01.012915Z,2024-09-17,en-US,email-and-messaging,thunderbird;email-and-messaging;,edward.hill1,URL as requested by David,https://support.mozilla.org/questions/1464123,,,,,,,,,,1,true,1.1,False,
1464129,2024-09-17T20:19:19.590320Z,2024-09-17,en-US,settings,thunderbird;settings;,iva327,typ serveru,https://support.mozilla.org/questions/1464129,,,,,,,,proto:imap;proto:pop,,0,false,,False,
1464132,2024-09-17T20:28:08.145244Z,2024-09-17,en-US,email-and-messaging,thunderbird;email-and-messaging;,Oakley1,Multi deleting msgs,https://support.mozilla.org/questions/1464132,,,,,,,,,,0,false,,False,
1464142,2024-09-17T21:20:27.160745Z,2024-09-17,en-US,email-and-messaging,thunderbird;email-and-messaging;,dnkludwig,Incoming and outgoing email,https://support.mozilla.org/questions/1464142,,,,,,m:gmail;m:microsoftemail,,,,1,true,0.21,False,
1464148,2024-09-17T21:50:31.751450Z,2024-09-17,en-US,email-and-messaging,thunderbird;email-and-messaging;,lynxstch01,"Can get mail, but can't send, what's going on",https://support.mozilla.org/questions/1464148,,,,,,,,,,0,false,,False,
1464157,2024-09-17T23:14:04.294939Z,2024-09-17,en-US,settings,thunderbird;settings;,joehimself,Trouble with multiple computers (Only some accounts and sending only),https://support.mozilla.org/questions/1464157,,,,,,m:microsoftemail,isp:spectrum,proto:smtp,,5,true,21.02,True,davidsk
1464163,2024-09-17T23:50:59.532824Z,2024-09-17,en-US,email-and-messaging,thunderbird;email-and-messaging;,AppraiserVT,Thunderbird attachment issue,https://support.mozilla.org/questions/1464163,,,,,,m:gmail,,proto:imap,,0,false,,False,
1464165,2024-09-18T00:16:11.993693Z,2024-09-18,en-US,email-and-messaging,thunderbird;email-and-messaging;,ffx5,Thunderbird AppData data is much larger than the equivalent Outlook .pst data,https://support.mozilla.org/questions/1464165,,,,,,m:microsoftemail,,proto:imap;proto:pop,,5,true,121.53,False,
1464166,2024-09-18T00:21:15.586439Z,2024-09-18,en-US,email-and-messaging,thunderbird;email-and-messaging;,bobe624,Email Notifications in 128.2.1,https://support.mozilla.org/questions/1464166,,,,,,,,,,3,true,26.61,True,wsmwk
1464173,2024-09-18T01:39:02.542869Z,2024-09-18,en-US,email-and-messaging,thunderbird;email-and-messaging;,a2r32000,Email message responses.,https://support.mozilla.org/questions/1464173,,,,,,,,,,0,false,,False,
1464177,2024-09-18T03:06:54.637675Z,2024-09-18,en-US,email-and-messaging,thunderbird;email-and-messaging;,Music1492maN,Thunderbird,https://support.mozilla.org/questions/1464177,,,,,,,isp:shaw,,,0,false,,False,
1464178,2024-09-18T03:19:34.699455Z,2024-09-18,en-US,email-and-messaging,thunderbird;email-and-messaging;,jim265,Non-Junk Filter Isn't Working,https://support.mozilla.org/questions/1464178,,,,,,,,,,1,true,23.44,False,
1464179,2024-09-18T03:25:30.443578Z,2024-09-18,en-US,passwords-and-sign-in,thunderbird;passwords-and-sign-in;,jc73,Why is this asking for my windows password?,https://support.mozilla.org/questions/1464179,os:windows,,,,,,,,,1,true,8.65,False,
1464180,2024-09-18T03:39:23.975794Z,2024-09-18,en-US,email-and-messaging,thunderbird;email-and-messaging;,MarkinIdaho,New T'bird is showing WRONG correspondent.,https://support.mozilla.org/questions/1464180,,,,,,,,,,1,true,14.96,False,
1464186,2024-09-18T06:10:51.856366Z,2024-09-18,en-US,passwords-and-sign-in,thunderbird;passwords-and-sign-in;,jcomp32,Manually add new login info into Thunderbird's password manager?,https://support.mozilla.org/questions/1464186,,,,,,,,,,1,true,12.38,False,
1464188,2024-09-18T06:25:50.176331Z,2024-09-18,it,email-and-messaging,thunderbird;email-and-messaging;,marinolippi,errore ricezione,https://support.mozilla.org/questions/1464188,,,,,,m:gmail,,,,1,true,0.51,False,
1464190,2024-09-18T06:42:11.356287Z,2024-09-18,en-US,performance-and-connectivity,thunderbird;performance-and-connectivity;,tmuza,crashing,https://support.mozilla.org/questions/1464190,,,,,,,,,av:bitdefender,3,true,11.79,False,
1464192,2024-09-18T07:02:04.269093Z,2024-09-18,en-US,email-and-messaging,thunderbird;email-and-messaging;,konrabi,Strange code instead of content,https://support.mozilla.org/questions/1464192,,,,,,,,,,1,true,96.8,False,
1464197,2024-09-18T07:28:53.881660Z,2024-09-18,en-US,installation-and-updates,thunderbird;installation-and-updates;,tholton47,Archive folders,https://support.mozilla.org/questions/1464197,,,,,,,,,,1,true,12.97,False,
1464201,2024-09-18T08:02:38.714737Z,2024-09-18,hu,email-and-messaging,thunderbird;email-and-messaging;,zsofia.fabok,Thunderbird_nem jeleníti meg az üzeneteket,https://support.mozilla.org/questions/1464201,,,,,,,,,,0,false,,False,
1464203,2024-09-18T08:31:56.447000Z,2024-09-18,es,installation-and-updates,thunderbird;installation-and-updates;,juan51,Error en la instalación,https://support.mozilla.org/questions/1464203,,,,,,m:gmail;m:yahooemail,,proto:imap,,0,false,,False,
1464206,2024-09-18T08:45:01.124273Z,2024-09-18,it,settings,thunderbird;settings;,andrea.marucci,Changing unread messages background color,https://support.mozilla.org/questions/1464206,,,,,,,,,,1,true,22.04,False,
1464208,2024-09-18T08:47:09.063421Z,2024-09-18,it,installation-and-updates,thunderbird;installation-and-updates;,aldo46a,mozilla tunderbird,https://support.mozilla.org/questions/1464208,,,,,,,,,,1,true,22.07,False,
1464213,2024-09-18T09:34:36.223288Z,2024-09-18,it,passwords-and-sign-in,thunderbird;passwords-and-sign-in;,emanuele.vacca1987,CONFIGURAZIONE GMAIL E THUNDERBIRD,https://support.mozilla.org/questions/1464213,,,,,,m:gmail,,proto:imap,,1,true,21.51,False,
1464214,2024-09-18T09:44:53.108014Z,2024-09-18,it,email-and-messaging,thunderbird;needsinfo;email-and-messaging;,info11892,Malfunzionamento POSTA IN ARRIVO,https://support.mozilla.org/questions/1464214,,,,,,,,,,1,true,21.36,False,
1464220,2024-09-18T10:42:09.937337Z,2024-09-18,nl,email-and-messaging,thunderbird;email-and-messaging;,c.minnaard,Berichten labelen in Thunderbird,https://support.mozilla.org/questions/1464220,,,,,,,,,,1,true,0.07,False,
1464225,2024-09-18T11:28:45.411454Z,2024-09-18,en-US,email-and-messaging,thunderbird;email-and-messaging;,Carolofdawes,"After update Thunderbird downloaded headers but not message content,",https://support.mozilla.org/questions/1464225,,,,,,,,,,5,true,36.81,True,siffemoz
1464227,2024-09-18T11:36:22.329386Z,2024-09-18,it,email-and-messaging,thunderbird;needsinfo;email-and-messaging;,hamnett1956,Non mi carica più la posta inviata ! Ci sono su gmail (1662) da browser ma non me le carica più !,https://support.mozilla.org/questions/1464227,,,,,,m:gmail,,,,1,true,19.54,False,
1464229,2024-09-18T12:03:47.655466Z,2024-09-18,en-US,email-and-messaging,thunderbird;email-and-messaging;,alois.hufkens,Since yesterday  (17/09) afternoon I receive no e-mails via pop.skynet.be anymore.,https://support.mozilla.org/questions/1464229,,,,,,,,proto:pop,,0,false,,False,
1464231,2024-09-18T12:10:01.543643Z,2024-09-18,en-US,passwords-and-sign-in,thunderbird;passwords-and-sign-in;,T.Harry,Support authentication with SCRAM-SHA-256,https://support.mozilla.org/questions/1464231,,,,,,,,proto:imap;proto:smtp,,6,true,6.23,False,
1464232,2024-09-18T12:17:27.541054Z,2024-09-18,en-US,installation-and-updates,thunderbird;installation-and-updates;,larrycdula,log in screen still ask for a donation. I donated yesterday,https://support.mozilla.org/questions/1464232,,,,,,,,,,1,true,1.9,False,
1464233,2024-09-18T12:21:11.382488Z,2024-09-18,en-US,installation-and-updates,thunderbird;installation-and-updates;,evit,Upgrade from 115->128,https://support.mozilla.org/questions/1464233,,,,,,,,,,5,true,7.81,False,
1464238,2024-09-18T12:56:35.410075Z,2024-09-18,en-US,accounts,thunderbird;accounts;,mike773,address book transfer,https://support.mozilla.org/questions/1464238,,,,,,,,,,1,true,3.43,False,
1464239,2024-09-18T13:01:26.010399Z,2024-09-18,nl,email-and-messaging,thunderbird;email-and-messaging;,christine.vanaken,word document verzenden via thunderbird,https://support.mozilla.org/questions/1464239,,,,,,,,,,1,true,1.09,False,
1464240,2024-09-18T13:01:51.208463Z,2024-09-18,en-US,installation-and-updates,thunderbird;installation-and-updates;,hannigarla,Restoring Thunderbird from MacOS Time Machine backup,https://support.mozilla.org/questions/1464240,os:macos,,,,,,,proto:imap,,0,false,,False,
1464241,2024-09-18T13:13:15.611523Z,2024-09-18,en-US,accounts,thunderbird;accounts;,konradgn,CalDAV not syncing remote calendars TB 128.1.1esr,https://support.mozilla.org/questions/1464241,,,,,,,,proto:caldav,,0,false,,False,
1464245,2024-09-18T13:34:04.307315Z,2024-09-18,en-US,email-and-messaging,thunderbird;email-and-messaging;,debilabi,Is Mail storing my emails or is Thunderbird??,https://support.mozilla.org/questions/1464245,,,,,,,,proto:imap,,1,true,2.4,False,
1464253,2024-09-18T14:23:19.861817Z,2024-09-18,it,email-and-messaging,thunderbird;needsinfo;email-and-messaging;,export10,Problema Posta inviata sparisce,https://support.mozilla.org/questions/1464253,,,,,,,,,,1,true,16.79,False,
1464254,2024-09-18T14:38:12.704770Z,2024-09-18,nl,email-and-messaging,thunderbird;email-and-messaging;,polderken60,kan mail niet versturen wel ontvangen,https://support.mozilla.org/questions/1464254,,,,,,m:microsoftemail,isp:att,,,0,false,,False,
1464258,2024-09-18T14:56:14.383330Z,2024-09-18,pt-BR,settings,thunderbird;settings;,tveigacruz,Configuração da Densidade e Layout,https://support.mozilla.org/questions/1464258,,,,,,,,,,0,false,,False,
1464259,2024-09-18T14:58:41.650800Z,2024-09-18,en-US,email-and-messaging,thunderbird;email-and-messaging;,jmcla,How to add all recipients in an address sublist to BCC,https://support.mozilla.org/questions/1464259,,,,,,,,,,4,true,1.33,True,davidsk
1464262,2024-09-18T15:23:13.578835Z,2024-09-18,hu,email-and-messaging,thunderbird;email-and-messaging;,info11893,Levelek tartalma nem jelenik meg,https://support.mozilla.org/questions/1464262,,,,,,,,,,0,false,,False,
1464263,2024-09-18T15:23:18.005573Z,2024-09-18,en-US,email-and-messaging,thunderbird;email-and-messaging;,deprop,Thunderbird stops checking for new email messages,https://support.mozilla.org/questions/1464263,,,,,,,,,,0,false,,False,
1464264,2024-09-18T15:26:46.701798Z,2024-09-18,en-US,email-and-messaging,thunderbird;email-and-messaging;,rezganj,TB v.115 Get Messages on Toolbar doesn't allow selecting what account to get msgs for,https://support.mozilla.org/questions/1464264,,,,,,,,,,5,true,0.41,False,
1464271,2024-09-18T15:51:25.170677Z,2024-09-18,it,email-and-messaging,thunderbird;needsinfo;email-and-messaging;,avv.alessandrazorzi,email e pec non arrivano,https://support.mozilla.org/questions/1464271,,,,,,,,,,1,true,15.34,False,
1464280,2024-09-18T16:30:34.716022Z,2024-09-18,it,email-and-messaging,thunderbird;email-and-messaging;,cardindesign,problemi di ricezione posta,https://support.mozilla.org/questions/1464280,,,,,,,,proto:imap,,1,true,14.75,False,
1464282,2024-09-18T16:36:20.392327Z,2024-09-18,en-US,email-and-messaging,thunderbird;email-and-messaging;,RudySains,Problems sending an email,https://support.mozilla.org/questions/1464282,,,,,,m:gmail,,,,1,true,1.58,False,
1464283,2024-09-18T16:36:26.072956Z,2024-09-18,en-US,email-and-messaging,thunderbird;email-and-messaging;,srota,Thunderbird 128.2.2 esr - PDF attachments are sometime damaged and cannot be open.,https://support.mozilla.org/questions/1464283,,,,,,m:microsoftemail,,,,5,true,31.66,False,
1464287,2024-09-18T16:52:12.354679Z,2024-09-18,en-US,email-and-messaging,thunderbird;email-and-messaging;,nancylcutter,Changing Email Server Host Location,https://support.mozilla.org/questions/1464287,,,,,,m:microsoftemail,isp:spectrum,,,4,true,0.61,False,
1464291,2024-09-18T16:59:25.939750Z,2024-09-18,en-US,email-and-messaging,thunderbird;email-and-messaging;,mike774,Sent folder has disappeared,https://support.mozilla.org/questions/1464291,,,,,,,,,,1,true,2.2,False,
1464299,2024-09-18T17:56:59.173794Z,2024-09-18,en-US,email-and-messaging,thunderbird;email-and-messaging;,postiffm1,Message displays as --=_MailMate_...,https://support.mozilla.org/questions/1464299,,,,,,m:gmail,,proto:smtp,,1,true,30.29,True,MattAuSupport
1464300,2024-09-18T17:57:45.186855Z,2024-09-18,en-US,passwords-and-sign-in,thunderbird;passwords-and-sign-in;,gratica,Setting up Thunderbird on a new computer,https://support.mozilla.org/questions/1464300,,,,,,m:yahooemail,isp:att,,,3,true,0.14,False,
1464301,2024-09-18T18:13:04.099965Z,2024-09-18,en-US,performance-and-connectivity,thunderbird;performance-and-connectivity;,djkeeley,Thunderbird does not detect my printer.  Will detect and print in safe mode.  Outlook prints no problem.,https://support.mozilla.org/questions/1464301,,,,,,m:microsoftemail,,,,1,true,0.48,True,sfhowes
1464303,2024-09-18T18:24:44.428361Z,2024-09-18,en-US,email-and-messaging,thunderbird;email-and-messaging;,julia.marie.day,Email content not visible,https://support.mozilla.org/questions/1464303,,,,,,,,,,1,true,29.84,False,
1464307,2024-09-18T18:40:58.333710Z,2024-09-18,en-US,installation-and-updates,thunderbird;installation-and-updates;,info11895,Unable to send mail since update to v128,https://support.mozilla.org/questions/1464307,,,,,,,,,,1,true,1.14,False,
1464313,2024-09-18T19:07:53.901802Z,2024-09-18,en-US,accounts,thunderbird;accounts;,davidbrown1,Local folders on EMAIL account,https://support.mozilla.org/questions/1464313,,,,,,,,,,3,true,0.86,False,
1464319,2024-09-18T20:25:57.078708Z,2024-09-18,en-US,email-and-messaging,thunderbird;email-and-messaging;,NEEMOIL,WHY DOES MY INBOX SAY FOLDER FULL WHEN IT IS NOT FULL,https://support.mozilla.org/questions/1464319,,,,,,,,,,1,true,27.8,False,
1464321,2024-09-18T20:43:40.689939Z,2024-09-18,en-US,email-and-messaging,thunderbird;email-and-messaging;,michael657,Unable to send email on one of three personal domains using pop - tech support says it's my end.,https://support.mozilla.org/questions/1464321,,,,,,m:gmail,,proto:imap;proto:smtp;proto:pop,,17,true,27.45,True,michael657
1464322,2024-09-18T20:47:49.747083Z,2024-09-18,en-US,installation-and-updates,thunderbird;installation-and-updates;,scott168,128.2.2esr Seems to break everything. Cannot receive or send messages.  SOLVED in 128.2.3,https://support.mozilla.org/questions/1464322,,,,,,,,,,29,true,0.38,True,scott168
1464326,2024-09-18T21:30:32.316224Z,2024-09-18,en-US,email-and-messaging,thunderbird;email-and-messaging;,HG3,Cannot view/expand attachment list when composing messages,https://support.mozilla.org/questions/1464326,,,,,,,,,,2,true,0.09,True,sfhowes
1464333,2024-09-18T22:53:03.000163Z,2024-09-18,en-US,passwords-and-sign-in,thunderbird;passwords-and-sign-in;,gratica,Secure mail key for password,https://support.mozilla.org/questions/1464333,,,,,,m:yahooemail,isp:att,,,9,true,3.22,True,gratica
1464337,2024-09-18T23:19:08.755398Z,2024-09-18,en-US,email-and-messaging,thunderbird;email-and-messaging;,annlarry,"Can't send email from any account, send key non-responsive. SOLVED caused by ""Copy Sent to Current"" add-on",https://support.mozilla.org/questions/1464337,os:windows,,,,,,,proto:smtp,,4,true,19.84,True,wsmwk
1464338,2024-09-18T23:27:47.635500Z,2024-09-18,en-US,settings,thunderbird;settings;,polmarik,Thunderbird on my Samsung Galaxy S21,https://support.mozilla.org/questions/1464338,,,,,,,,,,1,true,24.74,False,
1464351,2024-09-19T00:48:14.374396Z,2024-09-19,en-US,settings,thunderbird;settings;,martianfj+firefox,Migrating to a new Windows laptop has affected IMAP,https://support.mozilla.org/questions/1464351,,,,,,,,proto:imap,,1,false,,False,
1464352,2024-09-19T00:50:19.877760Z,2024-09-19,en-US,passwords-and-sign-in,thunderbird;passwords-and-sign-in;,paul.sage65,Updated to Nebula and now my Gmail account doesn't work,https://support.mozilla.org/questions/1464352,,,,,,m:gmail;m:microsoftemail,,,,3,false,,True,paul.sage65
1464361,2024-09-19T01:35:47.437683Z,2024-09-19,en-US,email-and-messaging,thunderbird;email-and-messaging;,lhlaw,Sending Emails to an address book list,https://support.mozilla.org/questions/1464361,,,,,,,,,,1,true,0.23,False,
1464368,2024-09-19T02:24:25.342778Z,2024-09-19,en-US,settings,thunderbird;settings;,oliwally1,Message list backgrounds colours to match accounts,https://support.mozilla.org/questions/1464368,,,,,,,,,,3,true,3.14,False,
1464371,2024-09-19T03:33:54.808661Z,2024-09-19,en-US,installation-and-updates,thunderbird;installation-and-updates;,Alf.J,missing address books,https://support.mozilla.org/questions/1464371,,,,,,m:microsoftemail,,proto:oauth,,3,true,16.36,False,
1464372,2024-09-19T04:29:14.090284Z,2024-09-19,en-US,email-and-messaging,thunderbird;email-and-messaging;,dinosaur.t-rex,CANNOT DOWN LOAD EMAILS USING THUNDERBIRDS,https://support.mozilla.org/questions/1464372,,,,,,,,,av:norton,1,true,0.38,False,
1464375,2024-09-19T04:57:35.458562Z,2024-09-19,en-US,email-and-messaging,thunderbird;email-and-messaging;,abpt2251,nebula msf corruption,https://support.mozilla.org/questions/1464375,,,,,,,,,,1,true,23.92,False,
1464376,2024-09-19T05:27:11.320688Z,2024-09-19,en-US,email-and-messaging,thunderbird;email-and-messaging;,arkotaxidiaris,Emails lost after repairing corrupt inbox,https://support.mozilla.org/questions/1464376,,,,,,,,proto:pop,,2,true,18.66,False,
1464377,2024-09-19T05:42:59.423898Z,2024-09-19,en-US,email-and-messaging,thunderbird;email-and-messaging;,tncongdon,inbox pane,https://support.mozilla.org/questions/1464377,,,,,,,,,,1,true,54.82,False,
1464386,2024-09-19T07:12:10.283331Z,2024-09-19,en-US,settings,thunderbird;settings;,gatekat,Remove e-mail from Corespondents column,https://support.mozilla.org/questions/1464386,,,,,,,,,,1,true,0.59,True,ThePillenwerfer
1464387,2024-09-19T07:12:10.946256Z,2024-09-19,it,email-and-messaging,thunderbird;email-and-messaging;,studiolucianosacca,PERDITA MAIL DI UN SOLO ACCOUNT,https://support.mozilla.org/questions/1464387,,,,,,,,proto:imap;proto:pop,,26,true,0.33,False,
1464388,2024-09-19T07:14:29.442372Z,2024-09-19,en-US,settings,thunderbird;settings;,addmingc01,Thunderbird Esr Could not connect to the server,https://support.mozilla.org/questions/1464388,,,,,,,,,,1,true,16.78,False,
1464394,2024-09-19T08:25:43.878467Z,2024-09-19,cs,email-and-messaging,thunderbird;email-and-messaging;,info8933,Lze rozšířit velikost e-mailové schránky Thunderbird?,https://support.mozilla.org/questions/1464394,,,,,,,,,,0,false,,False,
1464396,2024-09-19T08:52:21.035691Z,2024-09-19,nl,email-and-messaging,thunderbird;email-and-messaging;,j.th.m.venmans,overzetten adresboek in nieuwe laptop,https://support.mozilla.org/questions/1464396,,,,,,,,,,1,true,1.79,False,
1464397,2024-09-19T08:55:52.646635Z,2024-09-19,it,accounts,thunderbird;accounts;,antoniemanuele,Thunderbird 128.2.2 OAuth2,https://support.mozilla.org/questions/1464397,,,,,,m:gmail;m:microsoftemail,,proto:oauth,,1,true,0.24,False,
1464402,2024-09-19T09:40:18.232645Z,2024-09-19,en-US,email-and-messaging,thunderbird;email-and-messaging;,gaelandroo,Multiple drafts for one message,https://support.mozilla.org/questions/1464402,,,,,,,,,,1,true,2.51,False,
1464403,2024-09-19T09:40:19.400236Z,2024-09-19,es,email-and-messaging,thunderbird;email-and-messaging;,artur.penabade,Previsualización del mensaje en notificaciones,https://support.mozilla.org/questions/1464403,,,,,,,,,,0,false,,False,
1464408,2024-09-19T10:07:22.531077Z,2024-09-19,it,settings,thunderbird;settings;,geochicco,"Thunderbird 128 ""nebula""",https://support.mozilla.org/questions/1464408,,,,,,m:microsoftemail,,,,1,true,4.41,False,
1464411,2024-09-19T10:41:51.320015Z,2024-09-19,it,accounts,thunderbird;needsinfo;accounts;,f.zoppeddu,Account sul fisso,https://support.mozilla.org/questions/1464411,,,,,,,,,,1,true,3.84,False,
1464412,2024-09-19T10:57:11.102623Z,2024-09-19,en-US,email-and-messaging,thunderbird;email-and-messaging;,rayf66,"messages, deletes",https://support.mozilla.org/questions/1464412,,,,,,,,,,0,false,,False,
1464413,2024-09-19T11:02:04.182879Z,2024-09-19,en-US,email-and-messaging,thunderbird;email-and-messaging;,caddyshack16,UNABLE TO EMAILS TO FOLDERS,https://support.mozilla.org/questions/1464413,,,,,,,,,,0,false,,False,
1464416,2024-09-19T11:25:48.566683Z,2024-09-19,en-US,email-and-messaging,thunderbird;email-and-messaging;,popgeluandrei,unable to send emails with 128.2.2 esr,https://support.mozilla.org/questions/1464416,os:windows,,,,,m:microsoftemail,,proto:smtp,,2,true,7.71,False,
1464417,2024-09-19T11:28:48.067330Z,2024-09-19,en-US,performance-and-connectivity,thunderbird;performance-and-connectivity;,nick225,Thunderbird Calendar Entries Displayed Incorrectly on 27/10/2024,https://support.mozilla.org/questions/1464417,,,,,,,,,,0,false,,False,
1464419,2024-09-19T11:43:11.707513Z,2024-09-19,en-US,accounts,thunderbird;accounts;,sigillum50,outlook cannot be set up in Thunderbird,https://support.mozilla.org/questions/1464419,,,,,,m:microsoftemail,,,,1,true,12.26,False,
1464420,2024-09-19T11:53:21.040135Z,2024-09-19,en-US,settings,thunderbird;settings;,contact1089,new to thunderbird - folders question,https://support.mozilla.org/questions/1464420,,,,,,m:microsoftemail,,,,1,true,0.33,False,
1464424,2024-09-19T12:24:38.242474Z,2024-09-19,es,performance-and-connectivity,thunderbird;performance-and-connectivity;,jmurilloloaiza,Issue with Uploading Emails to Gmail via Thunderbird (IMAP OAuth2 Authentication),https://support.mozilla.org/questions/1464424,os:windows,,,,,m:gmail,,proto:imap;proto:oauth,,0,false,,False,
1464425,2024-09-19T12:25:16.743958Z,2024-09-19,en-US,passwords-and-sign-in,thunderbird;passwords-and-sign-in;,evan.cooch,latest update (-> 128.2.2) breaks OAuth2 authentication,https://support.mozilla.org/questions/1464425,,,,,,m:gmail;m:microsoftemail,,proto:oauth,,2,true,6.77,False,
1464427,2024-09-19T12:44:42.186890Z,2024-09-19,en-US,performance-and-connectivity,thunderbird;performance-and-connectivity;,maria.lymecenter,Unable to send email after 128.2.2 update to Thunderbird,https://support.mozilla.org/questions/1464427,,,,,,m:gmail;m:microsoftemail,,,,2,true,6.39,False,
1464428,2024-09-19T12:53:59.187861Z,2024-09-19,en-US,email-and-messaging,thunderbird;email-and-messaging;,dajacques032,Adding an Inbox sub-folder,https://support.mozilla.org/questions/1464428,,,,,,,,,,3,true,3.47,False,
1464433,2024-09-19T13:42:31.127120Z,2024-09-19,pt-BR,accounts,thunderbird;accounts;,fjmsfe,E-mail,https://support.mozilla.org/questions/1464433,,,,,,,,,,0,false,,False,
1464440,2024-09-19T14:05:44.770824Z,2024-09-19,it,settings,thunderbird;settings;,niki.redanimation,POSTA ELIMINATA ACCOUNT,https://support.mozilla.org/questions/1464440,,,,,,,,,,9,true,0.47,False,
1464442,2024-09-19T14:26:40.102789Z,2024-09-19,en-US,email-and-messaging,thunderbird;email-and-messaging;,jgunger,Yahoo cannot connect my emails to Thunderbird after having bought my previous host (Cox),https://support.mozilla.org/questions/1464442,,,,,,m:yahooemail,isp:cox,,,3,true,5.25,False,
1464443,2024-09-19T14:27:34.159431Z,2024-09-19,es,email-and-messaging,thunderbird;email-and-messaging;,cecilia6,"Urgent Issues - open an email with an attachment, an old email from about a year ago opens instead",https://support.mozilla.org/questions/1464443,,,,,,m:microsoftemail,,,,2,true,229.71,False,
1464446,2024-09-19T14:46:50.120932Z,2024-09-19,it,email-and-messaging,thunderbird;email-and-messaging;,nadia.a,MAIL ILLEGGIBILI,https://support.mozilla.org/questions/1464446,,,,,,,,,,1,true,0.47,False,
1464454,2024-09-19T15:08:22.805586Z,2024-09-19,en-US,email-and-messaging,thunderbird;email-and-messaging;,juergen.schiller,"OAuth does not work - I cannot get mails, but I can send mails",https://support.mozilla.org/questions/1464454,,,,,,,,proto:oauth,,1,true,2.79,False,
1464455,2024-09-19T15:16:34.725605Z,2024-09-19,it,email-and-messaging,thunderbird;needsinfo;email-and-messaging;,gestore.dg,Problema quando cancello email,https://support.mozilla.org/questions/1464455,,,,,,,,,,1,true,0.77,False,
1464461,2024-09-19T15:36:47.829296Z,2024-09-19,en-US,passwords-and-sign-in,thunderbird;passwords-and-sign-in;,gratica,I am trying to setup thunderbird acct on new computer,https://support.mozilla.org/questions/1464461,,,,,,m:yahooemail,isp:att,,,1,true,1.76,False,
1464462,2024-09-19T15:39:00.768182Z,2024-09-19,it,email-and-messaging,thunderbird;email-and-messaging;,avv.sbordoni,indirizzo mittente,https://support.mozilla.org/questions/1464462,,,,,,,,,,1,true,0.5,False,
1464468,2024-09-19T16:13:04.878852Z,2024-09-19,en-US,performance-and-connectivity,thunderbird;performance-and-connectivity;,mehilde.hildebrand,I want to change my email from POP to IMAP.,https://support.mozilla.org/questions/1464468,,,,,,,,proto:imap;proto:pop,,1,true,0.64,False,
1464470,2024-09-19T16:20:15.088776Z,2024-09-19,en-US,passwords-and-sign-in,thunderbird;passwords-and-sign-in;,jdfw,password failure,https://support.mozilla.org/questions/1464470,,,,,,,,,,3,true,0.49,False,
1464474,2024-09-19T16:47:45.615371Z,2024-09-19,it,email-and-messaging,thunderbird;email-and-messaging;,devouringrage,Thunderbird e mail Outlook365,https://support.mozilla.org/questions/1464474,,,,,,m:microsoftemail,,,,5,true,14.38,True,devouringrage
1464476,2024-09-19T16:53:12.436994Z,2024-09-19,fi,email-and-messaging,thunderbird;email-and-messaging;,heimolindgren,Received emails show unreadaple format,https://support.mozilla.org/questions/1464476,os:windows,,,,,,,,,0,false,,False,
1464477,2024-09-19T16:59:13.350350Z,2024-09-19,en-US,installation-and-updates,thunderbird;installation-and-updates;,prgoldin1,"Since update to 128.2.2esr, Thunderbird gets stuck at ""Checking mail server capabilities""",https://support.mozilla.org/questions/1464477,,,,,,,,,,2,true,2.14,False,
1464481,2024-09-19T17:10:42.560455Z,2024-09-19,en-US,email-and-messaging,thunderbird;email-and-messaging;,dplenty,"past messages in my inbox disappeared around 1 PM yesterday.  I am showing new messages after that time, and the junk me",https://support.mozilla.org/questions/1464481,,,,,,,,,,0,false,,False,
1464485,2024-09-19T17:29:21.161038Z,2024-09-19,en-US,email-and-messaging,thunderbird;email-and-messaging;,paris21,How to prevent emails from being inadvertently deleted from Thunderbird,https://support.mozilla.org/questions/1464485,,,,,,,,,,2,true,42.49,False,
1464488,2024-09-19T17:41:43.763678Z,2024-09-19,en-US,performance-and-connectivity,thunderbird;performance-and-connectivity;,djberlin46,Email,https://support.mozilla.org/questions/1464488,,,,,,,,,,2,true,1.71,False,
1464490,2024-09-19T17:44:07.453514Z,2024-09-19,en-US,privacy-and-security,thunderbird;privacy-and-security_1;,jenny.chen,new Thunderbird version Approval required,https://support.mozilla.org/questions/1464490,,,,,,m:microsoftemail,,proto:imap;proto:smtp;proto:pop,,14,true,776.26,False,
1464503,2024-09-19T18:26:24.780884Z,2024-09-19,it,settings,thunderbird;settings;,demaio.carmine,Richiesta informazione su spostamento account,https://support.mozilla.org/questions/1464503,,,,,,,,,,1,true,12.79,False,
1464511,2024-09-19T18:52:01.247906Z,2024-09-19,en-US,email-and-messaging,thunderbird;email-and-messaging;,info5991,SPAM folder,https://support.mozilla.org/questions/1464511,,,,,,,,,,2,true,0.66,False,
1464512,2024-09-19T18:58:48.984655Z,2024-09-19,en-US,email-and-messaging,thunderbird;email-and-messaging;,avivakellman,"Email automatic ""reply to"" issue",https://support.mozilla.org/questions/1464512,,,,,,,,,,1,true,2.13,False,
1464523,2024-09-19T19:41:20.933418Z,2024-09-19,en-US,email-and-messaging,thunderbird;email-and-messaging;,ventolinmx,No Message Filters On Configurations,https://support.mozilla.org/questions/1464523,,,,,,,,,,4,true,1.28,False,
1464524,2024-09-19T19:42:09.387675Z,2024-09-19,en-US,email-and-messaging,thunderbird;email-and-messaging;,david.harvey425,Cannot see new emails,https://support.mozilla.org/questions/1464524,,,,,,m:gmail,,proto:imap,,1,true,40.23,True,davidsk
1464526,2024-09-19T19:45:14.737911Z,2024-09-19,en-US,settings,thunderbird;settings;,jpjrbd.mail,Thunderbird scalling changes dynamically in between internal monitor and external monitors,https://support.mozilla.org/questions/1464526,,,,,,,,,,3,true,3.99,True,MattAuSupport
1464527,2024-09-19T19:46:35.605329Z,2024-09-19,en-US,email-and-messaging,thunderbird;email-and-messaging;,asmusf,How to fix [AUTH] invalid credentials for a pop.gmail.com account,https://support.mozilla.org/questions/1464527,,,,,,m:gmail,,proto:pop,,4,true,4.0,True,asmusf
1464530,2024-09-19T19:57:15.924495Z,2024-09-19,es,email-and-messaging,thunderbird;email-and-messaging;,ggonzalez2,Los correos desaparecen de la bandeja de entrada,https://support.mozilla.org/questions/1464530,,,,,,,,,,0,false,,False,
1464531,2024-09-19T20:00:06.686583Z,2024-09-19,en-US,accounts,thunderbird;accounts;,mikealte135,TB - profile problem,https://support.mozilla.org/questions/1464531,,,,,,,,,,4,true,16.09,False,
1464532,2024-09-19T20:05:13.969617Z,2024-09-19,en-US,email-and-messaging,thunderbird;email-and-messaging;,jmcla,address book cannot right click and send all recipients to BCC,https://support.mozilla.org/questions/1464532,,,,,,,,,,1,true,3.58,False,
1464534,2024-09-19T20:13:43.849844Z,2024-09-19,en-US,settings,thunderbird;settings;,jtajames,since 128.2 update Thunderbird won't connect with my imap server.,https://support.mozilla.org/questions/1464534,,,,,,,isp:shaw,proto:imap,,1,true,0.09,False,
1464535,2024-09-19T20:25:20.797621Z,2024-09-19,en-US,email-and-messaging,thunderbird;email-and-messaging;,msinfo2015,"After recent update, I have to double click to read an email",https://support.mozilla.org/questions/1464535,os:windows,,,,,,,,,1,true,3.1,False,
1464539,2024-09-19T20:42:38.708640Z,2024-09-19,en-US,settings,thunderbird;settings;,info11901,Adding travel time in calendar,https://support.mozilla.org/questions/1464539,,,,,,,,,,0,false,,False,
1464540,2024-09-19T20:44:15.831711Z,2024-09-19,en-US,installation-and-updates,thunderbird;installation-and-updates;,florentinfederer,Indexing messages,https://support.mozilla.org/questions/1464540,,,,,,,,,,1,true,2.75,False,
1464541,2024-09-19T20:54:54.731257Z,2024-09-19,en-US,email-and-messaging,thunderbird;email-and-messaging;,suezrn,when I write a message suggestions appear above my writing.  I want to stop that.,https://support.mozilla.org/questions/1464541,,,,,,,,,,1,true,38.88,False,
1464543,2024-09-19T21:05:10.290870Z,2024-09-19,en-US,installation-and-updates,thunderbird;installation-and-updates;,chrisnt1,Just updated to Thunderbird version 128.2.1esr (64-bit) and seem to have lost a couple of functions.,https://support.mozilla.org/questions/1464543,os:macos,,macos:monterey;macos:catalina,,,,,,,4,true,0.19,False,
1464544,2024-09-19T21:14:25.754550Z,2024-09-19,en-US,performance-and-connectivity,thunderbird;performance-and-connectivity;,normthompson,"Whenever I click an ""interior link"" I get the ""gah, your link crashed"" What to do to fix this?",https://support.mozilla.org/questions/1464544,,,,,,,,,,1,true,7.61,False,
1464546,2024-09-19T21:20:29.040487Z,2024-09-19,en-US,performance-and-connectivity,thunderbird;performance-and-connectivity;,vtate,"Keeps trying to compact folders, created subfolders within folders, duplicating emails (gmail)",https://support.mozilla.org/questions/1464546,,,,,,m:gmail,,,,1,true,7.88,False,
1464551,2024-09-19T21:55:22.313134Z,2024-09-19,en-US,performance-and-connectivity,thunderbird;performance-and-connectivity;,piper1,Thundeerbird has stopped working,https://support.mozilla.org/questions/1464551,,,,,,,,,,1,true,6.87,False,
1464556,2024-09-19T22:15:54.581393Z,2024-09-19,en-US,email-and-messaging,thunderbird;email-and-messaging;,kadajawi,Gmail: Moving and archiving won't delete from the server,https://support.mozilla.org/questions/1464556,,,,,,m:gmail,,proto:imap,,5,true,13.69,False,
1464558,2024-09-19T22:28:41.788954Z,2024-09-19,en-US,email-and-messaging,thunderbird;email-and-messaging;,clarklhannah,Sent Emails,https://support.mozilla.org/questions/1464558,,,,,,m:gmail;m:microsoftemail,,,,3,true,0.95,False,
1464560,2024-09-19T23:01:37.628662Z,2024-09-19,en-US,email-and-messaging,thunderbird;email-and-messaging;,Chexy,Format lost in emails,https://support.mozilla.org/questions/1464560,,,,,,,isp:comcast,,,1,true,0.38,False,
1464561,2024-09-19T23:07:36.440484Z,2024-09-19,en-US,email-and-messaging,thunderbird;email-and-messaging;,amtique1,Thunderbird,https://support.mozilla.org/questions/1464561,,,,,,,,,,1,true,0.25,False,
1464563,2024-09-19T23:15:57.127750Z,2024-09-19,en-US,email-and-messaging,thunderbird;email-and-messaging;,cams2,"Email ""From"" field not working. Cannot send.",https://support.mozilla.org/questions/1464563,,,,,,,,,,0,false,,False,
1464569,2024-09-20T02:03:27.533685Z,2024-09-20,en-US,settings,thunderbird;settings;,samlost1001,Outlook not working,https://support.mozilla.org/questions/1464569,,,,,,m:microsoftemail,,,,4,true,1.13,False,
1464570,2024-09-20T03:19:35.215374Z,2024-09-20,en-US,email-and-messaging,thunderbird;email-and-messaging;,keith72,Canon Scanner issue with Thunderbird using MP network EX 2.0,https://support.mozilla.org/questions/1464570,os:windows,,,,,,,,,0,false,,False,
1464578,2024-09-20T05:14:58.473492Z,2024-09-20,en-US,performance-and-connectivity,thunderbird;performance-and-connectivity;,aiz1211,Version 128.2.2 Does not work with Office 365 Outlook,https://support.mozilla.org/questions/1464578,,,,,,m:microsoftemail,,proto:imap;proto:pop,,5,true,6.7,False,
1464582,2024-09-20T05:44:52.898260Z,2024-09-20,en-US,installation-and-updates,thunderbird;installation-and-updates;,trusty73,Unable to view my email with 128.2.2.  Cannot log into Mozilla after going back to version 115.15.0,https://support.mozilla.org/questions/1464582,os:windows,,,,,,,,,1,true,11.53,False,
1464589,2024-09-20T06:45:44.386985Z,2024-09-20,en-US,email-and-messaging,thunderbird;email-and-messaging;,janickimarcin6,Server 783804 is not responding,https://support.mozilla.org/questions/1464589,,,,,,,,,,1,true,6.31,False,
1464590,2024-09-20T07:33:18.160680Z,2024-09-20,hu,email-and-messaging,thunderbird;email-and-messaging;,galtom84,"Cannot open message, blank panel",https://support.mozilla.org/questions/1464590,,,,,,,,,,0,false,,False,
1464593,2024-09-20T08:13:41.640408Z,2024-09-20,nl,email-and-messaging,thunderbird;email-and-messaging;,clampers,email berichten automatisch gedelet als je het programma start verhelpen,https://support.mozilla.org/questions/1464593,,,,,,,,,,1,true,0.4,False,
1464594,2024-09-20T08:20:26.450736Z,2024-09-20,en-US,settings,thunderbird;settings;,doug126,emails appearing as code only,https://support.mozilla.org/questions/1464594,,,,,,,,,,1,true,19.68,False,
1464595,2024-09-20T08:42:13.515847Z,2024-09-20,en-US,email-and-messaging,thunderbird;email-and-messaging;,koubek.michal,"When viewing the mail, another one opens - stuck",https://support.mozilla.org/questions/1464595,,,,,,,,,,1,true,19.31,False,
1464596,2024-09-20T08:53:27.902792Z,2024-09-20,en-US,accounts,thunderbird;accounts;,e.a1964,Email folders gone after moving profile to different drive partition,https://support.mozilla.org/questions/1464596,os:windows,,,,,m:gmail,,,,1,true,2.0,False,
1464599,2024-09-20T09:22:50.277094Z,2024-09-20,cs,email-and-messaging,thunderbird;email-and-messaging;,jkoucun,"Některé přijaté emaily nelze přečíst, místo textu jsou kody html. Oprava složky pomůže, ale....",https://support.mozilla.org/questions/1464599,,,,,,,,,,0,false,,False,
1464601,2024-09-20T09:32:03.718229Z,2024-09-20,en-US,email-and-messaging,thunderbird;email-and-messaging;,rhysjohnowen68,Thunderbird not receiving emails,https://support.mozilla.org/questions/1464601,,,,,,m:gmail,,,,1,true,2.41,False,
1464609,2024-09-20T10:20:00.013743Z,2024-09-20,en-US,email-and-messaging,thunderbird;email-and-messaging;,dariusz.mucha,Incoming messages shatterred,https://support.mozilla.org/questions/1464609,,,,,,,,,,1,true,1.65,False,
1464610,2024-09-20T10:31:31.199951Z,2024-09-20,it,accounts,thunderbird;accounts;,MALACRIDACED,ELIMINIARE ACCOUNT,https://support.mozilla.org/questions/1464610,,,,,,,,,,9,true,4.61,False,
1464612,2024-09-20T10:38:28.303567Z,2024-09-20,it,email-and-messaging,thunderbird;email-and-messaging;,info11868,Problema ricezione messaggi,https://support.mozilla.org/questions/1464612,os:windows,,,,,m:gmail,,,,1,true,4.48,False,
1464613,2024-09-20T10:38:44.146804Z,2024-09-20,it,email-and-messaging,thunderbird;email-and-messaging;,gifallorenzomonterisisrl,errore invio email,https://support.mozilla.org/questions/1464613,os:linux,,,,,,,proto:imap;proto:smtp,,5,true,4.44,False,
1464614,2024-09-20T10:52:58.335774Z,2024-09-20,es,accounts,thunderbird;accounts;,artur.penabade,Ver notificaciones como en versiones anteriores,https://support.mozilla.org/questions/1464614,,,,,,,,,,0,false,,False,
1464615,2024-09-20T11:00:55.381975Z,2024-09-20,en-US,email-and-messaging,thunderbird;email-and-messaging;,nflint310160,Message box when I go into Thinderbird,https://support.mozilla.org/questions/1464615,,,,,,,,,,1,true,2.27,False,
1464618,2024-09-20T11:15:50.986269Z,2024-09-20,en-US,accounts,thunderbird;accounts;,eduardos711,Issue with Thunderbird Asking for Gmail Login Credentials,https://support.mozilla.org/questions/1464618,,,,,,m:gmail,,,,2,true,0.75,False,
1464623,2024-09-20T11:30:33.363907Z,2024-09-20,en-US,installation-and-updates,thunderbird;installation-and-updates;,bjs1947,"I get a ""cannot find temp archive"" when I try to reinstall",https://support.mozilla.org/questions/1464623,,,,,,,,,,3,true,20.65,True,bjs1947
1464626,2024-09-20T11:36:41.002307Z,2024-09-20,en-US,email-and-messaging,thunderbird;email-and-messaging;,IanMasson,Compact folder corrupts folder,https://support.mozilla.org/questions/1464626,,,,,,,,,,6,true,1.46,False,
1464627,2024-09-20T11:38:23.895258Z,2024-09-20,en-US,email-and-messaging,thunderbird;email-and-messaging;,poseikar,Thunderbird 128.2.2esr (64-bit) - previous version (yesterday for me) was working with office365 - now NOT,https://support.mozilla.org/questions/1464627,,,,,,m:microsoftemail,,,,2,true,0.36,False,
1464642,2024-09-20T12:07:34.633752Z,2024-09-20,en-US,passwords-and-sign-in,thunderbird;passwords-and-sign-in;,mico.georges29,password,https://support.mozilla.org/questions/1464642,,,,,,,,,,1,true,20.01,False,
1464643,2024-09-20T12:12:17.927907Z,2024-09-20,en-US,email-and-messaging,thunderbird;email-and-messaging;,candybrickwood,My Thunderbird has stopped receiving emails. It will send emails but will not save them in the Sent Folder.,https://support.mozilla.org/questions/1464643,,,,,,,,,,1,true,0.86,False,
1464649,2024-09-20T13:14:16.335678Z,2024-09-20,en-US,email-and-messaging,thunderbird;email-and-messaging;,tmcboats,email,https://support.mozilla.org/questions/1464649,,,,,,,,,,1,true,14.65,False,
1464653,2024-09-20T13:38:16.676809Z,2024-09-20,tr,email-and-messaging,thunderbird;email-and-messaging;,cagla,ileti listesi görüntüleme secenekleri,https://support.mozilla.org/questions/1464653,,,,,,,,,,1,true,0.45,False,
1464654,2024-09-20T13:46:48.575218Z,2024-09-20,en-US,passwords-and-sign-in,thunderbird;passwords-and-sign-in;,echline,Filesystem notification initialization error FAM/Gamin library,https://support.mozilla.org/questions/1464654,os:linux,,,,,,,,,2,true,18.34,False,
1464658,2024-09-20T14:08:51.704750Z,2024-09-20,en-US,email-and-messaging,thunderbird;email-and-messaging;,markgoff,Sending emails,https://support.mozilla.org/questions/1464658,,,,,,,,,,2,true,1.1,False,
1464659,2024-09-20T14:17:51.336018Z,2024-09-20,en-US,email-and-messaging,thunderbird;email-and-messaging;,javiercarbajo20,"Nebula update big trouble, cannot see emails",https://support.mozilla.org/questions/1464659,os:macos,,,,,,,,,5,true,0.94,False,
1464660,2024-09-20T14:25:03.133140Z,2024-09-20,en-US,email-and-messaging,thunderbird;email-and-messaging;,kiros5,After the update 09/20/2024 Thunderbird 128.2.2esr does not send mail.,https://support.mozilla.org/questions/1464660,,,,,,,,proto:oauth,,4,true,0.81,True,wsmwk
1464661,2024-09-20T14:30:44.126300Z,2024-09-20,en-US,performance-and-connectivity,thunderbird;performance-and-connectivity;tbmacslow;,reacraftpress,High Processor Usage with Thunderbird 115 Window Closed (Mac OS 10.13.6),https://support.mozilla.org/questions/1464661,os:macos,,macos:high_sierra,,,,,,,20,true,1.11,False,
1464665,2024-09-20T14:39:48.217364Z,2024-09-20,en-US,settings,thunderbird;settings;,fprevost,Event description not showing for attendees,https://support.mozilla.org/questions/1464665,,,,,,,,,,0,false,,False,
1464666,2024-09-20T14:45:24.492339Z,2024-09-20,en-US,email-and-messaging,thunderbird;email-and-messaging;,nicksasso21,Unable to send messages using Office 365 / Thunderbird for Linux,https://support.mozilla.org/questions/1464666,os:linux,,,,,m:microsoftemail;m:fastmail,,proto:imap;proto:smtp;proto:oauth,,28,true,0.58,True,Toad-Hall
1464678,2024-09-20T15:29:18.108969Z,2024-09-20,en-US,accounts,thunderbird;accounts;,ian.catchpole,Thunderbird keeps generating inbox-n folders,https://support.mozilla.org/questions/1464678,os:windows,,,,,,,proto:pop,,4,true,20.37,False,
1464685,2024-09-20T16:24:41.173172Z,2024-09-20,it,email-and-messaging,thunderbird;email-and-messaging;,maxbarnaba28,corpo mail sparito,https://support.mozilla.org/questions/1464685,,,,,,,,,,6,true,0.08,False,
1464689,2024-09-20T16:41:13.245520Z,2024-09-20,en-US,email-and-messaging,thunderbird;email-and-messaging;,birdie1942,emails and messaging,https://support.mozilla.org/questions/1464689,,,,,,,,,,1,true,15.31,False,
1464690,2024-09-20T16:47:15.809534Z,2024-09-20,en-US,installation-and-updates,thunderbird;installation-and-updates;,ctayl444,corrupted inbox,https://support.mozilla.org/questions/1464690,,,,,,,,,,1,true,11.16,False,
1464693,2024-09-20T17:04:54.393522Z,2024-09-20,en-US,performance-and-connectivity,thunderbird;performance-and-connectivity;,dskjefte2477,How to drop Thunderbird / Mozilla.  I am so frustrated without being able to TALK with agent and utilize my emails,https://support.mozilla.org/questions/1464693,,,,,,m:gmail,,,,1,true,14.89,False,
1464695,2024-09-20T17:13:42.419479Z,2024-09-20,en-US,email-and-messaging,thunderbird;email-and-messaging;,rlhjrnss,Message filter field character ignored?,https://support.mozilla.org/questions/1464695,os:windows,,,,,,,,,1,true,0.09,False,
1464697,2024-09-20T17:29:17.048904Z,2024-09-20,en-US,email-and-messaging,thunderbird;email-and-messaging;,Santacruz77,"Hi.  Since recent update, some of my incoming emails only show ""--=_NextPart_000_002A_01D9E408.48BA23D0--",https://support.mozilla.org/questions/1464697,,,,,,,,,,1,true,10.41,False,
1464698,2024-09-20T17:54:55.756736Z,2024-09-20,en-US,email-and-messaging,thunderbird;email-and-messaging;,christensongreg4,My email doesn't work,https://support.mozilla.org/questions/1464698,,,,,,,,,,1,true,13.53,False,
1464704,2024-09-20T18:17:27.619926Z,2024-09-20,en-US,email-and-messaging,thunderbird;email-and-messaging;,mdishon,linking thunderbird to gmail,https://support.mozilla.org/questions/1464704,,,,,,m:gmail,,,,1,true,4.86,False,
1464710,2024-09-20T18:51:59.555968Z,2024-09-20,en-US,email-and-messaging,thunderbird;email-and-messaging;,candj28,Addresses in thunderbird,https://support.mozilla.org/questions/1464710,,,,,,,,,,1,true,12.53,False,
1464722,2024-09-20T20:28:26.862338Z,2024-09-20,it,accounts,thunderbird;accounts;,gabriele.battaglia,Alcune cartelle di alcuni account non vengono unificate.,https://support.mozilla.org/questions/1464722,,,,,,m:gmail;m:microsoftemail,,,,3,true,10.36,False,
1464727,2024-09-20T20:47:49.036919Z,2024-09-20,en-US,email-and-messaging,thunderbird;email-and-messaging;,dwmusic,Missing iCloud Sent folder,https://support.mozilla.org/questions/1464727,,,,,,,,,,2,true,2.44,True,sfhowes
1464728,2024-09-20T20:49:51.684648Z,2024-09-20,en-US,email-and-messaging,thunderbird;email-and-messaging;,alfrae13,Thunderbird email,https://support.mozilla.org/questions/1464728,,,,,,,,,,1,true,2.25,False,
1464736,2024-09-20T21:53:24.976380Z,2024-09-20,en-US,email-and-messaging,thunderbird;email-and-messaging;,robertdaleweir,Emails Not Showing On The Right Panel,https://support.mozilla.org/questions/1464736,,,,,,,,,,27,true,5.99,True,robertdaleweir
1464738,2024-09-20T22:09:30.501731Z,2024-09-20,en-US,email-and-messaging,thunderbird;email-and-messaging;,eldonpost,Download problem,https://support.mozilla.org/questions/1464738,,,,,,,,,,3,true,9.22,False,
1464739,2024-09-20T22:11:41.992810Z,2024-09-20,en-US,settings,thunderbird;settings;,kmcguire2,Lost zebra stripes after upgrade to Thunderbird 128.2.3esr,https://support.mozilla.org/questions/1464739,,,,,,,,,,4,true,0.91,True,sfhowes
1464749,2024-09-20T23:05:14.938194Z,2024-09-20,en-US,email-and-messaging,thunderbird;email-and-messaging;,munybuny99,Folders and subfolders not showing,https://support.mozilla.org/questions/1464749,,,,,,,,,,2,true,8.36,False,
1464750,2024-09-20T23:14:35.398553Z,2024-09-20,en-US,email-and-messaging,thunderbird;email-and-messaging;,BigMart,Thunderbird has suddenly stopped sending or receiving emails,https://support.mozilla.org/questions/1464750,,,,,,m:gmail,,proto:pop,,2,true,5.02,True,MattAuSupport
1464752,2024-09-20T23:20:47.892023Z,2024-09-20,en-US,installation-and-updates,thunderbird;installation-and-updates;,RVCraig99,Can't establish connection with Xfinity server.,https://support.mozilla.org/questions/1464752,,,,,,,isp:comcast,proto:imap;proto:smtp,,6,true,12.42,False,
1464757,2024-09-21T00:34:32.080284Z,2024-09-21,en-US,passwords-and-sign-in,thunderbird;passwords-and-sign-in;,84biarritz,After Changing My Google Account Password Thunderbird Says the server setting or password are incorrect,https://support.mozilla.org/questions/1464757,,,,,,m:gmail,,,,1,true,6.45,False,
1464759,2024-09-21T00:57:10.143042Z,2024-09-21,en-US,email-and-messaging,thunderbird;email-and-messaging;,mariegtirone,write email does not work,https://support.mozilla.org/questions/1464759,,,,,,m:gmail,,proto:smtp,,2,true,3.28,False,
1464761,2024-09-21T01:28:42.510492Z,2024-09-21,en-US,settings,thunderbird;settings;,malikmansoor2434,exlain the commen setting,https://support.mozilla.org/questions/1464761,,,,,,,,,,1,true,2.74,False,
1464762,2024-09-21T02:05:34.224577Z,2024-09-21,en-US,email-and-messaging,thunderbird;email-and-messaging;,johnrcox,Thunderbird not printing on oenSUSE,https://support.mozilla.org/questions/1464762,,,,,,,,,,2,false,,False,
1464763,2024-09-21T02:24:18.498763Z,2024-09-21,en-US,settings,thunderbird;settings;,nexusbemboka,New Thunderbird download,https://support.mozilla.org/questions/1464763,,,,,,,,,,2,true,1.43,True,siffemoz
1464772,2024-09-21T04:39:21.065033Z,2024-09-21,en-US,settings,thunderbird;settings;,bbussey,"Deleted messages not appearing in Deleted folders, version 128.2.3esr",https://support.mozilla.org/questions/1464772,,,,,,,,,,2,true,2.7,False,
1464776,2024-09-21T05:07:45.038971Z,2024-09-21,en-US,passwords-and-sign-in,thunderbird;passwords-and-sign-in;,bru,Outlook not letting sign in,https://support.mozilla.org/questions/1464776,,,,,,m:microsoftemail,,,,1,true,2.17,False,
1464777,2024-09-21T05:12:52.568645Z,2024-09-21,en-US,email-and-messaging,thunderbird;email-and-messaging;,kart2,Office365,https://support.mozilla.org/questions/1464777,,,,,,m:microsoftemail,,proto:pop,,0,false,,False,
1464786,2024-09-21T06:53:14.282307Z,2024-09-21,en-US,email-and-messaging,thunderbird;email-and-messaging;,glen0319,cant open 1 paricular emai,https://support.mozilla.org/questions/1464786,,,,,,,,,,3,true,0.16,False,
1464792,2024-09-21T08:53:25.273426Z,2024-09-21,en-US,performance-and-connectivity,thunderbird;performance-and-connectivity;,fleshnfruity,sleep function windows 10,https://support.mozilla.org/questions/1464792,os:windows,,,,,,,,,0,false,,False,
1464795,2024-09-21T09:55:37.748941Z,2024-09-21,en-US,email-and-messaging,thunderbird;email-and-messaging;,medellindaniel3519,Imvgvcc,https://support.mozilla.org/questions/1464795,,,,,,,,,,1,true,21.86,False,
1464801,2024-09-21T10:25:11.261692Z,2024-09-21,en-US,installation-and-updates,thunderbird;installation-and-updates;,hfayersjr,Journal Notes,https://support.mozilla.org/questions/1464801,,,,,,,,,,2,true,4.47,False,
1464803,2024-09-21T10:46:25.488718Z,2024-09-21,en-US,installation-and-updates,thunderbird;installation-and-updates;,rick_hughes,Moving filed mails to standard location,https://support.mozilla.org/questions/1464803,,,,,,,,proto:pop,,4,true,1.72,False,
1464804,2024-09-21T11:07:38.639783Z,2024-09-21,en-US,settings,thunderbird;settings;,megaman12345,Thunderbird on Ubuntu 24.04 - normal dash icon has been replaced - how to recover?,https://support.mozilla.org/questions/1464804,os:linux,,,,,,,,,2,true,4.41,False,
1464806,2024-09-21T11:55:24.011398Z,2024-09-21,en-US,settings,thunderbird;settings;,j45000,default thunderbird font,https://support.mozilla.org/questions/1464806,os:windows,,,,,,,,,4,true,0.22,False,
1464812,2024-09-21T12:45:59.166955Z,2024-09-21,en-US,email-and-messaging,thunderbird;email-and-messaging;,vkundakci,TB 128.2.3 cannot use gmail imap,https://support.mozilla.org/questions/1464812,,,,,,m:gmail,,proto:imap,,5,true,19.01,False,
1464815,2024-09-21T13:29:21.862131Z,2024-09-21,en-US,email-and-messaging,thunderbird;email-and-messaging;,Lastinline,"Cannot send Yahoo e-mails with attachments, Yahoo only, but can send and recieve text messages.",https://support.mozilla.org/questions/1464815,,,,,,m:microsoftemail;m:yahooemail,,proto:smtp,,4,true,3.16,False,
1464817,2024-09-21T13:43:47.900479Z,2024-09-21,en-US,settings,thunderbird;settings;,david170,Screen layout has changed on my laptop.,https://support.mozilla.org/questions/1464817,,,,,,,,,,1,true,1.42,False,
1464819,2024-09-21T14:14:31.505886Z,2024-09-21,en-US,email-and-messaging,thunderbird;email-and-messaging;,firefox789,Previous setting to notify for inbox or all messages has been removed. Please re-add it,https://support.mozilla.org/questions/1464819,,,,,,,,,,3,true,2.04,False,
1464825,2024-09-21T15:06:14.265495Z,2024-09-21,en-US,email-and-messaging,thunderbird;email-and-messaging;,zakana80,Mailtrack in Thunderbird,https://support.mozilla.org/questions/1464825,,,,,,,,,,3,true,0.3,False,
1464831,2024-09-21T15:33:00.262684Z,2024-09-21,nl,tips-and-tricks,thunderbird;gmail;accounts;,thai.leon.boullart,Tunderbird inloggen,https://support.mozilla.org/questions/1464831,,,,,,,,,,1,true,160.98,False,
1464838,2024-09-21T16:13:24.107110Z,2024-09-21,en-US,email-and-messaging,thunderbird;email-and-messaging;,alex373,Thunderbird shows subfolders twice,https://support.mozilla.org/questions/1464838,os:linux,,,,,,,,,2,true,15.43,False,
1464847,2024-09-21T17:14:07.665206Z,2024-09-21,en-US,settings,thunderbird;settings;,plumjampie,Tunderbird popup notifications not working,https://support.mozilla.org/questions/1464847,,,,,,,,,,4,true,11.19,False,
1464854,2024-09-21T17:44:59.349922Z,2024-09-21,en-US,email-and-messaging,thunderbird;email-and-messaging;,neil.mander,Emails corrupting at random,https://support.mozilla.org/questions/1464854,,,,,,,,,,1,true,10.69,False,
1464856,2024-09-21T17:49:09.535416Z,2024-09-21,en-US,settings,thunderbird;settings;,rural2,I accidentally changed inbox email layout?,https://support.mozilla.org/questions/1464856,,,,,,,,,,4,true,0.22,True,davidsk
1464857,2024-09-21T17:59:37.577948Z,2024-09-21,en-US,email-and-messaging,thunderbird;email-and-messaging;,jupa2006,Modern Authentication Method to sync Outlook toThunderbird,https://support.mozilla.org/questions/1464857,,,,,,m:microsoftemail,,proto:smtp;proto:oauth,,6,true,0.07,False,
1464858,2024-09-21T18:12:05.425704Z,2024-09-21,en-US,email-and-messaging,thunderbird;email-and-messaging;,jamesleblanc1,address book does not work after update,https://support.mozilla.org/questions/1464858,,,,,,,,,,1,true,10.28,False,
1464859,2024-09-21T18:14:21.044489Z,2024-09-21,en-US,email-and-messaging,thunderbird;email-and-messaging;,christensongreg4,My email doesn't work,https://support.mozilla.org/questions/1464859,,,,,,,,,,5,true,0.89,False,
1464860,2024-09-21T18:21:09.422573Z,2024-09-21,en-US,email-and-messaging,thunderbird;email-and-messaging;,barnacres,printing,https://support.mozilla.org/questions/1464860,,,,,,m:microsoftemail,,,,0,false,,False,
1464865,2024-09-21T18:56:50.089695Z,2024-09-21,en-US,email-and-messaging,thunderbird;email-and-messaging;,bobjames94,The inbox begins flickering,https://support.mozilla.org/questions/1464865,,,,,,,,,,0,false,,False,
1464870,2024-09-21T19:49:24.824369Z,2024-09-21,en-US,installation-and-updates,thunderbird;installation-and-updates;,emanon1138,AccentColor in Thunderbird 102.10.1 for Custom CSS,https://support.mozilla.org/questions/1464870,,,,,,,,,,5,true,1.47,False,
1464871,2024-09-21T20:21:57.743283Z,2024-09-21,en-US,email-and-messaging,thunderbird;email-and-messaging;,anthony109,Deleting multiple messages at once,https://support.mozilla.org/questions/1464871,,,,,,,,,,0,false,,False,
1464888,2024-09-21T21:30:34.229548Z,2024-09-21,en-US,email-and-messaging,thunderbird;email-and-messaging;,DieterDietrich,"How to use Windows 11 ""Sent to"" menu with Thunderbird?",https://support.mozilla.org/questions/1464888,os:windows,,,,,,,,,10,true,9.72,False,
1464891,2024-09-21T22:10:37.952482Z,2024-09-21,en-US,email-and-messaging,thunderbird;email-and-messaging;,phildiamo,How do I revert the Thunderbird view to one that shows part of the message on the bottom of the screen?,https://support.mozilla.org/questions/1464891,os:windows,,,,,,,,,3,true,6.0,False,
1464896,2024-09-21T23:03:02.145574Z,2024-09-21,en-US,email-and-messaging,thunderbird;email-and-messaging;httpsbugzillamozillaorgshow_bugcgiid1911225;,user288068596136908013690867044504717180385,"TB folders - Can't edit, delete, add, or use any right click function in folders - error nsISpamSettings.initalize",https://support.mozilla.org/questions/1464896,,,,,,,,proto:pop,,14,true,8.56,True,user288068596136908013690867044504717180385
1464900,2024-09-22T00:21:00.689477Z,2024-09-22,en-US,email-and-messaging,thunderbird;email-and-messaging;,carson3r,n the edge browser using the share button and then  the default email to send a page not working,https://support.mozilla.org/questions/1464900,,,,,,,,,,1,true,7.25,False,
1464903,2024-09-22T00:53:37.806713Z,2024-09-22,en-US,settings,thunderbird;settings;,johandewet1945,Inbox message order.,https://support.mozilla.org/questions/1464903,,,,,,,,,,2,true,3.22,False,
1464904,2024-09-22T01:19:48.031994Z,2024-09-22,en-US,email-and-messaging,thunderbird;email-and-messaging;,TheSword03,opening emails in existing account,https://support.mozilla.org/questions/1464904,,,,,,,,,,1,true,2.81,False,
1464907,2024-09-22T02:44:50.151086Z,2024-09-22,en-US,installation-and-updates,thunderbird;installation-and-updates;,t2nrsg5nr8,Can't get old profile to work,https://support.mozilla.org/questions/1464907,os:windows,,,,,,,,,2,true,1.09,True,MattAuSupport
1464909,2024-09-22T03:24:58.728312Z,2024-09-22,en-US,email-and-messaging,thunderbird;email-and-messaging;,keepthis,thunderbird password,https://support.mozilla.org/questions/1464909,,,,,,,,,,1,true,3.87,False,
1464918,2024-09-22T05:56:02.618610Z,2024-09-22,it,accounts,thunderbird;accounts;,federicifab,account di posta,https://support.mozilla.org/questions/1464918,,,,,,m:microsoftemail,,,,2,true,0.95,False,
1464926,2024-09-22T07:33:38.220978Z,2024-09-22,en-US,installation-and-updates,thunderbird;installation-and-updates;,thunderbird26,Thunderbird calendar search past event not working,https://support.mozilla.org/questions/1464926,,,,,,,,,,0,false,,False,
1464936,2024-09-22T09:06:07.508009Z,2024-09-22,en-US,accounts,thunderbird;accounts;,joakimwaern,Thunderbird cannot log in to my Google account,https://support.mozilla.org/questions/1464936,os:windows,,,,,,,,,4,true,8.41,True,wsmwk
1464946,2024-09-22T10:13:45.618410Z,2024-09-22,it,performance-and-connectivity,thunderbird;performance-and-connectivity;,roby.rng,Thunderbird - pannello Trova Eventi,https://support.mozilla.org/questions/1464946,,,,,,,,,,1,true,3.05,False,
1464956,2024-09-22T12:11:24.625394Z,2024-09-22,it,accounts,thunderbird;accounts;,sabbathicus,come posso configurare Thunderbird per collegarlo alla mia casella di posta?,https://support.mozilla.org/questions/1464956,,,,,,m:gmail,,,,1,true,1.0,False,
1464961,2024-09-22T13:51:26.622412Z,2024-09-22,en-US,privacy-and-security,thunderbird;privacy-and-security_1;,toby_hayes,My old username is locked out as I can't remember which of 3 email addresses I used when I first set up my account’ for ,https://support.mozilla.org/questions/1464961,,,,,,,,,,1,false,,False,
1464963,2024-09-22T14:12:47.592926Z,2024-09-22,en-US,installation-and-updates,thunderbird;installation-and-updates;,peter865,Cannot create subfolders since update to 128.2.3esr (64-bit),https://support.mozilla.org/questions/1464963,,,,,,,,,,2,true,3.25,True,peter865
1464964,2024-09-22T14:13:36.475929Z,2024-09-22,en-US,email-and-messaging,thunderbird;email-and-messaging;,jnelson78240,Thunderbird email,https://support.mozilla.org/questions/1464964,,,,,,,,,,0,false,,False,
1464965,2024-09-22T14:21:29.855201Z,2024-09-22,en-US,email-and-messaging,thunderbird;email-and-messaging;,roslyn3,Thunderbird's most recent update does not allow me to open many emails properly.,https://support.mozilla.org/questions/1464965,,,,,,,,,,0,false,,False,
1464966,2024-09-22T14:32:47.703846Z,2024-09-22,en-US,email-and-messaging,thunderbird;email-and-messaging;,jpwvols,Thunderbird stopped allowing to select which profile upon starting Thunderbird,https://support.mozilla.org/questions/1464966,,,,,,,,,,3,true,2.89,True,sfhowes
1464967,2024-09-22T14:33:34.764256Z,2024-09-22,en-US,performance-and-connectivity,thunderbird;performance-and-connectivity;,michaelddavis1708,Unresponsive Program,https://support.mozilla.org/questions/1464967,,,,,,,,,,1,true,45.95,False,
1464968,2024-09-22T14:37:19.734116Z,2024-09-22,en-US,email-and-messaging,thunderbird;email-and-messaging;,jill28,Login failed,https://support.mozilla.org/questions/1464968,,,,,,,,,,1,false,,False,
1464970,2024-09-22T14:54:39.390779Z,2024-09-22,en-US,passwords-and-sign-in,thunderbird;passwords-and-sign-in;,handlmyers,Thunderbird set up,https://support.mozilla.org/questions/1464970,os:macos,,macos:monterey,,,,,,,0,false,,False,
1464971,2024-09-22T14:59:52.241733Z,2024-09-22,en-US,email-and-messaging,thunderbird;email-and-messaging;,jworks,Unable to delete 805 messages from Inbox,https://support.mozilla.org/questions/1464971,,,,,,,,,,0,false,,False,
1464972,2024-09-22T15:05:16.534762Z,2024-09-22,en-US,performance-and-connectivity,thunderbird;performance-and-connectivity;,Gillintaunton,Calendar,https://support.mozilla.org/questions/1464972,,,,,,,,,,0,false,,False,
1464974,2024-09-22T15:20:47.960657Z,2024-09-22,en-US,email-and-messaging,thunderbird;email-and-messaging;,zkab,Rubbish in mail,https://support.mozilla.org/questions/1464974,os:windows,,,,,m:gmail,,,,0,false,,False,
1464975,2024-09-22T15:23:56.586121Z,2024-09-22,en-US,email-and-messaging,thunderbird;email-and-messaging;,sandeepvaidya,Some new mails don't get downloaded on laptop but shown in web interface (Firefox),https://support.mozilla.org/questions/1464975,os:windows,,,,,m:gmail;m:yahooemail,,proto:imap,,1,true,20.17,False,
1464976,2024-09-22T15:30:30.399529Z,2024-09-22,en-US,email-and-messaging,thunderbird;email-and-messaging;,gwreinhart,Can't create new addressee,https://support.mozilla.org/questions/1464976,,,,,,,,,,1,false,,False,
1464977,2024-09-22T15:40:02.002552Z,2024-09-22,en-US,settings,thunderbird;settings;,TessWorld,Email Not Loading In,https://support.mozilla.org/questions/1464977,,,,,,,,proto:smtp,,1,false,,False,
1464988,2024-09-22T16:42:25.135825Z,2024-09-22,en-US,email-and-messaging,thunderbird;email-and-messaging;,roz212ron105,How to regain control of my email from AOL,https://support.mozilla.org/questions/1464988,,,,,,m:microsoftemail,isp:verizon,,,2,true,0.8,False,
1464990,2024-09-22T17:04:32.932260Z,2024-09-22,en-US,email-and-messaging,thunderbird;email-and-messaging;,kdp99,One email account not being checked,https://support.mozilla.org/questions/1464990,,,,,,,,,,1,false,,False,
1464996,2024-09-22T17:34:25.680618Z,2024-09-22,en-US,email-and-messaging,thunderbird;email-and-messaging;,tatla1129,Thunderbird started asking for emails passwords every time,https://support.mozilla.org/questions/1464996,,,,,,,,,,0,false,,False,
1464997,2024-09-22T17:36:15.983541Z,2024-09-22,en-US,email-and-messaging,thunderbird;email-and-messaging;,david681,TB freezing -- too many messages? (win10),https://support.mozilla.org/questions/1464997,os:windows,,,,,,,,,4,true,1.97,False,
1464999,2024-09-22T17:49:08.450073Z,2024-09-22,en-US,email-and-messaging,thunderbird;email-and-messaging;,STHANKIN,UI change during Thunderbird 128:  REPLY/ALL has been buried,https://support.mozilla.org/questions/1464999,,,,,,,,,,3,true,0.93,False,
1465006,2024-09-22T18:43:00.200100Z,2024-09-22,en-US,settings,thunderbird;settings;,mannee68,Setting up TB with an additional gmail address has 400 when doing oauth,https://support.mozilla.org/questions/1465006,,,,,,m:gmail,,proto:oauth,,0,false,,False,
1465007,2024-09-22T18:43:31.766589Z,2024-09-22,en-US,installation-and-updates,thunderbird;installation-and-updates;,jlburch,Very Slow on Macbook Air with SONOMA 14.6.1 and Thunderbird 128.2.3,https://support.mozilla.org/questions/1465007,os:macos,,macos:sonoma,,,,,,,1,true,0.81,False,
1465008,2024-09-22T19:02:36.634981Z,2024-09-22,en-US,accounts,thunderbird;accounts;,Lastinline,If more than one Yahoo account I cannot send Yahoo emails with attachments.,https://support.mozilla.org/questions/1465008,,,,,,m:gmail;m:microsoftemail;m:yahooemail,,,,8,true,0.15,False,
1465010,2024-09-22T19:42:44.658030Z,2024-09-22,en-US,settings,thunderbird;settings;,strnad3,"Zebra stripes (Thunderbird 128, userChrome.css)",https://support.mozilla.org/questions/1465010,,,,,,,,,,5,true,4.77,True,sfhowes
1465011,2024-09-22T19:51:19.438885Z,2024-09-22,en-US,email-and-messaging,thunderbird;email-and-messaging;,m_dragan,We had a switch to fibre optic with Bell Canada 2 weeks ago.  Everything works as before except outgoing mail is very sl,https://support.mozilla.org/questions/1465011,,,,,,m:microsoftemail,isp:bell,proto:smtp;proto:oauth,,2,true,22.79,False,
1465016,2024-09-22T20:24:39.994332Z,2024-09-22,en-US,email-and-messaging,thunderbird;email-and-messaging;,claricemc1,"How do I delete from Thunderbird my old, nonworking email address and server info for that email?",https://support.mozilla.org/questions/1465016,,,,,,m:gmail,,,,1,true,20.08,True,christ1
1465019,2024-09-22T21:23:24.776064Z,2024-09-22,en-US,privacy-and-security,thunderbird;privacy-and-security_1;,stapells,"Master Password prompt, but do not have one.",https://support.mozilla.org/questions/1465019,,,,,,,,,,1,true,14.16,False,
1465026,2024-09-22T22:31:01.912338Z,2024-09-22,en-US,privacy-and-security,thunderbird;privacy-and-security_1;,talaqalotaibipmp,Talaq,https://support.mozilla.org/questions/1465026,,,,,,,,,,0,false,,False,
1465027,2024-09-22T22:31:40.532123Z,2024-09-22,en-US,email-and-messaging,thunderbird;email-and-messaging;,lockmaster56,Annoying pulsating color thing,https://support.mozilla.org/questions/1465027,os:windows,,,,,,,,,5,true,1.71,False,
1465028,2024-09-22T22:45:55.134089Z,2024-09-22,hu,accounts,thunderbird;needsinfo;accounts;,szabo.hajnalka.gpc,Mappák megjelenítése,https://support.mozilla.org/questions/1465028,,,,,,m:gmail;m:microsoftemail,,proto:imap,,1,true,445.7,False,
1465029,2024-09-22T23:09:06.270750Z,2024-09-22,en-US,privacy-and-security,thunderbird;privacy-and-security_1;,edkushmail,Per Google I need to add double layer of security to my gmail as handled by my Thunderbird mail app on my desktop and la,https://support.mozilla.org/questions/1465029,,,,,,m:gmail,,proto:oauth,,1,true,167.29,False,
1465033,2024-09-22T23:20:52.694312Z,2024-09-22,en-US,email-and-messaging,thunderbird;email-and-messaging;,linconant44,emails don't download,https://support.mozilla.org/questions/1465033,,,,,,,,,,0,false,,False,
1465034,2024-09-22T23:39:44.891071Z,2024-09-22,en-US,settings,thunderbird;settings;,robert183,Set VLC to play .mp4 attachments to Thunderbird mail,https://support.mozilla.org/questions/1465034,os:linux,,,,,,,,,3,true,1.07,False,
1465043,2024-09-23T02:20:11.421024Z,2024-09-23,en-US,email-and-messaging,thunderbird;email-and-messaging;,leananger90,Saving e-mails,https://support.mozilla.org/questions/1465043,,,,,,,,,,0,false,,False,
1465045,2024-09-23T02:47:39.564265Z,2024-09-23,en-US,email-and-messaging,thunderbird;email-and-messaging;,keith72,Canon Scanner email issue with Thunderbird,https://support.mozilla.org/questions/1465045,os:windows,,,,,,,,,6,true,2.02,False,
1465050,2024-09-23T03:19:37.974311Z,2024-09-23,en-US,email-and-messaging,thunderbird;email-and-messaging;,wilkandreamichelle,unwanted change to inbox since small upgrade,https://support.mozilla.org/questions/1465050,,,,,,,,,,1,true,1.43,False,
1465060,2024-09-23T06:21:55.718158Z,2024-09-23,en-US,email-and-messaging,thunderbird;email-and-messaging;,pjfwilliams,Unable to send messages I have had a message that my settings are out of date but ndid not know how to fix it,https://support.mozilla.org/questions/1465060,,,,,,,,,,0,false,,False,
1465061,2024-09-23T07:08:59.647011Z,2024-09-23,en-US,email-and-messaging,thunderbird;email-and-messaging;,s.fawcett70,email,https://support.mozilla.org/questions/1465061,,,,,,,,,,0,false,,False,
1465062,2024-09-23T07:15:15.297850Z,2024-09-23,en-US,settings,thunderbird;settings;,office22,smtp settings,https://support.mozilla.org/questions/1465062,,,,,,,,proto:smtp;proto:oauth,,2,true,0.19,True,office22
1465065,2024-09-23T08:04:35.093418Z,2024-09-23,en-US,installation-and-updates,thunderbird;installation-and-updates;,leifel,"128.2.3 broke all my rss-feeds, Account Name changed to ""server8.invalid""!?",https://support.mozilla.org/questions/1465065,,,,,,,,,,4,true,0.4,True,christ1
1465067,2024-09-23T08:25:21.584893Z,2024-09-23,en-US,email-and-messaging,thunderbird;email-and-messaging;,Puglady,Main Inbox for Email missing all emails,https://support.mozilla.org/questions/1465067,,,,,,,,,,0,false,,False,
1465069,2024-09-23T08:31:52.485592Z,2024-09-23,it,accounts,thunderbird;needsinfo;accounts;,immec,aumento spazio archivio,https://support.mozilla.org/questions/1465069,,,,,,,,,,1,true,0.64,False,
1465071,2024-09-23T08:43:00.279071Z,2024-09-23,en-US,email-and-messaging,thunderbird;email-and-messaging;,meyrick,my return emails won't go it keeps asking for a password,https://support.mozilla.org/questions/1465071,,,,,,,,,,0,false,,False,
1465075,2024-09-23T09:04:42.559897Z,2024-09-23,en-US,email-and-messaging,thunderbird;email-and-messaging;,mark205,"TB automatically downloading messages, despite Server settings for this being unticked",https://support.mozilla.org/questions/1465075,,,,,,,,proto:pop,,6,true,1.59,False,
1465083,2024-09-23T09:56:49.024606Z,2024-09-23,en-US,email-and-messaging,thunderbird;email-and-messaging;,foxyjm,TB won't save messages,https://support.mozilla.org/questions/1465083,,,,,,,,,,0,false,,False,
1465084,2024-09-23T10:04:10.160673Z,2024-09-23,en-US,email-and-messaging,thunderbird;email-and-messaging;,alberto.kaiser,"Liebe Donnervögel, gerne möchte ich Sie fragen warum ich keine Mails mehr löschen kann herzlichen Dank  Alberto",https://support.mozilla.org/questions/1465084,,,,,,,,,,0,false,,False,
1465085,2024-09-23T10:07:16.852361Z,2024-09-23,en-US,email-and-messaging,thunderbird;email-and-messaging;,cc1chrid,Cannot send Emails,https://support.mozilla.org/questions/1465085,,,,,,,isp:btinternet,proto:smtp,,1,true,1.54,False,
1465086,2024-09-23T10:12:01.837867Z,2024-09-23,en-US,passwords-and-sign-in,thunderbird;passwords-and-sign-in;,rebeccat2850,Thunderbird asks me to sign in every time,https://support.mozilla.org/questions/1465086,,,,,,m:microsoftemail,,,,29,true,6.84,False,
1465087,2024-09-23T10:36:21.288297Z,2024-09-23,en-US,email-and-messaging,thunderbird;email-and-messaging;,billycan19444,Deleting unwanted emails,https://support.mozilla.org/questions/1465087,,,,,,m:gmail,,,,1,true,0.09,False,
1465091,2024-09-23T11:07:39.315294Z,2024-09-23,en-US,settings,thunderbird;settings;,brad.starling,Cannot leave a copy of new message on server.,https://support.mozilla.org/questions/1465091,,,,,,m:yahooemail,isp:frontier,proto:imap,,7,true,0.5,False,
1465098,2024-09-23T12:10:13.849928Z,2024-09-23,en-US,email-and-messaging,thunderbird;email-and-messaging;,osavill,Random conents for emails,https://support.mozilla.org/questions/1465098,,,,,,m:microsoftemail,,,,3,true,0.38,True,christ1
1465102,2024-09-23T12:31:22.690427Z,2024-09-23,en-US,email-and-messaging,thunderbird;email-and-messaging;,bcraigie,Address book details pane is cut off / covered with a white box,https://support.mozilla.org/questions/1465102,os:windows,,,,,,,,,1,true,6.39,False,
1465103,2024-09-23T13:05:01.852649Z,2024-09-23,en-US,email-and-messaging,thunderbird;email-and-messaging;,jbguit,Why is Thunderbird fetching messages and notifications popping up with the program closed???,https://support.mozilla.org/questions/1465103,,,,,,,,,,4,true,3.84,False,
1465104,2024-09-23T13:12:53.809403Z,2024-09-23,en-US,email-and-messaging,thunderbird;email-and-messaging;,carlalidianemuller,Lixeira,https://support.mozilla.org/questions/1465104,,,,,,,,,,0,false,,False,
1465105,2024-09-23T13:19:52.139874Z,2024-09-23,en-US,passwords-and-sign-in,thunderbird;passwords-and-sign-in;,jdfw,Cannot log-in to my Thunderbird e-mail system,https://support.mozilla.org/questions/1465105,,,,,,,,,,3,true,3.46,False,
1465108,2024-09-23T13:26:18.729673Z,2024-09-23,en-US,performance-and-connectivity,thunderbird;performance-and-connectivity;,jjflynn,choosing emaill address to send to,https://support.mozilla.org/questions/1465108,,,,,,,,,,0,false,,False,
1465109,2024-09-23T13:29:30.188373Z,2024-09-23,nl,email-and-messaging,thunderbird;email-and-messaging;,awn,Verzonden berichten niet zichtbaar in map Verzonden berichten,https://support.mozilla.org/questions/1465109,,,,,,,,,,1,true,115.13,True,Mad_Maks
1465110,2024-09-23T13:32:54.540932Z,2024-09-23,en-US,email-and-messaging,thunderbird;email-and-messaging;,dsepanski,why are my emails not displaying content,https://support.mozilla.org/questions/1465110,,,,,,,,,,0,false,,False,
1465112,2024-09-23T13:43:37.442970Z,2024-09-23,en-US,email-and-messaging,thunderbird;email-and-messaging;,surfer62176,thunderbird,https://support.mozilla.org/questions/1465112,,,,,,m:microsoftemail,,,,2,true,5.08,False,
1465113,2024-09-23T13:45:22.178820Z,2024-09-23,it,email-and-messaging,thunderbird;email-and-messaging;,segreteria34,lettura email,https://support.mozilla.org/questions/1465113,,,,,,,,,,1,true,0.8,False,
1465115,2024-09-23T13:47:54.562085Z,2024-09-23,en-US,email-and-messaging,thunderbird;email-and-messaging;,cullenmr,Why does xf logo not appear in emails from xfinity?,https://support.mozilla.org/questions/1465115,,,,,,,isp:comcast,,,1,true,1.31,False,
1465116,2024-09-23T13:53:39.647646Z,2024-09-23,en-US,settings,thunderbird;settings;needsinfo;,grzegorz.m.rybicki,Underlined letters issue in Polish version of Thunderbird,https://support.mozilla.org/questions/1465116,,,,,,,,,,1,true,2.45,False,
1465120,2024-09-23T14:25:30.772864Z,2024-09-23,en-US,email-and-messaging,thunderbird;email-and-messaging;,otterspace,email failure Alert 1014,https://support.mozilla.org/questions/1465120,,,,,,,isp:comcast,,,1,true,1.1,False,
1465121,2024-09-23T14:26:17.016634Z,2024-09-23,en-US,performance-and-connectivity,thunderbird;performance-and-connectivity;,steve647,Since last week my Thunderbird is misbehaving - not sure if this relates to a software update?,https://support.mozilla.org/questions/1465121,,,,,,,,,,0,false,,False,
1465127,2024-09-23T15:08:05.456693Z,2024-09-23,en-US,email-and-messaging,thunderbird;email-and-messaging;,rayh6444,smtp issues,https://support.mozilla.org/questions/1465127,,,,,,m:gmail,,proto:smtp,,7,true,3.72,True,rayh6444
1465131,2024-09-23T15:27:53.288424Z,2024-09-23,it,email-and-messaging,thunderbird;needsinfo;email-and-messaging;,commendatoremassimo,lettura mail in arrivo,https://support.mozilla.org/questions/1465131,,,,,,,,,,1,true,0.51,False,
1465132,2024-09-23T15:34:58.181650Z,2024-09-23,it,email-and-messaging,thunderbird;needsinfo;email-and-messaging;,infoismellus,Unreadable email - text string error,https://support.mozilla.org/questions/1465132,,,,,,,,,,1,true,0.33,False,
1465139,2024-09-23T16:07:58.401441Z,2024-09-23,en-US,email-and-messaging,thunderbird;email-and-messaging;,ingela1,I can suddenly not send mail or receive mail on my computer..,https://support.mozilla.org/questions/1465139,,,,,,,,,,0,false,,False,
1465142,2024-09-23T16:20:22.806496Z,2024-09-23,en-US,email-and-messaging,thunderbird;email-and-messaging;,renechristollet,Envoi mails impossiblde avec Thunderbird,https://support.mozilla.org/questions/1465142,,,,,,,,,,1,true,2.1,False,
1465154,2024-09-23T17:17:46.478764Z,2024-09-23,en-US,email-and-messaging,thunderbird;email-and-messaging;,Tourgis23562,Cannot move addresses between to/cc/bcc,https://support.mozilla.org/questions/1465154,os:linux,,,,,,,,,0,false,,False,
1465166,2024-09-23T18:27:16.475543Z,2024-09-23,en-US,accounts,thunderbird;accounts;,dgould,Desire to have unknownw charge to my visa account explained,https://support.mozilla.org/questions/1465166,,,,,,,,,,1,true,0.19,False,
1465168,2024-09-23T18:40:38.050528Z,2024-09-23,en-US,installation-and-updates,thunderbird;installation-and-updates;,emanon1138,Change tab icons in TB 102.10.1,https://support.mozilla.org/questions/1465168,,,,,,,,,,0,false,,False,
1465169,2024-09-23T18:56:42.917616Z,2024-09-23,en-US,passwords-and-sign-in,thunderbird;passwords-and-sign-in;,phildiamo,"I need to protect Thunderbird from another Windows 11 Reset or Reinstall, help needed.",https://support.mozilla.org/questions/1465169,os:windows,,,,,,,,,0,false,,False,
1465176,2024-09-23T19:35:20.245311Z,2024-09-23,en-US,email-and-messaging,thunderbird;email-and-messaging;,bbrewer3,No longer able to send or receive emails,https://support.mozilla.org/questions/1465176,,,,,,,,,,0,false,,False,
1465178,2024-09-23T19:44:01.463524Z,2024-09-23,en-US,email-and-messaging,thunderbird;email-and-messaging;,williamwatson658,Lost E-mails   6 e-mails in Inbox do not appear in main panel with date time and heading where are they ?,https://support.mozilla.org/questions/1465178,,,,,,,,,,0,false,,False,
1465184,2024-09-23T20:30:27.727051Z,2024-09-23,en-US,email-and-messaging,thunderbird;email-and-messaging;,cmkittredge,suddenly unable to use POP to receive gmail.,https://support.mozilla.org/questions/1465184,,,,,,m:gmail,,proto:imap;proto:pop,,0,false,,False,
1465187,2024-09-23T20:44:24.237635Z,2024-09-23,en-US,email-and-messaging,thunderbird;email-and-messaging;,lyleleverich,conversations,https://support.mozilla.org/questions/1465187,os:windows,,,,,m:gmail,,,,3,true,11.73,False,
1465188,2024-09-23T20:46:49.534326Z,2024-09-23,en-US,settings,thunderbird;settings;,christophersr,SMTP server problems,https://support.mozilla.org/questions/1465188,,,,,,,,proto:smtp;proto:pop,,7,true,5.62,True,christophersr
1465189,2024-09-23T20:47:34.919257Z,2024-09-23,en-US,email-and-messaging,thunderbird;email-and-messaging;,simon197,TB not displaying incoming Apple mails,https://support.mozilla.org/questions/1465189,,,,,,,,,,0,false,,False,
1465192,2024-09-23T21:04:42.508824Z,2024-09-23,en-US,accounts,thunderbird;accounts;,re_mzo,problem with hotmail,https://support.mozilla.org/questions/1465192,,,,,,m:microsoftemail,,proto:imap,,1,true,0.36,False,
1465195,2024-09-23T21:30:20.717819Z,2024-09-23,en-US,settings,thunderbird;settings;,frederickpenna,I cant seem to get Outlook on Thunderbird to send any emails. Receive yes but not send. What's changed,https://support.mozilla.org/questions/1465195,,,,,,m:microsoftemail,,proto:imap,,2,true,4.58,False,
1465196,2024-09-23T21:34:58.508894Z,2024-09-23,en-US,email-and-messaging,thunderbird;email-and-messaging;,kproautinc,pop up,https://support.mozilla.org/questions/1465196,,,,,,,,,,0,false,,False,
1465197,2024-09-23T21:37:45.795656Z,2024-09-23,en-US,email-and-messaging,thunderbird;email-and-messaging;,mus_67,why doesn't yahoo.com email be sent,https://support.mozilla.org/questions/1465197,,,,,,m:yahooemail,,,,0,false,,False,
1465198,2024-09-23T21:42:24.631951Z,2024-09-23,en-US,installation-and-updates,thunderbird;installation-and-updates;,jrichart,Update of OAuth2 & can't get folders to show for Mircosoft live.com (128.2.3) (pop),https://support.mozilla.org/questions/1465198,os:windows,,,,,m:microsoftemail,,proto:smtp;proto:pop;proto:oauth,,7,true,4.25,True,MattAuSupport
1465201,2024-09-23T22:10:18.616072Z,2024-09-23,en-US,email-and-messaging,thunderbird;email-and-messaging;,johnrcox,Cannot connect to existing comcast account,https://support.mozilla.org/questions/1465201,,,,,,m:gmail,isp:comcast,proto:imap,,0,false,,False,
1465203,2024-09-23T22:17:50.773686Z,2024-09-23,en-US,email-and-messaging,thunderbird;email-and-messaging;,lterpsma,"I have no new mail coming in since Aug. 26, 2024, and can't send emails either",https://support.mozilla.org/questions/1465203,,,,,,,,proto:imap;proto:smtp,,1,true,0.39,False,
1465206,2024-09-23T22:45:58.505852Z,2024-09-23,en-US,email-and-messaging,thunderbird;email-and-messaging;,registration8,prior server emails disappeared,https://support.mozilla.org/questions/1465206,,,,,,,,proto:imap,,1,true,9.64,False,
1465208,2024-09-23T22:53:20.171200Z,2024-09-23,en-US,email-and-messaging,thunderbird;email-and-messaging;,loudeat,What can I do?,https://support.mozilla.org/questions/1465208,,,,,,,,,,0,false,,False,
1465209,2024-09-23T23:04:18.527963Z,2024-09-23,en-US,passwords-and-sign-in,thunderbird;passwords-and-sign-in;,jshollis,Login to server mail.twc.com with username @twc.com failed.,https://support.mozilla.org/questions/1465209,,,,,,m:microsoftemail,isp:spectrum,,,0,false,,False,
1465210,2024-09-23T23:04:25.784889Z,2024-09-23,en-US,performance-and-connectivity,thunderbird;performance-and-connectivity;,BirdieBob,Zoom controls are grayed out and unavailble in Thunderbird 128.2.3esr address book,https://support.mozilla.org/questions/1465210,,,,,,,,,,0,false,,False,
1465212,2024-09-23T23:13:04.917005Z,2024-09-23,en-US,email-and-messaging,thunderbird;email-and-messaging;,JimC0738,"Copy of email not placed in Sent folder due to ""network or file access errors""",https://support.mozilla.org/questions/1465212,,,,,,m:gmail,,,,0,false,,False,
1465214,2024-09-23T23:28:05.194880Z,2024-09-23,en-US,email-and-messaging,thunderbird;email-and-messaging;,jtmezzina,Email,https://support.mozilla.org/questions/1465214,,,,,,,,,,0,false,,False,
1465220,2024-09-23T23:53:02.882289Z,2024-09-23,en-US,email-and-messaging,thunderbird;email-and-messaging;,markschapper,No response to gmail oauth login,https://support.mozilla.org/questions/1465220,,,,,,m:gmail,,proto:oauth,,0,false,,False,
1465222,2024-09-24T01:23:07.660064Z,2024-09-24,en-US,email-and-messaging,thunderbird;email-and-messaging;,terri_walker,Recovering Thunderbird inbox Mac OS X 10.7.5,https://support.mozilla.org/questions/1465222,os:macos,,macos:lion;macos:snow_leopard,,,,,proto:pop,,1,false,,False,
1465224,2024-09-24T01:27:21.345095Z,2024-09-24,en-US,accounts,thunderbird;accounts;,julie.m_martens,Internet Service Provider,https://support.mozilla.org/questions/1465224,,,,,,,,,,1,true,0.34,False,
1465231,2024-09-24T04:24:40.281974Z,2024-09-24,en-US,email-and-messaging,thunderbird;email-and-messaging;,jeffbrad,Emails not visible after updating to version 128.2.3esr (64-bit),https://support.mozilla.org/questions/1465231,os:windows,,,,,,,proto:imap;proto:pop,,0,false,,False,
1465232,2024-09-24T05:29:52.693114Z,2024-09-24,en-US,email-and-messaging,thunderbird;email-and-messaging;,iqhy,Retrieval using the IMAP4 protocol failed for the following message,https://support.mozilla.org/questions/1465232,,,,,,m:microsoftemail,,,,1,false,,False,
1465236,2024-09-24T06:05:32.202893Z,2024-09-24,en-US,email-and-messaging,thunderbird;email-and-messaging;,okai,After upgrade error has occurred.,https://support.mozilla.org/questions/1465236,,,,,,,,,,0,false,,False,
1465240,2024-09-24T06:55:38.037356Z,2024-09-24,en-US,email-and-messaging,thunderbird;email-and-messaging;,jack168,threads,https://support.mozilla.org/questions/1465240,,,,,,m:gmail,,,,1,true,3.57,False,
1465243,2024-09-24T07:20:30.665613Z,2024-09-24,en-US,email-and-messaging,thunderbird;email-and-messaging;,spacepunk,Thunderbird Mail,https://support.mozilla.org/questions/1465243,,,,,,,,,,3,true,4.36,False,
1465245,2024-09-24T07:42:37.948890Z,2024-09-24,en-US,installation-and-updates,thunderbird;installation-and-updates;,elainemariearriola,Setting up account/ adding account,https://support.mozilla.org/questions/1465245,,,,,,,,,,9,true,3.84,False,
1465246,2024-09-24T08:05:58.342102Z,2024-09-24,nl,email-and-messaging,thunderbird;email-and-messaging;,marcfriedheim,'--=_mixed 00552259C12585AC_=--,https://support.mozilla.org/questions/1465246,,,,,,,,,,1,true,96.04,False,
1465249,2024-09-24T08:46:47.746211Z,2024-09-24,it,email-and-messaging,thunderbird;email-and-messaging;,ebayit81,Messaggio tramite lista di distribuzione non aggiornata,https://support.mozilla.org/questions/1465249,,,,,,,,,,5,true,7.15,False,
1465252,2024-09-24T09:07:37.199497Z,2024-09-24,en-US,email-and-messaging,thunderbird;email-and-messaging;,bernacron1977,Some of the emails are displayed incorrectly,https://support.mozilla.org/questions/1465252,,,,,,,,,,4,true,3.25,False,
1465253,2024-09-24T09:12:23.571251Z,2024-09-24,en-US,email-and-messaging,thunderbird;email-and-messaging;,inf3rnovip,Thunderbird 115-128 Copying messages to the sent folder IMAP ERROR,https://support.mozilla.org/questions/1465253,,,,,,,isp:orange,proto:imap,,0,false,,False,
1465255,2024-09-24T09:40:21.337777Z,2024-09-24,en-US,settings,thunderbird;settings;,opazilla,How can I filter feeds in Thunderbird by 'website'?,https://support.mozilla.org/questions/1465255,,,,,,,,,,0,false,,False,
1465260,2024-09-24T10:28:09.989743Z,2024-09-24,en-US,installation-and-updates,thunderbird;installation-and-updates;,palmerconsultingfr,Spell checking,https://support.mozilla.org/questions/1465260,,,,,,,,,,8,true,6.27,True,James
1465263,2024-09-24T10:56:07.087270Z,2024-09-24,it,privacy-and-security,thunderbird;privacy-and-security_1;,ken.kinju,Problema Thunderbird con OpenPGP,https://support.mozilla.org/questions/1465263,,,,,,,,,,2,true,20.25,True,ken.kinju
1465264,2024-09-24T10:58:10.854477Z,2024-09-24,pt-BR,passwords-and-sign-in,thunderbird;passwords-and-sign-in;,acrdafonseca,Carregamento do Thunderbid PC windows 10,https://support.mozilla.org/questions/1465264,os:windows,,,,,,,,,0,false,,False,
1465268,2024-09-24T11:34:09.536646Z,2024-09-24,it,email-and-messaging,thunderbird;email-and-messaging;,nbctq6smfv,SOTTOCARTELLE,https://support.mozilla.org/questions/1465268,,,,,,,,,,1,true,4.41,False,
1465271,2024-09-24T11:50:43.242905Z,2024-09-24,en-US,email-and-messaging,thunderbird;email-and-messaging;,npmaylesby,Popup wanting credentials for email,https://support.mozilla.org/questions/1465271,,,,,,,,,,2,false,,False,
1465274,2024-09-24T12:22:28.245873Z,2024-09-24,en-US,settings,thunderbird;settings;,rayh6444,smtp issues,https://support.mozilla.org/questions/1465274,,,,,,m:gmail,,proto:smtp,,2,true,4.4,False,
1465279,2024-09-24T12:40:54.625889Z,2024-09-24,en-US,performance-and-connectivity,thunderbird;performance-and-connectivity;,vtate,Continued problems with use of the Mozilla email function after a software update from Thunderbird a month or so ago,https://support.mozilla.org/questions/1465279,,,,,,m:gmail,,proto:imap;proto:pop,,0,false,,False,
1465281,2024-09-24T12:50:26.232844Z,2024-09-24,en-US,settings,thunderbird;settings;,elise6,I am unable to delete folders that I created myself.,https://support.mozilla.org/questions/1465281,,,,,,,,,,7,true,4.26,False,
1465282,2024-09-24T12:59:00.667490Z,2024-09-24,cs,email-and-messaging,thunderbird;email-and-messaging;,mankaa30,Microsoft Office - Odchozí emaily,https://support.mozilla.org/questions/1465282,,,,,,m:microsoftemail,,proto:smtp,,1,true,20.17,True,poljos-moz
1465287,2024-09-24T13:13:19.607215Z,2024-09-24,en-US,accounts,thunderbird;accounts;,nkrill,donation,https://support.mozilla.org/questions/1465287,,,,,,,,,,1,true,0.95,False,
1465288,2024-09-24T13:13:42.273120Z,2024-09-24,en-US,installation-and-updates,thunderbird;installation-and-updates;,jamesgerr,Thunderbird update taking over screen.,https://support.mozilla.org/questions/1465288,,,,,,m:gmail,,,,0,false,,False,
1465295,2024-09-24T13:45:53.843756Z,2024-09-24,it,email-and-messaging,thunderbird;email-and-messaging;,f.pedretti,ricezione messaggi,https://support.mozilla.org/questions/1465295,,,,,,,,,,1,true,17.42,False,
1465296,2024-09-24T13:56:08.278042Z,2024-09-24,en-US,installation-and-updates,thunderbird;installation-and-updates;,vicky.nuckolls,Installation,https://support.mozilla.org/questions/1465296,,,,,,,,,,0,false,,False,
1465297,2024-09-24T13:57:01.716414Z,2024-09-24,en-US,installation-and-updates,thunderbird;installation-and-updates;,vicky.nuckolls,Customer Service,https://support.mozilla.org/questions/1465297,,,,,,,,,,1,true,0.17,False,
1465301,2024-09-24T14:13:45.782277Z,2024-09-24,en-US,email-and-messaging,thunderbird;email-and-messaging;,eric242,thunderbird email  messages are now formatted wrong,https://support.mozilla.org/questions/1465301,,,,,,,,,,3,true,2.35,False,
1465303,2024-09-24T14:42:43.110112Z,2024-09-24,en-US,passwords-and-sign-in,thunderbird;passwords-and-sign-in;,ralphwalrod,Thunderbird email unable to log in at server - gmail,https://support.mozilla.org/questions/1465303,,,,,,m:gmail,,,,5,true,42.83,True,ralphwalrod
1465312,2024-09-24T15:51:05.307742Z,2024-09-24,en-US,email-and-messaging,thunderbird;email-and-messaging;,BillTreloar,Change in Tagging Messages,https://support.mozilla.org/questions/1465312,,,,,,,,,,4,true,0.7,True,sfhowes
1465315,2024-09-24T16:05:51.094542Z,2024-09-24,en-US,settings,thunderbird;settings;,s.a.dzwonek,conversations,https://support.mozilla.org/questions/1465315,,,,,,,,,,2,true,0.56,False,
1465321,2024-09-24T16:21:04.126329Z,2024-09-24,it,passwords-and-sign-in,thunderbird;passwords-and-sign-in;,giuseppe.gennaio,Problemi di accesso per account postecert.it,https://support.mozilla.org/questions/1465321,,,,,,,,,,1,true,14.83,False,
1465325,2024-09-24T16:33:55.544844Z,2024-09-24,en-US,email-and-messaging,thunderbird;email-and-messaging;,tim.zielkens,Thunderbird,https://support.mozilla.org/questions/1465325,,,,,,,,,,1,true,2.97,False,
1465326,2024-09-24T16:35:26.257368Z,2024-09-24,en-US,email-and-messaging,thunderbird;email-and-messaging;,phuggins,Can't send or reply to emails,https://support.mozilla.org/questions/1465326,,,,,,m:microsoftemail,isp:spectrum,,,0,false,,False,
1465327,2024-09-24T16:46:22.092943Z,2024-09-24,en-US,installation-and-updates,thunderbird;installation-and-updates;,chenier14,I just updated my Thunderbird e-mail software and I have no calendar information and no contact information.  It was not,https://support.mozilla.org/questions/1465327,,,,,,,,,,0,false,,False,
1465330,2024-09-24T16:51:56.392337Z,2024-09-24,en-US,privacy-and-security,thunderbird;privacy-and-security_1;,fox48,Certificate error with IMAP but not SMTP.,https://support.mozilla.org/questions/1465330,os:windows,,,,,m:gmail,,proto:imap;proto:smtp,,1,false,,False,
1465331,2024-09-24T16:58:05.005955Z,2024-09-24,en-US,email-and-messaging,thunderbird;email-and-messaging;,kittyspaw,How do I go back to the old layout of my screen so I can see it all on screen (not little icons to the side),https://support.mozilla.org/questions/1465331,,,,,,,,,,0,false,,False,
1465332,2024-09-24T17:09:47.111474Z,2024-09-24,en-US,email-and-messaging,thunderbird;email-and-messaging;,ianchurchward,"""Unable to write the email to the mailbox""  (Suddenly just happened unable to receive E-mails V115.15.0)",https://support.mozilla.org/questions/1465332,,,,,,,,,,1,true,74.83,False,
1465334,2024-09-24T17:25:20.697173Z,2024-09-24,en-US,email-and-messaging,thunderbird;email-and-messaging;,Coffee_Lover,When I click on an email Thudirbird randomly opens it in a new screen. How do I stop this?,https://support.mozilla.org/questions/1465334,,,,,,,,,,0,false,,False,
1465339,2024-09-24T17:44:08.895428Z,2024-09-24,en-US,email-and-messaging,thunderbird;email-and-messaging;,erics1,All addresses in all address books have disappeared. Can I recover them?,https://support.mozilla.org/questions/1465339,,,,,,,,,,1,false,,False,
1465341,2024-09-24T17:56:15.034507Z,2024-09-24,pt-BR,email-and-messaging,thunderbird;email-and-messaging;,poraolan,Atualização para autenticar conta Outlook,https://support.mozilla.org/questions/1465341,,,,,,m:microsoftemail,,,,0,false,,False,
1465342,2024-09-24T18:08:48.248614Z,2024-09-24,en-US,accounts,thunderbird;accounts;,lenski,Thunderbird asks me to authenticate an already deleted account,https://support.mozilla.org/questions/1465342,,,,,,,,proto:smtp,,3,true,0.24,True,lenski
1465347,2024-09-24T18:20:53.781658Z,2024-09-24,en-US,email-and-messaging,thunderbird;email-and-messaging;,MarkinIdaho,Notification duration set to 1 second but last for 3 seconds or more,https://support.mozilla.org/questions/1465347,,,,,,,,,,0,false,,False,
1465350,2024-09-24T18:40:01.977350Z,2024-09-24,en-US,performance-and-connectivity,thunderbird;performance-and-connectivity;,danielstrms766,"Gmail sign in / oauth process ends in ""Error 400""",https://support.mozilla.org/questions/1465350,os:windows,,,,,m:gmail,,proto:imap;proto:smtp;proto:oauth,,4,true,79.39,True,danielstrms766
1465352,2024-09-24T18:54:01.807480Z,2024-09-24,en-US,settings,thunderbird;settings;,ecseaberg,"Version 128.2.3esr    ""Confirm on delete"" is not functioning any more",https://support.mozilla.org/questions/1465352,,,,,,,,,,2,true,1.38,True,davidsk
1465355,2024-09-24T19:10:28.483944Z,2024-09-24,en-US,settings,thunderbird;settings;,phildiamo,Help needed on some Thunderbird settings in version 128.2.3esr,https://support.mozilla.org/questions/1465355,,,,,,,,,,0,false,,False,
1465356,2024-09-24T19:11:50.473219Z,2024-09-24,en-US,settings,thunderbird;settings;,user197636844344378332826565498905648576356,Don't ask me again,https://support.mozilla.org/questions/1465356,,,,,,,,,,0,false,,False,
1465361,2024-09-24T20:07:39.360919Z,2024-09-24,en-US,performance-and-connectivity,thunderbird;performance-and-connectivity;,GDS1,Cannot receive email: connection to pop.mindspring.com was reset,https://support.mozilla.org/questions/1465361,,,,,,,,proto:pop,,0,false,,False,
1465365,2024-09-24T20:58:12.381287Z,2024-09-24,en-US,email-and-messaging,thunderbird;email-and-messaging;,JimC0738,2nd two gmail accounts set up in Thunderbird can't receive mail,https://support.mozilla.org/questions/1465365,,,,,,m:gmail;m:microsoftemail,isp:spectrum,,,0,false,,False,
1465368,2024-09-24T21:20:47.057292Z,2024-09-24,en-US,email-and-messaging,thunderbird;email-and-messaging;,JCUZ,Thunderbird is displaying all messages without interpreting HTML,https://support.mozilla.org/questions/1465368,,,,,,,,,,2,false,,True,JCUZ
1465371,2024-09-24T21:37:46.347394Z,2024-09-24,en-US,email-and-messaging,thunderbird;email-and-messaging;,gnye307,Thunderbird emails show empty no content squares,https://support.mozilla.org/questions/1465371,,,,,,,,,,0,false,,False,
1465372,2024-09-24T21:41:33.557471Z,2024-09-24,en-US,settings,thunderbird;settings;,eskayincfl,exporting my calendar to Google Calendar,https://support.mozilla.org/questions/1465372,,,,,,,,,,0,false,,False,
1465373,2024-09-24T21:49:34.224962Z,2024-09-24,en-US,email-and-messaging,thunderbird;email-and-messaging;,nyle1,SENT emails,https://support.mozilla.org/questions/1465373,,,,,,,,,,0,false,,False,
1465375,2024-09-24T22:15:20.334205Z,2024-09-24,en-US,email-and-messaging,thunderbird;email-and-messaging;,grcalvert,Cannot send messages with Thunderbird but can receive messages after upgrading to a Mac Studio,https://support.mozilla.org/questions/1465375,,,,,,m:gmail,,proto:smtp,,1,true,2.63,False,
1465380,2024-09-24T22:55:27.398570Z,2024-09-24,en-US,installation-and-updates,thunderbird;installation-and-updates;,lanceplawson,Searching past appointments,https://support.mozilla.org/questions/1465380,,,,,,,,,,0,false,,False,
1465381,2024-09-24T23:04:58.065975Z,2024-09-24,en-US,settings,thunderbird;settings;,micmickey2m2,hey hhhhhhhhhhhhhhhhhhhhhhhhhhhhhhhhhhhhhhhhhhhhhhhh,https://support.mozilla.org/questions/1465381,,,,,,,,,,0,false,,False,
1465384,2024-09-24T23:18:54.666739Z,2024-09-24,en-US,email-and-messaging,thunderbird;email-and-messaging;,peteretondo,Thunderbird,https://support.mozilla.org/questions/1465384,,,,,,,,,,0,false,,False,
1465385,2024-09-25T00:05:41.020278Z,2024-09-25,en-US,settings,thunderbird;settings;,dpace4114,Hotmail does not send,https://support.mozilla.org/questions/1465385,,,,,,m:microsoftemail,,,,0,false,,False,
1465389,2024-09-25T00:35:58.921253Z,2024-09-25,en-US,email-and-messaging,thunderbird;email-and-messaging;,jessemcclure2,Thunderbird e-mail,https://support.mozilla.org/questions/1465389,,,,,,,,,,1,true,11.07,False,
1465390,2024-09-25T00:59:27.866282Z,2024-09-25,en-US,email-and-messaging,thunderbird;email-and-messaging;,shushant.goel,Email configuration !!!!!,https://support.mozilla.org/questions/1465390,,,,,,,,,,0,false,,False,
1465391,2024-09-25T01:06:45.080515Z,2024-09-25,en-US,email-and-messaging,thunderbird;email-and-messaging;,shushant.goel,Disable feature !!!!,https://support.mozilla.org/questions/1465391,,,,,,m:gmail,,,,2,true,14.12,False,
1465392,2024-09-25T01:12:23.489129Z,2024-09-25,en-US,email-and-messaging,thunderbird;email-and-messaging;,neraklrae,TB Freezing when trying to delete older messages in Trash,https://support.mozilla.org/questions/1465392,,,,,,,,,,2,true,10.46,False,
1465405,2024-09-25T04:22:41.323395Z,2024-09-25,en-US,email-and-messaging,thunderbird;email-and-messaging;,ccbamatx,Thunderbird Not Working with Microsoft 365 Server on New Windows 11 Install,https://support.mozilla.org/questions/1465405,os:windows,,,,,m:microsoftemail,,proto:imap,,2,true,7.38,False,
1465408,2024-09-25T05:35:05.890637Z,2024-09-25,en-US,email-and-messaging,thunderbird;email-and-messaging;,rclloyd,Problems with latest Thunderbird version,https://support.mozilla.org/questions/1465408,,,,,,,,,,7,true,6.06,False,
1465409,2024-09-25T05:59:25.618407Z,2024-09-25,en-US,email-and-messaging,thunderbird;email-and-messaging;,mstoltiii,Search bar,https://support.mozilla.org/questions/1465409,,,,,,,,,,2,true,3.03,False,
1465410,2024-09-25T06:08:08.117126Z,2024-09-25,en-US,installation-and-updates,thunderbird;installation-and-updates;,southern-boy,How do I roll back Thunderbird 115.15 to a version that works?,https://support.mozilla.org/questions/1465410,os:windows,,,,,,,,,1,true,2.72,False,
1465413,2024-09-25T07:30:27.955313Z,2024-09-25,en-US,email-and-messaging,thunderbird;email-and-messaging;,sync56,emails not displayed in message list,https://support.mozilla.org/questions/1465413,os:linux,,,,,,,proto:imap,,22,true,4.94,False,
1465414,2024-09-25T07:34:06.062938Z,2024-09-25,en-US,email-and-messaging,thunderbird;email-and-messaging;,info11917,"When downloading emails, several different senders message reads --_004_DU0PR10MB67267455291B4B7E77194229971FADU0PR10MB6",https://support.mozilla.org/questions/1465414,,,,,,,,,,1,true,1.24,False,
1465420,2024-09-25T08:35:55.404070Z,2024-09-25,en-US,passwords-and-sign-in,thunderbird;passwords-and-sign-in;,vendocasaspotorno,password mail recovery,https://support.mozilla.org/questions/1465420,,,,,,,,,,1,true,0.16,False,
1465424,2024-09-25T08:58:41.055137Z,2024-09-25,it,email-and-messaging,thunderbird;needsinfo;email-and-messaging;,deborah.pascale,Ho perso tutte le mail inviate,https://support.mozilla.org/questions/1465424,,,,,,,,,,1,true,5.19,False,
1465426,2024-09-25T09:06:04.712760Z,2024-09-25,it,passwords-and-sign-in,thunderbird;passwords-and-sign-in;,info11918,RICHIESTA RIPETUTA DELLE PASSWORD DEGLI ACCOUNT,https://support.mozilla.org/questions/1465426,,,,,,,,,,4,true,5.08,False,
1465427,2024-09-25T09:06:22.173389Z,2024-09-25,en-US,passwords-and-sign-in,thunderbird;passwords-and-sign-in;,patrick.guerisse,No more access to Thunderbird after changing my Google password,https://support.mozilla.org/questions/1465427,,,,,,m:gmail,,proto:imap,,7,true,7.03,False,
1465428,2024-09-25T09:08:46.174136Z,2024-09-25,it,email-and-messaging,thunderbird;email-and-messaging;,davethesnake,Finestra nuovo messaggio non disponibile,https://support.mozilla.org/questions/1465428,os:linux,,,,,,,,,5,true,5.07,False,
1465430,2024-09-25T09:31:00.917845Z,2024-09-25,en-US,email-and-messaging,thunderbird;email-and-messaging;,jpbiber,mozilla thunderbird suddenly stopped downloading my mails from the server. I can still send mails.,https://support.mozilla.org/questions/1465430,,,,,,,,,,3,true,2.12,False,
1465431,2024-09-25T09:31:36.458329Z,2024-09-25,en-US,installation-and-updates,thunderbird;installation-and-updates;,shrdlu.junction,Thundebird on Windows 10 vs K-9 on Android,https://support.mozilla.org/questions/1465431,os:windows,,,,,m:gmail,,,,0,false,,False,
1465437,2024-09-25T10:00:43.640975Z,2024-09-25,nl,passwords-and-sign-in,thunderbird;passwords-and-sign-in;,hansvanhattum.hvh,Aanmelden bij server outlook.office365.com met gebruikersnaam is mislukt.,https://support.mozilla.org/questions/1465437,,,,,,m:microsoftemail,,,,1,true,1.24,False,
1465438,2024-09-25T10:23:11.292037Z,2024-09-25,en-US,email-and-messaging,thunderbird;email-and-messaging;,ad.ronald65,Outgoing e mail failure,https://support.mozilla.org/questions/1465438,,,,,,,,proto:oauth,,0,false,,False,
1465445,2024-09-25T11:27:24.173061Z,2024-09-25,en-US,accounts,thunderbird;accounts;,richard_tunley,"New user, no events in calendar",https://support.mozilla.org/questions/1465445,,,,,,m:microsoftemail,,,,0,false,,False,
1465448,2024-09-25T11:45:05.164397Z,2024-09-25,en-US,settings,thunderbird;settings;,moritz.raguschat,"Hide the ""go offline"" button",https://support.mozilla.org/questions/1465448,os:linux,,,,,,,,,4,true,1.53,False,
1465453,2024-09-25T12:27:36.024730Z,2024-09-25,en-US,email-and-messaging,thunderbird;email-and-messaging;,net2box,encrypted emails,https://support.mozilla.org/questions/1465453,,,,,,,isp:orange,,,0,false,,False,
1465457,2024-09-25T12:55:39.362999Z,2024-09-25,en-US,email-and-messaging,thunderbird;email-and-messaging;,andy282,"""From "" delimiter info in mbox file is stripped when moving email from one folder to another",https://support.mozilla.org/questions/1465457,,,,,,m:microsoftemail,,proto:imap,,5,true,1.79,True,davidsk
1465459,2024-09-25T12:59:56.019226Z,2024-09-25,en-US,email-and-messaging,thunderbird;email-and-messaging;,lusodana,deleted mails,https://support.mozilla.org/questions/1465459,,,,,,,,,,0,false,,False,
1465464,2024-09-25T13:23:57.099030Z,2024-09-25,es,email-and-messaging,thunderbird;email-and-messaging;,jgarcia1,Thunderbird recibe los mensajes codificados y no se entiende qué pone,https://support.mozilla.org/questions/1465464,,,,,,m:gmail,,,,0,false,,False,
1465466,2024-09-25T13:31:17.329926Z,2024-09-25,en-US,email-and-messaging,thunderbird;email-and-messaging;,anthony.durham,One email poisons its neighbours,https://support.mozilla.org/questions/1465466,,,,,,,,,,0,false,,False,
1465467,2024-09-25T13:36:41.852349Z,2024-09-25,nl,email-and-messaging,thunderbird;email-and-messaging;,pleeuwis58,outlook,https://support.mozilla.org/questions/1465467,,,,,,m:microsoftemail,,,,1,true,0.07,False,
1465468,2024-09-25T13:38:52.589829Z,2024-09-25,en-US,email-and-messaging,thunderbird;email-and-messaging;,deborah32,Setting up email settings,https://support.mozilla.org/questions/1465468,,,,,,,,,,1,true,1.54,False,
1465473,2024-09-25T14:06:07.098472Z,2024-09-25,en-US,email-and-messaging,thunderbird;email-and-messaging;,stelaw49,Attachment being added to my emails received,https://support.mozilla.org/questions/1465473,,,,,,m:gmail,,,,0,false,,False,
1465475,2024-09-25T14:17:30.402737Z,2024-09-25,en-US,email-and-messaging,thunderbird;email-and-messaging;,mvpatl,"Suddenly, cannot download messages from my Earthlink account.",https://support.mozilla.org/questions/1465475,os:macos,,macos:sequoia,,,m:gmail,,,,0,false,,False,
1465479,2024-09-25T14:40:57.686059Z,2024-09-25,en-US,passwords-and-sign-in,thunderbird;passwords-and-sign-in;,kennethalves,I have no save password in password manager in Thunderbird,https://support.mozilla.org/questions/1465479,,,,,,,,,,0,false,,False,
1465483,2024-09-25T14:53:18.394391Z,2024-09-25,en-US,email-and-messaging,thunderbird;email-and-messaging;,tchanson,"Message pane now displays ""To"", ""Reply to"", other fields after v128 update",https://support.mozilla.org/questions/1465483,,,,,,,,,,0,false,,False,
1465485,2024-09-25T15:00:03.792691Z,2024-09-25,pt-BR,email-and-messaging,thunderbird;email-and-messaging;,pessoal6,CONFIGURAÇÃO,https://support.mozilla.org/questions/1465485,,,,,,,,,,0,false,,False,
1465496,2024-09-25T15:27:37.375474Z,2024-09-25,en-US,email-and-messaging,thunderbird;email-and-messaging;,peden51a,Thunderbird email messages,https://support.mozilla.org/questions/1465496,,,,,,,,,,2,true,1.21,False,
1465497,2024-09-25T15:32:22.782840Z,2024-09-25,en-US,passwords-and-sign-in,thunderbird;passwords-and-sign-in;,ellison97,passwords,https://support.mozilla.org/questions/1465497,,,,,,m:microsoftemail,,proto:pop,,4,true,0.14,False,
1465501,2024-09-25T15:57:35.435190Z,2024-09-25,en-US,performance-and-connectivity,thunderbird;performance-and-connectivity;,kensolobrown,Thunderbird slow to open on MacOS 14.7,https://support.mozilla.org/questions/1465501,os:macos,,macos:sequoia;macos:sonoma;macos:monterey,,,,,,,3,true,80.53,False,
1465502,2024-09-25T16:00:44.170736Z,2024-09-25,en-US,email-and-messaging,thunderbird;email-and-messaging;,jay55pea55,Changing the order of Thunderbird email addresses - is it possible?,https://support.mozilla.org/questions/1465502,,,,,,,,,,3,true,0.03,False,
1465504,2024-09-25T16:03:49.042566Z,2024-09-25,it,accounts,thunderbird;accounts;,nikkk,collegare account hotmail a Thunderbird vers 68.12.0,https://support.mozilla.org/questions/1465504,,,,,,m:microsoftemail,,,,4,true,0.28,True,'@next
1465509,2024-09-25T16:25:07.340812Z,2024-09-25,en-US,account-management,firefox;firefox-1300;passwords-and-sign-in;firefox-13001;,jerico46,How to use and save same password for six email accounts with same ISP,https://support.mozilla.org/questions/1465509,os:other,Widows 10,,,,,,,,1,true,3.93,False,
1465510,2024-09-25T16:30:10.318821Z,2024-09-25,en-US,installation-and-updates,thunderbird;installation-and-updates;,dshoemann,Reinstall Thunderbird software after Mac upgrade,https://support.mozilla.org/questions/1465510,,,,,,,,,,2,true,0.08,False,
1465511,2024-09-25T16:37:26.523178Z,2024-09-25,en-US,performance-and-connectivity,thunderbird;performance-and-connectivity;,rdscpa,Recent T-Bird update is blocking another program I use,https://support.mozilla.org/questions/1465511,,,,,,,,,,3,true,3.68,False,
1465512,2024-09-25T16:43:16.055353Z,2024-09-25,en-US,email-and-messaging,thunderbird;email-and-messaging;,thpfi,Restore emails from an modified profile,https://support.mozilla.org/questions/1465512,os:linux,,,,,,,,,2,true,3.43,False,
1465513,2024-09-25T16:43:16.742239Z,2024-09-25,en-US,email-and-messaging,thunderbird;email-and-messaging;,MrYossu,"TB shows ""No messages"" after archiving, even though there are",https://support.mozilla.org/questions/1465513,os:windows,,,,,,,,,1,false,,False,
1465514,2024-09-25T16:55:24.282521Z,2024-09-25,en-US,email-and-messaging,thunderbird;email-and-messaging;,customerservice20,Blank Emails,https://support.mozilla.org/questions/1465514,,,,,,,,,,5,true,65.78,False,
1465515,2024-09-25T16:58:22.906242Z,2024-09-25,en-US,email-and-messaging,thunderbird;email-and-messaging;,wilbur46,smtp message,https://support.mozilla.org/questions/1465515,,,,,,,,proto:smtp,,9,true,3.12,False,
1465516,2024-09-25T17:10:34.413767Z,2024-09-25,en-US,accounts,thunderbird;accounts;,ricon_whild,Recovery of My Account and Professional Emails,https://support.mozilla.org/questions/1465516,,,,,,,,proto:pop,,2,true,2.89,False,
1465521,2024-09-25T17:39:24.491834Z,2024-09-25,en-US,accounts,thunderbird;accounts;,CoolJavelin,Cannot add account th T-Bird V115 (Win7),https://support.mozilla.org/questions/1465521,os:windows,,,,,,isp:comcast,proto:imap;proto:oauth,,5,true,65.0,True,MattAuSupport
1465525,2024-09-25T17:56:09.324100Z,2024-09-25,en-US,email-and-messaging,thunderbird;email-and-messaging;,lsandefer,"I have a privateemail account, I changed the password and now i can not get thunderbird to accept it, I get a message th",https://support.mozilla.org/questions/1465525,,,,,,m:gmail,,,,1,true,1.96,False,
1465534,2024-09-25T19:06:11.120921Z,2024-09-25,en-US,email-and-messaging,thunderbird;email-and-messaging;,JonathanWexler,MBOX folders getting subjected to unnecesary and failing compaction,https://support.mozilla.org/questions/1465534,,,,,,,,,,3,true,0.76,False,
1465538,2024-09-25T19:17:15.273482Z,2024-09-25,en-US,performance-and-connectivity,thunderbird;performance-and-connectivity;,NZ,Blank page,https://support.mozilla.org/questions/1465538,,,,,,,,,,1,true,63.2,False,
1465539,2024-09-25T20:21:09.198585Z,2024-09-25,en-US,performance-and-connectivity,thunderbird;performance-and-connectivity;,dataman45,Printing Calendar events,https://support.mozilla.org/questions/1465539,os:windows,,,,,,,,,0,false,,False,
1465545,2024-09-25T20:44:18.631570Z,2024-09-25,en-US,settings,thunderbird;settings;,itservices,Calendar window upper toolbar to synchronize etc,https://support.mozilla.org/questions/1465545,,,,,,,,,,1,true,3.49,True,sfhowes
1465547,2024-09-25T20:57:19.221916Z,2024-09-25,en-US,performance-and-connectivity,thunderbird;performance-and-connectivity;,lowellmorton,My inbox has become corrupted,https://support.mozilla.org/questions/1465547,,,,,,,,,,1,true,7.56,False,
1465548,2024-09-25T20:59:35.747933Z,2024-09-25,en-US,performance-and-connectivity,thunderbird;performance-and-connectivity;,bittersweet47,Thunderbird gobbles up too much memory!  42GB,https://support.mozilla.org/questions/1465548,,,,,,,,,,13,true,0.07,False,
1465555,2024-09-25T22:07:47.162649Z,2024-09-25,en-US,email-and-messaging,thunderbird;email-and-messaging;,dinosaur.t-rex,"CAN NOT LOGIN TO MY ""LIVE.COM.AU"" EMAIL ACCOUNT",https://support.mozilla.org/questions/1465555,,,,,,m:gmail;m:microsoftemail,,proto:imap;proto:pop,,1,true,2.7,False,
1465557,2024-09-25T22:34:25.316291Z,2024-09-25,en-US,email-and-messaging,thunderbird;email-and-messaging;,lsmith1512,Sending messages.,https://support.mozilla.org/questions/1465557,,,,,,m:microsoftemail,,,,0,false,,False,
1465560,2024-09-25T22:46:23.224216Z,2024-09-25,it,settings,thunderbird;settings;,ambrosioalberto,Thanderbird non si avvi (Bloccato),https://support.mozilla.org/questions/1465560,os:windows,,,,,m:gmail,,,,1,true,7.14,False,
1465561,2024-09-25T22:53:37.481552Z,2024-09-25,en-US,email-and-messaging,thunderbird;email-and-messaging;,jimdale388,email not loading,https://support.mozilla.org/questions/1465561,,,,,,m:gmail,isp:windstream,,,0,false,,False,
1465563,2024-09-25T23:46:42.523931Z,2024-09-25,en-US,email-and-messaging,thunderbird;email-and-messaging;,adelphiaUK,Replying to an email incorrectly populates the TO and FROM fields,https://support.mozilla.org/questions/1465563,,,,,,m:microsoftemail,,,,5,true,61.6,False,
1465564,2024-09-25T23:52:07.130804Z,2024-09-25,en-US,installation-and-updates,thunderbird;installation-and-updates;,dnj2,128.2.3esr (64 bit) Update Problem,https://support.mozilla.org/questions/1465564,os:windows,,,,,,,,,1,true,72.68,False,
1465569,2024-09-26T00:27:51.236801Z,2024-09-26,en-US,accounts,thunderbird;accounts;,JE-ART,Finding an Email Only Host,https://support.mozilla.org/questions/1465569,,,,,,,,,,8,true,15.04,False,
1465571,2024-09-26T00:41:51.237360Z,2024-09-26,en-US,email-and-messaging,thunderbird;email-and-messaging;,ruthfarnsworth1,receiving email,https://support.mozilla.org/questions/1465571,,,,,,,,,,1,true,13.94,False,
1465572,2024-09-26T02:14:40.858185Z,2024-09-26,en-US,email-and-messaging,thunderbird;email-and-messaging;,161052ptn,cant send emails,https://support.mozilla.org/questions/1465572,,,,,,,,,,1,true,2.18,False,
1465575,2024-09-26T03:13:04.529287Z,2024-09-26,en-US,installation-and-updates,thunderbird;installation-and-updates;,scorpio45,"ver 128 won't load because my laptop isn't compatable, Can I get an earlier version as a retro re-install?",https://support.mozilla.org/questions/1465575,os:windows,,,,,m:microsoftemail,,,,1,true,0.11,False,
1465577,2024-09-26T04:03:35.885058Z,2024-09-26,en-US,passwords-and-sign-in,thunderbird;needsinfo;passwords-and-sign-in;,kathymiked,password for Thunderbird,https://support.mozilla.org/questions/1465577,,,,,,,,,,1,true,10.22,False,
1465578,2024-09-26T04:03:44.733923Z,2024-09-26,en-US,email-and-messaging,thunderbird;email-and-messaging;,prichett,Where did my emails go?,https://support.mozilla.org/questions/1465578,,,,,,,,,,0,false,,False,
1465580,2024-09-26T04:29:42.360902Z,2024-09-26,en-US,email-and-messaging,thunderbird;email-and-messaging;,elsoft.finance,Couldn't send email one or more recipients,https://support.mozilla.org/questions/1465580,,,,,,,,,,0,false,,False,
1465581,2024-09-26T04:55:24.590211Z,2024-09-26,en-US,email-and-messaging,thunderbird;email-and-messaging;,peteretondo,"Delay between ""deletes""",https://support.mozilla.org/questions/1465581,,,,,,m:gmail,,,av:kaspersky,0,false,,False,
1465582,2024-09-26T05:25:28.253602Z,2024-09-26,es,accounts,thunderbird;needsinfo;accounts;,luiso.rguez.odz,Alta en Thunderbird de mi cuenta Mailfence,https://support.mozilla.org/questions/1465582,,,,,,m:mailfence,,,,2,true,90.61,False,
1465589,2024-09-26T06:40:58.017922Z,2024-09-26,it,email-and-messaging,thunderbird;email-and-messaging;,casellinox,Aggiornamento del 25/26 settembre,https://support.mozilla.org/questions/1465589,,,,,,,,,,1,true,0.3,False,
1465594,2024-09-26T07:16:46.106014Z,2024-09-26,sl,accounts,thunderbird;accounts;,panmeri,InvalidParameter id,https://support.mozilla.org/questions/1465594,os:linux,,,,,,,,,0,false,,False,
1465595,2024-09-26T07:30:46.506705Z,2024-09-26,en-US,email-and-messaging,thunderbird;email-and-messaging;,info11920,thunderbird after update very slow (win10),https://support.mozilla.org/questions/1465595,os:windows,,,,,,,,,1,true,20.08,False,
1465596,2024-09-26T07:43:34.763158Z,2024-09-26,it,email-and-messaging,thunderbird;email-and-messaging;,castaldia,Creazione inbox automatica quando tento di eliminare un messaggio,https://support.mozilla.org/questions/1465596,,,,,,,,,,1,true,6.94,False,
1465598,2024-09-26T07:56:48.568633Z,2024-09-26,it,performance-and-connectivity,thunderbird;performance-and-connectivity;,federicab4,Spostare gli archivi in un supporto esterno,https://support.mozilla.org/questions/1465598,,,,,,,,,,1,true,0.92,False,
1465600,2024-09-26T08:18:23.860130Z,2024-09-26,en-US,email-and-messaging,thunderbird;email-and-messaging;,colinfinbow,"Thunderbird, outlook and win7 ?",https://support.mozilla.org/questions/1465600,os:windows,,,,,m:microsoftemail,,proto:oauth,,21,true,0.33,False,
1465601,2024-09-26T08:24:54.622662Z,2024-09-26,it,email-and-messaging,thunderbird;email-and-messaging;,lucavannucchi1968,Accesso al server imap-mail.outlook.com con nome utente ___________@hotmail.com non riuscito.,https://support.mozilla.org/questions/1465601,,,,,,m:microsoftemail,,proto:imap,,1,true,0.41,False,
1465606,2024-09-26T08:33:42.489131Z,2024-09-26,en-US,email-and-messaging,thunderbird;email-and-messaging;,kapustakrzysztof93,"Thunderbird sam tworzy foldery Inbox, Inbox-2, Inbox-3...",https://support.mozilla.org/questions/1465606,,,,,,,,,,1,true,5.47,False,
1465608,2024-09-26T08:40:38.143876Z,2024-09-26,en-US,email-and-messaging,thunderbird;email-and-messaging;,mariusz.koral,Stare wiadomości email,https://support.mozilla.org/questions/1465608,,,,,,,,,,0,false,,False,
1465609,2024-09-26T08:51:40.147948Z,2024-09-26,it,passwords-and-sign-in,thunderbird;passwords-and-sign-in;,filippo.passeri,SMTP AUTENTICAZIONE MODERNA NON PRESENTE,https://support.mozilla.org/questions/1465609,,,,,,m:microsoftemail,,proto:smtp;proto:pop,,4,true,0.07,True,'@next
1465611,2024-09-26T09:01:14.004862Z,2024-09-26,en-US,email-and-messaging,thunderbird;email-and-messaging;,renown029,backup directory not up to date,https://support.mozilla.org/questions/1465611,os:linux,,,,,,,,,0,false,,False,
1465613,2024-09-26T09:10:58.956789Z,2024-09-26,nl,passwords-and-sign-in,thunderbird;passwords-and-sign-in;,g-daymate1,steeds vraag om wachtwoorden,https://support.mozilla.org/questions/1465613,,,,,,,,,,1,true,2.3,False,
1465617,2024-09-26T09:56:02.137009Z,2024-09-26,en-US,passwords-and-sign-in,thunderbird;passwords-and-sign-in;,dmsmaia,Thunderbird,https://support.mozilla.org/questions/1465617,,,,,,,,,,0,false,,False,
1465619,2024-09-26T10:11:42.027780Z,2024-09-26,en-US,email-and-messaging,thunderbird;email-and-messaging;,Ebarbour@antonius,Problem Thunderbird snding,https://support.mozilla.org/questions/1465619,,,,,,,,,,1,true,40.67,False,
1465620,2024-09-26T10:14:42.174580Z,2024-09-26,it,email-and-messaging,thunderbird;needsinfo;email-and-messaging;,geometrafiorenzo,invio mail lento,https://support.mozilla.org/questions/1465620,,,,,,,,,,1,true,4.29,False,
1465622,2024-09-26T10:37:33.294212Z,2024-09-26,en-US,email-and-messaging,thunderbird;email-and-messaging;,johan84,Unreadable emails...,https://support.mozilla.org/questions/1465622,,,,,,,,,,3,true,1.45,False,
1465623,2024-09-26T10:50:26.167928Z,2024-09-26,it,email-and-messaging,thunderbird;needsinfo;email-and-messaging;,giorgi.marco,Funzionamento di Thunderbird con hotmail.it,https://support.mozilla.org/questions/1465623,,,,,,m:microsoftemail,,proto:smtp,,1,true,0.19,False,
1465626,2024-09-26T11:23:13.775400Z,2024-09-26,en-US,email-and-messaging,thunderbird;email-and-messaging;,steveenfj,mail accounts disconnected,https://support.mozilla.org/questions/1465626,,,,,,,,,,1,true,3.98,False,
1465627,2024-09-26T11:23:19.495625Z,2024-09-26,en-US,email-and-messaging,thunderbird;email-and-messaging;,Toby20,Attachements not downloading,https://support.mozilla.org/questions/1465627,,,,,,,,,,1,true,39.46,False,
1465628,2024-09-26T11:23:27.267426Z,2024-09-26,en-US,email-and-messaging,thunderbird;smtp;tbmsoauth2;email-and-messaging;,david854,SMTP/Sending Emails just stopped working,https://support.mozilla.org/questions/1465628,,,,,,m:gmail;m:microsoftemail,,proto:smtp;proto:oauth,,23,true,0.55,True,Toad-Hall
1465635,2024-09-26T12:15:06.577904Z,2024-09-26,it,email-and-messaging,thunderbird;email-and-messaging;,alberto.patane,personalizzare l'intestazione dei messaggi - nebula 128.2.3,https://support.mozilla.org/questions/1465635,,,,,,,,,,5,true,2.23,True,alberto.patane
1465636,2024-09-26T12:15:39.014653Z,2024-09-26,en-US,privacy-and-security,thunderbird;privacy-and-security_1;,andymalcolm.tennis,Changing to Oauth2 for Hotmail account - now unable to receive new emails (but can send),https://support.mozilla.org/questions/1465636,,,,,,m:gmail;m:microsoftemail,,proto:oauth,,2,true,0.98,False,
1465638,2024-09-26T12:20:52.008771Z,2024-09-26,cs,settings,thunderbird;settings;,vaclav.vicha,dotaz na hledání události v kalendáři,https://support.mozilla.org/questions/1465638,,,,,,,,,,0,false,,False,
1465639,2024-09-26T12:25:10.958190Z,2024-09-26,en-US,email-and-messaging,thunderbird;email-and-messaging;,MilusC1,"Emails with no readable content, only machine language",https://support.mozilla.org/questions/1465639,,,,,,,,,,3,true,1.57,True,davidsk
1465642,2024-09-26T12:38:01.069222Z,2024-09-26,en-US,email-and-messaging,thunderbird;email-and-messaging;,andrewgrove1,Calendar greyed out,https://support.mozilla.org/questions/1465642,,,,,,,,,,0,false,,False,
1465648,2024-09-26T13:26:10.056803Z,2024-09-26,tr,email-and-messaging,thunderbird;email-and-messaging;,selda.akbaba,PC mailler gelmiyor,https://support.mozilla.org/questions/1465648,,,,,,,,,,1,true,2.63,False,
1465651,2024-09-26T14:00:01.508513Z,2024-09-26,en-US,email-and-messaging,thunderbird;email-and-messaging;,anita40,Multiple inboxes and trash folders,https://support.mozilla.org/questions/1465651,,,,,,,,,,0,false,,False,
1465652,2024-09-26T14:07:36.081490Z,2024-09-26,en-US,passwords-and-sign-in,thunderbird;tbmsoauth2;passwords-and-sign-in;,User9119,smtp.office365.com with OAuth2 does not work,https://support.mozilla.org/questions/1465652,,,,,,m:microsoftemail,,proto:smtp;proto:oauth,,20,true,1.28,True,Toad-Hall
1465655,2024-09-26T14:16:59.920376Z,2024-09-26,nl,email-and-messaging,thunderbird;email-and-messaging;,flint73,Comprimeren email verwijderd inhoud berichten,https://support.mozilla.org/questions/1465655,,,,,,,,,,1,true,42.17,False,
1465657,2024-09-26T14:29:26.452723Z,2024-09-26,en-US,email-and-messaging,thunderbird;email-and-messaging;,cynthiapaulikot,Gmail Inbox messages disappeared,https://support.mozilla.org/questions/1465657,,,,,,m:gmail,,proto:imap,,2,true,36.32,False,
1465658,2024-09-26T14:35:18.997469Z,2024-09-26,it,email-and-messaging,thunderbird;needsinfo;email-and-messaging;,manuel.scarton,Thunderbird non visualizza alcune mail,https://support.mozilla.org/questions/1465658,,,,,,m:gmail,,,,3,true,0.1,False,
1465659,2024-09-26T14:37:02.570741Z,2024-09-26,en-US,email-and-messaging,thunderbird;email-and-messaging;,marg6,Thunderbird freezes whenever I delete from Trash folder,https://support.mozilla.org/questions/1465659,,,,,,,,,,1,true,12.96,False,
1465660,2024-09-26T14:44:08.098310Z,2024-09-26,en-US,passwords-and-sign-in,thunderbird;passwords-and-sign-in;,amshotbox,"Trying to (re) add Gmail account ""Unable to login at server"" authorization error",https://support.mozilla.org/questions/1465660,,,,,,m:gmail,,,,14,true,0.55,True,amshotbox
1465664,2024-09-26T14:57:57.745173Z,2024-09-26,en-US,settings,thunderbird;settings;,theo24,Default window size when viewing/editing calendar events,https://support.mozilla.org/questions/1465664,,,,,,,,,,0,false,,False,
1465666,2024-09-26T15:07:42.517791Z,2024-09-26,en-US,passwords-and-sign-in,thunderbird;passwords-and-sign-in;,qwindowsanddoors2,email password,https://support.mozilla.org/questions/1465666,,,,,,,,,,1,true,0.2,False,
1465670,2024-09-26T15:29:22.095363Z,2024-09-26,it,email-and-messaging,thunderbird;needsinfo;email-and-messaging;,francesca.cruses,Come faccio a ripristinare le mail in arrivo?,https://support.mozilla.org/questions/1465670,,,,,,,,,,1,true,0.49,False,
1465672,2024-09-26T15:32:50.005727Z,2024-09-26,en-US,email-and-messaging,thunderbird;email-and-messaging;,TLRS,Accepting non-English characters as being part of words in personal dictionary,https://support.mozilla.org/questions/1465672,,,,,,,,,,4,true,2.1,False,
1465674,2024-09-26T15:35:10.788338Z,2024-09-26,it,email-and-messaging,thunderbird;email-and-messaging;,pctechgela,Malfunzionamento Thunderbird con hotmail,https://support.mozilla.org/questions/1465674,os:windows,,,,,m:microsoftemail,,proto:pop,,1,true,0.33,False,
1465679,2024-09-26T16:04:08.320445Z,2024-09-26,en-US,email-and-messaging,thunderbird;email-and-messaging;,243Pelham,email issue,https://support.mozilla.org/questions/1465679,,,,,,,,,,0,false,,False,
1465681,2024-09-26T16:17:08.454650Z,2024-09-26,en-US,settings,thunderbird;settings;,absentia8,OAuth2,https://support.mozilla.org/questions/1465681,,,,,,,,proto:smtp;proto:oauth,,1,true,0.93,False,
1465684,2024-09-26T16:25:27.283346Z,2024-09-26,en-US,email-and-messaging,thunderbird;email-and-messaging;,DennisJennings,In the new version 128 attached PDF files to unsent e-mails cannot be opened,https://support.mozilla.org/questions/1465684,,,,,,,,,,0,false,,False,
1465685,2024-09-26T16:26:49.318882Z,2024-09-26,en-US,passwords-and-sign-in,thunderbird;passwords-and-sign-in;,bw.extra,logon failure,https://support.mozilla.org/questions/1465685,,,,,,m:microsoftemail,,proto:pop,,4,true,41.94,True,christ1
1465689,2024-09-26T17:00:58.365226Z,2024-09-26,en-US,accounts,thunderbird;accounts;,chimera500,"Hi, I can't use one account in Thunderbird, it's an Outlook one, can I disable it in THunderbird so I keep the messages ",https://support.mozilla.org/questions/1465689,,,,,,m:microsoftemail,,,,1,true,0.97,False,
1465691,2024-09-26T17:10:36.033438Z,2024-09-26,en-US,passwords-and-sign-in,thunderbird;passwords-and-sign-in;,g-daymate1,TB asks me hole the time passwords.,https://support.mozilla.org/questions/1465691,,,,,,,,,,2,true,86.97,False,
1465692,2024-09-26T17:12:51.092262Z,2024-09-26,en-US,email-and-messaging,thunderbird;email-and-messaging;,diegodad,Unable to send email; SMTP error,https://support.mozilla.org/questions/1465692,,,,,,m:microsoftemail,isp:spectrum,proto:smtp,,5,true,0.89,True,davidsk
1465693,2024-09-26T17:13:21.530607Z,2024-09-26,en-US,email-and-messaging,thunderbird;email-and-messaging;,spennyforhire,Mysterious Thunderbird Errors,https://support.mozilla.org/questions/1465693,,,,,,,,proto:imap;proto:smtp,,8,true,41.13,False,
1465694,2024-09-26T17:30:54.098704Z,2024-09-26,en-US,installation-and-updates,thunderbird;installation-and-updates;,robin62,New Version buggy in Windows 10,https://support.mozilla.org/questions/1465694,os:windows,,,,,,,,,1,true,10.06,False,
1465695,2024-09-26T17:37:11.258654Z,2024-09-26,it,passwords-and-sign-in,thunderbird;passwords-and-sign-in;,war1975,problemi ricezione e invio email hotmail.it su thunderbird,https://support.mozilla.org/questions/1465695,,,,,,m:microsoftemail,,proto:smtp;proto:pop;proto:oauth,,1,true,0.27,False,
1465697,2024-09-26T17:54:30.065336Z,2024-09-26,en-US,email-and-messaging,thunderbird;email-and-messaging;,pb,remote use of thunderbird with pop3,https://support.mozilla.org/questions/1465697,,,,,,,,proto:imap;proto:pop,,8,true,0.15,False,
1465698,2024-09-26T17:54:35.782389Z,2024-09-26,en-US,settings,thunderbird;settings;,telrod11,Signature above quoted,https://support.mozilla.org/questions/1465698,,,,,,,,,,3,true,0.11,True,davidsk
1465704,2024-09-26T18:13:03.162723Z,2024-09-26,nl,email-and-messaging,thunderbird;email-and-messaging;,lucemielstoop,een oud e-mailadres laten verdwijnen met automatische antwoordservice voor een tijd.,https://support.mozilla.org/questions/1465704,,,,,,,,,,1,true,15.96,False,
1465707,2024-09-26T18:16:41.162554Z,2024-09-26,en-US,email-and-messaging,thunderbird;email-and-messaging;,phuggins,Can't send or reply to emails,https://support.mozilla.org/questions/1465707,,,,,,m:microsoftemail,isp:spectrum,,,1,true,0.03,False,
1465708,2024-09-26T18:19:48.165311Z,2024-09-26,en-US,email-and-messaging,thunderbird;email-and-messaging;,kevin269,Problem with Content in Emails not Showing,https://support.mozilla.org/questions/1465708,,,,,,,,,,1,true,20.78,False,
1465710,2024-09-26T18:25:07.647519Z,2024-09-26,es,email-and-messaging,thunderbird;email-and-messaging;,soporteJM,Error in message body,https://support.mozilla.org/questions/1465710,,,,,,,,,,1,true,88.01,False,
1465711,2024-09-26T18:26:16.205760Z,2024-09-26,en-US,performance-and-connectivity,thunderbird;performance-and-connectivity;,gotlibowy,Gmail Imap mailbox is huge!,https://support.mozilla.org/questions/1465711,,,,,,m:gmail,,proto:imap,,5,true,9.13,False,
1465718,2024-09-26T19:14:38.492518Z,2024-09-26,en-US,email-and-messaging,thunderbird;email-and-messaging;,johnnyray22,Why is Thunderbird so agonizingly slow and unresponsive after recent updates?,https://support.mozilla.org/questions/1465718,,,,,,,,,,6,true,8.29,False,
1465721,2024-09-26T19:38:08.219820Z,2024-09-26,en-US,settings,thunderbird;settings;,phildiamo,How do I Sync all my Thunderbird accounts & Unthread all folders,https://support.mozilla.org/questions/1465721,,,,,,,,,,11,true,19.21,False,
1465722,2024-09-26T19:48:52.846702Z,2024-09-26,en-US,email-and-messaging,thunderbird;email-and-messaging;,brian93,Email bodies missing when email is listed in the headers list before August 2024,https://support.mozilla.org/questions/1465722,os:windows,,,,,,,,av:kaspersky,2,true,19.28,False,
1465723,2024-09-26T19:50:34.524457Z,2024-09-26,en-US,email-and-messaging,thunderbird;email-and-messaging;,lzap,error message that won't permit email to be sent,https://support.mozilla.org/questions/1465723,,,,,,,,,,1,true,18.96,False,
1465724,2024-09-26T19:58:22.174022Z,2024-09-26,nl,email-and-messaging,thunderbird;email-and-messaging;,jo.geernaert,'Onzichtbare' E-mail berichten,https://support.mozilla.org/questions/1465724,,,,,,,,,,2,true,13.94,True,Mad_Maks
1465725,2024-09-26T20:18:42.894856Z,2024-09-26,en-US,email-and-messaging,thunderbird;email-and-messaging;,kepatka,Since update by Thunderbird I cannot use my SMTP outgoing emails a message keeps asking me to check the SSL Encryption I,https://support.mozilla.org/questions/1465725,,,,,,,isp:btinternet,proto:smtp,,1,true,18.48,False,
1465728,2024-09-26T20:57:44.617007Z,2024-09-26,pt-BR,email-and-messaging,thunderbird;email-and-messaging;,contato156,Alterar a conta padrão no Thunderbird,https://support.mozilla.org/questions/1465728,,,,,,,,,,1,false,,True,contato156
1465729,2024-09-26T21:11:03.665240Z,2024-09-26,en-US,email-and-messaging,thunderbird;email-and-messaging;,pedro.a.mauricio,unable to login to my microsoft outlook accout as from today,https://support.mozilla.org/questions/1465729,,,,,,m:microsoftemail,,,,1,true,17.58,False,
1465730,2024-09-26T21:12:07.047903Z,2024-09-26,en-US,email-and-messaging,thunderbird;email-and-messaging;,crispin007_6,"RELIEF FROM ATTACK @MOZILLA, THANK YOU !!!",https://support.mozilla.org/questions/1465730,,,,,,m:gmail;m:microsoftemail;m:yahooemail,,,,0,false,,False,
1465733,2024-09-26T21:41:28.559489Z,2024-09-26,nl,installation-and-updates,thunderbird;installation-and-updates;,harie,Instellingen Thunderbird,https://support.mozilla.org/questions/1465733,,,,,,,,,,3,true,34.89,False,
1465737,2024-09-26T21:56:11.921735Z,2024-09-26,en-US,email-and-messaging,thunderbird;email-and-messaging;,decamp6,Thunderbird requests for $,https://support.mozilla.org/questions/1465737,,,,,,,,,,6,true,0.07,False,
1465739,2024-09-26T22:09:03.624069Z,2024-09-26,en-US,email-and-messaging,thunderbird;email-and-messaging;,tony.perkins,Sending email gets address changed by outlook,https://support.mozilla.org/questions/1465739,os:linux,,,,,m:microsoftemail,,proto:smtp,,1,true,15.06,False,
1465741,2024-09-26T22:30:19.884384Z,2024-09-26,en-US,email-and-messaging,thunderbird;email-and-messaging;,flavoie1,Blank or garbage in email replied to (Sent folder),https://support.mozilla.org/questions/1465741,,,,,,,,,,2,true,15.16,False,
1465743,2024-09-26T22:31:47.631361Z,2024-09-26,en-US,email-and-messaging,thunderbird;email-and-messaging;,stitesww,(Not) adding Mailfence account to Thunderbird,https://support.mozilla.org/questions/1465743,,,,,,m:gmail;m:microsoftemail;m:mailfence,,proto:imap;proto:smtp,,1,true,14.88,True,Toad-Hall
1465744,2024-09-26T22:51:29.968607Z,2024-09-26,en-US,email-and-messaging,thunderbird;email-and-messaging;,tsweeney1,"""From"" value changed in list pane and preview pane after pulling from Gmail",https://support.mozilla.org/questions/1465744,,,,,,m:gmail,,proto:pop,,4,true,15.87,False,
1465745,2024-09-26T23:02:48.488178Z,2024-09-26,en-US,performance-and-connectivity,thunderbird;performance-and-connectivity;,BPaul_H,Calendar alerts freeze after VPN changes,https://support.mozilla.org/questions/1465745,os:windows,,,,,,,,,2,true,15.63,False,
1465748,2024-09-26T23:23:20.191980Z,2024-09-26,en-US,performance-and-connectivity,thunderbird;performance-and-connectivity;,coso.poha,Recent disfunctional changes to Thunderbird,https://support.mozilla.org/questions/1465748,,,,,,,,,,1,true,1.28,False,
1465749,2024-09-26T23:31:55.524227Z,2024-09-26,en-US,email-and-messaging,thunderbird;email-and-messaging;,jvm11,Thunderbird is slow to respond to ISP server and email messages have too much info added when I forward them.,https://support.mozilla.org/questions/1465749,,,,,,m:gmail;m:microsoftemail,isp:windstream,,,4,true,34.66,True,christ1
1465751,2024-09-26T23:59:39.230302Z,2024-09-26,en-US,installation-and-updates,thunderbird;installation-and-updates;,postaccount,"Thunderbird is already running, but is not responding. To use Thunderbird, you must first close the existing Thunderbird",https://support.mozilla.org/questions/1465751,,,,,,,,,,2,true,3.51,False,
1465754,2024-09-27T00:27:22.543816Z,2024-09-27,en-US,email-and-messaging,thunderbird;email-and-messaging;,brookswalker,Cannot login to my comcast email with Thunderbird.,https://support.mozilla.org/questions/1465754,,,,,,,isp:comcast,,av:norton,1,true,13.92,False,
1465756,2024-09-27T00:36:52.436803Z,2024-09-27,en-US,email-and-messaging,thunderbird;email-and-messaging;,bkoopers,What is RWH and 10s?,https://support.mozilla.org/questions/1465756,,,,,,,,,,3,true,0.09,True,bkoopers
1465758,2024-09-27T00:44:37.081196Z,2024-09-27,en-US,privacy-and-security,thunderbird;privacy-and-security_1;,cm782,Local folder recovery,https://support.mozilla.org/questions/1465758,,,,,,,,,,1,true,13.61,False,
1465760,2024-09-27T00:48:05.263338Z,2024-09-27,en-US,passwords-and-sign-in,thunderbird;passwords-and-sign-in;,CaliforniaCat310,I can't access my emails!!!,https://support.mozilla.org/questions/1465760,,,,,,,,,,4,true,13.36,True,wsmwk
1465771,2024-09-27T01:53:40.459202Z,2024-09-27,pt-BR,email-and-messaging,thunderbird;email-and-messaging;,advmamp,Importação de arquivo .dbx do Outlook express para Thunderbird,https://support.mozilla.org/questions/1465771,,,,,,m:microsoftemail,,,,0,false,,False,
1465779,2024-09-27T04:27:25.254168Z,2024-09-27,en-US,email-and-messaging,thunderbird;email-and-messaging;,list1,Deleting massive number of emails,https://support.mozilla.org/questions/1465779,,,,,,,,,,1,true,9.56,False,
1465785,2024-09-27T06:11:00.464965Z,2024-09-27,it,email-and-messaging,thunderbird;email-and-messaging;,mariateresa.giovanzana,"Buon giorno, da questa mattina, dopo mi è uscito questa dicitutura--------------2l0ifV4GuyDkcSpAFWhBTmx1--",https://support.mozilla.org/questions/1465785,,,,,,,,,,1,true,0.44,False,
1465787,2024-09-27T06:41:17.228230Z,2024-09-27,nl,settings,thunderbird;settings;,bastiennewentzel,SMTP instellingen Outlook account,https://support.mozilla.org/questions/1465787,,,,,,m:microsoftemail,,proto:imap;proto:smtp;proto:oauth,,6,true,2.4,True,Mad_Maks
1465791,2024-09-27T07:33:08.850266Z,2024-09-27,it,email-and-messaging,thunderbird;email-and-messaging;,valtorta.marco,Impossibile visualizzare mail inviate da Apple Mail,https://support.mozilla.org/questions/1465791,,,,,,,,,,1,true,0.21,False,
1465793,2024-09-27T07:48:21.448114Z,2024-09-27,es,email-and-messaging,thunderbird;email-and-messaging;,benjamin.lara80,IMAP messages are not downloading properly,https://support.mozilla.org/questions/1465793,,,,,,,,proto:imap,,0,false,,False,
1465796,2024-09-27T08:40:08.985229Z,2024-09-27,en-US,email-and-messaging,thunderbird;email-and-messaging;,romdemshcd,After removing emails from my old mobile I have removed them from my PC can I retreive them ?,https://support.mozilla.org/questions/1465796,,,,,,,,,,1,true,6.04,False,
1465797,2024-09-27T08:47:31.450079Z,2024-09-27,en-US,email-and-messaging,thunderbird;email-and-messaging;,stepphen1,"if i delete thunderbird from laptop, and redownload, will my messgaes and folders reappear?",https://support.mozilla.org/questions/1465797,os:windows,,,,,m:gmail,isp:btinternet,proto:imap;proto:smtp,av:bitdefender,1,true,5.34,False,
1465800,2024-09-27T09:13:40.137348Z,2024-09-27,es,email-and-messaging,thunderbird;email-and-messaging;,ricarte,Thunderbird no deja enviar ficheros adjuntos de un disco solamente deja de archivos del escritorio,https://support.mozilla.org/questions/1465800,os:linux,,,,,,,,,3,false,,True,ricarte
1465801,2024-09-27T09:17:00.703105Z,2024-09-27,en-US,email-and-messaging,thunderbird;email-and-messaging;,colinrhoney,Lost emails,https://support.mozilla.org/questions/1465801,os:windows,,,,,m:gmail;m:yahooemail,,,,2,true,4.58,False,
1465802,2024-09-27T09:25:35.654023Z,2024-09-27,es,email-and-messaging,thunderbird;email-and-messaging;,segala584,Me devuelven todos los correos enviados a Gmail,https://support.mozilla.org/questions/1465802,,,,,,m:gmail;m:microsoftemail,,,,1,true,62.97,False,
1465805,2024-09-27T09:42:50.935764Z,2024-09-27,en-US,settings,thunderbird;settings;,Toby20,thunderbird eating space,https://support.mozilla.org/questions/1465805,,,,,,,,,,1,true,3.82,False,
1465808,2024-09-27T10:05:51.946322Z,2024-09-27,it,email-and-messaging,thunderbird;email-and-messaging;,muzio.gola,all'avvio Thunderbird non parte,https://support.mozilla.org/questions/1465808,,,,,,,,,,5,true,4.89,False,
1465811,2024-09-27T10:11:15.499980Z,2024-09-27,nl,settings,thunderbird;settings;,jpmquir,sinds vandaag doet uitgaande mail het niet meer,https://support.mozilla.org/questions/1465811,,,,,,m:microsoftemail,,proto:smtp,,1,true,21.77,False,
1465813,2024-09-27T10:14:48.797496Z,2024-09-27,es,email-and-messaging,thunderbird;email-and-messaging;,mcm21,No puedo enviar correos,https://support.mozilla.org/questions/1465813,,,,,,,,,,0,false,,False,
1465820,2024-09-27T10:44:32.111552Z,2024-09-27,en-US,email-and-messaging,thunderbird;email-and-messaging;,darin.marco,Nebula - problem with From email addresses,https://support.mozilla.org/questions/1465820,,,,,,,,,,1,true,2.73,False,
1465825,2024-09-27T11:21:46.734918Z,2024-09-27,en-US,settings,thunderbird;settings;,joanreekie,"emails won't 'send' from Thunderbird, but will directly from the internet provider's site",https://support.mozilla.org/questions/1465825,,,,,,,,,,2,true,1.98,False,
1465826,2024-09-27T11:37:41.660902Z,2024-09-27,en-US,settings,thunderbird;settings;,rfalkowitz,Disable Photos folder,https://support.mozilla.org/questions/1465826,os:linux,,,,,,,,,6,true,2.3,True,rfalkowitz
1465827,2024-09-27T11:52:49.894268Z,2024-09-27,en-US,email-and-messaging,thunderbird;email-and-messaging;,maikmatolin,new update of Thunderbird in September_emails_folders,https://support.mozilla.org/questions/1465827,,,,,,,,,,1,true,5.02,False,
1465829,2024-09-27T12:00:18.754505Z,2024-09-27,it,passwords-and-sign-in,thunderbird;needsinfo;passwords-and-sign-in;,shamballa1950,Impossibile scaricare posta da Hotmail,https://support.mozilla.org/questions/1465829,,,,,,m:microsoftemail,,proto:pop,,1,true,2.83,False,
1465832,2024-09-27T12:19:22.481946Z,2024-09-27,en-US,email-and-messaging,thunderbird;email-and-messaging;,sghiggy4,Spell checker not working.,https://support.mozilla.org/questions/1465832,,,,,,,,,,2,true,0.65,False,
1465833,2024-09-27T12:24:24.430887Z,2024-09-27,nl,email-and-messaging,thunderbird;outlook;email-and-messaging;,dwingelseigen,"Krijg steeds melding ""Aanmelden bij server imap-mail.outlook.com mislukt. Wat te doen?",https://support.mozilla.org/questions/1465833,,,,,,m:microsoftemail,,proto:imap,,5,true,20.01,False,
1465837,2024-09-27T13:12:28.474316Z,2024-09-27,en-US,accounts,thunderbird;accounts;,sunnythakurhp786,Important contact for all users network base,https://support.mozilla.org/questions/1465837,,,,,,,,,,1,true,0.85,False,
1465839,2024-09-27T13:36:32.713104Z,2024-09-27,it,settings,thunderbird;settings;,andrea.sartori7,il mio account posta hotmail.it non riceve più mail.,https://support.mozilla.org/questions/1465839,,,,,,m:microsoftemail,,proto:imap;proto:oauth,,3,true,1.22,False,
1465840,2024-09-27T13:39:37.374797Z,2024-09-27,en-US,email-and-messaging,thunderbird;email-and-messaging;,spikedrako,Email,https://support.mozilla.org/questions/1465840,,,,,,,,,,1,true,0.37,False,
1465843,2024-09-27T13:54:49.849805Z,2024-09-27,it,email-and-messaging,thunderbird;email-and-messaging;,sofiamontu,Non riesco ad usare account email Outlook con Thunderbird,https://support.mozilla.org/questions/1465843,,,,,,m:microsoftemail,,proto:imap;proto:smtp;proto:oauth,,3,true,0.88,False,
1465846,2024-09-27T14:12:18.853744Z,2024-09-27,en-US,email-and-messaging,thunderbird;email-and-messaging;,abctees,Local folders spontaneously/automatically added?,https://support.mozilla.org/questions/1465846,os:windows,,,,,,,,,5,true,5.1,False,
1465848,2024-09-27T14:16:56.297673Z,2024-09-27,nl,email-and-messaging,thunderbird;email-and-messaging;,c.fransoo,ontvangene-mails,https://support.mozilla.org/questions/1465848,,,,,,,,,,1,true,18.1,False,
1465849,2024-09-27T14:19:13.665433Z,2024-09-27,en-US,email-and-messaging,thunderbird;email-and-messaging;,jwanty3,Email,https://support.mozilla.org/questions/1465849,,,,,,,isp:spectrum,,,0,false,,False,
1465850,2024-09-27T14:26:26.806019Z,2024-09-27,pt-BR,email-and-messaging,thunderbird;email-and-messaging;,jotaviog,Baixar emails novamente,https://support.mozilla.org/questions/1465850,,,,,,m:gmail,,proto:pop,,0,false,,False,
1465852,2024-09-27T14:31:56.031364Z,2024-09-27,pt-BR,email-and-messaging,thunderbird;email-and-messaging;,jotaviog,How to download emails again,https://support.mozilla.org/questions/1465852,,,,,,,,proto:pop,,0,false,,False,
1465854,2024-09-27T14:39:18.787040Z,2024-09-27,it,accounts,thunderbird;accounts;,Cotroneog.traslochi,"ho microsft outlook suk PC non posso ricever e inviare e-mail,mi appare inserire password...perche ho provato a metterla",https://support.mozilla.org/questions/1465854,,,,,,m:microsoftemail,,,,4,true,0.1,False,
1465856,2024-09-27T14:56:04.622686Z,2024-09-27,en-US,email-and-messaging,thunderbird;email-and-messaging;,lorenzoego93,Issues syncing local folders to mailbox,https://support.mozilla.org/questions/1465856,,,,,,m:gmail,,,,1,true,20.45,False,
1465857,2024-09-27T14:58:25.870965Z,2024-09-27,en-US,email-and-messaging,thunderbird;email-and-messaging;,patrickferris,Help with an error viewing the body of an e-mail,https://support.mozilla.org/questions/1465857,,,,,,,,,,1,true,1.35,False,
1465858,2024-09-27T15:14:07.597880Z,2024-09-27,en-US,email-and-messaging,thunderbird;email-and-messaging;,dobrphi,Retrieve deleted emails,https://support.mozilla.org/questions/1465858,,,,,,,,,,0,false,,False,
1465860,2024-09-27T15:23:45.792257Z,2024-09-27,en-US,email-and-messaging,thunderbird;email-and-messaging;,gacourt,No email service,https://support.mozilla.org/questions/1465860,,,,,,,,proto:pop,,1,true,11.13,False,
1465863,2024-09-27T15:26:51.160306Z,2024-09-27,en-US,email-and-messaging,thunderbird;email-and-messaging;,bev22,Subject encryption,https://support.mozilla.org/questions/1465863,,,,,,,,,,1,true,0.78,False,
1465864,2024-09-27T15:28:00.052071Z,2024-09-27,en-US,email-and-messaging,thunderbird;email-and-messaging;,thoothayer,"links in emails no longer clickable.  Have to copy link address, open a browser tab, paste and go",https://support.mozilla.org/questions/1465864,,,,,,,,,,2,true,18.65,False,
1465866,2024-09-27T15:41:56.235457Z,2024-09-27,en-US,performance-and-connectivity,thunderbird;performance-and-connectivity;,joel47,Thunderbird 128.2.3esr freeze with 20 pop accounts,https://support.mozilla.org/questions/1465866,,,,,,,,proto:pop,,8,true,3.58,False,
1465868,2024-09-27T15:56:36.404989Z,2024-09-27,en-US,email-and-messaging,thunderbird;email-and-messaging;,mail220101,How can I sort symbols in left sidebar from Thunderbird?,https://support.mozilla.org/questions/1465868,,,,,,,,,,2,true,2.59,True,sfhowes
1465869,2024-09-27T16:04:13.807728Z,2024-09-27,en-US,email-and-messaging,thunderbird;email-and-messaging;,mia24,Apple mail received won't upload on my Thunderbird set on my Windows,https://support.mozilla.org/questions/1465869,,,,,,,,,,2,true,10.44,True,mia24
1465874,2024-09-27T16:25:08.148029Z,2024-09-27,en-US,email-and-messaging,thunderbird;email-and-messaging;,ann54,Older inbox messages not opening correctly.,https://support.mozilla.org/questions/1465874,,,,,,m:gmail,,,av:norton,2,true,10.07,False,
1465876,2024-09-27T16:29:04.249186Z,2024-09-27,en-US,accounts,thunderbird;accounts;,mc1234,need help to add aol email account to thunderbird,https://support.mozilla.org/questions/1465876,,,,,,,,,,1,true,2.42,False,
1465885,2024-09-27T17:16:17.561405Z,2024-09-27,en-US,email-and-messaging,thunderbird;email-and-messaging;,dkrock,Easily going to a name in contacts sidebar,https://support.mozilla.org/questions/1465885,,,,,,,,,,1,true,0.47,False,
1465887,2024-09-27T17:25:41.912318Z,2024-09-27,nl,email-and-messaging,thunderbird;email-and-messaging;,leftyg103,thunderbird mailing problamen,https://support.mozilla.org/questions/1465887,,,,,,,,,,9,true,14.88,False,
1465891,2024-09-27T17:32:13.464783Z,2024-09-27,en-US,email-and-messaging,thunderbird;email-and-messaging;,ellicombe,Mail Merge,https://support.mozilla.org/questions/1465891,,,,,,,,,,1,true,8.94,False,
1465892,2024-09-27T17:35:21.538664Z,2024-09-27,it,email-and-messaging,thunderbird;needsinfo;email-and-messaging;,michelesegala,recupero mail archivio,https://support.mozilla.org/questions/1465892,,,,,,,,,,1,true,12.09,False,
1465896,2024-09-27T17:42:29.625052Z,2024-09-27,en-US,email-and-messaging,thunderbird;email-and-messaging;,AlexanderCarpenter,How can I place/move entire intact folders already full of messages into Archives?,https://support.mozilla.org/questions/1465896,,,,,,,,,,3,true,8.65,False,
1465897,2024-09-27T17:45:01.484511Z,2024-09-27,en-US,email-and-messaging,thunderbird;email-and-messaging;,rmarasi1,draft emails disapear or are blank,https://support.mozilla.org/questions/1465897,os:windows,,,,,,,,,3,true,9.03,False,
1465898,2024-09-27T18:01:12.779832Z,2024-09-27,en-US,email-and-messaging,thunderbird;email-and-messaging;,jalapenobob,Xfinity/Comcast email account cannot login,https://support.mozilla.org/questions/1465898,,,,,,,isp:comcast,,,1,true,16.08,False,
1465907,2024-09-27T18:51:25.237475Z,2024-09-27,en-US,email-and-messaging,thunderbird;email-and-messaging;,steve183,From line displays wrong name,https://support.mozilla.org/questions/1465907,,,,,,,,,,1,true,7.39,False,
1465910,2024-09-27T18:59:49.543138Z,2024-09-27,it,performance-and-connectivity,thunderbird;performance-and-connectivity;,sismesnc,Estremamente lento,https://support.mozilla.org/questions/1465910,,,,,,,,,,2,true,10.84,False,
1465911,2024-09-27T19:00:50.724866Z,2024-09-27,pt-BR,email-and-messaging,thunderbird;email-and-messaging;,fvaldo.fb,anexar arquivo eml,https://support.mozilla.org/questions/1465911,,,,,,,,,,0,false,,False,
1465912,2024-09-27T19:01:43.141001Z,2024-09-27,en-US,email-and-messaging,thunderbird;email-and-messaging;,RangerDave,Sent mail corruption,https://support.mozilla.org/questions/1465912,,,,,,,,,,2,true,7.17,False,
1465915,2024-09-27T19:10:45.010920Z,2024-09-27,en-US,settings,thunderbird;settings;,koja97,Thunderbird - change browser,https://support.mozilla.org/questions/1465915,,,,,,,,,,1,true,7.0,False,
1465916,2024-09-27T19:16:09.349458Z,2024-09-27,en-US,email-and-messaging,thunderbird;email-and-messaging;,m2afb,Problem receiving emails from National Geographic,https://support.mozilla.org/questions/1465916,os:macos,,macos:catalina,,,,,,,0,false,,False,
1465917,2024-09-27T19:30:18.333624Z,2024-09-27,pt-BR,email-and-messaging,thunderbird;email-and-messaging;,erichvinicius22,Buscador geral do Thunderbird,https://support.mozilla.org/questions/1465917,,,,,,,,,,0,false,,False,
1465920,2024-09-27T19:55:01.816598Z,2024-09-27,en-US,performance-and-connectivity,thunderbird;performance-and-connectivity;,needledncr,Connection to Comcast server has suddenly started failing.  I can't download my email,https://support.mozilla.org/questions/1465920,,,,,,,isp:comcast,proto:imap;proto:pop,,4,true,6.18,False,
1465922,2024-09-27T20:02:26.048522Z,2024-09-27,en-US,email-and-messaging,thunderbird;needsinfo;email-and-messaging;,ts050029,Übermittlungsstatus (DSN),https://support.mozilla.org/questions/1465922,,,,,,,,,,2,true,6.68,False,
1465929,2024-09-27T21:14:02.423368Z,2024-09-27,en-US,email-and-messaging,thunderbird;email-and-messaging;,user42459541712080122956273567623315136264,moving contacts into Thunderbird,https://support.mozilla.org/questions/1465929,,,,,,m:microsoftemail,,,,0,false,,False,
1465930,2024-09-27T21:21:04.502471Z,2024-09-27,en-US,email-and-messaging,thunderbird;email-and-messaging;,salvandian,Slow speed and lag issues with Thunderbird email,https://support.mozilla.org/questions/1465930,,,,,,,,,,1,true,4.4,False,
1465934,2024-09-27T21:46:16.215627Z,2024-09-27,en-US,performance-and-connectivity,thunderbird;performance-and-connectivity;,john-,Emails are not current and password does not work,https://support.mozilla.org/questions/1465934,,,,,,,,proto:imap,,62,true,13.56,True,john-
1465937,2024-09-27T22:09:19.675318Z,2024-09-27,es,settings,thunderbird;settings;,pamenico1234,como configurar el correo de gmail en thunderbird ?,https://support.mozilla.org/questions/1465937,,,,,,m:gmail,,,,1,true,123.26,False,
1465942,2024-09-27T23:10:50.254542Z,2024-09-27,en-US,performance-and-connectivity,thunderbird;performance-and-connectivity;,jglittle,Excess memory usage by Thunderbird 128 on Mac OS 14.6.1,https://support.mozilla.org/questions/1465942,os:macos,,macos:sonoma,,,,,,,1,true,2.53,False,
1465945,2024-09-27T23:28:27.753369Z,2024-09-27,en-US,email-and-messaging,thunderbird;email-and-messaging;,baudo_2001,Download of email messages,https://support.mozilla.org/questions/1465945,,,,,,,,,,1,true,1.14,False,
1465951,2024-09-28T00:39:54.019000Z,2024-09-28,en-US,email-and-messaging,thunderbird;email-and-messaging;,paul_yerger,New install,https://support.mozilla.org/questions/1465951,,,,,,,isp:comcast,,,1,true,1.03,False,
1465958,2024-09-28T01:22:15.740604Z,2024-09-28,en-US,email-and-messaging,thunderbird;email-and-messaging;,tindall1,Thunderbird continually crashing and hanging up my computer,https://support.mozilla.org/questions/1465958,os:windows,,,,,,,,,2,true,0.41,False,
1465959,2024-09-28T01:24:59.683118Z,2024-09-28,en-US,installation-and-updates,thunderbird;installation-and-updates;,momule1940,Email on new google email account,https://support.mozilla.org/questions/1465959,,,,,,m:gmail,,,,1,true,0.24,False,
1465960,2024-09-28T01:51:51.265289Z,2024-09-28,en-US,email-and-messaging,thunderbird;email-and-messaging;,NatChilds,unavailable unread messages,https://support.mozilla.org/questions/1465960,,,,,,,,,,3,true,0.83,False,
1465961,2024-09-28T02:03:40.618477Z,2024-09-28,en-US,settings,thunderbird;settings;,email14,Using Thunderbird verision 115.15.0 with Windows 10.,https://support.mozilla.org/questions/1465961,os:windows,,,,,,,,,2,true,0.62,False,
1465963,2024-09-28T02:16:47.761700Z,2024-09-28,en-US,email-and-messaging,thunderbird;email-and-messaging;,gleime,Email,https://support.mozilla.org/questions/1465963,,,,,,,,,,3,true,0.38,False,
1465965,2024-09-28T02:43:28.248821Z,2024-09-28,en-US,passwords-and-sign-in,thunderbird;passwords-and-sign-in;,lhthomas,Codes,https://support.mozilla.org/questions/1465965,,,,,,,,,,1,true,0.03,False,
1465974,2024-09-28T05:32:14.434582Z,2024-09-28,it,accounts,thunderbird;accounts;,Cotroneog.traslochi,cotroneog.traslochi@live.it,https://support.mozilla.org/questions/1465974,,,,,,,,,,1,true,0.32,False,
1465978,2024-09-28T06:44:20.089171Z,2024-09-28,en-US,settings,thunderbird;settings;,ronald.prosch,Thunderbird ist a pain!,https://support.mozilla.org/questions/1465978,,,,,,,,,,4,true,45.78,True,ronald.prosch
1465985,2024-09-28T08:09:24.404957Z,2024-09-28,en-US,installation-and-updates,thunderbird;installation-and-updates;,jacekryszkadomy,the newest update is bad,https://support.mozilla.org/questions/1465985,,,,,,,,,,2,true,1.71,False,
1465993,2024-09-28T09:19:18.328797Z,2024-09-28,en-US,settings,thunderbird;settings;,lindoig,Importing thunderbird profiles fom another computer without overwriting existing,https://support.mozilla.org/questions/1465993,,,,,,,,,,1,true,1.46,False,
1465997,2024-09-28T10:34:36.070311Z,2024-09-28,nl,settings,thunderbird;settings;,b.huijsdens,Oude bestaande gegevens niet meer bereikbaar,https://support.mozilla.org/questions/1465997,,,,,,,,,,10,true,23.9,False,
1466011,2024-09-28T12:28:46.708141Z,2024-09-28,en-US,settings,thunderbird;settings;,under.pressure,Authentification,https://support.mozilla.org/questions/1466011,,,,,,,,proto:imap;proto:smtp,,3,true,0.04,False,
1466015,2024-09-28T12:58:18.285162Z,2024-09-28,en-US,email-and-messaging,thunderbird;email-and-messaging;,Nikki_Blanco,Email tabs blank after restart (Win & Lin),https://support.mozilla.org/questions/1466015,os:linux,,,,,,,,,0,false,,False,
1466018,2024-09-28T13:05:52.667635Z,2024-09-28,en-US,email-and-messaging,mac-os;thunderbird;email-and-messaging;,m138,Thunderbird 128 does not find app to open internet link despite firefox is installed and set as standard.,https://support.mozilla.org/questions/1466018,,,,,,,,,,0,false,,False,
1466021,2024-09-28T13:37:15.333366Z,2024-09-28,en-US,email-and-messaging,thunderbird;email-and-messaging;,user130953890299920595695291845349334830050,No warning when a server is down?,https://support.mozilla.org/questions/1466021,,,,,,,,proto:pop,,6,true,15.88,False,
1466026,2024-09-28T14:33:42.385971Z,2024-09-28,en-US,email-and-messaging,thunderbird;email-and-messaging;,rlustersr,Linked Hotmail Account - Preview Pane Display,https://support.mozilla.org/questions/1466026,,,,,,m:microsoftemail,,,,3,true,1.46,False,
1466042,2024-09-28T16:49:30.765042Z,2024-09-28,en-US,settings,thunderbird;settings;,Jason.carle,Thunderbird permanentl;y deleting emails instead of placing them in trash folder,https://support.mozilla.org/questions/1466042,,,,,,m:gmail,,,,1,false,,True,Jason.carle
1466050,2024-09-28T17:47:10.277812Z,2024-09-28,en-US,email-and-messaging,thunderbird;email-and-messaging;,couldntbg8r,Can't move emails to a folder.,https://support.mozilla.org/questions/1466050,,,,,,m:microsoftemail,,,,1,true,34.69,False,
1466054,2024-09-28T18:33:18.777037Z,2024-09-28,en-US,email-and-messaging,thunderbird;email-and-messaging;,skipkerwin,Cannot see items in my sent item folder but screen shows there are over 200 in there. Tried all kinds of suggestions,https://support.mozilla.org/questions/1466054,,,,,,,,,,1,true,10.84,False,
1466061,2024-09-28T19:23:22.428814Z,2024-09-28,en-US,privacy-and-security,thunderbird;privacy-and-security_1;,rwppkftrr4,junk email,https://support.mozilla.org/questions/1466061,,,,,,,,,,2,true,1.76,False,
1466063,2024-09-28T19:29:11.198190Z,2024-09-28,en-US,email-and-messaging,thunderbird;email-and-messaging;,afisher3,Emails not displaying in Thunderbird,https://support.mozilla.org/questions/1466063,,,,,,m:yahooemail,,,,1,false,,False,
1466064,2024-09-28T19:29:36.139366Z,2024-09-28,en-US,email-and-messaging,thunderbird;email-and-messaging;,jsmith21,Can't send out messages in new Thunderbird version,https://support.mozilla.org/questions/1466064,,,,,,m:gmail,,,,1,true,9.94,False,
1466082,2024-09-28T21:59:29.034824Z,2024-09-28,en-US,email-and-messaging,thunderbird;email-and-messaging;,eddy.attia,impossible de recevoir ou d'émettre des messages depuis la mise à jour du 20/09/24,https://support.mozilla.org/questions/1466082,,,,,,,isp:orange,,,0,false,,False,
1466093,2024-09-28T22:58:24.399446Z,2024-09-28,en-US,email-and-messaging,thunderbird;email-and-messaging;,try1,mot receiving emails since July,https://support.mozilla.org/questions/1466093,,,,,,,,,,1,false,,True,try1
1466097,2024-09-28T23:23:57.204213Z,2024-09-28,en-US,email-and-messaging,thunderbird;email-and-messaging;,am4c130d,Unable to Sync Zoho Contacts,https://support.mozilla.org/questions/1466097,,,,,,,,proto:imap;proto:smtp;proto:carddav;proto:caldav,,0,false,,False,
1466102,2024-09-29T00:02:25.914888Z,2024-09-29,en-US,email-and-messaging,thunderbird;email-and-messaging;,mutsaushe,The Email Preview Pane Not Formatting Correctly,https://support.mozilla.org/questions/1466102,,,,,,,,,,1,true,2.1,False,
1466104,2024-09-29T00:39:11.375310Z,2024-09-29,en-US,performance-and-connectivity,thunderbird;performance-and-connectivity;,Jade1,OAuth2 not working - I get a 400 error,https://support.mozilla.org/questions/1466104,,,,,,m:gmail,,proto:smtp;proto:oauth,,0,false,,False,
1466105,2024-09-29T00:41:24.105421Z,2024-09-29,en-US,email-and-messaging,thunderbird;email-and-messaging;,gemdiams,Some messages from Hotmail are blank,https://support.mozilla.org/questions/1466105,os:windows,,,,,m:microsoftemail,,,,1,true,4.37,True,MattAuSupport
1466107,2024-09-29T01:34:43.009919Z,2024-09-29,en-US,email-and-messaging,thunderbird;email-and-messaging;,labman1,Thunderbird  e-mail,https://support.mozilla.org/questions/1466107,,,,,,,,,,1,true,0.79,False,
1466109,2024-09-29T01:44:30.909407Z,2024-09-29,en-US,email-and-messaging,thunderbird;email-and-messaging;,oliwally1,Some messages are auto-tagged as NonJunk,https://support.mozilla.org/questions/1466109,,,,,,,,,,4,true,0.32,False,
1466110,2024-09-29T01:48:38.046615Z,2024-09-29,en-US,email-and-messaging,thunderbird;email-and-messaging;,bkmdev,Total Sizes when multi-selecting?,https://support.mozilla.org/questions/1466110,,,,,,,,,,1,true,0.28,False,
1466112,2024-09-29T03:02:18.844785Z,2024-09-29,en-US,email-and-messaging,thunderbird;email-and-messaging;,pi.bike.oracle,Thunderbird Folder Shows No Emails,https://support.mozilla.org/questions/1466112,os:windows,,,,,m:gmail;m:microsoftemail,,,,4,true,2.01,True,MattAuSupport
1466121,2024-09-29T04:45:43.392230Z,2024-09-29,en-US,passwords-and-sign-in,thunderbird;passwords-and-sign-in;,oonlan,How do I update my Hotmail password in Thunderbird ?,https://support.mozilla.org/questions/1466121,,,,,,m:microsoftemail,,proto:imap;proto:smtp,,2,true,0.24,True,MattAuSupport
1466123,2024-09-29T05:18:32.285488Z,2024-09-29,it,email-and-messaging,thunderbird;email-and-messaging;,musicdentro,Migrazione vecchie email da Posta di Windows a Thunderbird,https://support.mozilla.org/questions/1466123,,,,,,,,,,4,true,1.74,True,'@next
1466129,2024-09-29T06:48:37.862996Z,2024-09-29,en-US,email-and-messaging,thunderbird;email-and-messaging;,tia.mart,my thunderbird stops to work,https://support.mozilla.org/questions/1466129,,,,,,,,,,1,true,21.64,False,
1466132,2024-09-29T07:07:16.091799Z,2024-09-29,en-US,email-and-messaging,thunderbird;email-and-messaging;,Edelman1,Why are there Repeat Emails in Inbox,https://support.mozilla.org/questions/1466132,,,,,,,,,,1,true,21.3,False,
1466133,2024-09-29T07:11:12.882016Z,2024-09-29,nl,accounts,thunderbird;accounts;,chez.pierre,Hotmail,https://support.mozilla.org/questions/1466133,,,,,,m:microsoftemail,,,,1,true,3.15,False,
1466135,2024-09-29T07:27:54.367784Z,2024-09-29,en-US,accounts,thunderbird;accounts;,Edelman1,google and mozilla - delink,https://support.mozilla.org/questions/1466135,,,,,,,,,,1,true,20.95,False,
1466139,2024-09-29T08:09:54.301959Z,2024-09-29,en-US,email-and-messaging,thunderbird;email-and-messaging;,nurry.n,Mozilla Thunderbird,https://support.mozilla.org/questions/1466139,,,,,,,,,,1,true,20.24,False,
1466142,2024-09-29T08:29:05.620984Z,2024-09-29,nl,settings,thunderbird;settings;,dommerholt_eddi,probleem met opstarten van het Thunderbird,https://support.mozilla.org/questions/1466142,os:windows,,,,,,,,,5,true,1.77,True,Mad_Maks
1466144,2024-09-29T08:47:14.709688Z,2024-09-29,en-US,passwords-and-sign-in,thunderbird;passwords-and-sign-in;,davidmantle,Reset or recover password,https://support.mozilla.org/questions/1466144,,,,,,,,,,1,true,2.55,False,
1466147,2024-09-29T09:45:29.507992Z,2024-09-29,es,email-and-messaging,thunderbird;email-and-messaging;,idiazrey,no me actualiza los correos,https://support.mozilla.org/questions/1466147,,,,,,,,,,1,true,87.58,False,
1466151,2024-09-29T12:04:34.710454Z,2024-09-29,it,email-and-messaging,thunderbird;needsinfo;email-and-messaging;,visirplus,"Mail salvate nelle bozze di Thunderbird quando si clicca su Invia, anziché essere inviate, spariscono o finiscono nel ce",https://support.mozilla.org/questions/1466151,,,,,,,,,,1,true,0.59,False,
1466156,2024-09-29T12:36:42.446079Z,2024-09-29,en-US,email-and-messaging,thunderbird;email-and-messaging;,mplatt2,My second emails won't send ...,https://support.mozilla.org/questions/1466156,,,,,,,,,,1,true,0.05,False,
1466157,2024-09-29T12:41:49.800576Z,2024-09-29,nl,accounts,thunderbird;accounts;,bazzzzztian,Thunderbird: September 2024 kan niet meer inloggen op Hotmail accounts,https://support.mozilla.org/questions/1466157,,,,,,m:microsoftemail,,proto:imap;proto:smtp;proto:oauth,,1,true,19.27,False,
1466159,2024-09-29T12:49:16.686684Z,2024-09-29,en-US,email-and-messaging,thunderbird;email-and-messaging;,ts050029,Delivery status notifications dsn,https://support.mozilla.org/questions/1466159,,,,,,,,,,3,true,15.52,False,
1466160,2024-09-29T12:49:22.081448Z,2024-09-29,en-US,settings,thunderbird;settings;,zbyszek.maciejewski,Thunderbid,https://support.mozilla.org/questions/1466160,,,,,,,,,,1,false,,True,zbyszek.maciejewski
1466162,2024-09-29T13:00:10.977316Z,2024-09-29,en-US,email-and-messaging,thunderbird;email-and-messaging;,kannus.cafe,Cannot send emails,https://support.mozilla.org/questions/1466162,,,,,,,,proto:smtp,,1,true,15.29,False,
1466168,2024-09-29T14:15:15.969462Z,2024-09-29,nl,performance-and-connectivity,thunderbird;performance-and-connectivity;,sero1,hoe zijn mappen in prullenbak in lokale mappen thunderbird beta 131.0b6 te verwijderen? anders dan normaal.,https://support.mozilla.org/questions/1466168,,,,,,,,,,4,true,17.69,True,sero1
1466169,2024-09-29T14:17:13.182982Z,2024-09-29,en-US,email-and-messaging,thunderbird;email-and-messaging;,fws198,can't connect to and receive email from gmail,https://support.mozilla.org/questions/1466169,,,,,,m:gmail,,proto:oauth,,2,true,1.7,False,
1466174,2024-09-29T14:41:48.437447Z,2024-09-29,nl,settings,thunderbird;settings;,Retiredat55,SMTP server in Thunderbird instellen voor verificatie met OAuth2 lukt niet,https://support.mozilla.org/questions/1466174,,,,,,m:microsoftemail,,proto:smtp;proto:oauth,,9,true,16.97,True,Retiredat55
1466177,2024-09-29T15:03:56.563893Z,2024-09-29,it,email-and-messaging,thunderbird;email-and-messaging;,nunziolegra,Svuota cestino all'uscita,https://support.mozilla.org/questions/1466177,,,,,,,,,,3,true,0.33,False,
1466178,2024-09-29T15:10:24.214712Z,2024-09-29,en-US,email-and-messaging,thunderbird;email-and-messaging;,suzannehellman,Retrieving my email address book from Mozilla,https://support.mozilla.org/questions/1466178,,,,,,,,proto:pop,,2,true,0.17,False,
1466181,2024-09-29T15:33:31.322066Z,2024-09-29,en-US,email-and-messaging,thunderbird;email-and-messaging;,nclough500,overtype or insert mode for typing,https://support.mozilla.org/questions/1466181,,,,,,,,,,0,false,,False,
1466183,2024-09-29T15:40:31.107486Z,2024-09-29,en-US,email-and-messaging,thunderbird;email-and-messaging;,stinkydog,can't associate files with thunderbird,https://support.mozilla.org/questions/1466183,,,,,,,,,,7,true,12.38,False,
1466185,2024-09-29T16:07:54.046591Z,2024-09-29,en-US,passwords-and-sign-in,thunderbird;passwords-and-sign-in;,shinhollow42,I forgot my password to open ohuang@hvc.rr.com,https://support.mozilla.org/questions/1466185,,,,,,,isp:spectrum,,,1,true,2.31,False,
1466186,2024-09-29T16:10:55.602753Z,2024-09-29,en-US,installation-and-updates,thunderbird;installation-and-updates;,klgft,installation,https://support.mozilla.org/questions/1466186,,,,,,,,,,0,false,,False,
1466188,2024-09-29T16:18:31.968162Z,2024-09-29,en-US,email-and-messaging,thunderbird;email-and-messaging;,mlautman,"Cannot open PDF attachment from message window, can open from drafts folder",https://support.mozilla.org/questions/1466188,os:linux,,,,,,,,,1,true,11.78,False,
1466192,2024-09-29T16:38:31.965180Z,2024-09-29,cs,email-and-messaging,thunderbird;email-and-messaging;,fischer.bruno47,Thunderbird j,https://support.mozilla.org/questions/1466192,,,,,,,,,,1,true,62.83,False,
1466196,2024-09-29T16:51:10.176800Z,2024-09-29,en-US,email-and-messaging,thunderbird;email-and-messaging;,massgazz54,nuova pagina di thunderbird,https://support.mozilla.org/questions/1466196,,,,,,,,,,5,true,1.04,False,
1466197,2024-09-29T16:58:11.126167Z,2024-09-29,en-US,email-and-messaging,thunderbird;email-and-messaging;,jim464,Thunderbird User Interface,https://support.mozilla.org/questions/1466197,,,,,,,,,,1,true,0.81,False,
1466200,2024-09-29T17:09:41.766282Z,2024-09-29,en-US,accounts,thunderbird;accounts;,rtinti1961,I get a message I'm using 82% of my 100MB. I've deleted   most of all my e-mails on 4 accounts but it shows up,https://support.mozilla.org/questions/1466200,,,,,,,,,,1,true,0.39,False,
1466202,2024-09-29T17:13:21.442657Z,2024-09-29,en-US,email-and-messaging,thunderbird;email-and-messaging;,jeanmac2,Logging on to Mozilla Thunderbird extremely slow on win10,https://support.mozilla.org/questions/1466202,os:windows,,,,,,,,,3,true,0.72,False,
1466204,2024-09-29T17:23:46.196482Z,2024-09-29,en-US,accounts,thunderbird;accounts;,brian245,Add RSS Feed that Needs a Username/Password,https://support.mozilla.org/questions/1466204,os:macos,,macos:sequoia,,,,,,,0,false,,False,
1466211,2024-09-29T18:02:09.006232Z,2024-09-29,en-US,account-management,firefox;passwords-and-sign-in;,jdfw.jdfw4,rejecting password!,https://support.mozilla.org/questions/1466211,,,,,,,,,,1,true,17.61,False,
1466216,2024-09-29T18:48:28.782093Z,2024-09-29,en-US,privacy-and-security,thunderbird;privacy-and-security_1;,Electrojim,Uh-oh.  Do Bcc: recipients all show up on everyone's screen?,https://support.mozilla.org/questions/1466216,os:windows,,,,,m:gmail,,,,2,true,8.91,True,MattAuSupport
1466217,2024-09-29T18:59:59.688520Z,2024-09-29,en-US,email-and-messaging,thunderbird;email-and-messaging;,cbellerby4,"Unable to reply to, forward, or even send new emails with Thunderbird.  Get error message saying ""message detected as sp",https://support.mozilla.org/questions/1466217,,,,,,,,,,1,true,8.64,False,
1466224,2024-09-29T19:49:32.373350Z,2024-09-29,en-US,email-and-messaging,thunderbird;email-and-messaging;,graverholt5,Thunderbird spam,https://support.mozilla.org/questions/1466224,,,,,,,,,,6,true,1.48,False,
1466227,2024-09-29T20:02:55.352304Z,2024-09-29,en-US,email-and-messaging,thunderbird;email-and-messaging;,,"""Loosen up"" junk protection",https://support.mozilla.org/questions/1466227,,,,,,,,,,1,true,7.46,False,
1466228,2024-09-29T20:12:43.623176Z,2024-09-29,en-US,email-and-messaging,thunderbird;email-and-messaging;,jeffrey.tease,"""creating mail message"" when trying to send an attachment",https://support.mozilla.org/questions/1466228,os:windows,,,,,m:microsoftemail,isp:verizon,,,0,false,,False,
1466241,2024-09-29T23:09:39.126056Z,2024-09-29,en-US,email-and-messaging,thunderbird;email-and-messaging;,kcporter66,emails not sending,https://support.mozilla.org/questions/1466241,,,,,,,,,,1,true,3.9,False,
1466243,2024-09-29T23:53:43.408920Z,2024-09-29,en-US,email-and-messaging,thunderbird;email-and-messaging;,fantom305,Compacted folderg,https://support.mozilla.org/questions/1466243,,,,,,,,,,2,true,4.32,False,
1466250,2024-09-30T00:43:16.757598Z,2024-09-30,en-US,email-and-messaging,thunderbird;email-and-messaging;,pennysorokes,Primary Password,https://support.mozilla.org/questions/1466250,,,,,,m:gmail;m:microsoftemail,,,,1,true,3.45,False,
1466254,2024-09-30T01:21:45.868889Z,2024-09-30,en-US,settings,thunderbird;settings;,tyropublishing,Email Links,https://support.mozilla.org/questions/1466254,os:linux,,,,,,,,,0,false,,False,
1466255,2024-09-30T01:52:09.431426Z,2024-09-30,en-US,performance-and-connectivity,thunderbird;performance-and-connectivity;,keithinoz1,Lost folder,https://support.mozilla.org/questions/1466255,,,,,,,,,,2,true,2.28,False,
1466258,2024-09-30T02:27:21.106722Z,2024-09-30,en-US,passwords-and-sign-in,thunderbird;passwords-and-sign-in;,jwhorvath,Comcast Email Settings,https://support.mozilla.org/questions/1466258,,,,,,,isp:comcast,proto:imap;proto:smtp,,7,true,0.52,False,
1466268,2024-09-30T03:59:37.431917Z,2024-09-30,en-US,email-and-messaging,thunderbird;email-and-messaging;,karlab31,Contents of message pane disappears,https://support.mozilla.org/questions/1466268,,,,,,,,,,0,false,,False,
1466295,2024-09-30T06:19:23.861049Z,2024-09-30,en-US,email-and-messaging,thunderbird;email-and-messaging;,debbiedawnramseyboz,How do I get to see what Thunderbird looks like in action. Ioneve used many other email programs just not this one,https://support.mozilla.org/questions/1466295,,,,,,,,,,1,true,4.97,False,
1466297,2024-09-30T06:44:01.565378Z,2024-09-30,en-US,email-and-messaging,thunderbird;email-and-messaging;,lsingh,Separator line after email signature,https://support.mozilla.org/questions/1466297,,,,,,,,,,1,false,,False,
1466298,2024-09-30T06:53:32.973289Z,2024-09-30,en-US,accounts,thunderbird;accounts;,rev3,"Removed CALdav addon, then no google birthdays",https://support.mozilla.org/questions/1466298,os:linux,,,,,,,proto:caldav,,1,false,,False,
1466299,2024-09-30T06:53:58.283957Z,2024-09-30,en-US,settings,thunderbird;settings;,tmellman,can't (de-)select all ics events,https://support.mozilla.org/questions/1466299,,,,,,,,,,0,false,,False,
1466303,2024-09-30T07:14:52.758438Z,2024-09-30,it,email-and-messaging,thunderbird;email-and-messaging;,info11934,mail vuote,https://support.mozilla.org/questions/1466303,,,,,,,,,,1,true,7.91,False,
1466306,2024-09-30T07:24:24.442430Z,2024-09-30,it,email-and-messaging,thunderbird;email-and-messaging;,studiolucianosacca,recupero pec,https://support.mozilla.org/questions/1466306,os:windows,,,,,,,,,3,true,7.93,False,
1466307,2024-09-30T07:31:28.426861Z,2024-09-30,cs,installation-and-updates,thunderbird;installation-and-updates;,chudikp,složky Inbox,https://support.mozilla.org/questions/1466307,,,,,,,,,,0,false,,False,
1466310,2024-09-30T07:47:20.645260Z,2024-09-30,en-US,email-and-messaging,thunderbird;email-and-messaging;,sutherlandi,cant read email messages when opened,https://support.mozilla.org/questions/1466310,,,,,,,,,,1,true,0.34,False,
1466313,2024-09-30T08:11:20.982805Z,2024-09-30,nl,email-and-messaging,thunderbird;email-and-messaging;,m.draijer,unreadable emails (in XML?),https://support.mozilla.org/questions/1466313,,,,,,,,,,1,true,0.38,False,
1466318,2024-09-30T08:26:46.145126Z,2024-09-30,it,email-and-messaging,thunderbird;email-and-messaging;,visirplus,In Thunderbird non funziona l'invio delle mail e l'apertura delle mail in arrivo,https://support.mozilla.org/questions/1466318,,,,,,m:gmail,,,,1,true,6.75,False,
1466319,2024-09-30T08:32:27.447043Z,2024-09-30,en-US,passwords-and-sign-in,thunderbird;passwords-and-sign-in;,bernardwillis44,Where do I find my password,https://support.mozilla.org/questions/1466319,,,,,,,,,,1,true,3.05,False,
1466320,2024-09-30T08:51:25.225460Z,2024-09-30,en-US,email-and-messaging,thunderbird;email-and-messaging;,o.dreyer,"outlook.com Mail imap is o.k., SMTP does not work",https://support.mozilla.org/questions/1466320,,,,,,m:microsoftemail,,proto:imap;proto:smtp;proto:oauth,,2,true,2.67,True,o.dreyer
1466322,2024-09-30T08:54:25.198697Z,2024-09-30,it,email-and-messaging,thunderbird;needsinfo;email-and-messaging;,tsm.metalli2007,problemi Thunderbird,https://support.mozilla.org/questions/1466322,,,,,,,,,,1,true,6.3,False,
1466324,2024-09-30T09:04:41.850374Z,2024-09-30,hu,email-and-messaging,thunderbird;email-and-messaging;,gpont22,Thunderbird: levélírás módban nem nyitható meg a pdf fájl,https://support.mozilla.org/questions/1466324,,,,,,,,,,0,false,,False,
1466329,2024-09-30T10:08:17.375390Z,2024-09-30,en-US,account-management,firefox;passwords-and-sign-in;,andrzejbania,Account shows in Thunderbird - but password is missing (randomly),https://support.mozilla.org/questions/1466329,,,,,,m:microsoftemail,,,,0,false,,False,
1466330,2024-09-30T10:08:32.436516Z,2024-09-30,en-US,passwords-and-sign-in,thunderbird;passwords-and-sign-in;,amdriessen,Update 128.2.3 gives no acces to imap,https://support.mozilla.org/questions/1466330,,,,,,m:microsoftemail,,proto:imap,,3,true,1.05,False,
1466331,2024-09-30T10:26:52.453727Z,2024-09-30,en-US,email-and-messaging,thunderbird;email-and-messaging;,Cécile,hotmail.om,https://support.mozilla.org/questions/1466331,,,,,,m:microsoftemail,,proto:smtp;proto:oauth,,1,true,0.77,False,
1466333,2024-09-30T10:28:07.618545Z,2024-09-30,en-US,performance-and-connectivity,thunderbird;performance-and-connectivity;,Lya2,Thunderbird hangs for half a minute after I send a message,https://support.mozilla.org/questions/1466333,,,,,,,,proto:pop,,4,true,3.79,False,
1466337,2024-09-30T11:15:15.904546Z,2024-09-30,en-US,email-and-messaging,thunderbird;email-and-messaging;,danuta2,signature in email,https://support.mozilla.org/questions/1466337,,,,,,,,,,3,true,0.21,False,
1466339,2024-09-30T11:29:21.252641Z,2024-09-30,en-US,performance-and-connectivity,thunderbird;performance-and-connectivity;,user253683887207855760093836009472152683564,thunderbird 128 crashes when MacBook wakes up from sleep.  (reporter account is deactivated),https://support.mozilla.org/questions/1466339,os:macos,,macos:sequoia;macos:sonoma,,,,,,,0,false,,False,
1466341,2024-09-30T11:35:35.009068Z,2024-09-30,en-US,email-and-messaging,thunderbird;email-and-messaging;,botski,Thunderbird hangs when trying to delete a message,https://support.mozilla.org/questions/1466341,,,,,,,,,,2,true,2.58,True,wsmwk
1466342,2024-09-30T11:40:05.604374Z,2024-09-30,en-US,email-and-messaging,thunderbird;email-and-messaging;,Cécile,Messagerie Thunsderbird,https://support.mozilla.org/questions/1466342,,,,,,,,proto:smtp;proto:oauth,,9,true,3.12,False,
1466344,2024-09-30T12:06:12.848837Z,2024-09-30,en-US,email-and-messaging,thunderbird;email-and-messaging;,office66,Many issues with Thuderbird,https://support.mozilla.org/questions/1466344,os:windows,,,,,,,,,0,false,,False,
1466349,2024-09-30T12:12:59.527952Z,2024-09-30,en-US,performance-and-connectivity,thunderbird;performance-and-connectivity;,Isis4,Thunderbird windows too big for screen,https://support.mozilla.org/questions/1466349,,,,,,m:gmail,,,,0,false,,False,
1466352,2024-09-30T12:23:22.320076Z,2024-09-30,nl,email-and-messaging,thunderbird;email-and-messaging;,ilkeschouten,Melding donatie,https://support.mozilla.org/questions/1466352,,,,,,,,,,1,true,0.12,False,
1466361,2024-09-30T12:44:17.298669Z,2024-09-30,en-US,performance-and-connectivity,thunderbird;performance-and-connectivity;,halewis1,Strange duplicate folders appearing spontaneously in Local Folders,https://support.mozilla.org/questions/1466361,os:windows,,,,,,,proto:imap,,0,false,,False,
1466364,2024-09-30T12:54:27.919231Z,2024-09-30,en-US,email-and-messaging,thunderbird;email-and-messaging;,SteveMeyerSr,Thunderbird:  Moved Folders and now most of the conents are missing,https://support.mozilla.org/questions/1466364,,,,,,,,,,0,false,,False,
1466369,2024-09-30T13:51:42.196137Z,2024-09-30,it,email-and-messaging,thunderbird;email-and-messaging;,zaff.m,non ricevo email da gmail sul PC,https://support.mozilla.org/questions/1466369,,,,,,m:gmail,,,,6,true,1.6,True,zaff.m
1466371,2024-09-30T14:18:31.165524Z,2024-09-30,en-US,email-and-messaging,thunderbird;email-and-messaging;,dgheyl,Thunderbird apparently losing email occasionally (pop3),https://support.mozilla.org/questions/1466371,,,,,,,,proto:pop,,0,false,,False,
1466373,2024-09-30T14:24:08.500333Z,2024-09-30,en-US,email-and-messaging,thunderbird;email-and-messaging;,clpodyssey,Some Message bodies not displayed in Inbox folder list.,https://support.mozilla.org/questions/1466373,,,,,,,,,,1,false,,False,
1466374,2024-09-30T14:30:57.735740Z,2024-09-30,es,accounts,thunderbird;accounts;,roalhen,mis cuentas de hotmail no logran iniciar sesión en Thunderbird,https://support.mozilla.org/questions/1466374,,,,,,m:gmail;m:microsoftemail,,,,0,false,,False,
1466376,2024-09-30T14:35:21.115051Z,2024-09-30,pt-BR,accounts,thunderbird;accounts;,sirecom,Não estou recebendo nada no e-mail,https://support.mozilla.org/questions/1466376,,,,,,,,,,0,false,,False,
1466378,2024-09-30T14:36:51.088449Z,2024-09-30,en-US,settings,thunderbird;settings;,colt.eli.carson,How to force persistent message pane,https://support.mozilla.org/questions/1466378,,,,,,,isp:orange,,,1,true,1.8,False,
1466380,2024-09-30T14:47:12.188435Z,2024-09-30,en-US,email-and-messaging,thunderbird;email-and-messaging;,Thunderbird2015,Filters: how to find the path I redirected mails to?,https://support.mozilla.org/questions/1466380,,,,,,,,,,5,true,0.5,True,Thunderbird2015
1466385,2024-09-30T15:22:14.016374Z,2024-09-30,nl,email-and-messaging,thunderbird;email-and-messaging;,leo.ravestijn,weergave bericht,https://support.mozilla.org/questions/1466385,,,,,,,,,,1,true,16.82,False,
1466386,2024-09-30T15:22:38.072593Z,2024-09-30,it,email-and-messaging,thunderbird;email-and-messaging;,joegm031,thunderbird,https://support.mozilla.org/questions/1466386,,,,,,m:microsoftemail,,proto:imap;proto:smtp;proto:oauth,,2,true,0.17,True,'@next
1466387,2024-09-30T15:31:50.183582Z,2024-09-30,en-US,accounts,thunderbird;accounts;,info11938,Need to contact the customer support team about my email account,https://support.mozilla.org/questions/1466387,,,,,,,,,,1,true,2.04,False,
1466391,2024-09-30T15:39:22.621984Z,2024-09-30,en-US,email-and-messaging,thunderbird;email-and-messaging;,michele35,"error ""invio non riuscito"" (sending failed)",https://support.mozilla.org/questions/1466391,,,,,,,,proto:smtp,,0,false,,False,
1466393,2024-09-30T15:47:36.354105Z,2024-09-30,en-US,performance-and-connectivity,thunderbird;performance-and-connectivity;,doctorjah,thunderbird 128 hangs when MacBook wakes up from sleep,https://support.mozilla.org/questions/1466393,os:macos,,macos:sequoia;macos:sonoma,,,,,,,3,true,682.37,False,
1466394,2024-09-30T15:47:46.326040Z,2024-09-30,en-US,email-and-messaging,thunderbird;email-and-messaging;,rte44,Cannot receive emails,https://support.mozilla.org/questions/1466394,,,,,,,,,av:norton;av:defender,0,false,,False,
1466395,2024-09-30T15:49:17.521682Z,2024-09-30,en-US,email-and-messaging,thunderbird;email-and-messaging;,n16,Norton and recieving emails,https://support.mozilla.org/questions/1466395,,,,,,,,,av:norton,0,false,,False,
1466397,2024-09-30T15:51:47.776766Z,2024-09-30,en-US,accounts,thunderbird;accounts;,1singletrackmind,inbox set up,https://support.mozilla.org/questions/1466397,,,,,,,,,,2,true,1.3,False,
1466398,2024-09-30T15:53:01.189418Z,2024-09-30,nl,accounts,thunderbird;accounts;,erikpoelman,outlook...  alweer problemen met vrzenden van outlook berichten vanuit thunderbird,https://support.mozilla.org/questions/1466398,,,,,,m:microsoftemail,,,,3,true,16.07,True,erikpoelman
1466401,2024-09-30T16:08:28.772777Z,2024-09-30,en-US,email-and-messaging,thunderbird;email-and-messaging;,mpmcdonald,Print e-mails without headers,https://support.mozilla.org/questions/1466401,,,,,,,,,,1,false,,False,
1466402,2024-09-30T16:18:33.601812Z,2024-09-30,en-US,email-and-messaging,thunderbird;email-and-messaging;,jdegenhardt,how can I get my emails posted in the order they come in,https://support.mozilla.org/questions/1466402,,,,,,,,,,1,true,1.71,False,
1466407,2024-09-30T16:55:19.054098Z,2024-09-30,hu,installation-and-updates,thunderbird;installation-and-updates;,csabatrans87,frissítés utáni problémák,https://support.mozilla.org/questions/1466407,,,,,,,,,,0,false,,False,
1466409,2024-09-30T16:58:48.846203Z,2024-09-30,en-US,settings,thunderbird;settings;,jkjh.products,Unable to import contacts from vCard file.,https://support.mozilla.org/questions/1466409,os:windows,,,,,,,,,0,false,,False,
1466411,2024-09-30T17:19:49.452279Z,2024-09-30,en-US,settings,thunderbird;settings;,SadFirefoxUser,Add Cc column to Inbox and other folders?,https://support.mozilla.org/questions/1466411,,,,,,,,,,2,true,0.53,False,
1466416,2024-09-30T17:30:01.760179Z,2024-09-30,en-US,email-and-messaging,thunderbird;email-and-messaging;,bilichdavid,"gmail works on thunderbird, roadrunner (spectrum) does not. roadrunner (spectrum) works on all other devices not using t",https://support.mozilla.org/questions/1466416,,,,,,m:gmail;m:microsoftemail,isp:spectrum,,,0,false,,False,
1466417,2024-09-30T17:33:05.560937Z,2024-09-30,en-US,email-and-messaging,thunderbird;email-and-messaging;,c.lund1,add calendar tab to Thunderbird,https://support.mozilla.org/questions/1466417,,,,,,,,,,1,true,0.14,True,christ1
1466420,2024-09-30T17:51:16.901178Z,2024-09-30,en-US,passwords-and-sign-in,thunderbird;passwords-and-sign-in;,pdtoth,Thunderbird stopped accessing my gmail account  - password stopped working,https://support.mozilla.org/questions/1466420,,,,,,m:gmail,,,,0,false,,False,
1466421,2024-09-30T18:02:52.768281Z,2024-09-30,en-US,account-management,firefox;passwords-and-sign-in;,19psmith,Password for Thunderbird no longer working.,https://support.mozilla.org/questions/1466421,,,,,,m:microsoftemail,,,,1,true,112.86,False,
1466422,2024-09-30T18:19:38.724898Z,2024-09-30,nl,installation-and-updates,thunderbird;installation-and-updates;,djwesteneng,Aanmelden Gmail account blijft hangen op wachtwoord controleren,https://support.mozilla.org/questions/1466422,os:windows,,,,,m:gmail,,,,5,true,19.13,False,
1466423,2024-09-30T18:20:43.392116Z,2024-09-30,en-US,email-and-messaging,thunderbird;email-and-messaging;,srmiller57,I do not seem to be able to retrieve hotmail emails,https://support.mozilla.org/questions/1466423,,,,,,m:microsoftemail,,,,1,true,112.55,False,
1466427,2024-09-30T18:42:40.107513Z,2024-09-30,en-US,installation-and-updates,thunderbird;installation-and-updates;,af8c,Email in Drafts folder is Sent without my clicking SEND. No record of the sending exists in the SENT folder,https://support.mozilla.org/questions/1466427,,,,,,,,,,7,true,19.85,False,
1466432,2024-09-30T19:18:16.565306Z,2024-09-30,en-US,email-and-messaging,thunderbird;email-and-messaging;,cewens1,"Asian characters in the ""To"" and ""From"" headers when using one of my email addresses",https://support.mozilla.org/questions/1466432,,,,,,,,,,0,false,,False,
1466435,2024-09-30T19:28:00.507033Z,2024-09-30,pt-BR,email-and-messaging,thunderbird;email-and-messaging;,gabrielrubensdeps,Email codificado,https://support.mozilla.org/questions/1466435,,,,,,,,,,0,false,,False,
1466436,2024-09-30T19:56:53.508225Z,2024-09-30,en-US,installation-and-updates,macos;installation-and-updates;,THasemeier,Thunderbird,https://support.mozilla.org/questions/1466436,os:other,High Sierra 10.13.615.15,,,,m:microsoftemail,,,,1,true,0.42,False,
1466438,2024-09-30T20:05:35.854458Z,2024-09-30,tr,email-and-messaging,thunderbird;email-and-messaging;,sinancapan,Thunderbird'de hotmail postalarını alamıyorum,https://support.mozilla.org/questions/1466438,,,,,,m:microsoftemail,,proto:smtp;proto:pop,,1,true,110.41,False,
1466444,2024-09-30T20:56:31.617803Z,2024-09-30,en-US,email-and-messaging,thunderbird;email-and-messaging;,mental-tarsus02,Error: encryptMessageStart FAILED: undefined,https://support.mozilla.org/questions/1466444,,,,,,m:gmail,,,,8,true,76.46,False,
1466446,2024-09-30T21:21:16.485321Z,2024-09-30,en-US,performance-and-connectivity,thunderbird;performance-and-connectivity;,laister,Thunderbird eMail,https://support.mozilla.org/questions/1466446,,,,,,,,,,1,true,18.9,False,
1466447,2024-09-30T21:28:58.122632Z,2024-09-30,en-US,email-and-messaging,thunderbird;email-and-messaging;,lmd5,Zimbra and Thunderbird label matching,https://support.mozilla.org/questions/1466447,,,,,,,,,,0,false,,False,
1466448,2024-09-30T21:33:50.825575Z,2024-09-30,en-US,email-and-messaging,thunderbird;email-and-messaging;,opti1,Migrate address book from Tbird v52 to v78 - format conversion needed?,https://support.mozilla.org/questions/1466448,os:windows,,,,,,,proto:imap;proto:pop,,1,true,10.41,False,
1466452,2024-09-30T22:11:47.083989Z,2024-09-30,en-US,email-and-messaging,thunderbird;email-and-messaging;,johnrcox,Trying to print an email causes hard loop,https://support.mozilla.org/questions/1466452,,,,,,,,,,4,true,8.9,True,Agentvirtuel
1466454,2024-09-30T22:43:34.716320Z,2024-09-30,en-US,email-and-messaging,thunderbird;email-and-messaging;,mental-tarsus02,"Decryption using smartcard fails: openpgp: Decrypted; key=, plainText= decryption.sys.mjs:316:14",https://support.mozilla.org/questions/1466454,,,,,,,,,,2,true,74.69,False,
1466455,2024-09-30T23:04:25.954954Z,2024-09-30,en-US,settings,thunderbird;settings;,SadFirefoxUser,Dragging folder to another folder immediately opens destination folder with no hover time. Extremely annoying!,https://support.mozilla.org/questions/1466455,,,,,,,,,,3,true,17.73,False,
1466458,2024-09-30T23:15:36.704083Z,2024-09-30,en-US,email-and-messaging,thunderbird;email-and-messaging;,doniel,Attachment size GROWS,https://support.mozilla.org/questions/1466458,,,,,,m:gmail,,,,2,false,,True,doniel
1466459,2024-09-30T23:20:03.098945Z,2024-09-30,en-US,installation-and-updates,thunderbird;installation-and-updates;,gbpos,"TB 128.2.3esr displays only last email, has many in folder",https://support.mozilla.org/questions/1466459,,,,,,,,,,0,false,,False,
