id,created,created_date,locale,topic,tags,creator,title,question_url,os,os_raw,tb_version,tb_version_major,mail_provider,isp,protocol,av,num_answers,is_answered,first_answer_hours,is_solved,solved_by
1455720,2024-08-01T00:01:04.951408Z,2024-08-01,en-US,troubleshooting,troubleshooting;,pieterdereuver,"cannot sent e-mails, a screen fllashes very short time,cannot read what it says",https://support.mozilla.org/questions/1455720,,,,,,,,,0,false,,False,
1455721,2024-08-01T00:23:40.955328Z,2024-08-01,en-US,troubleshooting,troubleshooting;,stickneyjp,Local Folders disappeared,https://support.mozilla.org/questions/1455721,,,,,,,,,0,false,,False,
1455723,2024-08-01T00:38:31.291639Z,2024-08-01,en-US,troubleshooting,troubleshooting;,Czdam888,Cant use gmail,https://support.mozilla.org/questions/1455723,,,,,m:gmail,,,,0,false,,False,
1455731,2024-08-01T01:38:31.890353Z,2024-08-01,en-US,troubleshooting,troubleshooting;,alcee1,Wrong Password.,https://support.mozilla.org/questions/1455731,,,,,m:microsoftemail,,proto:imap,,1,true,0.85,False,
1455732,2024-08-01T02:09:38.329421Z,2024-08-01,en-US,privacy-and-security,protect-your-privacy;,xry1,Thunderbird emails available to anyone looking?,https://support.mozilla.org/questions/1455732,,,,,,,,,0,false,,False,
1455735,2024-08-01T02:52:22.186485Z,2024-08-01,en-US,installation-and-updates,install-and-update;,sep,Thunderbird 128 and TbSync,https://support.mozilla.org/questions/1455735,,,,,m:microsoftemail,,,,2,true,2.57,False,
1455739,2024-08-01T03:30:43.648231Z,2024-08-01,en-US,settings,customize-settings-and-preferences;,thunderbirds_are_go,Categorise sent email in folder replied from without creating a copy in 'Sent' folder in Thunderbird,https://support.mozilla.org/questions/1455739,,,,,m:microsoftemail,,,,10,true,1.83,False,
1455740,2024-08-01T03:43:47.493346Z,2024-08-01,en-US,other,other;,Jetranger,"Hi, I'm having this same problem, was a solution ever found?",https://support.mozilla.org/questions/1455740,,,,,m:gmail,,proto:pop,,1,false,,True,Jetranger
1455748,2024-08-01T05:07:07.442500Z,2024-08-01,en-US,troubleshooting,troubleshooting;tb128;,mjm,Thunderbird 128.0.1esr - upgrade changed UI and now very hard to read UI for individual messages.  Pop!_OS 22.04 LTS,https://support.mozilla.org/questions/1455748,os:linux,,,,,,proto:pop,,3,true,5.95,False,
1455749,2024-08-01T05:17:55.989386Z,2024-08-01,en-US,troubleshooting,troubleshooting;,martyhhtexas,Password,https://support.mozilla.org/questions/1455749,os:windows,,,,m:yahooemail,isp:att,proto:imap,,0,false,,False,
1455750,2024-08-01T05:28:27.211138Z,2024-08-01,it,other,other;needsinfo;,andrea.orfano.rot,Non si cancellano dal cestino le cartelle vuote cancellate ormai da tmepo dal cestino di lebero sul server di posta,https://support.mozilla.org/questions/1455750,,,,,,,,,1,true,0.4,False,
1455751,2024-08-01T05:44:16.690314Z,2024-08-01,en-US,troubleshooting,troubleshooting;,danetjan,Titles of new emails appear in Inbox. Cannot open them,https://support.mozilla.org/questions/1455751,,,,,,,,,0,false,,False,
1455754,2024-08-01T07:04:20.330593Z,2024-08-01,it,troubleshooting,needsinfo;troubleshooting;,lorettaperinelli76,NON RIESCO PIU' A LEGGERE I MESSAGGI APERTI,https://support.mozilla.org/questions/1455754,,,,,,,,,2,true,1.06,False,
1455756,2024-08-01T07:12:37.839498Z,2024-08-01,en-US,installation-and-updates,dataloss;install-and-update;tb128;tb128dataloss;,Jay.Dear,My feeds have disappeared in latest update of TB... v128.0.3,https://support.mozilla.org/questions/1455756,,,,,,,,,4,true,1800.04,False,
1455757,2024-08-01T07:14:33.928176Z,2024-08-01,en-US,troubleshooting,troubleshooting;,michael.held,Automatic deletion of some emails,https://support.mozilla.org/questions/1455757,,,,,,,,,1,true,81.9,False,
1455759,2024-08-01T07:47:16.381331Z,2024-08-01,en-US,other,other;,t310756,Serveranmeldung,https://support.mozilla.org/questions/1455759,,,,,,,,,6,true,3.61,False,
1455761,2024-08-01T08:14:03.961536Z,2024-08-01,it,troubleshooting,troubleshooting;,agazzi.ezio,Contenuto delle email vuoto,https://support.mozilla.org/questions/1455761,,,,,,,,,4,true,0.39,False,
1455763,2024-08-01T08:28:01.393997Z,2024-08-01,en-US,settings,customize-settings-and-preferences;,andy279,Card view is now 3 lines - 128.0.1esr (64-bit),https://support.mozilla.org/questions/1455763,,,,,,,,,0,false,,False,
1455764,2024-08-01T08:32:46.309568Z,2024-08-01,en-US,troubleshooting,troubleshooting;,drew26,Years of blank emails in my inbox,https://support.mozilla.org/questions/1455764,,,,,m:gmail,,,,2,true,4.26,False,
1455768,2024-08-01T09:18:03.721617Z,2024-08-01,en-US,troubleshooting,troubleshooting;,athegn,Sign-in options,https://support.mozilla.org/questions/1455768,,,,,,,,,1,false,,False,
1455769,2024-08-01T09:49:53.688360Z,2024-08-01,en-US,troubleshooting,troubleshooting;,zgloa,using different addresses in mailing lists,https://support.mozilla.org/questions/1455769,,,,,,,,,2,true,7.58,True,sfhowes
1455770,2024-08-01T09:53:47.350450Z,2024-08-01,en-US,settings,customize-settings-and-preferences;,trishah,How to change colors of Thunderbird new message notifications?,https://support.mozilla.org/questions/1455770,,,,,,,,,0,false,,False,
1455771,2024-08-01T09:58:40.225296Z,2024-08-01,en-US,installation-and-updates,install-and-update;,vlilley,Getting the spell checker to work,https://support.mozilla.org/questions/1455771,,,,,,,,,1,true,0.33,True,ThePillenwerfer
1455772,2024-08-01T10:10:48.112873Z,2024-08-01,en-US,settings,customize-settings-and-preferences;,a.szumna,Wiadomość od jednego odbiorcy stale wpadają do folderu spam,https://support.mozilla.org/questions/1455772,,,,,,,,,1,true,0.53,False,
1455774,2024-08-01T10:50:58.922350Z,2024-08-01,it,settings,needsinfo;customize-settings-and-preferences;,digitale1,Applicare ad una sottocartella un filtro di inoltro messaggio,https://support.mozilla.org/questions/1455774,,,,,,,,,1,true,5.01,False,
1455778,2024-08-01T11:38:24.225216Z,2024-08-01,en-US,installation-and-updates,install-and-update;,ajrussell333,installing thunderbird on an alternative device,https://support.mozilla.org/questions/1455778,os:windows,,,,,,,,1,true,8.75,False,
1455782,2024-08-01T11:50:54.444387Z,2024-08-01,en-US,installation-and-updates,install-and-update;,anthea13,I am having difficulty installing my PlusNet email account,https://support.mozilla.org/questions/1455782,os:windows,,,,m:yahooemail,,,,2,true,1.65,False,
1455784,2024-08-01T12:00:38.282693Z,2024-08-01,en-US,troubleshooting,troubleshooting;,erinelq,RESTORE TB FRONT PAGE,https://support.mozilla.org/questions/1455784,,,,,,,,,1,false,,True,erinelq
1455786,2024-08-01T12:13:32.140819Z,2024-08-01,en-US,calendar,calendar;,rweisbond,how do I add icloud calendar to thunderbird. Using version 128.0.1esr (64-bit),https://support.mozilla.org/questions/1455786,,,,,,,,,0,false,,False,
1455787,2024-08-01T12:15:55.841173Z,2024-08-01,en-US,other,other;,tonyandtas,Forwarding emails,https://support.mozilla.org/questions/1455787,,,,,m:microsoftemail,,,,0,false,,False,
1455788,2024-08-01T12:37:31.511991Z,2024-08-01,en-US,other,other;,sylwia3,problem with receiving emails,https://support.mozilla.org/questions/1455788,,,,,m:microsoftemail,,,,0,false,,False,
1455791,2024-08-01T12:46:07.884923Z,2024-08-01,en-US,troubleshooting,troubleshooting;,poseikar,Send button does nothing when 'check and send' add on is enabled since today-nebula vn 128.0.1esr 64 bit,https://support.mozilla.org/questions/1455791,,,,,,,,,0,false,,False,
1455794,2024-08-01T13:03:12.818760Z,2024-08-01,en-US,other,other;,pgt3,Sending e-mail,https://support.mozilla.org/questions/1455794,,,,,,,proto:smtp,,0,false,,False,
1455797,2024-08-01T13:09:38.860502Z,2024-08-01,en-US,installation-and-updates,install-and-update;,Dave_Martin,Thunderbird profile,https://support.mozilla.org/questions/1455797,os:windows,,,,,,,,3,true,1.42,False,
1455799,2024-08-01T13:19:12.328597Z,2024-08-01,en-US,privacy-and-security,protect-your-privacy;,philippe.renwart,Edit recieved e mails,https://support.mozilla.org/questions/1455799,,,,,,,,,1,true,7.02,False,
1455800,2024-08-01T13:23:02.006746Z,2024-08-01,en-US,troubleshooting,troubleshooting;,hardlaceroses,How Do I Change My Passwords for Thunderbird,https://support.mozilla.org/questions/1455800,,,,,,,,,2,true,1.69,False,
1455802,2024-08-01T13:24:49.402674Z,2024-08-01,en-US,other,other;,suber,emails,https://support.mozilla.org/questions/1455802,,,,,,,,,1,true,6.94,False,
1455803,2024-08-01T13:28:56.599242Z,2024-08-01,en-US,other,other;,deirdre4,Is it possible to restore and email account and its associated folders,https://support.mozilla.org/questions/1455803,,,,,,,,,7,true,0.47,False,
1455804,2024-08-01T13:31:04.087395Z,2024-08-01,en-US,troubleshooting,troubleshooting;,alan241,Version compatabilty,https://support.mozilla.org/questions/1455804,os:windows,,,,,,,,3,true,0.2,True,alan241
1455809,2024-08-01T14:07:25.598665Z,2024-08-01,en-US,troubleshooting,troubleshooting;,tstewart1216,Junk mail not moving,https://support.mozilla.org/questions/1455809,,,,,,,,,0,false,,False,
1455810,2024-08-01T14:12:41.261303Z,2024-08-01,en-US,troubleshooting,troubleshooting;,nate01pa,Microsoft mail,https://support.mozilla.org/questions/1455810,,,,,m:microsoftemail,,,,0,false,,False,
1455811,2024-08-01T14:14:17.544445Z,2024-08-01,en-US,troubleshooting,troubleshooting;tb128;tb128dataloss;,dotniet,"Suddenly, Thunderbird lost all emails",https://support.mozilla.org/questions/1455811,,,,,m:gmail,,proto:pop,,7,true,100.51,False,
1455812,2024-08-01T14:15:59.205577Z,2024-08-01,it,troubleshooting,needsinfo;troubleshooting;,blumave,NON SI LEGGONO I MESSAGGI,https://support.mozilla.org/questions/1455812,,,,,,,,,2,true,1.63,False,
1455813,2024-08-01T14:19:05.150164Z,2024-08-01,en-US,settings,customize-settings-and-preferences;,lafargeotte,Rename Default Folders Thunderbird,https://support.mozilla.org/questions/1455813,,,,,,,,,5,true,0.87,False,
1455816,2024-08-01T14:30:36.351122Z,2024-08-01,en-US,other,other;,connman,Thunderbird 128 Nebula / Spell Check,https://support.mozilla.org/questions/1455816,,,,,,,,,6,true,1.69,False,
1455817,2024-08-01T14:39:13.713803Z,2024-08-01,en-US,troubleshooting,troubleshooting;,cwley,cannot get into my Thunderbird email,https://support.mozilla.org/questions/1455817,,,,,m:gmail,,proto:imap,,0,false,,False,
1455821,2024-08-01T14:44:19.955624Z,2024-08-01,it,other,other;needsinfo;,studiopinaarrigo,visualizzazione testo mail inviate,https://support.mozilla.org/questions/1455821,,,,,,,,,2,true,1.18,False,
1455822,2024-08-01T14:49:08.803855Z,2024-08-01,en-US,troubleshooting,troubleshooting;,buskus616,TB Send Command,https://support.mozilla.org/questions/1455822,,,,,,,,,4,true,0.45,True,buskus616
1455823,2024-08-01T14:52:27.922370Z,2024-08-01,en-US,other,other;,OttoList,Löschen einer alten email adresse,https://support.mozilla.org/questions/1455823,,,,,,,,,0,false,,False,
1455824,2024-08-01T14:57:09.825495Z,2024-08-01,en-US,other,other;,polisdaniel88,"URL ""pdandyman@cox.net"" was discontinued by Cox and is being serviced by Yahoo. Can Thunderbird accomplish the same?",https://support.mozilla.org/questions/1455824,,,,,m:yahooemail,isp:cox,,,1,true,0.28,False,
1455825,2024-08-01T14:58:02.582433Z,2024-08-01,nl,troubleshooting,troubleshooting;,jelvis70,mail berichten ontvang ik met deze code --------------7013C11E8FF16E771D0774FD--,https://support.mozilla.org/questions/1455825,,,,,,,,,2,true,27.63,False,
1455826,2024-08-01T15:05:25.577318Z,2024-08-01,en-US,other,other;,polisdaniel88,email address,https://support.mozilla.org/questions/1455826,,,,,m:yahooemail,isp:cox,,,1,true,0.13,False,
1455827,2024-08-01T15:18:33.818983Z,2024-08-01,en-US,troubleshooting,troubleshooting;,ivanwarner247,thunderbird will not accept password that is correct.,https://support.mozilla.org/questions/1455827,,,,,,,,,4,true,0.81,False,
1455829,2024-08-01T15:33:30.156197Z,2024-08-01,it,other,other;,amministrazionedap,Risposta automatica,https://support.mozilla.org/questions/1455829,,,,,,,,,3,true,0.16,False,
1455830,2024-08-01T15:35:55.351488Z,2024-08-01,es,other,other;,robema.02,aportación económica,https://support.mozilla.org/questions/1455830,,,,,,,,,1,true,60.29,False,
1455833,2024-08-01T15:46:03.923478Z,2024-08-01,en-US,troubleshooting,troubleshooting;,BillTreloar,Thunderbird is noit trying to connect to my main email,https://support.mozilla.org/questions/1455833,,,,,m:gmail,,,,0,false,,False,
1455835,2024-08-01T15:52:07.815450Z,2024-08-01,en-US,other,other;,MysteryMan,Where does Thunderbird get it's addresses from?,https://support.mozilla.org/questions/1455835,,,,,,,,,5,true,41.15,True,MysteryMan
1455839,2024-08-01T16:02:59.665953Z,2024-08-01,en-US,troubleshooting,troubleshooting;,bret_stern,LDAP - Broken,https://support.mozilla.org/questions/1455839,,,,,,,,,0,false,,False,
1455846,2024-08-01T16:46:40.289094Z,2024-08-01,en-US,calendar,calendar;,mafrye5853,"After Nebula update, all calendars are empty. SOLVED Seems to have fixed itself after a reboot/on a different networ",https://support.mozilla.org/questions/1455846,os:windows,,,,,,,,0,false,,False,
1455854,2024-08-01T17:50:12.729951Z,2024-08-01,it,troubleshooting,needsinfo;troubleshooting;,studiolegalechioini,thunderbird non risponde,https://support.mozilla.org/questions/1455854,,,,,,,,,2,true,14.52,False,
1455857,2024-08-01T18:30:30.787092Z,2024-08-01,en-US,settings,customize-settings-and-preferences;,LGStevens,Emails stopped sending suddenly,https://support.mozilla.org/questions/1455857,,,,,,,,,1,true,3.44,False,
1455866,2024-08-01T19:43:58.506078Z,2024-08-01,en-US,settings,customize-settings-and-preferences;,sjquelch57,Colour Scheme,https://support.mozilla.org/questions/1455866,,,,,,,,,3,true,0.14,True,sjquelch57
1455868,2024-08-01T19:45:53.513119Z,2024-08-01,en-US,other,other;,sweettasha,"How to navigate to the ""full feature"" SEARCH",https://support.mozilla.org/questions/1455868,,,,,,,,,1,true,0.15,False,
1455870,2024-08-01T19:59:04.225281Z,2024-08-01,en-US,other,other;,pambeseder,REMOVE email from the Correspondence column,https://support.mozilla.org/questions/1455870,,,,,,,,,3,true,0.41,True,ThePillenwerfer
1455873,2024-08-01T20:11:45.132390Z,2024-08-01,en-US,troubleshooting,troubleshooting;,BobbyBobBob,Can't Send Any Email! re: Update 128.0.1esr,https://support.mozilla.org/questions/1455873,,,,,,,,,3,true,34.07,False,
1455875,2024-08-01T20:14:18.869231Z,2024-08-01,en-US,installation-and-updates,install-and-update;,jimarch36,Signing in to account - none of the passwords I have used are recognized,https://support.mozilla.org/questions/1455875,,,,,,,,,1,true,34.19,False,
1455878,2024-08-01T20:42:42.579206Z,2024-08-01,en-US,troubleshooting,troubleshooting;,zobristicator,Extensions appear and disappear when accessing Thunderbird 128.0.1esr from two computers,https://support.mozilla.org/questions/1455878,os:windows,,,,,,,,2,true,33.68,False,
1455881,2024-08-01T21:18:59.103538Z,2024-08-01,en-US,troubleshooting,troubleshooting;,theroguex,"Unable to add accounts (gmail, custom domains, etc)",https://support.mozilla.org/questions/1455881,os:windows,,,,m:gmail,,,,6,true,33.02,False,
1455882,2024-08-01T21:25:07.657131Z,2024-08-01,en-US,settings,customize-settings-and-preferences;,danielson,Anyway to improve shutdown time?,https://support.mozilla.org/questions/1455882,os:linux,,,,m:gmail;m:gmx,,proto:imap,,0,false,,False,
1455883,2024-08-01T21:37:29.581537Z,2024-08-01,en-US,installation-and-updates,install-and-update;,bex8798,Setting up,https://support.mozilla.org/questions/1455883,,,,,m:gmail,,proto:smtp,,1,true,38.04,False,
1455884,2024-08-01T21:39:02.512263Z,2024-08-01,en-US,other,other;,lily10,How to see the emails from a deleted account?,https://support.mozilla.org/questions/1455884,,,,,,,,,0,false,,False,
1455892,2024-08-01T22:22:38.817573Z,2024-08-01,en-US,troubleshooting,troubleshooting;,marinell.borilla,Thunderbird not always working on my MacBook,https://support.mozilla.org/questions/1455892,,,,,,,,,2,true,2.9,False,
1455893,2024-08-01T22:39:56.036000Z,2024-08-01,en-US,calendar,calendar;,roycekelley,"Date range intervals in ""Find Events"" panel updated",https://support.mozilla.org/questions/1455893,,,,,,,,,1,true,152.61,False,
1455894,2024-08-01T22:45:05.258671Z,2024-08-01,en-US,settings,customize-settings-and-preferences;,roycekelley,New message popup - wrong theme,https://support.mozilla.org/questions/1455894,,,,,,,,,1,true,31.49,False,
1455895,2024-08-01T22:46:41.713987Z,2024-08-01,en-US,troubleshooting,troubleshooting;,play2,"Thunderbird is naming similar emails with the same name in the ""From"" field",https://support.mozilla.org/questions/1455895,,,,,m:microsoftemail,,,,6,true,2.32,False,
1455905,2024-08-01T23:55:48.098946Z,2024-08-01,en-US,troubleshooting,troubleshooting;,bdomander,Incoming emails to one account don't arrive.  Emails to my other account arrive in both inboxes.,https://support.mozilla.org/questions/1455905,,,,,m:yahooemail,isp:rogers,,,0,false,,False,
1455918,2024-08-02T02:33:39.713377Z,2024-08-02,en-US,troubleshooting,troubleshooting;,dmatusow,Thunderbird - download messages and final message count,https://support.mozilla.org/questions/1455918,,,,,,,proto:imap;proto:pop,,3,true,8.6,False,
1455924,2024-08-02T03:53:02.039962Z,2024-08-02,en-US,troubleshooting,troubleshooting;,glory27011072,"When trying to delete old emails from my Inbox Mozilla sends this message - ""Try deleting emails""",https://support.mozilla.org/questions/1455924,,,,,,,,,1,true,8.03,False,
1455926,2024-08-02T04:36:23.410580Z,2024-08-02,en-US,other,other;,tcfranklin,Cannot connect to mail server,https://support.mozilla.org/questions/1455926,,,,,,isp:optimum,proto:smtp;proto:pop,,1,true,25.61,False,
1455932,2024-08-02T05:26:03.780039Z,2024-08-02,en-US,settings,customize-settings-and-preferences;,glorydom46,cant get my e mails,https://support.mozilla.org/questions/1455932,,,,,,,,,1,true,24.77,False,
1455939,2024-08-02T06:43:38.301213Z,2024-08-02,en-US,other,other;,w7wll,Moving Email Folders from a webmail platform to Thunderbird,https://support.mozilla.org/questions/1455939,,,,,,,,,1,true,3.4,False,
1455940,2024-08-02T07:05:07.576580Z,2024-08-02,it,settings,customize-settings-and-preferences;,blasiis,Firma HTML con immagine link,https://support.mozilla.org/questions/1455940,,,,,,,,,1,true,1.24,False,
1455941,2024-08-02T07:05:10.269190Z,2024-08-02,en-US,troubleshooting,troubleshooting;,bywk10,Sent email not saved to Sent folder?,https://support.mozilla.org/questions/1455941,,,,,,,,,1,true,23.09,False,
1455943,2024-08-02T07:06:03.537327Z,2024-08-02,it,troubleshooting,needsinfo;troubleshooting;,davide.scorrano,connessione con alice fuori tempo..da mercoledi31/7,https://support.mozilla.org/questions/1455943,,,,,,,,,1,true,1.17,False,
1455945,2024-08-02T07:08:57.366025Z,2024-08-02,en-US,installation-and-updates,install-and-update;,andykletv,New Thunderbird Version - I get custom sounds AND systemsound at the same time,https://support.mozilla.org/questions/1455945,,,,,,,,,1,true,21.78,False,
1455950,2024-08-02T08:06:06.082267Z,2024-08-02,en-US,troubleshooting,troubleshooting;,diana.tr.2012,"The program does not start, shows an error",https://support.mozilla.org/questions/1455950,,,,,,,,,1,true,22.04,False,
1455953,2024-08-02T08:14:28.658496Z,2024-08-02,en-US,settings,customize-settings-and-preferences;,tgmct,Delay Message Filter,https://support.mozilla.org/questions/1455953,,,,,,,,,1,true,2.67,False,
1455955,2024-08-02T08:35:28.847895Z,2024-08-02,en-US,settings,customize-settings-and-preferences;,chris270,TB Folder Counts & Unified Folders,https://support.mozilla.org/questions/1455955,,,,,,,,,6,true,21.45,False,
1455961,2024-08-02T08:50:56.670922Z,2024-08-02,en-US,troubleshooting,troubleshooting;,user107112997121691276202746349817971363780,Missing almost all folders after import from office365.com IMAP,https://support.mozilla.org/questions/1455961,,,,,m:microsoftemail,,proto:imap,,1,true,2.33,False,
1455968,2024-08-02T10:04:09.420469Z,2024-08-02,en-US,troubleshooting,troubleshooting;,ricclark,sporadic frames appear regarding password,https://support.mozilla.org/questions/1455968,os:windows,,,,,,proto:pop,,1,true,19.79,False,
1455969,2024-08-02T10:10:39.764638Z,2024-08-02,en-US,settings,customize-settings-and-preferences;,davef8555,Am I going to get this Donate page come up every time I try to check my Emails,https://support.mozilla.org/questions/1455969,,,,,,,,,1,true,19.65,False,
1455970,2024-08-02T10:14:35.465872Z,2024-08-02,en-US,privacy-and-security,protect-your-privacy;,me225,Use public S/MIME certificate with same domain but different email,https://support.mozilla.org/questions/1455970,,,,,,,,,4,true,19.55,False,
1455971,2024-08-02T10:14:53.094683Z,2024-08-02,en-US,other,other;,Isaac12,Mail not sending: Recipient address rejected: Access denied,https://support.mozilla.org/questions/1455971,,,,,,,,,3,true,0.52,False,
1455976,2024-08-02T10:42:46.062128Z,2024-08-02,en-US,installation-and-updates,install-and-update;,genem,"Thunderbird error messasge ""cannot load xpcom""",https://support.mozilla.org/questions/1455976,,,,,,,,,1,true,0.16,False,
1455982,2024-08-02T11:17:48.814503Z,2024-08-02,en-US,troubleshooting,troubleshooting;,thomasJ.just,I would like with a person about Thunderbird,https://support.mozilla.org/questions/1455982,,,,,,,,,1,true,0.87,False,
1455985,2024-08-02T11:55:49.065444Z,2024-08-02,it,troubleshooting,troubleshooting;,mpesare69,mia mail aziendale,https://support.mozilla.org/questions/1455985,,,,,,,,,3,true,3.6,False,
1455986,2024-08-02T12:03:53.354401Z,2024-08-02,en-US,other,other;,francesca.butuman,Issue with Receiving Groove Invitation Links in Thunderbird,https://support.mozilla.org/questions/1455986,,,,,,,,,1,true,0.03,False,
1455987,2024-08-02T12:06:29.248774Z,2024-08-02,en-US,troubleshooting,troubleshooting;,dsgnorton,problem with email code 554,https://support.mozilla.org/questions/1455987,,,,,,,,av:norton,1,true,0.16,False,
1455988,2024-08-02T12:10:23.194597Z,2024-08-02,en-US,other,other;,PineGrove36,"If I delete an account, will old emails remain in the local folders?",https://support.mozilla.org/questions/1455988,,,,,,,proto:pop,,3,true,0.13,False,
1455989,2024-08-02T12:11:15.406850Z,2024-08-02,en-US,troubleshooting,troubleshooting;,aleksander.krotoszyn,logowanie na serwerze  użytkownika  - błąd,https://support.mozilla.org/questions/1455989,,,,,,,,,0,false,,False,
1455996,2024-08-02T13:02:38.797962Z,2024-08-02,nl,troubleshooting,troubleshooting;,info8266,Lokale mappen in Thunderbird verdwenen,https://support.mozilla.org/questions/1455996,,,,,,,,,3,true,5.47,False,
1455999,2024-08-02T13:27:54.052912Z,2024-08-02,en-US,troubleshooting,troubleshooting;,donnamilanetti,emailed moved to new computer but can not find all my folders,https://support.mozilla.org/questions/1455999,,,,,,,,,1,true,1.48,False,
1456005,2024-08-02T14:13:50.167574Z,2024-08-02,en-US,settings,customize-settings-and-preferences;,classikev,Thunderbird menu item for Microsoft OAuth authentication,https://support.mozilla.org/questions/1456005,,,,,,,proto:oauth,,2,true,0.7,True,davidsk
1456006,2024-08-02T14:17:25.821556Z,2024-08-02,it,other,other;needsinfo;,massimo.delgobbo60,perso e-mail ricevute negli ultimi due mesi,https://support.mozilla.org/questions/1456006,,,,,,,,,7,true,1.29,False,
1456008,2024-08-02T14:24:52.548960Z,2024-08-02,en-US,troubleshooting,troubleshooting;,gpk1946,Thunderbird Signon,https://support.mozilla.org/questions/1456008,,,,,m:gmail,,,,1,true,18.79,False,
1456012,2024-08-02T14:39:18.073700Z,2024-08-02,en-US,settings,customize-settings-and-preferences;,fouzia1,gmail and email problem error,https://support.mozilla.org/questions/1456012,,,,,m:gmail,,,,1,true,0.21,False,
1456013,2024-08-02T14:42:06.754262Z,2024-08-02,it,troubleshooting,troubleshooting;,cesenatico,Non si apre più thunderbird,https://support.mozilla.org/questions/1456013,,,,,,,,,1,true,0.98,False,
1456017,2024-08-02T15:10:09.651481Z,2024-08-02,it,troubleshooting,troubleshooting;,gugo211264,lettura email,https://support.mozilla.org/questions/1456017,,,,,,,,,2,true,0.54,False,
1456029,2024-08-02T16:14:41.900800Z,2024-08-02,cs,troubleshooting,troubleshooting;,ondrej.vastak,Odpojování od serveru,https://support.mozilla.org/questions/1456029,,,,,,,proto:smtp,,1,true,1.45,False,
1456031,2024-08-02T16:18:49.811307Z,2024-08-02,en-US,calendar,calendar;,gary210,Calendar repeat events now all showing in list,https://support.mozilla.org/questions/1456031,,,,,,,,,0,false,,False,
1456035,2024-08-02T16:44:31.969257Z,2024-08-02,en-US,troubleshooting,troubleshooting;,wolfeent,Email Lost Messages,https://support.mozilla.org/questions/1456035,,,,,,,,,0,false,,False,
1456037,2024-08-02T16:48:39.833382Z,2024-08-02,en-US,other,other;bug1911402;,digit6,New 128 Version completely screwed up message cards!,https://support.mozilla.org/questions/1456037,,,,,,,,,3,true,1.95,False,
1456039,2024-08-02T16:56:17.711285Z,2024-08-02,en-US,installation-and-updates,install-and-update;,amolina43,Firebird,https://support.mozilla.org/questions/1456039,,,,,,,,,1,true,3.44,False,
1456040,2024-08-02T16:57:25.582177Z,2024-08-02,it,other,other;needsinfo;,riccardo_thunder,NextPart_000 ??,https://support.mozilla.org/questions/1456040,,,,,,,,,7,true,0.65,False,
1456041,2024-08-02T16:58:23.573550Z,2024-08-02,en-US,troubleshooting,troubleshooting;,arthurhazboun,TB128.0.1esr error - Authentication failure while connecting to server pop3.live.com,https://support.mozilla.org/questions/1456041,,,,,m:microsoftemail,,proto:pop,,2,true,21.56,False,
1456043,2024-08-02T17:01:12.571435Z,2024-08-02,en-US,troubleshooting,troubleshooting;,joannam,Thunderbird prompting me to sign in to Google while no account is a gmail account,https://support.mozilla.org/questions/1456043,,,,,m:gmail,,,,4,true,12.72,False,
1456049,2024-08-02T17:12:01.876902Z,2024-08-02,en-US,troubleshooting,troubleshooting;,dennisjds,inbox problem,https://support.mozilla.org/questions/1456049,,,,,,,,,1,true,12.48,False,
1456053,2024-08-02T17:20:36.308889Z,2024-08-02,en-US,installation-and-updates,install-and-update;,prpa1440,Mailbox setup,https://support.mozilla.org/questions/1456053,,,,,m:gmail,,,,10,true,1.36,False,
1456055,2024-08-02T17:29:08.549407Z,2024-08-02,en-US,troubleshooting,troubleshooting;,fahadshaikh111282,Nubela Thunderbird Version Hang,https://support.mozilla.org/questions/1456055,,,,,,,,,2,true,20.98,False,
1456060,2024-08-02T17:47:32.678522Z,2024-08-02,en-US,settings,customize-settings-and-preferences;,bluesky102001,"Email messages received, display single line only",https://support.mozilla.org/questions/1456060,os:windows,,,,,,,,5,true,0.75,True,davidsk
1456063,2024-08-02T17:54:46.122829Z,2024-08-02,en-US,settings,customize-settings-and-preferences;,regierdesigns,needing a password to send an email,https://support.mozilla.org/questions/1456063,,,,,,,,,1,true,11.75,False,
1456066,2024-08-02T18:13:16.232972Z,2024-08-02,pt-BR,troubleshooting,troubleshooting;,jasonsnunes,Os anexos sumiram,https://support.mozilla.org/questions/1456066,,,,,,,,,0,false,,False,
1456067,2024-08-02T18:17:29.591937Z,2024-08-02,en-US,troubleshooting,troubleshooting;,vennie,"Thunderbird,all messages sent and received emails and save and store emails disappeared last night I am 86 and not real ",https://support.mozilla.org/questions/1456067,,,,,,,,,0,false,,False,
1456069,2024-08-02T18:47:38.702814Z,2024-08-02,en-US,settings,customize-settings-and-preferences;,alablues,Do not need email address next to Correspondents name in Incbox,https://support.mozilla.org/questions/1456069,,,,,,,,,1,true,3.42,False,
1456072,2024-08-02T19:02:07.464283Z,2024-08-02,en-US,installation-and-updates,install-and-update;tb128;tb128dataloss;,ged4,"Since the latest upgrade of Thunderbird, unable to connect to mail server",https://support.mozilla.org/questions/1456072,,,,,,,proto:pop,,33,true,1.34,False,
1456079,2024-08-02T19:59:30.033352Z,2024-08-02,es,troubleshooting,troubleshooting;,moni.czyza,Error SMTP,https://support.mozilla.org/questions/1456079,,,,,,,proto:smtp,,7,true,24.31,True,moni.czyza
1456083,2024-08-02T20:42:19.335703Z,2024-08-02,en-US,troubleshooting,troubleshooting;,Kardell,128.0.1 Unable to disable check spelling while type.,https://support.mozilla.org/questions/1456083,,,,,,,,,10,true,16.43,False,
1456085,2024-08-02T20:59:14.839752Z,2024-08-02,en-US,troubleshooting,troubleshooting;,dryflycaster,Account setup fails.,https://support.mozilla.org/questions/1456085,,,,,m:gmail;m:microsoftemail,isp:spectrum,,,25,true,8.58,False,
1456086,2024-08-02T21:09:12.465893Z,2024-08-02,en-US,settings,customize-settings-and-preferences;,trafford,thunderbird e mail,https://support.mozilla.org/questions/1456086,,,,,,,,,1,true,8.38,False,
1456088,2024-08-02T21:29:00.273014Z,2024-08-02,en-US,troubleshooting,troubleshooting;,thabangrangsid,PRODUCTS KEY,https://support.mozilla.org/questions/1456088,os:windows,,,,,,,,1,true,20.68,False,
1456095,2024-08-02T22:34:43.456821Z,2024-08-02,en-US,troubleshooting,troubleshooting;,jyMk,Email Deletion,https://support.mozilla.org/questions/1456095,,,,,,,,,2,true,14.34,True,jyMk
1456096,2024-08-02T22:39:29.069373Z,2024-08-02,pt-BR,settings,customize-settings-and-preferences;,pamw.linux,Ordem das contas,https://support.mozilla.org/questions/1456096,,,,,,,,,0,false,,False,
1456097,2024-08-02T22:40:08.398407Z,2024-08-02,en-US,troubleshooting,troubleshooting;,billdrum,"My Thunderbird email desktop computer ""app"" has suddenly been running very, very slowly.  Why?",https://support.mozilla.org/questions/1456097,,,,,,,,,1,true,14.22,False,
1456098,2024-08-02T23:18:54.126436Z,2024-08-02,en-US,troubleshooting,troubleshooting;,dan_suthers,Thunderbird 128.0.1esr on Mac with Mac contacts enabled is very slow to load initial message list about 30 seconds,https://support.mozilla.org/questions/1456098,os:macos,,,,,,,,6,true,6.1,False,
1456100,2024-08-03T00:20:28.275947Z,2024-08-03,en-US,installation-and-updates,install-and-update;,arthurkelly,Thunderbird updated this morning and promptly failed to restart,https://support.mozilla.org/questions/1456100,,,,,,,,,1,true,4.84,False,
1456101,2024-08-03T00:32:55.018090Z,2024-08-03,en-US,other,other;,bullishbob,thunderbird 115.13.0 how do i see my all folders with ALL of the emails?  When i go to unified folders sent/inbox it fli,https://support.mozilla.org/questions/1456101,,,,,,,,,2,true,4.57,False,
1456104,2024-08-03T00:34:50.309862Z,2024-08-03,en-US,other,other;tbdataloss;bug1890230;,shorts,128.0.1 version of Thunderbird lost ALL of my accounts (bug1890230),https://support.mozilla.org/questions/1456104,,,,,,,,,3,true,4.45,False,
1456106,2024-08-03T00:48:03.886758Z,2024-08-03,en-US,other,other;,johnisme,No message found logo,https://support.mozilla.org/questions/1456106,,,,,,,,,3,true,4.41,True,johnisme
1456117,2024-08-03T02:14:14.352239Z,2024-08-03,en-US,settings,customize-settings-and-preferences;,sue.spence83,Calendar,https://support.mozilla.org/questions/1456117,,,,,,,,,0,false,,False,
1456121,2024-08-03T03:18:57.053148Z,2024-08-03,en-US,other,other;,123turak,E-mail HAS NO REPLY BUTTON,https://support.mozilla.org/questions/1456121,,,,,,,,,1,true,6.71,False,
1456123,2024-08-03T03:29:34.201026Z,2024-08-03,en-US,troubleshooting,troubleshooting;,eastyorkdisneyfan,Moved thunderbird to another hard drive,https://support.mozilla.org/questions/1456123,,,,,,,,,2,true,13.99,False,
1456127,2024-08-03T04:05:34.813133Z,2024-08-03,en-US,installation-and-updates,install-and-update;,amncon,E-mail problems with bellsouth.net after TB update,https://support.mozilla.org/questions/1456127,,,,,m:yahooemail,isp:att,,,3,true,0.88,False,
1456131,2024-08-03T05:00:01.157208Z,2024-08-03,nl,settings,customize-settings-and-preferences;,reneprint,hoe verander ik mijn wachtwoord want ik weet het niet meer.,https://support.mozilla.org/questions/1456131,,,,,,,,,1,true,13.33,False,
1456132,2024-08-03T05:10:25.762856Z,2024-08-03,en-US,calendar,calendar;,systemdlete,calendar tab always opens at startup,https://support.mozilla.org/questions/1456132,,,,,,,,,1,false,,False,
1456136,2024-08-03T06:45:56.102688Z,2024-08-03,en-US,other,other;,susan106,"Once again, email not working in or out",https://support.mozilla.org/questions/1456136,,,,,,,,,1,true,10.68,False,
1456138,2024-08-03T06:52:47.653077Z,2024-08-03,en-US,other,other;,robert.carabin,Problem Messaging Thunderbird (Outlook),https://support.mozilla.org/questions/1456138,,,,,m:microsoftemail,,,,1,true,0.76,False,
1456145,2024-08-03T08:36:24.467486Z,2024-08-03,en-US,other,other;,lordjohn,Thunderbird and Microsoft mail,https://support.mozilla.org/questions/1456145,,,,,m:microsoftemail,,,,14,true,0.46,True,lordjohn
1456146,2024-08-03T08:50:29.313869Z,2024-08-03,en-US,other,other;,calamityx131,send email error,https://support.mozilla.org/questions/1456146,,,,,m:microsoftemail,,,,2,true,1.07,False,
1456147,2024-08-03T08:51:02.479473Z,2024-08-03,it,other,other;,salboc68,mancata visualizzazione del testo dei messaggi,https://support.mozilla.org/questions/1456147,,,,,,,,,2,true,0.39,False,
1456148,2024-08-03T09:35:24.077680Z,2024-08-03,en-US,settings,customize-settings-and-preferences;,mizlist,"Add-on or code so Thunderbird's blue ""Home"" icon stays forever on Windows taskbar please",https://support.mozilla.org/questions/1456148,,,,,,,,,2,true,0.3,False,
1456150,2024-08-03T10:23:35.262929Z,2024-08-03,en-US,installation-and-updates,install-and-update;,sarvesaurabh111,Sports life.com,https://support.mozilla.org/questions/1456150,,,,,,,,,1,true,1.1,False,
1456154,2024-08-03T11:05:56.794830Z,2024-08-03,en-US,troubleshooting,troubleshooting;,bwilcox10,I am asked for a PIN number by Mozilla Thunderbird when I try to Show Passwords,https://support.mozilla.org/questions/1456154,,,,,,,,,10,true,0.38,True,MattAuSupport
1456156,2024-08-03T11:29:55.018833Z,2024-08-03,en-US,troubleshooting,troubleshooting;,Basbas,Constantly having to enter passwords,https://support.mozilla.org/questions/1456156,,,,,m:microsoftemail,,,,2,true,0.08,False,
1456157,2024-08-03T11:36:21.517898Z,2024-08-03,en-US,other,other;,user15481257801425269885977293287995190917,Export messages,https://support.mozilla.org/questions/1456157,os:windows,,,,m:yahooemail,,,,0,false,,False,
1456160,2024-08-03T13:10:55.473198Z,2024-08-03,nl,settings,customize-settings-and-preferences;,jw32,adres weglaten in afzenderkolom,https://support.mozilla.org/questions/1456160,,,,,,,,,1,true,5.1,False,
1456169,2024-08-03T14:33:36.921616Z,2024-08-03,en-US,troubleshooting,troubleshooting;,kennhall,"Since installing tghe last update (2-days ago) tiday I am unable to open my Thunderbird:""Couldn't load XPCOM""",https://support.mozilla.org/questions/1456169,,,,,,,,,3,true,0.5,False,
1456176,2024-08-03T15:49:18.399009Z,2024-08-03,en-US,other,other;,tlb1000,Blank white box in source veiw,https://support.mozilla.org/questions/1456176,os:windows,,,,,,,,0,false,,False,
1456181,2024-08-03T16:36:15.572854Z,2024-08-03,en-US,troubleshooting,troubleshooting;,jim456,After rebuilding database and index 18 months of messages are missing,https://support.mozilla.org/questions/1456181,os:windows,,,,,,,,0,false,,False,
1456190,2024-08-03T17:28:53.826842Z,2024-08-03,nl,troubleshooting,troubleshooting;,jan.kol40,Adresvboek in map.thunderbird onder Linux Mint,https://support.mozilla.org/questions/1456190,os:linux,,,,,,,,3,true,0.73,False,
1456191,2024-08-03T17:44:50.139768Z,2024-08-03,en-US,installation-and-updates,install-and-update;,81ph.lloyd,Reinstall Thunderbird gives me back the original which doesn't work properly,https://support.mozilla.org/questions/1456191,,,,,,,,,4,true,22.98,False,
1456196,2024-08-03T18:27:20.466149Z,2024-08-03,en-US,troubleshooting,troubleshooting;,thevernajones,HOW TO CLOSE AND RE-OPEN AN ACCOUNT,https://support.mozilla.org/questions/1456196,,,,,,,,,1,true,1.93,False,
1456203,2024-08-03T19:08:40.983834Z,2024-08-03,es,troubleshooting,troubleshooting;,danimele,thunderbird no me envía correos de outlook,https://support.mozilla.org/questions/1456203,,,,,m:gmail;m:microsoftemail,,,,1,true,0.66,False,
1456204,2024-08-03T19:21:10.460894Z,2024-08-03,en-US,calendar,calendar;,dynamisticalitydiscord,Mozilla Thunderbird Calendar was perfect until..,https://support.mozilla.org/questions/1456204,,,,,,,,,0,false,,False,
1456209,2024-08-03T20:52:37.887605Z,2024-08-03,en-US,other,other;,norman32,cant get icloud email .,https://support.mozilla.org/questions/1456209,,,,,,,,,0,false,,False,
1456210,2024-08-03T20:52:43.852595Z,2024-08-03,en-US,troubleshooting,troubleshooting;,joanmathews,my Thunderbird Roadrunner email account,https://support.mozilla.org/questions/1456210,,,,,m:microsoftemail,isp:spectrum,,,1,true,5.34,False,
1456211,2024-08-03T20:58:47.231473Z,2024-08-03,en-US,installation-and-updates,install-and-update;bug1890230;,rjm764,Thunderbird 128.0.1ESR trashed my setup (bug1890230),https://support.mozilla.org/questions/1456211,os:windows,,,,,,,,7,true,5.28,False,
1456214,2024-08-03T21:16:13.312551Z,2024-08-03,en-US,email-and-messaging,linux;desktop;troubleshooting;firefox-1280;firefox-12803;,spma1,Make thunderbird work with a profile folder on NTFS,https://support.mozilla.org/questions/1456214,os:linux,Linux,,,,,,,2,true,4.89,False,
1456218,2024-08-03T21:32:06.325861Z,2024-08-03,en-US,calendar,calendar;,lprinds1,How do I sync my iphone calendar with my Thunderbird Calendar?,https://support.mozilla.org/questions/1456218,,,,,,,,,1,true,4.65,False,
1456219,2024-08-03T21:40:43.920794Z,2024-08-03,en-US,other,other;,rbir,"""No Message Found""",https://support.mozilla.org/questions/1456219,,,,,,,,,2,true,12.04,False,
1456220,2024-08-03T21:44:39.038478Z,2024-08-03,en-US,installation-and-updates,install-and-update;,Toolworker,How Can I Roll Back from 125 to 115?,https://support.mozilla.org/questions/1456220,,,,,,,,,3,true,4.32,True,Toolworker
1456222,2024-08-03T21:54:11.364863Z,2024-08-03,en-US,settings,customize-settings-and-preferences;,cyanicka46,"Listing of Contacts on ""New Message"" screen",https://support.mozilla.org/questions/1456222,,,,,,,,,1,true,4.1,False,
1456223,2024-08-03T21:59:10.440515Z,2024-08-03,en-US,settings,customize-settings-and-preferences;,cyanicka46,"List of Contacts in ""Nes Message"" window",https://support.mozilla.org/questions/1456223,,,,,,,,,2,true,4.05,False,
1456224,2024-08-03T22:04:09.065017Z,2024-08-03,en-US,calendar,calendar;,Rickhart,Creating Events,https://support.mozilla.org/questions/1456224,,,,,,,,,1,true,6.61,False,
1456225,2024-08-03T22:14:58.836301Z,2024-08-03,en-US,installation-and-updates,install-and-update;,gerald.ten,import from Postbox,https://support.mozilla.org/questions/1456225,,,,,,,,,25,true,14.25,True,davidsk
1456227,2024-08-03T22:26:07.038940Z,2024-08-03,en-US,installation-and-updates,install-and-update;,slipbits,Unable to import profile in TB128.0.1esr,https://support.mozilla.org/questions/1456227,os:windows,,,,,,,,2,true,3.49,False,
1456228,2024-08-03T22:37:38.136340Z,2024-08-03,en-US,troubleshooting,troubleshooting;,bcde,Cannot send outgoing mail from my Spectrum account with Thunderbird,https://support.mozilla.org/questions/1456228,os:windows,,,,m:microsoftemail,isp:spectrum,,,4,true,2.45,True,bcde
1456233,2024-08-03T23:27:22.608420Z,2024-08-03,en-US,troubleshooting,troubleshooting;,Toolworker,How to Get Top Level Folders Other Than Inbox to Show at Top Level?,https://support.mozilla.org/questions/1456233,,,,,,,,,3,true,9.48,True,MattAuSupport
1456234,2024-08-03T23:30:39.923937Z,2024-08-03,en-US,troubleshooting,troubleshooting;,joebernard4,Thunderbird Error,https://support.mozilla.org/questions/1456234,,,,,m:microsoftemail,isp:verizon,proto:pop,,1,true,1.46,False,
1456236,2024-08-03T23:37:49.202542Z,2024-08-03,en-US,troubleshooting,troubleshooting;,mrtownley1,Office365 email account,https://support.mozilla.org/questions/1456236,,,,,m:gmail;m:microsoftemail,,proto:smtp,,7,true,1.32,False,
1456238,2024-08-04T00:02:07.852556Z,2024-08-04,en-US,troubleshooting,troubleshooting;,lwhite21,Thunderbird,https://support.mozilla.org/questions/1456238,,,,,,,,,0,false,,False,
1456245,2024-08-04T01:36:35.505967Z,2024-08-04,en-US,other,other;,tomatraut1,Email goes to filtered tab which I am unable to open,https://support.mozilla.org/questions/1456245,,,,,,,,,1,true,7.18,False,
1456247,2024-08-04T02:12:38.382371Z,2024-08-04,en-US,settings,customize-settings-and-preferences;,KJS-LES,New Thunderbird User - Thunderbird leaves all emails on server.  Can't find the setting.,https://support.mozilla.org/questions/1456247,,,,,,,proto:pop,,2,true,6.56,True,MattAuSupport
1456252,2024-08-04T03:46:23.714482Z,2024-08-04,en-US,email-and-messaging,desktop;windows-10;not-firefox-problem;firefox-1280;customize-settings-and-preferences;,tim.joyce,Thunderbird emails,https://support.mozilla.org/questions/1456252,os:windows,Windows 10,,,,,,,2,true,0.23,False,
1456260,2024-08-04T05:05:16.791557Z,2024-08-04,en-US,troubleshooting,troubleshooting;bug1890230;tb128corrupt;,ahmed.t.said,My Emails from 2018 till today suddenly disappeared (bug1890230),https://support.mozilla.org/questions/1456260,,,,,,,,,18,true,3.88,False,
1456265,2024-08-04T05:15:58.744275Z,2024-08-04,en-US,installation-and-updates,install-and-update;,omer29504,Acount updates issue,https://support.mozilla.org/questions/1456265,,,,,,,,,1,true,3.42,False,
1456268,2024-08-04T06:00:40.754357Z,2024-08-04,en-US,troubleshooting,troubleshooting;,ToeKneeF53,Thunderbird Won't Start,https://support.mozilla.org/questions/1456268,,,,,,,,,4,true,2.64,False,
1456282,2024-08-04T08:59:31.408712Z,2024-08-04,en-US,troubleshooting,troubleshooting;,smeginhell,Login failed outlook,https://support.mozilla.org/questions/1456282,,,,,m:microsoftemail,,,,2,true,10.52,True,sfhowes
1456285,2024-08-04T09:13:22.918530Z,2024-08-04,en-US,troubleshooting,troubleshooting;,Zoll,All messages showing in plain text- No HTML,https://support.mozilla.org/questions/1456285,,,,,,,,,1,false,,False,
1456296,2024-08-04T10:52:24.467912Z,2024-08-04,en-US,calendar,calendar;,Rickhart,Creating Event / Task,https://support.mozilla.org/questions/1456296,,,,,,,,,0,false,,False,
1456297,2024-08-04T11:05:36.251198Z,2024-08-04,en-US,other,other;,muzzeroon,my mozilla account,https://support.mozilla.org/questions/1456297,,,,,,,,,1,true,0.06,False,
1456298,2024-08-04T11:06:22.802682Z,2024-08-04,en-US,troubleshooting,troubleshooting;,MurfOscar,"Posted question, but can't find reply.",https://support.mozilla.org/questions/1456298,,,,,,,,,2,true,1.25,False,
1456300,2024-08-04T11:43:11.543500Z,2024-08-04,en-US,troubleshooting,troubleshooting;,osctean,sub folders and labels disappear Tb 128.0.1esr (64-bit),https://support.mozilla.org/questions/1456300,,,,,,isp:comcast,,,2,true,9.23,False,
1456302,2024-08-04T11:52:39.668205Z,2024-08-04,en-US,troubleshooting,troubleshooting;,neildsc1,ALL my email for one account has totally gone! :(,https://support.mozilla.org/questions/1456302,,,,,m:microsoftemail;m:yahooemail,,,,6,true,7.36,False,
1456303,2024-08-04T11:57:51.867822Z,2024-08-04,en-US,email-and-messaging,troubleshooting;thunderbirdproblem;windows-11;firefox-1280;firefox-12803;,ulrike.kraus-koennecke,Mozilla Thunderbird lost emails,https://support.mozilla.org/questions/1456303,os:windows,Windows 11,,,,,,,3,true,4.28,False,
1456306,2024-08-04T12:13:09.238530Z,2024-08-04,en-US,troubleshooting,troubleshooting;,wk97,How are some of my saved Thunderbird emails automatically being combined into one email when I try to look at them again,https://support.mozilla.org/questions/1456306,,,,,,,,,1,true,4.07,False,
1456311,2024-08-04T12:44:59.439100Z,2024-08-04,nl,troubleshooting,troubleshooting;,keerom,Ingebouwde Windows-notificaties,https://support.mozilla.org/questions/1456311,,,,,,,,,2,true,18.36,False,
1456312,2024-08-04T13:04:08.629745Z,2024-08-04,en-US,other,other;,bobgillelliott,Folders,https://support.mozilla.org/questions/1456312,os:windows,,,,,,,,1,true,0.18,False,
1456313,2024-08-04T13:05:12.804234Z,2024-08-04,en-US,troubleshooting,troubleshooting;,bhdrux,All new emails displayed in code,https://support.mozilla.org/questions/1456313,,,,,,,,,4,true,0.12,False,
1456315,2024-08-04T13:18:08.778650Z,2024-08-04,en-US,settings,customize-settings-and-preferences;,limeyard,Moving focus after deletion from list.,https://support.mozilla.org/questions/1456315,,,,,,,,,2,true,6.09,True,sfhowes
1456317,2024-08-04T13:20:50.770190Z,2024-08-04,en-US,settings,customize-settings-and-preferences;,Swann,boxed emails,https://support.mozilla.org/questions/1456317,,,,,,,,,3,true,2.66,False,
1456319,2024-08-04T13:44:25.528698Z,2024-08-04,en-US,troubleshooting,troubleshooting;,casmullender,version 128.0/1esr unable to delete or mark messages.,https://support.mozilla.org/questions/1456319,os:macos,,,,,,,,2,true,7.19,False,
1456320,2024-08-04T13:49:30.292900Z,2024-08-04,en-US,settings,customize-settings-and-preferences;,NiagaraMouse,In a new message my personal list is sorting descending instead of ascending,https://support.mozilla.org/questions/1456320,,,,,,,,,1,true,1.18,True,davidsk
1456326,2024-08-04T14:24:26.619607Z,2024-08-04,en-US,troubleshooting,troubleshooting;,rjmail,Thunderbird won't download email,https://support.mozilla.org/questions/1456326,os:windows,,,,m:yahooemail,,,,1,false,,False,
1456327,2024-08-04T15:05:15.255537Z,2024-08-04,en-US,installation-and-updates,install-and-update;,page.sarah,signing up for the DVHH mailing list,https://support.mozilla.org/questions/1456327,,,,,,,,,1,true,0.98,False,
1456329,2024-08-04T15:29:01.572963Z,2024-08-04,it,installation-and-updates,needsinfo;install-and-update;,trusnic,Mail perse ed impossibile scaricare le mail,https://support.mozilla.org/questions/1456329,,,,,,,,,1,true,0.62,False,
1456333,2024-08-04T15:43:27.532248Z,2024-08-04,en-US,settings,customize-settings-and-preferences;,gregstressner,Can Thunderbird store website passwords?,https://support.mozilla.org/questions/1456333,os:linux,,,,,,,,7,true,0.42,False,
1456337,2024-08-04T15:55:01.948788Z,2024-08-04,en-US,troubleshooting,troubleshooting;,iankmckenzie73,Email problem,https://support.mozilla.org/questions/1456337,,,,,,,,,1,true,0.21,False,
1456338,2024-08-04T15:55:48.359311Z,2024-08-04,en-US,troubleshooting,troubleshooting;,firefox1115,"Thunderbird stopped working. ""Get Messages"" does nothing.",https://support.mozilla.org/questions/1456338,,,,,,,proto:imap;proto:pop,,0,false,,False,
1456340,2024-08-04T16:09:57.764046Z,2024-08-04,en-US,troubleshooting,troubleshooting;,Bookstorewalla,Thunderbird: Continued trouble connecting / creating  mail.com email account,https://support.mozilla.org/questions/1456340,,,,,,,,,1,true,7.42,False,
1456341,2024-08-04T16:18:17.568416Z,2024-08-04,en-US,troubleshooting,troubleshooting;,carlosperdue,"Can't see an email sender's colors, or use colors when writing an email",https://support.mozilla.org/questions/1456341,,,,,,,,,8,true,0.31,False,
1456343,2024-08-04T16:22:25.233882Z,2024-08-04,it,other,other;,gfr.spanu,credenziali salvate blocca thunderbird,https://support.mozilla.org/questions/1456343,,,,,,,,,6,true,2.12,True,gfr.spanu
1456346,2024-08-04T16:45:25.889924Z,2024-08-04,en-US,troubleshooting,troubleshooting;,scott61,Need help logging into GoDaddy email,https://support.mozilla.org/questions/1456346,os:windows,,,,m:microsoftemail,,,,7,true,0.21,False,
1456348,2024-08-04T17:13:49.420473Z,2024-08-04,en-US,settings,customize-settings-and-preferences;,lotsofjoy,Is it possible to remove the email address from the sender column? I,https://support.mozilla.org/questions/1456348,,,,,,,,,1,true,1.94,False,
1456351,2024-08-04T17:56:11.158673Z,2024-08-04,en-US,troubleshooting,troubleshooting;,sheepyhollow,moving folders confirmation,https://support.mozilla.org/questions/1456351,,,,,,,,,4,true,1.1,True,sfhowes
1456353,2024-08-04T18:16:17.962889Z,2024-08-04,en-US,other,other;,mmracer,Thunderbird e mail,https://support.mozilla.org/questions/1456353,,,,,,,,,0,false,,False,
1456354,2024-08-04T18:34:56.807002Z,2024-08-04,nl,installation-and-updates,install-and-update;,lucstje5,installeren Thunderbird op nieuwe laptop,https://support.mozilla.org/questions/1456354,os:windows,,,,,,,,1,true,11.35,False,
1456355,2024-08-04T18:41:45.916785Z,2024-08-04,en-US,troubleshooting,troubleshooting;,mark566,Potential loss of huge quantities of historic emails...,https://support.mozilla.org/questions/1456355,,,,,,,,,2,true,1.25,True,mark566
1456356,2024-08-04T18:47:45.502015Z,2024-08-04,en-US,troubleshooting,troubleshooting;,alk9,wrong message count,https://support.mozilla.org/questions/1456356,os:windows,,,,,,,,2,true,2.81,False,
1456360,2024-08-04T19:04:35.514857Z,2024-08-04,en-US,installation-and-updates,install-and-update;,wes19,lost access to address book,https://support.mozilla.org/questions/1456360,os:linux,,,,,,proto:pop,,3,true,0.55,False,
1456361,2024-08-04T19:14:46.681084Z,2024-08-04,en-US,other,other;,jnbs,Thunderbird email address @mailfence.com has been stopped  after I cancelled renewal on 9th September,https://support.mozilla.org/questions/1456361,,,,,m:mailfence,,,,1,true,0.29,False,
1456362,2024-08-04T19:36:30.376182Z,2024-08-04,en-US,troubleshooting,troubleshooting;,edverratti,Mozilla Thunderbird email password manager is not working will not automatically log me in after the last update will no,https://support.mozilla.org/questions/1456362,,,,,,,,,0,false,,False,
1456366,2024-08-04T19:47:15.171176Z,2024-08-04,en-US,installation-and-updates,install-and-update;,branko27,Thunderbird latest upgrade (128.0.1esr) - some messages not visible,https://support.mozilla.org/questions/1456366,,,,,,,,,4,true,2.16,True,branko27
1456367,2024-08-04T19:51:58.499616Z,2024-08-04,en-US,other,other;,mosermeier,Hotmail password problem,https://support.mozilla.org/questions/1456367,,,,,m:microsoftemail,,,,1,true,0.84,False,
1456369,2024-08-04T20:02:28.949444Z,2024-08-04,cs,troubleshooting,troubleshooting;,vojta.veverka3,smazání zpráv,https://support.mozilla.org/questions/1456369,,,,,,,,,2,true,3.96,False,
1456370,2024-08-04T20:05:05.202075Z,2024-08-04,nl,settings,customize-settings-and-preferences;,flonk1,Emailaccount instellingen,https://support.mozilla.org/questions/1456370,,,,,m:microsoftemail,,proto:imap;proto:smtp;proto:pop;proto:oauth,,4,true,9.82,True,markh2
1456372,2024-08-04T20:32:14.126219Z,2024-08-04,en-US,other,other;,lynxstch01,Incorrect email count,https://support.mozilla.org/questions/1456372,,,,,,,,,0,false,,False,
1456373,2024-08-04T20:32:52.074814Z,2024-08-04,en-US,settings,customize-settings-and-preferences;,billfalls1,Dragging message to a different folder highlights the drop folder too faintly,https://support.mozilla.org/questions/1456373,,,,,,,,,4,true,0.08,False,
1456376,2024-08-04T21:45:33.120411Z,2024-08-04,en-US,troubleshooting,troubleshooting;,loponder,Email Body Blank now Headers missing as well,https://support.mozilla.org/questions/1456376,os:windows,,,,,,proto:pop,av:eset,0,false,,False,
1456377,2024-08-04T22:02:09.648173Z,2024-08-04,en-US,other,other;,w7wll,Email Account,https://support.mozilla.org/questions/1456377,,,,,,,,,0,false,,False,
1456378,2024-08-04T22:23:28.908271Z,2024-08-04,en-US,calendar,calendar;,scmcbride82,Calendar not displaying after Thunderbird 128 upgrade,https://support.mozilla.org/questions/1456378,,,,,,,,,0,false,,False,
1456379,2024-08-04T22:39:16.409244Z,2024-08-04,it,other,other;,,Windows 11 24H2 - Click on native notification toast doesn't take Thunderbird to foreground,https://support.mozilla.org/questions/1456379,os:windows,,,,,,,,3,true,6.95,False,
1456380,2024-08-04T23:28:17.699280Z,2024-08-04,en-US,settings,customize-settings-and-preferences;,dvhalinka,"Unable to set up Thunderbird with Xfinity, stuck in a login loop",https://support.mozilla.org/questions/1456380,os:windows,,,,,isp:comcast,,,1,true,0.14,False,
1456390,2024-08-05T02:00:47.680323Z,2024-08-05,en-US,other,other;,tmpc,"After a recent update, the email Search is now almost useless.",https://support.mozilla.org/questions/1456390,,,,,,,,,0,false,,False,
1456397,2024-08-05T03:44:32.820968Z,2024-08-05,en-US,troubleshooting,troubleshooting;,peter850,Email database seems partially corrupted,https://support.mozilla.org/questions/1456397,,,,,,,proto:pop,,0,false,,False,
1456399,2024-08-05T03:52:39.363706Z,2024-08-05,en-US,other,other;,irenee555,Microsoft want me to update my sign in technology,https://support.mozilla.org/questions/1456399,,,,,m:gmail;m:microsoftemail,,,,1,true,4.2,False,
1456404,2024-08-05T04:44:30.267491Z,2024-08-05,en-US,troubleshooting,troubleshooting;,hickamh29,Message from not sending emails,https://support.mozilla.org/questions/1456404,,,,,,,,,1,true,3.36,False,
1456409,2024-08-05T06:11:30.206086Z,2024-08-05,en-US,other,other;,2h2o1.23v,Help Needed: SMTP Error 550 - Account Locked,https://support.mozilla.org/questions/1456409,,,,,m:gmail,,proto:smtp,,1,true,1.78,False,
1456410,2024-08-05T06:14:43.230338Z,2024-08-05,it,other,other;,berpier,Continua richiesta psw mail,https://support.mozilla.org/questions/1456410,os:windows,,,,,,,,1,true,0.52,False,
1456411,2024-08-05T06:23:32.750085Z,2024-08-05,en-US,troubleshooting,troubleshooting;,keith141,Thunderbird has deleted emails after compacting and made others unreadable,https://support.mozilla.org/questions/1456411,,,,,,,,,1,true,29.44,False,
1456414,2024-08-05T06:55:25.927132Z,2024-08-05,en-US,installation-and-updates,install-and-update;,rogerlynhales,thunderbird email service,https://support.mozilla.org/questions/1456414,,,,,m:yahooemail,,,,1,true,5.01,False,
1456416,2024-08-05T07:48:41.193951Z,2024-08-05,en-US,other,other;,user307934624046897894623007538749058839149,Additional folders in Thunderbird window. Problem with import.,https://support.mozilla.org/questions/1456416,,,,,,,,,0,false,,False,
1456417,2024-08-05T08:02:49.095921Z,2024-08-05,en-US,settings,customize-settings-and-preferences;,Mike48,From column change,https://support.mozilla.org/questions/1456417,,,,,,,,,1,true,2.49,False,
1456419,2024-08-05T08:13:11.161932Z,2024-08-05,it,other,other;needsinfo;,marcocivita,Problema mittente email dopo aggiornamento thunderbird,https://support.mozilla.org/questions/1456419,,,,,,,,,1,true,0.59,False,
1456420,2024-08-05T08:19:51.489585Z,2024-08-05,nl,troubleshooting,troubleshooting;,lucvroemen,emails onleesbaar,https://support.mozilla.org/questions/1456420,,,,,,,,,1,true,1.67,False,
1456421,2024-08-05T08:20:06.841141Z,2024-08-05,es,other,other;,raquelalija,I CANNOT SEE THE CONTENTS OF SOME EMAILS,https://support.mozilla.org/questions/1456421,,,,,,,,,1,true,13.53,False,
1456426,2024-08-05T09:02:03.519083Z,2024-08-05,en-US,privacy-and-security,protect-your-privacy;,greenhouse2,Bouncing emails,https://support.mozilla.org/questions/1456426,,,,,,,,,1,true,1.42,False,
1456427,2024-08-05T09:21:49.156915Z,2024-08-05,en-US,other,other;,Laila667,"Copied thunderbird folder to new laptop, all old messages before copying are blank. Can only view headers",https://support.mozilla.org/questions/1456427,,,,,,,proto:imap;proto:pop,,9,true,1.16,False,
1456428,2024-08-05T09:24:11.663900Z,2024-08-05,en-US,troubleshooting,troubleshooting;,adam.stepien94,After recent version update (as of 05.08.2024) my Thunderbird is displayed in two different languages.,https://support.mozilla.org/questions/1456428,,,,,,,,,0,false,,False,
1456433,2024-08-05T09:56:46.896957Z,2024-08-05,en-US,troubleshooting,troubleshooting;,michaelkallweit,How caniopen inbox Filefrom Thunderbird?,https://support.mozilla.org/questions/1456433,,,,,,,,av:eset,0,false,,False,
1456436,2024-08-05T10:15:57.207743Z,2024-08-05,es,troubleshooting,troubleshooting;,comercial60,NO PUEDO VER LOS MENSAJES DE LA BANDEJA DE ENTRADA,https://support.mozilla.org/questions/1456436,,,,,,,,,4,true,11.71,False,
1456437,2024-08-05T10:18:18.546889Z,2024-08-05,it,other,other;needsinfo;,gugo211264,Impossibile visualizzare l'email,https://support.mozilla.org/questions/1456437,,,,,,,,,1,true,0.35,False,
1456441,2024-08-05T10:40:17.581909Z,2024-08-05,en-US,troubleshooting,troubleshooting;,trevorjrising,Deleting e-mails from threads,https://support.mozilla.org/questions/1456441,,,,,,,,,0,false,,False,
1456442,2024-08-05T10:44:47.346506Z,2024-08-05,it,other,other;needsinfo;,luisella.imbimbo,PROBLEMA MAIL A SEGUITO ULTIMO AGGIORNAMENTO,https://support.mozilla.org/questions/1456442,,,,,,,,,1,true,0.33,False,
1456443,2024-08-05T10:46:50.685314Z,2024-08-05,en-US,other,other;,glyndwrj42,mailing photographs from Picasa no longer seems to work,https://support.mozilla.org/questions/1456443,,,,,,,,,0,false,,False,
1456444,2024-08-05T11:01:06.008191Z,2024-08-05,it,installation-and-updates,install-and-update;,papareke,Problemi di lentezza nelle ricerche dopo aggiornamento Nebula 128.0.1esr,https://support.mozilla.org/questions/1456444,,,,,,,,,1,true,0.1,False,
1456448,2024-08-05T11:34:37.068219Z,2024-08-05,es,troubleshooting,troubleshooting;,silvia21,Problema con los correos antiguos,https://support.mozilla.org/questions/1456448,,,,,,,,,1,true,10.72,False,
1456449,2024-08-05T11:53:34.022914Z,2024-08-05,en-US,other,other;,p.jankowski,outbox blank,https://support.mozilla.org/questions/1456449,,,,,,,,,8,true,0.06,False,
1456450,2024-08-05T11:56:38.205715Z,2024-08-05,en-US,settings,customize-settings-and-preferences;,navy064,Forwarding emails,https://support.mozilla.org/questions/1456450,,,,,,,,,1,true,7.46,False,
1456457,2024-08-05T12:59:50.630310Z,2024-08-05,en-US,other,other;,alex359,Pop up window accept IMAP4/POP3/SMTP server certificate .,https://support.mozilla.org/questions/1456457,,,,,,,proto:imap;proto:smtp;proto:pop,,0,false,,False,
1456458,2024-08-05T13:07:23.465068Z,2024-08-05,en-US,troubleshooting,troubleshooting;,ub3,Thunderbird crashes when I want to save email attachments,https://support.mozilla.org/questions/1456458,os:windows,,,,,,,,5,true,7.58,False,
1456459,2024-08-05T13:10:10.961307Z,2024-08-05,en-US,calendar,calendar;,imtrobin,Calendar  Notification Bring To Top,https://support.mozilla.org/questions/1456459,,,,,,,,,0,false,,False,
1456460,2024-08-05T13:33:33.207533Z,2024-08-05,en-US,troubleshooting,troubleshooting;,jago3a,Thunderbird removes extra spaces between words in the subject line,https://support.mozilla.org/questions/1456460,,,,,m:microsoftemail,,,,0,false,,False,
1456464,2024-08-05T13:52:54.405696Z,2024-08-05,cs,other,other;,jan.kroupa,Problém s vyhledáváním e-mailových zpráv,https://support.mozilla.org/questions/1456464,,,,,,,,,1,true,19.12,False,
1456466,2024-08-05T14:07:09.179125Z,2024-08-05,nl,installation-and-updates,install-and-update;,gertvanleeuwen,moeilijk,https://support.mozilla.org/questions/1456466,,,,,,,,,1,false,,True,gertvanleeuwen
1456467,2024-08-05T14:07:33.257025Z,2024-08-05,en-US,troubleshooting,troubleshooting;,stewart13,Version 128  difficulty with 'not responding'.,https://support.mozilla.org/questions/1456467,,,,,,,,,5,true,6.62,True,stewart13
1456468,2024-08-05T14:09:24.468123Z,2024-08-05,en-US,troubleshooting,troubleshooting;,r9i6b0b3on,Some emails disappeared when I repaired the folder.,https://support.mozilla.org/questions/1456468,,,,,,,,,11,true,4.74,False,
1456469,2024-08-05T14:09:57.670984Z,2024-08-05,nl,troubleshooting,troubleshooting;,tshjxgf8g8,Geen emails ontvangen met Thinderbird,https://support.mozilla.org/questions/1456469,,,,,,,proto:imap;proto:pop,,1,true,6.75,False,
1456471,2024-08-05T14:40:49.392517Z,2024-08-05,en-US,troubleshooting,troubleshooting;,DewiH,Can't Sent Emails with my Microsoft Account,https://support.mozilla.org/questions/1456471,,,,,,,proto:smtp;proto:oauth,,2,true,4.15,True,sfhowes
1456473,2024-08-05T14:41:41.659901Z,2024-08-05,en-US,other,other;,taras.besaha,"128.0.1 esr update constantly freezes and not responding,",https://support.mozilla.org/questions/1456473,,,,,,,,,1,true,574.61,False,
1456474,2024-08-05T14:47:58.362132Z,2024-08-05,it,other,other;needsinfo;,maxbarnaba28,invio mail bloccato,https://support.mozilla.org/questions/1456474,,,,,,,,,2,true,0.2,False,
1456477,2024-08-05T15:01:50.123607Z,2024-08-05,en-US,troubleshooting,troubleshooting;,andrew.r.dykstra,"reply, reply-all, forward options grayed out Thunderbird 128.0.1esr (64-bit), Mac OS Sonoma 14.5",https://support.mozilla.org/questions/1456477,os:macos,,,,,,,,1,false,,False,
1456482,2024-08-05T15:32:41.766418Z,2024-08-05,en-US,other,other;,sarah.beerheide,deleted e-mails,https://support.mozilla.org/questions/1456482,,,,,m:gmx,,,,0,false,,False,
1456483,2024-08-05T15:48:06.657985Z,2024-08-05,en-US,settings,customize-settings-and-preferences;,ferdia,Can't access local folders after having to reinstall Windows 11 and TB app,https://support.mozilla.org/questions/1456483,os:windows,,,,,,,,0,false,,False,
1456484,2024-08-05T15:49:39.470846Z,2024-08-05,en-US,troubleshooting,troubleshooting;,bsheppard,viewing folders,https://support.mozilla.org/questions/1456484,,,,,,,,,1,true,3.4,False,
1456487,2024-08-05T16:05:53.607517Z,2024-08-05,it,other,other;,studiopajno,Nome del mittente quale Corrispondente,https://support.mozilla.org/questions/1456487,,,,,,,,,6,true,1.33,True,'@next
1456489,2024-08-05T16:09:41.269639Z,2024-08-05,en-US,troubleshooting,troubleshooting;,redtango,Looking for Spam folder and....,https://support.mozilla.org/questions/1456489,,,,,m:microsoftemail,,,,1,true,2.57,False,
1456491,2024-08-05T16:15:21.833310Z,2024-08-05,en-US,troubleshooting,troubleshooting;,casecustom,Typing emails.,https://support.mozilla.org/questions/1456491,,,,,,,,,0,false,,False,
1456496,2024-08-05T16:47:51.451729Z,2024-08-05,en-US,calendar,calendar;,ask3,Calendar two-way sync with iCloud in v128,https://support.mozilla.org/questions/1456496,,,,,,,,,1,false,,False,
1456499,2024-08-05T17:08:28.073712Z,2024-08-05,en-US,troubleshooting,troubleshooting;,mrnmrsz,Can't get messages in inbox,https://support.mozilla.org/questions/1456499,,,,,,,,,0,false,,False,
1456501,2024-08-05T17:22:45.495672Z,2024-08-05,en-US,installation-and-updates,install-and-update;,bobs3,THIS VERSION OF TBIRD THAT INSTALLED ON MY WIN11 BUILD SUCKS.. HOW CAN i GO BACK TO A PREVIOUS VERSION,https://support.mozilla.org/questions/1456501,os:windows,,,,,,,,3,true,1.81,False,
1456502,2024-08-05T17:25:51.566610Z,2024-08-05,en-US,troubleshooting,troubleshooting;,pdkello15,Sent email messages are not going into sent file . Please fix this...............,https://support.mozilla.org/questions/1456502,,,,,,,,,0,false,,False,
1456503,2024-08-05T17:30:59.279315Z,2024-08-05,it,settings,needsinfo;customize-settings-and-preferences;,srabadori45@gmail.com,Difficolta alla attivazione di account posta  srabadori45@gmail.com,https://support.mozilla.org/questions/1456503,,,,,m:gmail,,,,1,true,12.0,False,
1456505,2024-08-05T17:32:49.664664Z,2024-08-05,en-US,installation-and-updates,install-and-update;,tkocum1,address book,https://support.mozilla.org/questions/1456505,,,,,,,,,1,true,1.57,False,
1456506,2024-08-05T17:47:43.514860Z,2024-08-05,en-US,settings,customize-settings-and-preferences;,64herald,multiple email accounts,https://support.mozilla.org/questions/1456506,,,,,,,,,4,true,1.17,False,
1456508,2024-08-05T17:48:59.660856Z,2024-08-05,en-US,other,other;,sewbee2,messages,https://support.mozilla.org/questions/1456508,,,,,,,,,1,true,1.12,False,
1456509,2024-08-05T18:01:40.765594Z,2024-08-05,en-US,troubleshooting,troubleshooting;,kathi15,Blank text in Sent Emails,https://support.mozilla.org/questions/1456509,,,,,,,,,3,true,0.14,False,
1456511,2024-08-05T18:10:15.051896Z,2024-08-05,en-US,troubleshooting,troubleshooting;,jaretcapp,Open old Thunderbird Email file from 2005!,https://support.mozilla.org/questions/1456511,,,,,,,,,3,true,0.38,False,
1456522,2024-08-05T19:03:27.495069Z,2024-08-05,en-US,troubleshooting,troubleshooting;,boolam,Can't create subfolders,https://support.mozilla.org/questions/1456522,,,,,,,,,1,false,,False,
1456523,2024-08-05T19:14:50.450027Z,2024-08-05,en-US,other,other;,5WarVeteran,Where have the buttons gone?,https://support.mozilla.org/questions/1456523,,,,,,,,,0,false,,False,
1456527,2024-08-05T19:28:54.819668Z,2024-08-05,en-US,troubleshooting,troubleshooting;,wrgarrett45,Thunderbird 128.0.1 is freezing up opening every Inbox. CAUSE: ImportExportTools add-on?,https://support.mozilla.org/questions/1456527,,,,,,,,,5,true,1.25,False,
1456530,2024-08-05T19:59:51.761400Z,2024-08-05,cs,other,other;,pmelicharova1,TELO MAILU NEDOSTUPNE,https://support.mozilla.org/questions/1456530,,,,,,,,,2,true,2.07,False,
1456532,2024-08-05T20:14:01.027290Z,2024-08-05,en-US,troubleshooting,troubleshooting;,jakub16,Old e-mails show empty after deleting nstmp files,https://support.mozilla.org/questions/1456532,,,,,,,proto:imap,,0,false,,False,
1456533,2024-08-05T20:18:49.225529Z,2024-08-05,en-US,troubleshooting,troubleshooting;,rvhatcher,Yahoo mail stopped working,https://support.mozilla.org/questions/1456533,,,,,m:yahooemail,,,,0,false,,False,
1456542,2024-08-05T21:40:20.752095Z,2024-08-05,en-US,troubleshooting,troubleshooting;,cnm4jc,why will Thunderbird not accept a password for the Outgoing Server,https://support.mozilla.org/questions/1456542,,,,,,,,,2,true,16.15,False,
1456546,2024-08-05T21:55:31.244911Z,2024-08-05,en-US,troubleshooting,troubleshooting;,andymason1,Tbird folders greyed out and italizized and empty,https://support.mozilla.org/questions/1456546,os:windows,,,,,,,,0,false,,False,
1456550,2024-08-05T23:08:15.327047Z,2024-08-05,en-US,settings,customize-settings-and-preferences;,bob390,"Importing ""Rules"" from eMclient",https://support.mozilla.org/questions/1456550,,,,,,,,,0,false,,False,
1456551,2024-08-05T23:13:03.167799Z,2024-08-05,en-US,troubleshooting,troubleshooting;,tauberstock,Thunderbird system usage--excessive,https://support.mozilla.org/questions/1456551,os:windows,,,,m:microsoftemail,,,,1,true,1.6,False,
1456560,2024-08-06T00:24:37.367120Z,2024-08-06,en-US,other,other;,Rosie.Oh.Rosie,My Current Pass Won't Work for My Thunderbird Account,https://support.mozilla.org/questions/1456560,,,,,,,,,1,true,564.88,False,
1456564,2024-08-06T00:35:23.348760Z,2024-08-06,en-US,settings,customize-settings-and-preferences;,stan17,mozilla thunderbird password reset,https://support.mozilla.org/questions/1456564,,,,,,,,,0,false,,False,
1456567,2024-08-06T00:42:57.828022Z,2024-08-06,pt-BR,other,other;,professoralexandrefelix,COPIAR UMA PASTA DE UM EMAIL PARA OUTRO,https://support.mozilla.org/questions/1456567,,,,,,,,,0,false,,False,
1456569,2024-08-06T01:29:55.022387Z,2024-08-06,en-US,other,other;needsinfo;,rainerlund177,Thunderbird anmeldung,https://support.mozilla.org/questions/1456569,os:windows,,,,,isp:tonline,,,8,true,3.4,False,
1456572,2024-08-06T01:49:59.877685Z,2024-08-06,en-US,installation-and-updates,install-and-update;,alanrson,EMAILS,https://support.mozilla.org/questions/1456572,,,,,,,,,0,false,,False,
1456575,2024-08-06T01:55:00.031852Z,2024-08-06,es,troubleshooting,troubleshooting;,cmarcote,Problemas con la carpeta inbox,https://support.mozilla.org/questions/1456575,,,,,,,,,1,true,1.03,False,
1456581,2024-08-06T03:48:54.411286Z,2024-08-06,en-US,installation-and-updates,install-and-update;,john97034,version 128 64 bit,https://support.mozilla.org/questions/1456581,os:windows,,,,,,,,0,false,,False,
1456585,2024-08-06T04:00:28.601964Z,2024-08-06,en-US,privacy-and-security,desktop;mac-os-x-1015;firefox-1280;customize-settings-and-preferences;firefox-12803;,noelgodson9,Inadequecy of Mozilla / Thunderbird forms to provide information re existing monthly donations etc.,https://support.mozilla.org/questions/1456585,os:macos,Mac OS x 10.15,,,,,,,1,true,1.06,False,
1456586,2024-08-06T04:01:41.775182Z,2024-08-06,en-US,troubleshooting,troubleshooting;,gsw56570,Thunderbird can not login to telstra email,https://support.mozilla.org/questions/1456586,,,,,,,,,0,false,,False,
1456587,2024-08-06T04:05:13.281667Z,2024-08-06,en-US,installation-and-updates,install-and-update;,cgprice,"Cannot connect to Telstra / Bigpond server (IMAP): ""Unable to login at server.  Probably wrong configuration, username o",https://support.mozilla.org/questions/1456587,,,,,m:microsoftemail,,proto:imap;proto:smtp,av:norton,0,false,,False,
1456589,2024-08-06T04:48:24.503278Z,2024-08-06,en-US,privacy-and-security,desktop;other;mac-os-x-1015;firefox-1280;firefox-12803;,noelgodson9,"Age 79 donate monthly: now you want more, I am in favour of . Thunderbird, Mozilla etc.  I have 2 addresses:  [edited[  ",https://support.mozilla.org/questions/1456589,os:macos,Mac OS x 10.15,,,,,,,0,false,,False,
1456591,2024-08-06T05:14:31.102835Z,2024-08-06,en-US,other,other;,judy44,Cryptogroup email,https://support.mozilla.org/questions/1456591,,,,,m:protonmail,,,,1,true,13.51,False,
1456595,2024-08-06T05:57:29.189900Z,2024-08-06,en-US,other,other;,bonniebraesfarms5,lost emails,https://support.mozilla.org/questions/1456595,,,,,,,,,0,false,,False,
1456596,2024-08-06T06:23:20.191420Z,2024-08-06,en-US,other,other;,martin.ivanov.300733,Problem opening the app,https://support.mozilla.org/questions/1456596,,,,,,,,,1,true,4.23,False,
1456603,2024-08-06T07:38:53.913821Z,2024-08-06,en-US,settings,customize-settings-and-preferences;,reiner.zorn,Show all folders,https://support.mozilla.org/questions/1456603,,,,,,,,,0,false,,False,
1456608,2024-08-06T07:59:27.339380Z,2024-08-06,it,troubleshooting,needsinfo;troubleshooting;,2015apples,Problema posta elettronica,https://support.mozilla.org/questions/1456608,,,,,,,,,1,true,1.25,False,
1456609,2024-08-06T08:01:20.190130Z,2024-08-06,en-US,settings,customize-settings-and-preferences;,illuminate1836,Selected message color,https://support.mozilla.org/questions/1456609,,,,,,,,,3,true,10.61,True,sfhowes
1456610,2024-08-06T08:10:02.830139Z,2024-08-06,en-US,installation-and-updates,install-and-update;,krst_,TB 128esr,https://support.mozilla.org/questions/1456610,os:windows,,,,,,,,1,false,,False,
1456611,2024-08-06T08:19:05.926827Z,2024-08-06,en-US,other,other;,lavanyadeepak,Trash -3 Messages after emptying Trash,https://support.mozilla.org/questions/1456611,,,,,,,,,0,false,,False,
1456614,2024-08-06T08:33:42.341693Z,2024-08-06,en-US,other,other;,75er,extremely slow or no  download messages especially rss feeds,https://support.mozilla.org/questions/1456614,os:windows,,,,m:gmail,,,,0,false,,False,
1456620,2024-08-06T09:07:51.032622Z,2024-08-06,en-US,other,other;,jnbs,"Thb recommended Mailfence but they have cancelled my account before the end of term, so please be advised",https://support.mozilla.org/questions/1456620,,,,,m:mailfence,,,,0,false,,False,
1456621,2024-08-06T09:09:27.386892Z,2024-08-06,en-US,troubleshooting,troubleshooting;,simbats4z,Problem with Outlook & Hotmail accounts,https://support.mozilla.org/questions/1456621,,,,,m:microsoftemail,,,,1,true,9.22,False,
1456623,2024-08-06T09:24:29.957418Z,2024-08-06,en-US,installation-and-updates,install-and-update;,dave413,New Thunderbird for old Windows 7 computer to collect and store emails,https://support.mozilla.org/questions/1456623,os:windows,,,,m:microsoftemail,,proto:imap;proto:pop,,1,true,4.27,False,
1456624,2024-08-06T09:28:24.467531Z,2024-08-06,en-US,troubleshooting,troubleshooting;,nikolagi,emails .,https://support.mozilla.org/questions/1456624,,,,,,,,,1,true,1.19,False,
1456625,2024-08-06T09:34:23.467190Z,2024-08-06,es,troubleshooting,troubleshooting;,marcrodriguez,No puedo ver los mensajes,https://support.mozilla.org/questions/1456625,,,,,,,,,3,true,116.87,False,
1456628,2024-08-06T09:53:19.383222Z,2024-08-06,en-US,troubleshooting,troubleshooting;,silverwareshop1,Duplicate emails,https://support.mozilla.org/questions/1456628,,,,,,,,,0,false,,False,
1456630,2024-08-06T10:06:20.434539Z,2024-08-06,en-US,troubleshooting,troubleshooting;,pandworak,Can't add account configuration - security exception not working,https://support.mozilla.org/questions/1456630,os:windows,,,,m:gmail,,,av:eset,0,false,,False,
1456633,2024-08-06T10:35:48.682954Z,2024-08-06,en-US,installation-and-updates,install-and-update;,alinetechnical,New user - unable to log in at server,https://support.mozilla.org/questions/1456633,,,,,,isp:btinternet,,,0,false,,False,
1456634,2024-08-06T10:36:39.555069Z,2024-08-06,en-US,settings,customize-settings-and-preferences;,rudi_halfmann,Correspondents and From column is showing the sender name and email address - turn off,https://support.mozilla.org/questions/1456634,,,,,,,,,3,true,0.02,True,davidsk
1456640,2024-08-06T11:12:46.920530Z,2024-08-06,en-US,troubleshooting,troubleshooting;,dave.riley2056,lost all messages in inbox,https://support.mozilla.org/questions/1456640,,,,,,,,,1,false,,True,dave.riley2056
1456641,2024-08-06T11:37:20.695886Z,2024-08-06,en-US,other,other;,pencoys1,comments to email message,https://support.mozilla.org/questions/1456641,,,,,,,,,2,true,1.96,False,
1456644,2024-08-06T12:07:38.685673Z,2024-08-06,it,other,other;needsinfo;,saisrlmail,URGENTE RICHIESTA ASSISTENZA,https://support.mozilla.org/questions/1456644,,,,,,,,,1,true,1.14,False,
1456655,2024-08-06T13:41:00.435097Z,2024-08-06,nl,troubleshooting,troubleshooting;,piet15,Mappen verdwenen in Thunderbird,https://support.mozilla.org/questions/1456655,,,,,,,,,1,true,18.53,False,
1456657,2024-08-06T13:43:08.035008Z,2024-08-06,en-US,installation-and-updates,install-and-update;,q4,Thunderbird icon launches separate gear icon,https://support.mozilla.org/questions/1456657,,,,,,,proto:pop,,0,false,,False,
1456658,2024-08-06T13:51:33.998336Z,2024-08-06,it,installation-and-updates,needsinfo;install-and-update;,aclementel,account hotmail e postecert non si aprono problemi con password e Imap. G mail si apre,https://support.mozilla.org/questions/1456658,,,,,m:microsoftemail,,proto:imap,,1,true,2.35,False,
1456665,2024-08-06T14:26:40.511560Z,2024-08-06,en-US,troubleshooting,troubleshooting;,silene.promenade,mot de passe,https://support.mozilla.org/questions/1456665,,,,,,,,,1,true,2.04,False,
1456671,2024-08-06T15:03:03.311462Z,2024-08-06,en-US,troubleshooting,troubleshooting;,Kemet,Server Authentication,https://support.mozilla.org/questions/1456671,,,,,m:gmail,,proto:imap,,1,true,9.44,False,
1456673,2024-08-06T15:27:08.761626Z,2024-08-06,en-US,other,other;,jmmorrell,Thunderbird Inbox sizing,https://support.mozilla.org/questions/1456673,,,,,,,,,3,true,2.73,True,sfhowes
1456674,2024-08-06T15:28:28.141175Z,2024-08-06,en-US,troubleshooting,troubleshooting;,facundogameplays71,How can I recover an deleted POP account?,https://support.mozilla.org/questions/1456674,,,,,,,proto:pop,,5,true,0.81,False,
1456676,2024-08-06T15:40:44.404858Z,2024-08-06,en-US,settings,customize-settings-and-preferences;,maxjamison,How do I change my Thunderbird inline email header info from detailed to minimal?,https://support.mozilla.org/questions/1456676,,,,,,,,,2,true,0.62,False,
1456687,2024-08-06T16:54:16.554278Z,2024-08-06,en-US,troubleshooting,troubleshooting;,seven.solaris,From field in Thunderbird is now showing URLs after update,https://support.mozilla.org/questions/1456687,,,,,,,,,1,true,1.12,False,
1456689,2024-08-06T16:58:14.602376Z,2024-08-06,en-US,installation-and-updates,install-and-update;,yokizg,Folders and emails not visible after updating to version 128.0.1esr,https://support.mozilla.org/questions/1456689,,,,,,,,,2,true,1.49,False,
1456691,2024-08-06T17:01:57.993820Z,2024-08-06,en-US,email-and-messaging,desktop;other;windows-11;firefox-1290;,avrbiz,Search Box,https://support.mozilla.org/questions/1456691,os:windows,Windows 11,,,,,,,0,false,,False,
1456692,2024-08-06T17:03:28.987693Z,2024-08-06,en-US,troubleshooting,troubleshooting;,rayfrey541,archive deleted emails,https://support.mozilla.org/questions/1456692,,,,,,,,,0,false,,False,
1456694,2024-08-06T17:10:26.512203Z,2024-08-06,en-US,troubleshooting,troubleshooting;,rmcguire,Strange code in message text,https://support.mozilla.org/questions/1456694,,,,,,,,,0,false,,False,
1456695,2024-08-06T17:16:54.094052Z,2024-08-06,en-US,settings,customize-settings-and-preferences;,Kendalllynn00,My firefox 81,https://support.mozilla.org/questions/1456695,,,,,,,,,1,true,1.22,False,
1456700,2024-08-06T17:44:14.513897Z,2024-08-06,en-US,troubleshooting,troubleshooting;,Student_Driver_butNoBRAKES,Can't send emails using outlook account,https://support.mozilla.org/questions/1456700,,,,,m:microsoftemail,,proto:oauth,,5,true,0.24,False,
1456702,2024-08-06T17:46:03.774820Z,2024-08-06,en-US,calendar,calendar;,rweisbond,Icloud Calendar,https://support.mozilla.org/questions/1456702,,,,,,,,,0,false,,False,
1456712,2024-08-06T18:42:20.087358Z,2024-08-06,en-US,troubleshooting,troubleshooting;,grace18,Can't get emails. Tells me connection to server  timed out,https://support.mozilla.org/questions/1456712,,,,,,,,,0,false,,False,
1456715,2024-08-06T18:45:23.557982Z,2024-08-06,en-US,troubleshooting,troubleshooting;,kbrick66,"""Mail to"" extensions and ""Send to"" do not work with Thunderbird",https://support.mozilla.org/questions/1456715,os:windows,,,,m:microsoftemail,,,,0,false,,False,
1456716,2024-08-06T18:46:40.584614Z,2024-08-06,en-US,troubleshooting,troubleshooting;,kimboagogo1,Don't know why I am getting this and how do I get rid of it? I didn't change anything. Asking to add new password?,https://support.mozilla.org/questions/1456716,,,,,,,,,1,true,1.57,False,
1456735,2024-08-06T19:50:04.941942Z,2024-08-06,cs,privacy-and-security,protect-your-privacy;,karelsykora,Elektronický podpis,https://support.mozilla.org/questions/1456735,,,,,,,,,3,true,11.2,False,
1456741,2024-08-06T20:27:07.190001Z,2024-08-06,en-US,calendar,calendar;,mozilla-kgi,How to set the default meeting organizer when creating meetings with invitations in an external calendar?,https://support.mozilla.org/questions/1456741,,,,,,,proto:caldav,,0,false,,False,
1456742,2024-08-06T20:33:27.947096Z,2024-08-06,en-US,troubleshooting,troubleshooting;,lincoBC,Thunderbird emails not showing - only Headers,https://support.mozilla.org/questions/1456742,,,,,,,proto:imap,,0,false,,False,
1456745,2024-08-06T21:04:32.457912Z,2024-08-06,en-US,settings,customize-settings-and-preferences;,bionfa79,"email addresses in plain text when composing, no boxes",https://support.mozilla.org/questions/1456745,,,,,,,,,0,false,,False,
1456746,2024-08-06T21:12:30.912188Z,2024-08-06,en-US,troubleshooting,troubleshooting;,tom458,email server,https://support.mozilla.org/questions/1456746,,,,,,,,,0,false,,False,
1456750,2024-08-06T21:26:55.908562Z,2024-08-06,en-US,troubleshooting,troubleshooting;,jay-signstudio,"Messages show in Inbox, shows they contain data, but when you go into the email, they are blank",https://support.mozilla.org/questions/1456750,,,,,,,,,0,false,,False,
1456751,2024-08-06T21:29:53.289343Z,2024-08-06,en-US,troubleshooting,troubleshooting;,tmp41,Thunderbird Crashes with Attachments,https://support.mozilla.org/questions/1456751,os:windows,,,,,,,,2,true,6.64,True,tmp41
1456754,2024-08-06T21:41:21.499848Z,2024-08-06,en-US,troubleshooting,troubleshooting;,werwinski1282,Usuwanie duplikatów,https://support.mozilla.org/questions/1456754,,,,,,,,,0,false,,False,
1456757,2024-08-06T21:57:38.881344Z,2024-08-06,en-US,privacy-and-security,protect-your-privacy;,vsimaitis79,Downloading 32-bit Thunderbird without add-ons,https://support.mozilla.org/questions/1456757,,,,,,,,,1,true,0.28,True,FoxT3cH
1456758,2024-08-06T22:07:57.492916Z,2024-08-06,en-US,installation-and-updates,install-and-update;,marcinkasperek,Thunderbird,https://support.mozilla.org/questions/1456758,,,,,,,,,0,false,,False,
1456762,2024-08-06T23:21:05.110301Z,2024-08-06,en-US,settings,customize-settings-and-preferences;,csgoods2831,how to disable attendee notification option,https://support.mozilla.org/questions/1456762,,,,,,,,,1,true,4.58,False,
1456769,2024-08-07T00:08:16.529467Z,2024-08-07,en-US,settings,customize-settings-and-preferences;,ninaweyl,"how to set ""body text"" as my email default.",https://support.mozilla.org/questions/1456769,,,,,,,,,0,false,,False,
1456770,2024-08-07T00:14:51.394601Z,2024-08-07,en-US,settings,customize-settings-and-preferences;,ninaweyl,"How to set ""body text"" as my email default.  Please don't say to to Tools - Options - Composition - General because I do",https://support.mozilla.org/questions/1456770,,,,,,,,,1,true,3.59,False,
1456771,2024-08-07T00:23:49.360874Z,2024-08-07,en-US,other,other;,gwjones083,Top pane status bar.,https://support.mozilla.org/questions/1456771,,,,,,,,,1,true,3.39,False,
1456772,2024-08-07T00:30:53.009354Z,2024-08-07,en-US,other,other;,littleslug,Outgoing Server OAuth,https://support.mozilla.org/questions/1456772,,,,,,,proto:oauth,,1,true,3.23,False,
1456773,2024-08-07T00:32:00.977166Z,2024-08-07,en-US,calendar,calendar;,KJS-LES,"Where is setting for Calendar Alerts (popups, sounds)?",https://support.mozilla.org/questions/1456773,,,,,,,,,11,true,3.17,False,
1456776,2024-08-07T01:30:42.450297Z,2024-08-07,pt-BR,troubleshooting,troubleshooting;,edsonp1976,Email UNIVESP no Thunderbird,https://support.mozilla.org/questions/1456776,,,,,m:microsoftemail,,proto:imap;proto:smtp,,0,false,,False,
1456777,2024-08-07T01:43:28.863655Z,2024-08-07,en-US,calendar,calendar;,mr.armh,"In Thunderbird 128, Missing ability to search calendar events beyond the current date.",https://support.mozilla.org/questions/1456777,,,,,,,,,2,true,2.98,False,
1456780,2024-08-07T02:33:26.826907Z,2024-08-07,en-US,other,other;,popymoose,spam folder,https://support.mozilla.org/questions/1456780,,,,,,,,,0,false,,False,
1456792,2024-08-07T03:59:52.399652Z,2024-08-07,en-US,troubleshooting,troubleshooting;,sbcody,syncing Outlook contact list in TB 128,https://support.mozilla.org/questions/1456792,,,,,m:microsoftemail,,,,1,false,,False,
1456800,2024-08-07T05:31:41.091194Z,2024-08-07,en-US,settings,customize-settings-and-preferences;,fitzkb,display,https://support.mozilla.org/questions/1456800,,,,,,,,,0,false,,False,
1456816,2024-08-07T06:49:56.328798Z,2024-08-07,fi,privacy-and-security,protect-your-privacy;,jkikavalko,My outlook-mail keeps requiring password but it is right,https://support.mozilla.org/questions/1456816,,,,,m:microsoftemail,,,,0,false,,False,
1456817,2024-08-07T06:52:55.856470Z,2024-08-07,en-US,other,other;,ElectricTree,Unwanted duplicate special folders appearing,https://support.mozilla.org/questions/1456817,,,,,m:gmail,,,,1,true,108.84,True,sfhowes
1456819,2024-08-07T07:14:00.158521Z,2024-08-07,en-US,calendar,calendar;,grosshillel,Can't get rid of those annoying messages coming from the calendar,https://support.mozilla.org/questions/1456819,,,,,,,,,0,false,,False,
1456820,2024-08-07T07:29:32.018915Z,2024-08-07,en-US,troubleshooting,troubleshooting;,adikor007,Email shown as sent in app did not actually get sent,https://support.mozilla.org/questions/1456820,,,,,m:microsoftemail,,,,0,false,,False,
1456822,2024-08-07T07:50:51.045811Z,2024-08-07,en-US,other,other;,micke1,Quick filter is slow,https://support.mozilla.org/questions/1456822,,,,,,,,,0,false,,False,
1456823,2024-08-07T07:56:38.284869Z,2024-08-07,cs,troubleshooting,troubleshooting;,husakto,Nezobrazují se odeslané emaily,https://support.mozilla.org/questions/1456823,,,,,,,,,10,true,1.39,False,
1456828,2024-08-07T08:15:43.307248Z,2024-08-07,nl,troubleshooting,troubleshooting;,user330558394076843205338034506030670795904,gpg bug,https://support.mozilla.org/questions/1456828,,,,,,,,,1,true,3.21,False,
1456829,2024-08-07T08:18:28.036395Z,2024-08-07,nl,troubleshooting,troubleshooting;,caike1959,prullenbak is weg sinds update,https://support.mozilla.org/questions/1456829,,,,,,,,,1,true,3.1,False,
1456831,2024-08-07T08:30:00.765448Z,2024-08-07,it,installation-and-updates,needsinfo;install-and-update;,avvdati,Non riesco a configurare il mio account PEC ARUBA su Thunderbind nonostante sia tutto inserito correttamente,https://support.mozilla.org/questions/1456831,,,,,,,,,1,true,0.06,False,
1456834,2024-08-07T08:55:16.335863Z,2024-08-07,en-US,other,other;,alan.sharpe,Sending emails.,https://support.mozilla.org/questions/1456834,,,,,,,,,0,false,,False,
1456836,2024-08-07T09:09:33.915187Z,2024-08-07,en-US,other,other;,juniorszmyt,Folder changed formating after setting name with '@',https://support.mozilla.org/questions/1456836,,,,,,,,,0,false,,False,
1456840,2024-08-07T09:36:59.546424Z,2024-08-07,en-US,installation-and-updates,install-and-update;,user294773419170466997271571775271230915193,Thunderbird completely reinstalled starts very slowly,https://support.mozilla.org/questions/1456840,,,,,,,,,0,false,,False,
1456841,2024-08-07T09:38:05.699400Z,2024-08-07,en-US,settings,customize-settings-and-preferences;,davidcutler462,using the latest 128.0 version but I can not send emails to Gmail accounts? Thank you 😊,https://support.mozilla.org/questions/1456841,,,,,m:gmail,,,,0,false,,False,
1456844,2024-08-07T09:49:17.713246Z,2024-08-07,en-US,troubleshooting,troubleshooting;,dem4200,Message when clicking email innbox in Thunderbird,https://support.mozilla.org/questions/1456844,,,,,m:microsoftemail,,proto:imap,,0,false,,False,
1456845,2024-08-07T09:52:46.109822Z,2024-08-07,en-US,troubleshooting,troubleshooting;,KG-STL,Trying to circumvent Windows path limit (260 chars) -> Maildir's emails name semantics,https://support.mozilla.org/questions/1456845,,,,,,,proto:imap,,0,false,,False,
1456847,2024-08-07T09:58:14.757232Z,2024-08-07,nl,installation-and-updates,install-and-update;,fritssmit46,overzetten contacten.,https://support.mozilla.org/questions/1456847,,,,,,,,,1,true,1.12,False,
1456858,2024-08-07T10:47:47.472007Z,2024-08-07,en-US,installation-and-updates,install-and-update;,ifalekan1993,Be descriptive. Saying “playing video on YouTube is always choppy” will help us understand the issue better than saying ,https://support.mozilla.org/questions/1456858,,,,,,,,,0,false,,False,
1456859,2024-08-07T10:48:51.631827Z,2024-08-07,en-US,installation-and-updates,install-and-update;,ifalekan1993,Update,https://support.mozilla.org/questions/1456859,,,,,,,,,0,false,,False,
1456860,2024-08-07T10:49:07.922678Z,2024-08-07,it,settings,customize-settings-and-preferences;,Lepre,Impedire aggiornamenti,https://support.mozilla.org/questions/1456860,,,,,,,,,1,true,3.38,False,
1456865,2024-08-07T11:29:19.961128Z,2024-08-07,hu,other,other;,szilagyilaszlo,Thunderbird nem nyitja meg a levelek nagy r;sz;t,https://support.mozilla.org/questions/1456865,,,,,,,proto:pop,,0,false,,False,
1456866,2024-08-07T11:38:34.937577Z,2024-08-07,en-US,troubleshooting,troubleshooting;,lncroos,Server timeout on email send,https://support.mozilla.org/questions/1456866,,,,,,,proto:smtp,av:norton,0,false,,False,
1456868,2024-08-07T11:51:13.027781Z,2024-08-07,en-US,troubleshooting,troubleshooting;,dzidanserwis,Import mail,https://support.mozilla.org/questions/1456868,,,,,,,,,3,true,2.93,False,
1456870,2024-08-07T12:19:23.307346Z,2024-08-07,en-US,troubleshooting,troubleshooting;,dave414,"""not responding""",https://support.mozilla.org/questions/1456870,,,,,,,,,0,false,,False,
1456872,2024-08-07T12:23:14.718989Z,2024-08-07,en-US,settings,customize-settings-and-preferences;,lucia16,email addresses display format,https://support.mozilla.org/questions/1456872,,,,,,,,,3,true,2.3,True,davidsk
1456875,2024-08-07T12:27:59.112116Z,2024-08-07,en-US,troubleshooting,troubleshooting;,suber,I can't send or reply to emails,https://support.mozilla.org/questions/1456875,,,,,,,,,0,false,,False,
1456877,2024-08-07T12:47:42.143844Z,2024-08-07,en-US,troubleshooting,troubleshooting;,john391,Thunderibrd upgrade to 115 is sluggish.  SOLVED by creating an exception in Defender,https://support.mozilla.org/questions/1456877,,,,,,,,av:defender,19,true,18.74,True,john391
1456880,2024-08-07T13:23:06.630218Z,2024-08-07,en-US,troubleshooting,troubleshooting;,dandemcd,Right Click Menu,https://support.mozilla.org/questions/1456880,,,,,,,,,2,true,1.5,False,
1456882,2024-08-07T13:39:04.400353Z,2024-08-07,en-US,troubleshooting,troubleshooting;,Aela__pls__help,Missing Emails from Last Year in Inbox Folder,https://support.mozilla.org/questions/1456882,,,,,m:gmail,,,,0,false,,False,
1456884,2024-08-07T13:55:10.363258Z,2024-08-07,en-US,settings,customize-settings-and-preferences;,jax1,Message composition: Menu is invisible,https://support.mozilla.org/questions/1456884,os:linux,,,,,,,,9,true,0.9,True,davidsk
1456885,2024-08-07T14:10:06.055830Z,2024-08-07,en-US,troubleshooting,troubleshooting;,mingle909,opening thuder bird,https://support.mozilla.org/questions/1456885,os:windows,,,,,,,,0,false,,False,
1456888,2024-08-07T14:19:40.691087Z,2024-08-07,en-US,privacy-and-security,protect-your-privacy;,lhcbc1,Not going into Junk folder,https://support.mozilla.org/questions/1456888,,,,,,,,,0,false,,False,
1456897,2024-08-07T14:56:27.902552Z,2024-08-07,en-US,settings,customize-settings-and-preferences;,r.a.f.vunderink,Tabs in sending mail,https://support.mozilla.org/questions/1456897,,,,,,,,,1,true,4.12,False,
1456901,2024-08-07T15:05:56.010936Z,2024-08-07,en-US,troubleshooting,troubleshooting;,thorvald1,Mails from my brother end up in spam. He is registrated in my adress book.,https://support.mozilla.org/questions/1456901,,,,,m:microsoftemail,,,,0,false,,False,
1456903,2024-08-07T15:16:32.425694Z,2024-08-07,en-US,calendar,calendar;,swedesjolund,Connect to iCloud,https://support.mozilla.org/questions/1456903,,,,,,,,,0,false,,False,
1456907,2024-08-07T15:32:09.023883Z,2024-08-07,en-US,troubleshooting,troubleshooting;,waldogwh,"Why do folders disapear, and how to recover them?",https://support.mozilla.org/questions/1456907,,,,,,,,,0,false,,False,
1456909,2024-08-07T15:42:25.729721Z,2024-08-07,cs,troubleshooting,troubleshooting;,m.pojer,digitálně podepsat email -dotaz,https://support.mozilla.org/questions/1456909,,,,,,,,,3,true,0.25,False,
1456910,2024-08-07T15:43:08.067769Z,2024-08-07,en-US,troubleshooting,troubleshooting;,jwells222,Print Single Event in Calendar,https://support.mozilla.org/questions/1456910,,,,,,,,,0,false,,False,
1456912,2024-08-07T15:50:46.380878Z,2024-08-07,en-US,troubleshooting,troubleshooting;,84biarritz,"New Thunderbird Sending Error Message?  ""Local Server""??",https://support.mozilla.org/questions/1456912,,,,,,,,,5,true,0.16,True,davidsk
1456917,2024-08-07T16:15:41.584249Z,2024-08-07,it,installation-and-updates,needsinfo;install-and-update;,antonio.talarico,Problemi di visualizzazione mail in posta in arrivo,https://support.mozilla.org/questions/1456917,,,,,,,,,1,true,2.17,False,
1456919,2024-08-07T16:20:35.359268Z,2024-08-07,en-US,troubleshooting,troubleshooting;,yamasaki3,thunderbird is very slow for last 5 days,https://support.mozilla.org/questions/1456919,,,,,,,,,0,false,,False,
1456921,2024-08-07T16:36:41.928579Z,2024-08-07,en-US,troubleshooting,troubleshooting;,rainer.lange1,"Thunderbird, set up a the first e-Mail-Account",https://support.mozilla.org/questions/1456921,,,,,m:yahooemail,,proto:imap,,5,true,2.34,False,
1456922,2024-08-07T16:56:40.672628Z,2024-08-07,en-US,troubleshooting,troubleshooting;,Jammie123,Thunderbird email stuck in chat mode,https://support.mozilla.org/questions/1456922,,,,,,,,,0,false,,False,
1456923,2024-08-07T17:01:21.140671Z,2024-08-07,en-US,settings,customize-settings-and-preferences;,q94y6fnnsc,Current Time stamp,https://support.mozilla.org/questions/1456923,,,,,,,,,1,true,1.82,False,
1456926,2024-08-07T17:23:07.688464Z,2024-08-07,en-US,troubleshooting,troubleshooting;,mousehold,Thunderbird unable to login to email,https://support.mozilla.org/questions/1456926,,,,,m:microsoftemail,,proto:imap;proto:smtp;proto:oauth,,2,true,1.38,True,sfhowes
1456927,2024-08-07T17:28:33.732063Z,2024-08-07,en-US,settings,customize-settings-and-preferences;,michellejones3,Highlight Color,https://support.mozilla.org/questions/1456927,,,,,,,,,1,true,1.23,True,sfhowes
1456928,2024-08-07T17:30:05.935683Z,2024-08-07,en-US,troubleshooting,troubleshooting;,malcolmhay,I'm on 129.0b6 (32-bit) Beta,https://support.mozilla.org/questions/1456928,os:windows,,,,m:gmail,,proto:oauth,,5,true,1.03,False,
1456929,2024-08-07T17:35:04.340085Z,2024-08-07,en-US,settings,customize-settings-and-preferences;,hdbdarien,Configuring Thunderbird,https://support.mozilla.org/questions/1456929,,,,,m:gmail;m:microsoftemail,,,,1,true,0.97,False,
1456934,2024-08-07T17:51:03.674151Z,2024-08-07,en-US,settings,customize-settings-and-preferences;,johnmuir,Cards View in Thunderbird 115.13.0,https://support.mozilla.org/questions/1456934,os:linux,,,,,,,,2,true,0.63,True,davidsk
1456937,2024-08-07T18:10:08.630678Z,2024-08-07,en-US,troubleshooting,troubleshooting;,josephzucc,Thunderbird 128.1.0esr mac Cant Install s/mime cert on people tab,https://support.mozilla.org/questions/1456937,os:macos,,,,,,,,0,false,,False,
1456940,2024-08-07T18:28:30.696370Z,2024-08-07,en-US,installation-and-updates,install-and-update;,mark567,requested update to v.116 instead went to 115.14 esr channel,https://support.mozilla.org/questions/1456940,,,,,,,,,7,true,0.04,True,James
1456943,2024-08-07T18:52:32.958634Z,2024-08-07,en-US,troubleshooting,troubleshooting;,cbracht51652,"When I go to write an email, the new page is FULL of gobbledegook.",https://support.mozilla.org/questions/1456943,,,,,,,,,2,true,1.06,False,
1456944,2024-08-07T18:59:02.653781Z,2024-08-07,en-US,troubleshooting,troubleshooting;,UtahBob,Internet access,https://support.mozilla.org/questions/1456944,,,,,,,,,0,false,,False,
1456945,2024-08-07T19:00:06.172926Z,2024-08-07,en-US,troubleshooting,troubleshooting;,UtahBob,Internet access,https://support.mozilla.org/questions/1456945,,,,,,,,,0,false,,False,
1456948,2024-08-07T19:07:32.689527Z,2024-08-07,en-US,other,other;,nforgit,Program stopped working and lost all contacts.,https://support.mozilla.org/questions/1456948,os:macos,,,,,,,,0,false,,False,
1456949,2024-08-07T19:17:56.643793Z,2024-08-07,en-US,other,other;,gcjamesburg,thunderbird is not accepting username and password,https://support.mozilla.org/questions/1456949,,,,,m:gmail,,proto:pop,,0,false,,False,
1456952,2024-08-07T19:42:30.164909Z,2024-08-07,en-US,troubleshooting,troubleshooting;,iohp2.0,Thunderbird Daily 131.0a1 Linux is unable to Select OAuth2 as Auth Method for EWS,https://support.mozilla.org/questions/1456952,os:linux,,,,,,proto:oauth;proto:ews,,2,false,,False,
1456962,2024-08-07T20:31:35.431751Z,2024-08-07,en-US,troubleshooting,troubleshooting;,denial,Thunderbird lost 6000 emails possibly during Compacting. 4GB mbox limit for 32bit ?,https://support.mozilla.org/questions/1456962,os:windows,,,,,,proto:pop,,0,false,,False,
1456965,2024-08-07T20:35:06.986045Z,2024-08-07,en-US,settings,customize-settings-and-preferences;,MrYossu,"Only some folders show the number of messages, but not all",https://support.mozilla.org/questions/1456965,,,,,,,,,2,true,7.79,False,
1456968,2024-08-07T20:48:00.724999Z,2024-08-07,en-US,troubleshooting,troubleshooting;,MrYossu,TB shows a blank tab instead of my folders,https://support.mozilla.org/questions/1456968,,,,,,,,,1,false,,False,
1456969,2024-08-07T20:49:27.842453Z,2024-08-07,cs,troubleshooting,troubleshooting;,studeny.p,"Nezobrazují se těla starších zpráv ve složce ""Doručená pošta""",https://support.mozilla.org/questions/1456969,,,,,,,proto:pop,,1,true,1.4,False,
1456970,2024-08-07T20:51:16.816822Z,2024-08-07,en-US,other,other;,1deciple,Can't find/open IN BOX.  Thunderbird opens to SENT Folder,https://support.mozilla.org/questions/1456970,,,,,,,,,0,false,,False,
1456983,2024-08-07T22:49:51.801489Z,2024-08-07,en-US,troubleshooting,troubleshooting;,admin849,False Notifications on Email Accounts,https://support.mozilla.org/questions/1456983,os:macos,,,,,,,,0,false,,False,
1456985,2024-08-07T23:00:57.418590Z,2024-08-07,en-US,installation-and-updates,install-and-update;,nvmartinojr,"""Could not detect login form"" error",https://support.mozilla.org/questions/1456985,,,,,,,,,0,false,,False,
1456986,2024-08-07T23:06:36.837779Z,2024-08-07,en-US,troubleshooting,troubleshooting;,bschulze,Emails,https://support.mozilla.org/questions/1456986,,,,,,,,,0,false,,False,
1456993,2024-08-07T23:44:04.733611Z,2024-08-07,en-US,other,other;,diegodad,Where is my address book? Thunderbird 128,https://support.mozilla.org/questions/1456993,,,,,,,,,0,false,,False,
1456994,2024-08-07T23:54:39.760592Z,2024-08-07,en-US,settings,customize-settings-and-preferences;,bobs3,"I need to simplify, streamline my ""display view""",https://support.mozilla.org/questions/1456994,,,,,,,,,1,true,4.3,False,
1456997,2024-08-07T23:59:32.600984Z,2024-08-07,en-US,other,other;,cbracht51652,"When I go to open a new email letter to write on, the page is full of gobbledygook. I can delete it, but what a pain. An",https://support.mozilla.org/questions/1456997,,,,,,,,,1,true,4.14,False,
1457003,2024-08-08T00:33:18.642358Z,2024-08-08,en-US,other,other;,ROXTRUAX,cannot connect to my msn.com e-mail in Thunderbird; been doing it for years but now password is not recognized.,https://support.mozilla.org/questions/1457003,,,,,m:microsoftemail,,proto:imap,,1,true,3.55,False,
1457010,2024-08-08T01:10:16.515970Z,2024-08-08,en-US,troubleshooting,troubleshooting;,sgitlin,Unwanted System Information Showing in Emails,https://support.mozilla.org/questions/1457010,,,,,,,,,1,true,2.91,False,
1457011,2024-08-08T01:15:34.147663Z,2024-08-08,en-US,troubleshooting,troubleshooting;,RedJock_46,Thunderbird Account Settings,https://support.mozilla.org/questions/1457011,,,,,,,,,2,true,2.8,True,sfhowes
1457012,2024-08-08T01:25:57.532609Z,2024-08-08,en-US,troubleshooting,troubleshooting;,jollygreengiant,"Email ""move"" between folders in latest Thunderbird (128) is unreliable, either failing or deleting messages",https://support.mozilla.org/questions/1457012,os:windows,,,,,,,,11,true,247.65,False,
1457014,2024-08-08T01:41:08.845251Z,2024-08-08,en-US,troubleshooting,troubleshooting;,KJS-LES,New Thunderbird User - Constant Hanging in Tasks module,https://support.mozilla.org/questions/1457014,,,,,,,,,0,false,,False,
1457018,2024-08-08T01:53:03.467857Z,2024-08-08,en-US,troubleshooting,troubleshooting;,timcking,Sent Folder Not Populated,https://support.mozilla.org/questions/1457018,,,,,m:gmail,,,,1,true,2.09,False,
1457022,2024-08-08T03:31:03.362884Z,2024-08-08,en-US,privacy-and-security,protect-your-privacy;,lee64,Local folders,https://support.mozilla.org/questions/1457022,,,,,,,,,0,false,,False,
1457023,2024-08-08T03:43:13.118983Z,2024-08-08,en-US,other,other;,theoasis_1,Thunderbird 129.0b6 (64 bit) nebula (BETA,https://support.mozilla.org/questions/1457023,,,,,,,,,1,true,15.87,False,
1457028,2024-08-08T04:11:47.781910Z,2024-08-08,en-US,other,other;,peggyfromporcupine,Address book,https://support.mozilla.org/questions/1457028,,,,,,,,,0,false,,False,
1457049,2024-08-08T06:20:54.079016Z,2024-08-08,en-US,troubleshooting,troubleshooting;,maxg41,can not logon to the imap server:,https://support.mozilla.org/questions/1457049,,,,,m:microsoftemail,,proto:imap,,1,true,12.09,False,
1457053,2024-08-08T07:33:49.237449Z,2024-08-08,en-US,calendar,calendar;,patrick.cherlet,Apple calendar in Thunderbird,https://support.mozilla.org/questions/1457053,os:macos,,,,,,,,0,false,,False,
1457054,2024-08-08T07:36:17.018238Z,2024-08-08,it,troubleshooting,troubleshooting;,davide.scorrano,connessione con alice fuori tempo..da mercoledi31/7,https://support.mozilla.org/questions/1457054,,,,,,,,,1,true,0.7,False,
1457057,2024-08-08T07:47:33.013879Z,2024-08-08,en-US,troubleshooting,troubleshooting;,jspalaroan,LOST MESSAGES NEBULA 128 ESR  thunderbird INBOX YEAR 2023 TO 2024,https://support.mozilla.org/questions/1457057,,,,,,,,,0,false,,False,
1457061,2024-08-08T08:20:14.802581Z,2024-08-08,en-US,settings,customize-settings-and-preferences;,georg.till,Mail View gone,https://support.mozilla.org/questions/1457061,,,,,,,,,3,true,4.93,False,
1457065,2024-08-08T08:40:08.683050Z,2024-08-08,en-US,troubleshooting,troubleshooting;,aclausse,"After opening Thunderbird, my emails are NOT showed, but they are in Outlook!",https://support.mozilla.org/questions/1457065,,,,,m:microsoftemail,,,,0,false,,False,
1457070,2024-08-08T09:34:15.708586Z,2024-08-08,es,calendar,calendar;,shamseguros,BUSCAR EVENTOS 128.1.0esr (32-bit),https://support.mozilla.org/questions/1457070,,,,,,,,,0,false,,False,
1457071,2024-08-08T09:41:30.831601Z,2024-08-08,en-US,troubleshooting,troubleshooting;,lukaszsokolwspa,Old messages are empty. problem after updating 128.1.0esr,https://support.mozilla.org/questions/1457071,,,,,,,,,0,false,,False,
1457076,2024-08-08T10:10:57.277865Z,2024-08-08,en-US,other,other;,swanda716,mots de passe,https://support.mozilla.org/questions/1457076,,,,,,,,,0,false,,False,
1457077,2024-08-08T10:22:34.395013Z,2024-08-08,it,settings,customize-settings-and-preferences;,nadir.marchiori,Non riesco a scaricare la posta certificata di poste italiane Poste (@pcert.postecert.it),https://support.mozilla.org/questions/1457077,,,,,m:microsoftemail,,proto:imap;proto:smtp;proto:pop,,3,true,0.58,False,
1457081,2024-08-08T10:28:23.017218Z,2024-08-08,nl,other,other;,astrid.buijs,bericht verwijderen uit de map 'prulenbak'.,https://support.mozilla.org/questions/1457081,,,,,,,,,1,true,3.42,False,
1457083,2024-08-08T10:48:29.463732Z,2024-08-08,en-US,troubleshooting,troubleshooting;,paul634,"Feature Request - Count next to ""Tag"" folders",https://support.mozilla.org/questions/1457083,,,,,,,,,5,true,0.3,False,
1457087,2024-08-08T11:13:24.450572Z,2024-08-08,en-US,troubleshooting,troubleshooting;,dare.birsa,"Thunderbird, Can't verify the Gmail Account.",https://support.mozilla.org/questions/1457087,,,,,m:gmail;m:microsoftemail,,,,3,true,7.13,False,
1457090,2024-08-08T11:26:33.009234Z,2024-08-08,en-US,installation-and-updates,install-and-update;,keith222,Nebula,https://support.mozilla.org/questions/1457090,os:windows,,,,,,,,5,true,1.76,False,
1457093,2024-08-08T12:06:31.158783Z,2024-08-08,en-US,troubleshooting,troubleshooting;,dlaviers,Thunderbird problem,https://support.mozilla.org/questions/1457093,,,,,,,,,0,false,,False,
1457097,2024-08-08T13:13:16.684849Z,2024-08-08,en-US,settings,customize-settings-and-preferences;,asystent46,"labels colors - not able to mark the message, only lablel's icon",https://support.mozilla.org/questions/1457097,,,,,,,,,2,true,0.75,False,
1457099,2024-08-08T13:16:37.748451Z,2024-08-08,en-US,settings,customize-settings-and-preferences;,jherbjr,I am on Tbird 128.0.3 (with auto updates)  My email still opens in the middle of the inbox messages instead of at the en,https://support.mozilla.org/questions/1457099,,,,,,,,,0,false,,False,
1457100,2024-08-08T13:24:19.942757Z,2024-08-08,en-US,troubleshooting,troubleshooting;,timovdvenne,Saved search on thunderbird does not work nor save,https://support.mozilla.org/questions/1457100,,,,,,,,,3,true,4.9,False,
1457106,2024-08-08T14:02:03.319935Z,2024-08-08,cs,other,other;,dornak.rosta,Thunderbird v mobilu,https://support.mozilla.org/questions/1457106,,,,,,,,,0,false,,False,
1457108,2024-08-08T14:08:49.159609Z,2024-08-08,en-US,settings,customize-settings-and-preferences;,delta.151,Highlighting in emails,https://support.mozilla.org/questions/1457108,,,,,,,,,7,true,0.93,True,davidsk
1457109,2024-08-08T14:12:15.437053Z,2024-08-08,en-US,settings,customize-settings-and-preferences;,hfeasel8,Peoplepc.com email can recieve but not send,https://support.mozilla.org/questions/1457109,,,,,,,,,0,false,,False,
1457110,2024-08-08T14:14:33.435451Z,2024-08-08,it,installation-and-updates,needsinfo;install-and-update;,antonio.talarico,URGENTE - Problema visualizzazione mail in posta in arrivo,https://support.mozilla.org/questions/1457110,,,,,,,,,1,true,0.7,False,
1457112,2024-08-08T14:30:09.398138Z,2024-08-08,en-US,other,other;,ermago.gold,Thunderbird's Request for Account Passwors,https://support.mozilla.org/questions/1457112,,,,,,,,,0,false,,False,
1457122,2024-08-08T15:10:58.578703Z,2024-08-08,en-US,troubleshooting,troubleshooting;,tmrot,"On Thunderbird, how do I change the password for my email address?",https://support.mozilla.org/questions/1457122,,,,,,,,,1,false,,False,
1457123,2024-08-08T15:13:09.994834Z,2024-08-08,en-US,troubleshooting,troubleshooting;,tmrot,Change email password.,https://support.mozilla.org/questions/1457123,,,,,,,,,6,true,0.76,False,
1457124,2024-08-08T15:19:18.747987Z,2024-08-08,en-US,other,other;,paul634,Sonar looking thing in top left of email composer in new release 128,https://support.mozilla.org/questions/1457124,,,,,,,,,1,true,2.37,False,
1457129,2024-08-08T15:23:24.605738Z,2024-08-08,nl,calendar,calendar;,Abx,Thunderbird agenda,https://support.mozilla.org/questions/1457129,,,,,,,,,0,false,,False,
1457132,2024-08-08T15:33:30.850097Z,2024-08-08,it,other,other;,Alan@1985ML,"Dopo il compattamento, email non vengono visualizzate",https://support.mozilla.org/questions/1457132,,,,,,,,,3,true,0.08,False,
1457141,2024-08-08T16:34:02.760309Z,2024-08-08,en-US,troubleshooting,troubleshooting;,martinlarsson466,Mail from Kivra does not arrive,https://support.mozilla.org/questions/1457141,,,,,m:microsoftemail,,,,0,false,,False,
1457143,2024-08-08T16:44:19.451574Z,2024-08-08,nl,troubleshooting,troubleshooting;,aeverstraeten,een map met foto's maken,https://support.mozilla.org/questions/1457143,,,,,,,,,1,true,12.96,False,
1457146,2024-08-08T17:17:06.220191Z,2024-08-08,en-US,other,other;,gjl619921,128 In Box,https://support.mozilla.org/questions/1457146,,,,,,,,,1,true,0.34,False,
1457147,2024-08-08T17:17:21.453166Z,2024-08-08,en-US,installation-and-updates,install-and-update;,jlhart68,Version 129 is broken,https://support.mozilla.org/questions/1457147,,,,,,,,,9,true,0.22,True,jlhart68
1457148,2024-08-08T17:21:23.974162Z,2024-08-08,it,other,other;,miottist68,cancellazione account,https://support.mozilla.org/questions/1457148,,,,,,,,,8,true,12.97,False,
1457151,2024-08-08T17:37:16.804958Z,2024-08-08,en-US,troubleshooting,troubleshooting;,NoprobLlama,Server login/authentication error sending Hotmail from Thunderbird,https://support.mozilla.org/questions/1457151,os:linux,,,,m:microsoftemail,,proto:imap;proto:smtp;proto:pop,,4,true,0.06,False,
1457152,2024-08-08T17:42:42.081672Z,2024-08-08,it,other,other;needsinfo;,lcuccu65,hunderbird non si avvia,https://support.mozilla.org/questions/1457152,,,,,,,,,1,true,12.6,False,
1457153,2024-08-08T17:50:01.098307Z,2024-08-08,en-US,troubleshooting,troubleshooting;,stixman,Thunderbird problems,https://support.mozilla.org/questions/1457153,,,,,m:yahooemail,,,,3,true,0.62,False,
1457155,2024-08-08T17:59:36.337063Z,2024-08-08,en-US,settings,customize-settings-and-preferences;,yugawae001,Lost pop and imap information,https://support.mozilla.org/questions/1457155,,,,,,,proto:imap;proto:pop,,1,true,2.12,False,
1457156,2024-08-08T18:05:29.294885Z,2024-08-08,en-US,settings,customize-settings-and-preferences;,kgnoble,Draft email saved but not wanted,https://support.mozilla.org/questions/1457156,os:linux,,,,,,,,1,true,1.02,False,
1457158,2024-08-08T18:25:45.518811Z,2024-08-08,en-US,troubleshooting,troubleshooting;,jeffinputnam,TB Stopped updating news feeds - 129.0b6 (64-bit),https://support.mozilla.org/questions/1457158,,,,,,,,,0,false,,False,
1457159,2024-08-08T18:27:09.582804Z,2024-08-08,en-US,troubleshooting,troubleshooting;,mwrr,"Sending to one email address gets ""mailbox is full"" error. Sending to other email addresses still works.",https://support.mozilla.org/questions/1457159,,,,,,,,,5,true,0.02,True,mwrr
1457162,2024-08-08T18:32:55.258020Z,2024-08-08,en-US,troubleshooting,troubleshooting;,Sarek,inserting images,https://support.mozilla.org/questions/1457162,,,,,,,,,0,false,,False,
1457164,2024-08-08T18:56:48.877066Z,2024-08-08,en-US,troubleshooting,troubleshooting;,iandehoward,Thunderbird will not send Emails,https://support.mozilla.org/questions/1457164,,,,,,,,,1,true,1.15,False,
1457165,2024-08-08T18:58:55.185744Z,2024-08-08,en-US,troubleshooting,troubleshooting;,f75mdn8q7r,PEER'S CERTIFICATE,https://support.mozilla.org/questions/1457165,,,,,,,,,1,false,,False,
1457166,2024-08-08T19:02:24.353393Z,2024-08-08,it,installation-and-updates,needsinfo;install-and-update;,elbourkadiahmed73,Attivare account,https://support.mozilla.org/questions/1457166,,,,,,,,,1,true,10.48,False,
1457169,2024-08-08T19:30:15.977537Z,2024-08-08,en-US,other,other;,jsingle261,importing and combining an old profile (with a new profile) into a new Laptop,https://support.mozilla.org/questions/1457169,,,,,,,,,0,false,,False,
1457170,2024-08-08T19:36:24.515994Z,2024-08-08,en-US,installation-and-updates,install-and-update;,spg2500,Thunderbird forcing updates despite disabling them,https://support.mozilla.org/questions/1457170,,,,,,,,,2,true,0.24,False,
1457175,2024-08-08T20:39:01.116821Z,2024-08-08,en-US,settings,customize-settings-and-preferences;,diegodad,Change layout of message display thunderbird 128,https://support.mozilla.org/questions/1457175,,,,,,,,,0,false,,False,
1457181,2024-08-08T21:39:44.238459Z,2024-08-08,en-US,settings,customize-settings-and-preferences;,KJS-LES,Email Inbox Questions,https://support.mozilla.org/questions/1457181,,,,,,,,,16,true,7.55,False,
1457185,2024-08-08T22:00:25.033178Z,2024-08-08,en-US,troubleshooting,troubleshooting;,jeffreyelewis,The current operation on 'Kailah' did not succeed. The mail server for account xxx@gmail.com responded: [NONEXISTENT] In,https://support.mozilla.org/questions/1457185,,,,,m:gmail,,proto:imap,,2,false,,True,jeffreyelewis
1457186,2024-08-08T22:12:49.663288Z,2024-08-08,en-US,troubleshooting,troubleshooting;,pb9,no reception of email on Thunderbird from gmail.com,https://support.mozilla.org/questions/1457186,,,,,m:gmail,,,,0,false,,False,
1457191,2024-08-08T22:28:20.768946Z,2024-08-08,en-US,troubleshooting,troubleshooting;,daves0,Thunderbird 128 high CPU when idle for several minutes. 115 not affected. (has performance profile),https://support.mozilla.org/questions/1457191,,,,,,,proto:smtp,,6,true,434.83,False,
1457193,2024-08-08T22:31:15.498403Z,2024-08-08,en-US,other,other;,kinsella5jon,Constant Freezing of Emails,https://support.mozilla.org/questions/1457193,os:windows,,,,,,,,0,false,,False,
1457199,2024-08-08T22:57:32.978414Z,2024-08-08,en-US,troubleshooting,troubleshooting;,carlamacc2,Outgoing email stopped working today,https://support.mozilla.org/questions/1457199,,,,,m:gmail,,proto:smtp;proto:oauth,,14,true,6.06,True,carlamacc2
1457200,2024-08-08T22:58:15.181000Z,2024-08-08,en-US,troubleshooting,troubleshooting;,d4867,"emails not downloading regularly, only one in 10 or twenty",https://support.mozilla.org/questions/1457200,os:windows,,,,,isp:comcast,,,7,true,387.23,False,
1457203,2024-08-08T23:19:27.025109Z,2024-08-08,en-US,troubleshooting,troubleshooting;,LarrySr,Incoming replyes not showing,https://support.mozilla.org/questions/1457203,,,,,m:microsoftemail,,,,0,false,,False,
1457209,2024-08-09T00:24:52.181303Z,2024-08-09,en-US,troubleshooting,troubleshooting;,256studio,unified folders - thunderbird 128.1.0,https://support.mozilla.org/questions/1457209,,,,,,,,,1,true,4.54,False,
1457210,2024-08-09T00:25:21.027369Z,2024-08-09,en-US,calendar,calendar;,ccoons4419,Calendar file location change in Thunderbird,https://support.mozilla.org/questions/1457210,,,,,,,,,6,true,4.52,False,
1457213,2024-08-09T00:39:22.990637Z,2024-08-09,en-US,installation-and-updates,install-and-update;,paul89895,Need to import mail from Outlook 2007 located on anothe computer,https://support.mozilla.org/questions/1457213,os:windows,,,,m:gmail;m:microsoftemail,,proto:imap,,0,false,,False,
1457233,2024-08-09T05:00:30.633972Z,2024-08-09,en-US,other,other;,DavidMasterson1,Login ID / Email address on Outlook.com conflict,https://support.mozilla.org/questions/1457233,,,,,m:gmail;m:microsoftemail,,,,0,false,,False,
1457238,2024-08-09T06:11:28.303529Z,2024-08-09,en-US,troubleshooting,troubleshooting;,leeth1,emails not sending after 8 sent,https://support.mozilla.org/questions/1457238,,,,,m:yahooemail,,,,0,false,,False,
1457240,2024-08-09T06:20:18.199911Z,2024-08-09,en-US,other,other;,robertdaleweir,Restoring An Old Local Folder,https://support.mozilla.org/questions/1457240,,,,,,,,,1,true,12.37,True,sfhowes
1457241,2024-08-09T06:27:07.671310Z,2024-08-09,it,installation-and-updates,install-and-update;,gspagnuolo1,OAuth2 authentication problems,https://support.mozilla.org/questions/1457241,,,,,m:gmail,,proto:imap;proto:oauth,,5,true,0.33,False,
1457242,2024-08-09T06:33:13.703732Z,2024-08-09,en-US,installation-and-updates,install-and-update;,qhd4mbgwhz,setting up Thunderbird,https://support.mozilla.org/questions/1457242,,,,,,,,,1,true,0.09,False,
1457248,2024-08-09T07:22:52.746260Z,2024-08-09,en-US,settings,customize-settings-and-preferences;,IsNotUnique,Get rid wasted space or fix mail list spacing,https://support.mozilla.org/questions/1457248,,,,,m:microsoftemail,,,,4,true,6.56,False,
1457249,2024-08-09T07:30:02.644933Z,2024-08-09,it,other,other;,petrin.daniele,Nebula - filtri lenti,https://support.mozilla.org/questions/1457249,,,,,,,,,1,true,0.19,False,
1457252,2024-08-09T07:50:22.537659Z,2024-08-09,it,troubleshooting,needsinfo;troubleshooting;,valeria8,thunderbird lento,https://support.mozilla.org/questions/1457252,,,,,,,,,1,true,0.26,False,
1457253,2024-08-09T07:51:03.456564Z,2024-08-09,nl,troubleshooting,troubleshooting;,julia48,"Ik wil graag op mijn laptop 2 verschillende email accounts in een view zien , nu zijn er 2 verschillende folders",https://support.mozilla.org/questions/1457253,,,,,,,,,0,false,,False,
1457255,2024-08-09T08:02:05.912004Z,2024-08-09,en-US,installation-and-updates,install-and-update;,gspagnuolo1,OAuth2 authentication problems,https://support.mozilla.org/questions/1457255,,,,,m:gmail,,proto:imap;proto:oauth,,3,true,10.6,False,
1457259,2024-08-09T08:28:45.099327Z,2024-08-09,en-US,settings,customize-settings-and-preferences;,bryan12,Remove Unified Folders,https://support.mozilla.org/questions/1457259,os:linux,,,,,,,,5,true,5.31,True,bryan12
1457260,2024-08-09T09:00:22.887870Z,2024-08-09,en-US,settings,customize-settings-and-preferences;,eternity.formerly,How to view the email sent and received at the same time,https://support.mozilla.org/questions/1457260,,,,,,,,,1,true,29.78,False,
1457261,2024-08-09T09:01:35.209405Z,2024-08-09,en-US,other,other;,zatz,Global indexing makes Thunderbird very unresponsive after update to v128,https://support.mozilla.org/questions/1457261,,,,,,,,,11,true,29.73,False,
1457262,2024-08-09T09:14:22.765786Z,2024-08-09,it,troubleshooting,troubleshooting;,p.baragatti2016,THUNDERBIRD: Ricerca non funzionante,https://support.mozilla.org/questions/1457262,,,,,,,,,1,true,0.22,False,
1457263,2024-08-09T09:31:44.509879Z,2024-08-09,es,troubleshooting,troubleshooting;,stwose,I can't see the content of my inbox emails older than yesterday,https://support.mozilla.org/questions/1457263,,,,,,,,,1,true,21.01,False,
1457270,2024-08-09T09:57:37.949377Z,2024-08-09,it,other,other;needsinfo;,info11723,"le mail in arrivo sono vuote, spariscono anche gli allegati",https://support.mozilla.org/questions/1457270,,,,,,,,,1,true,0.03,False,
1457273,2024-08-09T10:11:53.592442Z,2024-08-09,en-US,other,other;,user279447857059191873685649676568128579383,Gmail Contacts in Address Book,https://support.mozilla.org/questions/1457273,,,,,m:gmail,,,,0,false,,False,
1457274,2024-08-09T10:19:16.013743Z,2024-08-09,en-US,troubleshooting,troubleshooting;,paul.liesel,Thunderbird,https://support.mozilla.org/questions/1457274,,,,,m:microsoftemail,,,,1,true,28.39,False,
1457275,2024-08-09T10:20:42.658964Z,2024-08-09,en-US,troubleshooting,troubleshooting;,mauricio17,"SENT FOLDER IS EMPTY, all messages disapear",https://support.mozilla.org/questions/1457275,,,,,,,,,0,false,,False,
1457277,2024-08-09T10:39:07.303156Z,2024-08-09,it,troubleshooting,needsinfo;troubleshooting;,simone.abramo1,"Buongiorno, il programma di posta si blocca spesso",https://support.mozilla.org/questions/1457277,,,,,,,,,1,true,2.74,False,
1457278,2024-08-09T10:51:03.189382Z,2024-08-09,en-US,other,other;,ptrlwsn5,Local Folders,https://support.mozilla.org/questions/1457278,,,,,,,,,5,true,0.58,False,
1457279,2024-08-09T10:53:48.913473Z,2024-08-09,en-US,other,other;,emilshamloo,"changed server, IMAP is not showing the old folders and emails.",https://support.mozilla.org/questions/1457279,,,,,,,proto:imap,,0,false,,False,
1457280,2024-08-09T10:59:35.968868Z,2024-08-09,en-US,troubleshooting,troubleshooting;,mrimmer.main,Gmail,https://support.mozilla.org/questions/1457280,,,,,m:gmail,,proto:pop,,3,true,0.29,False,
1457286,2024-08-09T11:46:44.045199Z,2024-08-09,en-US,troubleshooting,troubleshooting;,jm310,Compact not working on local folders (Thunderbird 128.1.0esr),https://support.mozilla.org/questions/1457286,,,,,,,proto:imap,,5,true,1324.25,True,Toad-Hall
1457287,2024-08-09T11:47:58.846112Z,2024-08-09,nl,other,other;,nidia_oved,Junkmail,https://support.mozilla.org/questions/1457287,,,,,m:microsoftemail,,,,0,false,,False,
1457290,2024-08-09T12:22:33.578395Z,2024-08-09,en-US,other,other;,Alan128,TBird Nebula and Gmail Contacts,https://support.mozilla.org/questions/1457290,os:windows,,,,m:gmail,,proto:imap;proto:carddav,,4,true,6.08,True,sfhowes
1457291,2024-08-09T12:52:15.999404Z,2024-08-09,en-US,troubleshooting,troubleshooting;,jerrydean,Thunderbird lost all my profiles and emails,https://support.mozilla.org/questions/1457291,,,,,,,,,0,false,,False,
1457294,2024-08-09T13:12:56.510818Z,2024-08-09,en-US,troubleshooting,troubleshooting;,PABach,Thunderbird 128 (Nebula) Hangs Constantly.  SOLVED caused by Microsoft Defender Anti-Virus,https://support.mozilla.org/questions/1457294,os:windows,,,,,,,av:defender,5,true,2.18,False,
1457296,2024-08-09T13:14:44.085894Z,2024-08-09,nl,troubleshooting,troubleshooting;,mr.hartsema,verzenden gmail account werkt niet,https://support.mozilla.org/questions/1457296,os:windows,,,,m:gmail,,proto:imap;proto:smtp;proto:oauth,,1,false,,True,mr.hartsema
1457297,2024-08-09T13:15:31.643954Z,2024-08-09,fi,troubleshooting,troubleshooting;,jari13,Email,https://support.mozilla.org/questions/1457297,,,,,,,,,0,false,,False,
1457300,2024-08-09T13:22:21.265949Z,2024-08-09,it,other,other;,codrino.piero,Bug visivo mail,https://support.mozilla.org/questions/1457300,,,,,,,,,1,true,0.32,False,
1457302,2024-08-09T13:31:10.174075Z,2024-08-09,en-US,troubleshooting,troubleshooting;,m.j.relton,Problems with Thunderbird Inbox since a day before V128 Update,https://support.mozilla.org/questions/1457302,,,,,,,,,6,true,4.88,False,
1457303,2024-08-09T13:32:26.478605Z,2024-08-09,nl,troubleshooting,troubleshooting;,L.Naeff1993,kan via thunderbird geen bericht verzenden,https://support.mozilla.org/questions/1457303,,,,,,,,,0,false,,False,
1457308,2024-08-09T13:42:39.486197Z,2024-08-09,en-US,other,other;,wagatechserwis2,The mail site certificate...... is not valid for this server. Someone may try to impersonate the server. Do not continue,https://support.mozilla.org/questions/1457308,,,,,,,,,4,true,24.81,False,
1457309,2024-08-09T13:44:07.887793Z,2024-08-09,en-US,troubleshooting,troubleshooting;,stevematulick,Cannot send outgoing emails after automatic update from 115.14.0 to 128.0.1esp,https://support.mozilla.org/questions/1457309,,,,,m:gmail,,proto:imap;proto:smtp,,15,true,0.24,False,
1457310,2024-08-09T13:46:10.512910Z,2024-08-09,it,troubleshooting,troubleshooting;,francesco24,Email,https://support.mozilla.org/questions/1457310,,,,,,,,,1,true,0.68,False,
1457316,2024-08-09T14:42:52.794631Z,2024-08-09,en-US,troubleshooting,troubleshooting;,granny48,One Gmail account STAT problem,https://support.mozilla.org/questions/1457316,,,,,m:gmail,,,,5,true,3.6,True,granny48
1457317,2024-08-09T14:47:19.175125Z,2024-08-09,en-US,troubleshooting,troubleshooting;,Marcgee,Thunderbird 128.1.0esr (32-bit) address book not saving new contacts,https://support.mozilla.org/questions/1457317,,,,,,,,,3,false,,True,Marcgee
1457319,2024-08-09T15:20:58.403678Z,2024-08-09,en-US,troubleshooting,troubleshooting;,mwrr,Sometimes my Thunderbird Inbox (or some other folder) is empty (temporarily),https://support.mozilla.org/questions/1457319,,,,,,,,,1,true,3091.32,False,
1457321,2024-08-09T15:43:16.627844Z,2024-08-09,nl,settings,customize-settings-and-preferences;,m.hinse,spam instellen,https://support.mozilla.org/questions/1457321,,,,,,,,,0,false,,False,
1457324,2024-08-09T15:52:20.105245Z,2024-08-09,en-US,other,other;,Robert91,Legacy brushed_metal_xp theme,https://support.mozilla.org/questions/1457324,,,,,,,,,3,true,22.63,False,
1457325,2024-08-09T15:55:46.267902Z,2024-08-09,en-US,troubleshooting,troubleshooting;,wbrannr,Cannot send emails -,https://support.mozilla.org/questions/1457325,,,,,m:gmail;m:yahooemail,,proto:smtp,,7,true,2.29,True,sfhowes
1457326,2024-08-09T15:58:45.631948Z,2024-08-09,nl,troubleshooting,troubleshooting;,info11725,e-mails,https://support.mozilla.org/questions/1457326,,,,,,,,,0,false,,False,
1457328,2024-08-09T16:00:51.233500Z,2024-08-09,en-US,troubleshooting,troubleshooting;tb128compact;bug1912542;,rjohnson53,128.1.0esr (64-bit) Does not seem to compact folders,https://support.mozilla.org/questions/1457328,,,,,,,,,1,true,6.03,False,
1457329,2024-08-09T16:10:07.297961Z,2024-08-09,en-US,troubleshooting,troubleshooting;,joyce.gallagher1,"emails - ""old"" mail in my inbox",https://support.mozilla.org/questions/1457329,,,,,,,,,1,false,,False,
1457331,2024-08-09T16:13:02.789654Z,2024-08-09,en-US,privacy-and-security,protect-your-privacy;,fwpfordt,Translate?,https://support.mozilla.org/questions/1457331,,,,,,,,,0,false,,False,
1457332,2024-08-09T16:21:16.558610Z,2024-08-09,it,installation-and-updates,needsinfo;install-and-update;,carraroferruccio,Inserimento nuova mail,https://support.mozilla.org/questions/1457332,,,,,m:gmail,,,,1,true,16.61,False,
1457335,2024-08-09T16:37:28.255137Z,2024-08-09,it,other,other;,info11726,anteprima mail,https://support.mozilla.org/questions/1457335,,,,,,,,,1,true,16.41,False,
1457338,2024-08-09T17:11:10.224480Z,2024-08-09,en-US,troubleshooting,troubleshooting;,bmbman64,invalid certificate/sent mail not storing on server/not receiving mail from server,https://support.mozilla.org/questions/1457338,,,,,,,proto:imap;proto:pop,,1,true,20.97,False,
1457340,2024-08-09T17:28:32.791419Z,2024-08-09,en-US,troubleshooting,troubleshooting;,Gordon.Stewart2,Thunderbird not sending e-mails to my outlook.com but receiving email from Outlook IMAP works fine,https://support.mozilla.org/questions/1457340,,,,,m:gmail;m:microsoftemail,,proto:imap;proto:smtp;proto:oauth,,4,true,20.38,True,Gordon.Stewart2
1457342,2024-08-09T17:39:00.705802Z,2024-08-09,en-US,other,other;,vmars3161,Easy way to block emails by Address ?,https://support.mozilla.org/questions/1457342,,,,,,,,,0,false,,False,
1457344,2024-08-09T17:45:57.622613Z,2024-08-09,en-US,installation-and-updates,install-and-update;,speed3,I am trying to open my email but is does not work?,https://support.mozilla.org/questions/1457344,,,,,,,,,0,false,,False,
1457345,2024-08-09T17:50:11.439338Z,2024-08-09,en-US,troubleshooting,troubleshooting;,4mail2get,Slow Download after power outage,https://support.mozilla.org/questions/1457345,os:windows,,,,m:microsoftemail,isp:verizon,proto:pop,,0,false,,False,
1457346,2024-08-09T17:51:06.105330Z,2024-08-09,en-US,troubleshooting,troubleshooting;,fan5,"How to fix opening messages and deleting messages that are suddenly very slow with Win 11, 128.1.0esr (64-bit)?",https://support.mozilla.org/questions/1457346,os:windows,,,,,,,,0,false,,False,
1457347,2024-08-09T17:56:15.025590Z,2024-08-09,en-US,calendar,calendar;,mozillarob519,Thunderbird 128 Calendar - Search All Events,https://support.mozilla.org/questions/1457347,,,,,,,,,2,true,0.15,False,
1457354,2024-08-09T18:21:00.349339Z,2024-08-09,en-US,troubleshooting,troubleshooting;,rsternberg,incoming emails no longer in bold,https://support.mozilla.org/questions/1457354,,,,,,,,,0,false,,False,
1457355,2024-08-09T18:28:15.971441Z,2024-08-09,en-US,other,other;,tiggerx5,Schedule a time for an email to be sent?,https://support.mozilla.org/questions/1457355,,,,,,,,,2,true,2.22,False,
1457359,2024-08-09T19:03:16.190421Z,2024-08-09,en-US,other,other;,christopher.j.wright4,Automatic keyboard focus for message list when opening Thunderbird,https://support.mozilla.org/questions/1457359,os:windows,,,,,,,,0,false,,False,
1457361,2024-08-09T19:04:05.783528Z,2024-08-09,en-US,troubleshooting,troubleshooting;,joyce.gallagher1,Backup file,https://support.mozilla.org/questions/1457361,,,,,,,,,2,true,1.61,False,
1457368,2024-08-09T19:38:24.394518Z,2024-08-09,en-US,other,other;needsinfo;,faer,Disappearance of emails in my Sent folder,https://support.mozilla.org/questions/1457368,,,,,,,,,1,true,4.34,False,
1457371,2024-08-09T19:51:04.445774Z,2024-08-09,en-US,other,other;bug1911225;,fh2nd,Cannot create new subfolder since ver 128.1.0esr,https://support.mozilla.org/questions/1457371,,,,,,,,,37,true,0.77,True,Toad-Hall
1457373,2024-08-09T19:54:55.531834Z,2024-08-09,en-US,troubleshooting,troubleshooting;,giuseppe.bernicchia50,send picture/document to e-mail address,https://support.mozilla.org/questions/1457373,,,,,,,,,2,true,0.67,False,
1457376,2024-08-09T20:32:22.154631Z,2024-08-09,en-US,installation-and-updates,install-and-update;,whatmail454,"Since 128 update, SUPER SLOW checking, downloading and loading message to read.",https://support.mozilla.org/questions/1457376,os:windows,,,,,,,,0,false,,False,
1457383,2024-08-09T21:10:40.395019Z,2024-08-09,en-US,troubleshooting,troubleshooting;,mrphillips,Email,https://support.mozilla.org/questions/1457383,os:windows,,,,m:yahooemail,,,,0,false,,False,
1457390,2024-08-09T21:47:02.993549Z,2024-08-09,en-US,troubleshooting,troubleshooting;,Rnady,How Do I delete multiple emails?,https://support.mozilla.org/questions/1457390,,,,,,,,,1,true,14.52,False,
1457391,2024-08-09T21:47:39.690681Z,2024-08-09,en-US,installation-and-updates,needsinfo;install-and-update;,jonswilson,Updating,https://support.mozilla.org/questions/1457391,,,,,,,,,1,true,13.77,False,
1457400,2024-08-09T22:36:21.322180Z,2024-08-09,en-US,troubleshooting,troubleshooting;,spacemanspiff,After Gmail outage yesterday I cannot send email via smtp - OAuth2 Issue?,https://support.mozilla.org/questions/1457400,,,,,m:gmail,,proto:imap;proto:smtp;proto:oauth,,10,true,1.03,False,
1457405,2024-08-09T23:01:27.993710Z,2024-08-09,en-US,troubleshooting,troubleshooting;,xyzzybaum1,Can't Update emails,https://support.mozilla.org/questions/1457405,,,,,,,,,0,false,,False,
1457414,2024-08-10T00:53:51.375837Z,2024-08-10,en-US,troubleshooting,troubleshooting;,info11728,Email Signature,https://support.mozilla.org/questions/1457414,,,,,,,,,1,true,11.69,False,
1457421,2024-08-10T01:19:27.785473Z,2024-08-10,en-US,troubleshooting,troubleshooting;,rick465,Bounced messages.,https://support.mozilla.org/questions/1457421,,,,,,,,,6,true,11.24,False,
1457423,2024-08-10T01:24:04.495367Z,2024-08-10,en-US,troubleshooting,troubleshooting;,coffent1,Thunderbird checks for POP email on only one of two almost-identical accounts,https://support.mozilla.org/questions/1457423,,,,,,,proto:pop,,0,false,,False,
1457430,2024-08-10T02:29:21.964387Z,2024-08-10,en-US,troubleshooting,troubleshooting;,ghf67,Need to unlink email from a website.,https://support.mozilla.org/questions/1457430,,,,,,,,,1,true,10.01,False,
1457442,2024-08-10T04:35:14.834655Z,2024-08-10,en-US,troubleshooting,troubleshooting;,aztecalarm,Slow start up,https://support.mozilla.org/questions/1457442,os:windows,,,,,,,,1,true,22.95,False,
1457450,2024-08-10T06:19:31.477195Z,2024-08-10,en-US,other,other;,siddu.ec30,Latest version Thunderbird 128.1.0 hanging (Windows 11),https://support.mozilla.org/questions/1457450,os:windows,,,,,,,,6,true,0.81,False,
1457459,2024-08-10T08:08:26.070275Z,2024-08-10,en-US,troubleshooting,troubleshooting;,mixtzinn,Thunderbird asks permission to access Google account all the time,https://support.mozilla.org/questions/1457459,,,,,,,,,4,true,19.4,False,
1457463,2024-08-10T08:37:17.739611Z,2024-08-10,en-US,other,other;,rosgold,Backup all of my emails,https://support.mozilla.org/questions/1457463,os:windows,,,,,,,,5,true,3.33,False,
1457464,2024-08-10T08:40:11.251771Z,2024-08-10,it,troubleshooting,needsinfo;troubleshooting;,reliquiepapaluciani,non funziona la posta elettronica esce errore connessione al serve mail.papaluciani fuori tempo massimo,https://support.mozilla.org/questions/1457464,,,,,,,,,1,true,0.39,False,
1457467,2024-08-10T08:59:29.113348Z,2024-08-10,en-US,other,other;,chrishanks,Emails,https://support.mozilla.org/questions/1457467,,,,,,,,,4,true,3.34,False,
1457469,2024-08-10T09:11:21.576873Z,2024-08-10,it,installation-and-updates,install-and-update;,n.cinzia,versioni obsolete,https://support.mozilla.org/questions/1457469,,,,,,,,,1,true,0.09,False,
1457470,2024-08-10T09:33:23.040511Z,2024-08-10,es,troubleshooting,troubleshooting;,secmisiones,Error al reenviar correos,https://support.mozilla.org/questions/1457470,,,,,m:gmail,,proto:smtp,,1,true,19.44,False,
1457472,2024-08-10T10:03:17.647127Z,2024-08-10,en-US,troubleshooting,troubleshooting;,ElenaH,Third party access to Google email account,https://support.mozilla.org/questions/1457472,,,,,m:gmail,,,,1,false,,False,
1457473,2024-08-10T10:14:06.490199Z,2024-08-10,en-US,installation-and-updates,install-and-update;,RDS20,forgot password,https://support.mozilla.org/questions/1457473,,,,,,,,,1,true,1.84,False,
1457474,2024-08-10T10:15:40.931105Z,2024-08-10,en-US,troubleshooting,troubleshooting;,aki.makivirta,thunderbird 128.1.0esr takes more than six seconds to open or delete mail,https://support.mozilla.org/questions/1457474,os:windows,,,,,,,,0,false,,False,
1457476,2024-08-10T10:20:07.635253Z,2024-08-10,en-US,installation-and-updates,needsinfo;install-and-update;,Kgs-aquapure,Thunderbird instalation,https://support.mozilla.org/questions/1457476,os:linux,,,,,,,,1,true,5.19,False,
1457477,2024-08-10T10:37:48.054660Z,2024-08-10,en-US,troubleshooting,troubleshooting;,nclm,New thing in the app indicators,https://support.mozilla.org/questions/1457477,os:linux,,,,,,,,1,true,0.65,False,
1457480,2024-08-10T11:13:50.626743Z,2024-08-10,en-US,troubleshooting,troubleshooting;,slg4,Thunderbird repeatedly freezes when opening new mail. The program is barely usable. This is on Windows 10.,https://support.mozilla.org/questions/1457480,os:windows,,,,,,,,2,true,16.33,False,
1457487,2024-08-10T11:56:28.197950Z,2024-08-10,en-US,troubleshooting,troubleshooting;,hasnain1337,gmail Account,https://support.mozilla.org/questions/1457487,,,,,m:gmail,,,,1,true,13.51,True,MattAuSupport
1457490,2024-08-10T13:05:09.588727Z,2024-08-10,en-US,troubleshooting,troubleshooting;,mike.lyon,thunderbird,https://support.mozilla.org/questions/1457490,,,,,,,,,1,true,12.48,False,
1457492,2024-08-10T13:25:14.518879Z,2024-08-10,en-US,troubleshooting,troubleshooting;,anyoneinracks,Getting emails from Fasthosts,https://support.mozilla.org/questions/1457492,os:windows,,,,,,,,0,false,,False,
1457495,2024-08-10T13:58:37.810999Z,2024-08-10,en-US,troubleshooting,troubleshooting;,rainer.john-solf,Thunderbird account,https://support.mozilla.org/questions/1457495,,,,,m:gmx,isp:tonline,,,0,false,,False,
1457499,2024-08-10T14:22:01.343494Z,2024-08-10,en-US,troubleshooting,troubleshooting;,janaddle,Folders in email gone,https://support.mozilla.org/questions/1457499,,,,,,,,,0,false,,False,
1457500,2024-08-10T14:29:09.570239Z,2024-08-10,en-US,other,other;,flyboy2711,email trash folder,https://support.mozilla.org/questions/1457500,,,,,,,,,1,true,13.03,False,
1457504,2024-08-10T14:50:46.380955Z,2024-08-10,en-US,troubleshooting,troubleshooting;,pauljreger1958,Thunderbird client on Windows 10 with gmail account often hangs and become non-responsive,https://support.mozilla.org/questions/1457504,os:windows,,,,m:gmail,,,,1,true,12.63,False,
1457523,2024-08-10T16:11:33.608987Z,2024-08-10,en-US,other,other;,rich.levitch,some of my emails are comming through as text. what should I do..,https://support.mozilla.org/questions/1457523,,,,,,,,,2,true,11.27,True,rich.levitch
1457524,2024-08-10T16:12:02.687586Z,2024-08-10,en-US,email-and-messaging,desktop;windows-10;troubleshooting;firefox-1270;,pck24,K-9 email not sync with thunderbird?,https://support.mozilla.org/questions/1457524,os:windows,Windows 10,,,,,,,2,true,3.73,False,
1457526,2024-08-10T16:23:03.282710Z,2024-08-10,en-US,troubleshooting,troubleshooting;,ken.smith1,Missing Profile problem,https://support.mozilla.org/questions/1457526,,,,,,,,,1,true,1.13,False,
1457527,2024-08-10T16:25:14.945096Z,2024-08-10,en-US,troubleshooting,troubleshooting;,wevans803,Bogus content in emails,https://support.mozilla.org/questions/1457527,,,,,,,,,2,true,11.04,False,
1457533,2024-08-10T17:39:57.197464Z,2024-08-10,es,troubleshooting,troubleshooting;,jsantama7,Problems with my Hotmail Account,https://support.mozilla.org/questions/1457533,,,,,m:microsoftemail,,,,2,true,11.12,False,
1457539,2024-08-10T18:27:32.988015Z,2024-08-10,en-US,troubleshooting,troubleshooting;,scoteng1961,gmail account on my iphone,https://support.mozilla.org/questions/1457539,,,,,m:gmail,,,,1,true,8.99,False,
1457545,2024-08-10T19:24:58.044249Z,2024-08-10,en-US,settings,customize-settings-and-preferences;,biz1,Unable to change password for gmail using POP3,https://support.mozilla.org/questions/1457545,,,,,m:gmail,,proto:pop;proto:oauth,,1,false,,True,biz1
1457551,2024-08-10T20:28:00.308659Z,2024-08-10,en-US,troubleshooting,troubleshooting;,dvd.kvd,Can't download Juno POP mail to Thunderbird [continuted]  or send messages from Thunderbird via Juno,https://support.mozilla.org/questions/1457551,,,,,,,proto:pop,,11,true,16.33,True,Toad-Hall
1457555,2024-08-10T21:14:31.078090Z,2024-08-10,en-US,installation-and-updates,install-and-update;,orioncassie2006,Months of missing emails after compacting,https://support.mozilla.org/questions/1457555,,,,,,,,,1,true,3.8,False,
1457557,2024-08-10T21:25:58.440561Z,2024-08-10,en-US,troubleshooting,troubleshooting;,rob246,"Message ""Login to server with username failed"" after software update",https://support.mozilla.org/questions/1457557,os:linux,,,,,,proto:imap,av:defender,1,false,,False,
1457562,2024-08-10T21:56:56.841383Z,2024-08-10,en-US,other,other;,dave.vandenberg,Import email files recovered from a failed drive,https://support.mozilla.org/questions/1457562,os:windows,,,,,isp:comcast,,,1,true,3.21,False,
1457566,2024-08-10T23:32:59.118341Z,2024-08-10,en-US,troubleshooting,troubleshooting;,cbtango1,thunderbird quit downloading my work hotmail account in July 2024,https://support.mozilla.org/questions/1457566,,,,,m:gmail;m:microsoftemail,,,,1,false,,True,cbtango1
1457567,2024-08-10T23:45:45.969377Z,2024-08-10,en-US,other,other;,nospam17,Thunderbird as a cloud platform,https://support.mozilla.org/questions/1457567,,,,,m:microsoftemail,,,,1,true,3.93,False,
1457572,2024-08-11T00:29:06.518906Z,2024-08-11,en-US,troubleshooting,troubleshooting;,joanmiller,losing e-mails when transfering them,https://support.mozilla.org/questions/1457572,,,,,,,,,2,true,0.52,False,
1457583,2024-08-11T03:01:53.697829Z,2024-08-11,en-US,installation-and-updates,install-and-update;,adbeng,Gmail changes August 2024,https://support.mozilla.org/questions/1457583,,,,,m:gmail,,,,5,true,0.28,True,davidsk
1457596,2024-08-11T05:13:20.096465Z,2024-08-11,en-US,troubleshooting,troubleshooting;,jobaka,Unable to send email from Thunderbird,https://support.mozilla.org/questions/1457596,,,,,,,,,1,true,10.62,False,
1457601,2024-08-11T05:51:24.256124Z,2024-08-11,hu,settings,customize-settings-and-preferences;,modgabor,Nem tudok Belépni a Thunderbird -be a Password miatt,https://support.mozilla.org/questions/1457601,,,,,,,,,0,false,,False,
1457613,2024-08-11T07:51:52.064235Z,2024-08-11,en-US,other,other;,drewtrott,No Column Headers in Message List,https://support.mozilla.org/questions/1457613,,,,,,,,,1,true,3.56,False,
1457614,2024-08-11T07:58:04.914194Z,2024-08-11,nl,settings,customize-settings-and-preferences;,anneke1,foutmelding bij starten Firefox,https://support.mozilla.org/questions/1457614,,,,,,,,,0,false,,False,
1457615,2024-08-11T08:38:03.367021Z,2024-08-11,en-US,other,other;,clo.claudius,Mise en conformité de Thunderbird/Outlook.com,https://support.mozilla.org/questions/1457615,,,,,m:microsoftemail,,proto:imap;proto:smtp;proto:oauth,,3,true,6.64,False,
1457622,2024-08-11T09:19:11.480731Z,2024-08-11,en-US,troubleshooting,troubleshooting;,robert417,Pop-up,https://support.mozilla.org/questions/1457622,,,,,m:gmail,,proto:oauth,,0,false,,False,
1457629,2024-08-11T10:26:48.014511Z,2024-08-11,en-US,troubleshooting,troubleshooting;,olle.lindeberg,How do I turn off and disable ALL junk filtering in Thunderbird?,https://support.mozilla.org/questions/1457629,,,,,,,,,2,true,0.81,False,
1457632,2024-08-11T10:48:52.571263Z,2024-08-11,en-US,other,other;,nkennington@juno.com,How to send a text message?,https://support.mozilla.org/questions/1457632,,,,,,,,,2,true,0.18,False,
1457635,2024-08-11T12:07:25.185673Z,2024-08-11,en-US,settings,customize-settings-and-preferences;,mike759,New to thunderbird. I'd like to add a delete message button in the message list,https://support.mozilla.org/questions/1457635,,,,,m:microsoftemail,,,,6,true,0.4,True,davidsk
1457638,2024-08-11T12:30:15.326289Z,2024-08-11,en-US,troubleshooting,troubleshooting;,rich.levitch,thunderbird,https://support.mozilla.org/questions/1457638,,,,,,,,,0,false,,False,
1457640,2024-08-11T12:44:04.264140Z,2024-08-11,en-US,troubleshooting,troubleshooting;,ken.smith1,emails on new account on second machine won't login with identical information,https://support.mozilla.org/questions/1457640,,,,,,,proto:imap;proto:pop,,6,true,2.0,False,
1457642,2024-08-11T12:46:20.391815Z,2024-08-11,en-US,other,other;,jlblan2,Thunderbird address book and email recipients,https://support.mozilla.org/questions/1457642,,,,,,,,,0,false,,False,
1457644,2024-08-11T13:01:00.310822Z,2024-08-11,en-US,installation-and-updates,install-and-update;,jbs6,Syncing local folders,https://support.mozilla.org/questions/1457644,,,,,,,,,1,true,1.48,False,
1457649,2024-08-11T13:33:27.195288Z,2024-08-11,en-US,settings,customize-settings-and-preferences;,jimbrowning283,get thunderbird to open email links in microsoft edge browser rather than google chrome,https://support.mozilla.org/questions/1457649,,,,,,,,,4,true,1.13,True,jimbrowning283
1457652,2024-08-11T14:03:51.106358Z,2024-08-11,nl,settings,customize-settings-and-preferences;,leovoor,Thunderbird,https://support.mozilla.org/questions/1457652,,,,,m:gmail,,,,0,false,,False,
1457656,2024-08-11T14:26:57.266991Z,2024-08-11,en-US,troubleshooting,troubleshooting;,mikeybear,Since upgrading to Thunderbird 128 I am unable to read emails prior to June 1999,https://support.mozilla.org/questions/1457656,,,,,,,,,0,false,,False,
1457660,2024-08-11T14:48:00.559860Z,2024-08-11,en-US,installation-and-updates,install-and-update;,john1094,Invalid certificate,https://support.mozilla.org/questions/1457660,,,,,,,,,0,false,,False,
1457663,2024-08-11T14:54:47.047411Z,2024-08-11,en-US,settings,customize-settings-and-preferences;,lbc,Can I expect this two-part filter sequence to work as expected [before Junk Classication / after Junk Classification],https://support.mozilla.org/questions/1457663,os:linux,,,,,,proto:imap,,0,false,,False,
1457664,2024-08-11T15:06:41.370436Z,2024-08-11,hu,troubleshooting,troubleshooting;,tothb.1956,Gmail-fiók hozzáadása Thunderbirdön,https://support.mozilla.org/questions/1457664,,,,,m:gmail,,,,0,false,,False,
1457665,2024-08-11T15:07:55.456534Z,2024-08-11,en-US,settings,customize-settings-and-preferences;,cityguy08,How do I use/find the auto correct feature?,https://support.mozilla.org/questions/1457665,os:windows,,,,,,,,5,true,0.05,False,
1457671,2024-08-11T15:48:15.211865Z,2024-08-11,it,other,other;,direzione20,accounts,https://support.mozilla.org/questions/1457671,,,,,,,,,1,true,13.94,False,
1457678,2024-08-11T16:19:59.949494Z,2024-08-11,en-US,other,other;,robertvd,Search function in inbox,https://support.mozilla.org/questions/1457678,,,,,,,,,1,true,1.62,False,
1457680,2024-08-11T16:24:19.692247Z,2024-08-11,en-US,other,other;,jsingle261,Cannot import old profile into new profile,https://support.mozilla.org/questions/1457680,,,,,,,,,0,false,,False,
1457681,2024-08-11T16:31:13.313008Z,2024-08-11,en-US,troubleshooting,troubleshooting;,jcmpif,Failed authentication error on Thunderbird using comcast/Xfinity email accounts,https://support.mozilla.org/questions/1457681,,,,,m:gmail,isp:comcast,proto:smtp,,3,true,325.39,False,
1457697,2024-08-11T17:44:52.897482Z,2024-08-11,en-US,troubleshooting,troubleshooting;,kash5,Recovering emails from IMAP server,https://support.mozilla.org/questions/1457697,,,,,,,proto:imap,,1,true,3.02,False,
1457700,2024-08-11T17:56:28.602480Z,2024-08-11,en-US,troubleshooting,troubleshooting;,msilvers50,Sending Gmail Slow,https://support.mozilla.org/questions/1457700,os:windows,,,,m:gmail,,proto:smtp;proto:pop;proto:oauth,,0,false,,False,
1457708,2024-08-11T19:49:05.326758Z,2024-08-11,en-US,settings,customize-settings-and-preferences;,daraeman,Only show unread count for inbox,https://support.mozilla.org/questions/1457708,,,,,,,,,0,false,,False,
1457709,2024-08-11T20:07:19.638930Z,2024-08-11,en-US,troubleshooting,troubleshooting;,criggs,Thunderbird Problem,https://support.mozilla.org/questions/1457709,,,,,m:gmail,,,,1,false,,False,
1457711,2024-08-11T20:25:00.598414Z,2024-08-11,it,installation-and-updates,install-and-update;,giov.monti,Perchè avete inserito la mail nel mittente della Posta Ricevuta ?,https://support.mozilla.org/questions/1457711,,,,,,,,,1,true,9.21,False,
1457713,2024-08-11T20:34:30.842582Z,2024-08-11,nl,privacy-and-security,protect-your-privacy;,fernand.webmail,Donatie,https://support.mozilla.org/questions/1457713,,,,,,,,,0,false,,False,
1457714,2024-08-11T20:35:06.321892Z,2024-08-11,en-US,installation-and-updates,install-and-update;,pvollma,After a regular system restart (pop_os = Ubuntu) New Messge form is unreadable,https://support.mozilla.org/questions/1457714,os:linux,,,,,,,,0,false,,False,
1457715,2024-08-11T20:36:43.776342Z,2024-08-11,en-US,settings,customize-settings-and-preferences;,ciniello455,why is my TB email going to xfinity,https://support.mozilla.org/questions/1457715,,,,,,isp:comcast,,,0,false,,False,
1457725,2024-08-11T22:01:55.626036Z,2024-08-11,en-US,other,other;,1620wrl,Messages being forwarded are unreadable,https://support.mozilla.org/questions/1457725,os:windows,,,,,,proto:smtp,,0,false,,False,
1457728,2024-08-11T22:39:48.039697Z,2024-08-11,en-US,other,other;,bibo.misc,migrating emails from thunderbird on MAC to WIN,https://support.mozilla.org/questions/1457728,,,,,m:microsoftemail,,,,1,true,3.94,False,
1457729,2024-08-11T22:41:21.398936Z,2024-08-11,en-US,troubleshooting,troubleshooting;,oneghing,no longer recieving or able to send email,https://support.mozilla.org/questions/1457729,,,,,,,,,0,false,,False,
1457730,2024-08-11T23:15:31.417775Z,2024-08-11,en-US,installation-and-updates,install-and-update;,Dave.RTWB,rejectimg credentials,https://support.mozilla.org/questions/1457730,,,,,,,,,0,false,,False,
1457732,2024-08-11T23:47:48.531407Z,2024-08-11,en-US,installation-and-updates,install-and-update;,mattpaknis,Migrating all my existing email account information including my address book and contacts from my thunderbird account a,https://support.mozilla.org/questions/1457732,,,,,,,,,0,false,,False,
1457734,2024-08-12T00:00:53.023668Z,2024-08-12,en-US,settings,customize-settings-and-preferences;,ashmmackinnon,e-mail archive is full,https://support.mozilla.org/questions/1457734,,,,,,,,,0,false,,False,
1457737,2024-08-12T00:36:28.204662Z,2024-08-12,en-US,other,other;,gordon.carter,"Unable to send emails, as there is NO SEND tab nor any Attach tab on the compose an email page - see uploaded scan below",https://support.mozilla.org/questions/1457737,,,,,,,,,2,true,13.24,True,davidsk
1457740,2024-08-12T00:43:05.625451Z,2024-08-12,en-US,settings,customize-settings-and-preferences;,oliwally1,Email account colours,https://support.mozilla.org/questions/1457740,,,,,,,,,0,false,,False,
1457741,2024-08-12T01:12:58.935978Z,2024-08-12,en-US,other,other;,ronaldbyrnes711,downloading email,https://support.mozilla.org/questions/1457741,,,,,,,,av:bitdefender,0,false,,False,
1457748,2024-08-12T02:57:59.356448Z,2024-08-12,en-US,installation-and-updates,install-and-update;,stevewood,Thunderbird install update,https://support.mozilla.org/questions/1457748,,,,,,,,,0,false,,False,
1457753,2024-08-12T04:43:08.124153Z,2024-08-12,en-US,settings,customize-settings-and-preferences;,cpkern,"Thunderbird V115.5.0 (on Debian Linux) - Can't Find the ""Font Toolbar"" in email ""Write"" window ... Where is it?",https://support.mozilla.org/questions/1457753,os:linux,,,,,,,,1,true,9.08,False,
1457755,2024-08-12T05:12:35.732584Z,2024-08-12,en-US,troubleshooting,troubleshooting;,win.wrbailey,adding gmail to Thunderbird,https://support.mozilla.org/questions/1457755,,,,,m:gmail,,,,1,false,,False,
1457762,2024-08-12T05:57:24.035872Z,2024-08-12,en-US,installation-and-updates,install-and-update;,colinfryer,Thunderbird on PC,https://support.mozilla.org/questions/1457762,,,,,,,,,2,true,9.27,False,
1457763,2024-08-12T06:08:59.572518Z,2024-08-12,en-US,troubleshooting,troubleshooting;,brucekendi,Problem with spam folder.,https://support.mozilla.org/questions/1457763,,,,,,,,,0,false,,False,
1457766,2024-08-12T06:35:39.667965Z,2024-08-12,en-US,other,other;,wkk.gajos,Not receiving emails,https://support.mozilla.org/questions/1457766,,,,,,,,,0,false,,False,
1457768,2024-08-12T06:41:13.796894Z,2024-08-12,en-US,troubleshooting,troubleshooting;,edrewfp,Outgoing server SMTP error,https://support.mozilla.org/questions/1457768,,,,,,,proto:smtp,,0,false,,False,
1457771,2024-08-12T07:03:50.952724Z,2024-08-12,en-US,troubleshooting,troubleshooting;,chris668,Signature not removed on reply to HTML emails?,https://support.mozilla.org/questions/1457771,,,,,,,,,1,true,5.43,False,
1457772,2024-08-12T07:11:06.416977Z,2024-08-12,en-US,troubleshooting,troubleshooting;,john1095,lost email folders,https://support.mozilla.org/questions/1457772,,,,,,,,,1,false,,False,
1457773,2024-08-12T07:23:29.121655Z,2024-08-12,en-US,troubleshooting,troubleshooting;,hnxhptrs5r,Cannot unsubscribe specific folder,https://support.mozilla.org/questions/1457773,,,,,,,proto:imap,,0,false,,False,
1457774,2024-08-12T07:23:59.113532Z,2024-08-12,en-US,installation-and-updates,install-and-update;,maysmith0709,Forgot bigpond password for thunderbird,https://support.mozilla.org/questions/1457774,,,,,,,,,1,true,6.47,False,
1457778,2024-08-12T07:46:15.528343Z,2024-08-12,nl,settings,customize-settings-and-preferences;,ouwerkerk.nico,Doorsturen van een E-mail bericht,https://support.mozilla.org/questions/1457778,,,,,,,,,0,false,,False,
1457779,2024-08-12T07:51:43.030041Z,2024-08-12,en-US,troubleshooting,troubleshooting;,contact1078,erreur lors de la creation d'un compte mail,https://support.mozilla.org/questions/1457779,,,,,,,,,0,false,,False,
1457781,2024-08-12T08:25:26.547246Z,2024-08-12,en-US,troubleshooting,troubleshooting;,tydabuan,Thunderbird update problem,https://support.mozilla.org/questions/1457781,,,,,,,,,0,false,,False,
1457786,2024-08-12T08:48:52.912988Z,2024-08-12,nl,installation-and-updates,install-and-update;,jmkouwenberg,Profile probleem na update naar 128.1.0esr (64-bits),https://support.mozilla.org/questions/1457786,,,,,,,,,0,false,,False,
1457788,2024-08-12T08:54:29.925645Z,2024-08-12,it,other,other;,s.desiderati,Corpo del testo delle mail,https://support.mozilla.org/questions/1457788,,,,,m:gmail,,proto:imap,,6,true,1.83,False,
1457792,2024-08-12T09:27:14.964216Z,2024-08-12,it,settings,needsinfo;customize-settings-and-preferences;,esperto.luce,filtro veloce,https://support.mozilla.org/questions/1457792,,,,,,,,,1,true,1.32,False,
1457793,2024-08-12T09:28:36.941382Z,2024-08-12,nl,troubleshooting,troubleshooting;,vervoort.walter,Ath start : no access  to the server,https://support.mozilla.org/questions/1457793,,,,,,,,,0,false,,False,
1457794,2024-08-12T09:34:05.900454Z,2024-08-12,en-US,installation-and-updates,install-and-update;,Joe261,How to move Thunderbird to Linux from windows 10,https://support.mozilla.org/questions/1457794,os:linux,,,,,,,,2,true,3.14,False,
1457798,2024-08-12T09:46:04.417076Z,2024-08-12,en-US,troubleshooting,troubleshooting;,pawel.burda,po aktualizacji programu wcześniej odebrane wiadomości nie wczytują się tj. ich treść jest niewidoczna,https://support.mozilla.org/questions/1457798,,,,,,,,,0,false,,False,
1457799,2024-08-12T09:53:39.165833Z,2024-08-12,it,other,other;,marisa.bucchi,invio mail con Oggetto,https://support.mozilla.org/questions/1457799,,,,,m:gmail,,,,3,true,0.78,False,
1457805,2024-08-12T10:51:15.723578Z,2024-08-12,en-US,other,other;,ibm,Would like to donate to Thunderbird but don't want to give name and address and postcode etc - ???,https://support.mozilla.org/questions/1457805,,,,,,,,,2,true,4.46,False,
1457806,2024-08-12T11:01:50.513204Z,2024-08-12,en-US,troubleshooting,troubleshooting;,jlrb,a trojan has been identified in an smtp folder how to spot and eliminate,https://support.mozilla.org/questions/1457806,,,,,,,proto:smtp,av:defender,1,true,1.57,False,
1457807,2024-08-12T11:02:09.339262Z,2024-08-12,cs,other,other;,zdenekfort1,Zálohování emailových účtů v Thunderbird,https://support.mozilla.org/questions/1457807,,,,,,,,,3,true,21.53,False,
1457809,2024-08-12T11:18:20.831264Z,2024-08-12,nl,troubleshooting,troubleshooting;,wcochuyt,probleem openen mailprogramma,https://support.mozilla.org/questions/1457809,,,,,m:microsoftemail,,,,1,false,,False,
1457813,2024-08-12T11:41:37.163758Z,2024-08-12,en-US,settings,customize-settings-and-preferences;,john391,IMAP vs POP,https://support.mozilla.org/questions/1457813,,,,,,,proto:imap;proto:pop,,6,true,0.86,False,
1457814,2024-08-12T11:41:59.411528Z,2024-08-12,en-US,settings,customize-settings-and-preferences;,largegrizz,Two-line signature: how to create one,https://support.mozilla.org/questions/1457814,os:linux,,,,,,,,2,true,1.67,False,
1457817,2024-08-12T12:16:05.001992Z,2024-08-12,en-US,other,other;,ashmmackinnon,Thunderbird and Mozilla sign in,https://support.mozilla.org/questions/1457817,,,,,,,,,2,true,1.01,False,
1457821,2024-08-12T12:42:06.679523Z,2024-08-12,en-US,other,other;,habana73,Can't print with Thunderbird 115.12.0 under linux,https://support.mozilla.org/questions/1457821,os:linux,,,,,,,,4,true,0.84,False,
1457825,2024-08-12T13:08:15.430442Z,2024-08-12,nl,other,other;,jwm.van.wissen1,thunderbird Email account aanmaken,https://support.mozilla.org/questions/1457825,,,,,,,,,0,false,,False,
1457828,2024-08-12T13:17:19.110462Z,2024-08-12,en-US,other,other;,boblgoogl,"signing in/onto both mozilla and Google appears degraded, unexpectedly complicated and repetitive.",https://support.mozilla.org/questions/1457828,,,,,,,proto:imap,,0,false,,False,
1457829,2024-08-12T13:24:00.199117Z,2024-08-12,en-US,calendar,calendar;,rjdomo,"How do I access calendar from ""New Message"" screen?",https://support.mozilla.org/questions/1457829,,,,,,,,,0,false,,False,
1457836,2024-08-12T14:34:09.553878Z,2024-08-12,en-US,troubleshooting,troubleshooting;,aliciaguttman,9 years worth of important email content suddenly disappeared from my inbox. Please help.,https://support.mozilla.org/questions/1457836,,,,,,,,,0,false,,False,
1457839,2024-08-12T14:47:24.819274Z,2024-08-12,hu,settings,customize-settings-and-preferences;,suli2,A thunderbird levelező program alapértelmezetté tétele.,https://support.mozilla.org/questions/1457839,,,,,,,,,0,false,,False,
1457840,2024-08-12T14:48:17.494829Z,2024-08-12,en-US,other,other;,office818,wrong date sort,https://support.mozilla.org/questions/1457840,,,,,,,proto:smtp,,7,true,2.07,False,
1457847,2024-08-12T15:12:33.147882Z,2024-08-12,en-US,settings,customize-settings-and-preferences;,GeneWo,saved passwords pin,https://support.mozilla.org/questions/1457847,,,,,,,,,14,true,0.12,False,
1457851,2024-08-12T15:30:38.333455Z,2024-08-12,pt-BR,settings,customize-settings-and-preferences;,fmorschel,Pastas unificadas não trazem todas as caixas de entrada como deveria,https://support.mozilla.org/questions/1457851,,,,,,,proto:imap,,0,false,,False,
1457853,2024-08-12T16:31:01.286810Z,2024-08-12,en-US,troubleshooting,troubleshooting;,smithellen,Attempts to compact Thunderbird email folders have filled up my disk storage,https://support.mozilla.org/questions/1457853,os:windows,,,,,,,,3,true,0.24,True,davidsk
1457856,2024-08-12T16:37:52.544196Z,2024-08-12,en-US,settings,customize-settings-and-preferences;,svonpohl,Thunderbird advances to next message after detaching attachment.,https://support.mozilla.org/questions/1457856,,,,,,,,,0,false,,False,
1457858,2024-08-12T16:51:19.334434Z,2024-08-12,en-US,troubleshooting,troubleshooting;,t.m.mayer1143,Recently I have to restart Thunderbird  to receive any new emails.,https://support.mozilla.org/questions/1457858,,,,,,,,,0,false,,False,
1457859,2024-08-12T16:54:13.727537Z,2024-08-12,en-US,other,other;,rayandrews,pasting in HTML code that has attachments,https://support.mozilla.org/questions/1457859,,,,,,,,,7,true,1.12,False,
1457864,2024-08-12T17:17:41.421237Z,2024-08-12,en-US,troubleshooting,troubleshooting;,m03thomas,Thunderbird Contacts missing,https://support.mozilla.org/questions/1457864,,,,,,,,,1,true,0.75,False,
1457867,2024-08-12T17:25:12.670884Z,2024-08-12,en-US,troubleshooting,troubleshooting;,ashmmackinnon,Emptying my arvhive,https://support.mozilla.org/questions/1457867,,,,,,,,,0,false,,False,
1457870,2024-08-12T17:51:26.272657Z,2024-08-12,en-US,calendar,calendar;,jerry.healy0804,Search Bar Restricted Due To Fault Or Update?,https://support.mozilla.org/questions/1457870,,,,,,,,,2,true,0.09,False,
1457871,2024-08-12T18:07:09.106588Z,2024-08-12,en-US,other,other;,aliciaguttman,9 years worth of important email content suddenly disappeared from my inbox. Please help.,https://support.mozilla.org/questions/1457871,,,,,,,,,0,false,,False,
1457874,2024-08-12T18:09:09.959414Z,2024-08-12,en-US,troubleshooting,troubleshooting;,info7203,thunderbird,https://support.mozilla.org/questions/1457874,os:windows,,,,,,,,0,false,,False,
1457875,2024-08-12T18:09:19.434289Z,2024-08-12,en-US,troubleshooting,troubleshooting;,peter.gyarmati,Thunderbird,https://support.mozilla.org/questions/1457875,,,,,,,,,1,false,,True,peter.gyarmati
1457879,2024-08-12T18:14:19.805783Z,2024-08-12,en-US,privacy-and-security,protect-your-privacy;,markeh,"Is this a security problem - marking ""junk""??",https://support.mozilla.org/questions/1457879,os:windows,,,,,,,,2,true,0.72,False,
1457880,2024-08-12T18:22:12.731347Z,2024-08-12,en-US,troubleshooting,troubleshooting;,mminieri,Find error in msgFilterrules.dat file,https://support.mozilla.org/questions/1457880,,,,,,,,,0,false,,False,
1457881,2024-08-12T18:22:45.601409Z,2024-08-12,en-US,troubleshooting,troubleshooting;tb128corrupt;tb128corruptsolved;,chunnel,Html and other code showing in emails,https://support.mozilla.org/questions/1457881,os:macos,,,,m:gmail;m:microsoftemail,,proto:imap;proto:smtp;proto:oauth;proto:carddav;proto:caldav,,8,true,46.21,False,
1457882,2024-08-12T18:24:12.005368Z,2024-08-12,en-US,settings,customize-settings-and-preferences;,2much,Importing old profile to new iMac,https://support.mozilla.org/questions/1457882,os:macos,,,,m:gmail,,proto:imap,,2,true,96.95,True,davidsk
1457883,2024-08-12T18:26:53.937389Z,2024-08-12,en-US,troubleshooting,troubleshooting;,jlcinfo,One Email Account has Password Issue,https://support.mozilla.org/questions/1457883,,,,,m:microsoftemail,isp:spectrum,proto:imap;proto:smtp,,2,true,0.77,False,
1457884,2024-08-12T18:28:18.939332Z,2024-08-12,en-US,troubleshooting,troubleshooting;,bo.miller,A few of my emails show up as something like this:--------------6OPScHxZMJOJiTjMUGg4zwuM--,https://support.mozilla.org/questions/1457884,,,,,,,,,0,false,,False,
1457886,2024-08-12T18:39:53.625730Z,2024-08-12,en-US,troubleshooting,troubleshooting;,toire,Thunderbird won't authenticate with outlook.365,https://support.mozilla.org/questions/1457886,,,,,m:microsoftemail,,,,0,false,,False,
1457893,2024-08-12T19:08:49.472448Z,2024-08-12,en-US,settings,customize-settings-and-preferences;,ct8,Thunderbird reformatting,https://support.mozilla.org/questions/1457893,,,,,,,,,0,false,,False,
1457900,2024-08-12T19:34:03.824822Z,2024-08-12,it,other,other;needsinfo;,maxbarnaba28,invio mail bloccato,https://support.mozilla.org/questions/1457900,,,,,,,,,2,true,11.27,False,
1457902,2024-08-12T19:50:00.000893Z,2024-08-12,en-US,settings,needsinfo;customize-settings-and-preferences;,GeneWo,"set up thunderbird and roadrunner to spectrum, can't download mail from spectrum",https://support.mozilla.org/questions/1457902,,,,,m:microsoftemail,isp:spectrum,proto:imap;proto:pop,,29,true,18.54,False,
1457907,2024-08-12T20:14:27.838352Z,2024-08-12,en-US,troubleshooting,troubleshooting;,tony273,Email page only says not responding,https://support.mozilla.org/questions/1457907,,,,,,,,,0,false,,False,
1457908,2024-08-12T20:17:31.803304Z,2024-08-12,en-US,troubleshooting,troubleshooting;,marci6,"Sent items missing, Sent items blank",https://support.mozilla.org/questions/1457908,,,,,,,,,0,false,,False,
1457909,2024-08-12T20:19:52.570259Z,2024-08-12,en-US,troubleshooting,troubleshooting;,peter.davidoff,"lost several years of email after ""repair folder""",https://support.mozilla.org/questions/1457909,,,,,,,,,0,false,,False,
1457911,2024-08-12T21:13:15.064849Z,2024-08-12,en-US,calendar,calendar;,em6,Mini Calendar events,https://support.mozilla.org/questions/1457911,os:windows,,,,,,,,0,false,,False,
1457912,2024-08-12T21:14:56.797729Z,2024-08-12,nl,settings,customize-settings-and-preferences;,jan.kol40,Menubalk bij berichten,https://support.mozilla.org/questions/1457912,,,,,,,,,0,false,,False,
1457913,2024-08-12T21:19:41.636886Z,2024-08-12,en-US,installation-and-updates,install-and-update;,tim294,Thunderbird email problems,https://support.mozilla.org/questions/1457913,,,,,,,,,0,false,,False,
1457924,2024-08-12T21:49:56.048563Z,2024-08-12,en-US,troubleshooting,troubleshooting;,jbuskuhl,Thunderbird unable to receive emails from outlook,https://support.mozilla.org/questions/1457924,,,,,m:microsoftemail,,proto:oauth,,0,false,,False,
1457926,2024-08-12T22:09:39.173451Z,2024-08-12,en-US,troubleshooting,troubleshooting;,dreamspinner3,Thunderbird won't mark emails as read,https://support.mozilla.org/questions/1457926,,,,,,,,,1,false,,False,
1457928,2024-08-12T22:17:02.088986Z,2024-08-12,en-US,other,other;,bethmoxley,I can not access my magma account,https://support.mozilla.org/questions/1457928,,,,,,,,,0,false,,False,
1457931,2024-08-12T22:44:10.300655Z,2024-08-12,en-US,privacy-and-security,protect-your-privacy;,bfclarke,Nord VPN,https://support.mozilla.org/questions/1457931,,,,,,,,,4,true,3.93,True,bfclarke
1457934,2024-08-12T23:04:06.842770Z,2024-08-12,en-US,installation-and-updates,install-and-update;,jason152,Thunderbird stuck in an update loop on Azure,https://support.mozilla.org/questions/1457934,os:windows,,,,,,,,0,false,,False,
1457937,2024-08-12T23:15:46.257398Z,2024-08-12,en-US,other,other;,gerald.ten,filters on Thunderbird,https://support.mozilla.org/questions/1457937,,,,,,,,,2,true,12.25,False,
1457941,2024-08-12T23:50:43.151850Z,2024-08-12,en-US,troubleshooting,troubleshooting;,captjack1,Thunderbird is impossibly slow to load,https://support.mozilla.org/questions/1457941,os:windows,,,,,,,,0,false,,False,
1457943,2024-08-12T23:58:00.692202Z,2024-08-12,en-US,installation-and-updates,install-and-update;bug1855900;,tilmanschmidt,How can I revert the update to Thunderbird 128 Nebula?,https://support.mozilla.org/questions/1457943,os:windows,,,,,,,,14,true,126.93,False,
1457948,2024-08-13T00:41:41.781248Z,2024-08-13,en-US,troubleshooting,troubleshooting;,firefox1043,TB only Downloads 3 or 4 messages at a time,https://support.mozilla.org/questions/1457948,,,,,m:gmail,,,,6,true,126.96,False,
1457949,2024-08-13T00:50:42.520349Z,2024-08-13,en-US,troubleshooting,troubleshooting;,rohe1318,Thunderbird slow downloading/opening email,https://support.mozilla.org/questions/1457949,os:windows,,,,m:gmail,isp:verizon,proto:pop,av:defender,0,false,,False,
1457950,2024-08-13T00:58:16.680548Z,2024-08-13,en-US,troubleshooting,troubleshooting;,mavor_k.g,NordVPN Threat Protection Pro warning re;Vulnerability of Mozilla Thunderbird,https://support.mozilla.org/questions/1457950,,,,,,,,,1,true,1.88,False,
1457961,2024-08-13T03:21:04.137291Z,2024-08-13,en-US,other,other;,nwebb811,Retrieve deleted emails,https://support.mozilla.org/questions/1457961,,,,,,,,,0,false,,False,
1457965,2024-08-13T03:39:55.102197Z,2024-08-13,en-US,privacy-and-security,protect-your-privacy;,user298438,How to you set a proxy with a username and password in Thunderbird?,https://support.mozilla.org/questions/1457965,,,,,,,,,0,false,,False,
1457966,2024-08-13T03:51:55.098673Z,2024-08-13,en-US,other,other;,cmsinno1,Connecting to AOL server,https://support.mozilla.org/questions/1457966,,,,,,,,,1,true,14.01,False,
1457968,2024-08-13T04:14:00.960681Z,2024-08-13,en-US,other,other;,georgepresanis,Microsoft email account authentication.,https://support.mozilla.org/questions/1457968,,,,,m:microsoftemail,,proto:oauth,,1,true,0.31,False,
1457969,2024-08-13T04:32:02.384959Z,2024-08-13,en-US,troubleshooting,troubleshooting;,pat.g888,The STAT command did not succeed. Error getting message number and sizes. Mail server outlook.office365.com responded: S,https://support.mozilla.org/questions/1457969,,,,,m:microsoftemail,,,,1,false,,True,pat.g888
1457971,2024-08-13T05:17:14.895354Z,2024-08-13,en-US,settings,customize-settings-and-preferences;,j43,All incoming mail is tagged automatically important,https://support.mozilla.org/questions/1457971,,,,,,,,,1,false,,True,j43
1457973,2024-08-13T05:28:30.980813Z,2024-08-13,en-US,troubleshooting,troubleshooting;,takimoto224,Your Mozilla Support request has been updated refer to Takimoto224,https://support.mozilla.org/questions/1457973,,,,,,,,,5,true,12.33,False,
1457974,2024-08-13T05:53:31.121237Z,2024-08-13,en-US,troubleshooting,troubleshooting;,kpress1,Thunderbird problem,https://support.mozilla.org/questions/1457974,,,,,,,,,0,false,,False,
1457977,2024-08-13T06:08:49.426588Z,2024-08-13,pt-BR,troubleshooting,troubleshooting;,fiscal.jmaisr,Thunderbird,https://support.mozilla.org/questions/1457977,,,,,m:gmail,,,,0,false,,False,
1457983,2024-08-13T07:36:19.168693Z,2024-08-13,en-US,installation-and-updates,install-and-update;,gash300,o athentication,https://support.mozilla.org/questions/1457983,,,,,,,,,1,true,2.92,False,
1457984,2024-08-13T07:37:33.777770Z,2024-08-13,en-US,troubleshooting,troubleshooting;,teknik,The preview area covers the topic list,https://support.mozilla.org/questions/1457984,,,,,,,,,0,false,,False,
1457995,2024-08-13T09:06:31.563659Z,2024-08-13,en-US,troubleshooting,troubleshooting;,krasinski.mk,disappearing jpg attachment and appearance as text,https://support.mozilla.org/questions/1457995,,,,,,,,,0,false,,False,
1457996,2024-08-13T09:07:48.933400Z,2024-08-13,en-US,other,other;,husnainraja7861,Hi Sir/Madam,https://support.mozilla.org/questions/1457996,,,,,,,,,0,false,,False,
1458001,2024-08-13T09:52:48.577451Z,2024-08-13,en-US,settings,customize-settings-and-preferences;,szymon.wegrzycki,Mails sorted by star and grouped,https://support.mozilla.org/questions/1458001,,,,,,,,,0,false,,False,
1458003,2024-08-13T10:32:45.024131Z,2024-08-13,en-US,troubleshooting,troubleshooting;,jvesagie,thunderbird not opening,https://support.mozilla.org/questions/1458003,,,,,,,proto:imap;proto:smtp;proto:pop,,0,false,,False,
1458006,2024-08-13T10:58:27.929241Z,2024-08-13,en-US,email-and-messaging,linux;desktop;customize-settings-and-preferences;firefox-1290;,hypnotist1957,Email Links in Thunderbird,https://support.mozilla.org/questions/1458006,os:linux,Linux,,,,,,,0,false,,False,
1458008,2024-08-13T11:02:45.396332Z,2024-08-13,en-US,troubleshooting,troubleshooting;,screenshot,no emails for accounts without password or login?,https://support.mozilla.org/questions/1458008,,,,,,,,,3,true,152.58,False,
1458018,2024-08-13T11:42:37.712162Z,2024-08-13,en-US,other,other;,tang3,Email unable to open or read,https://support.mozilla.org/questions/1458018,,,,,,,,,0,false,,False,
1458019,2024-08-13T11:45:15.231409Z,2024-08-13,nl,other,other;,atehiemstra,mailadres,https://support.mozilla.org/questions/1458019,,,,,m:microsoftemail,,,,0,false,,False,
1458021,2024-08-13T12:19:26.160573Z,2024-08-13,en-US,installation-and-updates,install-and-update;,mjbrownbeesfarm,I need Team Viewer and I struggle,https://support.mozilla.org/questions/1458021,,,,,,,,,0,false,,False,
1458023,2024-08-13T12:27:53.172767Z,2024-08-13,en-US,settings,customize-settings-and-preferences;,wquatan,Thunderbird 115 background color tags,https://support.mozilla.org/questions/1458023,,,,,,,,,4,true,5.06,True,wquatan
1458026,2024-08-13T12:45:00.585165Z,2024-08-13,cs,troubleshooting,troubleshooting;,josef.nevaril,Nezobrazování e-mailů,https://support.mozilla.org/questions/1458026,,,,,,,,,1,true,44.44,False,
1458029,2024-08-13T13:58:33.209562Z,2024-08-13,en-US,other,other;,gjhowlett80,Can't find my attachments,https://support.mozilla.org/questions/1458029,os:linux,,,,,,,,0,false,,False,
1458035,2024-08-13T14:18:10.496025Z,2024-08-13,en-US,troubleshooting,troubleshooting;,m.molik,Content of sent messages not displaying (following latest update),https://support.mozilla.org/questions/1458035,,,,,,,,,0,false,,False,
1458042,2024-08-13T15:13:20.373535Z,2024-08-13,en-US,troubleshooting,troubleshooting;,j.lanham,How many filters can you have before it starts screwing up?,https://support.mozilla.org/questions/1458042,,,,,m:microsoftemail,,,,1,false,,False,
1458051,2024-08-13T15:54:34.637797Z,2024-08-13,en-US,other,other;,zon1,Thunderbird Contacts,https://support.mozilla.org/questions/1458051,,,,,,,,,1,true,1.52,False,
1458056,2024-08-13T16:05:16.958822Z,2024-08-13,it,other,other;,miottist68,cancellazione account,https://support.mozilla.org/questions/1458056,,,,,,,,,1,true,0.47,False,
1458057,2024-08-13T16:14:43.443193Z,2024-08-13,en-US,other,other;,wade.jeppesen,Revert back to prior version of Thunderbird,https://support.mozilla.org/questions/1458057,,,,,,,,,3,true,4.03,False,
1458058,2024-08-13T16:18:34.425148Z,2024-08-13,en-US,settings,customize-settings-and-preferences;,jkl1,New Message bar has changed from Blue to Red,https://support.mozilla.org/questions/1458058,,,,,,,,,1,true,1.04,False,
1458060,2024-08-13T16:32:07.863234Z,2024-08-13,en-US,troubleshooting,troubleshooting;,pnp.richards,DRAG & DROP from INBOX to Folder not working,https://support.mozilla.org/questions/1458060,os:windows,,,,,,,,0,false,,False,
1458062,2024-08-13T16:38:35.156931Z,2024-08-13,en-US,other,other;,free1115,Login to server imap.mail.att.net with my user name failure,https://support.mozilla.org/questions/1458062,,,,,m:yahooemail,isp:att,proto:imap,,0,false,,False,
1458065,2024-08-13T16:46:42.025730Z,2024-08-13,en-US,settings,customize-settings-and-preferences;,wayneallenfamily,"In latest Thunderbird I wish to re-enable ""Hide Message Headers""",https://support.mozilla.org/questions/1458065,,,,,,,,,2,true,0.52,True,sfhowes
1458067,2024-08-13T17:00:49.123145Z,2024-08-13,es,installation-and-updates,install-and-update;,vatp32,IMPORT EML FOLDER,https://support.mozilla.org/questions/1458067,,,,,,,,,1,true,122.76,False,
1458068,2024-08-13T17:12:09.049089Z,2024-08-13,en-US,troubleshooting,troubleshooting;,renzorosso,Filter-Protokoll,https://support.mozilla.org/questions/1458068,,,,,,,,,0,false,,False,
1458070,2024-08-13T17:20:11.230498Z,2024-08-13,en-US,other,other;,jammulashivareddy297,Issue with sending emails,https://support.mozilla.org/questions/1458070,,,,,m:microsoftemail,,,,1,true,1.6,False,
1458072,2024-08-13T17:24:40.058544Z,2024-08-13,en-US,settings,customize-settings-and-preferences;,hooversgrocery,incoming email setup,https://support.mozilla.org/questions/1458072,,,,,,,,,1,true,1.34,False,
1458077,2024-08-13T18:04:07.031976Z,2024-08-13,en-US,settings,customize-settings-and-preferences;,LacoyLoescher,Increase Cards View font size (JUST the Cards) in Thunderbird 128,https://support.mozilla.org/questions/1458077,,,,,,,,,2,true,0.62,True,sfhowes
1458078,2024-08-13T18:04:48.380696Z,2024-08-13,en-US,installation-and-updates,install-and-update;,OlafKilthau,How do I download and install an older version of Thunderbird...115.12.2 on my MAC w/OS 10.13.6?,https://support.mozilla.org/questions/1458078,,,,,,,,,2,true,0.61,False,
1458080,2024-08-13T18:06:40.901853Z,2024-08-13,en-US,troubleshooting,troubleshooting;,melmanstyle,Emails,https://support.mozilla.org/questions/1458080,,,,,,,,,0,false,,False,
1458082,2024-08-13T18:43:15.632949Z,2024-08-13,en-US,privacy-and-security,protect-your-privacy;,dencolngaming,"Email from info@mozilla.org, even though the origin is from russia.",https://support.mozilla.org/questions/1458082,,,,,,,,,1,false,,False,
1458083,2024-08-13T18:43:35.595461Z,2024-08-13,en-US,installation-and-updates,install-and-update;,johan80,ALL MAIL LOST AFTER LATEST UPDATE TO 128.1.0esr (64-bit),https://support.mozilla.org/questions/1458083,,,,,,,,,0,false,,False,
1458084,2024-08-13T18:47:22.209235Z,2024-08-13,en-US,troubleshooting,troubleshooting;,ahaideas,Thunderbird - hotmail account passwords not accepting,https://support.mozilla.org/questions/1458084,,,,,m:microsoftemail,,,,1,false,,False,
1458087,2024-08-13T18:52:05.079819Z,2024-08-13,en-US,privacy-and-security,protect-your-privacy;,mkox1121,Password.,https://support.mozilla.org/questions/1458087,,,,,m:microsoftemail,,,,1,true,0.08,False,
1458091,2024-08-13T19:12:22.236896Z,2024-08-13,en-US,troubleshooting,troubleshooting;,robbielink,"Clicking ""Download the rest of the messge"" downloads message but advances to next message.",https://support.mozilla.org/questions/1458091,os:linux,,,,,,proto:pop,,0,false,,False,
1458096,2024-08-13T19:42:42.418701Z,2024-08-13,en-US,settings,customize-settings-and-preferences;,bbirr01,"As I am not home, I cannot get the second verifying call to my home landline.  How do I get past that?",https://support.mozilla.org/questions/1458096,,,,,,,,,1,true,0.58,False,
1458104,2024-08-13T20:20:25.569517Z,2024-08-13,en-US,other,other;,morgan-oreilly,How do I get my emails directed to my Thunderbird program?,https://support.mozilla.org/questions/1458104,,,,,m:microsoftemail,isp:verizon,,,2,true,0.18,False,
1458105,2024-08-13T20:22:17.913115Z,2024-08-13,en-US,settings,customize-settings-and-preferences;,kaufmann,One delete action per keypress?,https://support.mozilla.org/questions/1458105,,,,,,,,,11,true,0.12,True,kaufmann
1458111,2024-08-13T20:55:33.892443Z,2024-08-13,en-US,troubleshooting,troubleshooting;,Rick200,Password Rwcover,https://support.mozilla.org/questions/1458111,,,,,,,,,0,false,,False,
1458112,2024-08-13T20:58:27.125205Z,2024-08-13,en-US,settings,customize-settings-and-preferences;,Deltak,What options are available to keep a an email account sync on servers (IMAP) for current email and save archived content,https://support.mozilla.org/questions/1458112,,,,,m:gmail,,proto:imap;proto:pop,,0,false,,False,
1458118,2024-08-13T21:15:41.341546Z,2024-08-13,en-US,troubleshooting,troubleshooting;,dcrichmond1,2 of my mailing lists have suddenly vanished!,https://support.mozilla.org/questions/1458118,,,,,,,,,0,false,,False,
1458120,2024-08-13T21:21:05.243416Z,2024-08-13,en-US,troubleshooting,troubleshooting;,gregg32,Thunderbird,https://support.mozilla.org/questions/1458120,,,,,,,,,0,false,,False,
1458122,2024-08-13T21:29:08.942301Z,2024-08-13,en-US,installation-and-updates,install-and-update;,OlafKilthau,Can't receive messages from gmail server.,https://support.mozilla.org/questions/1458122,,,,,m:gmail,,proto:imap;proto:smtp;proto:pop;proto:oauth,,0,false,,False,
1458124,2024-08-13T21:38:54.866841Z,2024-08-13,en-US,installation-and-updates,install-and-update;,anna.beria,Missing Thunderbird profile,https://support.mozilla.org/questions/1458124,,,,,m:gmail,,,,0,false,,False,
1458127,2024-08-13T22:06:42.361426Z,2024-08-13,en-US,other,other;,nole2,Mailing List,https://support.mozilla.org/questions/1458127,,,,,,,,,0,false,,False,
1458131,2024-08-13T22:19:18.778271Z,2024-08-13,en-US,troubleshooting,troubleshooting;,fsomers,sending emails,https://support.mozilla.org/questions/1458131,,,,,,,,,0,false,,False,
1458132,2024-08-13T22:30:10.568755Z,2024-08-13,en-US,troubleshooting,troubleshooting;,tina14marie,youtube,https://support.mozilla.org/questions/1458132,,,,,,,,,0,false,,False,
1458134,2024-08-13T23:09:18.615132Z,2024-08-13,en-US,other,other;,jkbecker,Reorder email account order,https://support.mozilla.org/questions/1458134,,,,,,,,,1,true,2.24,False,
1458138,2024-08-13T23:30:55.927723Z,2024-08-13,en-US,troubleshooting,troubleshooting;,casteele,Sending of the message failed. The Outgoing server (SMTP) smtp.gmail.com does not support the selected authentication me,https://support.mozilla.org/questions/1458138,,,,,m:gmail,,proto:smtp,,1,false,,False,
1458143,2024-08-14T00:31:23.554156Z,2024-08-14,en-US,installation-and-updates,install-and-update;,tmoo36,incorrect versions being offered via thunderbird-latest and thunderbird_versions.json,https://support.mozilla.org/questions/1458143,os:linux,,,,,,,,0,false,,False,
1458145,2024-08-14T00:39:17.341503Z,2024-08-14,en-US,troubleshooting,troubleshooting;,retardude,Thunderbird displays OAuth popup for deleted Gmail account,https://support.mozilla.org/questions/1458145,,,,,m:gmail,,proto:imap;proto:smtp;proto:oauth;proto:carddav,,5,true,0.66,True,retardude
1458150,2024-08-14T01:40:38.681098Z,2024-08-14,en-US,troubleshooting,troubleshooting;,mminieri,"Pasted, Custom msgfilterrules.dat file causes ERROR",https://support.mozilla.org/questions/1458150,,,,,,,,,0,false,,False,
1458155,2024-08-14T02:29:56.311452Z,2024-08-14,en-US,troubleshooting,troubleshooting;,nataliaroberts85,"Thunderbird stopped sending email a month ago, but still receives them",https://support.mozilla.org/questions/1458155,,,,,,,,,0,false,,False,
1458157,2024-08-14T02:30:16.901288Z,2024-08-14,en-US,troubleshooting,troubleshooting;,jeronymite,Cannot delete IMAP Folder,https://support.mozilla.org/questions/1458157,,,,,,,proto:imap,av:defender,3,true,1.77,False,
1458161,2024-08-14T02:52:12.052934Z,2024-08-14,en-US,troubleshooting,troubleshooting;,lephuocxuyen17,Contact us for email,https://support.mozilla.org/questions/1458161,,,,,,,proto:pop,,0,false,,False,
1458166,2024-08-14T03:17:17.280256Z,2024-08-14,en-US,other,other;,gasmith46,"Thunderbird archived my Emails, Where did the content go",https://support.mozilla.org/questions/1458166,,,,,,,,,0,false,,False,
1458172,2024-08-14T04:24:02.642792Z,2024-08-14,en-US,installation-and-updates,install-and-update;,debbyball,Download,https://support.mozilla.org/questions/1458172,,,,,,,,,1,true,14.57,False,
1458174,2024-08-14T04:40:17.637304Z,2024-08-14,en-US,settings,customize-settings-and-preferences;,kwhoopes,Thunderbird Search Button Missing,https://support.mozilla.org/questions/1458174,,,,,,,,,2,true,11.93,False,
1458179,2024-08-14T05:11:16.837416Z,2024-08-14,en-US,troubleshooting,troubleshooting;,colrose.b,"Server disconnected when starting Thunderbird SOLVED server must be outlook.office365.com for OAuth2 authentication, and",https://support.mozilla.org/questions/1458179,,,,,m:microsoftemail,,proto:smtp;proto:oauth,,3,true,11.35,True,sfhowes
1458187,2024-08-14T06:05:28.804233Z,2024-08-14,en-US,troubleshooting,troubleshooting;,govind1,Mails Blocked,https://support.mozilla.org/questions/1458187,,,,,,,,,0,false,,False,
1458189,2024-08-14T06:36:51.924232Z,2024-08-14,es,troubleshooting,troubleshooting;,gontecchi,Mozilla Thunderbird - Carpetas Locales,https://support.mozilla.org/questions/1458189,,,,,,,,,1,true,111.7,False,
1458190,2024-08-14T06:53:43.394480Z,2024-08-14,en-US,other,other;,ebrian.dale,Thunderbird email forwarding changes my email background colour to the forwarded email's colour,https://support.mozilla.org/questions/1458190,os:windows,,,,,,,,0,false,,False,
1458191,2024-08-14T07:09:16.237811Z,2024-08-14,cs,troubleshooting,troubleshooting;,qrpqrp,"Do emailového SW Thunderbird v102.0.3 nejde přidat účet ""gmail.com""",https://support.mozilla.org/questions/1458191,,,,,m:gmail,,,,1,true,26.01,False,
1458193,2024-08-14T07:49:33.150076Z,2024-08-14,en-US,other,other;,user94631512788651361229292645720670656837,Downloading Emails to Gmail to thunderbird,https://support.mozilla.org/questions/1458193,,,,,m:gmail,,,,0,false,,False,
1458195,2024-08-14T07:59:21.033032Z,2024-08-14,it,settings,needsinfo;customize-settings-and-preferences;,gferrarini83,quando apro Thunderbird si apre due volte la richiesta di prosecuzione con Google. Io voglio lavorare solo conThunder. e,https://support.mozilla.org/questions/1458195,,,,,,,,,1,true,0.16,False,
1458197,2024-08-14T08:02:36.287656Z,2024-08-14,en-US,troubleshooting,troubleshooting;,elmesph,Inbox not showing attachment or message text on old emails,https://support.mozilla.org/questions/1458197,,,,,,,,,0,false,,False,
1458198,2024-08-14T08:15:30.152355Z,2024-08-14,en-US,troubleshooting,troubleshooting;,k.banas,Thunderbird,https://support.mozilla.org/questions/1458198,,,,,,,proto:imap,,1,true,8.62,False,
1458199,2024-08-14T08:22:27.343369Z,2024-08-14,en-US,settings,customize-settings-and-preferences;,john391,Collapsed threads,https://support.mozilla.org/questions/1458199,,,,,,,proto:imap,,3,true,8.53,True,davidsk
1458203,2024-08-14T08:56:54.672316Z,2024-08-14,en-US,installation-and-updates,install-and-update;,hdbox756,Thunderbird 32 bit support (problems with update),https://support.mozilla.org/questions/1458203,os:windows,,,,,,,,0,false,,False,
1458204,2024-08-14T09:04:35.712466Z,2024-08-14,nl,troubleshooting,troubleshooting;,walter128,Krijg mijn mails niet binnen,https://support.mozilla.org/questions/1458204,,,,,,,,,0,false,,False,
1458205,2024-08-14T09:14:47.854838Z,2024-08-14,en-US,privacy-and-security,protect-your-privacy;,marc.claes9,Thunderbird scam detection,https://support.mozilla.org/questions/1458205,,,,,,,,,0,false,,False,
1458207,2024-08-14T09:29:08.065878Z,2024-08-14,it,settings,customize-settings-and-preferences;,robertov.veca,Nuova funzionalità schede - è possibile aggiungere al thread anche le mail inviate?,https://support.mozilla.org/questions/1458207,,,,,m:gmail;m:microsoftemail,,,,3,true,0.32,False,
1458213,2024-08-14T10:04:05.027282Z,2024-08-14,en-US,troubleshooting,troubleshooting;,jeffspectrum.jm,connect with thunderbird beta,https://support.mozilla.org/questions/1458213,,,,,,,,,0,false,,False,
1458214,2024-08-14T10:10:07.151956Z,2024-08-14,en-US,troubleshooting,troubleshooting;,kylegp,Thunderbird crashes when attaching file using the file picker (attach button) - 128.1.0esr,https://support.mozilla.org/questions/1458214,os:windows,,,,m:yahooemail,,,av:defender,0,false,,False,
1458215,2024-08-14T10:13:56.633143Z,2024-08-14,nl,settings,customize-settings-and-preferences;,RogStrijck,achtergrond kleur en tekst kleur instellen,https://support.mozilla.org/questions/1458215,,,,,,,,,0,false,,False,
1458216,2024-08-14T10:14:53.524999Z,2024-08-14,en-US,other,other;,neil.january,Connection to outlook imap-mail server has stopped working,https://support.mozilla.org/questions/1458216,os:windows,,,,m:microsoftemail,,proto:imap,,1,true,6.05,False,
1458219,2024-08-14T10:22:52.049536Z,2024-08-14,nl,installation-and-updates,install-and-update;,a.caers,hoe de moderne verificatiemethoden  configureren in Thunderbird,https://support.mozilla.org/questions/1458219,,,,,,,,,0,false,,False,
1458223,2024-08-14T11:08:32.871021Z,2024-08-14,en-US,troubleshooting,troubleshooting;,tyke.pateley,how can i restore recently permanently deleted Thunderbird emails on my laptop,https://support.mozilla.org/questions/1458223,,,,,,,,,3,true,3.32,False,
1458230,2024-08-14T12:51:37.102077Z,2024-08-14,en-US,troubleshooting,troubleshooting;,grace19,identities not owed by,https://support.mozilla.org/questions/1458230,,,,,,,,,0,false,,False,
1458232,2024-08-14T13:03:11.089529Z,2024-08-14,en-US,other,other;,donlf,Unable to import box file to Thunderbird,https://support.mozilla.org/questions/1458232,os:macos,,,,m:gmail,,,,2,true,3.15,True,sfhowes
1458242,2024-08-14T14:03:12.388743Z,2024-08-14,en-US,troubleshooting,troubleshooting;,dgraham91,My local folders did not migrate from my stny.rr.com account to my new Thunderbird account.,https://support.mozilla.org/questions/1458242,,,,,,isp:spectrum,,,1,true,0.38,False,
1458243,2024-08-14T14:10:41.176326Z,2024-08-14,en-US,troubleshooting,troubleshooting;,tom460,Not able to get email on my laptop since an update this morning.,https://support.mozilla.org/questions/1458243,,,,,,,,,0,false,,False,
1458245,2024-08-14T14:15:22.241507Z,2024-08-14,en-US,other,other;,a.brunelle,Nouvelle version Thunderbird Beta 130.0 Beta 1,https://support.mozilla.org/questions/1458245,os:windows,,,,,,,,1,true,68.7,False,
1458247,2024-08-14T14:24:55.553452Z,2024-08-14,en-US,troubleshooting,troubleshooting;,showdog,emails are not loading??,https://support.mozilla.org/questions/1458247,,,,,,,,,0,false,,False,
1458254,2024-08-14T15:04:26.681321Z,2024-08-14,en-US,troubleshooting,troubleshooting;,showdog,No email since update?,https://support.mozilla.org/questions/1458254,,,,,,,,,0,false,,False,
1458266,2024-08-14T16:17:01.201135Z,2024-08-14,en-US,troubleshooting,troubleshooting;,humbertos.roofing,Email message does not show when pulled up,https://support.mozilla.org/questions/1458266,,,,,,,,,0,false,,False,
1458267,2024-08-14T16:23:12.163512Z,2024-08-14,en-US,troubleshooting,troubleshooting;,CAB2k,Thunderbird keeps trying to send a failed email,https://support.mozilla.org/questions/1458267,os:windows,,,,,,,,1,false,,False,
1458270,2024-08-14T16:38:34.517221Z,2024-08-14,en-US,email-and-messaging,focus-firefox;firefox-focus-android;,a.vaudescal,Thunderbird,https://support.mozilla.org/questions/1458270,,,,,,,,,0,false,,False,
1458276,2024-08-14T16:53:08.260711Z,2024-08-14,en-US,troubleshooting,troubleshooting;,nickybakervoice,Email password,https://support.mozilla.org/questions/1458276,,,,,,,,,1,true,0.29,False,
1458280,2024-08-14T17:16:59.106162Z,2024-08-14,it,troubleshooting,troubleshooting;,agente.paolaoccelli,Cartelle locali e rubrica,https://support.mozilla.org/questions/1458280,,,,,m:gmail,,,,5,true,0.32,False,
1458291,2024-08-14T18:54:14.458473Z,2024-08-14,en-US,troubleshooting,troubleshooting;,redhatflwrchild,some messages not displaying in message pane,https://support.mozilla.org/questions/1458291,,,,,,,,,0,false,,False,
1458296,2024-08-14T19:29:33.268393Z,2024-08-14,en-US,other,other;,ericohanian4,"Trouble with email ""not responding""",https://support.mozilla.org/questions/1458296,,,,,,,,,0,false,,False,
1458297,2024-08-14T19:30:42.133576Z,2024-08-14,en-US,other,other;,ericohanian4,Do you have phone support?,https://support.mozilla.org/questions/1458297,,,,,,,,,1,true,0.31,False,
1458299,2024-08-14T19:41:35.283550Z,2024-08-14,en-US,troubleshooting,troubleshooting;,david843,Inbox not showing all messages after compacting,https://support.mozilla.org/questions/1458299,,,,,,,,,0,false,,False,
1458300,2024-08-14T19:44:58.600272Z,2024-08-14,en-US,settings,customize-settings-and-preferences;,margaret3,Church website now on Google workspace - how to add email account to Thunderbird,https://support.mozilla.org/questions/1458300,,,,,m:gmail,,,,1,true,0.43,False,
1458305,2024-08-14T20:18:22.526160Z,2024-08-14,en-US,settings,customize-settings-and-preferences;,leyens,"After merger with Mozilla, cannot get emails on",https://support.mozilla.org/questions/1458305,,,,,m:yahooemail,,,,1,true,0.07,False,
1458306,2024-08-14T20:22:28.860488Z,2024-08-14,en-US,installation-and-updates,install-and-update;,dunc1984,"Nebula upgrade removed my ""Respond, To Read, Revisit  folders/baskets""",https://support.mozilla.org/questions/1458306,,,,,,,,,2,true,8.11,True,dunc1984
1458307,2024-08-14T20:22:51.896983Z,2024-08-14,en-US,troubleshooting,troubleshooting;,jeanjudd1,no email access after recnt update,https://support.mozilla.org/questions/1458307,os:windows,,,,,,proto:pop,,0,false,,False,
1458308,2024-08-14T20:26:39.887425Z,2024-08-14,en-US,installation-and-updates,install-and-update;,pmcabinet,Thunderbird v.128,https://support.mozilla.org/questions/1458308,,,,,,,,,0,false,,False,
1458311,2024-08-14T20:34:05.274024Z,2024-08-14,en-US,privacy-and-security,protect-your-privacy;,lordmethenor,Remote Content in Thunderbird - Protected/Proxy Loading?,https://support.mozilla.org/questions/1458311,,,,,m:gmail;m:microsoftemail,,,,1,true,17.37,False,
1458312,2024-08-14T20:40:10.365355Z,2024-08-14,en-US,troubleshooting,troubleshooting;,michael.lacheney,Having to run repair daily.,https://support.mozilla.org/questions/1458312,,,,,,,proto:imap,,0,false,,False,
1458317,2024-08-14T21:13:08.619716Z,2024-08-14,en-US,other,other;,ericohanian4,Do you have phone support?,https://support.mozilla.org/questions/1458317,,,,,,,,,1,true,0.3,False,
1458320,2024-08-14T21:27:25.540692Z,2024-08-14,en-US,troubleshooting,troubleshooting;,karl95,Certificate for server,https://support.mozilla.org/questions/1458320,os:windows,,,,,,,,0,false,,False,
1458325,2024-08-14T22:09:44.810571Z,2024-08-14,pt-BR,troubleshooting,troubleshooting;,aroldolenza,Não consigo acessar meus e-mails,https://support.mozilla.org/questions/1458325,,,,,,,,,0,false,,False,
1458329,2024-08-14T22:31:32.238375Z,2024-08-14,en-US,troubleshooting,troubleshooting;,lionelholt,inline drag/drop image file bug in v128.1.0esr for Linux,https://support.mozilla.org/questions/1458329,os:linux,,,,,,,,0,false,,False,
1458330,2024-08-14T22:50:13.572896Z,2024-08-14,en-US,troubleshooting,troubleshooting;,melpg48,Sent Folder Problem,https://support.mozilla.org/questions/1458330,os:windows,,,,,isp:comcast,,,0,false,,False,
1458332,2024-08-14T23:00:48.110449Z,2024-08-14,en-US,troubleshooting,troubleshooting;,rjlj,Phone Email,https://support.mozilla.org/questions/1458332,,,,,,isp:orange,,,2,true,5.37,False,
1458333,2024-08-14T23:07:56.602904Z,2024-08-14,en-US,troubleshooting,troubleshooting;,btquirk,Highlighting emails to shift-delete them downloads them again. It seems to happen more with aol than outlook.,https://support.mozilla.org/questions/1458333,,,,,m:microsoftemail,isp:verizon,,,0,false,,False,
1458336,2024-08-14T23:24:30.488447Z,2024-08-14,en-US,settings,customize-settings-and-preferences;,filipmice89,I cannot send emails from my microsoft business email account for which I'm using a custom domain for it is recruiting.o,https://support.mozilla.org/questions/1458336,,,,,m:microsoftemail,,proto:smtp,,1,true,4.93,False,
1458340,2024-08-14T23:45:23.583060Z,2024-08-14,en-US,troubleshooting,troubleshooting;,ornees31,Finding folders,https://support.mozilla.org/questions/1458340,,,,,,,,,7,true,4.51,False,
1458342,2024-08-15T00:08:39.534452Z,2024-08-15,en-US,troubleshooting,troubleshooting;,baalaajikr,Install,https://support.mozilla.org/questions/1458342,,,,,,,,,0,false,,False,
1458344,2024-08-15T00:27:09.852078Z,2024-08-15,en-US,settings,customize-settings-and-preferences;,ernesto.paiser,Thunderbird Sent Folder always activated on OSX,https://support.mozilla.org/questions/1458344,os:macos,,,,,,,,2,true,3.78,False,
1458350,2024-08-15T01:59:05.593832Z,2024-08-15,en-US,settings,customize-settings-and-preferences;,Myth024,"Disable, discontinue, destroy, eliminate, stop using, remove from program.. .all threaded options for messages...",https://support.mozilla.org/questions/1458350,,,,,,,,,1,true,8.13,False,
1458354,2024-08-15T02:18:45.165547Z,2024-08-15,en-US,troubleshooting,troubleshooting;,takimoto224,My Mozilla Support request has been updated refer to Takimoto224,https://support.mozilla.org/questions/1458354,,,,,,,proto:pop,,1,true,1.6,False,
1458355,2024-08-15T02:24:26.322292Z,2024-08-15,it,other,other;needsinfo;,mfax,Testo mail scomparso e allegati sostituiti,https://support.mozilla.org/questions/1458355,os:windows,,,,m:gmail,,proto:pop,,1,true,27.78,False,
1458365,2024-08-15T03:15:10.211991Z,2024-08-15,en-US,troubleshooting,troubleshooting;,sbeard319,"Thunderbird Issue: Since August 5, 2024 emails open as random letters and numbers or as a blank page",https://support.mozilla.org/questions/1458365,,,,,,,,,0,false,,False,
1458367,2024-08-15T03:26:52.708147Z,2024-08-15,en-US,troubleshooting,troubleshooting;,dpatrick.miller,Thunderbird profile,https://support.mozilla.org/questions/1458367,,,,,,,,,2,true,7.53,False,
1458369,2024-08-15T03:35:54.031912Z,2024-08-15,en-US,settings,customize-settings-and-preferences;,cafk848,Background color change,https://support.mozilla.org/questions/1458369,,,,,,,,,1,true,7.31,False,
1458370,2024-08-15T04:03:16.654935Z,2024-08-15,en-US,troubleshooting,troubleshooting;,temp18,Cannot send emails,https://support.mozilla.org/questions/1458370,os:windows,,,,,,proto:smtp,,0,false,,False,
1458371,2024-08-15T04:09:04.948057Z,2024-08-15,en-US,troubleshooting,troubleshooting;,corc337,Reading emails,https://support.mozilla.org/questions/1458371,,,,,,,,,0,false,,False,
1458378,2024-08-15T05:45:07.878317Z,2024-08-15,en-US,other,other;,peter-preston1,Emails,https://support.mozilla.org/questions/1458378,,,,,,,,,1,true,5.04,False,
1458379,2024-08-15T05:59:05.385362Z,2024-08-15,cs,troubleshooting,troubleshooting;,martin.hulovec,I do not see my emails because of donation request,https://support.mozilla.org/questions/1458379,,,,,,,,,1,true,3.13,False,
1458382,2024-08-15T06:27:29.312926Z,2024-08-15,en-US,troubleshooting,troubleshooting;,Daniela.Hofmann,Can't delete messages,https://support.mozilla.org/questions/1458382,,,,,,,,,0,false,,False,
1458396,2024-08-15T08:59:40.291955Z,2024-08-15,nl,settings,customize-settings-and-preferences;,phast14,Thunderbird verwijzing Google Chrome is zoek.,https://support.mozilla.org/questions/1458396,,,,,,,,av:norton,0,false,,False,
1458399,2024-08-15T09:28:56.966855Z,2024-08-15,en-US,other,other;,MY,Switching email hosting service,https://support.mozilla.org/questions/1458399,,,,,,,,,3,true,1.2,False,
1458401,2024-08-15T09:47:52.123068Z,2024-08-15,en-US,email-and-messaging,windows-10;troubleshooting;,office765,Missing Mailboxes,https://support.mozilla.org/questions/1458401,os:windows,Windows 10,,,,,,,0,false,,False,
1458402,2024-08-15T09:51:01.671076Z,2024-08-15,cs,troubleshooting,troubleshooting;,martin.kofron,Prazdne nebo ztracene mailove zpravy,https://support.mozilla.org/questions/1458402,,,,,,,proto:pop,,1,true,3.98,False,
1458403,2024-08-15T09:57:50.123938Z,2024-08-15,en-US,troubleshooting,troubleshooting;,gideoneffinger,Mozilla Thunderbird,https://support.mozilla.org/questions/1458403,,,,,,,,,0,false,,False,
1458410,2024-08-15T11:16:28.386199Z,2024-08-15,en-US,other,other;,MilusC1,Erratic scrolling inside emails,https://support.mozilla.org/questions/1458410,,,,,,,,,0,false,,False,
1458411,2024-08-15T11:21:11.121291Z,2024-08-15,nl,settings,customize-settings-and-preferences;,info11747,mijn bedrijfsgegevens standaard en automatisch onder mijn mail te zetten,https://support.mozilla.org/questions/1458411,,,,,,,,,3,true,140.53,False,
1458413,2024-08-15T11:29:45.055777Z,2024-08-15,en-US,installation-and-updates,install-and-update;,berthorne,Unable connect Thunderbird  with my email account,https://support.mozilla.org/questions/1458413,,,,,,,,,25,true,2.03,True,berthorne
1458414,2024-08-15T11:32:25.284810Z,2024-08-15,nl,settings,customize-settings-and-preferences;,info11747,"Indelen en inrichten mailaccount, toevoegen bestand",https://support.mozilla.org/questions/1458414,,,,,m:microsoftemail,,,,0,false,,False,
1458415,2024-08-15T11:50:18.339569Z,2024-08-15,en-US,privacy-and-security,protect-your-privacy;,nickparry100,Nord Threat protection thinks there is a vulnerability,https://support.mozilla.org/questions/1458415,,,,,,,,,2,true,1.72,False,
1458416,2024-08-15T12:13:11.396475Z,2024-08-15,en-US,other,other;,Bikerbob1,im not getting my emails,https://support.mozilla.org/questions/1458416,,,,,,,,,0,false,,False,
1458422,2024-08-15T12:32:34.342847Z,2024-08-15,cs,troubleshooting,troubleshooting;,info11706,Nepříjmání emailu,https://support.mozilla.org/questions/1458422,,,,,,,,,1,true,1.28,False,
1458424,2024-08-15T12:36:29.670766Z,2024-08-15,en-US,troubleshooting,troubleshooting;,mmvoormolen,E-mails open as blank tabs,https://support.mozilla.org/questions/1458424,,,,,,,,,0,false,,False,
1458429,2024-08-15T13:11:10.430473Z,2024-08-15,en-US,troubleshooting,troubleshooting;,prberndt,Cannot get outgoing mail to send.,https://support.mozilla.org/questions/1458429,,,,,,,proto:smtp,,13,true,0.36,True,prberndt
1458430,2024-08-15T13:18:07.298050Z,2024-08-15,en-US,troubleshooting,troubleshooting;,arne26,Why disappear mails out of sight when I have read them. I only can see unread,https://support.mozilla.org/questions/1458430,,,,,,,,,1,true,72.75,False,
1458432,2024-08-15T13:27:29.557632Z,2024-08-15,en-US,other,other;,nigel45,Using VBA to send email with attchement from Excel,https://support.mozilla.org/questions/1458432,,,,,m:microsoftemail,,,,0,false,,False,
1458439,2024-08-15T14:02:45.670011Z,2024-08-15,es,troubleshooting,troubleshooting;,victor_rrg,Import from outlook,https://support.mozilla.org/questions/1458439,,,,,m:microsoftemail,,,,1,true,80.15,False,
1458445,2024-08-15T14:31:33.718802Z,2024-08-15,en-US,troubleshooting,needsinfo;troubleshooting;,steve.fritts,v128.1.0esr is very slow to process OPEN or MOVE emails within or from INBOX,https://support.mozilla.org/questions/1458445,,,,,,,,,3,true,71.51,False,
1458448,2024-08-15T14:49:26.834632Z,2024-08-15,en-US,other,other;,thenottstivs,"thunderbird, gmail,all mail file.",https://support.mozilla.org/questions/1458448,,,,,m:gmail,,,,2,true,3.5,False,
1458452,2024-08-15T15:19:55.198284Z,2024-08-15,en-US,troubleshooting,troubleshooting;,denarek.nawrocki,"Deleting folder ""Archive""",https://support.mozilla.org/questions/1458452,,,,,,,,,0,false,,False,
1458457,2024-08-15T15:35:27.953951Z,2024-08-15,en-US,troubleshooting,troubleshooting;,rapple2,Black Background,https://support.mozilla.org/questions/1458457,,,,,,,,,0,false,,False,
1458458,2024-08-15T15:36:16.856686Z,2024-08-15,nl,settings,customize-settings-and-preferences;,EdBo,synchroniseren,https://support.mozilla.org/questions/1458458,,,,,,,,,1,true,134.41,False,
1458461,2024-08-15T15:38:11.500928Z,2024-08-15,en-US,troubleshooting,troubleshooting;,emerson.flores,a few mails are missing from inbox on Thunderbird 128.1.0esr (32-bit),https://support.mozilla.org/questions/1458461,,,,,,,,,0,false,,False,
1458462,2024-08-15T15:48:53.381091Z,2024-08-15,en-US,troubleshooting,troubleshooting;,wade.jeppesen,Recent update messed up older emails,https://support.mozilla.org/questions/1458462,,,,,,,,,1,true,70.16,False,
1458464,2024-08-15T15:59:57.564802Z,2024-08-15,en-US,troubleshooting,needsinfo;troubleshooting;,manfredguenther,Thunderbird 128.1. 64-bit  Windows 10 Prof. 64-bit,https://support.mozilla.org/questions/1458464,os:windows,,,,,,,,3,true,270.38,False,
1458467,2024-08-15T16:20:30.949888Z,2024-08-15,en-US,troubleshooting,troubleshooting;,formerhippie7,Thunderbird missing emails,https://support.mozilla.org/questions/1458467,,,,,,,,,0,false,,False,
1458468,2024-08-15T16:20:41.502248Z,2024-08-15,en-US,troubleshooting,troubleshooting;,sole11,Thunderbird not downloading emails sent from gmail accounts,https://support.mozilla.org/questions/1458468,,,,,m:gmail;m:gmx,,,,0,false,,False,
1458471,2024-08-15T16:23:00.273577Z,2024-08-15,en-US,troubleshooting,troubleshooting;,Lynn.Kistler,Quick filter very slow on version 128.1.0esr,https://support.mozilla.org/questions/1458471,,,,,,,,,0,false,,False,
1458472,2024-08-15T16:26:08.505240Z,2024-08-15,en-US,other,other;,geo-mech,Thunderbird 128.1.0esr Send email not working,https://support.mozilla.org/questions/1458472,,,,,,,,,1,false,,False,
1458474,2024-08-15T16:30:51.901876Z,2024-08-15,en-US,troubleshooting,troubleshooting;,jlewis1,Errror Message on trying to open Thunderbird - Windows 11,https://support.mozilla.org/questions/1458474,os:windows,,,,,,,,0,false,,False,
1458476,2024-08-15T16:38:45.834942Z,2024-08-15,en-US,settings,customize-settings-and-preferences;,spudonwight,l wish to have thunderbird as default but for some reason when l go into settings the box to tick is grey and when l cli,https://support.mozilla.org/questions/1458476,,,,,,,,,0,false,,False,
1458480,2024-08-15T16:54:05.814642Z,2024-08-15,nl,installation-and-updates,install-and-update;,jan.kol40,Downgrade Thunderbird 128 naar 115 mogelijk?,https://support.mozilla.org/questions/1458480,os:linux,,,,,,,,1,true,133.51,False,
1458483,2024-08-15T17:06:29.066681Z,2024-08-15,en-US,installation-and-updates,install-and-update;,mchambo,not acept password?,https://support.mozilla.org/questions/1458483,,,,,,,,,0,false,,False,
1458488,2024-08-15T17:12:44.469777Z,2024-08-15,nl,troubleshooting,troubleshooting;,ludocorijn,Onduidelijk/omslachtig beeld bij inkomende mails,https://support.mozilla.org/questions/1458488,,,,,,,,,0,false,,False,
1458493,2024-08-15T17:39:05.131308Z,2024-08-15,es,troubleshooting,troubleshooting;,secmisiones,Cuando abro un eml me abre todo el correo. Sólo quiero que me abra el eml,https://support.mozilla.org/questions/1458493,,,,,,,,,0,false,,False,
1458502,2024-08-15T18:40:05.272740Z,2024-08-15,en-US,troubleshooting,troubleshooting;,info11750,Malformed sender email error message (displays every time an email is sent from only one PC on network),https://support.mozilla.org/questions/1458502,,,,,,,,,0,false,,False,
1458504,2024-08-15T18:57:55.717366Z,2024-08-15,pt-BR,other,other;,badleao,espaçamento das mensagens na pasta de entrada e sincronizar com meu noteboock,https://support.mozilla.org/questions/1458504,,,,,,,,,0,false,,False,
1458507,2024-08-15T19:13:31.507375Z,2024-08-15,en-US,troubleshooting,troubleshooting;,fly2,Emails are being deleted,https://support.mozilla.org/questions/1458507,,,,,,,,,0,false,,False,
1458511,2024-08-15T19:25:43.127725Z,2024-08-15,en-US,other,other;,bsfinkel,Thunderbird Quick Filter SLOW,https://support.mozilla.org/questions/1458511,,,,,,,,,14,true,238.25,True,wsmwk
1458514,2024-08-15T19:56:27.896100Z,2024-08-15,it,installation-and-updates,needsinfo;install-and-update;,grazanel1,Aggiornamento Thunderbird,https://support.mozilla.org/questions/1458514,,,,,,,,,2,true,10.14,False,
1458516,2024-08-15T20:25:58.355483Z,2024-08-15,en-US,settings,customize-settings-and-preferences;,temp18,Folders,https://support.mozilla.org/questions/1458516,,,,,,,,,0,false,,False,
1458522,2024-08-15T20:56:40.832639Z,2024-08-15,en-US,troubleshooting,troubleshooting;,puritan,Incoming mail stopped last night,https://support.mozilla.org/questions/1458522,,,,,,,,,0,false,,False,
1458523,2024-08-15T21:00:59.159569Z,2024-08-15,it,other,other;,lorema,errata sincronizzazione con le cartelle del server synology,https://support.mozilla.org/questions/1458523,,,,,,,proto:imap,,7,true,9.23,False,
1458530,2024-08-15T21:28:45.863073Z,2024-08-15,it,other,other;,geom.laurente,posta in arrivo non perviene,https://support.mozilla.org/questions/1458530,,,,,,,,,1,true,8.68,False,
1458533,2024-08-15T21:47:31.748615Z,2024-08-15,en-US,privacy-and-security,protect-your-privacy;,blewis9,Password to view passwords,https://support.mozilla.org/questions/1458533,,,,,,,,,2,true,0.37,False,
1458539,2024-08-15T22:17:30.183538Z,2024-08-15,en-US,troubleshooting,troubleshooting;,davewhitearcata,No Yahoo Mail Login,https://support.mozilla.org/questions/1458539,,,,,m:yahooemail,,proto:oauth,,0,false,,False,
1458540,2024-08-15T22:25:49.156180Z,2024-08-15,en-US,other,other;,bob390,Folders not available,https://support.mozilla.org/questions/1458540,,,,,,,,,2,true,76.67,True,MattAuSupport
1458541,2024-08-15T22:34:59.917220Z,2024-08-15,en-US,troubleshooting,troubleshooting;,azure,TB 115.9.0 all emails in inbox moved to trash folder during compacting,https://support.mozilla.org/questions/1458541,,,,,,,,,0,false,,False,
1458544,2024-08-15T22:46:47.958797Z,2024-08-15,en-US,other,other;,mminieri,SUGGESTION / REQUEST RE MSG FILTERS,https://support.mozilla.org/questions/1458544,,,,,,,,,0,false,,False,
1458546,2024-08-15T23:04:47.150821Z,2024-08-15,en-US,other,other;,bigyowie66,Vulnerability detected,https://support.mozilla.org/questions/1458546,,,,,,,,,1,true,0.17,False,
1458549,2024-08-15T23:33:11.932755Z,2024-08-15,en-US,troubleshooting,troubleshooting;,john97034,Cannot keep emails unthreaded and save emails with newest on top,https://support.mozilla.org/questions/1458549,,,,,,,,,0,false,,False,
1458556,2024-08-16T00:13:01.690924Z,2024-08-16,en-US,other,other;,eberger5,"Size of profile when using email, calendar, and tasks",https://support.mozilla.org/questions/1458556,,,,,,,,,1,true,11897.48,False,
1458557,2024-08-16T00:17:48.553655Z,2024-08-16,en-US,installation-and-updates,install-and-update;,stnca1174,downloading thunderbird,https://support.mozilla.org/questions/1458557,,,,,,,,,0,false,,False,
1458558,2024-08-16T00:21:40.329346Z,2024-08-16,en-US,troubleshooting,troubleshooting;,suehayden,Imported all mail successfully to new pc BUT now every incoming mail is automatically put in junk folder,https://support.mozilla.org/questions/1458558,,,,,,,,,0,false,,False,
1458559,2024-08-16T00:33:58.412471Z,2024-08-16,en-US,troubleshooting,troubleshooting;,JudsonMcCranie,"Changed Comcast password, now TB can't get in",https://support.mozilla.org/questions/1458559,,,,,,isp:comcast,,,2,false,,False,
1458560,2024-08-16T00:54:53.120229Z,2024-08-16,en-US,troubleshooting,troubleshooting;,rbpez,Unified Folders,https://support.mozilla.org/questions/1458560,,,,,,,,,0,false,,False,
1458563,2024-08-16T01:08:43.031553Z,2024-08-16,en-US,installation-and-updates,install-and-update;,leungk,emails failed to download after upgrading to 128.1.0esr (64 bit),https://support.mozilla.org/questions/1458563,,,,,,,proto:imap,,0,false,,False,
1458564,2024-08-16T01:20:40.162592Z,2024-08-16,en-US,troubleshooting,troubleshooting;,erif2,"My Thunderbird account has changed completely.  I can't download messages, and I can't find any of my folders.  They use",https://support.mozilla.org/questions/1458564,,,,,,,,,0,false,,False,
1458567,2024-08-16T01:41:25.579865Z,2024-08-16,en-US,troubleshooting,troubleshooting;,hnphywdsg7,deleted emails,https://support.mozilla.org/questions/1458567,,,,,,,,,0,false,,False,
1458570,2024-08-16T02:24:17.492332Z,2024-08-16,it,installation-and-updates,install-and-update;,proseguiamo,Crash continuo Thunderbird,https://support.mozilla.org/questions/1458570,,,,,,,,,6,true,3.86,False,
1458573,2024-08-16T03:22:09.372038Z,2024-08-16,cs,troubleshooting,troubleshooting;,m.tkacik70,zmiznuté emaily,https://support.mozilla.org/questions/1458573,,,,,,,,,1,true,4.65,False,
1458574,2024-08-16T03:30:47.716988Z,2024-08-16,en-US,installation-and-updates,install-and-update;,redmackay64,can no longer open PDF.js,https://support.mozilla.org/questions/1458574,,,,,,,,,1,true,11.32,False,
1458575,2024-08-16T04:34:28.418684Z,2024-08-16,en-US,troubleshooting,troubleshooting;,ballers,E-mail headers show but not the body of the e-mail,https://support.mozilla.org/questions/1458575,,,,,,,,,3,true,53.63,False,
1458579,2024-08-16T05:40:49.767910Z,2024-08-16,en-US,troubleshooting,troubleshooting;,sweettasha,Unable to make text larger,https://support.mozilla.org/questions/1458579,,,,,,,,,1,true,7.24,False,
1458581,2024-08-16T06:41:42.826372Z,2024-08-16,en-US,troubleshooting,troubleshooting;,bbor.biuro,Password doesn't work,https://support.mozilla.org/questions/1458581,,,,,,,,,5,true,5.07,False,
1458586,2024-08-16T07:07:25.145752Z,2024-08-16,en-US,other,other;,gx502g,strangely displayed e-mails,https://support.mozilla.org/questions/1458586,,,,,,,,,9,true,51.05,True,christ1
1458588,2024-08-16T07:27:25.714360Z,2024-08-16,en-US,troubleshooting,troubleshooting;,bruce146,Can't connect to server,https://support.mozilla.org/questions/1458588,,,,,,,,,4,true,4.88,False,
1458590,2024-08-16T07:39:31.064504Z,2024-08-16,en-US,troubleshooting,troubleshooting;,a0955057263,Thunderbird 115.13.0 cannot connect authenticated user via OAuth2 to Microsoft Outlook365,https://support.mozilla.org/questions/1458590,os:linux,,,,m:microsoftemail,,proto:imap;proto:smtp;proto:oauth,,5,true,2.56,False,
1458591,2024-08-16T07:47:05.399870Z,2024-08-16,en-US,troubleshooting,yahoo;troubleshooting;probablynotathunderbirdproblem;,mminieri,One POSSIBLE SOLUTION to the mail duplicated in 2 accounts,https://support.mozilla.org/questions/1458591,,,,,m:yahooemail,,proto:imap,,9,true,3.35,True,mminieri
1458595,2024-08-16T08:01:41.882536Z,2024-08-16,en-US,other,other;,asifmohammad.shaik,Mozilla Thunderbird - What is ESR?,https://support.mozilla.org/questions/1458595,,,,,,,,,9,true,0.88,False,
1458597,2024-08-16T08:12:42.566070Z,2024-08-16,en-US,email-and-messaging,mobile;android;troubleshooting;firefox-1290;,Lindy8,adding contacts to My Contacts app,https://support.mozilla.org/questions/1458597,os:android,Android,,,,,,,0,false,,False,
1458598,2024-08-16T08:17:52.551918Z,2024-08-16,tr,troubleshooting,troubleshooting;,murattea35,Thunderbird düzgün çalışmıyor,https://support.mozilla.org/questions/1458598,,,,,m:microsoftemail,,,,1,true,2.45,False,
1458600,2024-08-16T08:27:24.814038Z,2024-08-16,it,other,other;needsinfo;,studio.ing.annino,Stamani vedo bianco il corpo delle mie email degli ultimi 4 anni,https://support.mozilla.org/questions/1458600,,,,,,,proto:pop,,1,true,0.13,False,
1458605,2024-08-16T09:27:56.445649Z,2024-08-16,en-US,troubleshooting,troubleshooting;,jlewis1,Extaccting mssages from a profile.,https://support.mozilla.org/questions/1458605,,,,,,,,,3,true,1.79,False,
1458608,2024-08-16T09:36:13.949264Z,2024-08-16,en-US,other,other;,DorritSaviers1,My Thunderbird Stopped Working Since Infected by 'tsdtocl.com' also called 'Punchbowl Scam',https://support.mozilla.org/questions/1458608,,,,,,,,,0,false,,False,
1458615,2024-08-16T11:18:12.082368Z,2024-08-16,en-US,settings,customize-settings-and-preferences;,rocha.rogerio.p,Importar E-mail de ficheiro ZIP,https://support.mozilla.org/questions/1458615,,,,,,,,,2,true,1.24,False,
1458616,2024-08-16T11:23:40.579523Z,2024-08-16,pt-BR,troubleshooting,troubleshooting;,fernando63,Problema Download Email no IMAP no Servidor Skymail,https://support.mozilla.org/questions/1458616,,,,,,,proto:imap,,0,false,,False,
1458617,2024-08-16T11:40:21.748996Z,2024-08-16,en-US,settings,customize-settings-and-preferences;,luiseschoenleitner,Webseiten Links öffnen sich nicht mit dem Default Browser (Chrome) sondern mit Edge,https://support.mozilla.org/questions/1458617,,,,,,,,,0,false,,False,
1458618,2024-08-16T11:50:41.477711Z,2024-08-16,en-US,installation-and-updates,install-and-update;,headhound,Latest update is disappointing,https://support.mozilla.org/questions/1458618,,,,,,,,,0,false,,False,
1458619,2024-08-16T11:53:33.305582Z,2024-08-16,es,installation-and-updates,install-and-update;,anavictoriaestevez,ultima actualización 128.1.0esr,https://support.mozilla.org/questions/1458619,,,,,,,,,1,true,58.51,False,
1458622,2024-08-16T12:28:13.774735Z,2024-08-16,en-US,settings,customize-settings-and-preferences;,junkmmc,Pointing Thunderbird to different profile location,https://support.mozilla.org/questions/1458622,os:windows,,,,,,,,1,true,0.16,False,
1458626,2024-08-16T13:02:20.967492Z,2024-08-16,en-US,other,other;,billbrysland,Thunderbird backup and restore,https://support.mozilla.org/questions/1458626,,,,,,,proto:imap,,6,true,1.35,True,Toad-Hall
1458629,2024-08-16T13:39:54.549743Z,2024-08-16,nl,other,other;,ernstdubbeld,email bericht van laptop naar mijn pc verzenden lukt niet.,https://support.mozilla.org/questions/1458629,,,,,,,,,1,true,112.19,False,
1458630,2024-08-16T13:41:10.338457Z,2024-08-16,it,other,other;,massimo.g1970,Account eliminato,https://support.mozilla.org/questions/1458630,,,,,,,,,3,true,1.21,False,
1458631,2024-08-16T13:41:40.763900Z,2024-08-16,nl,troubleshooting,troubleshooting;,ruud.laurs,Thunderbird,https://support.mozilla.org/questions/1458631,,,,,,,,,2,true,112.15,False,
1458636,2024-08-16T14:09:55.628003Z,2024-08-16,en-US,other,other;,alexeyjaga,Add exchange account,https://support.mozilla.org/questions/1458636,,,,,,,proto:ews,,1,false,,False,
1458638,2024-08-16T14:32:26.761755Z,2024-08-16,en-US,troubleshooting,troubleshooting;,v.seaton,inbox not opening automatically,https://support.mozilla.org/questions/1458638,,,,,,,,,0,false,,False,
1458643,2024-08-16T14:44:59.612931Z,2024-08-16,en-US,other,other;,MN,DAV connection to Nextcloud results in error 401,https://support.mozilla.org/questions/1458643,,,,,,,,,0,false,,False,
1458645,2024-08-16T14:47:14.468412Z,2024-08-16,en-US,other,other;,a2jc4life,Thunderbird is newly SLOW,https://support.mozilla.org/questions/1458645,,,,,,,,,17,true,1.87,False,
1458646,2024-08-16T14:48:15.904286Z,2024-08-16,en-US,other,other;,geoffsmith504,emails,https://support.mozilla.org/questions/1458646,,,,,m:microsoftemail,,,,3,true,0.46,False,
1458647,2024-08-16T14:50:14.385245Z,2024-08-16,en-US,troubleshooting,troubleshooting;,forrie1,Disappearing message in Nebula 128.1.0esr (64-bit),https://support.mozilla.org/questions/1458647,,,,,,,,,0,false,,False,
1458649,2024-08-16T14:55:21.946005Z,2024-08-16,en-US,troubleshooting,troubleshooting;,nvisageme,"Gmail will not finalise setup of new gmail email on thunderbird. get ""400"" error message.",https://support.mozilla.org/questions/1458649,,,,,m:gmail,,proto:imap;proto:pop,,4,true,1.54,True,nvisageme
1458651,2024-08-16T15:02:00.774404Z,2024-08-16,nl,settings,customize-settings-and-preferences;,Nassara,Verandering van het startscherm bij thunderbird,https://support.mozilla.org/questions/1458651,,,,,,,,,1,true,110.77,False,
1458653,2024-08-16T15:13:22.041797Z,2024-08-16,es,troubleshooting,troubleshooting;,mar00701,Como eliminar contraseña maestra en Thunderbird 128.0.1esr (64-bit),https://support.mozilla.org/questions/1458653,,,,,,,,,1,true,52.43,False,
1458659,2024-08-16T15:44:56.515231Z,2024-08-16,en-US,troubleshooting,troubleshooting;,eive.bejerstrand,Glömt lösenordet för att logga in min epost,https://support.mozilla.org/questions/1458659,,,,,,isp:att,,,1,true,41.57,False,
1458660,2024-08-16T15:52:31.907822Z,2024-08-16,en-US,other,other;,Rossjw,lost emails,https://support.mozilla.org/questions/1458660,,,,,m:yahooemail,,,,0,false,,False,
1458665,2024-08-16T16:16:13.382836Z,2024-08-16,en-US,troubleshooting,troubleshooting;,tomdeli,Sent folder content missing,https://support.mozilla.org/questions/1458665,,,,,,,,,0,false,,False,
1458669,2024-08-16T16:23:46.286225Z,2024-08-16,en-US,settings,customize-settings-and-preferences;,john.puncher,Thunderbird running on Windows 11 ver 128.1,https://support.mozilla.org/questions/1458669,os:windows,,,,,,,,3,true,3.12,False,
1458674,2024-08-16T16:36:58.888091Z,2024-08-16,en-US,troubleshooting,troubleshooting;,garrett.jackson,Cannot import profile from old computer,https://support.mozilla.org/questions/1458674,os:windows,,,,,,,,1,false,,False,
1458675,2024-08-16T16:39:27.948447Z,2024-08-16,hu,troubleshooting,troubleshooting;,l31409912,bejövő levelek,https://support.mozilla.org/questions/1458675,,,,,,,,,0,false,,False,
1458676,2024-08-16T16:42:00.196049Z,2024-08-16,en-US,troubleshooting,troubleshooting;,awinkler1,Accidently deleted profile and need to restore inbox,https://support.mozilla.org/questions/1458676,,,,,,,,,1,true,1.12,False,
1458677,2024-08-16T16:49:07.149663Z,2024-08-16,en-US,troubleshooting,troubleshooting;,zzzzztab,Annoying message in Thunderbird's Email System,https://support.mozilla.org/questions/1458677,,,,,,,,,0,false,,False,
1458678,2024-08-16T16:55:40.328187Z,2024-08-16,nl,troubleshooting,troubleshooting;,jan.kol40,Adressen,https://support.mozilla.org/questions/1458678,,,,,,,,,1,true,116.74,False,
1458683,2024-08-16T17:08:47.807485Z,2024-08-16,en-US,other,other;,garysutter65,EMail,https://support.mozilla.org/questions/1458683,,,,,,,,,1,true,0.86,False,
1458688,2024-08-16T17:25:43.742629Z,2024-08-16,en-US,troubleshooting,troubleshooting;,juern,"Thunderbird 128.1.0esr - ""Failed to send message. Error sending message. The mail server responded: spam id=155817::1723",https://support.mozilla.org/questions/1458688,,,,,,,,,4,true,427.46,False,
1458690,2024-08-16T17:47:44.771852Z,2024-08-16,en-US,troubleshooting,troubleshooting;,jactrythall,Forgotten email password,https://support.mozilla.org/questions/1458690,,,,,,,,,1,true,1.59,False,
1458692,2024-08-16T17:53:56.623304Z,2024-08-16,en-US,installation-and-updates,install-and-update;,brianwmx,New Upgrade will not work,https://support.mozilla.org/questions/1458692,os:windows,,,,,,,,0,false,,False,
1458698,2024-08-16T18:31:53.958037Z,2024-08-16,en-US,troubleshooting,troubleshooting;,jerrynbaum,EMail attachments,https://support.mozilla.org/questions/1458698,,,,,,,,,0,false,,False,
1458708,2024-08-16T20:04:03.571595Z,2024-08-16,en-US,other,other;,m3.lee,"If I sign up for Thunderbird, does it come with an email address?",https://support.mozilla.org/questions/1458708,,,,,m:microsoftemail,,,,2,true,0.1,False,
1458709,2024-08-16T20:21:17.198990Z,2024-08-16,en-US,troubleshooting,troubleshooting;,beckykoch,When I try to send my emails Im getting error message Service unavailable; Client host [208.115.247.217] blocked using c,https://support.mozilla.org/questions/1458709,,,,,,,,,1,true,16.19,False,
1458711,2024-08-16T20:32:04.376486Z,2024-08-16,en-US,troubleshooting,troubleshooting;,lexi,Can't see contents of email on Thunderbird since newest update,https://support.mozilla.org/questions/1458711,,,,,,,,,4,true,36.63,False,
1458712,2024-08-16T20:35:36.234537Z,2024-08-16,en-US,other,other;,garybeb,How to export all email addresses in a folder of emails?,https://support.mozilla.org/questions/1458712,,,,,,,,,2,true,3.12,True,sfhowes
1458716,2024-08-16T21:09:50.589544Z,2024-08-16,en-US,troubleshooting,troubleshooting;,old11,frequent freezes/lock-ups in Thunderbird,https://support.mozilla.org/questions/1458716,os:windows,,,,,,,,5,true,35.96,True,christ1
1458718,2024-08-16T21:34:04.940505Z,2024-08-16,en-US,settings,customize-settings-and-preferences;,liddell1854,E-mail,https://support.mozilla.org/questions/1458718,,,,,,,,,0,false,,False,
1458722,2024-08-16T21:56:58.377606Z,2024-08-16,en-US,troubleshooting,troubleshooting;,Dave_Rado,"""Search Messages"" (Ctrl+Shift+F) suddenly extremely slow",https://support.mozilla.org/questions/1458722,os:windows,,,,,,,,0,false,,False,
1458724,2024-08-16T22:22:50.993922Z,2024-08-16,en-US,troubleshooting,troubleshooting;,1folsomflash,incoming email,https://support.mozilla.org/questions/1458724,,,,,m:gmail,,,,0,false,,False,
1458726,2024-08-16T22:43:51.965769Z,2024-08-16,en-US,other,other;,ricklin,unable to send email from samsung galaxy 7s+ tablet. Can receive and respond to emails,https://support.mozilla.org/questions/1458726,,,,,,,,,0,false,,False,
1458727,2024-08-16T22:49:53.640365Z,2024-08-16,en-US,troubleshooting,troubleshooting;,kbmettler,importing Gmail folders,https://support.mozilla.org/questions/1458727,os:windows,,,,m:gmail,,,,1,true,7.68,False,
1458738,2024-08-17T00:29:17.774998Z,2024-08-17,en-US,troubleshooting,troubleshooting;,kamholzmarvels,lost addresses and folders,https://support.mozilla.org/questions/1458738,os:windows,,,,m:yahooemail,,,,1,true,2.67,False,
1458743,2024-08-17T01:02:28.608202Z,2024-08-17,en-US,other,other;,ottohoel,Thunderbird filter based on a list of names/adddresses,https://support.mozilla.org/questions/1458743,,,,,,,,,2,true,2.0,True,sfhowes
1458745,2024-08-17T01:26:28.318095Z,2024-08-17,en-US,troubleshooting,troubleshooting;,gduprey,inbox emails disappeared,https://support.mozilla.org/questions/1458745,,,,,,,,,0,false,,False,
1458754,2024-08-17T03:35:11.459644Z,2024-08-17,en-US,other,other;,cs999,"Thunderbird doesn,t fully open..lagging to view messages",https://support.mozilla.org/questions/1458754,os:windows,,,,m:microsoftemail,,,,1,false,,False,
1458759,2024-08-17T04:23:56.663799Z,2024-08-17,en-US,installation-and-updates,install-and-update;,lakeview43,thunderbird wont accept my password,https://support.mozilla.org/questions/1458759,,,,,,,,,0,false,,False,
1458760,2024-08-17T04:27:49.762471Z,2024-08-17,en-US,settings,customize-settings-and-preferences;,martypa,Thunderbird Manual,https://support.mozilla.org/questions/1458760,,,,,,,,,2,true,1.88,False,
1458761,2024-08-17T05:05:01.641232Z,2024-08-17,en-US,troubleshooting,troubleshooting;,awarwick24.aw,Thunderbird not recognising server passwords,https://support.mozilla.org/questions/1458761,,,,,,,,,1,true,0.64,False,
1458763,2024-08-17T05:28:42.328427Z,2024-08-17,en-US,troubleshooting,troubleshooting;,wendyengineer,Starting about 8/12/24 (2 days ago) I ran Malwarebytes.  Now my Thunderbird is not capturing most of my yahoo mail.,https://support.mozilla.org/questions/1458763,,,,,m:yahooemail,,,av:malwarebytes,0,false,,False,
1458771,2024-08-17T06:08:37.420957Z,2024-08-17,en-US,installation-and-updates,install-and-update;,espira5854,help how to iinstall and decline cookies,https://support.mozilla.org/questions/1458771,,,,,,,,,1,true,0.35,False,
1458772,2024-08-17T06:31:47.217748Z,2024-08-17,en-US,installation-and-updates,install-and-update;,espira5854,LBZD AMSI K52E 23TU J5KW KTZ,https://support.mozilla.org/questions/1458772,,,,,,,,,1,true,11.21,False,
1458775,2024-08-17T07:30:54.603277Z,2024-08-17,en-US,installation-and-updates,install-and-update;,stephen25,Lost address book and email folders,https://support.mozilla.org/questions/1458775,os:windows,,,,,,,,3,true,3.83,True,davidsk
1458779,2024-08-17T09:14:28.327211Z,2024-08-17,en-US,troubleshooting,troubleshooting;,johnaforster,can't send emails,https://support.mozilla.org/questions/1458779,,,,,,,,,2,true,2.13,False,
1458786,2024-08-17T11:52:48.169688Z,2024-08-17,en-US,other,other;,terrywray19,Can't open any pdf attachments unless I save them,https://support.mozilla.org/questions/1458786,,,,,,,,,2,true,6.3,False,
1458793,2024-08-17T12:23:08.666089Z,2024-08-17,sl,settings,customize-settings-and-preferences;,raborec,Kako odstranim Krajevno mapo? Hvala!,https://support.mozilla.org/questions/1458793,,,,,,,,,0,false,,False,
1458798,2024-08-17T12:52:57.750224Z,2024-08-17,en-US,troubleshooting,troubleshooting;,werner115,Getting Filelink to work in Thunderbird - help please,https://support.mozilla.org/questions/1458798,os:macos,,,,,,,,4,true,5.73,True,werner115
1458804,2024-08-17T13:59:01.032279Z,2024-08-17,en-US,troubleshooting,needsinfo;troubleshooting;,fernando63,Problem Downloading Email in IMAP,https://support.mozilla.org/questions/1458804,,,,,,,proto:imap,,4,true,1.14,False,
1458805,2024-08-17T14:28:46.228074Z,2024-08-17,en-US,settings,customize-settings-and-preferences;,john391,Getting back my email contents (window),https://support.mozilla.org/questions/1458805,,,,,,,,,8,true,0.41,True,christ1
1458808,2024-08-17T14:50:47.790585Z,2024-08-17,nl,other,other;,Hherrmmann,Mapnaam voor mails veranderen wordt niet gesynchroniseerd,https://support.mozilla.org/questions/1458808,,,,,,,,,4,true,86.82,True,Hherrmmann
1458810,2024-08-17T14:52:07.686054Z,2024-08-17,en-US,calendar,calendar;,egon.blaschka,Suche nach Terminen,https://support.mozilla.org/questions/1458810,,,,,,,,,1,true,3.29,False,
1458815,2024-08-17T15:00:34.959573Z,2024-08-17,en-US,settings,customize-settings-and-preferences;,theparnassus,Bulk emails,https://support.mozilla.org/questions/1458815,,,,,,,,,2,true,1.68,False,
1458829,2024-08-17T18:25:45.794660Z,2024-08-17,en-US,troubleshooting,troubleshooting;,rlgrau06,Sending newOutlook mail from TB,https://support.mozilla.org/questions/1458829,os:windows,,,,m:microsoftemail,,proto:smtp,av:defender,3,true,0.81,False,
1458830,2024-08-17T18:41:13.627837Z,2024-08-17,it,troubleshooting,troubleshooting;,realfabry,Thundebird Lento dopo l'ultimo aggiornamento,https://support.mozilla.org/questions/1458830,,,,,,,,,1,true,10.81,False,
1458831,2024-08-17T18:54:27.570722Z,2024-08-17,en-US,installation-and-updates,install-and-update;,rabbithutch1,Transferring Account Setup Info to a Second Computer,https://support.mozilla.org/questions/1458831,,,,,,,,,9,true,0.45,False,
1458833,2024-08-17T18:56:28.941622Z,2024-08-17,en-US,other,other;,mmaurer,Old problem figured out - outgoing mail password requested but nothin in outbox,https://support.mozilla.org/questions/1458833,,,,,,,,,0,false,,False,
1458834,2024-08-17T19:08:54.432299Z,2024-08-17,en-US,other,other;,patrick210,Thunderbird choking on deleted domain,https://support.mozilla.org/questions/1458834,,,,,,,,,8,true,0.45,True,davidsk
1458836,2024-08-17T19:24:00.508270Z,2024-08-17,en-US,other,other;,DorothyJ,Junk Mail ByeBye,https://support.mozilla.org/questions/1458836,,,,,,,,,9,true,0.4,True,DorothyJ
1458843,2024-08-17T20:05:05.831499Z,2024-08-17,en-US,troubleshooting,troubleshooting;,lare2,Cannot import profile,https://support.mozilla.org/questions/1458843,os:windows,,,,,,,,1,true,0.88,False,
1458847,2024-08-17T20:40:45.451868Z,2024-08-17,en-US,other,other;,kokuat,log in,https://support.mozilla.org/questions/1458847,,,,,,,,,1,true,15.01,False,
1458849,2024-08-17T21:11:52.371883Z,2024-08-17,en-US,settings,customize-settings-and-preferences;,beute.feinte,How to prevent the deletion of messages in Thunderbird,https://support.mozilla.org/questions/1458849,,,,,m:gmail,,proto:imap;proto:pop,,3,true,11.55,False,
1458850,2024-08-17T21:17:25.094251Z,2024-08-17,en-US,troubleshooting,troubleshooting;,laxmom1924,"Cannot SEND emails , but can receive them using rochester.rr.com account.",https://support.mozilla.org/questions/1458850,,,,,m:microsoftemail,isp:spectrum,,,1,true,2.47,False,
1458851,2024-08-17T21:30:02.247997Z,2024-08-17,en-US,other,other;,mdm54,is xpunge coming back,https://support.mozilla.org/questions/1458851,,,,,,,,,1,true,2.21,False,
1458852,2024-08-17T21:33:05.820260Z,2024-08-17,en-US,privacy-and-security,protect-your-privacy;,maciek.sw.77,Hide my IP when sent an emal via Thunderbird,https://support.mozilla.org/questions/1458852,,,,,,,,,3,true,15.38,True,davidsk
1458860,2024-08-17T23:36:50.499056Z,2024-08-17,en-US,troubleshooting,troubleshooting;,viking2,Random E-mails missing from Inbox,https://support.mozilla.org/questions/1458860,,,,,m:gmail;m:microsoftemail,isp:spectrum,proto:imap;proto:pop,,1,false,,False,
1458862,2024-08-17T23:58:31.137568Z,2024-08-17,en-US,settings,customize-settings-and-preferences;,mlondon1,How to sort by number of messages from Sender?,https://support.mozilla.org/questions/1458862,,,,,m:gmail,,,,1,true,3.62,False,
1458863,2024-08-18T00:15:12.076969Z,2024-08-18,en-US,other,other;,guywithgreenhair1,can't see my messages on new machine,https://support.mozilla.org/questions/1458863,os:windows,,,,,,,,0,false,,False,
1458869,2024-08-18T01:08:16.060502Z,2024-08-18,en-US,settings,customize-settings-and-preferences;,viking2,Filter Action: Hide Message?,https://support.mozilla.org/questions/1458869,,,,,,,,,1,false,,False,
1458888,2024-08-18T07:00:26.399626Z,2024-08-18,nl,settings,customize-settings-and-preferences;,marius.van.herpen,Gelezen berichten,https://support.mozilla.org/questions/1458888,,,,,,,,,0,false,,False,
1458892,2024-08-18T07:19:49.541223Z,2024-08-18,en-US,troubleshooting,troubleshooting;,john1095,Thunderbird,https://support.mozilla.org/questions/1458892,,,,,,,,,0,false,,False,
1458894,2024-08-18T07:20:43.778899Z,2024-08-18,en-US,troubleshooting,troubleshooting;,v.seaton,incoming mail,https://support.mozilla.org/questions/1458894,,,,,,,,,0,false,,False,
1458900,2024-08-18T09:04:26.220660Z,2024-08-18,en-US,privacy-and-security,protect-your-privacy;,michael.keren,Grammarly,https://support.mozilla.org/questions/1458900,,,,,,,,,1,true,2.57,False,
1458907,2024-08-18T10:22:15.190689Z,2024-08-18,en-US,troubleshooting,desktop;other;windows-10;,johnaforster,Further to my problem of not now being able to send emails,https://support.mozilla.org/questions/1458907,os:windows,Windows 10,,,,,,,1,true,8.75,False,
1458920,2024-08-18T11:47:24.818509Z,2024-08-18,en-US,troubleshooting,troubleshooting;,colincgallagher,some incoming emails appear as unreadable machine code,https://support.mozilla.org/questions/1458920,os:windows,,,,,,,,1,true,17.19,False,
1458921,2024-08-18T12:02:08.964961Z,2024-08-18,en-US,other,other;,ellis.freedman,Retrieve backed up emails after deleting account,https://support.mozilla.org/questions/1458921,,,,,m:microsoftemail,,proto:pop;proto:oauth,,2,true,0.76,True,ellis.freedman
1458923,2024-08-18T12:25:19.861815Z,2024-08-18,en-US,other,other;,late,Our thunderbird email disappeared yesterday and we cannot get it back.  The icon still shows up on our home page but whe,https://support.mozilla.org/questions/1458923,,,,,,,,,0,false,,False,
1458926,2024-08-18T13:38:30.353710Z,2024-08-18,en-US,settings,customize-settings-and-preferences;,dinny,change the menu items  when you rightclick on a email inside Thunderbird :),https://support.mozilla.org/questions/1458926,,,,,m:microsoftemail,,,,6,true,1.8,True,davidsk
1458933,2024-08-18T14:01:01.373004Z,2024-08-18,en-US,troubleshooting,troubleshooting;,wburkettsr,any updates concerning setting up a currently.att.yahoo email account in Thunderbird mail?,https://support.mozilla.org/questions/1458933,,,,,m:gmail;m:yahooemail,isp:att,,,3,true,1.94,False,
1458937,2024-08-18T14:26:54.874017Z,2024-08-18,en-US,settings,customize-settings-and-preferences;,erif2,My e-mail has been reconfigured.  All of my folders have disappeared.  How can I get my old configuration back?,https://support.mozilla.org/questions/1458937,,,,,,,,,0,false,,False,
1458941,2024-08-18T15:05:03.491564Z,2024-08-18,en-US,troubleshooting,troubleshooting;,Pascal1957,Permanent deletion from Thunderbird to (gmail) Server does not work,https://support.mozilla.org/questions/1458941,,,,,m:gmail,,,,1,true,0.31,False,
1458943,2024-08-18T15:17:18.460362Z,2024-08-18,en-US,troubleshooting,troubleshooting;,nwplouff,"After Thunderbird 128.1.0esr update, mail tab is empty. NS_ERROR_FAILURE [nsIMsgFolder.server",https://support.mozilla.org/questions/1458943,os:windows,,,,,,,,1,true,381.5,False,
1458945,2024-08-18T15:27:18.720884Z,2024-08-18,en-US,troubleshooting,troubleshooting;,andrewnelles,"Thunderbird always freezes when checking for new email, starting with version 102. Runs perfectly fine in troubleshoot m",https://support.mozilla.org/questions/1458945,,,,,,,,,4,true,198.69,False,
1458965,2024-08-18T16:54:42.025220Z,2024-08-18,en-US,troubleshooting,troubleshooting;,jerrytex49,"Getting frequent ""not responding""",https://support.mozilla.org/questions/1458965,os:windows,,,,,,,,12,true,0.32,False,
1458974,2024-08-18T17:09:32.049368Z,2024-08-18,en-US,troubleshooting,troubleshooting;,stephanaalceramics,"Emails are corrupted, just come with ""----_com.sonymobile.email_660493172259368--""",https://support.mozilla.org/questions/1458974,,,,,m:gmail,,,,4,true,0.05,True,christ1
1458976,2024-08-18T17:10:21.770166Z,2024-08-18,en-US,troubleshooting,troubleshooting;bug1911076;,atscomms,Folder Compacting renders emails unreadable,https://support.mozilla.org/questions/1458976,,,,,,,,,6,true,10.03,True,atscomms
1458983,2024-08-18T17:13:57.313486Z,2024-08-18,en-US,settings,customize-settings-and-preferences;,1grin,"sent mail not saved.  Last time I had Thunderbird you did not require me signing in, TB got deleted from my computer whe",https://support.mozilla.org/questions/1458983,,,,,m:microsoftemail,,,,0,false,,False,
1458984,2024-08-18T17:15:05.859907Z,2024-08-18,en-US,troubleshooting,troubleshooting;,meade2,No new messages,https://support.mozilla.org/questions/1458984,,,,,,,,,1,true,9.94,False,
1458996,2024-08-18T17:27:07.415497Z,2024-08-18,en-US,calendar,calendar;,c.lund1,Thunderbird 128 I'm unable to list events before the current day as I used to.  (pop OS with old 128.0.1esr),https://support.mozilla.org/questions/1458996,,,,,,,proto:pop,,9,true,0.53,False,
1459013,2024-08-18T17:42:48.485883Z,2024-08-18,en-US,other,other;,menassy1,A lost sent email,https://support.mozilla.org/questions/1459013,,,,,,,,,0,false,,False,
1459019,2024-08-18T17:49:26.908351Z,2024-08-18,en-US,settings,customize-settings-and-preferences;,jamesldavis,Received messages with unreadable text/background color combinations,https://support.mozilla.org/questions/1459019,,,,,,,,,13,true,1.97,True,Googlethunderbird.
1459038,2024-08-18T18:30:41.414019Z,2024-08-18,en-US,troubleshooting,troubleshooting;,rover449,email attachment or subject opnes as a jpg.,https://support.mozilla.org/questions/1459038,,,,,,,,,0,false,,False,
1459128,2024-08-18T20:57:23.352835Z,2024-08-18,en-US,troubleshooting,troubleshooting;,info11760,hard drive failure cannot load Thunderbird,https://support.mozilla.org/questions/1459128,,,,,,,,,3,true,16.14,False,
1459130,2024-08-18T21:41:45.922459Z,2024-08-18,en-US,other,other;,jmccormick3,Thunderbird copying messages from an ipop account to gmail imap account times out,https://support.mozilla.org/questions/1459130,,,,,m:gmail,,proto:imap;proto:pop,,0,false,,False,
1459136,2024-08-18T22:12:20.669216Z,2024-08-18,en-US,settings,customize-settings-and-preferences;,jmss,How to completely reset Thunderbird preferences except for configured accounts?,https://support.mozilla.org/questions/1459136,,,,,,,,,12,true,0.3,False,
1459150,2024-08-18T22:33:42.466552Z,2024-08-18,en-US,other,other;,myrcy,Trouble with Thunderbird's Search Function,https://support.mozilla.org/questions/1459150,,,,,,,,,3,true,0.45,False,
1459158,2024-08-18T23:12:40.438470Z,2024-08-18,en-US,troubleshooting,troubleshooting;,niceseeingyou,"I can't send e-mails to anyone with a ""att.net"" or ""sbcglobal.net"" they all come back as not deliverable!",https://support.mozilla.org/questions/1459158,os:windows,,,,m:microsoftemail;m:yahooemail,isp:att,proto:smtp,av:avast,4,true,15.99,True,davidsk
1459162,2024-08-19T00:31:14.593307Z,2024-08-19,en-US,troubleshooting,troubleshootingdetailsmissing;troubleshooting;,reeseandbarb67,deleting emails,https://support.mozilla.org/questions/1459162,,,,,,,,,0,false,,False,
1459167,2024-08-19T01:50:08.470935Z,2024-08-19,en-US,troubleshooting,needsinfo;troubleshooting;suddenlink;suddenlinknet;optimumnet;,wa8sie1,Can not add an email account on mac mini os14.6.1 via Octimum.net as Suddenlink.net,https://support.mozilla.org/questions/1459167,,,,,m:gmail,isp:optimum,,,1,true,42.55,False,
1459177,2024-08-19T03:21:15.717812Z,2024-08-19,en-US,troubleshooting,troubleshooting;probablynotathunderbirdproblem;outbox;,peter.bate.aust,Thunderbird outbox,https://support.mozilla.org/questions/1459177,,,,,,,,,3,true,1.38,False,
1459181,2024-08-19T03:56:36.521500Z,2024-08-19,en-US,troubleshooting,outlookcom;troubleshooting;probablynotathunderbirdproblem;alias;mailalias;outlookalias;,OzSteveC,Unable to send emails in Tbird from MS aliases,https://support.mozilla.org/questions/1459181,os:windows,,,,m:microsoftemail,,proto:smtp,,3,true,0.73,False,
1459182,2024-08-19T03:58:32.778444Z,2024-08-19,en-US,troubleshooting,certificates;troubleshooting;certficate-issue;probablynotathunderbirdproblem;cert;besttelecomnetau-besttelecom;invalidcertificate;,peefjay,Valid Certificate,https://support.mozilla.org/questions/1459182,,,,,,,,,0,false,,False,
1459185,2024-08-19T04:28:07.303676Z,2024-08-19,en-US,settings,notathunderbirdproblem;customize-settings-and-preferences;,drickar,How do I train Thunderbird to use upper-case letters at the beginning of sentences and for my name?,https://support.mozilla.org/questions/1459185,,,,,,,,,7,true,0.06,False,
1459187,2024-08-19T04:31:53.514169Z,2024-08-19,en-US,troubleshooting,troubleshooting;notathunderbirdproblem;,peter_preston,emails,https://support.mozilla.org/questions/1459187,,,,,,,,,1,true,0.41,False,
1459189,2024-08-19T04:54:04.738585Z,2024-08-19,en-US,settings,troubleshootingdetailsmissing;notathunderbirdproblem;probablyanaddonproblem;customize-settings-and-preferences;,gaalrayn,"Default cursor Position in Thunderbird ""Reply""",https://support.mozilla.org/questions/1459189,,,,,,,,,2,true,0.11,True,MattAuSupport
1459197,2024-08-19T06:42:16.225094Z,2024-08-19,en-US,troubleshooting,yahoo;duplicate;troubleshooting;,usa.michaelw,Yahoo Acnt #1 messeges being duplicated in Yahoo Acnt #2 in Thunderbird ONLY (possibly duplicate of https://support.mozi,https://support.mozilla.org/questions/1459197,,,,,m:yahooemail,,,,1,true,7.37,False,
1459198,2024-08-19T06:45:56.356771Z,2024-08-19,en-US,other,other;troubleshootingdetailsmissing;msoauth;tbdonorcare;btconnectcom;,bards67,Can't receive email with btconnect,https://support.mozilla.org/questions/1459198,,,,,m:microsoftemail,,proto:imap;proto:pop,,5,true,1282.06,False,
1459201,2024-08-19T07:11:18.495948Z,2024-08-19,en-US,troubleshooting,troubleshootingdetailsmissing;troubleshooting;invisibleemail;tbwhitescreen;,eva51,"I cant see the majority of my mail , neither in the preview nor when opening them",https://support.mozilla.org/questions/1459201,,,,,,,,,0,false,,False,
1459202,2024-08-19T07:16:06.910566Z,2024-08-19,en-US,settings,troubleshootingdetailsmissing;customize-settings-and-preferences;,hooknose39,"email works on ipad, phone, but not on desk top computer.",https://support.mozilla.org/questions/1459202,,,,,,,,,0,false,,False,
1459206,2024-08-19T07:35:45.465496Z,2024-08-19,en-US,settings,troubleshootingdetailsmissing;customize-settings-and-preferences;,bobbe1,default highlight colour,https://support.mozilla.org/questions/1459206,,,,,,,,,1,true,1.07,False,
1459207,2024-08-19T07:51:21.959493Z,2024-08-19,it,troubleshooting,needsinfo;troubleshooting;,d.scorrano,"connessione con alice  non funziona dal08/08/24, alice diretto funziona perfettamente,puntualmente non si connette, gmai",https://support.mozilla.org/questions/1459207,,,,,m:gmail,,,,5,true,0.16,False,
1459209,2024-08-19T08:05:06.393414Z,2024-08-19,en-US,troubleshooting,troubleshootingdetailsmissing;troubleshooting;macos;profilemigration;migration;,freedom13,moving emais to new machine after normal transfer or AV has left an inbox folder empty on a mac,https://support.mozilla.org/questions/1459209,os:macos,,,,,,,,0,false,,False,
1459211,2024-08-19T08:16:11.134490Z,2024-08-19,nl,troubleshooting,troubleshooting;,viterson,Ontvangst van mail van 1 specifiek contact,https://support.mozilla.org/questions/1459211,,,,,,,,,1,true,45.36,False,
1459215,2024-08-19T08:52:22.757076Z,2024-08-19,en-US,settings,filters;messagefilters;customize-settings-and-preferences;exportfilters;,rumbero49,How to export message filter rules? Tb v115.4.1 (64-Bit) Windows desktop,https://support.mozilla.org/questions/1459215,,,,,,,,,8,true,3.29,True,davidsk
1459217,2024-08-19T09:00:52.337404Z,2024-08-19,it,troubleshooting,needsinfo;troubleshooting;,furio.tavilla,email illegibile,https://support.mozilla.org/questions/1459217,,,,,,,,,3,true,0.7,False,
1459218,2024-08-19T09:04:36.390725Z,2024-08-19,it,privacy-and-security,protect-your-privacy;,g.robba,eliminare password,https://support.mozilla.org/questions/1459218,,,,,,,,,1,true,0.62,False,
1459220,2024-08-19T09:19:01.346765Z,2024-08-19,en-US,other,other;troubleshootingdetailsmissing;filters;messagefilters;probablyanaddonproblem;,schnibbeltante,filter,https://support.mozilla.org/questions/1459220,,,,,,,,,1,true,8.1,False,
1459222,2024-08-19T09:39:04.927220Z,2024-08-19,en-US,settings,gmail;customize-settings-and-preferences;allmail;gmailallmail;,ohaganmp,Thunderbird retention policy,https://support.mozilla.org/questions/1459222,,,,,,,,,5,true,2.63,True,davidsk
1459223,2024-08-19T09:51:56.961954Z,2024-08-19,en-US,troubleshooting,troubleshootingdetailsmissing;troubleshooting;probablynotathunderbirdproblem;,jagielski,Thunderbird does not display message content or displays strange characters,https://support.mozilla.org/questions/1459223,,,,,,,,,1,true,7.36,False,
1459228,2024-08-19T10:08:50.568931Z,2024-08-19,en-US,other,other;notathunderbirdproblem;,stevecrowther,MacOS Somona,https://support.mozilla.org/questions/1459228,os:macos,,,,,,,,1,true,34.62,True,rtanglao
1459229,2024-08-19T10:13:28.901747Z,2024-08-19,en-US,troubleshooting,troubleshooting;,pawel.burda,problemy z wczytaniem maili po aktualizacji,https://support.mozilla.org/questions/1459229,,,,,,,,,0,false,,False,
1459231,2024-08-19T10:39:42.667538Z,2024-08-19,cs,troubleshooting,troubleshooting;,evapogodova48,Nedaří se mi odesílat ani posílat poštu v Thunderbirdu,https://support.mozilla.org/questions/1459231,,,,,,,,,1,true,2.42,False,
1459232,2024-08-19T10:46:02.368515Z,2024-08-19,it,settings,customize-settings-and-preferences;,proseguiamo,Non visualizzo la posta in entrata dalla barra di ricerca,https://support.mozilla.org/questions/1459232,,,,,,,,,1,true,2.83,False,
1459234,2024-08-19T11:14:25.329466Z,2024-08-19,en-US,troubleshooting,troubleshootingdetailsmissing;troubleshooting;,kenspelmanbooks,"Cannot create sub-folders, or delete a folder, or see properties",https://support.mozilla.org/questions/1459234,,,,,,,,,0,false,,False,
1459237,2024-08-19T11:39:25.327749Z,2024-08-19,en-US,settings,troubleshootingdetailsmissing;office365;tbmsoauth2;msoauth;customize-settings-and-preferences;,stephentreeby,changing settings for Microsoft modern authentication,https://support.mozilla.org/questions/1459237,,,,,m:microsoftemail,,proto:oauth,,1,true,0.41,False,
1459239,2024-08-19T11:53:48.800999Z,2024-08-19,en-US,troubleshooting,troubleshootingdetailsmissing;troubleshooting;,bosse.westerlund,"Suddenly i can´t add a new folder, nothing happens",https://support.mozilla.org/questions/1459239,,,,,,,,,0,false,,False,
1459248,2024-08-19T12:50:05.753101Z,2024-08-19,it,other,other;,hamnett1956,Problemi di ricezione di alcune email,https://support.mozilla.org/questions/1459248,,,,,,,,,1,true,0.86,False,
1459251,2024-08-19T12:56:52.171748Z,2024-08-19,en-US,troubleshooting,gmail;troubleshootingdetailsmissing;troubleshooting;probablynotathunderbirdproblem;tbwhitescreen;,lrossded,Thunderbird not displaying email correctly,https://support.mozilla.org/questions/1459251,os:macos,,,,m:gmail,,,,1,true,2.9,False,
1459254,2024-08-19T13:21:19.493727Z,2024-08-19,nl,troubleshooting,troubleshooting;,kinetahiribvba,mails in submappen verdwenen,https://support.mozilla.org/questions/1459254,,,,,,,,,0,false,,False,
1459255,2024-08-19T13:28:19.661520Z,2024-08-19,cs,troubleshooting,troubleshooting;,rainsr,Thunderbird nezobrazuje seznam účtů ani složek,https://support.mozilla.org/questions/1459255,,,,,,,,,1,true,1.28,False,
1459256,2024-08-19T13:28:42.328145Z,2024-08-19,en-US,calendar,calendar;autoconfig;ispdb;autoconfigforcalendar;,filip.mutterer,Autoconfig - also for Calendar and Addressbook (CalDAV & CardDAV),https://support.mozilla.org/questions/1459256,,,,,,,proto:carddav;proto:caldav,,0,false,,False,
1459266,2024-08-19T14:15:50.507540Z,2024-08-19,it,other,other;,maxbarnaba28,problemi di invio posta,https://support.mozilla.org/questions/1459266,,,,,,,,,3,true,0.18,False,
1459269,2024-08-19T14:42:52.824866Z,2024-08-19,it,other,other;needsinfo;,TANGORRA2000,visualizzazione contenuto cartella spam,https://support.mozilla.org/questions/1459269,,,,,,,,,1,true,0.05,False,
1459270,2024-08-19T14:45:09.694123Z,2024-08-19,en-US,settings,troubleshootingdetailsmissing;probablynotathunderbirdproblem;customize-settings-and-preferences;,bethandthebees,Trying to add an exisiting email account that is not connecting to the server,https://support.mozilla.org/questions/1459270,,,,,,,,,0,false,,False,
1459275,2024-08-19T15:08:16.231132Z,2024-08-19,en-US,troubleshooting,troubleshootingdetailsmissing;troubleshooting;probablyanaddonproblem;sendtoemailaddon;sendtoemail;,kbrick66,"""Mail To"" does not work",https://support.mozilla.org/questions/1459275,os:windows,,,,,,,,0,false,,False,
1459279,2024-08-19T15:33:58.360014Z,2024-08-19,en-US,other,other;troubleshootingdetailsmissing;cox;,nancyanne11,Additional problems with the cox.net email transition,https://support.mozilla.org/questions/1459279,,,,,,isp:cox,,,0,false,,False,
1459281,2024-08-19T15:46:57.107627Z,2024-08-19,it,other,other;needsinfo;,butnotleast,Messaggi scomparsi (missing mail),https://support.mozilla.org/questions/1459281,,,,,,,,,1,true,0.22,False,
1459284,2024-08-19T16:05:39.658895Z,2024-08-19,fi,troubleshooting,troubleshooting;,tapsankone,Sähköposti,https://support.mozilla.org/questions/1459284,,,,,,,,,0,false,,False,
1459285,2024-08-19T16:15:26.061925Z,2024-08-19,en-US,troubleshooting,dataloss;troubleshootingdetailsmissing;troubleshooting;tbdataloss;,cwr1946,Compacting folders loses all email content from inbox,https://support.mozilla.org/questions/1459285,,,,,,,,,2,true,177.57,False,
1459286,2024-08-19T16:16:47.688019Z,2024-08-19,en-US,other,other;notathunderbirdproblem;pop;,mmelton29,How do I rebuild thunderbird?,https://support.mozilla.org/questions/1459286,os:windows,,,,,,proto:pop,,5,true,0.62,True,mmelton29
1459287,2024-08-19T16:19:26.571254Z,2024-08-19,it,troubleshooting,needsinfo;troubleshooting;,segreteria32,non arrivano le mail,https://support.mozilla.org/questions/1459287,,,,,,,,,1,true,0.04,False,
1459289,2024-08-19T16:21:20.201997Z,2024-08-19,en-US,settings,tbbeta;troubleshootingdetailsmissing;customize-settings-and-preferences;,spriggsjx,Thunderbird beta Unified Inbox,https://support.mozilla.org/questions/1459289,,,,,,,,,1,true,177.74,False,
1459291,2024-08-19T16:22:57.346753Z,2024-08-19,en-US,troubleshooting,troubleshootingdetailsmissing;troubleshooting;tbdownloading;,rectangleny,Never stops downloading emails,https://support.mozilla.org/questions/1459291,,,,,,,,,0,false,,False,
1459295,2024-08-19T16:51:19.968852Z,2024-08-19,en-US,settings,duplicate;troubleshootingdetailsmissing;customize-settings-and-preferences;,IanDoughy,Reading emals in Firefox,https://support.mozilla.org/questions/1459295,,,,,,,,,1,true,28.45,False,
1459299,2024-08-19T17:06:23.361735Z,2024-08-19,en-US,troubleshooting,pdfjs;tbbeta;troubleshooting;,martin416,130.0b1 (64-bit) Release notes - PDFViewer.JS NOT WORKING,https://support.mozilla.org/questions/1459299,,,,,,,,,1,true,0.18,False,
1459304,2024-08-19T17:25:55.765062Z,2024-08-19,en-US,calendar,calendar;troubleshootingdetailsmissing;,corover,Calendar lost?,https://support.mozilla.org/questions/1459304,os:windows,,,,,,,,8,true,79.72,False,
1459306,2024-08-19T18:07:32.628689Z,2024-08-19,es,troubleshooting,troubleshooting;,ferdocs961,thunderbird se cierra solo,https://support.mozilla.org/questions/1459306,,,,,m:yahooemail,,,av:defender,0,false,,False,
1459307,2024-08-19T18:10:19.152041Z,2024-08-19,en-US,calendar,calendar;notathunderbirdproblem;,hahevam539,Create calendar event from email?,https://support.mozilla.org/questions/1459307,,,,,,,,,1,true,1.08,False,
1459309,2024-08-19T18:11:34.275080Z,2024-08-19,en-US,settings,keyboardshortcuts;notathunderbirdproblem;customize-settings-and-preferences;,IanDoughy,next & previous email,https://support.mozilla.org/questions/1459309,,,,,,,,,1,true,27.1,False,
1459325,2024-08-19T20:11:01.836099Z,2024-08-19,en-US,settings,troubleshootingdetailsmissing;customize-settings-and-preferences;vcf;,BjornEnemark,VCF is set as standard,https://support.mozilla.org/questions/1459325,,,,,,,,,0,false,,False,
1459326,2024-08-19T20:30:49.447749Z,2024-08-19,en-US,troubleshooting,spectrum;troubleshooting;probablynotathunderbirdproblem;rrcom;,rbaldwin2,Installing Thunderbird,https://support.mozilla.org/questions/1459326,,,,,m:microsoftemail,isp:spectrum,,,0,false,,False,
1459327,2024-08-19T20:41:43.653810Z,2024-08-19,en-US,other,other;notathunderbirdproblem;,hawkinsinvestment,how can I get this account on my cell phone?,https://support.mozilla.org/questions/1459327,,,,,,,,,1,true,0.47,False,
1459335,2024-08-19T20:58:34.484943Z,2024-08-19,en-US,troubleshooting,tbcrash;troubleshootingdetailsmissing;troubleshooting;bug1891962;tb128crash;,jackmcgann,128.1.0 Nebula crash overnight every night.,https://support.mozilla.org/questions/1459335,,,,,,,,,6,true,172.85,False,
1459344,2024-08-19T22:15:51.283413Z,2024-08-19,en-US,troubleshooting,troubleshootingdetailsmissing;troubleshooting;cox;notathunderbirdproblem;,sharyn.felton,Cannot receive or send email,https://support.mozilla.org/questions/1459344,,,,,m:yahooemail,isp:cox,,,1,false,,False,
1459346,2024-08-19T22:32:51.768831Z,2024-08-19,en-US,other,other;troubleshootingdetailsmissing;quickfilterbar;,klebowski,Problem,https://support.mozilla.org/questions/1459346,os:windows,,,,,,,,0,false,,False,
1459350,2024-08-19T23:10:17.938336Z,2024-08-19,en-US,other,other;sumo-kb;notathunderbirdproblem;addressbook;mailinglist;kboutofdate;,dianebc22,How do I create a new mailing list in thunderbird?,https://support.mozilla.org/questions/1459350,,,,,,,,,1,true,3.32,False,
1459351,2024-08-19T23:28:12.576883Z,2024-08-19,en-US,other,other;troubleshootingdetailsmissing;,whatmail454,Bad version.  Possible to rollback?,https://support.mozilla.org/questions/1459351,,,,,,,,,0,false,,False,
1459356,2024-08-20T00:11:39.511743Z,2024-08-20,en-US,troubleshooting,troubleshooting;,ger123,cannot receive email,https://support.mozilla.org/questions/1459356,,,,,,isp:spectrum,,,3,true,2.18,False,
1459361,2024-08-20T00:40:22.318674Z,2024-08-20,en-US,other,other;,belaflom,missing email accounts. Not listed anymore.,https://support.mozilla.org/questions/1459361,,,,,,,,,0,false,,False,
1459368,2024-08-20T01:59:47.994214Z,2024-08-20,en-US,settings,customize-settings-and-preferences;,g.radtke,Changing Email view,https://support.mozilla.org/questions/1459368,,,,,,,,,1,true,0.29,False,
1459369,2024-08-20T02:04:22.752007Z,2024-08-20,en-US,settings,customize-settings-and-preferences;,dasmit,Sending emails(or replying to them)cannot save before sending them,https://support.mozilla.org/questions/1459369,,,,,,,,,0,false,,False,
1459371,2024-08-20T02:46:30.378196Z,2024-08-20,en-US,other,other;,midwest1,Can not recive emails or send emails,https://support.mozilla.org/questions/1459371,,,,,,,,,1,false,,False,
1459372,2024-08-20T03:03:46.611801Z,2024-08-20,en-US,troubleshooting,troubleshooting;,viking2,IMAP Messages Keeps Downloading (Syncing),https://support.mozilla.org/questions/1459372,os:windows,,,,m:gmail,,proto:imap,,0,false,,False,
1459381,2024-08-20T04:26:18.948113Z,2024-08-20,en-US,calendar,calendar;,diane_hintz,Need to see my Thunderbird calendar on my phone,https://support.mozilla.org/questions/1459381,,,,,,,,,0,false,,False,
1459385,2024-08-20T05:10:37.995773Z,2024-08-20,pt-BR,settings,customize-settings-and-preferences;,celso.mitidieri,Autenticação de acesso OAuth do Thunderbird ao Gmail,https://support.mozilla.org/questions/1459385,,,,,m:gmail,,proto:oauth,,0,false,,False,
1459393,2024-08-20T06:51:18.347496Z,2024-08-20,en-US,other,other;,urikatrina,email account,https://support.mozilla.org/questions/1459393,,,,,,,,,0,false,,False,
1459395,2024-08-20T07:02:34.602968Z,2024-08-20,en-US,troubleshooting,troubleshooting;,anders.hanberg1,The send button is gone,https://support.mozilla.org/questions/1459395,,,,,,,,,2,true,5.63,False,
1459398,2024-08-20T07:31:27.672762Z,2024-08-20,en-US,troubleshooting,troubleshooting;,eric.hansdeka78,saya tidak dapat menambahkan email microsoft ke thunderbird,https://support.mozilla.org/questions/1459398,,,,,m:microsoftemail,,proto:imap,,1,false,,False,
1459402,2024-08-20T08:18:13.895549Z,2024-08-20,it,other,other;needsinfo;,promichi93,CONSERVAZIONE MAIL SU POSTA IN ARRIVO,https://support.mozilla.org/questions/1459402,,,,,m:microsoftemail,,,,7,true,0.17,False,
1459405,2024-08-20T08:37:26.908407Z,2024-08-20,en-US,settings,customize-settings-and-preferences;,firefox.iverson,custom preview pane headers,https://support.mozilla.org/questions/1459405,,,,,,,,,1,true,9.83,True,sfhowes
1459411,2024-08-20T09:18:38.852099Z,2024-08-20,en-US,troubleshooting,troubleshooting;,Davoleit,Invisible emails,https://support.mozilla.org/questions/1459411,,,,,m:gmail,,proto:pop,,0,false,,False,
1459415,2024-08-20T09:40:21.298804Z,2024-08-20,en-US,troubleshooting,troubleshooting;,65patriot,"one of my two Email acccounts has stopped working, and I don't know how to reset it",https://support.mozilla.org/questions/1459415,,,,,,isp:btinternet,,,0,false,,False,
1459416,2024-08-20T09:51:35.514733Z,2024-08-20,it,calendar,calendar;,angelomen,Non iesco ad eliminare il calendario di yahoo,https://support.mozilla.org/questions/1459416,,,,,m:yahooemail,,,,4,true,0.04,True,'@next
1459419,2024-08-20T10:00:54.909907Z,2024-08-20,en-US,installation-and-updates,install-and-update;,peters.up40,Thunderbird,https://support.mozilla.org/questions/1459419,,,,,,isp:tonline,,,1,false,,True,peters.up40
1459422,2024-08-20T10:06:51.602331Z,2024-08-20,en-US,settings,customize-settings-and-preferences;,jeff150,How can I totally disable Thunderbird's junk filtering?,https://support.mozilla.org/questions/1459422,os:linux,,,,,,,,10,true,0.79,False,
1459426,2024-08-20T11:18:24.406636Z,2024-08-20,en-US,troubleshooting,troubleshooting;,mike767,Lost emails after compacting,https://support.mozilla.org/questions/1459426,,,,,,,,,3,true,154.41,False,
1459427,2024-08-20T11:35:01.332829Z,2024-08-20,en-US,other,other;,madara5,Latest Nebula update,https://support.mozilla.org/questions/1459427,,,,,,,,,3,true,0.18,True,ThePillenwerfer
1459428,2024-08-20T11:46:16.748258Z,2024-08-20,en-US,settings,customize-settings-and-preferences;,pridmoreyvonne,saved messages in folders not being saved,https://support.mozilla.org/questions/1459428,,,,,,,,,0,false,,False,
1459429,2024-08-20T11:55:20.596401Z,2024-08-20,cs,troubleshooting,troubleshooting;,naty.horka6,Thunderbird,https://support.mozilla.org/questions/1459429,,,,,,,,,1,true,18.89,False,
1459435,2024-08-20T12:32:23.837054Z,2024-08-20,en-US,other,other;,johnmackin,Thunderbird Garbling Email,https://support.mozilla.org/questions/1459435,,,,,,,,,1,false,,False,
1459437,2024-08-20T12:35:14.727351Z,2024-08-20,es,troubleshooting,troubleshooting;,pedroriveravalencia,Mensajes con contenido raro,https://support.mozilla.org/questions/1459437,,,,,,,,,0,false,,False,
1459438,2024-08-20T12:45:15.420810Z,2024-08-20,en-US,troubleshooting,troubleshooting;,Kemet,Thunderbird stopped working,https://support.mozilla.org/questions/1459438,,,,,,,,,0,false,,False,
1459442,2024-08-20T13:15:59.537700Z,2024-08-20,en-US,troubleshooting,troubleshooting;tb115crash;,doreen.fedrigo,TB 115 crashes [@ OOM | small ] every time I open it SOLVED by updating to 128,https://support.mozilla.org/questions/1459442,,,,,,,,,3,true,152.41,True,wsmwk
1459444,2024-08-20T13:28:00.473650Z,2024-08-20,en-US,troubleshooting,troubleshooting;,jlhart68,"What is ""System Handler"" and why does it not find my LibreOffice, Evince and other applications for opening files?",https://support.mozilla.org/questions/1459444,,,,,,,,,0,false,,False,
1459445,2024-08-20T13:31:26.129644Z,2024-08-20,nl,settings,customize-settings-and-preferences;,ppgbilars,chromebook onlangs gecrasht,https://support.mozilla.org/questions/1459445,,,,,,,,,1,true,15.98,False,
1459450,2024-08-20T13:46:26.148348Z,2024-08-20,it,other,other;needsinfo;,silviob,Thunderbird e account hotmail.com e outlook.it,https://support.mozilla.org/questions/1459450,,,,,m:gmail;m:microsoftemail,,,,1,true,0.46,False,
1459451,2024-08-20T13:55:21.534399Z,2024-08-20,en-US,troubleshooting,troubleshooting;,bkelham,unable to view message body on desktop PC but can on my phone,https://support.mozilla.org/questions/1459451,,,,,,,,,0,false,,False,
1459452,2024-08-20T13:59:06.983273Z,2024-08-20,en-US,settings,customize-settings-and-preferences;,djk88829v7,configuring Outlook accounts,https://support.mozilla.org/questions/1459452,,,,,m:microsoftemail,,,,0,false,,False,
1459459,2024-08-20T14:53:21.939619Z,2024-08-20,en-US,troubleshooting,troubleshooting;,Sarek,Maximum Capacity?,https://support.mozilla.org/questions/1459459,,,,,,,,,1,true,0.06,False,
1459461,2024-08-20T14:56:50.425940Z,2024-08-20,en-US,troubleshooting,troubleshooting;,jhahn2018,Thunderbird Speed,https://support.mozilla.org/questions/1459461,,,,,,,,,0,false,,False,
1459463,2024-08-20T14:57:30.931862Z,2024-08-20,en-US,settings,customize-settings-and-preferences;,martypa,Next/Previous Buttons,https://support.mozilla.org/questions/1459463,,,,,,,,,1,true,1.14,False,
1459465,2024-08-20T15:02:32.726611Z,2024-08-20,en-US,troubleshooting,troubleshooting;,bam11,Move messages folder to folder triggering message filter,https://support.mozilla.org/questions/1459465,,,,,,,,,0,false,,False,
1459470,2024-08-20T15:15:58.489103Z,2024-08-20,en-US,other,other;,leli.blom,Outlook account,https://support.mozilla.org/questions/1459470,,,,,m:microsoftemail,,,,3,true,0.09,False,
1459471,2024-08-20T15:27:41.682357Z,2024-08-20,it,troubleshooting,needsinfo;troubleshooting;,bkr8pxfmjw,"thunderbird non visualizza email lette, solo su un account",https://support.mozilla.org/questions/1459471,,,,,,,,,1,true,0.05,False,
1459480,2024-08-20T16:17:17.696594Z,2024-08-20,en-US,other,other;,todd72,Inconsistent line/paragraph breaks in HTML formatted email,https://support.mozilla.org/questions/1459480,,,,,m:microsoftemail,,,,1,true,0.4,False,
1459483,2024-08-20T16:27:34.036815Z,2024-08-20,en-US,installation-and-updates,install-and-update;,malcolm43,My emails on my Apple iPhone.,https://support.mozilla.org/questions/1459483,,,,,,,,,0,false,,False,
1459485,2024-08-20T16:47:08.642061Z,2024-08-20,en-US,settings,customize-settings-and-preferences;,pradeep3,iCloud and Google calendars and contacts sync via Thunderbird,https://support.mozilla.org/questions/1459485,,,,,m:microsoftemail,,,,0,false,,False,
1459486,2024-08-20T16:47:57.115132Z,2024-08-20,en-US,troubleshooting,troubleshooting;,oisin.kelly.wild,Sent email doesn't copy to folder of the message being replied to.,https://support.mozilla.org/questions/1459486,,,,,,,proto:imap,,1,true,17.31,False,
1459492,2024-08-20T17:16:41.901670Z,2024-08-20,it,other,other;,rubengennaio,Istallazione tunderbig nel cellulare grazie,https://support.mozilla.org/questions/1459492,,,,,m:gmail,,,,1,true,0.32,False,
1459494,2024-08-20T17:28:46.363608Z,2024-08-20,en-US,troubleshooting,troubleshooting;,kjmarti2451,Email,https://support.mozilla.org/questions/1459494,,,,,,,,,0,false,,False,
1459496,2024-08-20T17:36:24.557908Z,2024-08-20,en-US,troubleshooting,troubleshooting;,pbrixey41,EMail Body text is unreadable,https://support.mozilla.org/questions/1459496,os:windows,,,,m:gmail,,,,0,false,,False,
1459498,2024-08-20T17:49:14.526928Z,2024-08-20,en-US,settings,customize-settings-and-preferences;,RobertMcCarter,Basic automatic formatting,https://support.mozilla.org/questions/1459498,,,,,,,,,1,true,1.47,False,
1459499,2024-08-20T17:54:42.707397Z,2024-08-20,en-US,other,other;,depotsbyjohn25,Emails won't send,https://support.mozilla.org/questions/1459499,,,,,m:gmail,,proto:smtp,,1,true,0.15,False,
1459502,2024-08-20T18:06:16.420301Z,2024-08-20,en-US,troubleshooting,troubleshooting;,mobbs,email has disappeared from my computer,https://support.mozilla.org/questions/1459502,,,,,,,,,0,false,,False,
1459503,2024-08-20T18:12:40.231441Z,2024-08-20,en-US,troubleshooting,troubleshooting;,neil.baron.1139,Two Identical TBird Windows Open,https://support.mozilla.org/questions/1459503,os:windows,,,,,,,,0,false,,False,
1459506,2024-08-20T18:27:18.615439Z,2024-08-20,en-US,troubleshooting,troubleshooting;,BHaugenSnS,Why are emails I've deleted or sorted returning to my inbox?,https://support.mozilla.org/questions/1459506,,,,,m:gmail,,proto:imap,,3,true,0.12,False,
1459508,2024-08-20T18:33:58.367368Z,2024-08-20,it,installation-and-updates,install-and-update;,rubengennaio,Istallazione android grazie,https://support.mozilla.org/questions/1459508,,,,,,,,,1,true,10.46,False,
1459509,2024-08-20T18:34:33.812588Z,2024-08-20,en-US,other,other;,don_b,Another win.dat issue but different,https://support.mozilla.org/questions/1459509,,,,,,,,,0,false,,False,
1459511,2024-08-20T18:38:36.724716Z,2024-08-20,it,installation-and-updates,install-and-update;,rubengennaio,Istallazione tunderbig su cellulare Android,https://support.mozilla.org/questions/1459511,,,,,,,,,1,true,10.39,False,
1459513,2024-08-20T18:53:30.164649Z,2024-08-20,en-US,settings,customize-settings-and-preferences;,WA8SIE,Did you get my previous question about problems with Optimum.net?,https://support.mozilla.org/questions/1459513,,,,,,isp:optimum,,,6,true,2.11,False,
1459516,2024-08-20T19:06:33.979740Z,2024-08-20,en-US,other,other;,Pete393,Imported mail messages are empty,https://support.mozilla.org/questions/1459516,,,,,,,,,9,true,0.75,True,davidsk
1459517,2024-08-20T19:10:53.006992Z,2024-08-20,en-US,settings,customize-settings-and-preferences;,rabel380915,Outgoing e-mail format,https://support.mozilla.org/questions/1459517,,,,,,,,,4,true,0.66,False,
1459520,2024-08-20T19:32:30.484463Z,2024-08-20,it,other,other;needsinfo;,sdeldosso,ricezione email,https://support.mozilla.org/questions/1459520,,,,,,,,,1,true,9.66,False,
1459522,2024-08-20T19:50:59.246579Z,2024-08-20,pt-BR,other,other;,fiscal.lucasal,Gerenciador de e-mail,https://support.mozilla.org/questions/1459522,,,,,,,,,0,false,,False,
1459530,2024-08-20T20:28:48.774373Z,2024-08-20,en-US,troubleshooting,troubleshooting;,Toolworker,Calendars in Thunderbird Disconnected,https://support.mozilla.org/questions/1459530,,,,,m:gmail,,,,0,false,,False,
1459534,2024-08-20T20:54:38.649916Z,2024-08-20,en-US,troubleshooting,troubleshooting;,leigh-a,Can no longer send or receive from COX-Yahoo Mail account,https://support.mozilla.org/questions/1459534,,,,,m:yahooemail,isp:cox,,,8,true,28.25,False,
1459535,2024-08-20T20:56:16.206981Z,2024-08-20,en-US,troubleshooting,troubleshooting;,rwg26,Message filters by 'from' failing on specific entries,https://support.mozilla.org/questions/1459535,,,,,,,,,0,false,,False,
1459537,2024-08-20T21:10:02.513528Z,2024-08-20,en-US,privacy-and-security,protect-your-privacy;,jmv5,Spam filter problem,https://support.mozilla.org/questions/1459537,,,,,,,,,0,false,,False,
1459538,2024-08-20T21:13:10.836607Z,2024-08-20,en-US,troubleshooting,troubleshooting;,snugles1313,"Thunder  Bird  demand a  pass  word , been a user for years ?",https://support.mozilla.org/questions/1459538,,,,,,,,,0,false,,False,
1459542,2024-08-20T21:38:01.357918Z,2024-08-20,en-US,troubleshooting,troubleshooting;,paolo,Thunderbird 128.1.0esr only work in troubleshoot mode,https://support.mozilla.org/questions/1459542,os:windows,,,,,,,,2,true,144.38,False,
1459558,2024-08-21T02:04:02.841396Z,2024-08-21,en-US,settings,customize-settings-and-preferences;,rauf.hammad,"How to ""Permanently"" save custom font changes in my computer",https://support.mozilla.org/questions/1459558,os:windows,,,,,,,,5,true,3.42,True,sfhowes
1459564,2024-08-21T04:16:28.150249Z,2024-08-21,en-US,troubleshooting,troubleshooting;,fhjensen,"90 year old pensioner here, Why do you keep asking for MORE money, also trick me with my donation in USA DOLLARS-WHEN I ",https://support.mozilla.org/questions/1459564,,,,,,,,,0,false,,False,
1459565,2024-08-21T04:26:08.197398Z,2024-08-21,en-US,troubleshooting,troubleshooting;,JudsonMcCranie,Problem with TB and Comcast password,https://support.mozilla.org/questions/1459565,,,,,,isp:comcast,,,2,false,,False,
1459566,2024-08-21T04:42:00.031462Z,2024-08-21,en-US,troubleshooting,needsinfo;troubleshooting;,slowgal,hotmail with thunderbird work i'm lost,https://support.mozilla.org/questions/1459566,,,,,m:microsoftemail,,proto:oauth,,3,true,7.49,False,
1459570,2024-08-21T05:20:00.621655Z,2024-08-21,en-US,troubleshooting,troubleshooting;,mraman.m,Thunderbird on windows freezes frequently after a few delete messages,https://support.mozilla.org/questions/1459570,,,,,,,,,5,true,12.5,True,mraman.m
1459571,2024-08-21T05:26:09.848861Z,2024-08-21,en-US,troubleshooting,troubleshooting;,nc-odendach,Delete collected E-Mail Adresses,https://support.mozilla.org/questions/1459571,os:macos,,,,,,,,6,true,6.8,False,
1459573,2024-08-21T05:41:41.904745Z,2024-08-21,en-US,troubleshooting,troubleshooting;,jandhvr,turn on the microphone,https://support.mozilla.org/questions/1459573,,,,,,,,,0,false,,False,
1459575,2024-08-21T05:52:20.652505Z,2024-08-21,en-US,other,other;,jimk.reid,incoming mail problems,https://support.mozilla.org/questions/1459575,,,,,,,,,0,false,,False,
1459580,2024-08-21T06:24:39.935337Z,2024-08-21,en-US,settings,customize-settings-and-preferences;,iwhitehu,How do I change the view on emails?,https://support.mozilla.org/questions/1459580,,,,,,,,,2,true,5.14,False,
1459582,2024-08-21T06:27:53.715660Z,2024-08-21,en-US,troubleshooting,troubleshooting;,jones.co,Import folders to Thunderbird,https://support.mozilla.org/questions/1459582,,,,,,,proto:imap,,3,true,4.89,False,
1459583,2024-08-21T06:28:35.688939Z,2024-08-21,en-US,other,other;,duhnel,Can't reinstall  Hotmail,https://support.mozilla.org/questions/1459583,,,,,m:microsoftemail,,proto:oauth,,1,false,,False,
1459584,2024-08-21T06:29:41.386167Z,2024-08-21,en-US,troubleshooting,troubleshooting;,fufu70,Problem z odbiorem poczty,https://support.mozilla.org/questions/1459584,os:windows,,,,,,,,0,false,,False,
1459586,2024-08-21T06:41:08.811877Z,2024-08-21,fi,privacy-and-security,protect-your-privacy;,eini.tornberg,Sähköpostin asetukset!,https://support.mozilla.org/questions/1459586,,,,,,,,,0,false,,False,
1459588,2024-08-21T06:54:25.277558Z,2024-08-21,en-US,troubleshooting,troubleshooting;,jakob.b,Severe performance/responsiveness decrease quicksearch 128.1.0esr (64-Bit) Nebula WIndows,https://support.mozilla.org/questions/1459588,os:windows,,,,,,proto:imap,,4,true,38.46,False,
1459590,2024-08-21T07:12:59.614001Z,2024-08-21,en-US,troubleshooting,troubleshooting;,smeenk55,folders,https://support.mozilla.org/questions/1459590,,,,,,,,,0,false,,False,
1459591,2024-08-21T07:25:10.576566Z,2024-08-21,it,troubleshooting,troubleshooting;,d.scorrano,"la posta certificata non funziona in uscita,con aruba, aruba diretta ok, la password e' valida cambiata da poco..",https://support.mozilla.org/questions/1459591,,,,,m:gmail,,proto:smtp,,1,true,3.83,False,
1459594,2024-08-21T07:57:59.829002Z,2024-08-21,en-US,calendar,calendar;,burteck,Searching for events,https://support.mozilla.org/questions/1459594,,,,,m:microsoftemail,,,,2,true,4.23,False,
1459595,2024-08-21T07:58:34.888772Z,2024-08-21,en-US,calendar,calendar;,burteck,wyszukiwanie w kalendarzu,https://support.mozilla.org/questions/1459595,,,,,m:microsoftemail,,,,1,true,10.67,False,
1459596,2024-08-21T08:01:08.893015Z,2024-08-21,it,troubleshooting,troubleshooting;,info11768,visualizzazione mail in arrivo,https://support.mozilla.org/questions/1459596,,,,,,,,,6,true,3.31,False,
1459601,2024-08-21T08:51:26.209426Z,2024-08-21,nl,privacy-and-security,protect-your-privacy;,jw13,"Bij Thunderbird-donatie via Paypal donatie vals doorgesluisd naar Ziggo - ik ben daar geen klant, wel 'een bedankje' gek",https://support.mozilla.org/questions/1459601,,,,,,,,,1,true,2.81,False,
1459602,2024-08-21T08:55:21.811672Z,2024-08-21,nl,settings,customize-settings-and-preferences;,luc.vervaeke,mails niet zichtbaar/blokkeert,https://support.mozilla.org/questions/1459602,,,,,,,,,0,false,,False,
1459603,2024-08-21T09:02:24.370908Z,2024-08-21,fi,troubleshooting,troubleshooting;,jorma.koskinen,valokuvien lähettäminen,https://support.mozilla.org/questions/1459603,,,,,,,,,0,false,,False,
1459605,2024-08-21T09:25:51.599004Z,2024-08-21,it,troubleshooting,needsinfo;troubleshooting;,mattia.lmtrasporti,emal inviata impossbile da aprire dopo l'invio,https://support.mozilla.org/questions/1459605,,,,,,,,,1,true,1.93,False,
1459611,2024-08-21T10:21:40.061774Z,2024-08-21,hu,settings,customize-settings-and-preferences;,csaszargyula1,Thunderbirdben postafiók jelszavának módosítását hogyan lehet megtenni?,https://support.mozilla.org/questions/1459611,,,,,,,,,1,true,9.75,True,meskobalazs
1459618,2024-08-21T11:45:53.087853Z,2024-08-21,en-US,troubleshooting,troubleshooting;,donsemmo,Thunderbird - Printing EMails,https://support.mozilla.org/questions/1459618,os:windows,,,,,,,,6,true,0.33,False,
1459623,2024-08-21T12:42:34.055303Z,2024-08-21,en-US,settings,customize-settings-and-preferences;,jeffrey13iap,Thunderbird 128 and Exchange Server For Contact Sync,https://support.mozilla.org/questions/1459623,,,,,,,,,2,true,5.86,True,sfhowes
1459626,2024-08-21T12:54:36.677586Z,2024-08-21,en-US,settings,customize-settings-and-preferences;,ahmedehab.2001,Finding an option in the account setting,https://support.mozilla.org/questions/1459626,,,,,,,,,1,true,0.11,False,
1459630,2024-08-21T13:29:21.075998Z,2024-08-21,en-US,other,other;,wa4zlw,delete tbird account still getting popup from google,https://support.mozilla.org/questions/1459630,,,,,,,proto:oauth,,3,false,,False,
1459639,2024-08-21T14:16:25.413956Z,2024-08-21,pt-BR,troubleshooting,troubleshooting;,ti10,Armazenamento,https://support.mozilla.org/questions/1459639,,,,,m:gmail,,,,0,false,,False,
1459641,2024-08-21T14:19:11.466545Z,2024-08-21,en-US,troubleshooting,troubleshooting;,robert417,reception of Gmail messages,https://support.mozilla.org/questions/1459641,,,,,m:gmail,,proto:oauth,,1,true,3.45,False,
1459644,2024-08-21T14:29:49.196728Z,2024-08-21,pt-BR,calendar,calendar;,allanalfieri10,Nao aparece a opcao de aceitar o convite,https://support.mozilla.org/questions/1459644,,,,,,,,,0,false,,False,
1459654,2024-08-21T15:06:31.149825Z,2024-08-21,en-US,troubleshooting,troubleshooting;,leigh-a,Can no longer send or receive from COX-Yahoo Mail account,https://support.mozilla.org/questions/1459654,,,,,m:yahooemail,isp:cox,,,0,false,,False,
1459655,2024-08-21T15:06:42.637682Z,2024-08-21,en-US,troubleshooting,troubleshooting;,leigh-a,Can no longer send or receive from COX-Yahoo Mail account,https://support.mozilla.org/questions/1459655,,,,,m:yahooemail,isp:cox,,,0,false,,False,
1459656,2024-08-21T15:06:57.538316Z,2024-08-21,en-US,troubleshooting,troubleshooting;,leigh-a,Can no longer send or receive from COX-Yahoo Mail account,https://support.mozilla.org/questions/1459656,,,,,m:yahooemail,isp:cox,,,0,false,,False,
1459658,2024-08-21T15:14:18.663789Z,2024-08-21,en-US,troubleshooting,troubleshooting;,leigh-a,Can no longer send or receive from COX-Yahoo Mail account,https://support.mozilla.org/questions/1459658,,,,,m:yahooemail,isp:cox,,,1,true,0.22,False,
1459660,2024-08-21T15:22:49.661357Z,2024-08-21,en-US,troubleshooting,troubleshooting;,khq0660,"Cannot open Thunderbird.  Get Crash Message ""Details: The application did not identify itself""",https://support.mozilla.org/questions/1459660,,,,,,,,,4,true,126.55,True,khq0660
1459663,2024-08-21T15:38:33.273355Z,2024-08-21,en-US,troubleshooting,troubleshooting;,getzl,Incoming emails stopped today on a Thunderbird linked account. Using 128.1.0esr and imap account indicated certificate n,https://support.mozilla.org/questions/1459663,,,,,,,proto:imap,,3,true,2.09,False,
1459670,2024-08-21T16:00:06.355803Z,2024-08-21,en-US,installation-and-updates,install-and-update;,rissotto1,"Thunderbird crashed all time, but ""unable to submit a report for this crash""",https://support.mozilla.org/questions/1459670,os:windows,,,,,,,,2,true,141.65,False,
1459671,2024-08-21T16:28:44.112851Z,2024-08-21,en-US,calendar,calendar;,grosshillel,How can you get rid of those annoying messages that pop up all the time?,https://support.mozilla.org/questions/1459671,,,,,,,,,0,false,,False,
1459678,2024-08-21T17:29:25.560175Z,2024-08-21,es,troubleshooting,troubleshooting;,jaqsabog,"me tarda en cargar el programa y no va a las bandejas de entrada, salida, etc.",https://support.mozilla.org/questions/1459678,,,,,,,,,0,false,,False,
1459682,2024-08-21T17:58:57.970881Z,2024-08-21,en-US,settings,customize-settings-and-preferences;,loftyven,Emails: Won't open normally,https://support.mozilla.org/questions/1459682,,,,,,,,,0,false,,False,
1459685,2024-08-21T18:17:38.348827Z,2024-08-21,it,other,other;,info11775,posta inviata a gmail va in spam,https://support.mozilla.org/questions/1459685,,,,,m:gmail,,,,3,true,11.32,False,
1459686,2024-08-21T18:24:53.951740Z,2024-08-21,en-US,troubleshooting,troubleshooting;,kampuschk,Profile disappeared after update,https://support.mozilla.org/questions/1459686,,,,,,,,,3,true,1.14,True,davidsk
1459689,2024-08-21T19:03:15.652095Z,2024-08-21,en-US,calendar,needsinfo;calendar;,duhnel,Colorizing events,https://support.mozilla.org/questions/1459689,,,,,,,,,4,true,1.59,True,sfhowes
1459694,2024-08-21T19:25:48.414924Z,2024-08-21,es,settings,customize-settings-and-preferences;,fjfalcons,Migration mail to other mail software,https://support.mozilla.org/questions/1459694,,,,,m:microsoftemail,,,,0,false,,False,
1459698,2024-08-21T19:46:30.807702Z,2024-08-21,en-US,other,other;,kbrick66,"When composing or forwarding an email, can't see the subject after typing it in.",https://support.mozilla.org/questions/1459698,,,,,,,,,1,false,,True,kbrick66
1459699,2024-08-21T20:03:53.948794Z,2024-08-21,en-US,troubleshooting,troubleshooting;,pgrundy,Thunderbird triggering ISP spam filter on send,https://support.mozilla.org/questions/1459699,os:linux,,,,,,proto:smtp;proto:pop,,2,true,0.35,True,pgrundy
1459700,2024-08-21T20:05:01.086819Z,2024-08-21,en-US,troubleshooting,troubleshooting;,JonathanWexler,Thunderbird becoming unusable since adding an Outlook pop account,https://support.mozilla.org/questions/1459700,,,,,m:microsoftemail,isp:comcast,proto:pop;proto:oauth,,8,true,0.27,False,
1459706,2024-08-21T20:33:50.786578Z,2024-08-21,en-US,settings,customize-settings-and-preferences;,rabel380915,Forwarding an E-Mail,https://support.mozilla.org/questions/1459706,,,,,m:yahooemail,isp:rogers,proto:smtp,,1,true,3.64,False,
1459707,2024-08-21T20:37:16.149292Z,2024-08-21,en-US,settings,customize-settings-and-preferences;,Zais,Turn off email notifications on certain accounts,https://support.mozilla.org/questions/1459707,,,,,,,,,1,true,3.55,False,
1459713,2024-08-21T21:45:09.579912Z,2024-08-21,en-US,troubleshooting,troubleshooting;,ericf,Thunderbird 18.1.0esr,https://support.mozilla.org/questions/1459713,os:windows,,,,,,,,0,false,,False,
1459717,2024-08-21T22:23:38.003408Z,2024-08-21,en-US,other,other;,diegodad,Weird operation of Filter function in v. 128.1.0,https://support.mozilla.org/questions/1459717,,,,,,,,,2,true,1.74,False,
1459720,2024-08-21T23:06:29.854206Z,2024-08-21,en-US,settings,customize-settings-and-preferences;,duhnel,Colorize Inbox header??,https://support.mozilla.org/questions/1459720,,,,,,,,,1,true,0.88,False,
1459722,2024-08-21T23:21:47.095031Z,2024-08-21,en-US,troubleshooting,troubleshooting;,apjones58,sending emails in Thunderbird,https://support.mozilla.org/questions/1459722,,,,,,isp:comcast,,,1,true,0.68,False,
1459724,2024-08-21T23:22:58.182563Z,2024-08-21,en-US,calendar,calendar;,em2jacks,Changing event organizer in Calendar (Thunderbird Lightning extension),https://support.mozilla.org/questions/1459724,,,,,,,,,0,false,,False,
1459728,2024-08-22T00:55:48.736451Z,2024-08-22,en-US,settings,customize-settings-and-preferences;,rayandrews,vertical lines in replies,https://support.mozilla.org/questions/1459728,,,,,,,,,4,true,53.76,False,
1459732,2024-08-22T01:37:37.939573Z,2024-08-22,en-US,troubleshooting,troubleshooting;,migalehanson,128.1.0esr (64-bit) Only downloads 1-3 emails at a time,https://support.mozilla.org/questions/1459732,,,,,,,,,8,true,25.52,False,
1459741,2024-08-22T04:24:53.018764Z,2024-08-22,en-US,troubleshooting,troubleshooting;,builtinbc,Mismatch between old and current POP e-mail account name ?causing message filtering to fail - Tbird for Mac,https://support.mozilla.org/questions/1459741,,,,,,,proto:pop,,0,false,,False,
1459743,2024-08-22T04:44:37.977204Z,2024-08-22,en-US,other,other;,ismail.soudi,One o365 account not working,https://support.mozilla.org/questions/1459743,os:linux,,,,m:microsoftemail,,,,0,false,,False,
1459745,2024-08-22T05:03:05.765714Z,2024-08-22,en-US,other,other;,lavanyadeepak,Weird Data Corruption. Subject in Preview mismatches with Actual Content of the Message.,https://support.mozilla.org/questions/1459745,os:linux,,,,,,,,0,false,,False,
1459746,2024-08-22T05:55:10.270637Z,2024-08-22,en-US,troubleshooting,troubleshooting;,win.wrbailey,"when adding gmail to thundebird, I have the configuration and click done to provide my gmail permissions, and all I get ",https://support.mozilla.org/questions/1459746,,,,,m:gmail,,,,1,false,,False,
1459748,2024-08-22T06:40:04.509329Z,2024-08-22,en-US,installation-and-updates,install-and-update;,keith222,nebula is slow,https://support.mozilla.org/questions/1459748,,,,,,,,,1,true,114.82,False,
1459751,2024-08-22T07:02:54.036830Z,2024-08-22,sr,troubleshooting,troubleshooting;,gilebovan.agrosava,Thunderbird shows different email content than original,https://support.mozilla.org/questions/1459751,,,,,,,,,0,false,,False,
1459755,2024-08-22T07:42:14.240075Z,2024-08-22,es,troubleshooting,troubleshooting;,pablo34,I can´t  read my emails after compact,https://support.mozilla.org/questions/1459755,,,,,,,,,0,false,,False,
1459756,2024-08-22T07:47:09.040236Z,2024-08-22,en-US,installation-and-updates,install-and-update;,hilkka.karimo,Account doesn't send emails,https://support.mozilla.org/questions/1459756,,,,,m:gmail,,proto:smtp,,5,true,8.96,False,
1459758,2024-08-22T08:02:31.580464Z,2024-08-22,nl,settings,customize-settings-and-preferences;,cor.assa.1960,"Kan berichten niet meer direct lezen, moet dubbel klikken",https://support.mozilla.org/questions/1459758,,,,,,,,,1,true,22.18,False,
1459762,2024-08-22T08:21:13.755083Z,2024-08-22,it,troubleshooting,troubleshooting;,MARCOVISONA,Problema lettura messaggi posta in arrivo,https://support.mozilla.org/questions/1459762,,,,,m:gmail,,proto:imap,,8,true,0.2,True,MARCOVISONA
1459764,2024-08-22T08:32:29.262679Z,2024-08-22,it,calendar,calendar;,info11778,Ricerca di tutti gli eventi nel calendario Thunderbird,https://support.mozilla.org/questions/1459764,,,,,,,,,7,true,6.3,False,
1459768,2024-08-22T08:59:45.861867Z,2024-08-22,en-US,troubleshooting,troubleshooting;,Davoleit,Emails become invisible and unselectable when marked read and moved to a folder,https://support.mozilla.org/questions/1459768,,,,,m:gmail,,proto:pop,,7,true,78.07,True,MattAuSupport
1459769,2024-08-22T09:08:55.926243Z,2024-08-22,en-US,troubleshooting,troubleshooting;,lisa.western,Email,https://support.mozilla.org/questions/1459769,,,,,,,proto:smtp,,0,false,,False,
1459771,2024-08-22T09:11:00.364924Z,2024-08-22,en-US,installation-and-updates,install-and-update;,honiton,Complete loss of Emails !!,https://support.mozilla.org/questions/1459771,os:windows,,,,,,,,0,false,,False,
1459772,2024-08-22T09:34:28.996788Z,2024-08-22,en-US,other,other;,RedXIII,Porting just emails and calendar entries to new Thunderbird profile?,https://support.mozilla.org/questions/1459772,,,,,,,,,0,false,,False,
1459773,2024-08-22T09:45:49.052998Z,2024-08-22,nl,settings,customize-settings-and-preferences;,smet_marc,berichtenfilters werken niet,https://support.mozilla.org/questions/1459773,,,,,,,,,0,false,,False,
1459776,2024-08-22T10:11:56.259625Z,2024-08-22,en-US,other,other;,glynij,Thunderbird Supernova,https://support.mozilla.org/questions/1459776,,,,,,,,,1,true,17.17,False,
1459777,2024-08-22T10:13:06.060508Z,2024-08-22,en-US,troubleshooting,troubleshooting;,jlbazi,Primary password,https://support.mozilla.org/questions/1459777,,,,,,,,,1,true,0.98,False,
1459781,2024-08-22T10:38:28.389477Z,2024-08-22,en-US,troubleshooting,troubleshooting;,jlewis1,"T/bird Print Dialog says Printing, but it does not print.",https://support.mozilla.org/questions/1459781,,,,,,,,,2,true,16.69,False,
1459783,2024-08-22T10:43:00.088793Z,2024-08-22,en-US,other,other;,videv77,Problems with thunderbird,https://support.mozilla.org/questions/1459783,,,,,,,,,0,false,,False,
1459785,2024-08-22T11:06:35.125932Z,2024-08-22,en-US,installation-and-updates,install-and-update;,markurzawski,Thunderbird,https://support.mozilla.org/questions/1459785,,,,,m:gmail,,,,1,true,0.16,False,
1459786,2024-08-22T11:11:44.670422Z,2024-08-22,en-US,other,other;,avwade,email,https://support.mozilla.org/questions/1459786,,,,,,,,,0,false,,False,
1459787,2024-08-22T11:11:46.064489Z,2024-08-22,en-US,troubleshooting,troubleshooting;,day2757,Cox/Yahoo mail log in,https://support.mozilla.org/questions/1459787,,,,,m:yahooemail,isp:cox,,av:malwarebytes;av:sophos,1,false,,False,
1459788,2024-08-22T11:18:08.769803Z,2024-08-22,en-US,other,other;,janet.eaton,"Mozilla Thunderbird email acct using ""live.com""",https://support.mozilla.org/questions/1459788,,,,,m:microsoftemail,,proto:imap,,1,true,0.34,False,
1459789,2024-08-22T11:21:00.890591Z,2024-08-22,en-US,settings,customize-settings-and-preferences;,toxi22,"When creating a filter, add the ability to create a folder if it has not been created in advance",https://support.mozilla.org/questions/1459789,,,,,,,,,1,true,0.31,False,
1459791,2024-08-22T11:45:32.170271Z,2024-08-22,en-US,installation-and-updates,install-and-update;,weber-achim,"On a new laptop, ""Login to the server failed. The configuration, user name or password may not be correct.""",https://support.mozilla.org/questions/1459791,,,,,,,,,1,true,106.5,False,
1459792,2024-08-22T11:49:43.050565Z,2024-08-22,en-US,troubleshooting,troubleshooting;,randymobley65,Email Address,https://support.mozilla.org/questions/1459792,,,,,,,,,3,true,1.48,False,
1459793,2024-08-22T12:19:46.690658Z,2024-08-22,en-US,other,other;,shashakoekje,Bluk save to adress book,https://support.mozilla.org/questions/1459793,,,,,,,,,1,true,4.31,False,
1459794,2024-08-22T12:42:56.617550Z,2024-08-22,en-US,installation-and-updates,install-and-update;,Apostoł,"How to install Thunderbird 128 ""Nebula"" from the PPA?",https://support.mozilla.org/questions/1459794,,,,,,,,,1,true,105.52,False,
1459796,2024-08-22T13:18:09.917549Z,2024-08-22,pt-BR,troubleshooting,troubleshooting;,informatica31,Alguns emails da caixa de entrada estão em branco,https://support.mozilla.org/questions/1459796,,,,,,,,,0,false,,False,
1459797,2024-08-22T13:25:26.543734Z,2024-08-22,en-US,troubleshooting,troubleshooting;,morvorenmermaid,Help retrieve my account and password/create new one,https://support.mozilla.org/questions/1459797,,,,,,,,,1,true,2.63,False,
1459798,2024-08-22T13:36:05.200084Z,2024-08-22,en-US,installation-and-updates,install-and-update;,ponyone,Thunderbird 128.1.0esr (64-bit) freezing,https://support.mozilla.org/questions/1459798,,,,,m:gmail,,,,7,true,47.0,False,
1459800,2024-08-22T13:37:58.182409Z,2024-08-22,en-US,settings,customize-settings-and-preferences;,jc69,I just cant get the threaded message order right. Tried other settings already,https://support.mozilla.org/questions/1459800,,,,,,,,,0,false,,False,
1459802,2024-08-22T13:39:00.784822Z,2024-08-22,en-US,settings,customize-settings-and-preferences;,martypa,Manual Collection of Email,https://support.mozilla.org/questions/1459802,,,,,,,,,1,true,0.04,False,
1459803,2024-08-22T13:45:42.653655Z,2024-08-22,en-US,other,other;,KuchleiT,Email address lists,https://support.mozilla.org/questions/1459803,,,,,,,,,0,false,,False,
1459808,2024-08-22T14:06:52.931475Z,2024-08-22,en-US,troubleshooting,troubleshooting;,morvorenmermaid,Creating a new password help please,https://support.mozilla.org/questions/1459808,,,,,,,,,1,true,13.17,False,
1459811,2024-08-22T14:18:02.265481Z,2024-08-22,en-US,troubleshooting,troubleshooting;,gvahee,Old mails appear empty,https://support.mozilla.org/questions/1459811,os:windows,,,,,,,,9,true,6.65,False,
1459815,2024-08-22T15:02:04.021136Z,2024-08-22,en-US,troubleshooting,troubleshooting;,Kemet,Error with account,https://support.mozilla.org/questions/1459815,,,,,m:gmail,,proto:pop,,0,false,,False,
1459820,2024-08-22T15:24:58.161549Z,2024-08-22,en-US,troubleshooting,troubleshooting;,kamholzmarvels,thunderbird address book and search function,https://support.mozilla.org/questions/1459820,,,,,,,,,1,true,1.75,False,
1459822,2024-08-22T15:28:38.606763Z,2024-08-22,en-US,other,other;needsinfo;,mattsmith2040,Mobile app,https://support.mozilla.org/questions/1459822,,,,,,,,,4,true,0.43,False,
1459824,2024-08-22T15:30:24.422135Z,2024-08-22,en-US,other,other;,Kemet,incoming server already exists,https://support.mozilla.org/questions/1459824,,,,,,,,,1,true,11.74,False,
1459827,2024-08-22T15:36:54.595442Z,2024-08-22,en-US,troubleshooting,troubleshooting;,steve.social,Windows 11 doesn't return Thunderbird to size and position on KVM,https://support.mozilla.org/questions/1459827,os:windows,,,,,,,,1,false,,False,
1459828,2024-08-22T15:44:15.461025Z,2024-08-22,es,other,other;,ialagon,Duda sobre Compactar carpetas,https://support.mozilla.org/questions/1459828,,,,,,,,,0,false,,False,
1459829,2024-08-22T15:56:47.013373Z,2024-08-22,en-US,troubleshooting,troubleshooting;,karenmarkham,Error message: Unable to write email to the mailbox. I am not receiving emails. Seems stuck on a particular email. Can y,https://support.mozilla.org/questions/1459829,,,,,,,,,1,true,11.26,False,
1459831,2024-08-22T16:03:00.100180Z,2024-08-22,en-US,settings,customize-settings-and-preferences;,jeremy.robinsn,Purge Rules for Email in Thunderbird,https://support.mozilla.org/questions/1459831,,,,,,,,,1,true,1.04,False,
1459834,2024-08-22T16:08:11.193375Z,2024-08-22,en-US,settings,customize-settings-and-preferences;,Mark_UK,minimize Thunderbird to tray on clicking the close 'X' instead of closing,https://support.mozilla.org/questions/1459834,,,,,,,,,1,true,0.38,True,sfhowes
1459844,2024-08-22T16:57:38.382403Z,2024-08-22,it,installation-and-updates,needsinfo;install-and-update;,vic5058,AGGIUNTA ACCOUNT,https://support.mozilla.org/questions/1459844,,,,,m:gmail,,,,1,true,1.45,False,
1459845,2024-08-22T17:01:31.649447Z,2024-08-22,en-US,troubleshooting,troubleshooting;,eljar.tamm,Mails with attachments as long strings,https://support.mozilla.org/questions/1459845,,,,,m:gmail,,,,2,true,8.18,False,
1459851,2024-08-22T17:41:32.383744Z,2024-08-22,en-US,troubleshooting,troubleshooting;,Kemet,Cannot open my  Thunderbird email account,https://support.mozilla.org/questions/1459851,,,,,,,,,1,true,1.58,False,
1459853,2024-08-22T17:49:40.238248Z,2024-08-22,en-US,troubleshooting,troubleshooting;,lac11,Mailing List turns red with yellow triangle,https://support.mozilla.org/questions/1459853,os:windows,,,,,,,,1,true,9.36,False,
1459855,2024-08-22T18:10:15.354723Z,2024-08-22,en-US,settings,customize-settings-and-preferences;,macsmechanical,password,https://support.mozilla.org/questions/1459855,,,,,,,,,1,true,6.99,False,
1459856,2024-08-22T18:10:26.090188Z,2024-08-22,en-US,troubleshooting,troubleshooting;,user398,Missing Option to Download Images and Remote Content,https://support.mozilla.org/questions/1459856,,,,,,,,,3,true,0.49,True,davidsk
1459857,2024-08-22T18:23:54.733980Z,2024-08-22,en-US,troubleshooting,troubleshooting;,ruggb,thunderbird won't open links in emails,https://support.mozilla.org/questions/1459857,,,,,,,,,1,true,6.72,False,
1459864,2024-08-22T18:51:10.289228Z,2024-08-22,en-US,troubleshooting,needsinfo;troubleshooting;,emarklw,Thunderbird 128.1: Cannot Sort/Move Recipients from TO to BCC and Back,https://support.mozilla.org/questions/1459864,,,,,,,,,2,true,1.97,False,
1459869,2024-08-22T19:09:15.692199Z,2024-08-22,en-US,other,other;,edsbongo,"I want to move some important sentimental emails to my external hard drive, and I want to save them as documents. Is tha",https://support.mozilla.org/questions/1459869,,,,,,,,,4,true,0.29,True,davidsk
1459871,2024-08-22T19:14:37.146912Z,2024-08-22,en-US,email-and-messaging,desktop;windows-10;troubleshooting;firefox-1290;firefox-12902;,johnk.mchugh,mail account setup in Thunderbird,https://support.mozilla.org/questions/1459871,os:windows,Windows 10,,,m:yahooemail,,proto:pop,,1,true,5.87,False,
1459872,2024-08-22T19:16:47.421737Z,2024-08-22,en-US,other,other;,jcom111,"3 way sync of contacts between gamil, MSN, and thunderbird?",https://support.mozilla.org/questions/1459872,,,,,m:microsoftemail,,,,1,true,5.78,False,
1459879,2024-08-22T20:06:16.431477Z,2024-08-22,pt-BR,troubleshooting,troubleshooting;,ros.tecinfo,Diferença de hora em convites entre Thunderbird e Outlook,https://support.mozilla.org/questions/1459879,,,,,m:microsoftemail,isp:att,,,1,false,,False,
1459881,2024-08-22T20:11:54.685596Z,2024-08-22,en-US,other,other;,gator1gw,download mbox file,https://support.mozilla.org/questions/1459881,,,,,,,,,1,true,4.8,False,
1459882,2024-08-22T20:12:41.021626Z,2024-08-22,es,other,other;,receptivod261,Etiquetas en Thunderbird,https://support.mozilla.org/questions/1459882,,,,,,,proto:imap,,0,false,,False,
1459883,2024-08-22T20:31:36.552851Z,2024-08-22,en-US,installation-and-updates,needsinfo;install-and-update;,tomvn1970,Changing Thunderbird version,https://support.mozilla.org/questions/1459883,,,,,,,,,4,true,2.4,False,
1459886,2024-08-22T21:29:12.584363Z,2024-08-22,it,troubleshooting,needsinfo;troubleshooting;,n.gennari76,CANCELLAZIONE MAIL,https://support.mozilla.org/questions/1459886,,,,,,,,,3,true,8.78,False,
1459889,2024-08-22T21:54:18.056629Z,2024-08-22,it,settings,needsinfo;customize-settings-and-preferences;,alessio5,Visualizzare nome completo in posta inviata,https://support.mozilla.org/questions/1459889,,,,,,,,,1,true,8.44,False,
1459892,2024-08-22T22:00:27.511493Z,2024-08-22,en-US,privacy-and-security,protect-your-privacy;,uncleporge,how do I logout,https://support.mozilla.org/questions/1459892,,,,,,,,,1,true,3.02,False,
1459893,2024-08-22T22:01:49.614525Z,2024-08-22,en-US,troubleshooting,troubleshooting;,addiebrown,"my email address addiebrown@shaw.ca, i can receive emails but I cannot sent or forward any emails, how do I fix this pro",https://support.mozilla.org/questions/1459893,,,,,,isp:shaw,,,1,true,3.0,False,
1459895,2024-08-22T22:27:47.477046Z,2024-08-22,en-US,settings,customize-settings-and-preferences;,ou410a,How to add delete trashcan to mail list (next to star),https://support.mozilla.org/questions/1459895,,,,,m:microsoftemail,,,,1,true,6.17,False,
1459897,2024-08-22T22:49:46.002505Z,2024-08-22,es,troubleshooting,troubleshooting;,abel.sanchez.ferchegas,Hora incorrecta en correos de bandeja de salida.,https://support.mozilla.org/questions/1459897,,,,,,,,,0,false,,False,
1459898,2024-08-22T22:49:53.520652Z,2024-08-22,en-US,installation-and-updates,install-and-update;,Jim459,Recovery from B/U before importing from Yahoo,https://support.mozilla.org/questions/1459898,,,,,m:yahooemail,,proto:pop,,0,false,,False,
1459899,2024-08-22T23:05:20.699200Z,2024-08-22,en-US,troubleshooting,troubleshooting;,nandplevy,"I am not receiving all my emails , one was an etransfer, where are they ? also all my e-transfers have one name",https://support.mozilla.org/questions/1459899,,,,,,,,,0,false,,False,
1459902,2024-08-22T23:19:33.506292Z,2024-08-22,en-US,troubleshooting,troubleshooting;,Melissa31,Lost Address Books  Lost addresses Lost Emails   August   22 2024  Is Mozilla closing?,https://support.mozilla.org/questions/1459902,,,,,,,,,0,false,,False,
1459906,2024-08-23T00:27:10.371329Z,2024-08-23,en-US,troubleshooting,troubleshooting;,rjay2725,Spam showing up in in box,https://support.mozilla.org/questions/1459906,,,,,,,,,1,true,0.45,False,
1459914,2024-08-23T03:06:10.219626Z,2024-08-23,en-US,installation-and-updates,install-and-update;,christopher.wood11,lost folders and files,https://support.mozilla.org/questions/1459914,,,,,,,,,0,false,,False,
1459918,2024-08-23T03:36:54.782943Z,2024-08-23,en-US,troubleshooting,troubleshooting;,zfhanna,Cannot reveive nor send email,https://support.mozilla.org/questions/1459918,os:windows,,,,m:gmail,,proto:smtp,,1,true,22.86,False,
1459921,2024-08-23T04:11:40.476913Z,2024-08-23,en-US,other,other;,enodio,How to archive a Local folder and subfolders?,https://support.mozilla.org/questions/1459921,,,,,m:gmail,,proto:pop,,1,true,24.31,False,
1459928,2024-08-23T05:49:06.347051Z,2024-08-23,it,settings,customize-settings-and-preferences;,leogioffre,Sincronizzazione server/Thunderbird,https://support.mozilla.org/questions/1459928,,,,,,,proto:imap,,2,true,0.55,False,
1459931,2024-08-23T06:01:21.291758Z,2024-08-23,en-US,settings,customize-settings-and-preferences;,kamholzmarvels,New York Times,https://support.mozilla.org/questions/1459931,,,,,m:gmail,,,,1,true,0.76,False,
1459932,2024-08-23T06:02:46.728960Z,2024-08-23,en-US,other,other;,old_nic,attaching a previous email to a reply to an email,https://support.mozilla.org/questions/1459932,,,,,,,,,3,true,0.34,False,
1459941,2024-08-23T07:25:39.296009Z,2024-08-23,fi,troubleshooting,troubleshooting;,matti.saulamaa,Viestien sisältö hukassa,https://support.mozilla.org/questions/1459941,,,,,,,,,0,false,,False,
1459942,2024-08-23T07:31:22.398355Z,2024-08-23,en-US,settings,customize-settings-and-preferences;,info11784,Email redirect or,https://support.mozilla.org/questions/1459942,,,,,,,,,3,true,4.3,False,
1459944,2024-08-23T07:37:39.396521Z,2024-08-23,nl,installation-and-updates,install-and-update;,d.verstraete,Icloud account toevoegen bij Thunderbird,https://support.mozilla.org/questions/1459944,,,,,,,proto:caldav,,0,false,,False,
1459945,2024-08-23T07:39:04.804517Z,2024-08-23,it,installation-and-updates,install-and-update;,isacostanzi,Estensione della memoria nella nostra mail,https://support.mozilla.org/questions/1459945,,,,,,,,,1,true,0.21,False,
1459947,2024-08-23T07:54:07.830295Z,2024-08-23,en-US,troubleshooting,troubleshooting;,GarfsField,Thunderbird on Linux forwarding to alias on localhost ignores nsswitch.conf settings,https://support.mozilla.org/questions/1459947,os:linux,,,,,,proto:smtp,,1,true,18.41,False,
1459948,2024-08-23T08:02:42.630450Z,2024-08-23,en-US,troubleshooting,troubleshooting;,gilbertbarnatt522,e mail hacked yesterday,https://support.mozilla.org/questions/1459948,,,,,,,,,1,true,4.14,False,
1459949,2024-08-23T08:21:19.858476Z,2024-08-23,en-US,other,other;,maah1,linjeafstand når man skriver mail?,https://support.mozilla.org/questions/1459949,,,,,,,,,1,true,2.55,False,
1459950,2024-08-23T08:23:21.453314Z,2024-08-23,it,other,other;,nicdaddy,allegato pdf non visibile,https://support.mozilla.org/questions/1459950,os:windows,,,,m:gmail,,,,1,true,0.73,False,
1459954,2024-08-23T08:54:22.224793Z,2024-08-23,en-US,troubleshooting,troubleshooting;,Puglady,Localhost connection,https://support.mozilla.org/questions/1459954,,,,,m:yahooemail,,proto:imap;proto:oauth,,4,true,17.21,True,Toad-Hall
1459955,2024-08-23T09:08:08.061426Z,2024-08-23,it,installation-and-updates,install-and-update;,dir.lullibrico,Con il novo aggiornamento non vedo più le cartelle locali,https://support.mozilla.org/questions/1459955,,,,,,,,,10,true,0.05,False,
1459956,2024-08-23T09:16:17.079678Z,2024-08-23,en-US,troubleshooting,troubleshooting;,milosz.gorecki,The content of messages in the inbox or in the sent folder disappears.,https://support.mozilla.org/questions/1459956,os:windows,,,,,,,,6,true,17.17,False,
1459958,2024-08-23T09:35:17.231948Z,2024-08-23,en-US,other,other;,daysofbeingmild,email status error,https://support.mozilla.org/questions/1459958,,,,,,,,,1,true,16.84,False,
1459960,2024-08-23T09:41:13.462038Z,2024-08-23,it,other,other;needsinfo;,dome.tarri52,Richiesta di aiuto,https://support.mozilla.org/questions/1459960,,,,,,,,,1,true,0.17,False,
1459964,2024-08-23T10:19:32.121329Z,2024-08-23,en-US,troubleshooting,troubleshooting;,craigpatterson041,password,https://support.mozilla.org/questions/1459964,,,,,,,,,1,true,7.05,False,
1459966,2024-08-23T10:41:00.988263Z,2024-08-23,en-US,troubleshooting,troubleshooting;,pawel.kaemde,login denied,https://support.mozilla.org/questions/1459966,,,,,,,,,1,true,3.36,False,
1459967,2024-08-23T10:47:17.610715Z,2024-08-23,en-US,other,other;,foxyjm,Latest TB v.128 won't receive messages,https://support.mozilla.org/questions/1459967,,,,,,,,,2,true,17.5,False,
1459968,2024-08-23T10:52:15.114954Z,2024-08-23,en-US,calendar,calendar;,HerbEppel,All Events option missing for Thunderbird 128 calendar searches,https://support.mozilla.org/questions/1459968,,,,,,,,,4,true,1.73,False,
1459972,2024-08-23T11:22:41.503401Z,2024-08-23,en-US,troubleshooting,troubleshooting;,jakymaky,i have lost the contents of my inbox folders,https://support.mozilla.org/questions/1459972,,,,,,,,,0,false,,False,
1459975,2024-08-23T11:51:47.263628Z,2024-08-23,en-US,troubleshooting,troubleshooting;,trevortarbox,Emails,https://support.mozilla.org/questions/1459975,,,,,,,,,1,true,5.1,False,
1459977,2024-08-23T12:04:54.309418Z,2024-08-23,en-US,other,other;,papergate,how to pick an email name and set up,https://support.mozilla.org/questions/1459977,,,,,,,,,1,true,2.34,False,
1459980,2024-08-23T12:37:07.739408Z,2024-08-23,en-US,other,other;,dale303w,Two Profiles on the Windows 11 Taskbar,https://support.mozilla.org/questions/1459980,os:windows,,,,,,,,2,true,2.89,False,
1459981,2024-08-23T12:50:28.372902Z,2024-08-23,en-US,other,other;,dbjlk,Lost commands,https://support.mozilla.org/questions/1459981,,,,,,,,,0,false,,False,
1459982,2024-08-23T12:57:40.630868Z,2024-08-23,en-US,other,other;,marcopolocentar,Remainder for avaiting reply,https://support.mozilla.org/questions/1459982,,,,,,,,,1,true,4.79,False,
1459983,2024-08-23T13:05:34.617443Z,2024-08-23,nl,troubleshooting,troubleshooting;,zeldenrijk,Wachtwoorden e-mail accounts,https://support.mozilla.org/questions/1459983,,,,,,,,,1,true,67.21,False,
1459986,2024-08-23T13:18:25.690583Z,2024-08-23,en-US,other,other;,osctean,thunderbird delete folders at will and randomly. folder remains at source,https://support.mozilla.org/questions/1459986,,,,,,,,,0,false,,False,
1459987,2024-08-23T13:21:36.938062Z,2024-08-23,nl,troubleshooting,troubleshooting;,rob247,conversaties uitzetten thunderbird,https://support.mozilla.org/questions/1459987,,,,,,,,,1,true,66.92,False,
1459988,2024-08-23T13:33:25.645983Z,2024-08-23,en-US,troubleshooting,troubleshooting;,bednarczyk.ers,unable to send emails,https://support.mozilla.org/questions/1459988,,,,,,,proto:smtp,,1,true,14.7,False,
1459990,2024-08-23T13:36:12.250494Z,2024-08-23,en-US,other,other;,bchapin,"Emails not properly displayed, all code no graphics. Similar to junk mail.",https://support.mozilla.org/questions/1459990,,,,,,,,,1,true,3.82,False,
1459995,2024-08-23T14:10:35.134880Z,2024-08-23,fi,troubleshooting,troubleshooting;,svenerik.nylund,Arkisto,https://support.mozilla.org/questions/1459995,,,,,,,,,0,false,,False,
1459997,2024-08-23T14:21:12.326549Z,2024-08-23,tr,troubleshooting,troubleshooting;,yusuf.avci,Sunucu Hata Mesajları,https://support.mozilla.org/questions/1459997,,,,,m:microsoftemail,,,,4,true,1.6,True,maxcoder
1460003,2024-08-23T14:57:07.322539Z,2024-08-23,en-US,settings,customize-settings-and-preferences;,martypa,Turning off automatic email collection,https://support.mozilla.org/questions/1460003,,,,,,,,,1,true,4.66,False,
1460005,2024-08-23T15:08:25.786671Z,2024-08-23,en-US,troubleshooting,troubleshooting;,tiresias,TB finds my profile but behaves like a new installation,https://support.mozilla.org/questions/1460005,,,,,,,,,2,true,2.52,False,
1460007,2024-08-23T15:27:40.121390Z,2024-08-23,en-US,settings,customize-settings-and-preferences;,martypa,text composition line spacing,https://support.mozilla.org/questions/1460007,,,,,,,,,1,true,0.08,False,
1460012,2024-08-23T16:12:14.638807Z,2024-08-23,en-US,troubleshooting,troubleshooting;,mediat,Sent mail,https://support.mozilla.org/questions/1460012,,,,,,,,,3,true,16.42,True,mediat
1460019,2024-08-23T17:32:21.488923Z,2024-08-23,en-US,troubleshooting,troubleshooting;,wallcityrocker,Thunderbird sometimes fails to retrieve emails,https://support.mozilla.org/questions/1460019,os:windows,,,,,,,,4,true,15.07,False,
1460022,2024-08-23T17:39:44.474227Z,2024-08-23,en-US,troubleshooting,troubleshooting;,berndcwolff,Thunderbird,https://support.mozilla.org/questions/1460022,,,,,,,,,4,true,2.37,False,
1460024,2024-08-23T18:06:54.180027Z,2024-08-23,nl,troubleshooting,troubleshooting;,tonvandervossen,Conversaties,https://support.mozilla.org/questions/1460024,,,,,,,,,3,true,62.05,False,
1460028,2024-08-23T18:14:25.402493Z,2024-08-23,en-US,privacy-and-security,protect-your-privacy;,panamaps,alert,https://support.mozilla.org/questions/1460028,,,,,,,,,1,true,7.78,False,
1460029,2024-08-23T18:17:38.648011Z,2024-08-23,en-US,troubleshooting,troubleshooting;,jstone002,System crash?,https://support.mozilla.org/questions/1460029,,,,,,,,,1,true,14.29,False,
1460032,2024-08-23T18:32:42.191530Z,2024-08-23,en-US,calendar,calendar;,loisbarber847,cannot download mor send email,https://support.mozilla.org/questions/1460032,,,,,,,,,1,true,14.02,False,
1460033,2024-08-23T18:51:08.365527Z,2024-08-23,en-US,troubleshooting,troubleshooting;,vickidouglas37,Thunderbird email not working properly,https://support.mozilla.org/questions/1460033,,,,,,,,,1,true,9.38,False,
1460040,2024-08-23T19:22:01.573075Z,2024-08-23,en-US,settings,customize-settings-and-preferences;,TAA204,Cursor color,https://support.mozilla.org/questions/1460040,,,,,,,,,3,true,0.19,True,sfhowes
1460041,2024-08-23T19:25:19.505170Z,2024-08-23,en-US,other,other;,bns3483,No Messages Displaying in Inbox,https://support.mozilla.org/questions/1460041,,,,,,,,,2,true,786.97,True,bns3483
1460043,2024-08-23T19:34:11.680593Z,2024-08-23,en-US,other,other;,leyens,Thunderbird email access,https://support.mozilla.org/questions/1460043,,,,,,,,,0,false,,False,
1460044,2024-08-23T19:49:39.900992Z,2024-08-23,en-US,troubleshooting,troubleshooting;,rohe1318,TB stops responding and then resumes...,https://support.mozilla.org/questions/1460044,os:windows,,,,m:gmail,,proto:pop;proto:oauth,av:defender,5,true,8.9,False,
1460047,2024-08-23T20:11:59.069267Z,2024-08-23,en-US,other,other;,lionelholt,drag/drop image inline not working anymore in nebula 128.1.0esr,https://support.mozilla.org/questions/1460047,os:linux,,,,,,,,7,true,7.7,True,lionelholt
1460050,2024-08-23T20:37:01.163765Z,2024-08-23,en-US,troubleshooting,troubleshooting;,jdecrist,Thunderbird will not load new mail after recent Windows 10 update,https://support.mozilla.org/questions/1460050,os:windows,,,,,,,,8,true,7.25,False,
1460054,2024-08-23T20:51:58.927611Z,2024-08-23,en-US,other,other;,leoman1,Bringing in Outlook emails into Thunderbird,https://support.mozilla.org/questions/1460054,,,,,m:microsoftemail,,,,1,true,2.98,False,
1460056,2024-08-23T21:41:03.998807Z,2024-08-23,en-US,settings,customize-settings-and-preferences;,kiwibeaver,Printing pdf,https://support.mozilla.org/questions/1460056,,,,,,,,,0,false,,False,
1460057,2024-08-23T21:51:08.700807Z,2024-08-23,en-US,other,other;,mondalealex,Cloud based contact sync,https://support.mozilla.org/questions/1460057,,,,,m:microsoftemail;m:yahooemail,,proto:carddav,,2,true,5.61,True,mondalealex
1460059,2024-08-23T21:54:49.254887Z,2024-08-23,en-US,installation-and-updates,install-and-update;,smethurstjenny1,Can I havd someone to help me bring my emails up. Have been tri,https://support.mozilla.org/questions/1460059,,,,,,,,,1,true,5.88,False,
1460062,2024-08-23T22:22:55.034630Z,2024-08-23,en-US,other,other;,catlover4ever100,New Microsoft Security Requirements,https://support.mozilla.org/questions/1460062,,,,,,,,,1,true,3.43,False,
1460063,2024-08-23T22:57:20.479436Z,2024-08-23,en-US,other,other;,don1mh,"Can't send or receive email, lost almost everything in Inbox",https://support.mozilla.org/questions/1460063,os:linux,,,,,,,,1,true,4.9,False,
1460068,2024-08-23T23:34:48.632685Z,2024-08-23,en-US,troubleshooting,troubleshooting;,smethurstjenny1,Receiving emails. Have only received from Thunderbird,https://support.mozilla.org/questions/1460068,,,,,,,,,1,true,4.48,False,
1460071,2024-08-24T00:15:24.447070Z,2024-08-24,en-US,other,other;,9v04dxj7,Lost access to Trash folder in Thunderbird,https://support.mozilla.org/questions/1460071,,,,,,,,,0,false,,False,
1460072,2024-08-24T00:58:54.519970Z,2024-08-24,es,troubleshooting,troubleshooting;,jjpp070588,Add my Gmail Calendar to Thunderbird desktop,https://support.mozilla.org/questions/1460072,,,,,m:gmail,,,,0,false,,False,
1460075,2024-08-24T01:44:49.775396Z,2024-08-24,en-US,troubleshooting,troubleshooting;,OzSteveC,Email has disappeared,https://support.mozilla.org/questions/1460075,,,,,m:microsoftemail,,,,1,false,,True,OzSteveC
1460082,2024-08-24T03:06:51.393634Z,2024-08-24,en-US,other,other;,brashley461,Some of my messages in gmail are showing up as Apple Mail codes instead of messages.  I am running Thunderbird 128.1 esr,https://support.mozilla.org/questions/1460082,os:linux,,,,m:gmail,,,,1,true,0.65,False,
1460089,2024-08-24T04:58:46.290866Z,2024-08-24,en-US,troubleshooting,troubleshooting;,martypa,Suddenly folders are only showing unread messages,https://support.mozilla.org/questions/1460089,,,,,,,,,1,true,3.56,False,
1460093,2024-08-24T05:41:11.094416Z,2024-08-24,en-US,troubleshooting,troubleshooting;,e34,Cannot open emails after Windows Onedrive Sync.,https://support.mozilla.org/questions/1460093,,,,,,,,,0,false,,False,
1460094,2024-08-24T05:50:52.445329Z,2024-08-24,cs,installation-and-updates,install-and-update;,charlieiv3,přenesení do nověho počítače,https://support.mozilla.org/questions/1460094,,,,,,,,,2,true,1.73,False,
1460100,2024-08-24T06:34:41.448964Z,2024-08-24,en-US,other,other;,catlover4ever100,Changing method of authentication,https://support.mozilla.org/questions/1460100,,,,,,,proto:oauth,,2,true,1.93,True,MattAuSupport
1460104,2024-08-24T07:58:24.362660Z,2024-08-24,it,other,other;,peopleinside,Problema con messaggi non letti quando eliminati e non letti,https://support.mozilla.org/questions/1460104,,,,,,,,,5,true,1.05,True,peopleinside
1460105,2024-08-24T08:00:36.859385Z,2024-08-24,nl,privacy-and-security,protect-your-privacy;,vandriel.sport,spammap legen,https://support.mozilla.org/questions/1460105,,,,,,,,,1,true,48.1,False,
1460106,2024-08-24T08:01:29.254583Z,2024-08-24,en-US,other,other;,peopleinside,Thunderbird issue with unread deleted messages,https://support.mozilla.org/questions/1460106,,,,,,,,,2,true,0.37,True,peopleinside
1460109,2024-08-24T09:15:45.881637Z,2024-08-24,en-US,troubleshooting,troubleshooting;,ivanwarner247,when I try to send email as ivanwarner247@outlook.com I get message that IVANWARNER247@OUTLOOK.COM can't email as ivanwa,https://support.mozilla.org/questions/1460109,,,,,m:microsoftemail,,,,0,false,,False,
1460115,2024-08-24T10:16:18.728091Z,2024-08-24,en-US,troubleshooting,troubleshooting;,wgijse,Html code mailto is not working anymore in received html messages,https://support.mozilla.org/questions/1460115,os:windows,,,,,,,,5,true,19.83,False,
1460120,2024-08-24T10:51:04.006526Z,2024-08-24,en-US,troubleshooting,troubleshooting;,gkaruk1,"IMAP account in Thunderbird, some sync leave on server and some remove form email server, why?",https://support.mozilla.org/questions/1460120,,,,,,,proto:imap,,0,false,,False,
1460122,2024-08-24T10:56:46.440231Z,2024-08-24,en-US,troubleshooting,troubleshooting;,berthorne,Thunderbird,https://support.mozilla.org/questions/1460122,,,,,,,,,0,false,,False,
1460123,2024-08-24T11:00:52.499161Z,2024-08-24,en-US,troubleshooting,troubleshooting;,nickhar2016,Email setup,https://support.mozilla.org/questions/1460123,,,,,m:yahooemail,,,,0,false,,False,
1460124,2024-08-24T11:23:53.689721Z,2024-08-24,es,other,other;,craos666h,guardar información de Messenger,https://support.mozilla.org/questions/1460124,,,,,,,,,0,false,,False,
1460131,2024-08-24T12:47:41.484612Z,2024-08-24,es,troubleshooting,troubleshooting;,cemvcp362,Filtros no funcionan,https://support.mozilla.org/questions/1460131,,,,,,,,,0,false,,False,
1460132,2024-08-24T12:58:39.104807Z,2024-08-24,en-US,settings,customize-settings-and-preferences;,KARL_TAUSCHEN,T-BIRD 128.,https://support.mozilla.org/questions/1460132,,,,,,,,,1,true,3.02,False,
1460136,2024-08-24T13:07:40.795639Z,2024-08-24,en-US,troubleshooting,troubleshooting;,mozmos,Server name to amend... I cannot find it!,https://support.mozilla.org/questions/1460136,,,,,,,proto:imap;proto:smtp;proto:pop,,5,true,2.27,True,Toad-Hall
1460137,2024-08-24T13:09:05.725385Z,2024-08-24,nl,troubleshooting,troubleshooting;,xipeng,Mail-inhoud wordt in Thunderbird niet weergegeven,https://support.mozilla.org/questions/1460137,,,,,,,,,0,false,,False,
1460138,2024-08-24T13:35:58.445305Z,2024-08-24,en-US,installation-and-updates,install-and-update;,Pamela245,importing just account settings to new laptop,https://support.mozilla.org/questions/1460138,os:windows,,,,,,,,2,true,2.04,False,
1460140,2024-08-24T13:49:30.346488Z,2024-08-24,en-US,other,other;,pawan.sharma1@aavas.in,Login,https://support.mozilla.org/questions/1460140,,,,,,,,,1,true,13.02,False,
1460141,2024-08-24T13:50:36.929725Z,2024-08-24,en-US,troubleshooting,troubleshooting;,barreto.mauricio,Quick search very slow!,https://support.mozilla.org/questions/1460141,,,,,,,,,1,true,117.76,False,
1460142,2024-08-24T13:51:35.476568Z,2024-08-24,en-US,troubleshooting,troubleshooting;,gafiske,slow when sending emails 20-40 seconds.,https://support.mozilla.org/questions/1460142,,,,,m:gmail,,,,8,true,12.97,False,
1460148,2024-08-24T14:08:18.693560Z,2024-08-24,en-US,troubleshooting,troubleshooting;,ed137,Delayed dowload on log-in,https://support.mozilla.org/questions/1460148,,,,,m:microsoftemail;m:yahooemail,,,,0,false,,False,
1460149,2024-08-24T14:20:50.344644Z,2024-08-24,en-US,troubleshooting,troubleshooting;,rcandler,"""Moving Thunderbird data to a new computer"" can't get it to work",https://support.mozilla.org/questions/1460149,os:linux,,,,,,,,7,true,15.7,True,Toad-Hall
1460151,2024-08-24T14:26:03.505016Z,2024-08-24,en-US,settings,customize-settings-and-preferences;,jlhart68,"Place indicator is 15 characters long, it should be one, how do I change it?",https://support.mozilla.org/questions/1460151,,,,,,,,,0,false,,False,
1460158,2024-08-24T15:23:44.051751Z,2024-08-24,en-US,troubleshooting,troubleshooting;,hardedge,Deleted messages,https://support.mozilla.org/questions/1460158,os:windows,,,,,,,,0,false,,False,
1460161,2024-08-24T15:33:41.408032Z,2024-08-24,en-US,troubleshooting,troubleshooting;,slthompson2756,I keep getting a login failed since I changed my password. I am on apple devices and it works when I sign into iCloud bu,https://support.mozilla.org/questions/1460161,,,,,,,,,0,false,,False,
1460164,2024-08-24T15:52:26.029617Z,2024-08-24,en-US,troubleshooting,troubleshooting;,paul94,Thunderbird is polling a deleted folder via IMAP/GMail,https://support.mozilla.org/questions/1460164,,,,,m:gmail,,proto:imap,,0,false,,False,
1460165,2024-08-24T15:59:51.625418Z,2024-08-24,en-US,other,other;,Annie-Bright,Attachments in emails,https://support.mozilla.org/questions/1460165,,,,,,,,,1,true,0.11,False,
1460171,2024-08-24T16:29:32.018382Z,2024-08-24,en-US,troubleshooting,troubleshooting;,mainspeaker,Lost emails,https://support.mozilla.org/questions/1460171,,,,,,,,,5,true,3.68,False,
1460173,2024-08-24T17:11:48.566579Z,2024-08-24,en-US,troubleshooting,troubleshooting;,paulpost,Unwanted attachment (photo),https://support.mozilla.org/questions/1460173,,,,,,,,,1,true,9.11,False,
1460177,2024-08-24T18:03:57.659199Z,2024-08-24,nl,troubleshooting,troubleshooting;,chris.debeer,Probleem op één account mail verzenden en binnenhalen Thunderbird,https://support.mozilla.org/questions/1460177,,,,,m:gmail;m:microsoftemail,,,,1,true,38.01,False,
1460178,2024-08-24T18:07:48.098781Z,2024-08-24,en-US,troubleshooting,troubleshooting;,dave321,INBOX broken - accidentally did something - now everything automatically redirects to JUNK,https://support.mozilla.org/questions/1460178,os:macos,,,,,,,,1,true,7.28,False,
1460182,2024-08-24T18:30:10.958271Z,2024-08-24,en-US,troubleshooting,troubleshooting;,jdwon,thundebird,https://support.mozilla.org/questions/1460182,,,,,,,,,1,true,6.88,False,
1460183,2024-08-24T18:52:17.282397Z,2024-08-24,en-US,calendar,calendar;,junkfilter,Recurring events based on Business days.,https://support.mozilla.org/questions/1460183,,,,,,,,,0,false,,False,
1460190,2024-08-24T19:56:28.051586Z,2024-08-24,en-US,troubleshooting,troubleshooting;,pedro50,All i want is  a password for Thunderbird,https://support.mozilla.org/questions/1460190,,,,,,,,,7,true,5.44,False,
1460195,2024-08-24T20:24:10.703406Z,2024-08-24,en-US,troubleshooting,troubleshooting;,caroGlou9815,Failure of addresses to self-complete when composing e-mails after changing some unrelated mail settings.,https://support.mozilla.org/questions/1460195,os:windows,,,,,,,,0,false,,False,
1460196,2024-08-24T20:50:07.350948Z,2024-08-24,en-US,other,other;,bluey42,Does my profile cover all my email accounts,https://support.mozilla.org/questions/1460196,,,,,,,,,1,true,4.51,False,
1460202,2024-08-24T21:22:26.014885Z,2024-08-24,en-US,troubleshooting,troubleshooting;,thayes1943,thunderbird folder display does not show files that appear in a SEARCH of the folder,https://support.mozilla.org/questions/1460202,,,,,,,,,0,false,,False,
1460203,2024-08-24T21:26:04.378056Z,2024-08-24,en-US,troubleshooting,troubleshooting;,smethurstjenny1,Not receiving emails,https://support.mozilla.org/questions/1460203,,,,,,,proto:pop,,1,true,3.9,False,
1460207,2024-08-24T21:58:42.279746Z,2024-08-24,en-US,settings,customize-settings-and-preferences;,ssprinz2,Thunderbird on Win10,https://support.mozilla.org/questions/1460207,os:windows,,,,m:microsoftemail,,,,7,true,3.33,False,
1460209,2024-08-24T22:05:59.701757Z,2024-08-24,en-US,troubleshooting,troubleshooting;,MarjaE,I Can't Set Up Email in Thunderbird,https://support.mozilla.org/questions/1460209,,,,,,,proto:oauth,,1,false,,True,MarjaE
1460214,2024-08-24T22:29:58.797239Z,2024-08-24,en-US,settings,customize-settings-and-preferences;,qc8524,Change account download order,https://support.mozilla.org/questions/1460214,,,,,,,,,1,true,3.08,False,
1460218,2024-08-25T00:10:15.114088Z,2024-08-25,en-US,troubleshooting,troubleshooting;,rod50,Thunderbird 115.13.0 (64 Bit) ... Panel Fonts Are Too Small ...,https://support.mozilla.org/questions/1460218,,,,,,,,,3,true,1.01,True,MattAuSupport
1460222,2024-08-25T00:59:40.177688Z,2024-08-25,en-US,calendar,calendar;,BPaul_H,Edit Single Calendar Event - Send and Close,https://support.mozilla.org/questions/1460222,,,,,,,,,0,false,,False,
1460224,2024-08-25T01:13:59.695888Z,2024-08-25,en-US,troubleshooting,troubleshooting;,dicbason,Thunderbird... receiving full emails on every email received,https://support.mozilla.org/questions/1460224,os:windows,,,,,isp:comcast,,,2,true,0.32,False,
1460227,2024-08-25T01:56:12.528361Z,2024-08-25,en-US,troubleshooting,troubleshooting;,BPaul_H,Thunderbird v115 - Snagit Can't Use PrintScreen Hotkey,https://support.mozilla.org/questions/1460227,,,,,,,,,3,true,0.81,False,
1460230,2024-08-25T03:19:02.440107Z,2024-08-25,en-US,other,other;,romadix,forgotten password,https://support.mozilla.org/questions/1460230,,,,,,,,,1,true,2.68,False,
1460237,2024-08-25T05:33:12.525884Z,2024-08-25,en-US,email-and-messaging,desktop;other;windows-10;firefox-1290;firefox-12902;,SmithyHouse,Very odd behaviour and cannot reset.,https://support.mozilla.org/questions/1460237,os:windows,Windows 10,,,,,,,10,true,12.05,True,sfhowes
1460239,2024-08-25T06:28:49.466548Z,2024-08-25,en-US,troubleshooting,troubleshooting;bug1908761;,Lynn.Kistler,Quick Filter Still extremely slow,https://support.mozilla.org/questions/1460239,,,,,,,,,6,true,11.04,False,
1460243,2024-08-25T06:50:53.304185Z,2024-08-25,en-US,troubleshooting,troubleshooting;,d.marino,cant read email messages they are all code it seems,https://support.mozilla.org/questions/1460243,,,,,m:gmail,,proto:imap;proto:smtp;proto:oauth,,2,true,9.6,True,d.marino
1460250,2024-08-25T07:52:14.386831Z,2024-08-25,en-US,troubleshooting,troubleshooting;bug1908761;,antonio.diguardo,Thunderbird 128.1.1esr quick filter is very very slow,https://support.mozilla.org/questions/1460250,os:windows,,,,,,,,2,true,9.6,False,
1460257,2024-08-25T09:23:42.770806Z,2024-08-25,nl,settings,customize-settings-and-preferences;,info11792,ik kan geen mails naar GMAIL adressen versturen.,https://support.mozilla.org/questions/1460257,,,,,m:gmail,,proto:smtp,,1,true,22.65,False,
1460260,2024-08-25T09:56:52.139635Z,2024-08-25,en-US,troubleshooting,troubleshooting;,cual1quiera,Lost email subfolders,https://support.mozilla.org/questions/1460260,os:linux,,,,,,,,0,false,,False,
1460261,2024-08-25T10:04:00.379360Z,2024-08-25,it,other,other;needsinfo;,schelafull@libero.it,non scarica la posta thunderbird,https://support.mozilla.org/questions/1460261,,,,,,,,,1,true,4.13,False,
1460266,2024-08-25T10:53:37.493095Z,2024-08-25,en-US,troubleshooting,troubleshooting;,mainspeaker,Lost emails,https://support.mozilla.org/questions/1460266,,,,,,,,,1,true,1.53,False,
1460267,2024-08-25T11:14:01.710153Z,2024-08-25,en-US,troubleshooting,troubleshooting;,todd55,Address Books in Contacts,https://support.mozilla.org/questions/1460267,,,,,,,,,2,true,5.17,False,
1460268,2024-08-25T11:16:35.126284Z,2024-08-25,en-US,troubleshooting,troubleshooting;,80mclarens,Lost emails,https://support.mozilla.org/questions/1460268,,,,,,,,,0,false,,False,
1460270,2024-08-25T11:56:47.233936Z,2024-08-25,en-US,settings,customize-settings-and-preferences;,colinfryer,Sender name incorrect,https://support.mozilla.org/questions/1460270,,,,,,,,,2,true,0.74,True,colinfryer
1460272,2024-08-25T12:10:44.488092Z,2024-08-25,nl,troubleshooting,troubleshooting;,cvandenheuvel,"mails kwijt, lege submappen",https://support.mozilla.org/questions/1460272,,,,,,,,,0,false,,False,
1460273,2024-08-25T12:15:03.365151Z,2024-08-25,nl,troubleshooting,troubleshooting;,cvandenheuvel,verdwenen emails terugkrijgen en behouden,https://support.mozilla.org/questions/1460273,,,,,,,,,0,false,,False,
1460277,2024-08-25T13:11:55.174685Z,2024-08-25,nl,troubleshooting,troubleshooting;,loek.gielen,repeterende melding / pop up,https://support.mozilla.org/questions/1460277,,,,,,,,,1,true,18.76,False,
1460283,2024-08-25T14:56:08.206372Z,2024-08-25,en-US,troubleshooting,troubleshooting;tbgmail;,gamin1,"Thunderbird 115 keeps re-subscribing to Gmail's ""All Mail""",https://support.mozilla.org/questions/1460283,,,,,m:gmail,,proto:imap,,2,true,0.06,False,
1460284,2024-08-25T14:57:08.918457Z,2024-08-25,en-US,other,other;,fernandodebenedictis,Adding accounts to Thunderbird's main one,https://support.mozilla.org/questions/1460284,,,,,,,,,1,true,1.42,False,
1460285,2024-08-25T15:01:45.961347Z,2024-08-25,cs,installation-and-updates,install-and-update;,altferdinand,Instalace Thunderbirdu po abgrejdu,https://support.mozilla.org/questions/1460285,,,,,,,,,1,true,17.67,False,
1460288,2024-08-25T15:16:19.217796Z,2024-08-25,en-US,installation-and-updates,install-and-update;,bosak34,Ver. 128 blank screen,https://support.mozilla.org/questions/1460288,,,,,,,,,2,true,31.59,False,
1460293,2024-08-25T16:07:16.948257Z,2024-08-25,en-US,troubleshooting,troubleshooting;,rs25,Login to server pop3 account,https://support.mozilla.org/questions/1460293,,,,,,,proto:pop,,3,true,1.29,False,
1460299,2024-08-25T16:58:41.195237Z,2024-08-25,en-US,troubleshooting,needsinfo;troubleshooting;,christinejohnson2,setting up email,https://support.mozilla.org/questions/1460299,os:windows,,,,m:gmail;m:microsoftemail,isp:verizon,,,8,true,0.22,True,sfhowes
1460310,2024-08-25T18:33:53.584438Z,2024-08-25,en-US,troubleshooting,troubleshooting;,MrsF,Search messages not working reliably,https://support.mozilla.org/questions/1460310,,,,,,,,,0,false,,False,
1460312,2024-08-25T18:43:48.426099Z,2024-08-25,nl,troubleshooting,troubleshooting;,a.froma,Nieuwe emails komen niet in de emailbox.,https://support.mozilla.org/questions/1460312,,,,,,,,,1,true,13.17,False,
1460319,2024-08-25T19:45:37.708902Z,2024-08-25,en-US,other,other;,michele.montague,Does deleting profile on one computer remove it from another?,https://support.mozilla.org/questions/1460319,,,,,,,proto:imap,,1,true,0.43,False,
1460321,2024-08-25T19:48:40.693156Z,2024-08-25,en-US,installation-and-updates,install-and-update;,winfried.ulrike,Aktualisieren,https://support.mozilla.org/questions/1460321,,,,,,,,,0,false,,False,
1460323,2024-08-25T20:08:31.701325Z,2024-08-25,en-US,settings,customize-settings-and-preferences;,knut10,How to stop new paragraphs from being numbers?,https://support.mozilla.org/questions/1460323,,,,,,,,,2,true,5.92,False,
1460325,2024-08-25T20:18:33.372725Z,2024-08-25,en-US,troubleshooting,troubleshooting;,bell2200,Thunderbird internal browser engine failure,https://support.mozilla.org/questions/1460325,,,,,m:microsoftemail,,proto:oauth,,0,false,,False,
1460331,2024-08-25T20:59:25.087107Z,2024-08-25,en-US,troubleshooting,troubleshooting;,ericf,Thunderbird Email printing (wi-fi connected),https://support.mozilla.org/questions/1460331,,,,,m:gmx,,,,4,true,5.05,False,
1460337,2024-08-25T21:55:11.592794Z,2024-08-25,en-US,troubleshooting,troubleshooting;,p48vjfdpds,opening Thunderbird email,https://support.mozilla.org/questions/1460337,,,,,m:microsoftemail,,,,2,true,0.73,False,
1460338,2024-08-25T22:30:15.024694Z,2024-08-25,en-US,settings,customize-settings-and-preferences;,rob250,Organizing email senders by tags or color,https://support.mozilla.org/questions/1460338,,,,,,,,,4,true,0.52,False,
1460344,2024-08-25T23:53:41.505609Z,2024-08-25,en-US,troubleshooting,troubleshooting;,davepallas,Down loading emails,https://support.mozilla.org/questions/1460344,,,,,,,,,0,false,,False,
1460346,2024-08-26T00:15:57.166334Z,2024-08-26,en-US,calendar,calendar;,AKostenzer,How to synchronise Thunderbird Calandar over two computers,https://support.mozilla.org/questions/1460346,,,,,,,,,2,true,1.72,False,
1460351,2024-08-26T02:13:45.149323Z,2024-08-26,en-US,other,other;,ilya.rudakov.23,Adding a Mail.ru Email Account in Thunderbird x32,https://support.mozilla.org/questions/1460351,,,,,,,proto:oauth,,0,false,,False,
1460360,2024-08-26T04:42:41.856283Z,2024-08-26,en-US,troubleshooting,troubleshooting;,dutch6,e-mail,https://support.mozilla.org/questions/1460360,,,,,,,,,0,false,,False,
1460363,2024-08-26T05:53:45.000870Z,2024-08-26,en-US,installation-and-updates,install-and-update;,mikulas.simak,after crash problem with then thundetbird is almost running,https://support.mozilla.org/questions/1460363,,,,,,,,,3,true,2.35,False,
1460370,2024-08-26T07:12:07.084053Z,2024-08-26,en-US,troubleshooting,troubleshooting;,Onkivapa,Thunderbird keeps disconnecting from the hosting service.,https://support.mozilla.org/questions/1460370,,,,,,,,,1,true,1.0,False,
1460371,2024-08-26T07:26:40.390980Z,2024-08-26,nl,troubleshooting,troubleshooting;,tinekedijksman,Thunderbird vraagt steeds om wachtwoord,https://support.mozilla.org/questions/1460371,,,,,,,,,0,false,,False,
1460372,2024-08-26T07:28:01.449000Z,2024-08-26,en-US,other,other;,11i.am.fake.11,Automatic profile backup,https://support.mozilla.org/questions/1460372,,,,,,,proto:imap;proto:pop,,1,true,0.71,False,
1460377,2024-08-26T08:46:47.939276Z,2024-08-26,en-US,troubleshooting,troubleshooting;,catherine25,Outlook/Thunderbird,https://support.mozilla.org/questions/1460377,,,,,m:microsoftemail,,,,0,false,,False,
1460378,2024-08-26T08:54:33.553931Z,2024-08-26,nl,settings,customize-settings-and-preferences;,josdocwell,Meerdere inboxen.,https://support.mozilla.org/questions/1460378,,,,,,,,,11,true,4.5,False,
1460379,2024-08-26T09:01:07.300428Z,2024-08-26,en-US,other,other;,johnkarl,remove an existing e-mail address,https://support.mozilla.org/questions/1460379,,,,,,,,,1,true,0.13,False,
1460380,2024-08-26T09:06:08.395870Z,2024-08-26,en-US,settings,customize-settings-and-preferences;,gsjoland,own id marked text in a dialog,https://support.mozilla.org/questions/1460380,,,,,,,,,2,true,8.42,True,sfhowes
1460381,2024-08-26T09:28:39.514350Z,2024-08-26,cs,troubleshooting,troubleshooting;,zdenek.cise88,Načítání mailů,https://support.mozilla.org/questions/1460381,,,,,,,,,1,true,0.92,False,
1460386,2024-08-26T09:53:11.876209Z,2024-08-26,es,settings,customize-settings-and-preferences;,rubenmosquera.asir,Acceder a un buzón compartido a través de un usuario con permisos,https://support.mozilla.org/questions/1460386,,,,,,,proto:imap,,1,true,155.45,False,
1460387,2024-08-26T09:58:11.229630Z,2024-08-26,it,other,other;,danny61,Email automatica (OOO) impazzita,https://support.mozilla.org/questions/1460387,,,,,,,,,5,true,0.05,False,
1460388,2024-08-26T09:59:47.814225Z,2024-08-26,it,installation-and-updates,install-and-update;,laviero83,Ricerca filtro veloce lenta,https://support.mozilla.org/questions/1460388,,,,,,,,,3,true,6.78,False,
1460389,2024-08-26T10:05:39.923596Z,2024-08-26,en-US,troubleshooting,troubleshooting;,PvCAReh444vjBZs,gmail passkey support with bitwarden,https://support.mozilla.org/questions/1460389,,,,,m:gmail,,,,0,false,,False,
1460390,2024-08-26T10:06:07.510836Z,2024-08-26,nl,troubleshooting,troubleshooting;,rietnfrans,Thunderbird,https://support.mozilla.org/questions/1460390,,,,,,,,,2,true,3.32,False,
1460391,2024-08-26T10:13:57.140794Z,2024-08-26,en-US,troubleshooting,troubleshooting;,salonmdbaudio,Archived emails are not displayed,https://support.mozilla.org/questions/1460391,,,,,,,,,0,false,,False,
1460392,2024-08-26T10:23:09.087531Z,2024-08-26,it,other,other;needsinfo;,info11796,Dopo la compattazione delle email non visualizzo più il loro contenuto ma solo l'oggetto,https://support.mozilla.org/questions/1460392,,,,,,,,,1,true,6.46,False,
1460393,2024-08-26T10:27:19.046841Z,2024-08-26,en-US,other,other;,wladek.ce,nie działa wysyłanie poczty,https://support.mozilla.org/questions/1460393,,,,,m:gmail,,proto:smtp,,0,false,,False,
1460403,2024-08-26T11:16:40.644439Z,2024-08-26,en-US,other,other;,howard56,Calendar,https://support.mozilla.org/questions/1460403,,,,,,,,,0,false,,False,
1460404,2024-08-26T11:22:49.086137Z,2024-08-26,en-US,settings,customize-settings-and-preferences;,Pata.798,I want Thunderbird emails back from being forward to AOL email. (Verizon no longer will do it),https://support.mozilla.org/questions/1460404,,,,,m:microsoftemail,isp:verizon,,,1,true,3.43,False,
1460406,2024-08-26T11:45:38.976906Z,2024-08-26,it,troubleshooting,troubleshooting;,d.panzani,thunderbid non mi carica le email già scaricate,https://support.mozilla.org/questions/1460406,,,,,,,,,1,true,5.23,False,
1460411,2024-08-26T11:55:45.895061Z,2024-08-26,en-US,troubleshooting,troubleshooting;,jitender.saan,Profile reset,https://support.mozilla.org/questions/1460411,,,,,,,,,0,false,,False,
1460425,2024-08-26T13:43:29.060862Z,2024-08-26,en-US,other,other;,mrmikebickley,"Email accounts, transfer hosts",https://support.mozilla.org/questions/1460425,,,,,m:microsoftemail,,,,5,true,1.04,False,
1460427,2024-08-26T13:54:29.227658Z,2024-08-26,it,settings,customize-settings-and-preferences;,Peppe187,Problema con i messaggi citati,https://support.mozilla.org/questions/1460427,,,,,,,,,3,true,3.15,False,
1460428,2024-08-26T13:55:59.906054Z,2024-08-26,en-US,settings,customize-settings-and-preferences;,Peppe187,Problem with message quoted in replies,https://support.mozilla.org/questions/1460428,,,,,,,,,3,true,0.77,False,
1460433,2024-08-26T14:13:38.654211Z,2024-08-26,nl,troubleshooting,needsinfo;troubleshooting;,AenA.Doorakkers,Aanmelden bij server imap-mail.outlook.com met mijn hotmail account mislukt sinds eind juli 2024. Hoe kan ik dit oplosse,https://support.mozilla.org/questions/1460433,,,,,m:microsoftemail,,proto:imap,,3,true,16.39,True,markh2
1460434,2024-08-26T14:26:38.162025Z,2024-08-26,en-US,troubleshooting,troubleshooting;,smmythbll,Older E-mails are not accessible,https://support.mozilla.org/questions/1460434,,,,,,,,,0,false,,False,
1460437,2024-08-26T14:34:09.948491Z,2024-08-26,en-US,calendar,calendar;,filip.mutterer,Autoconfig - also for Calendar and Addressbook (CalDAV & CardDAV),https://support.mozilla.org/questions/1460437,,,,,,,proto:carddav;proto:caldav,,2,true,0.07,False,
1460440,2024-08-26T14:42:45.848519Z,2024-08-26,nl,other,other;,kabouterprins,email not sent,https://support.mozilla.org/questions/1460440,os:linux,,,,,,proto:smtp,,2,true,15.88,False,
1460444,2024-08-26T15:09:40.749731Z,2024-08-26,en-US,troubleshooting,troubleshooting;,homer.riggins,Thunderbird Hangup delays,https://support.mozilla.org/questions/1460444,,,,,,,,,1,true,7.42,False,
1460446,2024-08-26T15:12:23.266598Z,2024-08-26,en-US,troubleshooting,troubleshooting;,baskin2,Nearly all of the User Interface windows on Thunderbird are tiny,https://support.mozilla.org/questions/1460446,os:macos,,,,,,,,9,true,2.96,True,ThePillenwerfer
1460447,2024-08-26T15:17:03.822087Z,2024-08-26,en-US,calendar,calendar;,sthink0,Search of prior events in Calendar .......... can not do anymore in Thunderbird 128,https://support.mozilla.org/questions/1460447,,,,,,,,,6,true,0.24,False,
1460452,2024-08-26T15:33:56.234528Z,2024-08-26,en-US,settings,customize-settings-and-preferences;,2912dranyami,How to stop TB automatically sending a copy of every email to the Archive folder.,https://support.mozilla.org/questions/1460452,,,,,m:gmail,,,,0,false,,False,
1460457,2024-08-26T16:03:14.978942Z,2024-08-26,en-US,troubleshooting,troubleshooting;,wcolmers,drag and drop of  messages from inbox to other mailboxes no longer works,https://support.mozilla.org/questions/1460457,,,,,,,,,0,false,,False,
1460458,2024-08-26T16:09:23.813787Z,2024-08-26,en-US,installation-and-updates,install-and-update;,shydubren,Lost my emails contacts etc.,https://support.mozilla.org/questions/1460458,,,,,,,,,4,false,,False,
1460462,2024-08-26T16:26:58.058934Z,2024-08-26,en-US,troubleshooting,troubleshooting;,bakers.barrel,Missing body text in recently receiced emails,https://support.mozilla.org/questions/1460462,os:windows,,,,m:gmail,,,,0,false,,False,
1460464,2024-08-26T16:35:16.214292Z,2024-08-26,en-US,other,other;,jlara2,out of office reply,https://support.mozilla.org/questions/1460464,,,,,,,,,1,true,0.72,False,
1460467,2024-08-26T16:45:24.637767Z,2024-08-26,it,troubleshooting,troubleshooting;,g.lasorsa,Thunderbird non scarica posta da Gmail,https://support.mozilla.org/questions/1460467,,,,,m:gmail,,,,1,true,0.47,False,
1460469,2024-08-26T16:46:02.561510Z,2024-08-26,en-US,troubleshooting,troubleshooting;,kimboagogo1,"Can't send out e-mails, replies, etc, constantly asking for my new password! Also ""Sending of message failed. The messag",https://support.mozilla.org/questions/1460469,,,,,,,proto:smtp,,0,false,,False,
1460470,2024-08-26T16:53:55.195484Z,2024-08-26,en-US,troubleshooting,troubleshooting;,david846,"Inbox / Sent Email list shows up but the actual email when viewed is blank - TroubleShoot, Repair, Compact fail",https://support.mozilla.org/questions/1460470,,,,,,,,,1,false,,False,
1460473,2024-08-26T17:02:17.168421Z,2024-08-26,en-US,troubleshooting,troubleshooting;,stupidscript,Thunderbird can no longer access my Gmail account,https://support.mozilla.org/questions/1460473,os:windows,,,,m:gmail,,proto:imap,,4,true,23.91,True,stupidscript
1460475,2024-08-26T17:12:25.497844Z,2024-08-26,en-US,settings,customize-settings-and-preferences;,BPaul_H,Change background color now that userChrome.css no longer works,https://support.mozilla.org/questions/1460475,,,,,,,,,3,true,0.5,True,sfhowes
1460477,2024-08-26T17:15:33.980677Z,2024-08-26,en-US,troubleshooting,troubleshooting;,afisherman,Thunderbird and Apple Mail,https://support.mozilla.org/questions/1460477,,,,,,,,,0,false,,False,
1460479,2024-08-26T17:54:47.319171Z,2024-08-26,en-US,calendar,calendar;,dnanaksingh,read-only nextcloud calendars are shown as Writable,https://support.mozilla.org/questions/1460479,,,,,,,,,0,false,,False,
1460486,2024-08-26T18:17:43.801148Z,2024-08-26,en-US,troubleshooting,troubleshooting;,jeff271,"email Send problems, DMARC policy enforcement",https://support.mozilla.org/questions/1460486,os:windows,,,,,isp:comcast,proto:pop,av:norton,2,true,19.07,False,
1460489,2024-08-26T18:20:32.600044Z,2024-08-26,en-US,calendar,calendar;,nicholashein08,Can't export/import calendar to new computer,https://support.mozilla.org/questions/1460489,,,,,,,,,1,false,,False,
1460492,2024-08-26T18:44:22.640178Z,2024-08-26,en-US,installation-and-updates,install-and-update;,bellist,Import didn't import all of my inbox,https://support.mozilla.org/questions/1460492,os:windows,,,,,,,,3,true,1.13,True,davidsk
1460495,2024-08-26T18:54:08.212050Z,2024-08-26,en-US,other,other;,ideosaurus,TBird failing after update. Should I uninstall? Has it bee hacked?,https://support.mozilla.org/questions/1460495,,,,,,,,,0,false,,False,
1460496,2024-08-26T18:55:57.792606Z,2024-08-26,en-US,settings,customize-settings-and-preferences;,brynntrup,on start always downloading all files from server and opening folders,https://support.mozilla.org/questions/1460496,,,,,,,,,0,false,,False,
1460499,2024-08-26T19:14:06.141640Z,2024-08-26,en-US,installation-and-updates,install-and-update;,hornblink,entered code sent to my email but it rejected it?,https://support.mozilla.org/questions/1460499,,,,,,,,,1,true,1.79,False,
1460503,2024-08-26T19:41:03.322922Z,2024-08-26,en-US,other,other;,KJS-LES,How to reply to an IO email list,https://support.mozilla.org/questions/1460503,,,,,,,,,6,true,3.01,True,wsmwk
1460504,2024-08-26T19:54:44.264548Z,2024-08-26,en-US,troubleshooting,troubleshooting;,nyjmc,"Error code ""550 DKIM Sender Invalid"" from only one receiver",https://support.mozilla.org/questions/1460504,,,,,,,,,2,true,0.5,False,
1460505,2024-08-26T20:04:15.473291Z,2024-08-26,en-US,installation-and-updates,install-and-update;,pezust,I updated Ubuntu and now Thunderbird is not displaying my local folders or my address lists,https://support.mozilla.org/questions/1460505,os:linux,,,,,,,,19,true,0.26,False,
1460506,2024-08-26T20:11:24.017433Z,2024-08-26,en-US,troubleshooting,troubleshooting;,kojihayasaki,Thunderbird Email Contents don't display after a few days,https://support.mozilla.org/questions/1460506,,,,,,,proto:pop,,3,true,0.78,False,
1460507,2024-08-26T20:15:12.351766Z,2024-08-26,en-US,troubleshooting,troubleshooting;,jeffrey.porter16,I am needing assistance with Thunderbird,https://support.mozilla.org/questions/1460507,os:windows,,,,,,,,4,true,0.13,False,
1460508,2024-08-26T20:33:01.170543Z,2024-08-26,en-US,installation-and-updates,install-and-update;,jao2,Thunderbird on Pop OS toolbar,https://support.mozilla.org/questions/1460508,,,,,,,proto:pop,,0,false,,False,
1460514,2024-08-26T21:17:56.499120Z,2024-08-26,en-US,troubleshooting,troubleshooting;,jsmethurst,Still cannot sign in with POP3 with password to get into emails.,https://support.mozilla.org/questions/1460514,,,,,,,proto:pop,,1,true,15.8,False,
1460517,2024-08-26T21:31:41.775807Z,2024-08-26,en-US,troubleshooting,troubleshooting;,BigMart,Error when sending messages,https://support.mozilla.org/questions/1460517,,,,,,,,,1,true,0.15,False,
1460518,2024-08-26T21:32:56.765021Z,2024-08-26,en-US,troubleshooting,troubleshooting;,rjmail,Thunderbird won't download messages,https://support.mozilla.org/questions/1460518,,,,,m:yahooemail,,,,0,false,,False,
1460519,2024-08-26T21:57:08.165469Z,2024-08-26,en-US,troubleshooting,troubleshooting;,zgqy7gpmdh,Send and rec. email on cell phone,https://support.mozilla.org/questions/1460519,,,,,,,proto:smtp,,0,false,,False,
1460523,2024-08-26T22:40:40.039653Z,2024-08-26,en-US,troubleshooting,troubleshooting;,keithinoz1,Account cannot connect with Gmail.,https://support.mozilla.org/questions/1460523,,,,,m:gmail,,,,3,true,0.17,False,
1460524,2024-08-26T22:48:56.009045Z,2024-08-26,nl,troubleshooting,troubleshooting;,f2hlmhfrijns,waarom kan ik geen email verzenden,https://support.mozilla.org/questions/1460524,,,,,,,,,1,true,6.76,False,
1460525,2024-08-26T22:55:22.607087Z,2024-08-26,en-US,other,other;,ffmoz1,bug report- message content does not always match header,https://support.mozilla.org/questions/1460525,,,,,,,,,0,false,,False,
1460528,2024-08-26T23:11:02.120461Z,2024-08-26,en-US,troubleshooting,troubleshooting;,jsmethurst,Do I need Firefox for Thunderbird EDmail. Havent had it properly for 3 days.I think it is to do sith Signing to Pop3,https://support.mozilla.org/questions/1460528,,,,,,,proto:pop,,1,true,13.88,False,
1460529,2024-08-26T23:13:20.250957Z,2024-08-26,en-US,installation-and-updates,install-and-update;,peter855,Thunderbird has shut me down and has demanded a new password but after several attempts will not accept any that were of,https://support.mozilla.org/questions/1460529,,,,,,,,,1,true,1.17,False,
1460530,2024-08-26T23:20:24.659286Z,2024-08-26,en-US,installation-and-updates,install-and-update;,dj.moonwalker,thunder update from 115.14.0 64bit ( supernova to the latest 128.1.1esr ),https://support.mozilla.org/questions/1460530,,,,,,,,,0,false,,False,
1460532,2024-08-26T23:36:04.998013Z,2024-08-26,en-US,troubleshooting,troubleshooting;,creepinator45,Removed account still asks for sign in,https://support.mozilla.org/questions/1460532,,,,,m:gmail,,,,1,true,11.85,True,davidsk
1460533,2024-08-26T23:51:21.702813Z,2024-08-26,en-US,calendar,calendar;,steve017,"Repeated error ""MODIFICATION_FAILED"" when using CalDAV calendar offline",https://support.mozilla.org/questions/1460533,os:windows,,,,,,proto:caldav,,0,false,,False,
1460535,2024-08-27T00:05:52.935820Z,2024-08-27,en-US,troubleshooting,troubleshooting;,klwallis56,"Thunderbird 128.1.0esr (64-bit)  Constant crashing and ""Not Responding""",https://support.mozilla.org/questions/1460535,,,,,,,,,1,true,0.28,False,
1460538,2024-08-27T00:24:02.757744Z,2024-08-27,en-US,troubleshooting,troubleshooting;,jsmethurst,Trying to get i to emails. Each time a message comes up log into server pop3@slingshot.om or Imax,https://support.mozilla.org/questions/1460538,,,,,,,proto:pop,,1,true,12.66,False,
1460548,2024-08-27T01:30:17.306552Z,2024-08-27,en-US,privacy-and-security,protect-your-privacy;,FBDragon,difficulty in setting up Thunderbird on a new PC,https://support.mozilla.org/questions/1460548,,,,,,,,,1,true,9.84,False,
1460554,2024-08-27T02:09:15.463531Z,2024-08-27,en-US,troubleshooting,troubleshooting;,dugsnclr73,Some emails are just showing as a single line of characters,https://support.mozilla.org/questions/1460554,,,,,m:gmail,,,,0,false,,False,
1460556,2024-08-27T02:16:42.521179Z,2024-08-27,en-US,installation-and-updates,install-and-update;,davidprisk,"Installing Thunderbird errors, """"Sorry Thunderbird cant be installed. This version of Thunderbird requires Microsoft Win",https://support.mozilla.org/questions/1460556,os:windows,,,,,,,,1,true,9.14,False,
1460558,2024-08-27T03:07:47.316021Z,2024-08-27,en-US,calendar,calendar;,amaskikar,Sync yahoo calendar in Thunderbird,https://support.mozilla.org/questions/1460558,,,,,m:gmail;m:microsoftemail;m:yahooemail,,,,4,true,2.0,False,
1460560,2024-08-27T03:16:16.031880Z,2024-08-27,en-US,troubleshooting,troubleshooting;,KJS-LES,"Thunderbird constantly Hangs ""Not Responding""",https://support.mozilla.org/questions/1460560,,,,,,,,,8,true,6.7,False,
1460564,2024-08-27T04:02:10.893196Z,2024-08-27,en-US,troubleshooting,troubleshooting;,twolittlegs,Messages in inbox are not showing,https://support.mozilla.org/questions/1460564,,,,,,,,,1,false,,False,
1460565,2024-08-27T04:04:32.024836Z,2024-08-27,en-US,other,other;,RebaC,T-bird to 128.1 does not allow my address book contacts exported to my desktop in .csv format.,https://support.mozilla.org/questions/1460565,,,,,,,,,5,true,7.17,True,davidsk
1460573,2024-08-27T05:54:12.685970Z,2024-08-27,it,installation-and-updates,install-and-update;,cettosa,Problema ultimo aggiornamento,https://support.mozilla.org/questions/1460573,,,,,,,,,10,true,0.26,True,cettosa
1460579,2024-08-27T07:49:15.665616Z,2024-08-27,it,settings,customize-settings-and-preferences;,silviabrosio.grafica,Cancellazione CACHE,https://support.mozilla.org/questions/1460579,,,,,,,,,4,true,0.11,True,'@next
1460584,2024-08-27T08:31:06.547027Z,2024-08-27,it,installation-and-updates,install-and-update;,atedesco,mail in uscita,https://support.mozilla.org/questions/1460584,,,,,,,,,2,true,0.77,True,atedesco
1460586,2024-08-27T08:36:53.326453Z,2024-08-27,it,other,other;,mdegior,Impossibile creare nuove sottocartelle dalla v. 128.1.1esr (64 bit),https://support.mozilla.org/questions/1460586,,,,,,,,,7,true,0.84,False,
1460588,2024-08-27T09:25:49.742967Z,2024-08-27,en-US,other,other;,colin.weedon,Thunderbird sign in,https://support.mozilla.org/questions/1460588,os:windows,,,,,,,,4,true,1.95,False,
1460590,2024-08-27T09:35:01.240378Z,2024-08-27,it,installation-and-updates,install-and-update;,info11806,problemi seri dopo l'aggiornamento a Nebula,https://support.mozilla.org/questions/1460590,,,,,,,,,4,true,0.08,True,info11806
1460592,2024-08-27T09:48:25.331303Z,2024-08-27,en-US,troubleshooting,troubleshooting;,admin881,"Functional folders under Inbox, not so in Apple Mail",https://support.mozilla.org/questions/1460592,,,,,m:microsoftemail,,,,2,true,3.65,False,
1460602,2024-08-27T11:15:16.911470Z,2024-08-27,en-US,troubleshooting,troubleshooting;,bob378,Emails,https://support.mozilla.org/questions/1460602,,,,,,,,,0,false,,False,
1460607,2024-08-27T11:25:57.739223Z,2024-08-27,en-US,troubleshooting,troubleshooting;,froehsi,Gesendet Ordner,https://support.mozilla.org/questions/1460607,,,,,,,,,0,false,,False,
1460608,2024-08-27T11:35:06.851541Z,2024-08-27,en-US,troubleshooting,troubleshooting;,boobagetel,headers disappeared from emails,https://support.mozilla.org/questions/1460608,,,,,,,,,0,false,,False,
1460611,2024-08-27T11:46:12.994961Z,2024-08-27,es,troubleshooting,troubleshooting;,pablo-yanez,Reparar carpeta me eliminó correos,https://support.mozilla.org/questions/1460611,,,,,,,,,1,true,129.65,False,
1460612,2024-08-27T11:46:47.052856Z,2024-08-27,en-US,settings,customize-settings-and-preferences;,jjanderson403,Composition and placement of signature,https://support.mozilla.org/questions/1460612,,,,,,,,,1,true,1.46,False,
1460613,2024-08-27T11:49:06.793474Z,2024-08-27,en-US,troubleshooting,troubleshooting;,wlcraig,emails in just my inbox are listed but I can't read them after compact and fix file,https://support.mozilla.org/questions/1460613,os:windows,,,,,,,,5,true,10.67,False,
1460617,2024-08-27T12:17:25.366462Z,2024-08-27,en-US,privacy-and-security,protect-your-privacy;,kutluhanhakan92,Scamming by someone,https://support.mozilla.org/questions/1460617,,,,,,,,,1,true,0.42,False,
1460619,2024-08-27T12:37:01.728495Z,2024-08-27,it,other,other;,fabio.robustelli,Lentezza nella ricerca messaggi e filtri dopo aggiornamento versione 128.1.1esr,https://support.mozilla.org/questions/1460619,,,,,,,,,1,true,1.61,False,
1460620,2024-08-27T12:42:42.276822Z,2024-08-27,nl,other,other;,ed.hak.1957,"thunderbird denkt dat dit bericht ongewenst is. Keuze ""meer info"" of ""niet ongewenst""",https://support.mozilla.org/questions/1460620,,,,,,,,,0,false,,False,
1460621,2024-08-27T12:45:29.636768Z,2024-08-27,en-US,other,other;,damole,Is there a way to get Thunderbird to move and delete emails from Gmail?,https://support.mozilla.org/questions/1460621,,,,,m:gmail,,,,2,true,0.11,False,
1460622,2024-08-27T12:58:07.702199Z,2024-08-27,en-US,troubleshooting,troubleshooting;,mats.fridmark,Thunderbird,https://support.mozilla.org/questions/1460622,,,,,,,,,2,true,6.16,True,mats.fridmark
1460623,2024-08-27T13:03:05.339196Z,2024-08-27,en-US,settings,customize-settings-and-preferences;,tfd158,can't add buttons to message tool bar to customize,https://support.mozilla.org/questions/1460623,os:macos,,,,,,,,5,true,0.06,True,tfd158
1460628,2024-08-27T13:59:07.230863Z,2024-08-27,en-US,troubleshooting,troubleshooting;tbhotmail;,huanaxel321,keeps on asking for relogin to hotmail,https://support.mozilla.org/questions/1460628,,,,,m:microsoftemail,,,,1,true,335.51,False,
1460630,2024-08-27T14:10:55.719240Z,2024-08-27,nl,other,other;,jet.theunissen,Out of office bericht in Thunderbird / Doorsturen naar outlook account.,https://support.mozilla.org/questions/1460630,,,,,m:gmail;m:microsoftemail,,,,3,true,24.31,False,
1460631,2024-08-27T14:13:11.611318Z,2024-08-27,en-US,settings,customize-settings-and-preferences;,koja97,Odnośniki,https://support.mozilla.org/questions/1460631,,,,,,,,,0,false,,False,
1460632,2024-08-27T14:21:34.871962Z,2024-08-27,en-US,troubleshooting,troubleshooting;,shydubren,removing emails,https://support.mozilla.org/questions/1460632,,,,,,,,,8,true,1.04,False,
1460633,2024-08-27T14:21:53.175239Z,2024-08-27,it,installation-and-updates,install-and-update;,federica5,Email posta in arrivo non visibili,https://support.mozilla.org/questions/1460633,,,,,,,proto:pop,,3,true,0.16,False,
1460635,2024-08-27T14:34:22.555457Z,2024-08-27,en-US,installation-and-updates,install-and-update;,clayreed,Download Thunderbird,https://support.mozilla.org/questions/1460635,,,,,,,,,1,true,4.57,False,
1460637,2024-08-27T14:39:30.256845Z,2024-08-27,it,other,other;,glauco.masotti,Dimensione carattere indeterminata,https://support.mozilla.org/questions/1460637,,,,,,,,,5,true,0.35,False,
1460644,2024-08-27T15:27:34.133575Z,2024-08-27,en-US,troubleshooting,troubleshooting;,grstevenson,Cannot send eMail untill after 5PM PST,https://support.mozilla.org/questions/1460644,,,,,,isp:comcast,proto:smtp,,0,false,,False,
1460651,2024-08-27T16:01:37.550780Z,2024-08-27,es,troubleshooting,troubleshooting;,lorena4,Emails Perdidos,https://support.mozilla.org/questions/1460651,,,,,,,proto:pop,,1,true,125.4,False,
1460658,2024-08-27T16:18:14.070937Z,2024-08-27,en-US,settings,customize-settings-and-preferences;,forum14,Multiple Email Accounts - Two SMTP servers,https://support.mozilla.org/questions/1460658,,,,,,,proto:smtp,,6,true,1.27,True,forum14
1460659,2024-08-27T16:24:01.109165Z,2024-08-27,en-US,troubleshooting,troubleshooting;,natpaul,imap-mail.outlook.com message asking for a password to connect to Thunderbird and get new messages is not working,https://support.mozilla.org/questions/1460659,,,,,m:microsoftemail,,proto:imap,,4,true,1.14,False,
1460662,2024-08-27T16:33:11.029720Z,2024-08-27,en-US,settings,customize-settings-and-preferences;,dainamiller32,2 email accounts,https://support.mozilla.org/questions/1460662,,,,,,,,,1,true,1.03,False,
1460664,2024-08-27T17:04:11.236850Z,2024-08-27,pt-BR,troubleshooting,troubleshooting;,felipelima951952,Recebimento de e-mails corrompidos,https://support.mozilla.org/questions/1460664,,,,,,,,,0,false,,False,
1460668,2024-08-27T18:01:44.415731Z,2024-08-27,en-US,troubleshooting,troubleshooting;,yachtlover1,thunderbird email stopped working with Norton,https://support.mozilla.org/questions/1460668,,,,,,,,av:norton,0,false,,False,
1460669,2024-08-27T18:10:02.703520Z,2024-08-27,en-US,troubleshooting,troubleshooting;,NormanMcNorris7,slow loading of email content using POP3,https://support.mozilla.org/questions/1460669,,,,,,,proto:imap;proto:pop,,4,true,0.92,False,
1460670,2024-08-27T18:14:54.918987Z,2024-08-27,hu,troubleshooting,troubleshooting;,rihard1,Eltűnt levelek mappa javítás után,https://support.mozilla.org/questions/1460670,,,,,,,,,0,false,,False,
1460673,2024-08-27T18:22:07.075633Z,2024-08-27,en-US,settings,customize-settings-and-preferences;,Baker2,card layout,https://support.mozilla.org/questions/1460673,,,,,,,,,3,true,1.46,False,
1460674,2024-08-27T18:24:58.103520Z,2024-08-27,en-US,settings,customize-settings-and-preferences;,funnymonkeybanana+mozilla20240827,How to fix the row height of messages and add space to the bottom?,https://support.mozilla.org/questions/1460674,,,,,,,,,3,true,0.74,False,
1460676,2024-08-27T18:30:48.845436Z,2024-08-27,en-US,troubleshooting,needsinfo;troubleshooting;,wa1hzk,Yesterday Thunderbird worked.,https://support.mozilla.org/questions/1460676,,,,,,,,,1,true,0.55,False,
1460677,2024-08-27T18:34:04.453369Z,2024-08-27,en-US,troubleshooting,troubleshooting;,d72htk9sb6,Lost emails,https://support.mozilla.org/questions/1460677,,,,,m:gmail,,,,0,false,,False,
1460678,2024-08-27T18:46:25.772755Z,2024-08-27,en-US,troubleshooting,troubleshooting;,kylet1,Thunderbird email not working,https://support.mozilla.org/questions/1460678,,,,,,,,,0,false,,False,
1460682,2024-08-27T19:06:14.715816Z,2024-08-27,en-US,troubleshooting,troubleshooting;,r1wigs1958,Thunderbird suddenly won't download any messages.,https://support.mozilla.org/questions/1460682,os:windows,,,,,,proto:pop,,2,true,113.4,False,
1460683,2024-08-27T19:18:52.281474Z,2024-08-27,en-US,troubleshooting,troubleshooting;,nisiunavoce,retrieving emails,https://support.mozilla.org/questions/1460683,,,,,,isp:spectrum,proto:pop,,1,true,18.95,False,
1460684,2024-08-27T19:43:23.207819Z,2024-08-27,en-US,troubleshooting,troubleshooting;,steven_brown,Thunderbird keeps deleting and re-downloading e-mails,https://support.mozilla.org/questions/1460684,,,,,,,proto:imap,,3,true,160.85,False,
1460685,2024-08-27T19:46:35.853978Z,2024-08-27,en-US,troubleshooting,troubleshooting;,bell2200,TBird v.128: Authentication of Office 365 organizational accounts broken,https://support.mozilla.org/questions/1460685,,,,,m:microsoftemail,,,,2,true,2.83,False,
1460686,2024-08-27T19:46:37.530817Z,2024-08-27,en-US,troubleshooting,troubleshooting;,revsuine,Can't log into Google account—Google says Javascript is disabled,https://support.mozilla.org/questions/1460686,,,,,m:gmail,,,,2,true,1.1,True,revsuine
1460694,2024-08-27T20:14:56.485153Z,2024-08-27,en-US,installation-and-updates,install-and-update;,rjspann,Thunderbird password manager will not remember POP or SMTP password,https://support.mozilla.org/questions/1460694,,,,,m:microsoftemail,,proto:smtp;proto:pop,,0,false,,False,
1460704,2024-08-27T20:54:54.185022Z,2024-08-27,en-US,other,other;,laura105,email disappeared 2019-2024,https://support.mozilla.org/questions/1460704,,,,,,,,,2,true,1.7,False,
1460719,2024-08-27T22:12:18.291254Z,2024-08-27,en-US,troubleshooting,troubleshooting;tbgmailauth;,teresab18,How to stop the popup windows from Thunderbird asking for Google access?,https://support.mozilla.org/questions/1460719,,,,,m:gmail;m:microsoftemail,,,,1,true,12.99,False,
1460722,2024-08-27T22:22:27.185579Z,2024-08-27,en-US,troubleshooting,troubleshooting;,antrim-enterprises,How to stop emails ending up in the Junk folder.,https://support.mozilla.org/questions/1460722,,,,,,,,,2,true,12.71,False,
1460723,2024-08-27T22:29:13.727965Z,2024-08-27,en-US,settings,customize-settings-and-preferences;,KJS-LES,How to stop a Thunderbird pop-up warning.,https://support.mozilla.org/questions/1460723,,,,,,,,,6,true,4.2,True,KJS-LES
1460724,2024-08-27T22:41:41.244038Z,2024-08-27,en-US,troubleshooting,troubleshooting;,stevek715,Forgot Password,https://support.mozilla.org/questions/1460724,,,,,,isp:comcast,,,1,true,12.43,False,
1460725,2024-08-27T22:49:13.784543Z,2024-08-27,en-US,troubleshooting,troubleshooting;,wepeck,Primary password cancel,https://support.mozilla.org/questions/1460725,os:windows,,,,,,,,1,true,12.23,False,
1460732,2024-08-27T23:16:51.058553Z,2024-08-27,en-US,troubleshooting,troubleshooting;,eyeart,Deleting emails is super slow,https://support.mozilla.org/questions/1460732,os:windows,,,,,,,,0,false,,False,
1460736,2024-08-28T00:04:52.562309Z,2024-08-28,en-US,troubleshooting,troubleshooting;,jsmethurst,NEED HELP TO GET MYTHUNDERBIRD EMAILS UP AND RUNNING URGENT. HAVE BEEN TRYIN FOR 5 DAYS NOW. WHEN I TRY COMES IN LOG IN ,https://support.mozilla.org/questions/1460736,,,,,,,proto:pop,,1,true,11.16,False,
1460739,2024-08-28T00:18:29.704286Z,2024-08-28,en-US,other,other;,cedarpennarts,"I want to add a second email address on my Thunderbird account.  How do I do that, thank you.",https://support.mozilla.org/questions/1460739,,,,,,,,,11,true,0.2,False,
1460742,2024-08-28T00:58:21.557198Z,2024-08-28,en-US,installation-and-updates,install-and-update;,jancahan23,setting up thunderbird account.  What are credentials which they want?,https://support.mozilla.org/questions/1460742,,,,,,,,,1,true,10.32,False,
1460744,2024-08-28T01:12:23.926076Z,2024-08-28,en-US,troubleshooting,troubleshooting;,smethurstjenny1,Can I havd someone to help me bring my emails up. Have been tri,https://support.mozilla.org/questions/1460744,,,,,,,,,1,true,10.13,False,
1460745,2024-08-28T01:14:49.070920Z,2024-08-28,en-US,troubleshooting,troubleshooting;,ellis6,Search problems,https://support.mozilla.org/questions/1460745,,,,,,,,,0,false,,False,
1460749,2024-08-28T01:36:23.575257Z,2024-08-28,it,other,other;,romicex,Email inviate,https://support.mozilla.org/questions/1460749,,,,,,,,,1,true,3.32,False,
1460758,2024-08-28T03:27:50.608381Z,2024-08-28,en-US,troubleshooting,troubleshooting;,gate1dd,Hyperlinks not working in Thunderbird Nebula 128.1.1esr,https://support.mozilla.org/questions/1460758,os:windows,,,,,,,,0,false,,False,
1460760,2024-08-28T03:43:04.826239Z,2024-08-28,en-US,troubleshooting,troubleshooting;,arthurhazboun,Unable to open recently received emails in TB,https://support.mozilla.org/questions/1460760,,,,,,,,,0,false,,False,
1460765,2024-08-28T05:19:33.260236Z,2024-08-28,nl,troubleshooting,troubleshooting;,rieks.jager1,Ik kan geen berichten ontvangen,https://support.mozilla.org/questions/1460765,,,,,,,,,1,true,9.04,False,
1460768,2024-08-28T05:57:35.456708Z,2024-08-28,en-US,troubleshooting,troubleshooting;,hillsec,unable to send emails from thunderbird,https://support.mozilla.org/questions/1460768,,,,,,,proto:smtp,,1,true,5.75,False,
1460772,2024-08-28T06:40:16.201503Z,2024-08-28,en-US,troubleshooting,troubleshooting;,przemyslaw.bilon,incorrect display of received messages,https://support.mozilla.org/questions/1460772,,,,,,,,,5,true,7.76,False,
1460774,2024-08-28T06:59:01.601900Z,2024-08-28,nl,installation-and-updates,install-and-update;,daevanos,Ik heb onder Win11 Thunderbird geïnstalleerd en probeer via uw handleiding om mijn profiel van mijn oude notebook via ee,https://support.mozilla.org/questions/1460774,os:windows,,,,,,,,1,true,106.62,False,
1460775,2024-08-28T07:00:49.746030Z,2024-08-28,it,other,other;,loredana1,NON RIESCO A VISUALIZZARE LE EMAIL DI 15 GIORNI FA,https://support.mozilla.org/questions/1460775,,,,,,,,,9,true,0.26,False,
1460776,2024-08-28T07:02:14.790570Z,2024-08-28,en-US,troubleshooting,troubleshooting;,ddfridley,Excessive CPU load and running of Windows Defender Antivirus Service,https://support.mozilla.org/questions/1460776,os:windows,,,,,,,av:defender,3,true,4.82,False,
1460780,2024-08-28T07:36:22.908526Z,2024-08-28,en-US,troubleshooting,troubleshooting;,holger.ruhfus,Unread emails,https://support.mozilla.org/questions/1460780,,,,,,,,,1,false,,False,
1460786,2024-08-28T08:21:11.355904Z,2024-08-28,en-US,troubleshooting,troubleshooting;,krst_,Lost e-mails,https://support.mozilla.org/questions/1460786,,,,,,,,,0,false,,False,
1460787,2024-08-28T08:23:35.092529Z,2024-08-28,en-US,troubleshooting,troubleshooting;,perpetuum-mobile,Bug in the Dialog to edit access passwords to email accounts,https://support.mozilla.org/questions/1460787,os:linux,,,,,isp:tonline,,,3,true,3.23,False,
1460795,2024-08-28T09:02:56.513416Z,2024-08-28,en-US,troubleshooting,troubleshooting;,mp18,Thunderbird Quick Filter SLOW,https://support.mozilla.org/questions/1460795,,,,,,,proto:imap,,4,true,3.68,False,
1460798,2024-08-28T09:13:33.017550Z,2024-08-28,en-US,calendar,calendar;,JWickinger,How to install/synchronize icloud calendar/contacts with thunderbird,https://support.mozilla.org/questions/1460798,,,,,,,,,1,true,8.98,False,
1460799,2024-08-28T09:16:06.079878Z,2024-08-28,en-US,other,other;,praxitelis.ioannidis,Add-On: Tag Sync // How to set it up?,https://support.mozilla.org/questions/1460799,,,,,,,,,1,true,7.36,False,
1460801,2024-08-28T09:27:13.839708Z,2024-08-28,en-US,other,other;,colin.shepherd,taskbar,https://support.mozilla.org/questions/1460801,,,,,,,,,2,true,5.87,False,
1460804,2024-08-28T09:38:56.967413Z,2024-08-28,en-US,troubleshooting,troubleshooting;,pauric.brophy,"Older emails in inbox are blank, and lost after ""repair"". 128.1.1esr (32-bit)",https://support.mozilla.org/questions/1460804,,,,,,,,,12,true,7.1,False,
1460820,2024-08-28T12:56:39.398137Z,2024-08-28,en-US,troubleshooting,troubleshooting;,rickschofield,saving emails,https://support.mozilla.org/questions/1460820,,,,,,,,,0,false,,False,
1460821,2024-08-28T13:15:24.339639Z,2024-08-28,it,settings,customize-settings-and-preferences;,pablobianchiarchitetto,non riesco a configurare la email,https://support.mozilla.org/questions/1460821,,,,,,,,,1,true,1.06,False,
1460826,2024-08-28T13:38:04.873318Z,2024-08-28,en-US,troubleshooting,troubleshooting;,tpeer,email,https://support.mozilla.org/questions/1460826,,,,,,,,,0,false,,False,
1460827,2024-08-28T13:39:34.052311Z,2024-08-28,en-US,troubleshooting,troubleshooting;,rdford1947,My Thunderbird email stopped working this morning. I use an iMac Sonoma 14.6.1. It says I'm now on ear update channel??,https://support.mozilla.org/questions/1460827,os:macos,,,,,,,,1,false,,False,
1460828,2024-08-28T13:45:38.940331Z,2024-08-28,en-US,settings,customize-settings-and-preferences;,Daniel.urbaniak77,Unified View - Folders strucutre,https://support.mozilla.org/questions/1460828,,,,,,,,,0,false,,False,
1460829,2024-08-28T13:50:50.492768Z,2024-08-28,nl,settings,customize-settings-and-preferences;,m.vandijk.bleeker,nieuwe pc,https://support.mozilla.org/questions/1460829,,,,,,,,,1,true,0.32,False,
1460831,2024-08-28T14:00:50.012639Z,2024-08-28,en-US,other,other;,nick137,eMail,https://support.mozilla.org/questions/1460831,,,,,,,,,0,false,,False,
1460832,2024-08-28T14:09:19.799171Z,2024-08-28,en-US,other,other;,ludwig.grader,Mozilla thunderbird,https://support.mozilla.org/questions/1460832,,,,,,,,,0,false,,False,
1460833,2024-08-28T14:09:46.028007Z,2024-08-28,en-US,troubleshooting,troubleshooting;,pierre9136,Unable to open Thunderbird,https://support.mozilla.org/questions/1460833,,,,,,,,,0,false,,False,
1460835,2024-08-28T14:21:36.693288Z,2024-08-28,en-US,other,other;,glauco.masotti,Dimensione carattere ingestibile,https://support.mozilla.org/questions/1460835,,,,,,,,,0,false,,False,
1460836,2024-08-28T14:23:47.303260Z,2024-08-28,en-US,calendar,calendar;,steve.ramar,Import Profile Failed.  Any tools to extract calendar data from profile?,https://support.mozilla.org/questions/1460836,,,,,,,,,2,true,0.97,False,
1460838,2024-08-28T14:25:32.197301Z,2024-08-28,it,other,other;needsinfo;,defazio.daniela,LOST EMAILS,https://support.mozilla.org/questions/1460838,,,,,,,,,1,true,0.12,False,
1460839,2024-08-28T14:32:36.409734Z,2024-08-28,en-US,troubleshooting,troubleshooting;,mgrills,Filters that move email appear to be working until Inbox is repaired,https://support.mozilla.org/questions/1460839,os:windows,,,,,,,,0,false,,False,
1460844,2024-08-28T14:57:21.041701Z,2024-08-28,pt-BR,troubleshooting,troubleshooting;,diogo83,Resolver problema de e-mails duplicados,https://support.mozilla.org/questions/1460844,,,,,,,,,0,false,,False,
1460845,2024-08-28T15:05:19.395043Z,2024-08-28,it,other,other;needsinfo;,italomagos2020,non riesco a ottenere i messaggi di fatture ENEL O ALTRI utenti nonostante tante prove. cosa devo fare?,https://support.mozilla.org/questions/1460845,,,,,,,,,1,true,0.12,False,
1460849,2024-08-28T15:18:42.168324Z,2024-08-28,en-US,troubleshooting,troubleshooting;,dumacp,Thunderbird no ui,https://support.mozilla.org/questions/1460849,,,,,,,,,0,false,,False,
1460852,2024-08-28T15:29:48.571571Z,2024-08-28,en-US,troubleshooting,troubleshooting;,rdeckert,Cant Login to my acc,https://support.mozilla.org/questions/1460852,,,,,,,,,1,true,4.64,False,
1460853,2024-08-28T15:45:23.725318Z,2024-08-28,en-US,troubleshooting,troubleshooting;,geoffhenderson444,address book import from BTyahoo unusable,https://support.mozilla.org/questions/1460853,,,,,m:yahooemail,isp:btinternet,,,3,true,0.55,False,
1460856,2024-08-28T15:52:21.096858Z,2024-08-28,en-US,other,other;,Nibblet,How to remove toolbar button?,https://support.mozilla.org/questions/1460856,,,,,,,,,4,true,2.06,True,sfhowes
1460857,2024-08-28T15:52:40.758918Z,2024-08-28,en-US,troubleshooting,troubleshooting;,shydubren,missing profiles,https://support.mozilla.org/questions/1460857,,,,,,,,,8,true,0.37,False,
1460858,2024-08-28T15:54:47.242842Z,2024-08-28,en-US,settings,customize-settings-and-preferences;,jwalby,replying to messages,https://support.mozilla.org/questions/1460858,,,,,,,,,1,true,0.29,False,
1460859,2024-08-28T15:55:21.877749Z,2024-08-28,en-US,other,other;,steve199,Thunderbird on Windows 10/11,https://support.mozilla.org/questions/1460859,os:windows,,,,,,,,3,true,1.95,False,
1460860,2024-08-28T16:03:56.259032Z,2024-08-28,en-US,installation-and-updates,install-and-update;,rex15,Thunderbird in Windows Install Issue,https://support.mozilla.org/questions/1460860,os:windows,,,,m:microsoftemail,,,,6,true,0.86,False,
1460862,2024-08-28T16:12:44.257704Z,2024-08-28,en-US,other,other;,wjvond1,Blocked email accounts,https://support.mozilla.org/questions/1460862,,,,,,,,,1,true,0.63,False,
1460864,2024-08-28T16:25:51.903010Z,2024-08-28,en-US,troubleshooting,troubleshooting;,steve.ramar,"Do we ever get to connect with the ""geniuses"" who are currently developing Thunderbird?",https://support.mozilla.org/questions/1460864,,,,,,,,,6,true,0.38,False,
1460866,2024-08-28T16:32:22.678118Z,2024-08-28,en-US,troubleshooting,troubleshooting;,dataphxaz,Thunderbird setup questions,https://support.mozilla.org/questions/1460866,,,,,,,proto:smtp;proto:pop,,1,true,0.08,False,
1460867,2024-08-28T16:36:03.004351Z,2024-08-28,en-US,troubleshooting,troubleshooting;,rdtut,Very Slow,https://support.mozilla.org/questions/1460867,,,,,,,,,0,false,,False,
1460873,2024-08-28T17:00:56.579866Z,2024-08-28,en-US,calendar,calendar;,manager55,updated from 115 to 128.1.1esr and now (icloud) calendars wont sync,https://support.mozilla.org/questions/1460873,,,,,,,,,6,true,0.51,True,manager55
1460874,2024-08-28T17:09:03.452136Z,2024-08-28,en-US,troubleshooting,troubleshooting;,watsonf,unable to send email,https://support.mozilla.org/questions/1460874,,,,,,,,,1,true,2.83,False,
1460881,2024-08-28T17:55:55.725233Z,2024-08-28,en-US,settings,customize-settings-and-preferences;,walt.f,Message List Pane displays differently on new computer; how to match old appearance?,https://support.mozilla.org/questions/1460881,os:macos,,,,,,,,3,true,0.4,True,sfhowes
1460882,2024-08-28T17:59:09.021217Z,2024-08-28,en-US,troubleshooting,troubleshooting;,chris672,Multiple folders are missing email and templates,https://support.mozilla.org/questions/1460882,,,,,,,,,4,true,1.53,False,
1460888,2024-08-28T18:14:54.162096Z,2024-08-28,en-US,troubleshooting,needsinfo;troubleshooting;,atldetective,Account settings alert message on incoming email,https://support.mozilla.org/questions/1460888,,,,,m:gmail,,,,2,true,0.05,False,
1460892,2024-08-28T18:36:45.216854Z,2024-08-28,en-US,troubleshooting,troubleshooting;,jdurdan1,how would i export my e-mail contact list out of thunderbird,https://support.mozilla.org/questions/1460892,,,,,,,,,1,true,0.66,False,
1460896,2024-08-28T19:05:28.320600Z,2024-08-28,en-US,troubleshooting,troubleshooting;,bob22,No content in messages except -----_=_NextPart_.....,https://support.mozilla.org/questions/1460896,,,,,m:gmail,,,,0,false,,False,
1460898,2024-08-28T19:16:28.850940Z,2024-08-28,nl,other,other;,andrebutter30,Lokale mappen,https://support.mozilla.org/questions/1460898,,,,,,,,,1,true,86.78,False,
1460899,2024-08-28T19:23:09.119731Z,2024-08-28,en-US,troubleshooting,troubleshooting;,dumacp,Thunderbird user interface not loading,https://support.mozilla.org/questions/1460899,,,,,,,,,0,false,,False,
1460906,2024-08-28T20:16:18.660770Z,2024-08-28,en-US,other,other;,habadzi,"search function stopped in esr - after one letter, all email becomes unavailable for 5 minutes",https://support.mozilla.org/questions/1460906,os:windows,,,,,,,,0,false,,False,
1460907,2024-08-28T20:38:48.233463Z,2024-08-28,en-US,troubleshooting,troubleshooting;,jefferycbond,"Some emails are arriving corrupted, others aren't",https://support.mozilla.org/questions/1460907,,,,,,,,,0,false,,False,
1460908,2024-08-28T20:48:40.077511Z,2024-08-28,en-US,privacy-and-security,protect-your-privacy;,admin882,Thunderbird  Entra Application Conse(9e5f94bc-e8a4-4e73-b8be-63364c29d753),https://support.mozilla.org/questions/1460908,,,,,,,proto:oauth,,0,false,,False,
1460909,2024-08-28T20:48:58.215648Z,2024-08-28,en-US,troubleshooting,troubleshooting;,valu8tormg,Thunderbird System Folder Excessive Size,https://support.mozilla.org/questions/1460909,,,,,m:gmail;m:microsoftemail,,proto:imap,,4,true,135.78,False,
1460910,2024-08-28T20:56:23.224668Z,2024-08-28,en-US,installation-and-updates,install-and-update;,philip7839,Setting up ATT email account on Thunderbird?,https://support.mozilla.org/questions/1460910,,,,,,isp:att,,,0,false,,False,
1460912,2024-08-28T21:01:23.711133Z,2024-08-28,it,other,other;,fabiano.bindi,Invalid Password su account PEC ma la Password è corretta,https://support.mozilla.org/questions/1460912,,,,,,,,,2,true,8.99,True,fabiano.bindi
1460913,2024-08-28T21:33:51.272615Z,2024-08-28,en-US,settings,customize-settings-and-preferences;,carloswallhead,Tag Issue after Thunderbird update,https://support.mozilla.org/questions/1460913,,,,,,,,,1,true,3.83,False,
1460914,2024-08-28T21:45:38.896356Z,2024-08-28,en-US,troubleshooting,troubleshooting;,atldetective,Missing server settings and composition and addressing in settings,https://support.mozilla.org/questions/1460914,,,,,,,,,0,false,,False,
1460916,2024-08-28T22:11:32.406720Z,2024-08-28,pt-BR,troubleshooting,troubleshooting;,edison9,Filtros de mensagens no ThunderBird versão 128.0.1esr,https://support.mozilla.org/questions/1460916,os:windows,,,,,,,,0,false,,False,
1460917,2024-08-28T22:13:32.915469Z,2024-08-28,en-US,settings,customize-settings-and-preferences;,glennmorse,Is it possible to re-order the main panes? (message view in the center),https://support.mozilla.org/questions/1460917,,,,,,,,,0,false,,False,
1460918,2024-08-28T22:15:37.045582Z,2024-08-28,pt-BR,troubleshooting,troubleshooting;,thaispraistorres,Importação de emails,https://support.mozilla.org/questions/1460918,,,,,,,,,0,false,,False,
1460919,2024-08-28T22:22:04.562700Z,2024-08-28,en-US,troubleshooting,troubleshooting;,drost,Known email accounts now coming over as plain text with .dat files,https://support.mozilla.org/questions/1460919,,,,,,,,,2,true,2.94,False,
1460926,2024-08-28T22:56:34.706763Z,2024-08-28,en-US,settings,customize-settings-and-preferences;,centifanto,How to remove Templates and Archive folders?,https://support.mozilla.org/questions/1460926,,,,,,,,,0,false,,False,
1460933,2024-08-29T00:41:12.742080Z,2024-08-29,en-US,other,other;,BDS1959,Send an Email to a Group in my Thunderbird Address Book,https://support.mozilla.org/questions/1460933,,,,,,,,,0,false,,False,
1460937,2024-08-29T01:06:24.290383Z,2024-08-29,en-US,other,other;,darrell8,I wish to change my email address,https://support.mozilla.org/questions/1460937,,,,,m:gmx,,,,5,true,0.04,False,
1460940,2024-08-29T02:12:47.999622Z,2024-08-29,en-US,installation-and-updates,install-and-update;,bp2712,How can I setup new account on Thunderbird from Reagan.com/email,https://support.mozilla.org/questions/1460940,,,,,,,,,3,true,1.1,False,
1460941,2024-08-29T02:24:55.014583Z,2024-08-29,en-US,troubleshooting,troubleshooting;,kec508,Mbox transfer to Gmail inbox stops midstream,https://support.mozilla.org/questions/1460941,,,,,m:gmail,,,,1,true,1.4,False,
1460943,2024-08-29T02:59:27.223650Z,2024-08-29,en-US,settings,customize-settings-and-preferences;,mozilla411,Threading!  (Yes again!),https://support.mozilla.org/questions/1460943,,,,,,,,,0,false,,False,
1460950,2024-08-29T03:56:56.318950Z,2024-08-29,en-US,other,other;,heartattackla,emails aren't downloading on TB?,https://support.mozilla.org/questions/1460950,,,,,m:microsoftemail,isp:spectrum,,,0,false,,False,
1460951,2024-08-29T03:59:46.970846Z,2024-08-29,en-US,troubleshooting,troubleshooting;,trjunkstuffid,"Thunderbird will not accept the new google/gmail passwords, keeps returning to the the same screen.",https://support.mozilla.org/questions/1460951,os:windows,,,,m:gmail,,proto:pop,,6,true,81.07,False,
1460952,2024-08-29T04:05:45.242772Z,2024-08-29,en-US,other,other;,coderios_2015_dev,Thunderbird Email v115.11.0 broke Multi-Instance Sessions (ie more than one version running),https://support.mozilla.org/questions/1460952,,,,,,,,,0,false,,False,
1460954,2024-08-29T05:07:17.630504Z,2024-08-29,en-US,troubleshooting,troubleshooting;,sherrah,emails stopped coming after update 21/8/2024 on this desktop but still come in on other desktop,https://support.mozilla.org/questions/1460954,,,,,m:microsoftemail,,,,0,false,,False,
1460957,2024-08-29T05:18:37.276647Z,2024-08-29,en-US,troubleshooting,troubleshooting;,vskcomputertechsolutions,Thunderbird mail slowness,https://support.mozilla.org/questions/1460957,,,,,,,,,1,true,27.76,False,
1460958,2024-08-29T05:19:15.608301Z,2024-08-29,en-US,troubleshooting,troubleshooting;,LWSiegel,2-1/2 years of emails disappeared from Inbox,https://support.mozilla.org/questions/1460958,os:windows,,,,,,,,0,false,,False,
1460959,2024-08-29T05:28:19.895710Z,2024-08-29,en-US,installation-and-updates,install-and-update;,mail2157,"After udating to TB Nebula, downloading is very slow",https://support.mozilla.org/questions/1460959,,,,,,,,,5,true,27.59,False,
1460960,2024-08-29T06:03:56.725670Z,2024-08-29,en-US,troubleshooting,troubleshooting;,andstach,zawieszanie thunderbirda przy wysyłaniu wiadomości,https://support.mozilla.org/questions/1460960,,,,,,,,,0,false,,False,
1460964,2024-08-29T06:52:50.831961Z,2024-08-29,it,other,other;needsinfo;,ameippo,importazione mail thunderbird su nuovo pc,https://support.mozilla.org/questions/1460964,,,,,,,,,1,true,1.92,False,
1460966,2024-08-29T06:57:47.164973Z,2024-08-29,en-US,troubleshooting,troubleshooting;,skyangel1,Sent mail converts to code,https://support.mozilla.org/questions/1460966,,,,,,,,,0,false,,False,
1460967,2024-08-29T07:07:16.936443Z,2024-08-29,en-US,other,other;,john391,Deleting an email account,https://support.mozilla.org/questions/1460967,,,,,,,,,4,true,3.94,True,davidsk
1460968,2024-08-29T07:09:22.907818Z,2024-08-29,en-US,calendar,calendar;,wheelerandrew,css to target only calendar events that are not all day events,https://support.mozilla.org/questions/1460968,,,,,,,,,0,false,,False,
1460970,2024-08-29T07:19:42.234596Z,2024-08-29,en-US,troubleshooting,troubleshooting;,troubleshooterF108,Duplicate folder of top account at bottom of Thunderbird file tree.,https://support.mozilla.org/questions/1460970,,,,,m:gmail;m:microsoftemail,,proto:imap,,0,false,,False,
1460972,2024-08-29T07:24:16.352673Z,2024-08-29,en-US,other,other;,sales441,"when i log in email, found all the previous email all lost. how to recover ? only update to 15.08.2024 email only.",https://support.mozilla.org/questions/1460972,,,,,,,,,0,false,,False,
1460976,2024-08-29T08:04:07.658103Z,2024-08-29,it,other,other;,l_ber,Non compare più il testo de messaggio,https://support.mozilla.org/questions/1460976,os:windows,,,,,,,,3,true,0.89,False,
1460978,2024-08-29T08:28:02.202490Z,2024-08-29,en-US,installation-and-updates,needsinfo;install-and-update;,alanrson,EMALS,https://support.mozilla.org/questions/1460978,,,,,,,,,1,true,4.25,False,
1460980,2024-08-29T09:21:11.129225Z,2024-08-29,en-US,troubleshooting,troubleshooting;,cranleighboy,Archive folder behaving strangely,https://support.mozilla.org/questions/1460980,,,,,,,,,0,false,,False,
1460983,2024-08-29T09:41:08.500702Z,2024-08-29,nl,troubleshooting,troubleshooting;,willemhogendoorn55,Foutmelding bij Thunderbird: error 10060,https://support.mozilla.org/questions/1460983,,,,,,,proto:smtp,,1,true,4.1,False,
1460985,2024-08-29T09:57:03.613775Z,2024-08-29,en-US,troubleshooting,troubleshooting;,christian11112011,"today all gmx.de email accounts login failed, passwords are correct, i still can access without thunderbird",https://support.mozilla.org/questions/1460985,,,,,m:gmx,,,,1,true,1.48,False,
1460987,2024-08-29T10:23:19.411780Z,2024-08-29,en-US,settings,customize-settings-and-preferences;,mail2158,Passwort ändern,https://support.mozilla.org/questions/1460987,,,,,,,,,1,true,0.9,False,
1460992,2024-08-29T10:45:25.599706Z,2024-08-29,en-US,troubleshooting,troubleshooting;,alan242,Thunderbird access,https://support.mozilla.org/questions/1460992,,,,,,,,,1,true,0.46,False,
1460993,2024-08-29T11:14:54.292933Z,2024-08-29,en-US,calendar,calendar;,marcingruba87,How create message from calendar event?,https://support.mozilla.org/questions/1460993,,,,,,,,,0,false,,False,
1460994,2024-08-29T11:17:54.614769Z,2024-08-29,en-US,troubleshooting,troubleshooting;,marcingruba87,Problem with fast filter,https://support.mozilla.org/questions/1460994,,,,,,,,,1,true,21.75,False,
1460997,2024-08-29T11:40:36.633046Z,2024-08-29,it,installation-and-updates,needsinfo;install-and-update;,steliroberto68,"non ricevo e non invio email dal 27 agosto,mi chiede password e non la riconosce",https://support.mozilla.org/questions/1460997,,,,,,,,,1,true,3.04,False,
1461002,2024-08-29T12:33:16.634433Z,2024-08-29,en-US,troubleshooting,troubleshooting;,mackintosh,Thunderbird will not delete messages,https://support.mozilla.org/questions/1461002,,,,,,,,,3,true,0.68,False,
1461004,2024-08-29T12:52:47.139646Z,2024-08-29,en-US,settings,customize-settings-and-preferences;,Markus1954,how do I arrange my emails recent first,https://support.mozilla.org/questions/1461004,,,,,,,,,1,false,,False,
1461008,2024-08-29T13:43:24.438073Z,2024-08-29,en-US,settings,customize-settings-and-preferences;,rhud,Date not sorting correctly,https://support.mozilla.org/questions/1461008,,,,,,isp:comcast,,,0,false,,False,
1461009,2024-08-29T13:52:00.863667Z,2024-08-29,en-US,other,other;,slsargent100,I'm sooo antry with Thunderbird,https://support.mozilla.org/questions/1461009,,,,,,,,,1,true,0.64,False,
1461012,2024-08-29T14:19:57.363622Z,2024-08-29,en-US,troubleshooting,troubleshooting;,turtle3,email in thunderbird,https://support.mozilla.org/questions/1461012,,,,,,,,,0,false,,False,
1461013,2024-08-29T14:22:50.018084Z,2024-08-29,pt-BR,other,other;,felipe20,Problemas de sicronismo na Caixa de Entrada do Thunderbird - email sendo excluidos sem conceção,https://support.mozilla.org/questions/1461013,,,,,,,,,0,false,,False,
1461014,2024-08-29T14:25:39.417109Z,2024-08-29,en-US,troubleshooting,troubleshooting;bug1911225;,tristram2,Cannot create new sub-folders or re-name folders,https://support.mozilla.org/questions/1461014,os:macos,,,,,,,,1,true,48.55,False,
1461016,2024-08-29T14:33:21.179374Z,2024-08-29,en-US,settings,customize-settings-and-preferences;,jjtyson43,WAY TOO MUCH JUNK MAIL,https://support.mozilla.org/questions/1461016,,,,,,,,,1,true,0.74,False,
1461022,2024-08-29T15:10:37.573759Z,2024-08-29,en-US,settings,customize-settings-and-preferences;,Markus1954,how do I arrange my emails recent first,https://support.mozilla.org/questions/1461022,,,,,,,,,1,true,0.09,False,
1461023,2024-08-29T15:15:57.857953Z,2024-08-29,en-US,settings,customize-settings-and-preferences;,vicki.fogcreek,Thunderbird toolbar,https://support.mozilla.org/questions/1461023,,,,,,,,,3,true,0.07,True,sfhowes
1461024,2024-08-29T15:18:16.352213Z,2024-08-29,en-US,settings,customize-settings-and-preferences;,reg30,Read Status Green dot is Too Small,https://support.mozilla.org/questions/1461024,,,,,,,,,2,true,2.69,False,
1461029,2024-08-29T15:43:37.131594Z,2024-08-29,en-US,troubleshooting,troubleshooting;,nandplevy,I am being asked for my password every time I send an email,https://support.mozilla.org/questions/1461029,,,,,,,,,1,true,0.35,False,
1461032,2024-08-29T15:55:24.818408Z,2024-08-29,en-US,settings,customize-settings-and-preferences;,aeons2005,"Settings do not ""stick""",https://support.mozilla.org/questions/1461032,,,,,m:microsoftemail,isp:verizon,proto:imap;proto:pop;proto:oauth,,1,true,0.08,False,
1461033,2024-08-29T16:00:38.018238Z,2024-08-29,en-US,troubleshooting,troubleshooting;,johnserr,Cannot send email from windows 10 file explorer or from within Office 365 apps because of mapi failure after updating to,https://support.mozilla.org/questions/1461033,os:windows,,,,m:microsoftemail,,,,4,true,47.09,True,johnserr
1461036,2024-08-29T16:08:11.493948Z,2024-08-29,en-US,installation-and-updates,install-and-update;,eleyclub,setting up imap accounts,https://support.mozilla.org/questions/1461036,os:macos,,,,,,proto:imap;proto:pop,,4,true,0.35,False,
1461040,2024-08-29T16:30:55.638434Z,2024-08-29,en-US,troubleshooting,troubleshooting;,jcpettit,Unable to open doc or docx attachments to Thunderbird messages received.,https://support.mozilla.org/questions/1461040,,,,,m:microsoftemail,,,,0,false,,False,
1461043,2024-08-29T16:45:06.458082Z,2024-08-29,en-US,installation-and-updates,install-and-update;,wepeck,Secure Mail Keys,https://support.mozilla.org/questions/1461043,,,,,,isp:att,,,1,true,0.45,False,
1461063,2024-08-29T17:45:12.872593Z,2024-08-29,nl,troubleshooting,troubleshooting;,liekevanderlinden,"Ik ben mijn ""sent""knop kwijt, hoe krijg ik die weer terug??",https://support.mozilla.org/questions/1461063,,,,,,,,,1,true,17.55,False,
1461071,2024-08-29T18:08:48.444206Z,2024-08-29,en-US,other,other;,tsunami2311,Thuderbird address,https://support.mozilla.org/questions/1461071,,,,,,,,,2,true,0.45,True,sfhowes
1461073,2024-08-29T18:18:08.209084Z,2024-08-29,en-US,troubleshooting,troubleshooting;,tom.cordiner,Quick filter on 128.1.1esr (64-bit) on macOS Sonoma 14.6.1,https://support.mozilla.org/questions/1461073,os:macos,,,,,,proto:imap,,2,true,14.74,False,
1461075,2024-08-29T18:29:26.541941Z,2024-08-29,en-US,installation-and-updates,install-and-update;,loy3,Install thunderbird on iPhone,https://support.mozilla.org/questions/1461075,,,,,,,,,1,true,1.53,False,
1461079,2024-08-29T19:09:36.199101Z,2024-08-29,en-US,installation-and-updates,install-and-update;,philmary,installing Thunderbird from Spectrum,https://support.mozilla.org/questions/1461079,,,,,m:microsoftemail,isp:spectrum,,,1,true,1.07,False,
1461080,2024-08-29T19:15:03.807496Z,2024-08-29,pt-BR,troubleshooting,troubleshooting;,acmm.adv,"E-mails antigos não estão abrindo, o que fazer?",https://support.mozilla.org/questions/1461080,,,,,,,,,0,false,,False,
1461086,2024-08-29T19:46:56.012747Z,2024-08-29,en-US,troubleshooting,troubleshooting;,rudyard1,Not receiving e-mails,https://support.mozilla.org/questions/1461086,,,,,,,,av:norton,0,false,,False,
1461087,2024-08-29T19:56:08.448568Z,2024-08-29,pt-BR,settings,customize-settings-and-preferences;,hilda.carvalho,Dica para configuração das colunas e ordenação para visualização dos e-mails de todas as pastas,https://support.mozilla.org/questions/1461087,,,,,,,,,0,false,,False,
1461095,2024-08-29T20:54:27.019696Z,2024-08-29,en-US,other,other;,rgeralds50,Local File,https://support.mozilla.org/questions/1461095,,,,,,,,,1,true,15.39,False,
1461097,2024-08-29T21:01:03.141127Z,2024-08-29,en-US,troubleshooting,troubleshooting;,hilldelinc,"After Thunderbird update, all saved emails and email addresses have been deleted.",https://support.mozilla.org/questions/1461097,,,,,,,,,2,false,,False,
1461098,2024-08-29T21:48:39.455968Z,2024-08-29,en-US,troubleshooting,troubleshooting;,springsilver601,My Thunderbird email has disappeared together with all its contents,https://support.mozilla.org/questions/1461098,,,,,,,,,2,true,48.14,False,
1461099,2024-08-29T22:01:24.417626Z,2024-08-29,en-US,other,other;,gcastrop,"Database messages corrupted? Headers of some messages, and chunks of other messages mixed.",https://support.mozilla.org/questions/1461099,os:windows,,,,,,proto:imap,,3,true,40.74,False,
1461102,2024-08-29T22:22:14.148730Z,2024-08-29,es,troubleshooting,troubleshooting;,inbiosys1,La bandeja de entrada borra los correos,https://support.mozilla.org/questions/1461102,,,,,,,,,1,true,70.76,False,
1461105,2024-08-29T22:28:47.457079Z,2024-08-29,es,troubleshooting,troubleshooting;,inbiosys1,La bandeja de entrada borra los correos,https://support.mozilla.org/questions/1461105,,,,,,,,,1,true,70.63,False,
1461107,2024-08-29T22:48:07.039564Z,2024-08-29,en-US,troubleshooting,troubleshooting;,marks6,change gmail password thunderbird not working,https://support.mozilla.org/questions/1461107,,,,,m:gmail,,,,2,true,18.04,False,
1461109,2024-08-29T22:49:01.379536Z,2024-08-29,en-US,troubleshooting,troubleshooting;,RemySecor,"Yahoo email stopped working with Thunderbird August 28, 2024 - OAuth2 has been enabled forever - can't log in",https://support.mozilla.org/questions/1461109,,,,,m:yahooemail,,proto:oauth,,0,false,,False,
1461112,2024-08-29T23:10:31.767176Z,2024-08-29,en-US,settings,customize-settings-and-preferences;,jimcashbyiii,auto delete junk mail,https://support.mozilla.org/questions/1461112,,,,,,,,,1,true,13.01,False,
1461117,2024-08-29T23:42:10.980112Z,2024-08-29,en-US,installation-and-updates,install-and-update;,drbevpuzia,Sending email responses in Mozilla,https://support.mozilla.org/questions/1461117,,,,,,,,,1,true,9.3,False,
1461120,2024-08-30T00:35:52.232303Z,2024-08-30,en-US,troubleshooting,troubleshooting;,jshoup,",org email domains",https://support.mozilla.org/questions/1461120,,,,,,,,,1,true,11.03,False,
1461122,2024-08-30T01:56:44.232675Z,2024-08-30,it,other,other;needsinfo;,8francescodisiena,Email che non arrivano,https://support.mozilla.org/questions/1461122,,,,,m:microsoftemail,,,,1,true,4.01,False,
1461129,2024-08-30T02:48:24.030659Z,2024-08-30,en-US,calendar,calendar;,ronmauer2,Creating new event in Thunderbird calendar,https://support.mozilla.org/questions/1461129,,,,,,,,,0,false,,False,
1461130,2024-08-30T03:07:48.980025Z,2024-08-30,en-US,other,other;,conan19511,Local Folders,https://support.mozilla.org/questions/1461130,,,,,,,,,0,false,,False,
1461136,2024-08-30T04:53:36.071098Z,2024-08-30,en-US,troubleshooting,troubleshooting;,pnsed,Emails no longer come through,https://support.mozilla.org/questions/1461136,,,,,,,,,0,false,,False,
1461147,2024-08-30T07:57:20.514571Z,2024-08-30,it,other,other;,studiobianchigi,quando attivo thunderbird mi esce la comunicazione :  autenticazione al server imap non riuscita. cosa vuol dire ?,https://support.mozilla.org/questions/1461147,,,,,,,proto:imap,,1,true,0.22,False,
1461149,2024-08-30T08:34:43.653862Z,2024-08-30,en-US,installation-and-updates,install-and-update;,grantdixon,"Can't update Thunderbird password as account has disappeared for ""The Messaging Company"" account",https://support.mozilla.org/questions/1461149,,,,,,,proto:pop,,6,true,3.03,False,
1461153,2024-08-30T09:11:17.205113Z,2024-08-30,it,troubleshooting,troubleshooting;,andrea.mollo,Posta in Arrivo,https://support.mozilla.org/questions/1461153,,,,,,,,,1,true,1.38,False,
1461154,2024-08-30T09:16:15.236284Z,2024-08-30,tr,troubleshooting,troubleshooting;,atolyedelicee,Sunucuya bağlanamadı uyarısı,https://support.mozilla.org/questions/1461154,,,,,,,,,1,true,2.7,False,
1461155,2024-08-30T09:32:23.528994Z,2024-08-30,en-US,troubleshooting,troubleshooting;,oliviahhh,Can't open old emails,https://support.mozilla.org/questions/1461155,,,,,,,,,1,true,18.16,False,
1461156,2024-08-30T09:32:30.633993Z,2024-08-30,nl,troubleshooting,troubleshooting;,avmetselwerken,"ontvang sinds 26 08 2024 geen e mails meer,hoe kan ik dat oplossen.",https://support.mozilla.org/questions/1461156,,,,,,,,,1,true,1.67,False,
1461158,2024-08-30T10:25:58.955396Z,2024-08-30,en-US,other,other;,globalwarfareuk,missing email,https://support.mozilla.org/questions/1461158,,,,,m:microsoftemail,,,,0,false,,False,
1461160,2024-08-30T10:42:13.924889Z,2024-08-30,en-US,installation-and-updates,install-and-update;,ken_viv.drake,Reinstalling Thunderbirds,https://support.mozilla.org/questions/1461160,,,,,,,,,1,true,1.44,False,
1461161,2024-08-30T10:45:46.360923Z,2024-08-30,it,troubleshooting,troubleshooting;,matteo.porta,Compattazione,https://support.mozilla.org/questions/1461161,,,,,,,,,5,true,3.43,False,
1461167,2024-08-30T11:40:09.844943Z,2024-08-30,pt-BR,troubleshooting,troubleshooting;,andre.ads88,Falha no processo de exportar perfil na ferramenta de exportar do Thunderbird,https://support.mozilla.org/questions/1461167,os:windows,,,,,,,,0,false,,False,
1461169,2024-08-30T11:45:35.983288Z,2024-08-30,en-US,settings,customize-settings-and-preferences;,bubba101,open link in new chrome window,https://support.mozilla.org/questions/1461169,os:windows,,,,,,,,5,true,0.32,False,
1461170,2024-08-30T11:45:49.817279Z,2024-08-30,nl,troubleshooting,troubleshooting;,cas.laansma,Lege e-mails,https://support.mozilla.org/questions/1461170,,,,,,,,,1,true,46.2,False,
1461177,2024-08-30T12:12:49.574325Z,2024-08-30,en-US,settings,customize-settings-and-preferences;,marcin.szkudlarz,Share profile Windows and Ubuntu,https://support.mozilla.org/questions/1461177,os:linux,,,,,,,,3,true,6.99,False,
1461182,2024-08-30T12:54:46.175780Z,2024-08-30,cs,settings,customize-settings-and-preferences;,razitka.marhory,Thunderbird 128.1.1esr (32 bitů) - lišta stylů,https://support.mozilla.org/questions/1461182,,,,,,,,,2,true,5.17,True,Ansamb
1461185,2024-08-30T13:11:35.662339Z,2024-08-30,en-US,other,other;,waltersrobt,Thunderbird Supernova->Nebula: Thank you developers and two questions,https://support.mozilla.org/questions/1461185,,,,,m:microsoftemail,,,,2,true,4.74,False,
1461186,2024-08-30T13:23:24.413580Z,2024-08-30,en-US,troubleshooting,troubleshooting;,michelklaasen0,Unified folders disappear from favorite folders after restarting. Is this a bug?,https://support.mozilla.org/questions/1461186,,,,,,,,,4,true,3.49,True,michelklaasen0
1461187,2024-08-30T13:25:39.449128Z,2024-08-30,en-US,troubleshooting,troubleshooting;,paul1kec,Can't access server,https://support.mozilla.org/questions/1461187,,,,,,isp:optimum,,,1,true,2.37,False,
1461192,2024-08-30T14:04:29.640654Z,2024-08-30,en-US,calendar,calendar;,mikealte135,thunderbird calendar,https://support.mozilla.org/questions/1461192,,,,,,,,,0,false,,False,
1461197,2024-08-30T15:00:29.914198Z,2024-08-30,it,troubleshooting,troubleshooting;,mauro.scarfagna,email,https://support.mozilla.org/questions/1461197,,,,,,,,,1,true,0.95,False,
1461203,2024-08-30T15:56:09.611046Z,2024-08-30,en-US,troubleshooting,troubleshooting;,info11802,"Please Help, the content of my emails is not visible anymore",https://support.mozilla.org/questions/1461203,,,,,,,proto:pop,av:bitdefender,1,true,13.79,False,
1461204,2024-08-30T16:00:54.833570Z,2024-08-30,en-US,other,other;,gabrielxrabanser,Disable autodeleting mails,https://support.mozilla.org/questions/1461204,,,,,,,proto:imap,,1,true,5.49,False,
1461210,2024-08-30T16:57:03.974113Z,2024-08-30,en-US,other,other;,brewster3,strikethrough,https://support.mozilla.org/questions/1461210,,,,,,,,,1,true,0.74,False,
1461211,2024-08-30T16:58:04.326802Z,2024-08-30,en-US,other,other;,gaicm2,Payment,https://support.mozilla.org/questions/1461211,os:windows,,,,,,,,1,true,2.65,False,
1461213,2024-08-30T17:14:22.170775Z,2024-08-30,en-US,other,other;,frank318,howto select/delete (many) duplicate eMails?,https://support.mozilla.org/questions/1461213,,,,,,,,,1,true,1.55,True,davidsk
1461215,2024-08-30T17:23:39.906519Z,2024-08-30,en-US,troubleshooting,troubleshooting;,gts2005,error message,https://support.mozilla.org/questions/1461215,,,,,,,,,0,false,,False,
1461217,2024-08-30T17:34:12.916760Z,2024-08-30,en-US,troubleshooting,troubleshooting;,P_Hess,Can't rename or delete newly created local folders,https://support.mozilla.org/questions/1461217,,,,,m:microsoftemail,,,,1,true,1334.99,False,
1461218,2024-08-30T17:46:19.406543Z,2024-08-30,en-US,troubleshooting,troubleshooting;,kathie.costa,All of my folders are gone in my email,https://support.mozilla.org/questions/1461218,,,,,,,,,2,true,11.82,False,
1461222,2024-08-30T18:04:43.704788Z,2024-08-30,en-US,settings,customize-settings-and-preferences;,anaconda2,How to change my email address in Thunderbird,https://support.mozilla.org/questions/1461222,,,,,,isp:bell,,,1,true,0.33,False,
1461225,2024-08-30T18:46:52.383674Z,2024-08-30,en-US,troubleshooting,troubleshooting;,jimsue1531,"Unable to receive, or send emails after Xfinity upgraded our package.",https://support.mozilla.org/questions/1461225,,,,,,isp:comcast,,,1,true,0.79,False,
1461226,2024-08-30T18:48:04.863518Z,2024-08-30,en-US,other,other;,blackraven44,Drop-down List,https://support.mozilla.org/questions/1461226,,,,,m:microsoftemail,,,,1,true,0.49,False,
1461228,2024-08-30T19:02:07.637359Z,2024-08-30,en-US,troubleshooting,troubleshooting;,jimsue1531,"Unable to receive, or send emails after Xfinity upgraded our package.",https://support.mozilla.org/questions/1461228,,,,,,isp:comcast,,,2,true,0.52,False,
1461229,2024-08-30T19:02:17.970951Z,2024-08-30,en-US,settings,customize-settings-and-preferences;,Alan128,Nebula Classic Reader,https://support.mozilla.org/questions/1461229,,,,,,,,,2,true,1.95,True,Googlethunderbird.
1461234,2024-08-30T20:06:08.253486Z,2024-08-30,en-US,installation-and-updates,install-and-update;,br5491,Thunderbird account setup fails smtp login,https://support.mozilla.org/questions/1461234,,,,,,,proto:imap;proto:smtp;proto:pop,,12,true,7.56,False,
1461235,2024-08-30T20:17:21.641871Z,2024-08-30,en-US,troubleshooting,troubleshooting;,pedro50,password will not work,https://support.mozilla.org/questions/1461235,,,,,m:gmail,,,av:norton,1,true,7.28,False,
1461241,2024-08-30T21:19:23.444691Z,2024-08-30,en-US,troubleshooting,troubleshooting;,kittysback,Emails have stopped working,https://support.mozilla.org/questions/1461241,,,,,m:microsoftemail,,proto:imap,,4,true,4.48,True,sfhowes
1461243,2024-08-30T21:44:44.970315Z,2024-08-30,en-US,troubleshooting,troubleshooting;,jsprinting,Thunderbird issues after new modem,https://support.mozilla.org/questions/1461243,,,,,,,proto:smtp,,0,false,,False,
1461251,2024-08-30T23:02:56.040620Z,2024-08-30,en-US,other,other;,XTC.fan,Trying to retrieve my old account ......,https://support.mozilla.org/questions/1461251,,,,,,,,,1,true,5.53,False,
1461261,2024-08-31T00:47:57.199699Z,2024-08-31,en-US,other,other;,mr108,Only part of email messages in POP account are downloaded at a time,https://support.mozilla.org/questions/1461261,,,,,,,proto:pop,,2,true,2.92,False,
1461263,2024-08-31T02:09:38.949711Z,2024-08-31,en-US,calendar,calendar;,acmcd,Thunderbird 128 Calendar: Calendar search function: Ability to search for Past Events,https://support.mozilla.org/questions/1461263,,,,,,,,,2,true,2.9,False,
1461268,2024-08-31T03:28:19.717497Z,2024-08-31,en-US,other,other;,croemke,Missing files,https://support.mozilla.org/questions/1461268,,,,,,,,,2,true,0.06,False,
1461276,2024-08-31T05:04:37.068496Z,2024-08-31,en-US,settings,customize-settings-and-preferences;,ltwally1,Thunderbird 128 selected folder styling?,https://support.mozilla.org/questions/1461276,,,,,,,,,4,true,0.2,False,
1461279,2024-08-31T06:56:14.460742Z,2024-08-31,it,settings,customize-settings-and-preferences;,enzo.poles,pec mail poste italiane,https://support.mozilla.org/questions/1461279,,,,,,,,,1,true,3.42,False,
1461286,2024-08-31T08:07:13.099522Z,2024-08-31,en-US,troubleshooting,troubleshooting;,mcdowall.ke,Problem with Inbox,https://support.mozilla.org/questions/1461286,,,,,,,,,2,true,6.2,False,
1461287,2024-08-31T08:11:19.602608Z,2024-08-31,en-US,calendar,calendar;,Marty1111,.ics event import fails with: no importable items,https://support.mozilla.org/questions/1461287,os:linux,,,,,,,,2,true,3671.39,False,
1461289,2024-08-31T08:30:42.285850Z,2024-08-31,en-US,other,other;,achim63,FF and TB commandline options,https://support.mozilla.org/questions/1461289,,,,,,,,,2,true,35.08,False,
1461293,2024-08-31T09:46:02.755173Z,2024-08-31,en-US,troubleshooting,troubleshooting;,perpetual4,Unable to use TB Nebula after changing PW with Charter Spectrum - See error image in post,https://support.mozilla.org/questions/1461293,,,,,m:microsoftemail,isp:spectrum,proto:imap;proto:smtp,,5,true,6.0,False,
1461294,2024-08-31T09:52:13.707897Z,2024-08-31,en-US,troubleshooting,troubleshooting;,thavlicek,Thunderbird,https://support.mozilla.org/questions/1461294,,,,,,,,,1,true,2.22,False,
1461296,2024-08-31T10:10:04.021557Z,2024-08-31,en-US,other,other;,LadyJ1432,"trash folder does not give me the ""Delete Trash"" option, only to delete the ""Trash"" folder",https://support.mozilla.org/questions/1461296,,,,,,,,,3,true,39.31,False,
1461297,2024-08-31T10:15:35.577025Z,2024-08-31,en-US,installation-and-updates,install-and-update;,eleyclub,Thunderbird 128.1.1esr will not work with Titanhost POP boxes.,https://support.mozilla.org/questions/1461297,os:macos,,,,,,proto:imap;proto:pop,,0,false,,False,
1461299,2024-08-31T10:25:51.112754Z,2024-08-31,en-US,troubleshooting,troubleshooting;,bob395,Can't log in to my email account won't accept my password,https://support.mozilla.org/questions/1461299,,,,,,,,,3,true,4.48,False,
1461300,2024-08-31T10:43:37.247003Z,2024-08-31,en-US,troubleshooting,troubleshooting;,prowest655,"Sub Folders under ""Local Folders"" not showing",https://support.mozilla.org/questions/1461300,os:windows,,,,,,,,2,true,1.47,False,
1461305,2024-08-31T11:35:41.575895Z,2024-08-31,en-US,troubleshooting,troubleshooting;,f30,Can't see some emails in Thunderbird,https://support.mozilla.org/questions/1461305,,,,,,,proto:imap,,6,true,0.99,True,davidsk
1461312,2024-08-31T13:39:30.990050Z,2024-08-31,en-US,settings,customize-settings-and-preferences;,logicalfixes,customize toolbar not working,https://support.mozilla.org/questions/1461312,os:windows,,,,,,,,4,true,1.17,True,logicalfixes
1461321,2024-08-31T15:11:06.091448Z,2024-08-31,en-US,installation-and-updates,install-and-update;,petrafive,cannot find password from Apple icloud,https://support.mozilla.org/questions/1461321,,,,,,,,,1,true,28.32,False,
1461323,2024-08-31T15:18:57.338794Z,2024-08-31,en-US,troubleshooting,troubleshooting;,petrafive,cannot connect to Thunderbird as it does not accept my Apple (icloud) passwords,https://support.mozilla.org/questions/1461323,,,,,,,,,2,true,28.17,False,
1461329,2024-08-31T15:57:33.203425Z,2024-08-31,en-US,troubleshooting,troubleshooting;,learnnew573,"After every update of thunderbird, existing e-mail account settings is lost.",https://support.mozilla.org/questions/1461329,os:windows,,,,,,,,1,true,27.51,False,
1461334,2024-08-31T16:13:43.154391Z,2024-08-31,en-US,other,other;,bhaskar12000,Message download button not appearing,https://support.mozilla.org/questions/1461334,,,,,,,,,3,true,0.14,True,davidsk
1461335,2024-08-31T16:14:35.395475Z,2024-08-31,it,settings,customize-settings-and-preferences;,daniele.danelli,cancellazione mail selettiva per data,https://support.mozilla.org/questions/1461335,,,,,,,,,3,true,13.65,False,
1461341,2024-08-31T16:37:06.802846Z,2024-08-31,en-US,troubleshooting,troubleshooting;,jdr4llo,Wrongly deleted incoming mail,https://support.mozilla.org/questions/1461341,,,,,,isp:btinternet,,,0,false,,False,
1461343,2024-08-31T16:42:03.840844Z,2024-08-31,en-US,calendar,calendar;,lampkaravshops,TB 128 Calendar - All events not shown - Solution,https://support.mozilla.org/questions/1461343,,,,,,,,,0,false,,False,
1461344,2024-08-31T16:46:09.263915Z,2024-08-31,it,troubleshooting,needsinfo;troubleshooting;,thomas.hagen,Thunderbird CloudFile,https://support.mozilla.org/questions/1461344,,,,,,,,,1,true,13.24,False,
1461345,2024-08-31T16:59:28.498721Z,2024-08-31,it,installation-and-updates,needsinfo;install-and-update;,steliroberto68,Ripristino password,https://support.mozilla.org/questions/1461345,,,,,,,,,1,true,13.03,False,
1461351,2024-08-31T17:11:14.354918Z,2024-08-31,en-US,other,other;,pmills6,Import from windows live mail,https://support.mozilla.org/questions/1461351,os:windows,,,,,,,,2,true,2.78,False,
1461352,2024-08-31T17:18:11.038379Z,2024-08-31,en-US,troubleshooting,troubleshooting;,avery9175,Default Search Provider in Thunderbird v102.15.1,https://support.mozilla.org/questions/1461352,,,,,,,,,0,false,,False,
1461353,2024-08-31T17:35:06.130562Z,2024-08-31,en-US,troubleshooting,troubleshooting;,avery9175,Thunderbird v102.15.1 very slow to open in Win 7,https://support.mozilla.org/questions/1461353,os:windows,,,,,,,,1,true,9752.93,False,
1461356,2024-08-31T17:51:01.266436Z,2024-08-31,nl,troubleshooting,troubleshooting;,hi55,Opslag emailberichten verplaatst en nu zijn die berichten onzichtbaar- hoe kan ik oude berichten importeren?,https://support.mozilla.org/questions/1461356,,,,,,,,,4,true,15.97,False,
1461357,2024-08-31T17:51:17.275368Z,2024-08-31,en-US,troubleshooting,troubleshooting;,avery9175,TB v102.15.0 message pane header double spaced,https://support.mozilla.org/questions/1461357,,,,,,,,,2,true,4.17,False,
1461360,2024-08-31T17:55:00.947808Z,2024-08-31,en-US,troubleshooting,troubleshooting;,9797gregg,email attachment,https://support.mozilla.org/questions/1461360,,,,,,,,,0,false,,False,
1461361,2024-08-31T17:55:44.161101Z,2024-08-31,en-US,email-and-messaging,mobile;android;troubleshooting;firefox-1290;,mtn_man21,in thunderbird I can't get my archived emails on new android phone,https://support.mozilla.org/questions/1461361,os:android,Android,,,,,,,1,true,18.74,False,
1461365,2024-08-31T18:32:52.307316Z,2024-08-31,it,other,other;needsinfo;,meoli,mail scomparse,https://support.mozilla.org/questions/1461365,,,,,,,proto:imap,,7,true,11.51,False,
1461389,2024-08-31T22:57:44.693946Z,2024-08-31,en-US,other,other;,moltraserver,Thunderbird on docker / kasm,https://support.mozilla.org/questions/1461389,,,,,,,,,0,false,,False,
