id,created,created_date,locale,topic,tags,creator,title,question_url,os,os_raw,tb_version,tb_version_major,mail_provider,isp,protocol,av,num_answers,is_answered,first_answer_hours,is_solved,solved_by
1509116,2025-05-01T04:16:21.585660Z,2025-05-01,en-US,send-and-receive-email,thunderbird;send-and-receive-email;,cwkilby,comcast.net  and hotmail.com,https://support.mozilla.org/questions/1509116,,,,,m:microsoftemail,isp:comcast,,,0,false,,False,
1509118,2025-05-01T04:40:18.450884Z,2025-05-01,en-US,reset-passwords,thunderbird;reset-passwords;,marcmir2,asking me for password. don't have it,https://support.mozilla.org/questions/1509118,,,,,,,,,1,true,6.34,False,
1509145,2025-05-01T08:37:19.380147Z,2025-05-01,it,crashing-and-slow-performance,thunderbird;crashing-and-slow-performance;,andreabarbagallo.ab7,Email di un singolo account duplicate,https://support.mozilla.org/questions/1509145,,,,,m:gmail,,,,1,true,8.52,False,
1509161,2025-05-01T09:57:21.788487Z,2025-05-01,nl,send-and-receive-email,thunderbird;send-and-receive-email;,psaltet,verzenden van email vanuitThunderbird lukt niet,https://support.mozilla.org/questions/1509161,,,,,,,proto:smtp,,1,true,0.87,False,
1509163,2025-05-01T10:03:46.796767Z,2025-05-01,nl,send-and-receive-email,thunderbird;send-and-receive-email;,datadijkstra,Thunderbird ontvangt geen mail meer,https://support.mozilla.org/questions/1509163,,,,,,,,,1,true,0.65,False,
1509166,2025-05-01T10:27:48.283666Z,2025-05-01,it,send-and-receive-email,thunderbird;send-and-receive-email;,robyrobis32,La posta cancellata subito,https://support.mozilla.org/questions/1509166,os:windows,,,,,,,,1,true,6.61,False,
1509168,2025-05-01T10:41:48.506652Z,2025-05-01,nl,send-and-receive-email,thunderbird;send-and-receive-email;,info973,"ik kan drie email berichten al maanden lang niet verwijderen, wat moet ik doen =",https://support.mozilla.org/questions/1509168,,,,,,,,,1,true,0.1,False,
1509182,2025-05-01T11:59:02.977912Z,2025-05-01,en-US,send-and-receive-email,thunderbird;send-and-receive-email;,katja.thomas,Version 138.0 blocks sending and receiving email,https://support.mozilla.org/questions/1509182,,,,,m:microsoftemail,,,,2,true,1.72,False,
1509190,2025-05-01T12:32:59.859457Z,2025-05-01,en-US,email-and-messaging,thunderbird;email-and-messaging;,gaferina,ALL MAIL Folder,https://support.mozilla.org/questions/1509190,,,,,,,,,2,true,0.65,False,
1509201,2025-05-01T13:33:20.204180Z,2025-05-01,it,send-and-receive-email,thunderbird;needsinfo;send-and-receive-email;,p.redolfi,invio mail,https://support.mozilla.org/questions/1509201,,,,,,,,,1,true,3.53,False,
1509202,2025-05-01T13:40:10.284814Z,2025-05-01,en-US,events,thunderbird;events;,kholland,Calendar events keep moving back one hour,https://support.mozilla.org/questions/1509202,,,,,,,,,0,false,,False,
1509207,2025-05-01T14:14:57.826536Z,2025-05-01,en-US,connectivity,thunderbird;connectivity;,gdvalle,Get New Messages in Thunderbird,https://support.mozilla.org/questions/1509207,,,,,,,,,0,false,,False,
1509210,2025-05-01T14:20:21.427008Z,2025-05-01,nl,import-and-export-email,thunderbird;import-and-export-email;,huson1,lokale mappen van harde schijf overzetten,https://support.mozilla.org/questions/1509210,,,,,,,,,4,true,16.8,False,
1509214,2025-05-01T14:52:47.037341Z,2025-05-01,en-US,contacts,thunderbird;contacts;,cetownegm,Thunderbird - adding non-default address to mailing list,https://support.mozilla.org/questions/1509214,,,,,,,,,9,true,1.17,False,
1509215,2025-05-01T14:56:16.754022Z,2025-05-01,it,customization,thunderbird;customization;,server156,HOW TO LOCK THUNDERBIRD MESSAGE LIST COLUMNS?,https://support.mozilla.org/questions/1509215,os:windows,,,,,,,,1,true,2.14,False,
1509222,2025-05-01T15:36:02.320447Z,2025-05-01,en-US,app-crash,thunderbird;app-crash;,blackie64,Thunderbird freezes after about 1 minute -- have to restart,https://support.mozilla.org/questions/1509222,,,,,,,,,1,true,0.22,False,
1509229,2025-05-01T15:59:01.181820Z,2025-05-01,en-US,attachments,thunderbird;attachments;,dogsbody3,attachment for emails,https://support.mozilla.org/questions/1509229,,,,,,,,,0,false,,False,
1509236,2025-05-01T16:29:35.387131Z,2025-05-01,en-US,customization,thunderbird;customization;,tim320,Problems saving into folders,https://support.mozilla.org/questions/1509236,,,,,,,,,11,true,3.85,False,
1509241,2025-05-01T16:38:00.998965Z,2025-05-01,en-US,app-crash,thunderbird;app-crash;,agparts,"Error when trying to open Mozilla Thunderbird - ""The application has failed to start because its side-by-side configurat",https://support.mozilla.org/questions/1509241,,,,,,,,,1,true,0.38,False,
1509246,2025-05-01T16:54:20.230351Z,2025-05-01,en-US,junk-mail-and-spam,thunderbird;junk-mail-and-spam;,lkayser,junk emails,https://support.mozilla.org/questions/1509246,,,,,,,,,0,false,,False,
1509247,2025-05-01T17:04:07.751082Z,2025-05-01,en-US,accessibility,thunderbird;accessibility;seg-not-firefox;,traveler2,"i removed the "" traveler@simplylocal.gr to "".com"" but it says that failed to findthe settings for email",https://support.mozilla.org/questions/1509247,,,,,,,,,2,true,407.92,False,
1509250,2025-05-01T17:15:53.402777Z,2025-05-01,en-US,connectivity,thunderbird;connectivity;,d932x732724,connectivity to a shaw mail server,https://support.mozilla.org/questions/1509250,,,,,,isp:shaw,proto:pop,,0,false,,False,
1509253,2025-05-01T17:33:31.615789Z,2025-05-01,en-US,import-and-export-email,thunderbird;import-and-export-email;,23justinrose,emails disappeared during transfer to local folders,https://support.mozilla.org/questions/1509253,os:linux,,,,,,,,6,true,2.9,False,
1509257,2025-05-01T17:50:29.720928Z,2025-05-01,en-US,attachments,thunderbird;attachments;,sebbyv48,Thunderbird 128.10.0 Filter's not saving email with attachment,https://support.mozilla.org/questions/1509257,,,,,,,,,1,true,21.95,False,
1509258,2025-05-01T18:01:42.433006Z,2025-05-01,en-US,connectivity,thunderbird;connectivity;,ThunderbirdUserKen,Set up Thunderbird email account.,https://support.mozilla.org/questions/1509258,,,,,,isp:att,,,1,true,2.34,False,
1509265,2025-05-01T18:45:33.973388Z,2025-05-01,en-US,import-and-export-settings,thunderbird;import-and-export-settings;,r-johnson,transfer account to new computer,https://support.mozilla.org/questions/1509265,,,,,,,,,1,true,1.22,False,
1509268,2025-05-01T19:05:20.464466Z,2025-05-01,en-US,encryption,thunderbird;encryption;,alexlambleypersonal,Having trouble with digital signature/encryption settings on Ubuntu 20,https://support.mozilla.org/questions/1509268,os:linux,,,,m:microsoftemail,,,,1,false,,True,alexlambleypersonal
1509275,2025-05-01T19:17:23.669651Z,2025-05-01,en-US,passwords-and-sign-in,thunderbird;passwords-and-sign-in;,dabelon,Thunderbird Sign-in,https://support.mozilla.org/questions/1509275,,,,,m:gmail,,proto:imap,,2,true,0.82,False,
1509276,2025-05-01T19:21:39.035034Z,2025-05-01,en-US,attachments,thunderbird;attachments;,hess.sanitaer,Files send as right click,https://support.mozilla.org/questions/1509276,,,,,,,,,1,false,,False,
1509279,2025-05-01T19:34:42.272958Z,2025-05-01,nl,attachments,thunderbird;attachments;,edepooter,Afdrukken van een pdf aanhangsel bij een binnengekomen mail in thunderbird,https://support.mozilla.org/questions/1509279,,,,,,,,,0,false,,False,
1509284,2025-05-01T20:03:50.055186Z,2025-05-01,en-US,passwords-and-sign-in,thunderbird;needsinfo;passwords-and-sign-in;,kokodad229,Why do I have to reenter my password to send or reply to a message when I just entered my password to get new messages??,https://support.mozilla.org/questions/1509284,,,,,,,,,1,true,16.0,False,
1509287,2025-05-01T20:27:49.817515Z,2025-05-01,nl,send-and-receive-email,thunderbird;connectivity;send-and-receive-email;,moiragh,Hotmail is niet werkend te krijgen met Oauth2,https://support.mozilla.org/questions/1509287,,,,,m:microsoftemail,,proto:imap;proto:smtp;proto:pop;proto:oauth,,4,true,10.49,True,Mozilla-assistent
1509294,2025-05-01T21:11:51.857094Z,2025-05-01,en-US,send-and-receive-email,thunderbird;send-and-receive-email;,sw5,Is there a way to have Thunderbird ask if I want to save a copy of email I'm sending?,https://support.mozilla.org/questions/1509294,,,,,,,,,2,true,4.49,False,
1509298,2025-05-01T21:22:18.564771Z,2025-05-01,en-US,connectivity,thunderbird;connectivity;,johnwinoregon,Thunderbird Failed to connect to server mrssage,https://support.mozilla.org/questions/1509298,,,,,,,,,1,true,4.28,False,
1509302,2025-05-01T21:46:26.376123Z,2025-05-01,en-US,send-and-receive-email,thunderbird;send-and-receive-email;,ptremblay498,Unable to receive or send Spectrum emails,https://support.mozilla.org/questions/1509302,,,,,m:microsoftemail,isp:spectrum,,,0,false,,False,
1509309,2025-05-01T22:46:24.551679Z,2025-05-01,en-US,customization,thunderbird;customization;,dmeng,Messages pane quistion,https://support.mozilla.org/questions/1509309,,,,,,,,,1,true,2.85,False,
1509313,2025-05-01T22:56:45.724097Z,2025-05-01,en-US,send-and-receive-email,thunderbird;needsinfo;send-and-receive-email;,a1carpetcleaners,not getting emails,https://support.mozilla.org/questions/1509313,,,,,,,,,1,true,15.54,False,
1509319,2025-05-01T23:59:28.631044Z,2025-05-01,en-US,passwords-and-sign-in,thunderbird;passwords-and-sign-in;,jjcard,Thunderbird is suddenly asking me to enter the password for my email address on smtp.gmail.com .,https://support.mozilla.org/questions/1509319,,,,,m:gmail,,proto:smtp,,3,true,14.09,False,
1509322,2025-05-02T00:41:15.844146Z,2025-05-02,en-US,passwords-and-sign-in,thunderbird;passwords-and-sign-in;,ongweekiat,Failed to login into my imap.googlemail.com account,https://support.mozilla.org/questions/1509322,,,,,m:gmail,,proto:imap,,1,true,0.89,False,
1509335,2025-05-02T01:28:13.367162Z,2025-05-02,en-US,junk-mail-and-spam,thunderbird;junk-mail-and-spam;,rgcm,"When someone asks me to add their email address to my ""safe senders list""",https://support.mozilla.org/questions/1509335,,,,,,,,,2,true,12.77,False,
1509336,2025-05-02T01:32:44.797976Z,2025-05-02,en-US,update,thunderbird;update;,kevin2,Release channel update problem (win10) (ESR128toRelease136),https://support.mozilla.org/questions/1509336,os:windows,,,,,,,,7,true,9.29,True,kevin2
1509338,2025-05-02T01:49:20.116753Z,2025-05-02,en-US,send-and-receive-email,thunderbird;send-and-receive-email;,bobk47,Not receiving all emails - I receive emails from their Level 1 support but not from Level 2.  I sent from a gmail accoun,https://support.mozilla.org/questions/1509338,,,,,m:gmail,,,,12,true,13.29,False,
1509344,2025-05-02T02:58:11.963496Z,2025-05-02,en-US,junk-mail-and-spam,thunderbird;junk-mail-and-spam;,gipsyking,Thunderbird not deleting marked emails,https://support.mozilla.org/questions/1509344,,,,,,,,,4,true,8.9,False,
1509369,2025-05-02T06:25:19.313134Z,2025-05-02,en-US,update,thunderbird;update;,petercollins027,Thunderbird seems to fail to update on Ubuntu Mate,https://support.mozilla.org/questions/1509369,os:linux,,,,,,,,0,false,,False,
1509371,2025-05-02T06:36:39.160714Z,2025-05-02,en-US,send-and-receive-email,thunderbird;send-and-receive-email;,kcporter66,system showing 10 e mails in system only 4 showing,https://support.mozilla.org/questions/1509371,,,,,,,,,0,false,,False,
1509375,2025-05-02T06:56:59.413660Z,2025-05-02,en-US,send-and-receive-email,thunderbird;send-and-receive-email;,vonpadberg,Posteingangskonto,https://support.mozilla.org/questions/1509375,,,,,,,,,1,true,14.42,False,
1509380,2025-05-02T07:55:26.805089Z,2025-05-02,it,tags,thunderbird;needsinfo;tags;,1978michelecimmino,etichette thunderbird,https://support.mozilla.org/questions/1509380,,,,,,,,,1,true,1.18,False,
1509381,2025-05-02T08:12:28.296518Z,2025-05-02,en-US,send-and-receive-email,thunderbird;connectivity;send-and-receive-email;,dave.marshall867,Unable to set up existing email,https://support.mozilla.org/questions/1509381,,,,,,,,,0,false,,False,
1509383,2025-05-02T08:21:15.536493Z,2025-05-02,en-US,update,thunderbird;update;,RedJock_46,Thunderbird Update,https://support.mozilla.org/questions/1509383,,,,,,,,,7,true,2.26,False,
1509386,2025-05-02T08:26:54.269033Z,2025-05-02,nl,connectivity,thunderbird;connectivity;,dirkverhalleman,thunderbird,https://support.mozilla.org/questions/1509386,,,,,,,,,1,true,2.03,False,
1509391,2025-05-02T09:00:22.554222Z,2025-05-02,it,attachments,thunderbird;needsinfo;attachments;,finespirits22,"dalla pec non riesco a scaricare gli allegati, mentre dagli altri postali si",https://support.mozilla.org/questions/1509391,,,,,,,,,1,true,0.11,False,
1509398,2025-05-02T10:22:13.275956Z,2025-05-02,en-US,import-and-export-email,thunderbird;import-and-export-email;,gerard.sansano,importation of .pst files in thunderbird,https://support.mozilla.org/questions/1509398,,,,,m:microsoftemail,,,,1,false,,False,
1509399,2025-05-02T10:29:15.745605Z,2025-05-02,en-US,account-management,thunderbird;account-management;,asqiir,How to disassociate local email inbox from all servers,https://support.mozilla.org/questions/1509399,,,,,,,proto:imap;proto:smtp,,4,true,0.85,False,
1509402,2025-05-02T10:44:17.162725Z,2025-05-02,nl,profiles,thunderbird;profiles;,erik103,mailboxen van 3 jaar oud plotseling weer terug; huidige gegevens verdwenen,https://support.mozilla.org/questions/1509402,,,,,,,,,13,true,0.74,False,
1509406,2025-05-02T11:04:56.189215Z,2025-05-02,es,customization,thunderbird;customization;,algaro,cuentas unificadas,https://support.mozilla.org/questions/1509406,,,,,,,,,2,true,133.72,False,
1509407,2025-05-02T11:05:52.157824Z,2025-05-02,en-US,security,thunderbird;needsinfo;security;,lizhenty2,Keep getting add security exception on thunderbird,https://support.mozilla.org/questions/1509407,,,,,,,,,1,true,0.34,True,Toad-Hall
1509409,2025-05-02T11:27:32.153249Z,2025-05-02,en-US,customization,thunderbird;customization;,d.heuermann,Thunderbird,https://support.mozilla.org/questions/1509409,,,,,,,,,2,true,3.83,False,
1509410,2025-05-02T11:33:19.183932Z,2025-05-02,en-US,email-and-messaging,thunderbird;email-and-messaging;,dana12,Finding Attachments and adding to contact list,https://support.mozilla.org/questions/1509410,,,,,,,,,3,true,3.86,False,
1509413,2025-05-02T11:46:43.382579Z,2025-05-02,en-US,send-and-receive-email,thunderbird;send-and-receive-email;,Barubiito,Thunderbird keeps forgetting it's already downloaded that mail,https://support.mozilla.org/questions/1509413,os:macos,,,,,,proto:imap,,0,false,,False,
1509418,2025-05-02T12:06:16.545559Z,2025-05-02,en-US,send-and-receive-email,thunderbird;send-and-receive-email;,engvej24,Can't send mail from Thunderbird - It is being blocked by abusix mail intelligence,https://support.mozilla.org/questions/1509418,,,,,,,,,1,true,4.45,False,
1509419,2025-05-02T12:08:05.536909Z,2025-05-02,en-US,connectivity,thunderbird;connectivity;,bob367,outlook account,https://support.mozilla.org/questions/1509419,,,,,m:microsoftemail,,,,1,true,0.69,False,
1509426,2025-05-02T12:48:51.362497Z,2025-05-02,en-US,passwords-and-sign-in,thunderbird;passwords-and-sign-in;,clasvi,"Thunderbird password failure ""login to server smtp-mail.outlook.com failed.""",https://support.mozilla.org/questions/1509426,,,,,m:microsoftemail,,proto:smtp,,1,true,3.68,False,
1509429,2025-05-02T13:09:10.536703Z,2025-05-02,nl,send-and-receive-email,thunderbird;send-and-receive-email;,adriewooning,ik kan welmail versturen via mijn i phone maar niet viamijn laptop,https://support.mozilla.org/questions/1509429,,,,,,,,,1,true,0.88,False,
1509431,2025-05-02T13:22:03.609779Z,2025-05-02,en-US,attachments,thunderbird;attachments;,bugcsilla,"Cannot save PDF under different name, following name search",https://support.mozilla.org/questions/1509431,os:linux,,,,,,,,1,false,,True,bugcsilla
1509435,2025-05-02T13:41:18.612649Z,2025-05-02,en-US,email-and-messaging,thunderbird;email-and-messaging;,chris-f-k,All emails vanished,https://support.mozilla.org/questions/1509435,,,,,m:gmail;m:microsoftemail,,,,2,false,,False,
1509441,2025-05-02T14:14:11.234881Z,2025-05-02,en-US,customization,thunderbird;customization;,knightcolin74,viewing the general message window,https://support.mozilla.org/questions/1509441,,,,,,,,,1,true,1.4,False,
1509442,2025-05-02T14:15:56.636752Z,2025-05-02,en-US,passwords-and-sign-in,thunderbird;passwords-and-sign-in;,justthisguyyouknow,I changed Gmail passwords; Thunderbird Enter Credentials page is blank. Gmail account says TB has access.,https://support.mozilla.org/questions/1509442,,,,,m:gmail;m:microsoftemail,,,,1,true,1.5,False,
1509449,2025-05-02T14:27:46.185951Z,2025-05-02,en-US,send-and-receive-email,thunderbird;send-and-receive-email;,kerryjnewstead,"""Sending of the message failed. The message could not be sent because connecting to Outgoing server (SMTP) smtp.gmail.co",https://support.mozilla.org/questions/1509449,,,,,m:gmail,,proto:smtp,,6,true,1.29,False,
1509451,2025-05-02T14:31:45.317163Z,2025-05-02,en-US,send-and-receive-email,thunderbird;send-and-receive-email;,javiernsilva,Thunderbird 138 release notes,https://support.mozilla.org/questions/1509451,,,,,,,,,0,true,0.83,False,
1509458,2025-05-02T14:57:31.219371Z,2025-05-02,en-US,customization,thunderbird;customization;,andy.b,How to make signatures optional,https://support.mozilla.org/questions/1509458,,,,,,,,,1,true,0.31,False,
1509461,2025-05-02T15:20:06.490152Z,2025-05-02,en-US,app-crash,thunderbird;app-crash;,kellydoolittle,"not receiving response crash reports either, Wayne",https://support.mozilla.org/questions/1509461,,,,,,,,,1,true,0.51,False,
1509465,2025-05-02T15:32:14.553364Z,2025-05-02,en-US,connectivity,thunderbird;connectivity;,ClassicPony,"""Sending of the message failed. The message could not be sent because the connection to Outgoing server (SMTP) smtp.gmai",https://support.mozilla.org/questions/1509465,,,,,m:gmail,,proto:smtp,,3,true,0.19,False,
1509466,2025-05-02T15:45:19.360367Z,2025-05-02,es,customization,thunderbird;needsinfo;customization;,aude7ashanti,Thunderbird won't open from a website,https://support.mozilla.org/questions/1509466,os:windows,,,,,,,,6,true,51.59,False,
1509494,2025-05-02T17:58:49.124742Z,2025-05-02,en-US,junk-mail-and-spam,thunderbird;junk-mail-and-spam;,marc75,Dealing with junk mail,https://support.mozilla.org/questions/1509494,,,,,,,,,0,false,,False,
1509503,2025-05-02T18:30:34.195072Z,2025-05-02,cs,contacts,thunderbird;contacts;,jaakubi,Kontakty v Thunderbirdu,https://support.mozilla.org/questions/1509503,,,,,,,,,1,true,14.65,True,Ansamb
1509507,2025-05-02T18:37:37.149829Z,2025-05-02,en-US,email-and-messaging,thunderbird;email-and-messaging;,christophercrosby,Trying to setup my sbcglobal.net account and need my POP3 info setup,https://support.mozilla.org/questions/1509507,,,,,m:yahooemail,isp:att,proto:pop,,0,false,,False,
1509523,2025-05-02T19:41:54.873269Z,2025-05-02,en-US,customization,thunderbird;customization;,3D4Play,Thunderbird 128 menus on ubuntu 24,https://support.mozilla.org/questions/1509523,os:linux,,,,,,,,1,false,,True,3D4Play
1509525,2025-05-02T19:48:46.886019Z,2025-05-02,en-US,send-and-receive-email,thunderbird;send-and-receive-email;,fleethamsee,thunderbird,https://support.mozilla.org/questions/1509525,,,,,,isp:tonline,proto:smtp,,0,false,,False,
1509527,2025-05-02T19:55:58.709250Z,2025-05-02,en-US,send-and-receive-email,thunderbird;send-and-receive-email;,vdowizard1,"""Sending of message failed. An error occured while sendiing mail. The mail server responded: <xxx@charter.net> sender re",https://support.mozilla.org/questions/1509527,,,,,,isp:spectrum,,,1,true,45.16,False,
1509542,2025-05-02T21:13:32.355923Z,2025-05-02,en-US,app-crash,thunderbird;app-crash;,r-johnson,thunderbird installed but it doesnt come up when i hit the icon,https://support.mozilla.org/questions/1509542,,,,,,,,,1,true,3.93,False,
1509546,2025-05-02T21:30:22.715104Z,2025-05-02,en-US,extensions,thunderbird;needsinfo;extensions;,greergirl,Today's Thunderbird Release has disabled the Proton Add ons for email and calendar - the appearance is devoid of the Pro,https://support.mozilla.org/questions/1509546,,,,,,,,,2,true,13.93,False,
1509548,2025-05-02T21:46:11.346980Z,2025-05-02,en-US,update,thunderbird;update;,romad,Updated Thunderbird and now Menu bar is no longer in English,https://support.mozilla.org/questions/1509548,os:macos,,,,,,,,3,true,18.19,True,Toad-Hall
1509571,2025-05-03T00:31:23.378265Z,2025-05-03,en-US,accessibility,thunderbird;accessibility;seg-not-firefox;,charlez3_55,thunderbird in-box just disappeared. shows.,https://support.mozilla.org/questions/1509571,,,,,,,,,0,false,,False,
1509573,2025-05-03T01:28:54.360489Z,2025-05-03,en-US,passwords-and-sign-in,thunderbird;passwords-and-sign-in;,larrygad,"Can not sign in to Gmail via Oauth ""Allow""",https://support.mozilla.org/questions/1509573,,,,,m:gmail,,proto:oauth,,11,true,5.95,True,larrygad
1509600,2025-05-03T06:11:11.830083Z,2025-05-03,it,email-and-messaging,thunderbird;needsinfo;email-and-messaging;,gio.minzera,sparita tutta la posta,https://support.mozilla.org/questions/1509600,,,,,,,,,1,true,0.34,False,
1509603,2025-05-03T06:54:20.876032Z,2025-05-03,en-US,passwords-and-sign-in,thunderbird;passwords-and-sign-in;,ibrahim.didi,"Unable to login IMAP.GMAIL.COM with username - ""Login to server imap.gmail.com with username ---- failed.""",https://support.mozilla.org/questions/1509603,,,,,m:gmail,,proto:imap,,0,false,,False,
1509609,2025-05-03T07:43:02.125872Z,2025-05-03,es,send-and-receive-email,thunderbird;send-and-receive-email;,agustinostos,RECIBO MENSAJES DUPLICADOS,https://support.mozilla.org/questions/1509609,,,,,,,,,1,true,35.67,False,
1509610,2025-05-03T08:12:01.056500Z,2025-05-03,en-US,customization,thunderbird;customization;,zeglarz111,Links in Thunderbird,https://support.mozilla.org/questions/1509610,,,,,,,,,2,true,1.89,False,
1509614,2025-05-03T08:43:34.190915Z,2025-05-03,it,send-and-receive-email,thunderbird;needsinfo;send-and-receive-email;,dario_gabrielli64,outgoing mail,https://support.mozilla.org/questions/1509614,,,,,,,,,1,true,1.88,False,
1509637,2025-05-03T11:44:38.844626Z,2025-05-03,en-US,junk-mail-and-spam,thunderbird;junk-mail-and-spam;,krys.stephenson,How can I forward an email to Action Fraud without opening it?,https://support.mozilla.org/questions/1509637,,,,,,,,,1,true,2.55,False,
1509642,2025-05-03T12:32:13.197284Z,2025-05-03,en-US,install,thunderbird;install;,mototastic,Thunderbird Android AP QR CODE,https://support.mozilla.org/questions/1509642,,,,,,,,,0,false,,False,
1509643,2025-05-03T12:38:52.608804Z,2025-05-03,es,send-and-receive-email,thunderbird;send-and-receive-email;,cendaldavid,Problemas en el correo electrónico,https://support.mozilla.org/questions/1509643,,,,,,,proto:smtp,,1,true,30.83,False,
1509650,2025-05-03T13:05:16.834157Z,2025-05-03,it,send-and-receive-email,thunderbird;needsinfo;gmail;send-and-receive-email;,genelred,AUTENTICAZIONE NON RIUSCITA AL SERVER Imap.gmail.com,https://support.mozilla.org/questions/1509650,,,,,m:gmail,,proto:imap,,1,true,1.84,False,
1509654,2025-05-03T13:32:01.493095Z,2025-05-03,en-US,languages,thunderbird;macos;languages;,mikep82400,Spell checker problem,https://support.mozilla.org/questions/1509654,os:macos,,,,,,,,0,false,,False,
1509670,2025-05-03T15:13:44.703393Z,2025-05-03,en-US,junk-mail-and-spam,thunderbird;junk-mail-and-spam;,gyron,Thunderbird email Inbox messages gone,https://support.mozilla.org/questions/1509670,,,,,,,,,9,true,13.1,False,
1509677,2025-05-03T15:53:58.742808Z,2025-05-03,en-US,send-and-receive-email,thunderbird;send-and-receive-email;,jthomas382,messages are not received,https://support.mozilla.org/questions/1509677,,,,,,,,,1,true,49.19,False,
1509678,2025-05-03T15:56:26.643030Z,2025-05-03,it,send-and-receive-email,thunderbird;send-and-receive-email;,robyrobis32,Posta cancellata,https://support.mozilla.org/questions/1509678,os:windows,,,,,,,,1,true,1.57,False,
1509688,2025-05-03T16:58:36.245488Z,2025-05-03,en-US,send-and-receive-email,thunderbird;send-and-receive-email;,gdvalle,Thunderbird 128.10.0esr Windows 10 Suddenly Stopped Getting New Mwssages,https://support.mozilla.org/questions/1509688,os:windows,,,,,,,,0,false,,False,
1509690,2025-05-03T17:10:02.686192Z,2025-05-03,en-US,send-and-receive-email,thunderbird;send-and-receive-email;,corinium,"Getting ""unable to login at server""",https://support.mozilla.org/questions/1509690,,,,,,,,,1,true,11.14,True,wsmwk
1509692,2025-05-03T17:17:13.425385Z,2025-05-03,en-US,reset-passwords,thunderbird;reset-passwords;,hcavagnolo,lost password,https://support.mozilla.org/questions/1509692,,,,,,,,,1,true,1.48,False,
1509695,2025-05-03T17:59:29.556325Z,2025-05-03,en-US,send-and-receive-email,thunderbird;send-and-receive-email;,geoffpeters,How to delete all gmail from incoming messages,https://support.mozilla.org/questions/1509695,,,,,m:gmail,,,,7,true,0.58,False,
1509697,2025-05-03T18:12:28.225325Z,2025-05-03,en-US,customization,thunderbird;customization;,fburrows,How to change the font size in the panel with the body of the email,https://support.mozilla.org/questions/1509697,,,,,,,,,1,true,0.34,False,
1509700,2025-05-03T18:18:24.462431Z,2025-05-03,en-US,email-and-messaging,thunderbird;email-and-messaging;,ericnbest,Items highlighted in InBox,https://support.mozilla.org/questions/1509700,,,,,,,,,1,true,6.34,False,
1509701,2025-05-03T18:21:39.438397Z,2025-05-03,en-US,customization,thunderbird;customization;,alexander.bolshov,"Columns and View by default, creating new folders and/or subfolders",https://support.mozilla.org/questions/1509701,,,,,,,,,1,true,21.78,False,
1509704,2025-05-03T18:29:59.475136Z,2025-05-03,en-US,customization,thunderbird;customization;,vin17246,Lost ability to manage 'view' since recent update,https://support.mozilla.org/questions/1509704,,,,,,,,,1,true,0.12,False,
1509713,2025-05-03T19:13:59.077042Z,2025-05-03,en-US,connectivity,thunderbird;connectivity;,trumpman,Get Messages stops working; need to restart Thunderbird,https://support.mozilla.org/questions/1509713,os:macos,,,,,,proto:imap;proto:pop,,5,true,9.06,False,
1509714,2025-05-03T19:19:54.846023Z,2025-05-03,en-US,events,thunderbird;events;,carl.zetie,Error code: MODIFICATION_FAILED when updating Proton Calendar,https://support.mozilla.org/questions/1509714,,,,,m:protonmail,,,,0,false,,False,
1509717,2025-05-03T19:32:27.499871Z,2025-05-03,en-US,customization,thunderbird;customization;,kliedave,Donation requests repeat and don't stop,https://support.mozilla.org/questions/1509717,,,,,,,,,9,true,8.72,False,
1509719,2025-05-03T19:43:51.141287Z,2025-05-03,en-US,email-and-messaging,thunderbird;windows-10;email-and-messaging;,seipcharles,bulk deleting emails,https://support.mozilla.org/questions/1509719,os:windows,Windows 10,,,,,,,1,true,139.34,False,
1509727,2025-05-03T20:53:27.607474Z,2025-05-03,en-US,customization,thunderbird;customization;,phoenix91140,How to sort folders? (accounts in mail list),https://support.mozilla.org/questions/1509727,,,,,,,,,1,true,3.66,False,
1509741,2025-05-03T23:25:55.625709Z,2025-05-03,en-US,send-and-receive-email,thunderbird;send-and-receive-email;,farmerben,Filters on IMAP account work too fast and emails filtered to local folder don't always include body,https://support.mozilla.org/questions/1509741,,,,,m:gmail,,proto:imap;proto:pop;proto:oauth,,6,true,16.73,True,Toad-Hall
1509742,2025-05-03T23:26:18.800315Z,2025-05-03,en-US,email-and-messaging,thunderbird;email-and-messaging;,artandframing123,inbox emails disappeared,https://support.mozilla.org/questions/1509742,,,,,,,,,13,true,42.01,False,
1509752,2025-05-04T00:20:05.166117Z,2025-05-04,en-US,send-and-receive-email,thunderbird;send-and-receive-email;,marck31,ERROR: Sending of the message failed. The message could not be sent because the connection to Outgoing server (SMTP) smt,https://support.mozilla.org/questions/1509752,,,,,m:gmail,isp:comcast,proto:smtp,,0,false,,False,
1509754,2025-05-04T00:34:29.725372Z,2025-05-04,en-US,send-and-receive-email,thunderbird;send-and-receive-email;,dnewman1500,my dads Thunderbird email is not loading any mail ??,https://support.mozilla.org/questions/1509754,,,,,,,,,1,true,13.36,False,
1509755,2025-05-04T00:37:58.013824Z,2025-05-04,en-US,attachments,thunderbird;attachments;,Sgoti,Image attachments in messages.,https://support.mozilla.org/questions/1509755,,,,,,,,,3,true,13.34,True,davidsk
1509756,2025-05-04T00:39:33.386488Z,2025-05-04,en-US,email-and-messaging,thunderbird;customization;email-and-messaging;,ainut,New T'bird release - I cannot view my my emails in the manner that has worked so well for over 20 years,https://support.mozilla.org/questions/1509756,,,,,,,,,1,true,3.75,False,
1509762,2025-05-04T01:37:44.020052Z,2025-05-04,en-US,passwords-and-sign-in,thunderbird;passwords-and-sign-in;,dan.delvillano,Update 138 now requires Primary Password,https://support.mozilla.org/questions/1509762,,,,,,,,,3,true,12.18,True,davidsk
1509776,2025-05-04T04:46:37.362058Z,2025-05-04,en-US,connectivity,thunderbird;connectivity;,tuttlealfred0,"I can receive but not send email to my gmail account. ""The message could not be sent because connecting to Outgoing serv",https://support.mozilla.org/questions/1509776,,,,,m:gmail,,proto:imap;proto:smtp;proto:oauth,,2,true,36.22,False,
1509789,2025-05-04T07:03:48.195899Z,2025-05-04,en-US,send-and-receive-email,thunderbird;send-and-receive-email;,setups,smtp with a Thunderbird client,https://support.mozilla.org/questions/1509789,,,,,,,proto:smtp,,4,true,6.64,False,
1509795,2025-05-04T07:27:51.499132Z,2025-05-04,it,send-and-receive-email,thunderbird;send-and-receive-email;,traunero.daniele,Riceve ma non invia posta,https://support.mozilla.org/questions/1509795,os:windows,,,,m:microsoftemail,,proto:imap;proto:smtp,,3,true,1.88,False,
1509798,2025-05-04T08:06:23.750224Z,2025-05-04,en-US,send-and-receive-email,thunderbird;send-and-receive-email;,linesd264,"Not getting email in or out via Messaging Company ever since it took over Internode,",https://support.mozilla.org/questions/1509798,,,,,,,,,2,true,27.32,False,
1509800,2025-05-04T08:24:01.326054Z,2025-05-04,en-US,passwords-and-sign-in,thunderbird;passwords-and-sign-in;,srijanm04,Unable to add gmail account in thunderbird windows client,https://support.mozilla.org/questions/1509800,os:linux,,,,m:gmail,,,,1,true,5.26,False,
1509815,2025-05-04T10:06:12.857321Z,2025-05-04,nl,passwords-and-sign-in,thunderbird;passwords-and-sign-in;,kj.kooi,wachtwoord wordt niet (h)erkend,https://support.mozilla.org/questions/1509815,,,,,,,,,1,true,33.27,False,
1509826,2025-05-04T11:26:31.184099Z,2025-05-04,en-US,connectivity,thunderbird;connectivity;,lehmann2,Ich kann meine E-Mail Konten nicht mehr einsehen. Alle Nachrichten und Ordner sind weg.,https://support.mozilla.org/questions/1509826,,,,,,,,,1,true,9.99,False,
1509833,2025-05-04T12:25:19.266298Z,2025-05-04,es,performance-and-connectivity,thunderbird;performance-and-connectivity;,gyan760,Thunderbird - all text displaying in the header instead of message window,https://support.mozilla.org/questions/1509833,,,,,,,,,1,true,84.84,False,
1509837,2025-05-04T12:59:18.378751Z,2025-05-04,en-US,contacts,thunderbird;contacts;,rdnorrod,Trying to recover old Address Book in Thunderbird,https://support.mozilla.org/questions/1509837,os:windows,,,,,,,,3,true,0.52,True,davidsk
1509839,2025-05-04T13:10:31.186546Z,2025-05-04,en-US,extensions,thunderbird;extensions;,rich.ward1,Start with Inbox,https://support.mozilla.org/questions/1509839,,,,,,,,,1,true,0.69,False,
1509841,2025-05-04T13:25:51.113148Z,2025-05-04,en-US,profiles,thunderbird;needsinfo;profiles;,GayzeN,Moving Thunderbird Profiles to Onedrive,https://support.mozilla.org/questions/1509841,,,,,,,proto:imap,,5,true,0.2,False,
1509848,2025-05-04T13:48:41.834101Z,2025-05-04,en-US,import-and-export-email,thunderbird;import-and-export-email;,info1260,Saved emails,https://support.mozilla.org/questions/1509848,,,,,,,,,1,true,0.07,False,
1509854,2025-05-04T14:27:54.971695Z,2025-05-04,en-US,customization,thunderbird;customization;,setups,getting message text underneath the heading,https://support.mozilla.org/questions/1509854,,,,,,,,,1,true,0.77,False,
1509861,2025-05-04T15:38:14.522721Z,2025-05-04,nl,passwords-and-sign-in,thunderbird;passwords-and-sign-in;,j.nuijens,Synchroniseren met mobiel,https://support.mozilla.org/questions/1509861,,,,,,,,,5,true,27.83,False,
1509863,2025-05-04T15:42:47.536812Z,2025-05-04,en-US,install,thunderbird;install;,ali.skouri,"endless loop of ""download - donation - download - donation ...""",https://support.mozilla.org/questions/1509863,,,,,,,,,2,true,8.04,False,
1509868,2025-05-04T16:19:21.842180Z,2025-05-04,en-US,update,thunderbird;update;,jimitou,cannot get previous version,https://support.mozilla.org/questions/1509868,,,,,,,,,2,true,0.73,False,
1509871,2025-05-04T16:26:41.774676Z,2025-05-04,en-US,account-management,thunderbird;account-management;,LarsErikOsterud,Default identity for a folder,https://support.mozilla.org/questions/1509871,,,,,,,,,1,true,0.53,False,
1509873,2025-05-04T16:47:06.544979Z,2025-05-04,en-US,contacts,thunderbird;contacts;,b5sgq4wgh4,Thunderbird Contacts versus iPhone Contacts.,https://support.mozilla.org/questions/1509873,,,,,,,,,1,true,0.46,False,
1509875,2025-05-04T17:10:48.652040Z,2025-05-04,es,encryption,thunderbird;encryption;,egidogonzalezjl,incluir certificado digital en un un correo institucional,https://support.mozilla.org/questions/1509875,,,,,,,,,0,false,,False,
1509882,2025-05-04T17:32:59.005708Z,2025-05-04,en-US,extensions,thunderbird;extensions;,29847gv,cna @ mention be used in t'bird mails,https://support.mozilla.org/questions/1509882,,,,,,,,,5,true,0.67,False,
1509884,2025-05-04T17:40:54.490037Z,2025-05-04,en-US,send-and-receive-email,thunderbird;send-and-receive-email;,Hikermann,Attempting to drag email files from inbox to file pane,https://support.mozilla.org/questions/1509884,,,,,,,,,0,false,,False,
1509899,2025-05-04T19:30:37.233522Z,2025-05-04,en-US,customization,thunderbird;customization;,strangeglyph,Folders created on the server are not displayed by Thunderbird automatically,https://support.mozilla.org/questions/1509899,,,,,,,,,1,true,7.87,False,
1509903,2025-05-04T19:40:43.447705Z,2025-05-04,en-US,email-and-messaging,thunderbird;email-and-messaging;,rogerhome,Registration on Server not possible,https://support.mozilla.org/questions/1509903,,,,,,,proto:imap;proto:smtp,,4,true,3.9,False,
1509911,2025-05-04T20:51:21.180186Z,2025-05-04,en-US,customization,thunderbird;customization;,LarsErikOsterud,Mail checking times on Thunderbord Mobile (Android),https://support.mozilla.org/questions/1509911,,,,,,,,,0,false,,False,
1509912,2025-05-04T20:51:25.021980Z,2025-05-04,en-US,contacts,thunderbird;contacts;,clarkeken,can't find my address book,https://support.mozilla.org/questions/1509912,,,,,,,,,1,true,14.95,False,
1509919,2025-05-04T21:41:13.048297Z,2025-05-04,en-US,send-and-receive-email,thunderbird;send-and-receive-email;,OldHeart1943,Thunderbird 138.0 x64 will NOT check ANY folders OTHER than the INBOX(ES) when started. Why not?,https://support.mozilla.org/questions/1509919,,,,,m:gmail;m:microsoftemail,isp:spectrum,,,3,true,1.86,True,mozilla98
1509920,2025-05-04T21:43:55.338761Z,2025-05-04,en-US,send-and-receive-email,thunderbird;needsinfo;send-and-receive-email;,john97034,cannot insert clipart nor hyperlinks into email,https://support.mozilla.org/questions/1509920,,,,,,,,,5,true,12.29,False,
1509924,2025-05-04T22:18:32.682110Z,2025-05-04,en-US,install,thunderbird;install;,larrylockhart,"Thunderbird shows as installed, but does not come up when clicked",https://support.mozilla.org/questions/1509924,os:windows,,,,,,,,1,true,5.02,False,
1509926,2025-05-04T22:25:21.513322Z,2025-05-04,en-US,import-and-export-email,thunderbird;import-and-export-email;,lnbjohnson,Using profile file to move to new server. Not working,https://support.mozilla.org/questions/1509926,,,,,,,proto:imap,,1,true,0.98,False,
1509929,2025-05-04T23:00:22.841383Z,2025-05-04,en-US,contacts,thunderbird;contacts;,dan17,migrated from win 10 to linux but am missing a large amount of contacts from cardbook,https://support.mozilla.org/questions/1509929,os:linux,,,,,,,,1,true,11.01,False,
1509934,2025-05-05T01:36:23.342580Z,2025-05-05,en-US,send-and-receive-email,thunderbird;send-and-receive-email;,andymachs,No gridlines in the table,https://support.mozilla.org/questions/1509934,,,,,,,,,8,true,1.68,False,
1509935,2025-05-05T01:46:53.976872Z,2025-05-05,en-US,send-and-receive-email,thunderbird;send-and-receive-email;,pamela.james6,I am still not receiving Emails in or out. Asking for password but you said password was correct,https://support.mozilla.org/questions/1509935,,,,,,,,,2,true,6.03,False,
1509947,2025-05-05T04:17:02.289114Z,2025-05-05,en-US,email-and-messaging,thunderbird;email-and-messaging;,dajoh,I can receive emails but can't delete them or forward them,https://support.mozilla.org/questions/1509947,,,,,,,,,2,true,9.25,False,
1509951,2025-05-05T05:27:32.434063Z,2025-05-05,en-US,connectivity,thunderbird;connectivity;,goodolddave00,I have 3 pcs using McAfee VPN. I must turn off VPN to send from Thunderbird,https://support.mozilla.org/questions/1509951,,,,,,,,av:mcafee,1,true,3.41,False,
1509954,2025-05-05T06:00:54.712692Z,2025-05-05,en-US,account-management,thunderbird;account-management;,mdgd,Imap account,https://support.mozilla.org/questions/1509954,,,,,,,proto:imap,,3,true,5.72,True,davidsk
1509958,2025-05-05T07:01:55.692696Z,2025-05-05,it,customization,thunderbird;needsinfo;customization;,s.l.francesconapolitano,configurazione pec su portatile,https://support.mozilla.org/questions/1509958,,,,,,,,,1,true,0.22,False,
1509963,2025-05-05T07:39:35.432268Z,2025-05-05,en-US,search,thunderbird;search;,alainch2,"Gloda ""Total"" search gone awol - Rebuilt index dont solve the issue",https://support.mozilla.org/questions/1509963,,,,,,,,,11,true,0.89,True,alainch2
1509969,2025-05-05T08:20:40.212031Z,2025-05-05,en-US,profiles,thunderbird;profiles;,lehmann2,Ich kann meine E-Mail Konten nicht mehr einsehen. Alle Nachrichten und Ordner sind weg.,https://support.mozilla.org/questions/1509969,,,,,,,,,1,true,2.99,False,
1509971,2025-05-05T08:43:23.702858Z,2025-05-05,es,send-and-receive-email,thunderbird;needsinfo;send-and-receive-email;,tecladoblanconuevo,configurate,https://support.mozilla.org/questions/1509971,,,,,,,,,2,true,7.54,False,
1509998,2025-05-05T10:08:14.258214Z,2025-05-05,en-US,send-and-receive-email,thunderbird;send-and-receive-email;,omhart,email,https://support.mozilla.org/questions/1509998,,,,,,,,,1,true,1.26,False,
1510006,2025-05-05T10:43:07.452296Z,2025-05-05,it,email-and-messaging,thunderbird;email-and-messaging;,info5115,File INBOX [conflicted 200],https://support.mozilla.org/questions/1510006,,,,,,,proto:imap,,3,true,1.45,False,
1510009,2025-05-05T10:50:12.416183Z,2025-05-05,es,send-and-receive-email,thunderbird;send-and-receive-email;,servielec.ad,NO ME LLEGAN LOS CORREOS,https://support.mozilla.org/questions/1510009,,,,,,,,,1,true,5.02,False,
1510012,2025-05-05T11:28:09.524557Z,2025-05-05,cs,email-and-messaging,thunderbird;email-and-messaging;,autoservisjurek,téměř plné úložiště,https://support.mozilla.org/questions/1510012,,,,,,,,,8,true,2.49,True,Ansamb
1510014,2025-05-05T11:54:49.495044Z,2025-05-05,en-US,import-and-export-email,thunderbird;import-and-export-email;,ajc73,"Import from Outlook, Thunderbird says ""No Profile Found"" - I DO have Office and Outlook installed and active.",https://support.mozilla.org/questions/1510014,,,,,m:microsoftemail,,,,7,true,1.61,False,
1510021,2025-05-05T12:49:51.336723Z,2025-05-05,en-US,calendar,thunderbird;calendar;,kant-aristote,Synchronizing webcal subscriptions,https://support.mozilla.org/questions/1510021,,,,,,,proto:caldav,,0,false,,False,
1510022,2025-05-05T12:53:37.311994Z,2025-05-05,cs,send-and-receive-email,thunderbird;send-and-receive-email;,he2ska,prijaté správy,https://support.mozilla.org/questions/1510022,,,,,,,,,1,true,1.04,False,
1510023,2025-05-05T12:54:49.705239Z,2025-05-05,en-US,junk-mail-and-spam,thunderbird;junk-mail-and-spam;,chrivasseur,spams,https://support.mozilla.org/questions/1510023,,,,,,,,,1,true,0.58,False,
1510025,2025-05-05T13:17:40.954079Z,2025-05-05,en-US,account-management,thunderbird;account-management;,flippertbk,Email inbox,https://support.mozilla.org/questions/1510025,,,,,,,proto:pop,,2,true,0.19,True,MattAuSupport
1510026,2025-05-05T13:34:21.536926Z,2025-05-05,en-US,account-management,thunderbird;account-management;,amccormack,Migrating from Google Workspace.,https://support.mozilla.org/questions/1510026,,,,,m:microsoftemail,,,,1,true,0.12,False,
1510034,2025-05-05T13:54:33.217263Z,2025-05-05,en-US,connectivity,thunderbird;connectivity;,annemarie.moore,Blocked IP address,https://support.mozilla.org/questions/1510034,,,,,,,,,1,true,0.39,False,
1510039,2025-05-05T14:15:19.003086Z,2025-05-05,en-US,performance-and-connectivity,thunderbird;performance-and-connectivity;,nando1008,reclamation,https://support.mozilla.org/questions/1510039,,,,,,,,,1,true,0.09,False,
1510042,2025-05-05T14:27:55.351189Z,2025-05-05,cs,attachments,thunderbird;attachments;,auto.janak,Nelze připojit příloha,https://support.mozilla.org/questions/1510042,,,,,,,,,10,true,0.14,False,
1510046,2025-05-05T14:36:11.228721Z,2025-05-05,en-US,tags,thunderbird;tags;,ionamic,Why Tags No Longer Highlight the,https://support.mozilla.org/questions/1510046,,,,,,,,,2,true,0.8,False,
1510054,2025-05-05T15:10:54.025040Z,2025-05-05,en-US,connectivity,thunderbird;connectivity;,klaus-foerster,Thunderbird Email - Account authenticated but not connected,https://support.mozilla.org/questions/1510054,,,,,,,,,1,true,14.11,False,
1510055,2025-05-05T15:12:24.568851Z,2025-05-05,en-US,send-and-receive-email,thunderbird;send-and-receive-email;,VeriSuite,Images not showing in email,https://support.mozilla.org/questions/1510055,,,,,,,,,0,false,,False,
1510057,2025-05-05T15:18:46.058182Z,2025-05-05,en-US,customization,thunderbird;customization;,marcus30,Thunderbird as Mailto defalut in Windows 11 - does not work with the regular settings,https://support.mozilla.org/questions/1510057,os:windows,,,,m:microsoftemail,,,,0,false,,False,
1510068,2025-05-05T16:11:28.486334Z,2025-05-05,cs,attachments,thunderbird;attachments;,ivo.novak.3,ukládání příloh,https://support.mozilla.org/questions/1510068,os:windows,,,,,,,,0,false,,False,
1510069,2025-05-05T16:13:20.710240Z,2025-05-05,en-US,send-and-receive-email,thunderbird;send-and-receive-email;,mamassey,undeliverable Emails to Comcast addresses,https://support.mozilla.org/questions/1510069,,,,,,isp:comcast,,,3,true,1.49,False,
1510071,2025-05-05T16:20:25.912006Z,2025-05-05,en-US,email-and-messaging,thunderbird;email-and-messaging;,gyron,Thunderbird Inbox emails gone,https://support.mozilla.org/questions/1510071,,,,,,,,,2,true,4.59,False,
1510073,2025-05-05T16:32:11.620857Z,2025-05-05,en-US,send-and-receive-email,thunderbird;send-and-receive-email;,SteveLamberts,Mailing list sending suddenly fails,https://support.mozilla.org/questions/1510073,,,,,,,,,0,false,,False,
1510076,2025-05-05T16:35:56.876143Z,2025-05-05,en-US,email-and-messaging,thunderbird;email-and-messaging;,john97034,Cannot insert underlined hyperlink nor clipart into email using version 138.0 64 bit,https://support.mozilla.org/questions/1510076,,,,,,,,,4,true,1.05,False,
1510080,2025-05-05T16:46:17.371940Z,2025-05-05,en-US,customization,thunderbird;customization;,HighTide,appearance,https://support.mozilla.org/questions/1510080,,,,,,,,,11,true,0.61,True,Mapenzi
1510085,2025-05-05T16:59:46.195615Z,2025-05-05,en-US,account-management,thunderbird;account-management;,christian192,IMAP: keeping synced your folders and emails: what is the meaning ?,https://support.mozilla.org/questions/1510085,,,,,,,proto:imap,,3,true,0.44,False,
1510089,2025-05-05T17:07:32.073421Z,2025-05-05,en-US,email-and-messaging,thunderbird;email-and-messaging;,bogdanov100anton97203e,I can't remember the city where my Mail was created,https://support.mozilla.org/questions/1510089,,,,,,,,,1,true,0.15,False,
1510095,2025-05-05T17:56:41.961716Z,2025-05-05,en-US,send-and-receive-email,thunderbird;send-and-receive-email;,webexe,Thunderbird server settings,https://support.mozilla.org/questions/1510095,,,,,,,,,1,true,2.08,False,
1510096,2025-05-05T17:58:03.807112Z,2025-05-05,en-US,calendar,thunderbird;calendar;,midsbie,Persistent authentication prompt after removing trial email account,https://support.mozilla.org/questions/1510096,,,,,,,,,3,true,2.54,False,
1510099,2025-05-05T18:08:13.663207Z,2025-05-05,en-US,app-crash,thunderbird;app-crash;,Thomas,Blocked - can't force to leave,https://support.mozilla.org/questions/1510099,os:linux,,,,,,,,0,false,,False,
1510103,2025-05-05T18:43:56.370296Z,2025-05-05,en-US,connectivity,thunderbird;connectivity;,wyldbill6,Can't access Thunderbird.,https://support.mozilla.org/questions/1510103,,,,,,isp:comcast,proto:imap,,0,false,,False,
1510115,2025-05-05T19:56:55.426779Z,2025-05-05,en-US,email-and-messaging,thunderbird;email-and-messaging;,juko.nrw,Wie kann ich Thunderbird mit Google Workspace,https://support.mozilla.org/questions/1510115,,,,,,,,,1,true,0.51,False,
1510126,2025-05-05T20:51:15.658674Z,2025-05-05,en-US,email-and-messaging,thunderbird;email-and-messaging;,rwdunlop,"Email in inbox - unable to delete, move or open",https://support.mozilla.org/questions/1510126,os:windows,,,,,,,,0,false,,False,
1510128,2025-05-05T21:02:26.698139Z,2025-05-05,pt-BR,send-and-receive-email,thunderbird;send-and-receive-email;,guimaraesrepresentacoes51,E-MAIL,https://support.mozilla.org/questions/1510128,,,,,,,,,0,false,,False,
1510138,2025-05-05T22:54:09.249719Z,2025-05-05,en-US,passwords-and-sign-in,thunderbird;passwords-and-sign-in;,sswch,Cannot access email,https://support.mozilla.org/questions/1510138,,,,,,,,,2,true,3.13,False,
1510142,2025-05-05T23:24:13.834300Z,2025-05-05,en-US,send-and-receive-email,thunderbird;send-and-receive-email;,suepa007,Sent mail (not sent),https://support.mozilla.org/questions/1510142,,,,,m:gmail;m:yahooemail,,proto:imap;proto:smtp;proto:oauth,,1,true,2.6,False,
1510147,2025-05-05T23:53:37.048467Z,2025-05-05,en-US,send-and-receive-email,thunderbird;send-and-receive-email;,SJKMB,Missing mail and several sub-folders in Thunderbird after adding a new account,https://support.mozilla.org/questions/1510147,,,,,,,proto:imap;proto:smtp,,0,false,,False,
1510158,2025-05-06T00:53:30.437189Z,2025-05-06,en-US,send-and-receive-email,thunderbird;send-and-receive-email;,jazurell,Sending email,https://support.mozilla.org/questions/1510158,os:windows,,,,,,,,0,false,,False,
1510160,2025-05-06T01:00:41.201208Z,2025-05-06,en-US,import-and-export-email,thunderbird;import-and-export-email;,sbailey1414,Thunderbird: Is there a place in TBird where we can set the file path for manual exporting? Reason: I manually export a ,https://support.mozilla.org/questions/1510160,,,,,,,,,0,false,,False,
1510164,2025-05-06T02:08:34.285615Z,2025-05-06,en-US,email-and-messaging,thunderbird;email-and-messaging;,mozilla98,Cannot authorize account with service provider (accounthub),https://support.mozilla.org/questions/1510164,,,,,m:fastmail,,,,7,true,2589.76,True,firefoxP1
1510175,2025-05-06T03:33:46.251772Z,2025-05-06,en-US,connectivity,thunderbird;connectivity;,alanduncan29,"Thunderbird says ""unable to connect to imap.gmail.com"" this happened2 days ago on my husbands laptop.",https://support.mozilla.org/questions/1510175,,,,,m:gmail,,proto:imap,,0,false,,False,
1510177,2025-05-06T03:40:01.869686Z,2025-05-06,en-US,send-and-receive-email,thunderbird;send-and-receive-email;,dajoh,I can receive emails but can't delete them or forward them,https://support.mozilla.org/questions/1510177,,,,,,,,,0,false,,False,
1510179,2025-05-06T03:53:05.936446Z,2025-05-06,en-US,customization,thunderbird;customization;,dougschuess1,saved passwords,https://support.mozilla.org/questions/1510179,,,,,,,,,3,true,11.31,False,
1510183,2025-05-06T04:11:46.825553Z,2025-05-06,en-US,profiles,thunderbird;profiles;,holger.jakobs,error after moving profile,https://support.mozilla.org/questions/1510183,,,,,,,,,7,true,8.3,True,holger.jakobs
1510203,2025-05-06T06:22:03.523882Z,2025-05-06,en-US,attachments,thunderbird;attachments;,luca.matteini.de,"TB 138 doesn't print PDF ""current page""",https://support.mozilla.org/questions/1510203,os:windows,,,,,,,,2,true,10.67,False,
1510205,2025-05-06T06:37:22.606199Z,2025-05-06,nl,email-and-messaging,thunderbird;email-and-messaging;,Ben2,Verwijderen mappen in de Inbox,https://support.mozilla.org/questions/1510205,,,,,,,,,1,true,1.67,True,markh2
1510211,2025-05-06T07:24:08.827303Z,2025-05-06,en-US,junk-mail-and-spam,thunderbird;junk-mail-and-spam;,j.woodgate49,Deleted messages from folders in deleted folder,https://support.mozilla.org/questions/1510211,,,,,m:microsoftemail,isp:btinternet,,,3,true,9.38,False,
1510212,2025-05-06T07:24:44.059225Z,2025-05-06,en-US,events,thunderbird;events;,classicning,Calendar: The end date you entered occurs before the start date,https://support.mozilla.org/questions/1510212,,,,,,,,,2,true,10.92,True,christ1
1510216,2025-05-06T08:06:01.664720Z,2025-05-06,en-US,send-and-receive-email,thunderbird;send-and-receive-email;,miniheal,Henter ikke mails,https://support.mozilla.org/questions/1510216,,,,,,,,,1,true,10.71,True,sfhowes
1510223,2025-05-06T09:17:03.332040Z,2025-05-06,nl,junk-mail-and-spam,thunderbird;junk-mail-and-spam;,aadenouden,"prullebak en spam tonen de opgeslagen berichten niet, zie voorbeeld.",https://support.mozilla.org/questions/1510223,,,,,,,,,1,true,5.79,False,
1510225,2025-05-06T09:36:06.344613Z,2025-05-06,en-US,passwords-and-sign-in,thunderbird;passwords-and-sign-in;,,Thunderbird,https://support.mozilla.org/questions/1510225,,,,,,,,,11,true,2.79,True,davidsk
1510229,2025-05-06T10:16:33.717890Z,2025-05-06,en-US,encryption,thunderbird;encryption;,Dulux-Oz,Thunderbird MUST Be Caching TLS Certificates - Even Though It Doesn't ?!?!,https://support.mozilla.org/questions/1510229,os:linux,,,,,,,,0,false,,False,
1510234,2025-05-06T10:56:18.932328Z,2025-05-06,it,send-and-receive-email,thunderbird;send-and-receive-email;,frankgiga56,Non è stato possibile inviare il messaggio perchè la connessione al server in uscita (SMTP) smtp.gmail.com non è riuscit,https://support.mozilla.org/questions/1510234,,,,,m:gmail,,proto:smtp,,1,true,0.51,False,
1510236,2025-05-06T11:00:55.718919Z,2025-05-06,en-US,connectivity,thunderbird;connectivity;,stenderuphus,Anvendelse af thunderbird,https://support.mozilla.org/questions/1510236,,,,,,,,,0,false,,False,
1510237,2025-05-06T11:01:00.086719Z,2025-05-06,nl,reset-passwords,thunderbird;reset-passwords;,pure_moodss,"Ik kan mijn wachtwoord niet veranderen  na instalatie van pc,ik kom er niet meer in :(",https://support.mozilla.org/questions/1510237,,,,,,,,,3,true,3.38,False,
1510246,2025-05-06T12:58:15.404679Z,2025-05-06,en-US,connectivity,thunderbird;connectivity;,rb71,Unable to -compose within Docker Container,https://support.mozilla.org/questions/1510246,os:linux,,,,,,,,1,false,,False,
1510248,2025-05-06T13:02:59.281078Z,2025-05-06,nl,send-and-receive-email,thunderbird;needsinfo;send-and-receive-email;,j.houtman66,mijn email doet het niet meer,https://support.mozilla.org/questions/1510248,,,,,,,,,1,true,1.37,False,
1510251,2025-05-06T13:11:32.718602Z,2025-05-06,en-US,accessibility,thunderbird;accessibility;,Rich57,Text size too small with inline images,https://support.mozilla.org/questions/1510251,,,,,,,,,1,true,1.65,False,
1510253,2025-05-06T13:14:10.338917Z,2025-05-06,cs,send-and-receive-email,thunderbird;send-and-receive-email;,radka.horvathova,Gmail alias in Thunderbird,https://support.mozilla.org/questions/1510253,,,,,m:gmail,,,,0,false,,False,
1510254,2025-05-06T13:14:58.736655Z,2025-05-06,cs,send-and-receive-email,thunderbird;send-and-receive-email;,radka.horvathova,Gmail alias v Thunderbirdu,https://support.mozilla.org/questions/1510254,,,,,m:gmail,,,,2,true,7.19,False,
1510261,2025-05-06T13:45:27.461665Z,2025-05-06,tr,send-and-receive-email,thunderbird;send-and-receive-email;,zeynep1951,Hep hata mesajı alıyorum,https://support.mozilla.org/questions/1510261,,,,,,,,,1,true,3.14,False,
1510267,2025-05-06T14:11:51.272365Z,2025-05-06,es,attachments,thunderbird;attachments;,info1787,Opening email attachments,https://support.mozilla.org/questions/1510267,,,,,,,,,0,false,,False,
1510270,2025-05-06T14:29:57.599292Z,2025-05-06,en-US,app-crash,thunderbird;app-crash;,max.berger1,Thunderbird - fatal crash - unable to find solution - pls help!,https://support.mozilla.org/questions/1510270,os:windows,,,,,,,,13,true,0.23,False,
1510272,2025-05-06T14:40:32.548304Z,2025-05-06,en-US,install,thunderbird;install;,markdirollo,Can't Install Thunderbird on Mac running High Sierra,https://support.mozilla.org/questions/1510272,os:macos,,,,,,,,2,true,0.82,True,James
1510277,2025-05-06T15:02:48.933819Z,2025-05-06,en-US,junk-mail-and-spam,thunderbird;junk-mail-and-spam;,sail4,Unwanted emails,https://support.mozilla.org/questions/1510277,,,,,,isp:spectrum,,,1,true,0.1,False,
1510280,2025-05-06T15:10:04.719468Z,2025-05-06,en-US,connectivity,thunderbird;connectivity;,mozilla127,Subscribe fails to .. subscribe,https://support.mozilla.org/questions/1510280,,,,,m:microsoftemail,,,,4,true,0.9,False,
1510286,2025-05-06T15:31:19.077984Z,2025-05-06,en-US,send-and-receive-email,thunderbird;send-and-receive-email;,md26,Email Message Updates,https://support.mozilla.org/questions/1510286,,,,,,,,,7,true,0.36,False,
1510288,2025-05-06T15:32:59.107620Z,2025-05-06,en-US,connectivity,thunderbird;connectivity;,falkfamily,IMAP timing out and SMTP not connecting,https://support.mozilla.org/questions/1510288,,,,,,,proto:imap;proto:smtp,,4,true,0.48,False,
1510294,2025-05-06T15:56:08.878654Z,2025-05-06,en-US,passwords-and-sign-in,thunderbird;passwords-and-sign-in;,r-johnson,email setup,https://support.mozilla.org/questions/1510294,,,,,,,,,1,true,4.25,False,
1510295,2025-05-06T15:59:24.230700Z,2025-05-06,en-US,passwords-and-sign-in,thunderbird;passwords-and-sign-in;,r-johnson,email setup,https://support.mozilla.org/questions/1510295,,,,,,,,,1,true,2.53,False,
1510300,2025-05-06T16:09:14.018936Z,2025-05-06,en-US,calendar,thunderbird;calendar;,rainer.haselberger,resolved tasks in gmail-calendar do not disappear in Thunderbird-client and can't be deleted.,https://support.mozilla.org/questions/1510300,,,,,m:gmail,,,,0,false,,False,
1510310,2025-05-06T17:08:47.663835Z,2025-05-06,en-US,customization,thunderbird;customization;,gerald.ten,indent of subject line in threads,https://support.mozilla.org/questions/1510310,os:macos,,,,,,,,5,true,1.45,True,Yu5tiqX9og
1510316,2025-05-06T17:58:15.604739Z,2025-05-06,en-US,contacts,thunderbird;contacts;,jessgless99,Adding Contacts in Tb 138,https://support.mozilla.org/questions/1510316,,,,,,,,,1,true,0.32,False,
1510321,2025-05-06T18:31:12.674672Z,2025-05-06,en-US,reset-passwords,thunderbird;reset-passwords;,Dankolster,Thunderbird POP password,https://support.mozilla.org/questions/1510321,,,,,,,proto:pop,,1,true,1.62,False,
1510323,2025-05-06T18:41:26.889224Z,2025-05-06,en-US,passwords-and-sign-in,thunderbird;passwords-and-sign-in;,kieselbark,Receiving login to server mail.kieselbark.com with username info@kieselbark.com failed. I’m not really sure what else to,https://support.mozilla.org/questions/1510323,,,,,,,,,0,false,,False,
1510349,2025-05-06T20:40:19.428478Z,2025-05-06,pt-BR,send-and-receive-email,thunderbird;send-and-receive-email;,carloxy,Envia a mensagem mas não salva na pasta de enviados,https://support.mozilla.org/questions/1510349,,,,,,,,,0,false,,False,
1510350,2025-05-06T21:02:26.227130Z,2025-05-06,en-US,profiles,thunderbird;profiles;,dg2518,copy profile to new pc,https://support.mozilla.org/questions/1510350,os:windows,,,,,,,,1,true,15.39,False,
1510365,2025-05-06T23:37:26.059433Z,2025-05-06,en-US,customization,thunderbird;customization;,PCMail,WHY do headers take up 4/5 of the page and the message barely 1/5 meaning that you can only read one line at a time?  It,https://support.mozilla.org/questions/1510365,,,,,,,,,1,true,1.62,True,mozilla98
1510367,2025-05-07T00:07:55.276961Z,2025-05-07,en-US,calendar,thunderbird;calendar;,Techminator,Recover Deleted Calender,https://support.mozilla.org/questions/1510367,,,,,,,,,0,false,,False,
1510374,2025-05-07T00:52:57.850479Z,2025-05-07,en-US,customization,thunderbird;customization;,NoSyu,How to Always Disable Dark Mode for Email Body in Thunderbird 128.10.0esr?,https://support.mozilla.org/questions/1510374,os:macos,,,,,,,,4,true,15.56,True,NoSyu
1510376,2025-05-07T01:24:52.737436Z,2025-05-07,en-US,send-and-receive-email,thunderbird;send-and-receive-email;,adbeng,"line spacing i.e. 1, 1.5, 2.0 etc",https://support.mozilla.org/questions/1510376,,,,,,,,,2,true,11.98,True,adbeng
1510402,2025-05-07T04:04:07.781093Z,2025-05-07,en-US,email-and-messaging,thunderbird;email-and-messaging;,suzanne.lane381,Email folders,https://support.mozilla.org/questions/1510402,,,,,,,,,7,true,8.43,False,
1510407,2025-05-07T04:49:49.077268Z,2025-05-07,en-US,app-crash,thunderbird;app-crash;,aaegove,"Thunderbird email does not work.  Windows error, reports ""Incompatible Program""",https://support.mozilla.org/questions/1510407,,,,,,,,,1,true,13.58,False,
1510409,2025-05-07T05:04:40.176476Z,2025-05-07,en-US,email-and-messaging,thunderbird;email-and-messaging;,paulmcn1950,deleting messages,https://support.mozilla.org/questions/1510409,,,,,,,,,2,true,6.81,False,
1510424,2025-05-07T07:01:39.135791Z,2025-05-07,cs,send-and-receive-email,thunderbird;send-and-receive-email;,samsonbronislav,Otevření zprávy ze složky,https://support.mozilla.org/questions/1510424,,,,,m:microsoftemail,,,,8,true,1.28,False,
1510429,2025-05-07T07:29:45.762329Z,2025-05-07,en-US,send-and-receive-email,thunderbird;send-and-receive-email;,theoatteejae,Email replies,https://support.mozilla.org/questions/1510429,,,,,,,proto:smtp,,0,false,,False,
1510431,2025-05-07T07:43:13.306493Z,2025-05-07,es,send-and-receive-email,thunderbird;send-and-receive-email;,ccalderong,I can't receive any message in my thunderbird,https://support.mozilla.org/questions/1510431,,,,,,,,,1,true,16.55,False,
1510433,2025-05-07T08:02:43.099598Z,2025-05-07,nl,calendar,thunderbird;calendar;,stephan35,TB 138 no longer handles multiple CalDav accounts with (baikal) server,https://support.mozilla.org/questions/1510433,,,,,,,proto:caldav,,1,true,47.73,False,
1510437,2025-05-07T08:36:08.172882Z,2025-05-07,en-US,customization,thunderbird;customization;,pternitis,"My TB signs are deleted, need to re-instate my TB to its original",https://support.mozilla.org/questions/1510437,,,,,,,,,0,false,,False,
1510444,2025-05-07T09:13:33.915824Z,2025-05-07,en-US,email-and-messaging,thunderbird;email-and-messaging;,c_thippawan,"Thunderbird 138.0(64bit), how to deleted duplicated mail?",https://support.mozilla.org/questions/1510444,,,,,,,,,2,true,6.92,False,
1510445,2025-05-07T09:15:14.709420Z,2025-05-07,nl,send-and-receive-email,thunderbird;send-and-receive-email;,vt607561,Kan plots geen mail meer verzenden,https://support.mozilla.org/questions/1510445,os:windows,,,,m:gmail;m:microsoftemail;m:yahooemail,,,,1,true,28.68,False,
1510450,2025-05-07T09:53:32.323720Z,2025-05-07,en-US,contacts,thunderbird;contacts;,angela46,Importing email from a particular folder,https://support.mozilla.org/questions/1510450,,,,,,,,,1,true,2.41,False,
1510451,2025-05-07T09:54:16.782862Z,2025-05-07,en-US,save-passwords,thunderbird;save-passwords;,larsson.knagh,Thunderbird,https://support.mozilla.org/questions/1510451,,,,,,,,,1,true,2.13,False,
1510459,2025-05-07T10:52:03.450852Z,2025-05-07,nl,reset-passwords,thunderbird;reset-passwords;,pure_moodss,"wachtwoord in mozilla thunderbird is weg, niet in ziggo.",https://support.mozilla.org/questions/1510459,,,,,,,,,0,false,,False,
1510462,2025-05-07T11:07:53.632457Z,2025-05-07,nl,junk-mail-and-spam,thunderbird;junk-mail-and-spam;,michel.lebacq,Spam berichten komen niet meer in spam box,https://support.mozilla.org/questions/1510462,,,,,,,,,2,true,45.96,False,
1510475,2025-05-07T12:11:42.833151Z,2025-05-07,en-US,contacts,thunderbird;contacts;,jfrench3,Lotus Organizer,https://support.mozilla.org/questions/1510475,,,,,,,,,1,true,0.15,False,
1510477,2025-05-07T12:45:37.017035Z,2025-05-07,nl,customization,thunderbird;customization;,erik12,schermresolutie?,https://support.mozilla.org/questions/1510477,,,,,,,,,1,true,44.67,False,
1510482,2025-05-07T13:10:25.816396Z,2025-05-07,en-US,send-and-receive-email,thunderbird;send-and-receive-email;,jerbear.white,Emails sent have messed up formatting,https://support.mozilla.org/questions/1510482,,,,,,,,,1,true,1.3,False,
1510483,2025-05-07T13:12:52.505385Z,2025-05-07,en-US,profiles,thunderbird;profiles;,firefoxeric,Thunderbird cannot find my profile,https://support.mozilla.org/questions/1510483,,,,,,,,,2,false,,False,
1510485,2025-05-07T13:30:25.897270Z,2025-05-07,en-US,junk-mail-and-spam,thunderbird;junk-mail-and-spam;,sales74,Sent emails not being received - Fasthost said my messages were being registered as spam by my own server,https://support.mozilla.org/questions/1510485,,,,,m:microsoftemail,,,,0,false,,False,
1510488,2025-05-07T13:42:31.673930Z,2025-05-07,en-US,contacts,thunderbird;contacts;,np.tinguely,Thunderbird android,https://support.mozilla.org/questions/1510488,,,,,,,,,2,true,2.69,False,
1510498,2025-05-07T15:09:54.550307Z,2025-05-07,en-US,email-and-messaging,thunderbird;email-and-messaging;,florent.domine,Mailboxes erased randomly in Thunderbird,https://support.mozilla.org/questions/1510498,,,,,,,,,0,false,,False,
1510499,2025-05-07T15:10:39.445050Z,2025-05-07,en-US,passwords-and-sign-in,thunderbird;passwords-and-sign-in;,g-o.klawitter,Error: user name and password combination is not correct  (was Thunderberg beta),https://support.mozilla.org/questions/1510499,,,,,,isp:tonline,,,1,true,3.13,False,
1510501,2025-05-07T15:19:22.654877Z,2025-05-07,nl,connectivity,thunderbird;connectivity;,fransbertruber2,ik kan geen mail ontvangen  / verzenden via Thunderbird,https://support.mozilla.org/questions/1510501,,,,,m:microsoftemail,,,,1,true,15.45,False,
1510515,2025-05-07T16:27:21.153976Z,2025-05-07,en-US,send-and-receive-email,thunderbird;send-and-receive-email;,39Woodie,lost messages,https://support.mozilla.org/questions/1510515,,,,,,,,,0,false,,False,
1510516,2025-05-07T16:31:11.906572Z,2025-05-07,en-US,email-and-messaging,thunderbird;email-and-messaging;,PedroSpa,Unable to delete or rename Template folders (128.10.0esr),https://support.mozilla.org/questions/1510516,,,,,,,,,3,true,0.5,False,
1510517,2025-05-07T16:34:22.886609Z,2025-05-07,en-US,send-and-receive-email,thunderbird;send-and-receive-email;,Larbo,Pop 3 account will not download emails  - login to pop server failed,https://support.mozilla.org/questions/1510517,,,,,,,proto:pop,,0,false,,False,
1510519,2025-05-07T16:41:57.090767Z,2025-05-07,en-US,events,thunderbird;events;,kaplanroger,Choosing which calendar to add event,https://support.mozilla.org/questions/1510519,,,,,,,,,1,true,1.02,False,
1510523,2025-05-07T17:11:16.942033Z,2025-05-07,en-US,connectivity,thunderbird;connectivity;,gkvalgy,Downloading email,https://support.mozilla.org/questions/1510523,os:windows,,,,m:gmail;m:telus,isp:telus;isp:shaw,proto:pop,av:avast,5,true,0.95,False,
1510533,2025-05-07T17:46:46.911727Z,2025-05-07,en-US,email-and-messaging,thunderbird;email-and-messaging;,pfriem,"all content in folders is vanished, what happened?",https://support.mozilla.org/questions/1510533,,,,,,,,,0,false,,False,
1510541,2025-05-07T18:40:06.337214Z,2025-05-07,es,customization,thunderbird;needsinfo;customization;,gfdpventas01,interfaz,https://support.mozilla.org/questions/1510541,,,,,,,,,1,true,5.64,False,
1510542,2025-05-07T19:02:55.284940Z,2025-05-07,en-US,connectivity,thunderbird;connectivity;,k8vya,"I keep getting message "" unable to sign in to my server "" but i can go to the server Centurylink email and everything is",https://support.mozilla.org/questions/1510542,,,,,,isp:centurylink,,,0,false,,False,
1510543,2025-05-07T19:06:37.382416Z,2025-05-07,en-US,send-and-receive-email,thunderbird;send-and-receive-email;,annok,"When I try to send email in Thunderbird I get an error message ""Login to account smtp.juno.com failed""",https://support.mozilla.org/questions/1510543,,,,,,,proto:smtp,,1,true,6.63,False,
1510549,2025-05-07T19:35:49.527184Z,2025-05-07,en-US,connectivity,thunderbird;connectivity;,annok,"When trying to get my email on Thunderbird, I get an error message ""could not connect to server""",https://support.mozilla.org/questions/1510549,,,,,,,,,0,false,,False,
1510555,2025-05-07T20:29:27.235833Z,2025-05-07,en-US,import-and-export-settings,thunderbird;import-and-export-settings;,chrisnt1,"Thunderbird damaged during Mac-to-Mac migration, need to get old emails into new Thunderbird on new Mac",https://support.mozilla.org/questions/1510555,,,,,,,,,9,true,25.39,False,
1510572,2025-05-07T21:41:20.491945Z,2025-05-07,en-US,events,thunderbird;events;,wes19,Thunderbird Lightning Calendar generating spurious reminders,https://support.mozilla.org/questions/1510572,os:linux,,,,,,proto:pop,,0,false,,False,
1510587,2025-05-08T00:47:13.151305Z,2025-05-08,en-US,send-and-receive-email,thunderbird;send-and-receive-email;,petaud10,smtp connection isnot available,https://support.mozilla.org/questions/1510587,,,,,,isp:bell,proto:smtp,,1,true,11.26,False,
1510593,2025-05-08T01:50:14.566750Z,2025-05-08,en-US,events,linux;thunderbird;calendar;events;,firefox2506,"When I close and reopen Thunderbird, my appointment times change by ~17 hours",https://support.mozilla.org/questions/1510593,os:linux,,,,,,proto:caldav,,8,true,15.06,True,Toad-Hall
1510601,2025-05-08T02:38:13.163416Z,2025-05-08,en-US,connectivity,thunderbird;connectivity;,angel8y6,actualizacion en segundo plano,https://support.mozilla.org/questions/1510601,,,,,,,,,0,false,,False,
1510605,2025-05-08T03:32:14.008696Z,2025-05-08,en-US,customization,thunderbird;customization;,kwecter,Start Thunderbird Minimized,https://support.mozilla.org/questions/1510605,os:windows,,,,,,,,0,false,,False,
1510629,2025-05-08T07:01:46.587906Z,2025-05-08,it,connectivity,thunderbird;connectivity;,h5xffhzm2h,Unable to send email via SMTP (smtp.ecozac.it) using Thunderbird,https://support.mozilla.org/questions/1510629,os:macos,,,,,,proto:smtp,,1,true,1.16,False,
1510635,2025-05-08T07:35:32.211964Z,2025-05-08,en-US,customization,thunderbird;customization;,hgs6,Need to exempt LocalFolder when compacting,https://support.mozilla.org/questions/1510635,,,,,,,,,0,false,,False,
1510637,2025-05-08T07:52:07.057658Z,2025-05-08,nl,passwords-and-sign-in,thunderbird;passwords-and-sign-in;,veerlewauters,Probleem met herinstalleren Gmail account in Thunderbird,https://support.mozilla.org/questions/1510637,,,,,m:gmail,,,,3,true,1.61,False,
1510643,2025-05-08T08:56:38.961710Z,2025-05-08,en-US,customization,thunderbird;customization;,queen_ant,"Deleting ""Archive"" & ""Archives"" Folders",https://support.mozilla.org/questions/1510643,,,,,,,,,0,false,,False,
1510665,2025-05-08T12:01:40.974561Z,2025-05-08,it,send-and-receive-email,thunderbird;send-and-receive-email;,geometramelani,"Ho problemi con il mio account gmail e Thunderbird, il client di posta mescola oggetto e corrispondente dei messaggi con",https://support.mozilla.org/questions/1510665,,,,,m:gmail,,,,3,true,0.03,False,
1510666,2025-05-08T12:03:23.657665Z,2025-05-08,en-US,customization,thunderbird;customization;,paul634,Thunderbird storing offline emails,https://support.mozilla.org/questions/1510666,,,,,,,,,4,true,0.23,False,
1510668,2025-05-08T12:19:40.605499Z,2025-05-08,en-US,send-and-receive-email,thunderbird;send-and-receive-email;,RoeyBarr,thunderbird removes all emails that are more than 24 day old,https://support.mozilla.org/questions/1510668,,,,,,,,,6,true,51.8,False,
1510671,2025-05-08T12:26:06.393939Z,2025-05-08,en-US,send-and-receive-email,thunderbird;send-and-receive-email;,bb27,migrations and downloads,https://support.mozilla.org/questions/1510671,,,,,,,proto:imap,,1,true,0.13,False,
1510677,2025-05-08T13:30:10.532350Z,2025-05-08,en-US,send-and-receive-email,thunderbird;send-and-receive-email;,falkfamily,IMAP and SMTP won't connect,https://support.mozilla.org/questions/1510677,,,,,,,proto:imap;proto:smtp,,1,true,1.99,False,
1510686,2025-05-08T14:09:52.150207Z,2025-05-08,en-US,send-and-receive-email,thunderbird;send-and-receive-email;,1danda.gem,Thunderbird  inbox not receiving mail,https://support.mozilla.org/questions/1510686,,,,,,,,,1,true,26.62,False,
1510692,2025-05-08T14:38:36.763223Z,2025-05-08,en-US,email-and-messaging,thunderbird;email-and-messaging;,rafetsucu,POP3 Until I delete setting,https://support.mozilla.org/questions/1510692,,,,,,,proto:pop,,0,false,,False,
1510708,2025-05-08T15:45:45.908543Z,2025-05-08,it,search,thunderbird;search;,m.certa23,gestione email con barra filtri,https://support.mozilla.org/questions/1510708,,,,,,,,,1,true,2.29,False,
1510710,2025-05-08T15:49:16.863554Z,2025-05-08,it,send-and-receive-email,thunderbird;needsinfo;send-and-receive-email;,mb.postamobile,"Buongiorno, da qualche giorno non salva le risposte delle email su posta inviata come impostato",https://support.mozilla.org/questions/1510710,,,,,,,,,1,true,2.2,False,
1510721,2025-05-08T16:10:26.818465Z,2025-05-08,en-US,send-and-receive-email,thunderbird;send-and-receive-email;,pattymurray17,"All May 7 and May 8 2025 email has disappeared from Thunderbird, all accounts",https://support.mozilla.org/questions/1510721,,,,,,,,,0,false,,False,
1510726,2025-05-08T16:53:54.995517Z,2025-05-08,it,account-management,thunderbird;account-management;,francescolotti73,ACCOUNT IN ORDINE ALFABETICO,https://support.mozilla.org/questions/1510726,,,,,,,,,5,true,1.05,False,
1510731,2025-05-08T17:16:27.654500Z,2025-05-08,nl,junk-mail-and-spam,thunderbird;junk-mail-and-spam;,RienM,"Thunderbird bevat nu een map ongewenst, die wil ik niet ;-) ik meen het! ik wil mail kunnen weggooien en ongbruikte mapp",https://support.mozilla.org/questions/1510731,,,,,,,,,3,true,14.28,False,
1510741,2025-05-08T17:56:34.419892Z,2025-05-08,en-US,email-and-messaging,thunderbird;email-and-messaging;,hhoward,Missing mail folders  desktop,https://support.mozilla.org/questions/1510741,os:windows,,,,,,,,0,false,,False,
1510749,2025-05-08T18:43:58.570363Z,2025-05-08,nl,connectivity,thunderbird;connectivity;,info2271,gmail account instellen in firefox lukt niet,https://support.mozilla.org/questions/1510749,,,,,m:gmail,,,,3,true,12.73,False,
1510751,2025-05-08T18:53:39.847422Z,2025-05-08,en-US,email-and-messaging,thunderbird;email-and-messaging;,melonc,Compacting Folders cannot be completed,https://support.mozilla.org/questions/1510751,,,,,,,,,3,true,1.75,False,
1510756,2025-05-08T19:12:34.789975Z,2025-05-08,en-US,tags,thunderbird;tags;,mentiscompos,Tags pane no longer shows tagged messages,https://support.mozilla.org/questions/1510756,,,,,,,,,0,false,,False,
1510771,2025-05-08T20:35:23.948443Z,2025-05-08,nl,send-and-receive-email,thunderbird;send-and-receive-email;,chris.smitskamp,toegang tot nieuwe e-mailberichten,https://support.mozilla.org/questions/1510771,,,,,,,proto:imap,,2,true,11.05,True,Mozilla-assistent
1510772,2025-05-08T20:37:38.882771Z,2025-05-08,en-US,calendar,thunderbird;calendar;,joemorgan,Mozilla Thunderbird Want To Access Your Google Account - I don't Waant to,https://support.mozilla.org/questions/1510772,,,,,m:gmail,,,,5,true,39.34,False,
1510781,2025-05-08T21:15:07.815352Z,2025-05-08,es,encryption,thunderbird;encryption;,claudiamunozgarcia10,cifrar dirección de correo,https://support.mozilla.org/questions/1510781,,,,,,,,,1,true,144.37,False,
1510802,2025-05-08T23:38:13.320753Z,2025-05-08,en-US,accounts,thunderbird;accounts;,db29,Since early April I haven't been able to access my Thunderbird,https://support.mozilla.org/questions/1510802,,,,,,,,,1,true,14.65,False,
1510804,2025-05-08T23:42:31.011793Z,2025-05-08,en-US,account-management,thunderbird;account-management;,nevedwards8,IMAP plus POP accounts.,https://support.mozilla.org/questions/1510804,,,,,,,proto:imap;proto:pop,,1,true,13.36,False,
1510807,2025-05-09T00:17:01.806863Z,2025-05-09,en-US,send-and-receive-email,thunderbird;send-and-receive-email;,stebeni,I want to download my emails from my server (zianet.com) to thunderbird,https://support.mozilla.org/questions/1510807,,,,,,,,,1,true,1.31,False,
1510808,2025-05-09T00:19:05.319353Z,2025-05-09,en-US,email-and-messaging,thunderbird;email-and-messaging;,dabonz1965,Can't Create Folder in TB Client With Proton Accounts,https://support.mozilla.org/questions/1510808,,,,,m:protonmail,,proto:imap,,0,false,,False,
1510819,2025-05-09T02:14:43.919253Z,2025-05-09,en-US,send-and-receive-email,thunderbird;send-and-receive-email;,tripletts5,I am not able to send messages.,https://support.mozilla.org/questions/1510819,,,,,,isp:spectrum,proto:smtp,,1,true,10.54,False,
1510825,2025-05-09T02:57:35.935947Z,2025-05-09,en-US,email-and-messaging,thunderbird;email-and-messaging;,Hikermann,Attempting to drag email files from inbox to file pane:  Asked this last week . . . no responses . . . useless,https://support.mozilla.org/questions/1510825,,,,,,,,,1,true,9.98,False,
1510827,2025-05-09T03:00:36.859076Z,2025-05-09,en-US,send-and-receive-email,thunderbird;send-and-receive-email;,brandon.misener,thunderbird,https://support.mozilla.org/questions/1510827,,,,,,,,,1,true,9.68,False,
1510833,2025-05-09T04:56:43.158164Z,2025-05-09,en-US,customization,thunderbird;customization;,sunilngvli,Showing contact heads in the inbox,https://support.mozilla.org/questions/1510833,,,,,,,,,1,true,7.31,False,
1510834,2025-05-09T05:01:36.494603Z,2025-05-09,en-US,search,thunderbird;search;,r.gallagher3,My search bar has disappeared.  How do I get it back?,https://support.mozilla.org/questions/1510834,,,,,,,,,1,true,2.31,False,
1510838,2025-05-09T05:44:37.054888Z,2025-05-09,cs,send-and-receive-email,thunderbird;send-and-receive-email;,amateliercz,Nepřichází pošta,https://support.mozilla.org/questions/1510838,,,,,,,,,2,true,1.93,False,
1510839,2025-05-09T05:46:19.322396Z,2025-05-09,en-US,attachments,thunderbird;attachments;,email.ilija.b,Thunderbird can't reopen PDF attatchments after restarting,https://support.mozilla.org/questions/1510839,,,,,,,proto:imap,,0,false,,False,
1510841,2025-05-09T06:19:56.793630Z,2025-05-09,en-US,crashing-and-slow-performance,thunderbird;crashing-and-slow-performance;,monsoonhoy,Out of Hard Disk Space - Corrupt iMap?,https://support.mozilla.org/questions/1510841,os:windows,,,,m:gmail,,proto:imap,,5,true,2.96,False,
1510842,2025-05-09T06:52:57.455850Z,2025-05-09,nl,attachments,thunderbird;needsinfo;attachments;,jlslootweg,bijlagen openen,https://support.mozilla.org/questions/1510842,,,,,,,,,1,true,0.81,False,
1510843,2025-05-09T07:06:01.841845Z,2025-05-09,en-US,app-crash,thunderbird;app-crash;,the_real_cipher,Thunderbird crashed and deleted all emails from my inbox and webmail,https://support.mozilla.org/questions/1510843,,,,,,,proto:imap,,2,true,47.31,False,
1510844,2025-05-09T07:07:58.160321Z,2025-05-09,en-US,email-and-messaging,thunderbird;email-and-messaging;,susanna,Inbox suddenly became empty,https://support.mozilla.org/questions/1510844,,,,,,,,,3,true,18.95,False,
1510845,2025-05-09T07:16:29.821058Z,2025-05-09,en-US,save-passwords,thunderbird;save-passwords;,eric43,Can't get e-mail operational for one freenetname email address - password not recognized,https://support.mozilla.org/questions/1510845,os:linux,,,,m:gmail,isp:freenet,,,1,true,53.11,True,davidsk
1510866,2025-05-09T09:08:03.756076Z,2025-05-09,es,send-and-receive-email,thunderbird;send-and-receive-email;,algaro,Algunos correos no aparecen en la carpeta unificada de entrada,https://support.mozilla.org/questions/1510866,,,,,,,,,0,false,,False,
1510875,2025-05-09T10:19:38.845111Z,2025-05-09,en-US,send-and-receive-email,thunderbird;send-and-receive-email;,omsumo,I phone,https://support.mozilla.org/questions/1510875,,,,,,,,,1,true,2.31,False,
1510877,2025-05-09T10:48:38.403218Z,2025-05-09,en-US,email-and-messaging,thunderbird;email-and-messaging;,aldeayton1712,lost sub folders,https://support.mozilla.org/questions/1510877,,,,,,,,,1,true,5.42,False,
1510890,2025-05-09T12:12:21.400928Z,2025-05-09,en-US,junk-mail-and-spam,thunderbird;junk-mail-and-spam;,r.engel550,Spam emails,https://support.mozilla.org/questions/1510890,,,,,,,,,3,true,0.42,True,davidsk
1510892,2025-05-09T12:26:28.787496Z,2025-05-09,es,send-and-receive-email,thunderbird;needsinfo;send-and-receive-email;,cedesamformacion,No me llegan correos al thunderbird,https://support.mozilla.org/questions/1510892,,,,,,,,,1,true,34.92,False,
1510895,2025-05-09T13:02:32.084649Z,2025-05-09,en-US,email-and-messaging,thunderbird;email-and-messaging;,loopygram1,Sent Mail,https://support.mozilla.org/questions/1510895,os:windows,,,,,,,,4,true,0.14,True,sfhowes
1510904,2025-05-09T13:44:41.435898Z,2025-05-09,en-US,undefined,thunderbird;needsinfo;undefined;,pternitis,have lost Thunderbird features,https://support.mozilla.org/questions/1510904,,,,,,,,,5,true,0.45,False,
1510905,2025-05-09T13:50:01.413827Z,2025-05-09,en-US,reset-passwords,thunderbird;reset-passwords;,maryjanestall,e-mails,https://support.mozilla.org/questions/1510905,,,,,,,,,1,true,0.34,False,
1510913,2025-05-09T14:14:42.855408Z,2025-05-09,en-US,accessibility,thunderbird;accessibility;seg-not-firefox;,mbhallll3,Name included at bottom of emails I send,https://support.mozilla.org/questions/1510913,,,,,,,,,0,false,,False,
1510916,2025-05-09T15:04:21.679855Z,2025-05-09,en-US,undefined,thunderbird;seg-not-firefox;undefined;,MCPECHINEY,Thunderbird',https://support.mozilla.org/questions/1510916,,,,,,,,,0,false,,False,
1510923,2025-05-09T15:51:54.392992Z,2025-05-09,it,app-crash,thunderbird;app-crash;,avv.daniela.tramis,COLLEGAMENTO A THUNDERBIRD INESISTENTE IMPOSSIBILE VEDERE MAIL,https://support.mozilla.org/questions/1510923,,,,,,,,,3,true,0.23,False,
1510924,2025-05-09T16:09:40.771204Z,2025-05-09,cs,account-management,thunderbird;account-management;,v.kybus,Nastavení účtu v Thunderbirdu.,https://support.mozilla.org/questions/1510924,,,,,,,,,1,true,5.16,False,
1510934,2025-05-09T17:15:19.520652Z,2025-05-09,en-US,account-management,thunderbird;account-management;,mdiehl,XML Parsing Error: undefined entity,https://support.mozilla.org/questions/1510934,,,,,,,,,1,true,13.97,False,
1510938,2025-05-09T17:47:49.624648Z,2025-05-09,en-US,send-and-receive-email,thunderbird;send-and-receive-email;,kmurad,Receiving emails,https://support.mozilla.org/questions/1510938,,,,,,,,,4,true,0.81,False,
1510939,2025-05-09T17:47:49.994870Z,2025-05-09,en-US,connectivity,thunderbird;connectivity;,e.katowitz,"Blank Gray Screen after """"Allow"" when trying to add Google Account",https://support.mozilla.org/questions/1510939,,,,,,,,,6,true,14.46,True,christ1
1510941,2025-05-09T18:06:51.254100Z,2025-05-09,en-US,reset-passwords,thunderbird;reset-passwords;,geoffparnell22,thunderbird,https://support.mozilla.org/questions/1510941,,,,,,,,,1,true,0.46,False,
1510947,2025-05-09T18:51:38.325883Z,2025-05-09,en-US,update,thunderbird;update;,101stanboski,unable to access my e-mail because of old version on Windows 10,https://support.mozilla.org/questions/1510947,os:windows,,,,,,,,1,true,6.61,False,
1510948,2025-05-09T19:11:06.343649Z,2025-05-09,en-US,email-and-messaging,thunderbird;email-and-messaging;,genbug247,why can't I delete old messages on new version,https://support.mozilla.org/questions/1510948,,,,,,,,,1,true,6.34,False,
1510951,2025-05-09T19:33:29.279892Z,2025-05-09,en-US,import-and-export-email,thunderbird;backup-data;import-and-export-email;,acunet3278,Archiving Thunderbird local folders to external Disk Drive,https://support.mozilla.org/questions/1510951,os:windows,,,,,,,,1,true,0.65,False,
1510955,2025-05-09T19:49:35.736635Z,2025-05-09,en-US,send-and-receive-email,thunderbird;send-and-receive-email;,TMcNabb,"cannot send emails. First ""login to smtp.gmai.com with user name has fail.' Then asked to enter new password",https://support.mozilla.org/questions/1510955,,,,,m:microsoftemail,,proto:smtp,,2,true,20.13,False,
1510959,2025-05-09T20:47:35.663914Z,2025-05-09,en-US,update,thunderbird;update;,ehatton,Thunderbird not updating from 102,https://support.mozilla.org/questions/1510959,os:linux,,,,,,,,4,true,4.13,False,
1510962,2025-05-09T21:12:29.005669Z,2025-05-09,en-US,install,thunderbird;install;,wumg54321,can't set up Thunderbird,https://support.mozilla.org/questions/1510962,,,,,,,,,2,true,4.42,False,
1510972,2025-05-09T23:02:08.405036Z,2025-05-09,en-US,junk-mail-and-spam,thunderbird;junk-mail-and-spam;,MKS1,"Adding comcast imap account errors with ""either the password and address is wrong.""  [was: incoming emails go directly t",https://support.mozilla.org/questions/1510972,,,,,,isp:comcast,proto:imap,,12,true,85.34,True,MKS1
1510976,2025-05-10T00:05:45.610169Z,2025-05-10,en-US,customization,thunderbird;customization;,Luminary99,How to configure Send to > email recipient to use Thunderbird in Windows 11,https://support.mozilla.org/questions/1510976,os:windows,,,,m:microsoftemail,,,,1,true,11.2,False,
1510978,2025-05-10T00:18:25.480812Z,2025-05-10,en-US,email-and-messaging,thunderbird;email-and-messaging;,mara4,"Mozilla suddenly moved all my folders, put some in gray italics and deleted others",https://support.mozilla.org/questions/1510978,,,,,m:gmail,,,,0,false,,False,
1510990,2025-05-10T01:50:18.251044Z,2025-05-10,en-US,import-and-export-email,thunderbird;import-and-export-email;,cyanicka46,New e-mail (gmail) address.   Preserve Local Folders that were created under old e-mail address.,https://support.mozilla.org/questions/1510990,,,,,m:gmail;m:yahooemail,isp:att,,,1,true,6.36,False,
1511023,2025-05-10T06:48:57.670798Z,2025-05-10,en-US,junk-mail-and-spam,thunderbird;junk-mail-and-spam;,gulleys,Have been using Thunderbird nearly a decade to send out a organizations news letter with no problems. Then is the last s,https://support.mozilla.org/questions/1511023,,,,,,,,,2,true,0.76,False,
1511031,2025-05-10T08:24:30.160206Z,2025-05-10,en-US,account-management,thunderbird;account-management;,john4,Gemme en mailkonto,https://support.mozilla.org/questions/1511031,,,,,,,,,1,true,3.67,False,
1511032,2025-05-10T08:29:05.214652Z,2025-05-10,it,customization,thunderbird;customization;,panetta.fernando,Thunderbird Mobile - Gestione cartelle,https://support.mozilla.org/questions/1511032,,,,,m:yahooemail,,,,1,true,6.99,False,
1511034,2025-05-10T09:09:50.755112Z,2025-05-10,en-US,passwords-and-sign-in,thunderbird;passwords-and-sign-in;,pternitis,Thunderbird Accessibility,https://support.mozilla.org/questions/1511034,,,,,,,,,2,true,3.0,False,
1511037,2025-05-10T09:21:13.873652Z,2025-05-10,es,customization,thunderbird;customization;,ismaelgph,Minimizar en la barra de tareas,https://support.mozilla.org/questions/1511037,,,,,,,,,1,true,13.88,False,
1511044,2025-05-10T10:20:31.463943Z,2025-05-10,en-US,passwords-and-sign-in,thunderbird;passwords-and-sign-in;,rakrez,"Password change if the ""saved password"" has been deleted?",https://support.mozilla.org/questions/1511044,,,,,,,,,3,true,0.25,False,
1511046,2025-05-10T10:25:01.807501Z,2025-05-10,en-US,contacts,thunderbird;contacts;,rstreet48,import names and email addresses from excel file,https://support.mozilla.org/questions/1511046,,,,,,,,,1,true,0.82,False,
1511047,2025-05-10T10:38:24.046674Z,2025-05-10,en-US,events,thunderbird;events;,Jeanmclucas,event reminder not working,https://support.mozilla.org/questions/1511047,,,,,,,,,31,true,0.42,True,jsrrmyers
1511056,2025-05-10T12:34:26.819083Z,2025-05-10,en-US,email-and-messaging,linux;thunderbird;email-and-messaging;,munkhusukh284,[edited] @gmail.com,https://support.mozilla.org/questions/1511056,,,,,m:gmail,,,,2,true,13.28,False,
1511059,2025-05-10T13:02:12.970587Z,2025-05-10,en-US,email-and-messaging,thunderbird;email-and-messaging;,gulleys,Out going e-mail being blocked,https://support.mozilla.org/questions/1511059,,,,,,,,,1,true,1.13,False,
1511069,2025-05-10T14:17:33.085330Z,2025-05-10,en-US,crashing-and-slow-performance,thunderbird;crashing-and-slow-performance;,me343,Move bunch of messages to folder,https://support.mozilla.org/questions/1511069,,,,,,,,,5,true,0.31,False,
1511081,2025-05-10T15:17:11.951061Z,2025-05-10,en-US,send-and-receive-email,thunderbird;send-and-receive-email;,careymann,One of two mail accounts I set up in Thunderbird has stopped syncing,https://support.mozilla.org/questions/1511081,,,,,,,,,2,true,11.35,True,careymann
1511090,2025-05-10T16:25:40.333595Z,2025-05-10,en-US,import-and-export-email,thunderbird;import-and-export-email;,jrhslick,thunderbird accounts,https://support.mozilla.org/questions/1511090,,,,,,,proto:imap,,1,true,0.11,False,
1511091,2025-05-10T16:31:40.487792Z,2025-05-10,en-US,customization,thunderbird;customization;,wlb.aes,Thunderbird closes instead of minimizing to task bar,https://support.mozilla.org/questions/1511091,,,,,,,,,2,true,0.67,True,wlb.aes
1511094,2025-05-10T17:18:33.510692Z,2025-05-10,en-US,search,thunderbird;search;,mphillips5,search function,https://support.mozilla.org/questions/1511094,,,,,,,,,4,true,8.79,False,
1511095,2025-05-10T17:19:47.279621Z,2025-05-10,en-US,junk-mail-and-spam,thunderbird;junk-mail-and-spam;,BDinger3,Thunderbird no longer emptying trash on exit despite having this option checked.,https://support.mozilla.org/questions/1511095,,,,,,,,,4,true,9.27,False,
1511102,2025-05-10T18:35:29.528133Z,2025-05-10,en-US,update,thunderbird;update;,fredrbeck,Thunderbird upgrades requires password for comcast account access,https://support.mozilla.org/questions/1511102,,,,,,isp:comcast,,,4,true,7.98,False,
1511105,2025-05-10T19:06:02.722436Z,2025-05-10,nl,email-and-messaging,thunderbird;email-and-messaging;,ghuisman37,Mappen verwijderen,https://support.mozilla.org/questions/1511105,,,,,,,,,1,true,112.29,False,
1511106,2025-05-10T19:10:15.830589Z,2025-05-10,en-US,save-passwords,thunderbird;save-passwords;,barnaud.michel0873,mon mot de passe n'est pas recconu pour Imap; parcontre la configuration est trouvée dans la base de données des FAI de ,https://support.mozilla.org/questions/1511106,,,,,,,proto:imap,,1,true,1.38,False,
1511109,2025-05-10T19:26:27.545394Z,2025-05-10,en-US,calendar,thunderbird;calendar;,det1059,Thunderbird cannot access a calandar stored on an iMAP server,https://support.mozilla.org/questions/1511109,,,,,,,proto:imap,,2,true,6.34,True,det1059
1511119,2025-05-10T20:50:54.364660Z,2025-05-10,en-US,send-and-receive-email,thunderbird;send-and-receive-email;,judylscott,Accidently deleted email inbox. How can recover the messages?,https://support.mozilla.org/questions/1511119,,,,,,,,,1,true,4.68,False,
1511123,2025-05-10T21:25:23.846212Z,2025-05-10,en-US,profiles,thunderbird;profiles;,johnwmreed7,Setting up Thunderbird Profile using Comcast,https://support.mozilla.org/questions/1511123,,,,,,isp:comcast,,,1,true,5.05,False,
1511130,2025-05-10T22:40:56.849471Z,2025-05-10,en-US,junk-mail-and-spam,thunderbird;junk-mail-and-spam;,MKS1,Emails on Thunderbird,https://support.mozilla.org/questions/1511130,,,,,,,,,1,true,2.81,False,
1511131,2025-05-10T23:01:13.349074Z,2025-05-10,en-US,import-and-export-email,thunderbird;import-and-export-email;,puravid1,IMAP Email Account Terminated by Service,https://support.mozilla.org/questions/1511131,,,,,,,proto:imap,,5,true,7.45,False,
1511139,2025-05-10T23:57:03.281263Z,2025-05-10,en-US,passwords-and-sign-in,thunderbird;passwords-and-sign-in;,iamrobertryan,My password [edited] ! is not working.,https://support.mozilla.org/questions/1511139,,,,,,,,,1,true,3.94,False,
1511149,2025-05-11T01:17:45.464180Z,2025-05-11,en-US,email-and-messaging,thunderbird;email-and-messaging;,wumg54321,email,https://support.mozilla.org/questions/1511149,,,,,,,,,1,true,1.08,False,
1511161,2025-05-11T03:01:36.923472Z,2025-05-11,en-US,junk-mail-and-spam,thunderbird;junk-mail-and-spam;,acp100,Thunderbird Emails won't delete,https://support.mozilla.org/questions/1511161,,,,,,,,,5,true,0.7,False,
1511168,2025-05-11T05:05:21.969080Z,2025-05-11,en-US,passwords-and-sign-in,thunderbird;passwords-and-sign-in;,uwekurzynski,Thunderbird Gmail account isnt working anymore,https://support.mozilla.org/questions/1511168,,,,,m:gmail,,,,2,true,1.3,False,
1511176,2025-05-11T05:49:10.364194Z,2025-05-11,en-US,send-and-receive-email,thunderbird;send-and-receive-email;,n.iredale,"""text/plain et al"" in place of address in email list",https://support.mozilla.org/questions/1511176,,,,,,,,,3,true,0.47,True,n.iredale
1511179,2025-05-11T06:32:18.777299Z,2025-05-11,it,send-and-receive-email,thunderbird;send-and-receive-email;,dino.meloni,Problemi di configurazione indirizzo mail tiscali su Thunderbird,https://support.mozilla.org/questions/1511179,,,,,,,,,1,true,0.07,False,
1511180,2025-05-11T06:35:58.405961Z,2025-05-11,en-US,crashing-and-slow-performance,thunderbird;crashing-and-slow-performance;,fDe,Thunderbird 128.10.0esr (64-bit) linux print preview stuck in preparing preview,https://support.mozilla.org/questions/1511180,os:linux,,,,,,,,0,false,,False,
1511183,2025-05-11T06:52:17.247596Z,2025-05-11,en-US,undefined,thunderbird;undefined;,noelgodson9,My recent question earlier today was about TurboSMTP port use with Aussiebroadband  communications.,https://support.mozilla.org/questions/1511183,,,,,,,,,1,true,5.33,False,
1511194,2025-05-11T09:57:09.767839Z,2025-05-11,en-US,junk-mail-and-spam,thunderbird;junk-mail-and-spam;,gill.hugh,Junk problem,https://support.mozilla.org/questions/1511194,,,,,,,,,1,true,2.38,False,
1511195,2025-05-11T10:04:41.468320Z,2025-05-11,en-US,junk-mail-and-spam,thunderbird;junk-mail-and-spam;,gill.hugh,Junk problem,https://support.mozilla.org/questions/1511195,,,,,,,,,1,true,2.24,False,
1511200,2025-05-11T10:34:05.433531Z,2025-05-11,cs,send-and-receive-email,thunderbird;send-and-receive-email;,boxler,Problém se smtp při odesláním pošty,https://support.mozilla.org/questions/1511200,,,,,,,proto:smtp,,3,true,3.19,True,Ansamb
1511206,2025-05-11T11:41:11.382254Z,2025-05-11,en-US,install,thunderbird;install;,kuroda3,"Creation of ""global-messages-db.sqlite"" is not completed. Shows indexing is in progress.",https://support.mozilla.org/questions/1511206,,,,,,,,,8,true,0.37,False,
1511208,2025-05-11T11:47:28.577992Z,2025-05-11,en-US,import-and-export-settings,thunderbird;import-and-export-settings;,johnfhhgen,Migrating Thunderbird from computer Windows 7 to new Winows 11 PC,https://support.mozilla.org/questions/1511208,os:windows,,,,,,,,1,true,0.23,False,
1511211,2025-05-11T12:11:24.406020Z,2025-05-11,en-US,account-management,thunderbird;account-management;,atakan.giray,Allow users to manually reorder email accounts in the folder pane,https://support.mozilla.org/questions/1511211,,,,,,,,,1,true,0.05,False,
1511214,2025-05-11T12:22:41.252743Z,2025-05-11,en-US,send-and-receive-email,thunderbird;send-and-receive-email;,mu6sys,"Problems in Sending Mail ""relaying not allowed""",https://support.mozilla.org/questions/1511214,,,,,m:gmail,,proto:smtp,,4,true,1.07,False,
1511219,2025-05-11T13:14:37.839749Z,2025-05-11,fi,send-and-receive-email,thunderbird;send-and-receive-email;,pekkajyrinki,Viestin lähetys,https://support.mozilla.org/questions/1511219,,,,,m:gmail,,,,0,false,,False,
1511221,2025-05-11T13:26:54.082717Z,2025-05-11,en-US,customization,thunderbird;customization;,hadmut1,Where has the customizable views filter function gone to?,https://support.mozilla.org/questions/1511221,os:linux,,,,,,,,3,true,0.64,True,davidsk
1511225,2025-05-11T14:21:42.450612Z,2025-05-11,en-US,import-and-export-email,thunderbird;import-and-export-email;,tomsechrest,Saving Gamil messages,https://support.mozilla.org/questions/1511225,,,,,m:gmail,,,,1,true,1.32,False,
1511227,2025-05-11T14:41:21.947817Z,2025-05-11,en-US,send-and-receive-email,thunderbird;send-and-receive-email;,mjdamore,Comcast email being un-deleted,https://support.mozilla.org/questions/1511227,,,,,m:gmail,isp:comcast,,,4,true,5.31,False,
1511228,2025-05-11T14:47:23.731564Z,2025-05-11,es,crashing-and-slow-performance,thunderbird;crashing-and-slow-performance;,reca6000,I use linux mint and when I print it gets stuck and doesn't print,https://support.mozilla.org/questions/1511228,os:linux,,,,,,,,0,false,,False,
1511246,2025-05-11T17:37:09.486585Z,2025-05-11,en-US,email-and-messaging,thunderbird;email-and-messaging;,jfeldmantx,The server settings space in  POP  MAIL Server with USER NAME lost the information. How do I restore it?,https://support.mozilla.org/questions/1511246,,,,,,,proto:pop,,1,true,1.12,False,
1511247,2025-05-11T18:00:18.904101Z,2025-05-11,en-US,send-and-receive-email,thunderbird;send-and-receive-email;,dietzestefan31.08.1976,I can't send any Mails.,https://support.mozilla.org/questions/1511247,,,,,,,,,1,true,18.35,False,
1511248,2025-05-11T18:01:10.044564Z,2025-05-11,en-US,send-and-receive-email,thunderbird;send-and-receive-email;,JackNaylorPE,Confirmation e-mails,https://support.mozilla.org/questions/1511248,,,,,,,,,0,false,,False,
1511249,2025-05-11T18:09:08.904309Z,2025-05-11,en-US,profiles,thunderbird;profiles;,mc8452,Local Folders in wrong Directory,https://support.mozilla.org/questions/1511249,,,,,,,,,3,true,0.56,False,
1511259,2025-05-11T18:47:00.712809Z,2025-05-11,en-US,import-and-export-email,thunderbird;import-and-export-email;,ralphjab,email file format employed by thunderbird,https://support.mozilla.org/questions/1511259,,,,,,,,,1,true,2.3,False,
1511260,2025-05-11T18:48:31.297074Z,2025-05-11,en-US,profiles,thunderbird;profiles;,maryann8,"Profile still shows when I select it, but when trying to run Thunderbird it says it isn't there.  Does not show as an av",https://support.mozilla.org/questions/1511260,os:windows,,,,,,,,9,true,1.76,True,maryann8
1511262,2025-05-11T19:24:12.242500Z,2025-05-11,en-US,autofill,thunderbird;autofill;,deepakdeshp,"Address autocomplete fails in compose, using Mint 22.1 and Thunderbird 128.10",https://support.mozilla.org/questions/1511262,,,,,m:gmail,,,,7,true,0.73,False,
1511264,2025-05-11T19:30:31.064036Z,2025-05-11,it,app-crash,thunderbird;needsinfo;app-crash;,racso696,non vedo più le email su thunderbird,https://support.mozilla.org/questions/1511264,,,,,,,,,1,true,0.59,False,
1511265,2025-05-11T19:40:13.658475Z,2025-05-11,en-US,email-and-messaging,thunderbird;email-and-messaging;,claudekacser,"how to get back to full listing of emails, when I am displaying contents of one email?",https://support.mozilla.org/questions/1511265,,,,,,,,,2,true,0.22,False,
1511268,2025-05-11T19:59:58.949591Z,2025-05-11,en-US,send-and-receive-email,thunderbird;send-and-receive-email;,g_wilhelm,Email worked when I set up my account but no longer works,https://support.mozilla.org/questions/1511268,,,,,,,proto:smtp,,1,true,6.43,False,
1511277,2025-05-11T21:54:40.675179Z,2025-05-11,en-US,send-and-receive-email,thunderbird;send-and-receive-email;,amap451,Thuderbird has stopped receiving emails,https://support.mozilla.org/questions/1511277,,,,,,,,,0,false,,False,
1511282,2025-05-11T22:55:56.441653Z,2025-05-11,en-US,install,thunderbird;install;,stevezajac,have lost connection to my email account after having problems with dropbox. how do i reinstall Thunderbird,https://support.mozilla.org/questions/1511282,,,,,,,,,0,false,,False,
1511284,2025-05-11T23:03:51.309780Z,2025-05-11,en-US,extensions,thunderbird;extensions;,skreynol,Can you please enable compatibity of the add-on 'Shrunked Image Resizer',https://support.mozilla.org/questions/1511284,,,,,,,,,3,true,3.08,False,
1511285,2025-05-11T23:21:46.369232Z,2025-05-11,en-US,calendar,thunderbird;calendar;,triatic,How do I subscribe to an ics calendar file?,https://support.mozilla.org/questions/1511285,,,,,,,,,4,true,4.72,True,Yu5tiqX9og
1511298,2025-05-12T01:17:43.639008Z,2025-05-12,en-US,send-and-receive-email,thunderbird;send-and-receive-email;,pdsimdars,Downloading messages disappear.  It says it is downloading messages but then a couple are missing.,https://support.mozilla.org/questions/1511298,,,,,,,,,0,false,,False,
1511310,2025-05-12T04:37:44.398420Z,2025-05-12,en-US,undefined,thunderbird;seg-not-firefox;undefined;,mahonykx2,accessing my Mozilla email,https://support.mozilla.org/questions/1511310,,,,,,,,,0,false,,False,
1511317,2025-05-12T05:58:07.982739Z,2025-05-12,en-US,send-and-receive-email,thunderbird;send-and-receive-email;,dhwelzow,No signature in replys forwarded messages,https://support.mozilla.org/questions/1511317,,,,,,,,,3,true,5.72,True,davidsk
1511321,2025-05-12T07:02:20.519062Z,2025-05-12,en-US,send-and-receive-email,thunderbird;send-and-receive-email;,hcottancin,thunderbird,https://support.mozilla.org/questions/1511321,,,,,,,,,1,false,,False,
1511322,2025-05-12T07:04:21.246723Z,2025-05-12,en-US,import-and-export-email,thunderbird;import-and-export-email;,co-base,copy emails from imap folder to local folder,https://support.mozilla.org/questions/1511322,,,,,,,proto:imap,,1,false,,False,
1511328,2025-05-12T07:45:59.548158Z,2025-05-12,nl,send-and-receive-email,thunderbird;send-and-receive-email;,WimV48,wat is de functie van de map alle email,https://support.mozilla.org/questions/1511328,,,,,,,,,1,true,75.58,False,
1511329,2025-05-12T07:49:52.228009Z,2025-05-12,en-US,profiles,thunderbird;profiles;,jim4001,Need to backup data for Thunderbird installed via Microsoft Store,https://support.mozilla.org/questions/1511329,os:windows,,,,,,,,4,true,3.69,False,
1511330,2025-05-12T07:55:03.711446Z,2025-05-12,en-US,send-and-receive-email,thunderbird;send-and-receive-email;,m.schilperoort,I cannot send emails anymore with Thunderbird,https://support.mozilla.org/questions/1511330,os:windows,,,,,,proto:smtp,,1,false,,False,
1511338,2025-05-12T09:05:03.208572Z,2025-05-12,en-US,update,thunderbird;update;,David.Milne,Unable to Update Thunderbird on Ubuntu even though its been quit and uninstalled,https://support.mozilla.org/questions/1511338,os:linux,,,,,,,,0,false,,False,
1511340,2025-05-12T09:18:04.586310Z,2025-05-12,en-US,install,thunderbird;install;,carolinebrownpublic,after reinstalling Mozilla Thunderbird can I safely delete from Recycle Bin Delete the folder C:\Program Files (x86)\Moz,https://support.mozilla.org/questions/1511340,,,,,,,,,3,true,1.92,False,
1511343,2025-05-12T09:28:47.186257Z,2025-05-12,nl,attachments,thunderbird;attachments;,gutharnould,"ik wens mijn mails te kunnen ""VERZENDEN"" en dit verschijnt nietmeer op mijn balk",https://support.mozilla.org/questions/1511343,,,,,,,,,0,false,,False,
1511344,2025-05-12T09:41:40.598378Z,2025-05-12,nl,send-and-receive-email,thunderbird;send-and-receive-email;,gutharnould,wens een te zwaar verzendbericht vernietigen die alles blokkeert,https://support.mozilla.org/questions/1511344,,,,,,,,,1,true,2.05,False,
1511347,2025-05-12T09:45:23.741917Z,2025-05-12,nl,send-and-receive-email,thunderbird;send-and-receive-email;,jan.penen1,MAIL VERSTUREN,https://support.mozilla.org/questions/1511347,,,,,,,,,1,true,1.63,False,
1511349,2025-05-12T09:51:03.260414Z,2025-05-12,nl,send-and-receive-email,thunderbird;send-and-receive-email;,gutharnould,"Opdracht balk om erin het opdracht ""VERZENDEN"" terug te laten verschijnen",https://support.mozilla.org/questions/1511349,,,,,,,,,1,true,76.24,False,
1511352,2025-05-12T10:25:59.422138Z,2025-05-12,en-US,send-and-receive-email,thunderbird;send-and-receive-email;,denis.dobie,Thunderbird - lCloud SMTP server Authentication failure,https://support.mozilla.org/questions/1511352,,,,,m:gmail,,proto:smtp,,0,false,,False,
1511361,2025-05-12T11:03:18.260155Z,2025-05-12,en-US,import-and-export-email,thunderbird;import-and-export-email;,smelm0,removal of emails in my sent folder from gmail,https://support.mozilla.org/questions/1511361,,,,,m:gmail,,,,3,true,0.31,False,
1511366,2025-05-12T11:10:47.485832Z,2025-05-12,en-US,search,thunderbird;search;,yannigvandewouwer,Open Message in Conversation > rebuild database > indexing messages,https://support.mozilla.org/questions/1511366,,,,,,,,,8,true,1.63,False,
1511374,2025-05-12T11:35:22.563914Z,2025-05-12,en-US,calendar,thunderbird;calendar;,ensta,Not All Google Calendars are Syncing,https://support.mozilla.org/questions/1511374,,,,,,,,,0,false,,False,
1511389,2025-05-12T13:08:48.410374Z,2025-05-12,en-US,profiles,thunderbird;profiles;,stuartfsamuel,One Thunderbird account across multiple Windows 10 users?,https://support.mozilla.org/questions/1511389,os:windows,,,,,,,,3,true,0.31,True,davidsk
1511395,2025-05-12T13:41:40.790591Z,2025-05-12,en-US,customization,thunderbird;customization;,modernretro,First Line of New Drafts Keeps Switching to Variable Width Font,https://support.mozilla.org/questions/1511395,,,,,,,,,8,true,0.89,False,
1511398,2025-05-12T14:03:20.588119Z,2025-05-12,en-US,send-and-receive-email,thunderbird;send-and-receive-email;,g_wilhelm,Thunderbird email no longer works,https://support.mozilla.org/questions/1511398,,,,,,,proto:smtp,av:kaspersky,1,true,3.06,False,
1511399,2025-05-12T14:09:29.137273Z,2025-05-12,en-US,send-and-receive-email,thunderbird;send-and-receive-email;,Jim12,Emailing,https://support.mozilla.org/questions/1511399,,,,,,,,,1,true,0.17,False,
1511404,2025-05-12T14:21:27.157016Z,2025-05-12,en-US,send-and-receive-email,thunderbird;send-and-receive-email;,philipdalton9,Thunderbird inbox emails,https://support.mozilla.org/questions/1511404,,,,,,,,,3,true,2.27,False,
1511408,2025-05-12T14:30:20.896420Z,2025-05-12,pt-BR,account-management,thunderbird;account-management;,alvaro.oliveira,Falha na autenticação de conta,https://support.mozilla.org/questions/1511408,,,,,,,proto:smtp;proto:pop,,1,false,,True,alvaro.oliveira
1511411,2025-05-12T14:39:50.488248Z,2025-05-12,nl,send-and-receive-email,thunderbird;send-and-receive-email;,VEE.EUSSEN.BETAIL,"email, sinds 0905/2025 komen er geen mails meer toe",https://support.mozilla.org/questions/1511411,,,,,,,,,1,true,0.07,False,
1511412,2025-05-12T14:47:28.854597Z,2025-05-12,en-US,connectivity,thunderbird;connectivity;,alexandrglaim,Alexandr,https://support.mozilla.org/questions/1511412,os:windows,,,,,,,,1,true,0.29,False,
1511416,2025-05-12T14:58:26.514812Z,2025-05-12,en-US,account-management,thunderbird;account-management;,scholar7r,Chat account cannot be removed,https://support.mozilla.org/questions/1511416,,,,,,,,,3,true,0.19,False,
1511417,2025-05-12T15:06:57.891797Z,2025-05-12,nl,email-and-messaging,thunderbird;needsinfo;email-and-messaging;,rabotnik1,Submappen zijn verdwenen,https://support.mozilla.org/questions/1511417,,,,,,,,,1,true,44.7,False,
1511423,2025-05-12T15:51:22.555802Z,2025-05-12,en-US,customization,thunderbird;customization;,dwilde11,"On Ubuntu, Thunderbird ignores Environment Variable $BROWSER",https://support.mozilla.org/questions/1511423,os:linux,,,,,,,,2,false,,True,dwilde11
1511428,2025-05-12T16:13:36.896222Z,2025-05-12,en-US,attachments,thunderbird;attachments;,maynardinc,Windows - Right Click File - Send to - Thunderbird,https://support.mozilla.org/questions/1511428,,,,,,,,,2,true,0.98,False,
1511438,2025-05-12T17:26:10.882384Z,2025-05-12,en-US,customization,thunderbird;customization;,deepakdeshp,Cannot see threaded messages TB 25.10,https://support.mozilla.org/questions/1511438,os:linux,,,,,,,,8,true,18.72,False,
1511439,2025-05-12T17:27:02.889541Z,2025-05-12,en-US,email-and-messaging,thunderbird;email-and-messaging;,kmhasselbalch,Thunderbird mail,https://support.mozilla.org/questions/1511439,,,,,,,,,2,true,0.37,False,
1511442,2025-05-12T17:56:10.551710Z,2025-05-12,en-US,search,thunderbird;search;,dognyard,Search functions in Thunderbird 115.18,https://support.mozilla.org/questions/1511442,os:macos,,,,,,,,0,false,,False,
1511454,2025-05-12T19:01:58.817995Z,2025-05-12,en-US,install,thunderbird;install;,gregory.s.plant,Thunderbird email client download and installation issue,https://support.mozilla.org/questions/1511454,os:windows,,,,,,,,1,true,0.28,False,
1511455,2025-05-12T19:02:01.099577Z,2025-05-12,en-US,install,thunderbird;install;,gregory.s.plant,Thunderbird email client download and installation issue,https://support.mozilla.org/questions/1511455,os:windows,,,,,,,,2,true,0.27,False,
1511469,2025-05-12T20:14:56.008887Z,2025-05-12,en-US,save-passwords,thunderbird;needsinfo;save-passwords;,kw31836,"Thunderbird on two computers requires me to log into Windstream/Kinetic account each time I open an email, for the last ",https://support.mozilla.org/questions/1511469,,,,,,isp:windstream,,,9,true,15.58,False,
1511483,2025-05-12T21:07:39.624428Z,2025-05-12,en-US,send-and-receive-email,thunderbird;send-and-receive-email;,silvereagle63,NO INBOX EMAIL,https://support.mozilla.org/questions/1511483,,,,,,,,,0,false,,False,
1511484,2025-05-12T21:08:03.614175Z,2025-05-12,en-US,customization,thunderbird;customization;,richard.bisig,I want to put the thunderbird-Icon to the desktop,https://support.mozilla.org/questions/1511484,,,,,,,,,3,true,13.83,False,
1511490,2025-05-12T21:44:33.598385Z,2025-05-12,es,connectivity,thunderbird;connectivity;,vallesierra7,ERROR - Unable to log in to the server,https://support.mozilla.org/questions/1511490,,,,,m:gmail,,,av:defender,1,true,47.85,False,
1511492,2025-05-12T21:49:22.100647Z,2025-05-12,en-US,email-and-messaging,thunderbird;email-and-messaging;,amprince49,"Subfolder in ""sent"" folder",https://support.mozilla.org/questions/1511492,,,,,m:gmail;m:gmx,,,,1,true,12.92,False,
1511496,2025-05-12T22:01:12.182936Z,2025-05-12,en-US,installation-and-updates,thunderbird;installation-and-updates;,,running version 138.0 (64 bit) can I install saved download of version 78.6.1,https://support.mozilla.org/questions/1511496,os:windows,,,,,,,,1,true,12.66,False,
1511498,2025-05-12T22:04:16.905420Z,2025-05-12,en-US,import-and-export-email,thunderbird;import-and-export-email;,omaani81,Zip File Emails,https://support.mozilla.org/questions/1511498,,,,,m:gmail,,,,1,true,12.53,False,
1511508,2025-05-13T00:26:19.171906Z,2025-05-13,en-US,customization,thunderbird;customization;,coffent1,Suggestion for Thunderbird icons,https://support.mozilla.org/questions/1511508,,,,,,,,,3,true,10.02,True,MattAuSupport
1511510,2025-05-13T00:42:06.824079Z,2025-05-13,en-US,update,thunderbird;update;,garbow,update,https://support.mozilla.org/questions/1511510,os:windows,,,,,,,,2,true,10.39,False,
1511516,2025-05-13T01:59:14.411816Z,2025-05-13,en-US,import-and-export-email,thunderbird;import-and-export-email;,revoswin2,moving email to external folder,https://support.mozilla.org/questions/1511516,,,,,,,,,1,true,8.94,False,
1511524,2025-05-13T04:07:05.227538Z,2025-05-13,en-US,connectivity,thunderbird;connectivity;,amerytom,connecting to Outgoing server (SMTP) smtp.gmail.com failed,https://support.mozilla.org/questions/1511524,os:windows,,,,m:gmail,,proto:smtp;proto:oauth,,1,false,,False,
1511529,2025-05-13T04:29:09.163870Z,2025-05-13,en-US,import-and-export-email,thunderbird;import-and-export-email;,jim4001,Back up Local Folder data elsewhere,https://support.mozilla.org/questions/1511529,os:windows,,,,,,,,1,true,6.41,False,
1511535,2025-05-13T05:14:44.938155Z,2025-05-13,en-US,connectivity,thunderbird;connectivity;,filterfeeder,"hanging on ""Host contacted, sending login information""",https://support.mozilla.org/questions/1511535,,,,,,,,,3,true,5.16,False,
1511549,2025-05-13T07:18:23.686914Z,2025-05-13,it,send-and-receive-email,thunderbird;send-and-receive-email;,macoduelle09,NON RIUSCIAMO A INVIARE/RICEVERE EMAIL,https://support.mozilla.org/questions/1511549,,,,,m:gmail,,proto:imap,,5,true,1.09,True,macoduelle09
1511550,2025-05-13T07:19:53.451163Z,2025-05-13,en-US,send-and-receive-email,thunderbird;needsinfo;send-and-receive-email;,klausbrunner4,etwas stimmt nicht,https://support.mozilla.org/questions/1511550,,,,,,,,,2,true,4.66,False,
1511562,2025-05-13T08:29:03.511967Z,2025-05-13,it,send-and-receive-email,thunderbird;needsinfo;send-and-receive-email;,rilecart.2004,mi funziona la mail a momenti e l'invio non funziona affatto,https://support.mozilla.org/questions/1511562,,,,,m:gmail,,,,2,true,0.07,False,
1511574,2025-05-13T10:29:34.784995Z,2025-05-13,en-US,junk-mail-and-spam,thunderbird;junk-mail-and-spam;,nikolaosyitsis,My Message detected as spam [1747131339-578517] while repleying to existing thread,https://support.mozilla.org/questions/1511574,,,,,,,,,0,false,,False,
1511587,2025-05-13T12:07:39.545047Z,2025-05-13,en-US,send-and-receive-email,thunderbird;send-and-receive-email;,Germanjohn,"can't send e-mails always recieve message "" incorrect authentication""",https://support.mozilla.org/questions/1511587,,,,,,,,,1,true,2.24,False,
1511588,2025-05-13T12:28:38.759689Z,2025-05-13,en-US,undefined,thunderbird;undefined;,petereardon,I HAVE MADE THREE DONATIONS FOR THUNDERBIRD and still no luck,https://support.mozilla.org/questions/1511588,,,,,,,,,1,true,1.88,False,
1511590,2025-05-13T12:35:17.723600Z,2025-05-13,it,send-and-receive-email,thunderbird;needsinfo;send-and-receive-email;,itscampagni,Ho un problema !.,https://support.mozilla.org/questions/1511590,,,,,,,,,1,true,4.3,False,
1511593,2025-05-13T12:44:43.534306Z,2025-05-13,en-US,install,thunderbird;install;,petereardon,downloading thunderbird,https://support.mozilla.org/questions/1511593,,,,,,,,,1,true,1.59,False,
1511596,2025-05-13T13:09:17.176833Z,2025-05-13,en-US,email-and-messaging,thunderbird;email-and-messaging;,jlrb,sent.sdb does not open when TB starts,https://support.mozilla.org/questions/1511596,,,,,,,,,1,true,3.72,False,
1511606,2025-05-13T14:09:39.604031Z,2025-05-13,en-US,import-and-export-email,thunderbird;import-and-export-email;,paul493,After marking all messages are read all folders show no messages,https://support.mozilla.org/questions/1511606,,,,,,,,,3,true,11.66,False,
1511607,2025-05-13T14:20:01.381872Z,2025-05-13,en-US,events,thunderbird;events;,ray.boutin,calander,https://support.mozilla.org/questions/1511607,,,,,,,,,3,true,55.55,True,MattAuSupport
1511618,2025-05-13T15:28:04.638433Z,2025-05-13,en-US,email-and-messaging,thunderbird;email-and-messaging;,JeanneR,can't paste a quotation (sometimes),https://support.mozilla.org/questions/1511618,os:windows,,,,,,,,10,true,20.75,True,davidsk
1511621,2025-05-13T15:37:33.564001Z,2025-05-13,en-US,account-management,thunderbird;account-management;,joanneS2,No allow button on oauth window to access gmail account on account set up,https://support.mozilla.org/questions/1511621,,,,,m:gmail,,proto:oauth,,2,true,15.94,False,
1511625,2025-05-13T16:02:56.052603Z,2025-05-13,en-US,crashing-and-slow-performance,thunderbird;crashing-and-slow-performance;,windmillthorns,"The folder 'Inbox' cannot be compacted because writing to folder failed. Verify that you have enough disk space, and tha",https://support.mozilla.org/questions/1511625,,,,,,,,,3,true,15.42,False,
1511626,2025-05-13T16:05:29.038587Z,2025-05-13,en-US,accessibility,thunderbird;accessibility;,joanneS2,Set up windows do not show entire screen and no way to go down,https://support.mozilla.org/questions/1511626,,,,,,,,,1,true,15.35,False,
1511628,2025-05-13T16:19:43.734578Z,2025-05-13,en-US,send-and-receive-email,thunderbird;send-and-receive-email;,cinesiegler,cannot send messages,https://support.mozilla.org/questions/1511628,,,,,,isp:orange,proto:smtp,,1,true,3.8,False,
1511630,2025-05-13T16:24:14.972247Z,2025-05-13,en-US,send-and-receive-email,thunderbird;send-and-receive-email;,dbsys22,underline,https://support.mozilla.org/questions/1511630,,,,,,,,,1,true,2.0,False,
1511632,2025-05-13T16:38:52.268994Z,2025-05-13,en-US,import-and-export-email,thunderbird;import-and-export-email;,pierre6,Unable to transfer Thunderbird profile to new computer,https://support.mozilla.org/questions/1511632,,,,,,,,,6,true,3.46,True,davidsk
1511639,2025-05-13T17:28:47.608562Z,2025-05-13,it,email-and-messaging,thunderbird;needsinfo;email-and-messaging;,alessandromuzzu,recupero mail cancellate,https://support.mozilla.org/questions/1511639,,,,,,,,,1,true,0.19,False,
1511642,2025-05-13T17:37:56.095205Z,2025-05-13,it,send-and-receive-email,thunderbird;send-and-receive-email;,marcotrasacco,Thunderbird non scarica in automatico le PEC di legalmail,https://support.mozilla.org/questions/1511642,os:macos,,,,,,proto:imap,,4,true,0.09,False,
1511648,2025-05-13T18:36:36.560536Z,2025-05-13,en-US,customization,thunderbird;customization;,ianto7,"How do I change the front page of thunderbird, like the font sizes?",https://support.mozilla.org/questions/1511648,,,,,,,,,1,true,0.16,False,
1511662,2025-05-13T19:53:04.422009Z,2025-05-13,en-US,send-and-receive-email,thunderbird;send-and-receive-email;,sculptorjohnston18,Not receiving email except every couple of days then off again,https://support.mozilla.org/questions/1511662,,,,,,,,,0,false,,False,
1511669,2025-05-13T20:24:17.259863Z,2025-05-13,en-US,undefined,thunderbird;undefined;,Mmcglensey,Script files for thunderbird,https://support.mozilla.org/questions/1511669,,,,,,,,,0,false,,False,
1511675,2025-05-13T21:01:59.511318Z,2025-05-13,en-US,account-management,thunderbird;account-management;,UselessDetails,How do I delete an account?,https://support.mozilla.org/questions/1511675,os:macos,,,,,,,,7,true,24.27,True,sfhowes
1511676,2025-05-13T21:09:36.509825Z,2025-05-13,en-US,customization,thunderbird;customization;,Sunray407,Thunderbird is set as my default email client but a message comes up saying there is no email program (win10),https://support.mozilla.org/questions/1511676,os:windows,,,,,,,,11,true,474.91,False,
1511677,2025-05-13T21:24:11.482778Z,2025-05-13,en-US,send-and-receive-email,thunderbird;send-and-receive-email;,rjvalenti2,HELP  I can't send  a reply to Emails   The SEND button is no longer in the header with  reply etc ?,https://support.mozilla.org/questions/1511677,,,,,,,,,1,true,14.7,False,
1511682,2025-05-13T21:49:13.168318Z,2025-05-13,en-US,passwords-and-sign-in,thunderbird;passwords-and-sign-in;,jimposch,"Two gmail addresses for years, now I could only access one. ""400. Thats an error. The server cannot process the request ",https://support.mozilla.org/questions/1511682,,,,,m:gmail,,,,1,true,17.06,False,
1511684,2025-05-13T22:20:03.775775Z,2025-05-13,en-US,send-and-receive-email,thunderbird;send-and-receive-email;,sandra.charteris2,cant get emails on my computer and there is 32 emails there.,https://support.mozilla.org/questions/1511684,,,,,,,,,1,false,,False,
1511685,2025-05-13T22:51:18.180857Z,2025-05-13,en-US,settings,thunderbird;settings;,esther1,Restore session,https://support.mozilla.org/questions/1511685,,,,,,,,,1,true,8.56,False,
1511687,2025-05-13T22:59:15.327522Z,2025-05-13,en-US,security,thunderbird;security;,safebox7596,Thunderbird printing fails when remote content is blocked,https://support.mozilla.org/questions/1511687,,,,,,,,,0,false,,False,
1511691,2025-05-13T23:25:01.617981Z,2025-05-13,en-US,email-and-messaging,thunderbird;email-and-messaging;,peter1940,"Emails deleted from trash folder, can I get them back ?",https://support.mozilla.org/questions/1511691,,,,,,,,,1,true,2.56,False,
1511705,2025-05-14T02:18:45.439289Z,2025-05-14,en-US,attachments,thunderbird;attachments;,Bryan1,'Open with' option not available for attachments,https://support.mozilla.org/questions/1511705,,,,,,,,,1,true,101.39,False,
1511706,2025-05-14T02:43:56.382820Z,2025-05-14,en-US,email-and-messaging,thunderbird;email-and-messaging;,thebellmobers,Is there a way to get rid of threads globally?,https://support.mozilla.org/questions/1511706,,,,,,,,,3,true,4.62,False,
1511709,2025-05-14T03:09:47.712291Z,2025-05-14,en-US,email-and-messaging,thunderbird;email-and-messaging;,dandw100,an account,https://support.mozilla.org/questions/1511709,,,,,,,,,1,true,8.85,False,
1511712,2025-05-14T03:23:18.736650Z,2025-05-14,en-US,account-management,thunderbird;account-management;,dsiudara,"I can't see any of my folders in Thunderbird, and it's asking me to set up an account.",https://support.mozilla.org/questions/1511712,,,,,,,,,3,true,8.67,True,davidsk
1511713,2025-05-14T03:27:34.216728Z,2025-05-14,en-US,attachments,thunderbird;attachments;,rvance1987,attachments,https://support.mozilla.org/questions/1511713,os:windows,,,,,,,,0,false,,False,
1511714,2025-05-14T03:27:59.079974Z,2025-05-14,en-US,email-and-messaging,thunderbird;email-and-messaging;,brian13,loading my email account onto Thunderbird on my new Chromebook,https://support.mozilla.org/questions/1511714,os:linux,,,,,,,,1,true,8.48,False,
1511715,2025-05-14T03:52:01.132174Z,2025-05-14,en-US,search,thunderbird;search;,pokucinskigrzegorz,Ctrl+K nie działa,https://support.mozilla.org/questions/1511715,,,,,,,,,0,false,,False,
1511720,2025-05-14T04:34:24.528538Z,2025-05-14,en-US,reset-passwords,thunderbird;reset-passwords;,hurrenl52,forgot my password,https://support.mozilla.org/questions/1511720,,,,,,,,,1,true,6.63,False,
1511742,2025-05-14T07:47:28.374780Z,2025-05-14,it,send-and-receive-email,thunderbird;send-and-receive-email;,stroppianastroppiana,NON RICEVO POSTA IN ARRIVO DA DUE GIORNI,https://support.mozilla.org/questions/1511742,,,,,,,,,1,true,0.14,False,
1511745,2025-05-14T08:11:46.056838Z,2025-05-14,en-US,email-and-messaging,thunderbird;email-and-messaging;,drbvet,Missing emails,https://support.mozilla.org/questions/1511745,,,,,,,,,1,true,5.23,False,
1511749,2025-05-14T08:43:40.319656Z,2025-05-14,en-US,attachments,thunderbird;attachments;,samuelprcns,"I can't send emails with attachments (3mb), it keeps loading and fails.",https://support.mozilla.org/questions/1511749,,,,,,,,,0,false,,False,
1511753,2025-05-14T08:59:59.990090Z,2025-05-14,en-US,install,thunderbird;install;,bpgroughan,thunderbird download,https://support.mozilla.org/questions/1511753,,,,,,,,,3,true,6.82,False,
1511755,2025-05-14T09:14:52.068482Z,2025-05-14,en-US,customization,thunderbird;customization;,em13,odd symbol by email address on sent message,https://support.mozilla.org/questions/1511755,,,,,,,,,0,false,,False,
1511758,2025-05-14T10:20:46.631828Z,2025-05-14,it,account-management,thunderbird;account-management;,impronteviola,Errore nell'aggiunta dell'account,https://support.mozilla.org/questions/1511758,,,,,,,,,4,true,0.32,True,impronteviola
1511762,2025-05-14T10:55:37.358853Z,2025-05-14,en-US,reset-passwords,thunderbird;reset-passwords;,heinrich-werbe,Thunderbird Password forgotten,https://support.mozilla.org/questions/1511762,,,,,,,,,1,true,0.23,False,
1511778,2025-05-14T12:53:05.181499Z,2025-05-14,fi,send-and-receive-email,thunderbird;send-and-receive-email;,thomas4,answers to old emails,https://support.mozilla.org/questions/1511778,,,,,,,,,0,false,,False,
1511780,2025-05-14T12:58:17.086842Z,2025-05-14,en-US,import-and-export-email,thunderbird;import-and-export-email;,rolf.daszkiewicz,Outlook to thunderbird,https://support.mozilla.org/questions/1511780,,,,,m:microsoftemail,,,,0,false,,False,
1511781,2025-05-14T13:01:25.826765Z,2025-05-14,en-US,send-and-receive-email,thunderbird;send-and-receive-email;,randywaters,every day stops receiving until i restart it. (win10),https://support.mozilla.org/questions/1511781,os:windows,,,,,,,,0,false,,False,
1511786,2025-05-14T13:17:01.340950Z,2025-05-14,en-US,email-and-messaging,thunderbird;email-and-messaging;,leftyb39,Folder removal,https://support.mozilla.org/questions/1511786,,,,,,,,,3,true,8.14,False,
1511788,2025-05-14T13:33:59.303803Z,2025-05-14,en-US,connectivity,thunderbird;connectivity;,tkinton,My laptop got hacked. It wiped out my thunderbird account and I cannot get it back up. It tells me that either my user n,https://support.mozilla.org/questions/1511788,,,,,,,,,0,false,,False,
1511793,2025-05-14T14:11:19.062826Z,2025-05-14,en-US,email-and-messaging,thunderbird;email-and-messaging;,mperry53,How to create sub folders in Inbox,https://support.mozilla.org/questions/1511793,,,,,,,,,1,true,7.2,False,
1511800,2025-05-14T15:00:50.930661Z,2025-05-14,it,attachments,thunderbird;attachments;,lab6,Apertura allegati dwg,https://support.mozilla.org/questions/1511800,,,,,,,,,1,true,12.52,False,
1511808,2025-05-14T15:57:15.581341Z,2025-05-14,en-US,import-and-export-settings,thunderbird;import-and-export-settings;,cjbbrussels1,transfer Thunderbird from Windows Home laptop to Windows Pro laptop,https://support.mozilla.org/questions/1511808,,,,,,,,,40,true,2.61,True,cjbbrussels1
1511811,2025-05-14T16:07:04.859630Z,2025-05-14,tr,send-and-receive-email,thunderbird;send-and-receive-email;,ozguncaglar,Thunderbird ile email gönderme problemi,https://support.mozilla.org/questions/1511811,,,,,m:gmail,,,,3,true,6.73,False,
1511812,2025-05-14T16:09:17.182052Z,2025-05-14,en-US,send-and-receive-email,thunderbird;send-and-receive-email;,GwenLundgren,Downloaded 138.0 I can't write a message.,https://support.mozilla.org/questions/1511812,,,,,,,,,6,true,2.55,False,
1511813,2025-05-14T16:13:23.005897Z,2025-05-14,en-US,calendar,thunderbird;calendar;,Techminator,Related Link in Task Won't Open Email,https://support.mozilla.org/questions/1511813,,,,,,,,,0,false,,False,
1511818,2025-05-14T16:49:14.435524Z,2025-05-14,en-US,connectivity,thunderbird;connectivity;,homeworld_179,TB and updated KSOS (kaspersky) lead to connection reset the last 2 days,https://support.mozilla.org/questions/1511818,,,,,,,proto:smtp,av:kaspersky,2,true,39.67,False,
1511829,2025-05-14T18:20:59.673271Z,2025-05-14,en-US,crashing-and-slow-performance,thunderbird;crashing-and-slow-performance;,kevinx1,The folder 'Inbox on <redacted>@Alarmtek.com' could not be compacted because writing to folder failed. Verify that you h,https://support.mozilla.org/questions/1511829,,,,,,,,,4,true,3.0,False,
1511830,2025-05-14T18:21:43.432898Z,2025-05-14,nl,attachments,thunderbird;attachments;,zzuid,Foto`s mailen,https://support.mozilla.org/questions/1511830,,,,,,,,,1,true,13.02,False,
1511847,2025-05-14T19:19:54.751017Z,2025-05-14,en-US,junk-mail-and-spam,thunderbird;junk-mail-and-spam;,drc6bbmd2y,Email - Junk folder missing,https://support.mozilla.org/questions/1511847,,,,,,isp:shaw,,,1,true,0.29,False,
1511855,2025-05-14T20:00:07.051450Z,2025-05-14,en-US,email-and-messaging,thunderbird;email-and-messaging;,daward52125,Access to Email Labels and Folders,https://support.mozilla.org/questions/1511855,,,,,,,,,1,true,50.0,False,
1511856,2025-05-14T20:00:27.839148Z,2025-05-14,en-US,email-and-messaging,thunderbird;email-and-messaging;,HerBHnd,difference between POP and IMAP,https://support.mozilla.org/questions/1511856,,,,,,,proto:imap;proto:pop,,1,true,0.98,False,
1511859,2025-05-14T20:37:00.187671Z,2025-05-14,nl,email-and-messaging,thunderbird;email-and-messaging;,scheper.e,account,https://support.mozilla.org/questions/1511859,,,,,,,,,1,false,,True,scheper.e
1511866,2025-05-14T21:02:02.764871Z,2025-05-14,en-US,save-passwords,thunderbird;save-passwords;,rk33108,My thunderbird email keeps asking for my password several times over and over and wont store it or let me use my email,https://support.mozilla.org/questions/1511866,,,,,,,,,19,true,77.49,False,
1511868,2025-05-14T21:04:16.540561Z,2025-05-14,en-US,send-and-receive-email,thunderbird;send-and-receive-email;,JohnsonDW,Incoming mail,https://support.mozilla.org/questions/1511868,,,,,,,,,1,true,0.74,False,
1511870,2025-05-14T21:26:32.705706Z,2025-05-14,en-US,import-and-export-email,thunderbird;import-and-export-email;,magdale,sent mail,https://support.mozilla.org/questions/1511870,,,,,,,,,3,true,0.54,False,
1511874,2025-05-14T21:31:12.674856Z,2025-05-14,en-US,passwords-and-sign-in,thunderbird;macos;passwords-and-sign-in;,rbvgwq2r5q,"""login to server xxxxxx with username ""k**@hggl****.com"" failed""",https://support.mozilla.org/questions/1511874,,,,,,,,,0,false,,False,
1511879,2025-05-14T22:15:03.456302Z,2025-05-14,it,email-and-messaging,thunderbird;email-and-messaging;,giovanni.plizzari,Compattazione cartella Inbox (IMAP),https://support.mozilla.org/questions/1511879,,,,,,,proto:imap,,1,true,7.35,False,
1511880,2025-05-14T22:15:52.116004Z,2025-05-14,en-US,send-and-receive-email,thunderbird;send-and-receive-email;,Brian.C.Harris,embedding audio clip in an email?,https://support.mozilla.org/questions/1511880,,,,,,,,,1,true,34.17,False,
1511881,2025-05-14T22:27:23.683846Z,2025-05-14,en-US,connectivity,thunderbird;connectivity;,brian13,Loading Thunderbird onto my new Chromebook,https://support.mozilla.org/questions/1511881,os:linux,,,,,,,,0,false,,False,
1511891,2025-05-14T23:21:34.002553Z,2025-05-14,en-US,send-and-receive-email,thunderbird;send-and-receive-email;,anpanman511018,"I am receiving new messages, but they are not showing up in Inbox.",https://support.mozilla.org/questions/1511891,,,,,,,,,1,true,12.28,False,
1511893,2025-05-14T23:23:03.440931Z,2025-05-14,en-US,attachments,thunderbird;attachments;,wildfire3,missing emails with photos,https://support.mozilla.org/questions/1511893,,,,,,,,,1,true,33.0,False,
1511897,2025-05-15T00:04:46.951213Z,2025-05-15,en-US,email-and-messaging,thunderbird;email-and-messaging;,dan22,message to folders,https://support.mozilla.org/questions/1511897,,,,,,,,,2,true,32.29,False,
1511899,2025-05-15T00:42:36.779336Z,2025-05-15,en-US,send-and-receive-email,thunderbird;send-and-receive-email;,taylor19,Email Signature not Appearing on Replies,https://support.mozilla.org/questions/1511899,,,,,,,,,5,true,11.54,True,firefox1670
1511901,2025-05-15T01:07:23.868589Z,2025-05-15,en-US,email-and-messaging,thunderbird;email-and-messaging;,dbaur1,All my address books and received emails,https://support.mozilla.org/questions/1511901,os:windows,,,,,,,,1,true,10.95,False,
1511915,2025-05-15T02:39:05.548347Z,2025-05-15,en-US,send-and-receive-email,thunderbird;send-and-receive-email;,jallan32,Cannot set up initial ATT signin,https://support.mozilla.org/questions/1511915,os:windows,,,,m:yahooemail,isp:att,proto:imap;proto:smtp;proto:pop,,3,true,1.41,True,sfhowes
1511916,2025-05-15T03:02:23.480194Z,2025-05-15,en-US,send-and-receive-email,thunderbird;send-and-receive-email;,tally_ho,Is there a way to auto-reply once only per email address?,https://support.mozilla.org/questions/1511916,,,,,m:microsoftemail,,,,2,true,29.07,True,MattAuSupport
1511920,2025-05-15T03:40:22.640769Z,2025-05-15,en-US,send-and-receive-email,thunderbird;send-and-receive-email;,cls905,Send message Error,https://support.mozilla.org/questions/1511920,,,,,,,,,3,true,8.23,False,
1511923,2025-05-15T04:09:52.154914Z,2025-05-15,en-US,junk-mail-and-spam,thunderbird;junk-mail-and-spam;,19dogman64,not receiving Slingshot bill emails,https://support.mozilla.org/questions/1511923,,,,,,,,,1,true,7.54,False,
1511928,2025-05-15T05:44:10.341892Z,2025-05-15,en-US,extensions,thunderbird;extensions;,info.ntdhoy,"Mail Merge add-on ""An unexpected error occurred""",https://support.mozilla.org/questions/1511928,,,,,,,,,1,true,5.49,False,
1511931,2025-05-15T06:07:06.653229Z,2025-05-15,en-US,update,thunderbird;update;,asifmohammad.shaik,Thunderbird Version 128 is missing in release page.,https://support.mozilla.org/questions/1511931,,,,,,,,,6,true,5.52,False,
1511935,2025-05-15T06:26:48.466801Z,2025-05-15,tr,passwords-and-sign-in,thunderbird;passwords-and-sign-in;,lakakaersoy,Thunderbird Mail Uygulaması Parola Tekrarı Hakkında Sorun Bildirimi,https://support.mozilla.org/questions/1511935,,,,,,,proto:smtp,,0,false,,False,
1511940,2025-05-15T07:09:42.641459Z,2025-05-15,en-US,save-passwords,thunderbird;save-passwords;,theelensquare8,Thunderbird keeps asking my password,https://support.mozilla.org/questions/1511940,,,,,,,,,3,true,25.18,False,
1511943,2025-05-15T07:47:30.638245Z,2025-05-15,nl,junk-mail-and-spam,thunderbird;junk-mail-and-spam;,support168,email adressen blokkeren,https://support.mozilla.org/questions/1511943,,,,,,,,,1,true,1.13,True,Mozilla-assistent
1511944,2025-05-15T08:02:09.394329Z,2025-05-15,en-US,customization,thunderbird;customization;,manuel.selva,How increase the height of all day events pane in calendar ?,https://support.mozilla.org/questions/1511944,,,,,,,,,2,true,10.87,True,sfhowes
1511951,2025-05-15T09:35:40.121731Z,2025-05-15,en-US,send-and-receive-email,thunderbird;send-and-receive-email;,dmdouglas,cannot get emails i have the correct password,https://support.mozilla.org/questions/1511951,,,,,m:microsoftemail,isp:spectrum,proto:imap,,1,true,2.15,False,
1511953,2025-05-15T09:38:08.533361Z,2025-05-15,en-US,email-and-messaging,thunderbird;email-and-messaging;,ava.ku,發生錯誤BUG,https://support.mozilla.org/questions/1511953,,,,,,,,,0,false,,False,
1511954,2025-05-15T10:05:27.335850Z,2025-05-15,en-US,calendar,thunderbird;calendar;,jonj16241,How To Sync iCloud Calendar?,https://support.mozilla.org/questions/1511954,os:linux,,,,,,,,1,true,8.47,False,
1511957,2025-05-15T10:14:38.491801Z,2025-05-15,en-US,account-management,thunderbird;account-management;,sisterbez,How do I find my missing email accounts?,https://support.mozilla.org/questions/1511957,,,,,,,,,1,true,1.6,False,
1511958,2025-05-15T10:18:53.750527Z,2025-05-15,en-US,account-management,thunderbird;account-management;,bgaden3,New email account doesn't reappear when turning on the cmputer,https://support.mozilla.org/questions/1511958,,,,,m:gmail,,,,7,true,1.27,False,
1511959,2025-05-15T10:49:29.181883Z,2025-05-15,nl,contacts,thunderbird;contacts;,kl.oenema,Contactpersonen overzetten naar csv Bestand,https://support.mozilla.org/questions/1511959,,,,,,,,,1,true,0.44,False,
1511968,2025-05-15T12:12:17.177568Z,2025-05-15,nl,send-and-receive-email,thunderbird;send-and-receive-email;,ray.aerts,email op mijn mobiel,https://support.mozilla.org/questions/1511968,,,,,,,,,1,true,0.99,False,
1511973,2025-05-15T12:54:11.485646Z,2025-05-15,en-US,customization,thunderbird;needsinfo;customization;,randyrls,"Message Filter Add Window is too large;  ""OK"" button not visible on screen.",https://support.mozilla.org/questions/1511973,os:windows,,,,,,,,12,true,1.67,True,Toad-Hall
1511979,2025-05-15T13:07:16.709280Z,2025-05-15,en-US,connectivity,thunderbird;connectivity;,stealhhippy,I cannot connect to server since update,https://support.mozilla.org/questions/1511979,,,,,m:microsoftemail,,,av:defender,3,true,1.32,False,
1511980,2025-05-15T13:14:38.250562Z,2025-05-15,it,security,thunderbird;security;,temporanea,il traffico sicuro non viene monitorato da Kaspersky,https://support.mozilla.org/questions/1511980,,,,,,,,av:kaspersky,1,true,2.2,False,
1511981,2025-05-15T13:17:38.541216Z,2025-05-15,it,account-management,thunderbird;account-management;,fra.albi74,ripristino vecchio account,https://support.mozilla.org/questions/1511981,,,,,,,,,1,true,2.06,False,
1511984,2025-05-15T13:33:21.431430Z,2025-05-15,en-US,reset-passwords,thunderbird;reset-passwords;,delano1,Forgotten password,https://support.mozilla.org/questions/1511984,,,,,,,,,1,true,0.5,False,
1511988,2025-05-15T14:27:25.155761Z,2025-05-15,en-US,reset-passwords,thunderbird;reset-passwords;,thomasadecker,How to change email account password in Thunderbird,https://support.mozilla.org/questions/1511988,,,,,,,,,1,true,0.44,False,
1511995,2025-05-15T15:00:31.973439Z,2025-05-15,en-US,account-management,thunderbird;account-management;,bellstephenc,"SecurePopServer does not accept Password, i am able to acces E-Mail by E-Mail-site T-online.de with the password.",https://support.mozilla.org/questions/1511995,os:linux,,,,,isp:tonline,proto:imap;proto:pop,,1,true,3.39,False,
1511997,2025-05-15T15:18:01.741745Z,2025-05-15,en-US,customization,thunderbird;customization;,sheffner1,Want to delete an old account drafts folder in Local Folders,https://support.mozilla.org/questions/1511997,,,,,,,,,3,true,1.44,True,davidsk
1512017,2025-05-15T17:31:39.599780Z,2025-05-15,en-US,profiles,thunderbird;profiles;,tanguero88,How will hardcoded profile paths in prefs.js and elsewhere get updated if I move my profile folder to a new computer?,https://support.mozilla.org/questions/1512017,os:windows,,,,,,,,2,true,0.85,True,christ1
1512021,2025-05-15T17:48:37.453905Z,2025-05-15,en-US,email-and-messaging,thunderbird;email-and-messaging;,helder5,"After update 138.0.1 my profile is not ""opening"" emails",https://support.mozilla.org/questions/1512021,,,,,,,,,18,true,16.93,True,helder5
1512022,2025-05-15T17:49:42.154028Z,2025-05-15,en-US,send-and-receive-email,thunderbird;send-and-receive-email;,patrickk1,Setting up Thunderbird on a second computer,https://support.mozilla.org/questions/1512022,,,,,,,,,17,true,0.58,True,mozilla98
1512024,2025-05-15T17:53:55.170380Z,2025-05-15,en-US,email-and-messaging,thunderbird;email-and-messaging;,daward52125,My Emails Have Disappeared,https://support.mozilla.org/questions/1512024,,,,,,,,,0,false,,False,
1512025,2025-05-15T17:57:29.815575Z,2025-05-15,en-US,import-and-export-email,thunderbird;import-and-export-email;,luvbudgies,Thunderbird profile backup (9.1 GB) made with TB Export tool will not unzip...,https://support.mozilla.org/questions/1512025,os:linux,,,,,,proto:pop,,1,true,0.37,False,
1512030,2025-05-15T18:26:54.164404Z,2025-05-15,es,send-and-receive-email,thunderbird;needsinfo;send-and-receive-email;,pepe.munera,Bloqueo,https://support.mozilla.org/questions/1512030,,,,,,,,,1,true,32.52,False,
1512031,2025-05-15T18:27:22.086336Z,2025-05-15,en-US,undefined,thunderbird;undefined;,lampkaravshops,Thunderbird email client - To be or not to be?,https://support.mozilla.org/questions/1512031,,,,,,,,,1,true,12.9,False,
1512042,2025-05-15T20:00:27.253066Z,2025-05-15,en-US,send-and-receive-email,thunderbird;send-and-receive-email;,victorriverasbodyshop,smpt.gmail.com/not able,https://support.mozilla.org/questions/1512042,,,,,m:gmail,,,,2,true,0.04,False,
1512043,2025-05-15T20:04:54.974981Z,2025-05-15,en-US,send-and-receive-email,thunderbird;send-and-receive-email;,mongotuslan,Not getting all email from Earthlink on Thunderbird,https://support.mozilla.org/questions/1512043,os:windows,,,,,,proto:pop,av:mcafee,1,true,11.49,False,
1512045,2025-05-15T20:11:42.045512Z,2025-05-15,en-US,connectivity,thunderbird;connectivity;,mongotuslan,Not getting all email from Earthlink on Thunderbird,https://support.mozilla.org/questions/1512045,os:windows,,,,,,proto:pop,av:mcafee,1,false,,True,mongotuslan
1512054,2025-05-15T21:15:55.017745Z,2025-05-15,en-US,update,thunderbird;update;,john6174,Mozilla upgrade,https://support.mozilla.org/questions/1512054,,,,,,,,,2,true,4.46,False,
1512058,2025-05-15T21:51:30.106129Z,2025-05-15,es,passwords-and-sign-in,thunderbird;needsinfo;passwords-and-sign-in;,llumagsara,iniciar mi cuenta en un pc nuevo,https://support.mozilla.org/questions/1512058,,,,,,,,,1,true,98.11,False,
1512059,2025-05-15T21:54:34.027908Z,2025-05-15,en-US,undefined,thunderbird;undefined;,kerryjnewstead,Problem solved,https://support.mozilla.org/questions/1512059,,,,,,,,,1,true,2.91,False,
1512061,2025-05-15T22:16:45.675289Z,2025-05-15,en-US,junk-mail-and-spam,thunderbird;junk-mail-and-spam;,david0072,Thunderbird fails to move junk to junk folder...pop accounts,https://support.mozilla.org/questions/1512061,,,,,,,proto:pop,,10,true,3.4,False,
1512065,2025-05-15T22:38:11.395113Z,2025-05-15,en-US,install,thunderbird;install;,fw.scholz,Linking with Xfinity,https://support.mozilla.org/questions/1512065,,,,,,isp:comcast,,,0,false,,False,
1512067,2025-05-15T23:21:05.483747Z,2025-05-15,en-US,passwords-and-sign-in,thunderbird;passwords-and-sign-in;,merrillcollett,Using iCloud on TB,https://support.mozilla.org/questions/1512067,,,,,,,,,1,false,,True,merrillcollett
1512068,2025-05-15T23:38:10.175349Z,2025-05-15,en-US,junk-mail-and-spam,thunderbird;junk-mail-and-spam;,pabirder,I can't get Mozilla to stop/block spam emails.  I'm flooded with them.,https://support.mozilla.org/questions/1512068,,,,,,,,,4,true,13.76,False,
1512069,2025-05-15T23:39:53.352303Z,2025-05-15,en-US,send-and-receive-email,thunderbird;send-and-receive-email;,phildol,Thunderbird stopped getting mail from my earthlink server,https://support.mozilla.org/questions/1512069,,,,,,,,,0,false,,False,
1512070,2025-05-15T23:41:01.602765Z,2025-05-15,en-US,junk-mail-and-spam,thunderbird;junk-mail-and-spam;,pabirder,I can't get Mozilla to stop/block spam emails.  I'm flooded with them.,https://support.mozilla.org/questions/1512070,,,,,,,,,0,false,,False,
1512082,2025-05-16T01:51:45.801491Z,2025-05-16,en-US,email-and-messaging,thunderbird;email-and-messaging;,dmarjdmarj,Getting a handsake with my AT&T email source?  Does not connect.  Relates a password error repeatedly.,https://support.mozilla.org/questions/1512082,,,,,m:yahooemail,isp:att,,,2,true,5.27,False,
1512092,2025-05-16T03:59:06.822731Z,2025-05-16,en-US,profiles,thunderbird;profiles;,chris119,Deleting 'extra' profiles,https://support.mozilla.org/questions/1512092,,,,,,,,,1,true,1.28,False,
1512095,2025-05-16T04:19:50.057619Z,2025-05-16,en-US,import-and-export-email,thunderbird;import-and-export-email;,keith45,Saving Emails,https://support.mozilla.org/questions/1512095,,,,,,,,,1,false,,True,keith45
1512111,2025-05-16T07:00:48.747149Z,2025-05-16,nl,app-crash,thunderbird;app-crash;,pmteurope,"TB kan geen berichten openen, wit scherm",https://support.mozilla.org/questions/1512111,,,,,,,,,21,true,0.61,True,pmteurope
1512119,2025-05-16T08:49:12.969916Z,2025-05-16,en-US,send-and-receive-email,thunderbird;send-and-receive-email;,andka50,Zapisywanie nie powiodło się,https://support.mozilla.org/questions/1512119,,,,,,,,,0,false,,False,
1512121,2025-05-16T09:27:38.072491Z,2025-05-16,en-US,customization,thunderbird;customization;,paradell,Group by sort,https://support.mozilla.org/questions/1512121,os:windows,,,,,,,,4,true,12.42,True,paradell
1512122,2025-05-16T09:33:22.117648Z,2025-05-16,en-US,customization,thunderbird;customization;,jonathan.cawthra,I've lost the message list display options icon!,https://support.mozilla.org/questions/1512122,,,,,,,,,5,true,4.08,True,Mapenzi
1512124,2025-05-16T09:41:21.196959Z,2025-05-16,en-US,send-and-receive-email,thunderbird;send-and-receive-email;,info3022,Emails werden durch G-Data blockiert,https://support.mozilla.org/questions/1512124,os:windows,,,,,,,,1,true,12.05,False,
1512126,2025-05-16T09:55:26.391784Z,2025-05-16,en-US,crashing-and-slow-performance,thunderbird;crashing-and-slow-performance;,chisel900,Message preview stopped working,https://support.mozilla.org/questions/1512126,,,,,,,,,5,true,0.85,True,chisel900
1512131,2025-05-16T10:33:44.294056Z,2025-05-16,it,connectivity,thunderbird;connectivity;,giovanni.fantuzzi,corpo email vuoto su finestra standalone quando apro .eml salvato su drive remoto,https://support.mozilla.org/questions/1512131,os:windows,,,,,,,,3,true,0.49,True,giovanni.fantuzzi
1512133,2025-05-16T10:35:55.646753Z,2025-05-16,en-US,customization,thunderbird;customization;,SamSriLanka,Thunderbird Headers taking too much space!,https://support.mozilla.org/questions/1512133,,,,,,,,,9,true,2.79,True,Mapenzi
1512140,2025-05-16T11:43:36.012378Z,2025-05-16,en-US,profiles,thunderbird;profiles;,turgaybatbat,thunderbird with mozilla account for use the same mailboxes,https://support.mozilla.org/questions/1512140,,,,,,,,,1,true,1.18,False,
1512142,2025-05-16T12:20:42.869834Z,2025-05-16,it,attachments,thunderbird;attachments;,cremascoa,problema di visualizzazione degli allegati in nuova finestra al riavvio del PC,https://support.mozilla.org/questions/1512142,,,,,,,,,1,true,1.39,False,
1512143,2025-05-16T12:46:42.116447Z,2025-05-16,it,update,thunderbird;update;,ing.fuschino,mail bianche dopo aggiornamento alla versione thuinderbird 128.10.1esr,https://support.mozilla.org/questions/1512143,,,,,,,,,1,true,0.78,False,
1512145,2025-05-16T12:59:52.263183Z,2025-05-16,en-US,calendar,thunderbird;calendar;,nedwina,How can I keep calendar reminders active until I manually dismiss them?,https://support.mozilla.org/questions/1512145,,,,,,,,,2,true,0.44,False,
1512153,2025-05-16T13:45:08.136746Z,2025-05-16,en-US,passwords-and-sign-in,thunderbird;passwords-and-sign-in;,bohunter00,cant get into my email,https://support.mozilla.org/questions/1512153,,,,,,isp:windstream,,,0,false,,False,
1512155,2025-05-16T13:56:27.410176Z,2025-05-16,en-US,send-and-receive-email,thunderbird;send-and-receive-email;,ioannis.roumeliotis,Gmail and MS Exchange SMTP servers time out,https://support.mozilla.org/questions/1512155,,,,,m:gmail;m:microsoftemail,,proto:smtp,av:norton,1,true,42.56,False,
1512159,2025-05-16T14:11:45.197521Z,2025-05-16,es,customization,thunderbird;customization;,alexander.galvez.v,No agrupar correos,https://support.mozilla.org/questions/1512159,,,,,m:microsoftemail,,,,2,true,81.9,True,pcp04
1512160,2025-05-16T14:18:07.661583Z,2025-05-16,en-US,profiles,thunderbird;profiles;,HdInfAutre,"TB ""monthly beta"" with the same profile on a portable data drive",https://support.mozilla.org/questions/1512160,os:linux,,,,,,,,8,true,2.31,True,HdInfAutre
1512161,2025-05-16T14:28:09.406032Z,2025-05-16,nl,app-crash,thunderbird;needsinfo;app-crash;,7dqs842n9k,Adresboek importeren (gezipte versie) werkt niet. Blijft na 'import starten' hangen.,https://support.mozilla.org/questions/1512161,,,,,,,,,2,true,0.65,False,
1512162,2025-05-16T14:29:06.927030Z,2025-05-16,en-US,install,thunderbird;install;,kitogrova,Zorin and desktop,https://support.mozilla.org/questions/1512162,os:windows,,,,,,,,1,true,0.69,False,
1512167,2025-05-16T14:45:41.751099Z,2025-05-16,it,send-and-receive-email,thunderbird;send-and-receive-email;,ing.fuschino,mail bianche dopo aggiornamento alla versione 138.0.1 (64 bit),https://support.mozilla.org/questions/1512167,,,,,,,,,1,true,0.47,False,
1512170,2025-05-16T14:59:39.606595Z,2025-05-16,en-US,send-and-receive-email,thunderbird;send-and-receive-email;,jan.stempelmail,Sent folder empty,https://support.mozilla.org/questions/1512170,os:windows,,,,m:gmail,,proto:imap;proto:pop,,7,true,0.51,False,
1512171,2025-05-16T15:00:47.445403Z,2025-05-16,en-US,contacts,thunderbird;contacts;,tzeller,Export Thunderbird Contacts,https://support.mozilla.org/questions/1512171,,,,,,,,,1,true,0.74,False,
1512176,2025-05-16T15:43:27.095599Z,2025-05-16,en-US,crashing-and-slow-performance,thunderbird;crashing-and-slow-performance;,jay46,Printing an email has suddenly become slow,https://support.mozilla.org/questions/1512176,,,,,,,,,0,false,,False,
1512183,2025-05-16T16:20:27.161770Z,2025-05-16,en-US,customization,thunderbird;customization;,coreyjamespike,Can't See Message List Column Headers,https://support.mozilla.org/questions/1512183,os:windows,,,,,,,,5,true,0.37,True,davidsk
1512194,2025-05-16T17:25:47.017308Z,2025-05-16,en-US,send-and-receive-email,thunderbird;send-and-receive-email;,susandeats,SMTP settings,https://support.mozilla.org/questions/1512194,,,,,,,proto:smtp,,1,true,28.17,False,
1512197,2025-05-16T17:33:06.148645Z,2025-05-16,nl,email-and-messaging,thunderbird;email-and-messaging;,sjoom,Submappen,https://support.mozilla.org/questions/1512197,,,,,,,,,1,true,21.47,False,
1512204,2025-05-16T18:11:32.093548Z,2025-05-16,en-US,contacts,thunderbird;contacts;,queenmab100,Create a mailing list,https://support.mozilla.org/questions/1512204,,,,,,,,,2,true,0.42,True,sfhowes
1512205,2025-05-16T18:31:42.533491Z,2025-05-16,en-US,customization,thunderbird;customization;,dustpine,Can't move Templates folder from Local Folders,https://support.mozilla.org/questions/1512205,,,,,,,,,4,true,1.41,True,wsmwk
1512206,2025-05-16T18:38:02.735632Z,2025-05-16,en-US,send-and-receive-email,thunderbird;send-and-receive-email;,stixman,"Cannot send e-mails. ""Sending of the message failed. An error occurred while sending mail. The mail server responded: <x",https://support.mozilla.org/questions/1512206,,,,,,,,,12,true,0.98,False,
1512212,2025-05-16T19:13:13.403722Z,2025-05-16,en-US,customization,thunderbird;customization;,dmeng,Move to Trash option has disappeared,https://support.mozilla.org/questions/1512212,,,,,,,,,2,true,0.21,False,
1512216,2025-05-16T19:31:33.818556Z,2025-05-16,en-US,connectivity,thunderbird;connectivity;,admin236,"Cannot access emails in local folders after upgrade to 128.10.1esr, caused by UNC pathing (local folders are on network ",https://support.mozilla.org/questions/1512216,,,,,,,proto:imap,,6,true,0.75,True,admin236
1512225,2025-05-16T20:08:32.964471Z,2025-05-16,en-US,update,thunderbird;update;,jadunster,update leaves messages blank,https://support.mozilla.org/questions/1512225,,,,,,,,,3,true,1.36,False,
1512239,2025-05-16T22:06:10.853428Z,2025-05-16,en-US,extensions,thunderbird;extensions;,atty.erniehyde,Syncing Windows Thunderbird Email to Phone,https://support.mozilla.org/questions/1512239,,,,,,,,,1,true,17.94,False,
1512244,2025-05-16T23:02:09.198493Z,2025-05-16,en-US,send-and-receive-email,thunderbird;send-and-receive-email;,bcsafari,Can't receive or send emails,https://support.mozilla.org/questions/1512244,,,,,m:gmail,,,,4,true,15.59,False,
1512249,2025-05-17T00:04:30.510520Z,2025-05-17,en-US,send-and-receive-email,thunderbird;send-and-receive-email;,taylor19,Unified Inbox,https://support.mozilla.org/questions/1512249,,,,,m:microsoftemail,,,,1,true,1.19,False,
1512255,2025-05-17T00:35:40.420096Z,2025-05-17,en-US,send-and-receive-email,thunderbird;send-and-receive-email;,pma02913,I can't get my emails,https://support.mozilla.org/questions/1512255,,,,,,,,,1,true,0.69,False,
1512256,2025-05-17T00:35:42.783956Z,2025-05-17,en-US,account-management,thunderbird;account-management;,paulholtzheimer,"I get this question dozens of times every day....: ""Mozilla Thunderbird Email wants to access your Google Account""  Why ",https://support.mozilla.org/questions/1512256,,,,,m:gmail,,,,3,true,0.47,False,
1512265,2025-05-17T02:00:48.307953Z,2025-05-17,en-US,connectivity,thunderbird;connectivity;,kelvin.mickelson,help need to login into Gmail.,https://support.mozilla.org/questions/1512265,,,,,m:gmail,,proto:imap,,2,true,14.67,False,
1512272,2025-05-17T04:12:04.437129Z,2025-05-17,en-US,junk-mail-and-spam,thunderbird;junk-mail-and-spam;,jocieb,Would like a Spam folder (in with others on left hand side of page) on email site  (i have put one there but no spam are,https://support.mozilla.org/questions/1512272,,,,,,,,,1,true,10.26,False,
1512285,2025-05-17T08:48:51.470094Z,2025-05-17,it,send-and-receive-email,thunderbird;send-and-receive-email;,silvano.vergoli,Thunderbird non sincronizza più la posta con il server di Aruba,https://support.mozilla.org/questions/1512285,,,,,,,proto:imap,,2,true,0.03,True,silvano.vergoli
1512286,2025-05-17T08:55:41.694098Z,2025-05-17,en-US,install,linux;thunderbird;install;,melanija.canevska,Hello,https://support.mozilla.org/questions/1512286,,,,,,,,,2,true,23.27,False,
1512299,2025-05-17T11:08:07.501917Z,2025-05-17,en-US,crashing-and-slow-performance,thunderbird;crashing-and-slow-performance;,infokairis,LOCAL FOLDERS - E-MAIL DO NOT OPEN AND NO PREVIEW,https://support.mozilla.org/questions/1512299,,,,,,,,,1,true,4.12,False,
1512303,2025-05-17T11:48:48.860045Z,2025-05-17,en-US,send-and-receive-email,thunderbird;send-and-receive-email;,gyron,Thunderbird email problems,https://support.mozilla.org/questions/1512303,,,,,,,,,6,true,2.41,False,
1512308,2025-05-17T12:31:43.590420Z,2025-05-17,en-US,send-and-receive-email,thunderbird;send-and-receive-email;,jill.snow,why are emails arriving haphazardly & sometimes a day late?,https://support.mozilla.org/questions/1512308,,,,,,,,,2,true,3.54,False,
1512315,2025-05-17T13:02:00.320707Z,2025-05-17,es,connectivity,thunderbird;needsinfo;connectivity;,rodrigo.matias.a,Problemas para abrir .EML Remotos,https://support.mozilla.org/questions/1512315,,,,,,,,,4,true,59.25,False,
1512318,2025-05-17T13:43:03.126720Z,2025-05-17,en-US,contacts,thunderbird;contacts;,gary29,Trying to save a NEW address to address book.  There is no visible SAVE button.  Only a Cancel button is visible,https://support.mozilla.org/questions/1512318,,,,,,,,,1,true,0.86,False,
1512320,2025-05-17T14:01:03.865939Z,2025-05-17,it,crashing-and-slow-performance,thunderbird;crashing-and-slow-performance;,andreagrassetti.email,Lentezza nell'avvio di Thunderbird,https://support.mozilla.org/questions/1512320,os:macos,,,,,,,,4,true,0.65,False,
1512323,2025-05-17T15:02:18.774082Z,2025-05-17,pt-BR,import-and-export-email,thunderbird;import-and-export-email;,fernandocesarodas,Importar emails,https://support.mozilla.org/questions/1512323,,,,,,,,,0,false,,False,
1512327,2025-05-17T15:35:16.232657Z,2025-05-17,en-US,customization,thunderbird;customization;,Jerry.Anderson.pa,HOW DO I STOP sound notifications,https://support.mozilla.org/questions/1512327,,,,,,,,,9,true,0.13,True,MattAuSupport
1512328,2025-05-17T15:37:32.049506Z,2025-05-17,en-US,import-and-export-email,thunderbird;import-and-export-email;,biuro258,ustawienia poczty przy migracji między serwerami,https://support.mozilla.org/questions/1512328,,,,,,,,,1,true,0.21,False,
1512334,2025-05-17T16:17:36.219376Z,2025-05-17,it,events,thunderbird;events;,stefano.ferrecchi,Evento calendario,https://support.mozilla.org/questions/1512334,,,,,,,,,5,true,13.71,False,
1512335,2025-05-17T16:17:58.241500Z,2025-05-17,en-US,app-crash,thunderbird;app-crash;,tenpiualto,"""Side-by-side configuration is incorrect"" prevents program even loading",https://support.mozilla.org/questions/1512335,os:windows,,,,,,,,2,true,4.38,False,
1512339,2025-05-17T16:47:16.084177Z,2025-05-17,en-US,extensions,thunderbird;extensions;,rafetsucu,Duplicate menu items for addons under Tools menu,https://support.mozilla.org/questions/1512339,,,,,,,,,1,true,45.61,True,wsmwk
1512349,2025-05-17T17:48:02.480891Z,2025-05-17,en-US,app-crash,thunderbird;app-crash;,kilbane38,I don't have thunderbird symbol on my computer since 15 minutes ago ???? what happened ?? I have no emailsin my,https://support.mozilla.org/questions/1512349,,,,,,,,,1,true,22.31,False,
1512351,2025-05-17T17:59:32.486175Z,2025-05-17,en-US,email-and-messaging,thunderbird;email-and-messaging;,edterry6310,Problem with account folder compression,https://support.mozilla.org/questions/1512351,os:windows,,,,m:gmail,,,,3,true,0.36,False,
1512354,2025-05-17T18:28:21.293637Z,2025-05-17,en-US,email-and-messaging,thunderbird;email-and-messaging;,channey,Missing global folder,https://support.mozilla.org/questions/1512354,,,,,,,,,3,true,0.42,False,
1512360,2025-05-17T19:31:49.398881Z,2025-05-17,en-US,install,thunderbird;install;,nrcii49,Install Thunderbird on new laptop,https://support.mozilla.org/questions/1512360,,,,,m:yahooemail,isp:att,,,2,true,1.04,True,davidsk
1512369,2025-05-17T20:37:16.755352Z,2025-05-17,en-US,send-and-receive-email,thunderbird;send-and-receive-email;,Gmklco,Can receive but not send emails,https://support.mozilla.org/questions/1512369,,,,,,,,,7,true,0.35,False,
1512394,2025-05-18T00:43:49.747219Z,2025-05-18,en-US,import-and-export-email,thunderbird;needsinfo;import-and-export-email;,ayyaesika,how to keep outlook folders when adding outlook account to thunderbolt,https://support.mozilla.org/questions/1512394,,,,,m:microsoftemail,,,,3,true,7.31,False,
1512403,2025-05-18T02:41:48.179894Z,2025-05-18,en-US,customization,thunderbird;customization;,budlightlime,supporting thunderbird - strange issue between start page (Settings) and inapp notifications (on macOS),https://support.mozilla.org/questions/1512403,os:macos,,,,,,,,22,true,10.88,True,budlightlime
1512408,2025-05-18T03:22:18.075929Z,2025-05-18,en-US,reset-passwords,thunderbird;reset-passwords;,valmai.forster,email,https://support.mozilla.org/questions/1512408,,,,,,,,,1,true,11.03,False,
1512410,2025-05-18T03:29:13.277622Z,2025-05-18,en-US,contacts,thunderbird;contacts;,sjguillemin17,Thunderbird - Emain Group Size Limit,https://support.mozilla.org/questions/1512410,,,,,,,,,1,true,4.48,False,
1512411,2025-05-18T03:32:33.733807Z,2025-05-18,en-US,contacts,thunderbird;contacts;,sjguillemin17,Thunderbird - Email Group Size Limit,https://support.mozilla.org/questions/1512411,,,,,,,,,1,true,4.23,False,
1512414,2025-05-18T03:55:30.500249Z,2025-05-18,en-US,attachments,thunderbird;attachments;,Bryan1,'Open with' not appearing in email attachments BEFORE sending,https://support.mozilla.org/questions/1512414,,,,,,,,,3,true,11.63,False,
1512418,2025-05-18T04:17:21.008211Z,2025-05-18,en-US,send-and-receive-email,thunderbird;send-and-receive-email;,yoshihiro.kori,Incoming mails are not downloaded,https://support.mozilla.org/questions/1512418,,,,,,,,,1,true,11.25,False,
1512422,2025-05-18T04:40:04.966903Z,2025-05-18,en-US,send-and-receive-email,thunderbird;send-and-receive-email;,Bryan1,Sent messages showin in my inbox,https://support.mozilla.org/questions/1512422,,,,,,,,,2,true,3.08,False,
1512437,2025-05-18T06:18:26.657875Z,2025-05-18,en-US,email-and-messaging,thunderbird;email-and-messaging;,subs13,Thunderbird self deleting,https://support.mozilla.org/questions/1512437,,,,,,,,,1,true,7.0,False,
1512440,2025-05-18T06:41:44.304796Z,2025-05-18,en-US,send-and-receive-email,thunderbird;send-and-receive-email;,klausbrunner4,etwas stimmt nicht,https://support.mozilla.org/questions/1512440,,,,,,,,,-1,false,,False,
1512450,2025-05-18T08:40:16.036259Z,2025-05-18,en-US,install,thunderbird;install;,drip1983,I can't download thunderbird,https://support.mozilla.org/questions/1512450,,,,,,,,,2,true,6.83,True,davidsk
1512459,2025-05-18T10:17:51.340004Z,2025-05-18,it,contacts,thunderbird;contacts;,chopheka,corrispondenti,https://support.mozilla.org/questions/1512459,,,,,,,,,2,true,0.39,True,'@next
1512463,2025-05-18T10:39:05.404186Z,2025-05-18,it,email-and-messaging,thunderbird;needsinfo;email-and-messaging;,rlrlgiardini122@gmail.com,"nel tagliare le cartelle della posta, per liberare spazio sul disco, ho compromesso il funzionamento di thuriderbird",https://support.mozilla.org/questions/1512463,,,,,,,,,1,true,0.07,False,
1512464,2025-05-18T10:42:33.765675Z,2025-05-18,en-US,send-and-receive-email,thunderbird;send-and-receive-email;,pogo.puschel,Fehlermeldung beim abrufen meiner mails,https://support.mozilla.org/questions/1512464,,,,,,,,,2,true,3.8,False,
1512467,2025-05-18T11:20:33.989840Z,2025-05-18,en-US,contacts,thunderbird;contacts;,stevet2486,address book import,https://support.mozilla.org/questions/1512467,,,,,m:gmail;m:microsoftemail,,,,10,true,3.13,False,
1512470,2025-05-18T11:56:47.063378Z,2025-05-18,en-US,email-and-messaging,thunderbird;email-and-messaging;,kljecoc,Account Folders,https://support.mozilla.org/questions/1512470,,,,,,,,,2,true,4.97,False,
1512475,2025-05-18T13:18:06.305523Z,2025-05-18,en-US,send-and-receive-email,thunderbird;send-and-receive-email;,Micktravers,Login to server imap.virginmedia.com with username micktravers@ntlworld.com failed.,https://support.mozilla.org/questions/1512475,,,,,,,proto:imap,,1,true,2.7,False,
1512476,2025-05-18T13:35:46.455644Z,2025-05-18,en-US,installation-and-updates,thunderbird;installation-and-updates;,cursorsci,Possible to update Mac TB 115 directly to 138 (and application location question)?,https://support.mozilla.org/questions/1512476,os:macos,,,,,,,,3,true,1.87,False,
1512477,2025-05-18T13:50:10.562384Z,2025-05-18,en-US,update,thunderbird;update;,edchou3,What's New page opens on every startup [was Unwanted Advertising],https://support.mozilla.org/questions/1512477,,,,,,,,,12,true,1.4,False,
1512479,2025-05-18T14:52:47.838335Z,2025-05-18,it,extensions,thunderbird;extensions;,gm44,le mail dentro alle cartelle locali (create con LocalFolders) non si leggono,https://support.mozilla.org/questions/1512479,,,,,,,,,2,true,0.65,True,'@next
1512487,2025-05-18T15:55:02.423240Z,2025-05-18,en-US,customization,thunderbird;customization;,gregz.me,"Thunderbird displays CW ## in Events pane, even if option is unchecked.",https://support.mozilla.org/questions/1512487,,,,,,,,,2,true,1.37,True,sfhowes
1512499,2025-05-18T16:51:55.416515Z,2025-05-18,en-US,attachments,thunderbird;attachments;,anthony3,No Apps Available Thunderbird Linux,https://support.mozilla.org/questions/1512499,os:linux,,,,,,,,1,false,,True,anthony3
1512501,2025-05-18T17:12:07.370082Z,2025-05-18,en-US,search,thunderbird;search;,ecdmed,Thunderbird setup - cannot access old messages in inbox,https://support.mozilla.org/questions/1512501,,,,,m:yahooemail,,proto:imap,,9,true,2.28,False,
1512504,2025-05-18T17:44:42.034747Z,2025-05-18,en-US,app-crash,thunderbird;app-crash;,gpachmann,Thunderbird freezes right after startup,https://support.mozilla.org/questions/1512504,os:windows,,,,,,,,4,true,11.07,False,
1512517,2025-05-18T18:56:35.240538Z,2025-05-18,en-US,import-and-export-settings,thunderbird;import-and-export-settings;,mirrlees,Rules - Export,https://support.mozilla.org/questions/1512517,,,,,,,,,1,true,1.13,False,
1512519,2025-05-18T18:58:59.804677Z,2025-05-18,en-US,send-and-receive-email,thunderbird;send-and-receive-email;,rowland.robin,Unable to retrieve my emails across three computers,https://support.mozilla.org/questions/1512519,,,,,,,,,3,true,0.42,False,
1512526,2025-05-18T20:03:03.678150Z,2025-05-18,en-US,passwords-and-sign-in,thunderbird;passwords-and-sign-in;,lonegooseranch,Down loading Mail,https://support.mozilla.org/questions/1512526,,,,,,,,,5,true,0.06,True,lonegooseranch
1512538,2025-05-18T21:59:48.817776Z,2025-05-18,en-US,email-and-messaging,thunderbird;email-and-messaging;seg-good-first-question;,billrose321,Displays missing,https://support.mozilla.org/questions/1512538,os:other,iOS,,,,,,,1,true,95.84,False,
1512542,2025-05-18T22:29:18.307459Z,2025-05-18,en-US,extensions,thunderbird;extensions;,b47,Downloading thunderbird addons,https://support.mozilla.org/questions/1512542,,,,,,,,,5,true,6.34,False,
1512545,2025-05-18T22:56:07.613263Z,2025-05-18,en-US,email-and-messaging,thunderbird;email-and-messaging;,rural2,Deleting email from inbox,https://support.mozilla.org/questions/1512545,,,,,,,,,0,false,,False,
1512547,2025-05-18T23:08:23.702594Z,2025-05-18,en-US,crashing-and-slow-performance,thunderbird;crashing-and-slow-performance;,King_of_POP3,Locally stored mails from the message list do not open any more (IMAP ones are fine),https://support.mozilla.org/questions/1512547,os:windows,,,,,,proto:imap,,2,true,4.7,False,
1512548,2025-05-18T23:11:27.096689Z,2025-05-18,en-US,send-and-receive-email,thunderbird;send-and-receive-email;,akami,サンダーバードでのメールの送受信ができなくなってしまいました。,https://support.mozilla.org/questions/1512548,,,,,,,,,1,true,16.31,False,
1512557,2025-05-19T03:02:44.445652Z,2025-05-19,en-US,connectivity,thunderbird;connectivity;,chan.ronny818,Thunderbird 128.10.1 ESR shows blank when opening .eml from NAS (128.5.2 ESR works fine),https://support.mozilla.org/questions/1512557,,,,,,,,,3,true,0.73,False,
1512559,2025-05-19T03:09:26.837266Z,2025-05-19,es,connectivity,thunderbird;connectivity;,gemmaespaciofemenino,Problema al enviar correos desde nuevo ordenador – error SMTP,https://support.mozilla.org/questions/1512559,,,,,m:gmail,,proto:smtp,,1,true,22.74,False,
1512560,2025-05-19T03:28:04.425250Z,2025-05-19,en-US,events,thunderbird;events;,kengco,Thunderbird Calendar entries,https://support.mozilla.org/questions/1512560,os:windows,,,,,,,,0,false,,False,
1512563,2025-05-19T04:38:21.231614Z,2025-05-19,en-US,send-and-receive-email,thunderbird;send-and-receive-email;,brewster3,Repeat email downloads,https://support.mozilla.org/questions/1512563,,,,,,,,,0,false,,False,
1512565,2025-05-19T04:52:45.782040Z,2025-05-19,en-US,update,thunderbird;update;,brewster3,updates vs downloads,https://support.mozilla.org/questions/1512565,,,,,,,,,2,true,6.99,False,
1512568,2025-05-19T05:04:15.099847Z,2025-05-19,en-US,update,thunderbird;update;,Hikermann,Attempting to drag email files from inbox to file pane:  Asked this last week . . . no responses . . . useless,https://support.mozilla.org/questions/1512568,,,,,,,,,0,false,,False,
1512575,2025-05-19T06:00:39.783346Z,2025-05-19,en-US,encryption,thunderbird;encryption;,wcp38,encrypted-openpgp-passphrase.txt-11.corrupt,https://support.mozilla.org/questions/1512575,,,,,,,,,0,false,,False,
1512578,2025-05-19T06:53:20.423067Z,2025-05-19,en-US,email-and-messaging,thunderbird;email-and-messaging;,actorsimprovstudio,"What does this mean, ""Unable to open the summary file for Sent . Perhaps there was an error on disk, or the full path is",https://support.mozilla.org/questions/1512578,,,,,,,,,0,false,,False,
1512583,2025-05-19T07:24:32.951929Z,2025-05-19,en-US,connectivity,thunderbird;connectivity;,pternitis,cannot get most of connectivity issues,https://support.mozilla.org/questions/1512583,,,,,,,,,2,true,7.13,False,
1512597,2025-05-19T08:52:23.424178Z,2025-05-19,en-US,junk-mail-and-spam,thunderbird;junk-mail-and-spam;,faruukie,"Junk emails stay in Inbox until I look at that Inbox, then after I'm looking they're automatically marked and moved",https://support.mozilla.org/questions/1512597,,,,,,,proto:imap,,5,true,0.24,False,
1512612,2025-05-19T10:53:36.944004Z,2025-05-19,pt-BR,email-and-messaging,thunderbird;email-and-messaging;,vslimainformatica,Caixa POP apontada na rede não exibe mais imagens,https://support.mozilla.org/questions/1512612,,,,,,,proto:pop,,1,false,,True,vslimainformatica
1512613,2025-05-19T11:01:14.897877Z,2025-05-19,en-US,tags,thunderbird;tags;,redsoxfan53,inbox mail are all marked as drafts,https://support.mozilla.org/questions/1512613,,,,,,,,,3,true,0.88,False,
1512621,2025-05-19T11:43:15.706406Z,2025-05-19,en-US,send-and-receive-email,thunderbird;send-and-receive-email;,daveatt,Server settings,https://support.mozilla.org/questions/1512621,,,,,m:gmail,,,,3,true,0.04,False,
1512623,2025-05-19T11:57:30.590926Z,2025-05-19,it,send-and-receive-email,thunderbird;send-and-receive-email;,carlo.bruschini,Automatico invio di mail a me stesso,https://support.mozilla.org/questions/1512623,,,,,,,,,3,true,25.13,False,
1512630,2025-05-19T12:51:19.019687Z,2025-05-19,en-US,account-management,thunderbird;account-management;,devgsjain,Making new profile and deleting it deleted inbox for old profile,https://support.mozilla.org/questions/1512630,,,,,,,,,3,true,1.36,False,
1512632,2025-05-19T12:58:21.350218Z,2025-05-19,en-US,languages,thunderbird;languages;,phil4,Diacritical marks in Thunderbird,https://support.mozilla.org/questions/1512632,,,,,,,,,2,true,1.47,False,
1512633,2025-05-19T13:02:18.378839Z,2025-05-19,fi,account-management,thunderbird;account-management;,grounded.sweater,Adding email accounts,https://support.mozilla.org/questions/1512633,,,,,,,,,0,false,,False,
1512637,2025-05-19T13:16:11.074985Z,2025-05-19,en-US,reset-passwords,thunderbird;reset-passwords;,schoffpolaris,need to reset password. cannot log in . Keeps saying error.,https://support.mozilla.org/questions/1512637,,,,,,,,,0,false,,False,
1512638,2025-05-19T13:18:56.091244Z,2025-05-19,en-US,send-and-receive-email,thunderbird;send-and-receive-email;,bestwickp,can't send messages,https://support.mozilla.org/questions/1512638,,,,,m:gmail,,proto:imap;proto:smtp;proto:pop,,1,true,1.29,False,
1512644,2025-05-19T13:51:35.725224Z,2025-05-19,it,customization,thunderbird;customization;,antonio.lisi,Visualizzazione clonne nell'elenco posta nella versione 138,https://support.mozilla.org/questions/1512644,,,,,,,,,1,true,23.28,False,
1512646,2025-05-19T14:00:15.181528Z,2025-05-19,en-US,calendar,thunderbird;calendar;,robert252,adding a 2nd CALDAV not possible,https://support.mozilla.org/questions/1512646,,,,,,,proto:caldav,,0,false,,False,
1512656,2025-05-19T14:38:03.520295Z,2025-05-19,en-US,languages,thunderbird;languages;,wombatch,How can I remove EN_US as a spell check option on Linux (Kubuntu),https://support.mozilla.org/questions/1512656,os:linux,,,,,,,,0,false,,False,
1512659,2025-05-19T14:55:37.989519Z,2025-05-19,en-US,send-and-receive-email,thunderbird;send-and-receive-email;,franc3,Typing after deleting removes space and joins two words together,https://support.mozilla.org/questions/1512659,,,,,,,,,3,true,3.16,False,
1512661,2025-05-19T15:23:59.500645Z,2025-05-19,nl,customization,thunderbird;customization;,WillemTB51,gelezen mails blijven helaas gemarkeerd als gelezen. Hoe kan dit weer atomatisch gemarkeerd worden (na aanklikken) als g,https://support.mozilla.org/questions/1512661,,,,,,,,,1,true,23.05,False,
1512663,2025-05-19T15:24:49.498196Z,2025-05-19,en-US,send-and-receive-email,thunderbird;send-and-receive-email;,herman.harry,Email problems,https://support.mozilla.org/questions/1512663,,,,,m:microsoftemail,isp:spectrum,,,5,true,0.75,False,
1512666,2025-05-19T15:52:13.560307Z,2025-05-19,en-US,send-and-receive-email,thunderbird;send-and-receive-email;,kdfink1,my SMTP continues to return sent  e-mail.,https://support.mozilla.org/questions/1512666,,,,,,,proto:smtp,,5,true,0.26,True,sfhowes
1512674,2025-05-19T16:56:34.709670Z,2025-05-19,en-US,installation-and-updates,thunderbird;installation-and-updates;,1va3bow,"I tried to download Thunderbird, made a contribution and still did not have Thunderbird",https://support.mozilla.org/questions/1512674,,,,,,,,,1,true,0.5,False,
1512675,2025-05-19T17:00:54.353656Z,2025-05-19,en-US,install,thunderbird;install;,1va3bow,Download difficulty,https://support.mozilla.org/questions/1512675,,,,,,,,,1,true,0.4,False,
1512676,2025-05-19T17:08:26.528196Z,2025-05-19,en-US,junk-mail-and-spam,thunderbird;junk-mail-and-spam;,DonK,"How do I safely view an email marked ""junk""?",https://support.mozilla.org/questions/1512676,,,,,,,,,2,true,3.33,True,DonK
1512677,2025-05-19T17:18:08.595347Z,2025-05-19,en-US,account-management,thunderbird;account-management;,Lecca,"I can't delete the chat accounts, please help.",https://support.mozilla.org/questions/1512677,,,,,,,,,1,true,68.21,False,
1512679,2025-05-19T17:37:44.794696Z,2025-05-19,en-US,install,thunderbird;install;,snoopy3627,How to totally remove Thunderbird from Windows 11 in order to get a clean install,https://support.mozilla.org/questions/1512679,os:windows,,,,,,,,2,true,0.19,False,
1512680,2025-05-19T17:45:21.024290Z,2025-05-19,en-US,connectivity,thunderbird;connectivity;,s.follador,eml file saved on samba share not being rendered by thunderbird on windows 10,https://support.mozilla.org/questions/1512680,os:windows,,,,,,,,1,true,0.09,False,
1512681,2025-05-19T17:47:23.858133Z,2025-05-19,es,email-and-messaging,thunderbird;email-and-messaging;,claudio.prada.prada,Vista previa de correos,https://support.mozilla.org/questions/1512681,,,,,,,,,1,true,5.84,False,
1512685,2025-05-19T17:55:37.768073Z,2025-05-19,en-US,send-and-receive-email,thunderbird;send-and-receive-email;,revmikel,email retrieval,https://support.mozilla.org/questions/1512685,,,,,,,,,0,false,,False,
1512686,2025-05-19T17:57:20.147313Z,2025-05-19,en-US,calendar,thunderbird;calendar;,grramage,Ability to straddle two months in display,https://support.mozilla.org/questions/1512686,,,,,,,,,1,true,67.85,False,
1512687,2025-05-19T18:04:19.824871Z,2025-05-19,en-US,passwords-and-sign-in,thunderbird;passwords-and-sign-in;,dannas,imap authentication failure - error message when starting Thunderbird,https://support.mozilla.org/questions/1512687,,,,,,,proto:imap,,1,true,1.91,False,
1512689,2025-05-19T18:13:44.452597Z,2025-05-19,en-US,send-and-receive-email,thunderbird;send-and-receive-email;,jeff20,New unread email not displaying in list or preview,https://support.mozilla.org/questions/1512689,,,,,m:gmail,,proto:imap,,0,false,,False,
1512693,2025-05-19T18:18:06.292486Z,2025-05-19,en-US,send-and-receive-email,thunderbird;send-and-receive-email;,Acorn50,Reply with template,https://support.mozilla.org/questions/1512693,,,,,,,,,1,true,1.27,False,
1512694,2025-05-19T18:20:29.303009Z,2025-05-19,en-US,send-and-receive-email,thunderbird;send-and-receive-email;,888dov,"Gmail message are saved to Sent Folder briefly, but then go to Trash Folder.  Want to keep sent messages in Sent Folder",https://support.mozilla.org/questions/1512694,,,,,m:gmail,,,,5,true,1.1,False,
1512698,2025-05-19T18:44:02.368710Z,2025-05-19,en-US,send-and-receive-email,thunderbird;send-and-receive-email;,Rontpa,greyed downloads,https://support.mozilla.org/questions/1512698,,,,,,,proto:imap,,0,false,,False,
1512701,2025-05-19T19:16:05.403630Z,2025-05-19,es,account-management,thunderbird;account-management;,fernantomas,No puedo agregar mas cuentas de correo,https://support.mozilla.org/questions/1512701,,,,,m:gmail;m:microsoftemail;m:yahooemail,,,,1,true,4.33,False,
1512708,2025-05-19T19:33:40.474518Z,2025-05-19,en-US,customization,thunderbird;customization;,virginiaflake11,Menu bar color,https://support.mozilla.org/questions/1512708,,,,,,,,,8,true,0.81,False,
1512718,2025-05-19T21:40:30.168959Z,2025-05-19,en-US,email-and-messaging,thunderbird;email-and-messaging;,gdr6,Cannot delete a folder under my Local Folder.,https://support.mozilla.org/questions/1512718,,,,,,,,,0,false,,False,
1512727,2025-05-19T22:53:45.713123Z,2025-05-19,en-US,import-and-export-email,thunderbird;import-and-export-email;,Elton4,I signed in all of my information is GONE! How do I recover my emails.,https://support.mozilla.org/questions/1512727,,,,,,,,,1,true,12.86,False,
1512734,2025-05-20T00:01:58.212126Z,2025-05-20,en-US,events,thunderbird;events;,pfvincent,All my Calendar data has disappeared,https://support.mozilla.org/questions/1512734,,,,,,,,,0,false,,False,
1512738,2025-05-20T00:32:58.877708Z,2025-05-20,en-US,customization,thunderbird;customization;,pristinemagic,There was a popup box showing messages being fetched from server when Get Messages was chosen.,https://support.mozilla.org/questions/1512738,,,,,,,,,1,true,14.21,False,
1512740,2025-05-20T00:41:22.423483Z,2025-05-20,it,import-and-export-settings,thunderbird;import-and-export-settings;,barbaragici,Trasportare tutti i dati di Thunderbird su un altro computer,https://support.mozilla.org/questions/1512740,,,,,,,,,1,true,12.53,False,
1512749,2025-05-20T01:58:06.676939Z,2025-05-20,en-US,send-and-receive-email,thunderbird;send-and-receive-email;,jeremy8,how do I connect to my apple email account,https://support.mozilla.org/questions/1512749,,,,,,,,,0,false,,False,
1512757,2025-05-20T02:47:38.359480Z,2025-05-20,en-US,send-and-receive-email,thunderbird;send-and-receive-email;,aandr1,Thunderbird and Optus Emails,https://support.mozilla.org/questions/1512757,,,,,m:yahooemail,,,,0,false,,False,
1512758,2025-05-20T02:53:48.779284Z,2025-05-20,en-US,email-and-messaging,thunderbird;email-and-messaging;,chezbaa7,Different view of emails coming in only in links and text,https://support.mozilla.org/questions/1512758,,,,,,,,,1,true,11.9,False,
1512765,2025-05-20T04:15:33.700929Z,2025-05-20,en-US,connectivity,thunderbird;connectivity;,devgsjain,Cannot authenticate to outlook,https://support.mozilla.org/questions/1512765,,,,,m:microsoftemail,,,,3,true,10.69,False,
1512770,2025-05-20T04:50:48.870107Z,2025-05-20,en-US,email-and-messaging,thunderbird;email-and-messaging;,sabinalupsan,I can't read emails saved in different locations.,https://support.mozilla.org/questions/1512770,,,,,,,,,1,true,10.09,False,
1512773,2025-05-20T05:10:16.443861Z,2025-05-20,en-US,app-crash,thunderbird;app-crash;,SKTalupuru,I get an error saying Thuderbird is already running and old instance needs to be closed.,https://support.mozilla.org/questions/1512773,,,,,,,,,2,true,4.95,False,
1512780,2025-05-20T06:44:23.749221Z,2025-05-20,it,send-and-receive-email,thunderbird;send-and-receive-email;,neverpratt,versione 128.10.1esr,https://support.mozilla.org/questions/1512780,,,,,,,,,1,true,6.5,False,
1512783,2025-05-20T06:49:36.608113Z,2025-05-20,en-US,connectivity,thunderbird;connectivity;,dan307,Gmail sync in a mess. Done my best but still can't receive emails and can't even find profile to delete and restart,https://support.mozilla.org/questions/1512783,,,,,m:gmail,,,,5,true,5.21,False,
1512787,2025-05-20T07:30:12.267082Z,2025-05-20,en-US,customization,thunderbird;customization;,rexwatson1,Incoming email list,https://support.mozilla.org/questions/1512787,,,,,,,,,1,true,4.21,False,
1512789,2025-05-20T07:38:43.254741Z,2025-05-20,en-US,performance-and-connectivity,thunderbird;performance-and-connectivity;,aguliiin321,"ERROR when trying to save a message ""Saving the message to the mailbox failed. Check if you have the required write perm",https://support.mozilla.org/questions/1512789,,,,,,,,,0,false,,False,
1512791,2025-05-20T08:11:44.671464Z,2025-05-20,it,attachments,thunderbird;attachments;,v.sanzo,POSTA INVIATA (SALVATA IN LOCALE),https://support.mozilla.org/questions/1512791,,,,,,,,,3,true,5.07,False,
1512792,2025-05-20T08:19:08.511390Z,2025-05-20,en-US,connectivity,thunderbird;connectivity;,1070101572,"While adding a Gmail account, no popup shows, failed suddenly.",https://support.mozilla.org/questions/1512792,,,,,m:gmail,,,,1,false,,False,
1512793,2025-05-20T08:35:59.940458Z,2025-05-20,en-US,customization,thunderbird;customization;,mette1,Imap takes up too much space on my harddisk,https://support.mozilla.org/questions/1512793,,,,,,,proto:imap,,3,true,2.96,False,
1512795,2025-05-20T08:47:28.491657Z,2025-05-20,it,profiles,thunderbird;profiles;,khabal2002,Recupero profili da HDD su altro pc,https://support.mozilla.org/questions/1512795,os:windows,,,,,,,,1,true,4.54,False,
1512796,2025-05-20T09:10:22.027829Z,2025-05-20,en-US,events,thunderbird;events;,andros2,Accept option for meeting invitations,https://support.mozilla.org/questions/1512796,,,,,,,,,0,false,,False,
1512804,2025-05-20T09:46:57.672722Z,2025-05-20,it,send-and-receive-email,thunderbird;send-and-receive-email;,m.lana,"""scarica messaggi"" disabilitare un account",https://support.mozilla.org/questions/1512804,,,,,,,,,3,true,3.59,False,
1512811,2025-05-20T10:29:37.160835Z,2025-05-20,it,extensions,thunderbird;extensions;,frizzello33,Email in localFolders non piu' visualizzabili,https://support.mozilla.org/questions/1512811,,,,,,,proto:imap,,1,true,2.91,True,'@next
1512813,2025-05-20T10:39:06.181246Z,2025-05-20,en-US,send-and-receive-email,thunderbird;send-and-receive-email;,roger.despagne,Le nimbre de messages affichés dans le dossier n'est pas le même que celui affiché,https://support.mozilla.org/questions/1512813,,,,,,isp:orange,,,1,true,8.19,False,
1512816,2025-05-20T11:03:01.673985Z,2025-05-20,it,import-and-export-email,thunderbird;import-and-export-email;,paolopaoli.2006,Email salvate appaiono vuote,https://support.mozilla.org/questions/1512816,,,,,,,,,1,true,2.37,False,
1512817,2025-05-20T11:17:09.690251Z,2025-05-20,nl,calendar,thunderbird;calendar;,josvdh,Synchronisatie Thunderbird agenda met NAS caldav,https://support.mozilla.org/questions/1512817,,,,,m:microsoftemail,,proto:caldav,,4,true,43.54,False,
1512820,2025-05-20T11:50:48.213821Z,2025-05-20,en-US,junk-mail-and-spam,thunderbird;junk-mail-and-spam;,v.martiello,[new-feature-request] : new message filter spread across all accounts,https://support.mozilla.org/questions/1512820,,,,,,,,,2,true,0.09,True,davidsk
1512833,2025-05-20T13:03:00.724496Z,2025-05-20,es,send-and-receive-email,thunderbird;send-and-receive-email;,aantonn1113,No option for sending messages,https://support.mozilla.org/questions/1512833,,,,,,,,,1,true,36.66,False,
1512835,2025-05-20T13:11:47.127842Z,2025-05-20,en-US,send-and-receive-email,thunderbird;send-and-receive-email;,ellisfam,Cannot send email,https://support.mozilla.org/questions/1512835,,,,,,,,,4,true,3.45,False,
1512842,2025-05-20T14:08:46.656334Z,2025-05-20,it,customization,thunderbird;customization;,paciniumberto,vista corrente per cartella e sottocartelle,https://support.mozilla.org/questions/1512842,,,,,,,,,2,true,1.08,False,
1512846,2025-05-20T14:17:27.728337Z,2025-05-20,nl,attachments,thunderbird;attachments;,glenn.daelman,Kopieren naar e-mail geadreseerde,https://support.mozilla.org/questions/1512846,,,,,,,,,1,true,0.23,False,
1512849,2025-05-20T14:26:02.666973Z,2025-05-20,nl,email-and-messaging,thunderbird;email-and-messaging;,k.philipse,Per ongeluk alle mails verwijderd,https://support.mozilla.org/questions/1512849,,,,,,,,,1,true,0.06,False,
1512850,2025-05-20T14:40:27.563749Z,2025-05-20,en-US,account-management,thunderbird;account-management;,grantwholmes,POP to IMAP,https://support.mozilla.org/questions/1512850,,,,,,,proto:imap;proto:pop,,1,false,,True,grantwholmes
1512856,2025-05-20T15:11:30.684685Z,2025-05-20,en-US,send-and-receive-email,thunderbird;send-and-receive-email;,martypa,Automatic email collection,https://support.mozilla.org/questions/1512856,os:windows,,,,,,,,7,true,1.26,False,
1512857,2025-05-20T15:29:56.247103Z,2025-05-20,en-US,send-and-receive-email,thunderbird;send-and-receive-email;,bommindl,Mozilla asking for Earthlink Password and not recognizing,https://support.mozilla.org/questions/1512857,,,,,,,proto:imap,,1,true,1.11,False,
1512860,2025-05-20T15:46:54.622738Z,2025-05-20,en-US,reset-passwords,thunderbird;reset-passwords;,spug33,How to recover email password,https://support.mozilla.org/questions/1512860,,,,,,,,,1,true,0.79,False,
1512866,2025-05-20T15:59:08.732292Z,2025-05-20,en-US,email-and-messaging,thunderbird;email-and-messaging;,davideryan,Delete Unread Messages,https://support.mozilla.org/questions/1512866,,,,,,,,,3,true,0.52,True,davidsk
1512873,2025-05-20T16:32:42.744893Z,2025-05-20,it,reset-passwords,thunderbird;offtopic;reset-passwords;,gciaccio0645,non ricordo la password per accedere alla posta,https://support.mozilla.org/questions/1512873,,,,,,,,,1,true,0.32,False,
1512874,2025-05-20T16:33:24.697425Z,2025-05-20,en-US,connectivity,thunderbird;connectivity;,adam.warren,Inbox displays no new e-mails,https://support.mozilla.org/questions/1512874,,,,,,isp:orange,proto:pop,,4,true,0.97,False,
1512875,2025-05-20T16:37:59.755267Z,2025-05-20,en-US,reset-passwords,thunderbird;reset-passwords;,fred3,Thunderbird email password lost,https://support.mozilla.org/questions/1512875,,,,,,,,,3,true,0.06,False,
1512878,2025-05-20T16:58:10.879741Z,2025-05-20,en-US,install,thunderbird;install;,goranarnaudovski,Installing Thunderbird in new lap top but in Roaming I can not found THUNDERBIRD.,https://support.mozilla.org/questions/1512878,,,,,,,,,1,true,0.41,False,
1512892,2025-05-20T17:37:19.240040Z,2025-05-20,en-US,attachments,thunderbird;attachments;,artieg,Could someone walk me throug FILELINK. i HAVE THE 138 VERSION,https://support.mozilla.org/questions/1512892,,,,,,,,,1,true,0.52,False,
1512901,2025-05-20T18:11:48.362013Z,2025-05-20,en-US,encryption,thunderbird;encryption;,tammy4,Thunderbird Email,https://support.mozilla.org/questions/1512901,,,,,,,,,0,false,,False,
1512905,2025-05-20T18:25:07.697028Z,2025-05-20,en-US,contacts,thunderbird;contacts;,piers.herrmann,Address book transfer,https://support.mozilla.org/questions/1512905,,,,,,,,,1,false,,False,
1512908,2025-05-20T18:43:18.904967Z,2025-05-20,en-US,send-and-receive-email,thunderbird;send-and-receive-email;,jjkalaska,Is there away for a notification that seent mail has been opened when it hasn't yet been replied to?,https://support.mozilla.org/questions/1512908,,,,,,,,,1,true,21.51,False,
1512911,2025-05-20T18:46:12.048786Z,2025-05-20,en-US,email-and-messaging,thunderbird;email-and-messaging;,gdr6,Cannot delete a folder under my Local Folder.,https://support.mozilla.org/questions/1512911,,,,,,,,,2,true,17.64,False,
1512927,2025-05-20T21:32:08.916979Z,2025-05-20,en-US,send-and-receive-email,thunderbird;email-and-messaging;send-and-receive-email;,asahukar,"POP3-based accounts download email headers successfully, but unable to access email contents",https://support.mozilla.org/questions/1512927,os:windows,Windows 11 v24H2 OS Build 26100.4061,,,,,proto:imap;proto:pop,,3,true,5.01,True,asahukar
1512931,2025-05-20T22:01:09.043619Z,2025-05-20,en-US,connectivity,thunderbird;passwords-and-sign-in;connectivity;,jpwass,Unable to log onto Zoho mail via Thunderbird,https://support.mozilla.org/questions/1512931,os:windows,,,,,,proto:pop,,0,false,,False,
1512932,2025-05-20T22:11:12.926700Z,2025-05-20,en-US,passwords-and-sign-in,thunderbird;passwords-and-sign-in;,rlringling,i type my password in on thunerbird and it just tells me to re enter password,https://support.mozilla.org/questions/1512932,,,,,,,,,1,true,17.05,False,
1512936,2025-05-20T22:59:02.639713Z,2025-05-20,en-US,customization,thunderbird;customization;send-and-receive-email;,gjohnson65,Gibberish on my e-mail.,https://support.mozilla.org/questions/1512936,,,,,,,,,4,true,13.25,False,
1512937,2025-05-20T23:04:08.469323Z,2025-05-20,es,account-management,thunderbird;needsinfo;account-management;connectivity;,analista.geted,Recuperar correo corporativo empresa Geted,https://support.mozilla.org/questions/1512937,,,,,,,,,1,true,36.51,False,
1512944,2025-05-21T00:15:04.696368Z,2025-05-21,en-US,customization,thunderbird;customization;,dossan30,"Thunderbird has started opening a ""Reply to sender with a copy to myself""",https://support.mozilla.org/questions/1512944,,,,,,,,,0,false,,False,
1512951,2025-05-21T02:01:56.039923Z,2025-05-21,en-US,send-and-receive-email,thunderbird;send-and-receive-email;,jboyd6,Delete messages,https://support.mozilla.org/questions/1512951,,,,,,,,,3,true,9.96,False,
1512952,2025-05-21T02:23:45.661260Z,2025-05-21,en-US,calendar,thunderbird;calendar;,risingsunli,Links open in tasks,https://support.mozilla.org/questions/1512952,,,,,,,,,0,false,,False,
1512954,2025-05-21T02:43:36.206429Z,2025-05-21,en-US,send-and-receive-email,thunderbird;send-and-receive-email;,howard.ishizuka,"Recipient not receiving my sent e-mails, but, receiving e-mails from recipient using Thunderbird.",https://support.mozilla.org/questions/1512954,,,,,m:microsoftemail,isp:spectrum,,,3,true,9.17,False,
1512956,2025-05-21T02:45:32.428897Z,2025-05-21,en-US,crashing-and-slow-performance,thunderbird;crashing-and-slow-performance;,octomjbber,Messages appear but will not open,https://support.mozilla.org/questions/1512956,,,,,,,,av:norton,0,false,,False,
1512960,2025-05-21T03:36:35.392693Z,2025-05-21,en-US,send-and-receive-email,thunderbird;send-and-receive-email;,CC,Abusix Mail Intelligence has blocked me sending emails on Thunderbird,https://support.mozilla.org/questions/1512960,,,,,,,,,1,true,8.22,False,
1512963,2025-05-21T04:34:48.959551Z,2025-05-21,en-US,save-passwords,thunderbird;save-passwords;,cldolloff,Email password,https://support.mozilla.org/questions/1512963,,,,,,,,,1,true,7.21,False,
1512964,2025-05-21T04:53:33.333799Z,2025-05-21,en-US,profiles,thunderbird;profiles;,lynnemcclellan,"I""m trying to download my deceased son's gmail account.  I've installed Mozilla Thunderbird, now what?",https://support.mozilla.org/questions/1512964,os:windows,,,,m:gmail,,,,1,true,1.02,True,sfhowes
1512967,2025-05-21T05:25:16.366221Z,2025-05-21,en-US,profiles,thunderbird;profiles;,jckadyk,Thunderbird local folders disappeared,https://support.mozilla.org/questions/1512967,,,,,,,proto:pop,,4,true,0.4,False,
1512972,2025-05-21T05:53:04.586912Z,2025-05-21,it,customization,thunderbird;customization;,frizzello33,Alternative a localfolders per ultima versione di Thunderbird,https://support.mozilla.org/questions/1512972,,,,,,,,,1,true,0.87,False,
1512980,2025-05-21T07:38:43.806548Z,2025-05-21,es,calendar,thunderbird;calendar;,mateoalvarezalvarez,'TASKS'  option in android/mobile version,https://support.mozilla.org/questions/1512980,,,,,,,,,1,true,39.98,False,
1512984,2025-05-21T08:10:45.951085Z,2025-05-21,en-US,send-and-receive-email,thunderbird;send-and-receive-email;,lennart.r953,Lost connection,https://support.mozilla.org/questions/1512984,,,,,,,,,1,true,3.56,False,
1512994,2025-05-21T09:06:38.675765Z,2025-05-21,en-US,customization,thunderbird;customization;,dona.dowlan,No Left Margin When Drafting Emails,https://support.mozilla.org/questions/1512994,,,,,,,,,2,true,3.02,False,
1513010,2025-05-21T11:05:52.666176Z,2025-05-21,it,calendar,thunderbird;calendar;,g3,Nextcloud Calendar Display Issue in Thunderbird - Distinguishing Event vs. Task-Only Calendars,https://support.mozilla.org/questions/1513010,,,,,,,proto:caldav,,1,true,4.43,False,
1513018,2025-05-21T12:05:25.334413Z,2025-05-21,nl,send-and-receive-email,thunderbird;send-and-receive-email;,JvdVo,Thunderbird for Android inbox,https://support.mozilla.org/questions/1513018,,,,,,,,,1,true,1.61,False,
1513034,2025-05-21T13:22:09.571345Z,2025-05-21,en-US,email-and-messaging,thunderbird;email-and-messaging;search;,Sausdal,Thunderbird mails,https://support.mozilla.org/questions/1513034,,,,,,,,,5,true,1.08,False,
1513035,2025-05-21T13:23:23.124133Z,2025-05-21,en-US,app-crash,thunderbird;app-crash;,ben11,"Thunderbird crashing on mac, not getting any reports.",https://support.mozilla.org/questions/1513035,,,,,,,,,0,false,,False,
1513036,2025-05-21T13:25:32.170430Z,2025-05-21,en-US,account-management,thunderbird;email-and-messaging;account-management;,kratosnova9137,Find hidden accout,https://support.mozilla.org/questions/1513036,,,,,,,proto:smtp,,1,true,0.36,False,
1513038,2025-05-21T13:32:25.518402Z,2025-05-21,en-US,contacts,thunderbird;contacts;,mp+firefox,Address book sync with Radicale,https://support.mozilla.org/questions/1513038,os:windows,,,,,,,,0,false,,False,
1513039,2025-05-21T13:43:44.215525Z,2025-05-21,nl,update,thunderbird;crashing-and-slow-performance;update;,jduym,inhoud van emails onder versie 128.10.1 esr verschijnt niet,https://support.mozilla.org/questions/1513039,,,,,,,,,4,true,0.11,True,Mozilla-assistent
1513040,2025-05-21T13:54:14.661553Z,2025-05-21,en-US,installation-and-updates,thunderbird;installation-and-updates;,Princy557,128 or 138,https://support.mozilla.org/questions/1513040,,,,,,,,,2,true,0.53,False,
1513053,2025-05-21T15:37:33.844478Z,2025-05-21,en-US,customization,thunderbird;customization;,mc.subs,Layout customization to make message header pane line height shorter,https://support.mozilla.org/questions/1513053,,,,,,,,,12,true,5.79,True,sfhowes
1513061,2025-05-21T16:16:01.588982Z,2025-05-21,en-US,passwords-and-sign-in,thunderbird;passwords-and-sign-in;,dmcmain,password,https://support.mozilla.org/questions/1513061,,,,,,,,,1,true,0.07,False,
1513062,2025-05-21T16:25:24.862314Z,2025-05-21,en-US,crashing-and-slow-performance,thunderbird;crashing-and-slow-performance;,daward52125,Unable to Load Email,https://support.mozilla.org/questions/1513062,,,,,,,,,6,true,4.7,True,Mapenzi
1513073,2025-05-21T17:00:20.672678Z,2025-05-21,en-US,contacts,thunderbird;contacts;,qkmggpgwd8,New computer. I can't import my old address book.,https://support.mozilla.org/questions/1513073,,,,,,,,,1,true,3.48,False,
1513079,2025-05-21T17:24:06.975016Z,2025-05-21,en-US,send-and-receive-email,thunderbird;send-and-receive-email;,jim_judy_gibbs,I am unable to send emails from all of my Thunderbird accounts.,https://support.mozilla.org/questions/1513079,,,,,,,,,1,true,3.1,False,
1513089,2025-05-21T18:16:38.504147Z,2025-05-21,es,connectivity,thunderbird;needsinfo;connectivity;,juanmonteroromero,"WIFI network doesn't allow downloading emails from pop3 server, but it allows me send them without problem.",https://support.mozilla.org/questions/1513089,,,,,,,proto:pop,,1,true,6.1,False,
1513093,2025-05-21T18:44:18.206113Z,2025-05-21,es,send-and-receive-email,thunderbird;send-and-receive-email;,jhonfersg,ThunderBird No Funciona por SMTP Puerto 586 Usando Exchange Server 2016 OnPremises,https://support.mozilla.org/questions/1513093,,,,,,,proto:smtp,,2,true,6.06,False,
1513098,2025-05-21T18:58:29.543199Z,2025-05-21,en-US,crashing-and-slow-performance,thunderbird;crashing-and-slow-performance;,amparo4,Why Thunderdird now is so slow (win10),https://support.mozilla.org/questions/1513098,os:windows,,,,,,,,6,true,14.0,True,wsmwk
1513099,2025-05-21T18:58:50.531777Z,2025-05-21,en-US,send-and-receive-email,thunderbird;send-and-receive-email;,kharrisma,Tbird suddenly refusing to download emails from server,https://support.mozilla.org/questions/1513099,,,,,,,,,1,true,4027.6,False,
1513115,2025-05-21T20:25:25.166705Z,2025-05-21,en-US,email-and-messaging,thunderbird;email-and-messaging;send-and-receive-email;,vivhodge1111,When I click to open a message nothing shows,https://support.mozilla.org/questions/1513115,,,,,,,,,1,true,0.6,False,
1513117,2025-05-21T20:38:34.149365Z,2025-05-21,en-US,email-and-messaging,thunderbird;email-and-messaging;junk-mail-and-spam;,candomo,mailbox expunges itself every time it's closed even though that setting is not configured to do so.,https://support.mozilla.org/questions/1513117,,,,,,,,,2,true,27.91,False,
1513125,2025-05-21T21:05:41.863641Z,2025-05-21,en-US,send-and-receive-email,thunderbird;send-and-receive-email;,morrie2,Thunderbird wont seek downloaded emails,https://support.mozilla.org/questions/1513125,,,,,,,,,0,false,,False,
1513135,2025-05-21T22:34:43.417096Z,2025-05-21,en-US,import-and-export-email,thunderbird;profiles;import-and-export-email;,radarrab,Thunderbird profile restore attempt--how can I get my data to be seen/into a readable format?,https://support.mozilla.org/questions/1513135,os:windows,,,,,,proto:imap,,0,false,,False,
1513143,2025-05-21T23:09:33.025759Z,2025-05-21,en-US,send-and-receive-email,thunderbird;send-and-receive-email;,folen,Transferring emails from one Gmail account to another,https://support.mozilla.org/questions/1513143,,,,,m:gmail,,,,0,false,,False,
1513147,2025-05-21T23:28:06.840362Z,2025-05-21,en-US,connectivity,thunderbird;connectivity;,tomrub,Which exe to use for split tunneling?,https://support.mozilla.org/questions/1513147,,,,,,,,,0,false,,False,
1513149,2025-05-21T23:34:38.422531Z,2025-05-21,en-US,customization,thunderbird;customization;,mobidutch,How to view all threaded messages NEWEST to OLDEST,https://support.mozilla.org/questions/1513149,,,,,m:microsoftemail,,,,6,true,16.49,True,Toad-Hall
1513155,2025-05-22T00:29:25.008454Z,2025-05-22,en-US,junk-mail-and-spam,thunderbird;junk-mail-and-spam;,klydwatkins,"junk mail and regular mail is mixed. there is no junk column. and no ""settings"" that I can find.",https://support.mozilla.org/questions/1513155,,,,,,,,,1,true,8.29,False,
1513163,2025-05-22T00:52:16.505781Z,2025-05-22,en-US,email-and-messaging,thunderbird;email-and-messaging;,johnvanepps0312,Recovering E-mails after compacting,https://support.mozilla.org/questions/1513163,,,,,m:gmail,,,,0,false,,False,
1513166,2025-05-22T01:22:34.750935Z,2025-05-22,en-US,update,thunderbird;update;,bilmenot,How to update software channel,https://support.mozilla.org/questions/1513166,os:linux,,,,,,,,2,true,11.5,False,
1513171,2025-05-22T01:54:18.344084Z,2025-05-22,en-US,passwords-and-sign-in,thunderbird;passwords-and-sign-in;security;,mark28,Keeps asking me to change my password,https://support.mozilla.org/questions/1513171,,,,,,,,,0,false,,False,
1513175,2025-05-22T02:30:15.612198Z,2025-05-22,en-US,send-and-receive-email,thunderbird;send-and-receive-email;,clogandroid,Moving/Copying mails from 1 acount to another account in IMAP fails,https://support.mozilla.org/questions/1513175,,,,,,,proto:imap,,0,false,,False,
1513178,2025-05-22T03:48:58.180163Z,2025-05-22,en-US,send-and-receive-email,thunderbird;send-and-receive-email;,billcan763,"opening e mail after last update getting mesge ""login to server imap.telstra.com  user billcan1at bigpond.com failed",https://support.mozilla.org/questions/1513178,,,,,,,proto:imap,,0,false,,False,
1513208,2025-05-22T08:09:59.714557Z,2025-05-22,en-US,app-crash,thunderbird;app-crash;,sedlacekjas,thunderbird cannot be started - sxstrace,https://support.mozilla.org/questions/1513208,,,,,,,,,0,false,,False,
1513212,2025-05-22T09:32:24.592710Z,2025-05-22,en-US,attachments,thunderbird;attachments;,CarlPonder,Add gnome-text-editor as *optional* helper for application/octet-stream,https://support.mozilla.org/questions/1513212,,,,,,,,,1,false,,False,
1513218,2025-05-22T10:25:16.213431Z,2025-05-22,it,send-and-receive-email,thunderbird;email-and-messaging;send-and-receive-email;,acquisti5,Non vedo il contenuto delle mail,https://support.mozilla.org/questions/1513218,,,,,,,,,1,true,1.72,False,
1513220,2025-05-22T10:33:09.184710Z,2025-05-22,en-US,email-and-messaging,thunderbird;email-and-messaging;,jmisko2607,Mozilla,https://support.mozilla.org/questions/1513220,,,,,,,,,1,false,,False,
1513224,2025-05-22T11:06:31.862633Z,2025-05-22,en-US,send-and-receive-email,thunderbird;send-and-receive-email;,herrmannrainer7,Thunderbird does not allow to forward or reply to a message viewed in original HTML format.,https://support.mozilla.org/questions/1513224,,,,,m:gmail,,,,3,true,1.69,False,
1513231,2025-05-22T12:28:03.176657Z,2025-05-22,en-US,send-and-receive-email,thunderbird;send-and-receive-email;,andrewj1072,Email sent but cannot be saved,https://support.mozilla.org/questions/1513231,os:windows,,,,,,,,1,true,0.39,False,
1513245,2025-05-22T13:48:55.904861Z,2025-05-22,en-US,passwords-and-sign-in,thunderbird;passwords-and-sign-in;,fred24,cant sign in,https://support.mozilla.org/questions/1513245,,,,,,,,,1,true,3.91,False,
1513246,2025-05-22T14:03:08.228155Z,2025-05-22,en-US,crashing-and-slow-performance,thunderbird;crashing-and-slow-performance;,ruggb,TB stops showing emails in all accounts,https://support.mozilla.org/questions/1513246,,,,,,,,,3,true,168.3,False,
1513247,2025-05-22T14:06:05.692918Z,2025-05-22,en-US,connectivity,thunderbird;connectivity;,ericathroll,email hyperlinks not working,https://support.mozilla.org/questions/1513247,os:windows,,,,,,,,2,false,,False,
1513249,2025-05-22T14:22:32.874334Z,2025-05-22,en-US,customization,thunderbird;customization;,mikeheilman.01,Can no longer change the text color,https://support.mozilla.org/questions/1513249,,,,,,,,,5,true,3.02,False,
1513250,2025-05-22T14:23:31.512174Z,2025-05-22,en-US,passwords-and-sign-in,thunderbird;passwords-and-sign-in;,robbiesylvester,can't get into my existing email account !!!,https://support.mozilla.org/questions/1513250,,,,,,,,,1,true,3.16,False,
1513252,2025-05-22T14:48:27.592918Z,2025-05-22,en-US,send-and-receive-email,thunderbird;customization;connectivity;send-and-receive-email;,pennypincher,mailto not working,https://support.mozilla.org/questions/1513252,,,,,,,,,0,false,,False,
1513256,2025-05-22T14:59:24.348452Z,2025-05-22,en-US,import-and-export-email,thunderbird;import-and-export-email;,michaela.prout1,Local folder emails disappeared,https://support.mozilla.org/questions/1513256,,,,,,,,,3,true,0.72,True,michaela.prout1
1513262,2025-05-22T15:16:43.254030Z,2025-05-22,en-US,send-and-receive-email,thunderbird;send-and-receive-email;,jimitou,cannot send out mail,https://support.mozilla.org/questions/1513262,,,,,,,,,1,true,2.22,False,
1513268,2025-05-22T15:37:37.063604Z,2025-05-22,en-US,send-and-receive-email,thunderbird;send-and-receive-email;,tim296,Syncing between devices,https://support.mozilla.org/questions/1513268,,,,,,,,,3,true,0.38,False,
1513273,2025-05-22T15:56:28.979293Z,2025-05-22,en-US,send-and-receive-email,thunderbird;send-and-receive-email;,sipsas,gmail,https://support.mozilla.org/questions/1513273,,,,,m:gmail,,,,1,true,1.53,False,
1513277,2025-05-22T16:09:42.928893Z,2025-05-22,en-US,send-and-receive-email,thunderbird;customization;account-management;send-and-receive-email;,dbwind,Regular Mozilla Thunderbird Sent Folder has changed to Local Sent Folder.  Change back?,https://support.mozilla.org/questions/1513277,os:windows,,,,,,,,2,true,1.08,False,
1513281,2025-05-22T16:27:33.727849Z,2025-05-22,en-US,contacts,thunderbird;contacts;,jsoluri,Trying to copy my Address book to a flash drive .,https://support.mozilla.org/questions/1513281,,,,,,,,,1,true,0.27,False,
1513284,2025-05-22T16:46:31.843616Z,2025-05-22,en-US,send-and-receive-email,thunderbird;send-and-receive-email;,jds4u,Thunderbird not getting new emails,https://support.mozilla.org/questions/1513284,,,,,m:gmail;m:microsoftemail,,,,2,true,0.63,False,
1513286,2025-05-22T17:00:35.111211Z,2025-05-22,en-US,send-and-receive-email,thunderbird;send-and-receive-email;,jds4u,Thunderbird not getting new emails,https://support.mozilla.org/questions/1513286,,,,,m:gmail;m:microsoftemail,,,,6,true,2.32,False,
1513293,2025-05-22T17:52:34.746193Z,2025-05-22,en-US,settings,thunderbird;settings;,medusa12314,"Warning box popup saying ""Configuration Error. Failed to read the Configuration File. Please contact your system adminis",https://support.mozilla.org/questions/1513293,,,,,,,,,1,true,44.06,False,
1513303,2025-05-22T19:07:18.767251Z,2025-05-22,nl,app-crash,thunderbird;app-crash;,theo.verschoor193,emailadresbestanden overzetten,https://support.mozilla.org/questions/1513303,,,,,,,,,1,true,15.38,False,
1513310,2025-05-22T19:39:26.467571Z,2025-05-22,en-US,import-and-export-email,thunderbird;import-and-export-email;,rgriess,Import messages,https://support.mozilla.org/questions/1513310,,,,,,,,,1,true,4.97,False,
1513311,2025-05-22T19:46:51.488782Z,2025-05-22,en-US,customization,thunderbird;customization;,zens.info,"Does Nebula support message pane in middle? If not, I need to revert",https://support.mozilla.org/questions/1513311,,,,,,,,,5,true,0.53,True,zens.info
1513315,2025-05-22T20:15:25.989913Z,2025-05-22,en-US,send-and-receive-email,thunderbird;send-and-receive-email;,markdpercival,Thunderbird 128.10.2esr not checking for emails after update on 20/05/25. It just constantly says DONE in the bottom lef,https://support.mozilla.org/questions/1513315,,,,,,,,,2,true,48.61,False,
1513318,2025-05-22T20:55:37.133245Z,2025-05-22,en-US,passwords-and-sign-in,thunderbird;passwords-and-sign-in;,martinrosen1,google/gmail authentication pop-up message on Thunderbird. Solved by enabling cookies.,https://support.mozilla.org/questions/1513318,,,,,m:gmail,,,,6,true,15.8,True,martinrosen1
1513324,2025-05-22T21:58:38.615862Z,2025-05-22,en-US,crashing-and-slow-performance,thunderbird;crashing-and-slow-performance;,suzchris,"After the May 20 update, Deleting one message makes the entire inbox empty",https://support.mozilla.org/questions/1513324,os:windows,,,,,,,,0,false,,False,
1513326,2025-05-22T22:17:46.604526Z,2025-05-22,en-US,email-and-messaging,thunderbird;email-and-messaging;,r.h.corbett,No messages found,https://support.mozilla.org/questions/1513326,,,,,,,,,4,true,2.98,False,
1513327,2025-05-22T22:36:49.515740Z,2025-05-22,en-US,app-crash,thunderbird;app-crash;,CuriousQ,"First couldn't get emails - error message ""Unable to write the email to the mailbox.  Make sure the file system allows y",https://support.mozilla.org/questions/1513327,os:windows,,,,,,,,0,false,,False,
1513328,2025-05-22T22:54:16.104094Z,2025-05-22,en-US,customization,thunderbird;customization;,calypso3,Tool Bar and Filter Rules in new version of Thunderbird,https://support.mozilla.org/questions/1513328,,,,,,,,,3,true,27.99,True,calypso3
1513330,2025-05-22T23:11:28.925985Z,2025-05-22,en-US,crashing-and-slow-performance,thunderbird;crashing-and-slow-performance;,targetpool,"Hello, activity manager synchronization to Gmail taking forever",https://support.mozilla.org/questions/1513330,,,,,m:gmail,,,,0,false,,False,
1513337,2025-05-23T00:22:34.111899Z,2025-05-23,en-US,customization,thunderbird;customization;,zens.info,HELP! CSS code: what is the new code for  'puts message page in the middle',https://support.mozilla.org/questions/1513337,,,,,,,,,1,true,0.82,False,
1513340,2025-05-23T00:40:38.431948Z,2025-05-23,en-US,contacts,thunderbird;contacts;,johnedwards1,Lost all Contacts in sidebar,https://support.mozilla.org/questions/1513340,,,,,,,,,1,false,,False,
1513345,2025-05-23T03:02:26.227027Z,2025-05-23,en-US,customization,thunderbird;customization;,wuxiaoning523,About the display of the total number of Thunderbird messages,https://support.mozilla.org/questions/1513345,,,,,,,,,4,true,2.1,True,Yu5tiqX9og
1513353,2025-05-23T04:20:00.571924Z,2025-05-23,en-US,send-and-receive-email,thunderbird;send-and-receive-email;,waveshapes4us,Thunderbird,https://support.mozilla.org/questions/1513353,,,,,,,,,1,true,0.83,False,
1513354,2025-05-23T04:55:18.567252Z,2025-05-23,en-US,customization,thunderbird;customization;email-and-messaging;,dnspencer,how do i reconfigure my e-mails into chronological order?thanks,https://support.mozilla.org/questions/1513354,,,,,,,,,1,true,0.19,False,
1513357,2025-05-23T05:11:22.494259Z,2025-05-23,en-US,crashing-and-slow-performance,thunderbird;crashing-and-slow-performance;,hsy906,thinderbord配置文件大小,https://support.mozilla.org/questions/1513357,,,,,,,,,1,false,,False,
1513363,2025-05-23T06:47:55.750698Z,2025-05-23,en-US,customization,thunderbird;customization;,kolorado,Conversation view not available,https://support.mozilla.org/questions/1513363,,,,,,,,,9,true,5.66,False,
1513364,2025-05-23T06:49:16.812556Z,2025-05-23,en-US,send-and-receive-email,thunderbird;send-and-receive-email;,ueda_s,About couldn't receive bounce mail.,https://support.mozilla.org/questions/1513364,,,,,,,,,3,true,9.59,False,
1513367,2025-05-23T07:23:28.678943Z,2025-05-23,en-US,install,thunderbird;install;,bradbell,Installing Thunderbird 128 on Mac,https://support.mozilla.org/questions/1513367,,,,,,,,,4,true,8.51,False,
1513368,2025-05-23T07:28:43.258617Z,2025-05-23,it,install,thunderbird;install;,nfulterxy,Non posso scaricare 128.10.2esr (64 bit),https://support.mozilla.org/questions/1513368,,,,,,,,,4,true,0.07,True,nfulterxy
1513371,2025-05-23T08:01:45.068449Z,2025-05-23,en-US,junk-mail-and-spam,thunderbird;needsinfo;junk-mail-and-spam;,applecrap,Everything marked ***SPAM***,https://support.mozilla.org/questions/1513371,,,,,m:gmail,,,,2,true,7.39,False,
1513374,2025-05-23T09:05:17.434802Z,2025-05-23,en-US,send-and-receive-email,thunderbird;send-and-receive-email;,caetano.veyssieres,Automatic return recipt requests but only for specified email adresses,https://support.mozilla.org/questions/1513374,,,,,,,,,3,true,2.78,False,
1513375,2025-05-23T09:07:41.021659Z,2025-05-23,en-US,search,thunderbird;search;,vladimir.komkov,Folder Search,https://support.mozilla.org/questions/1513375,,,,,,,,,3,true,3.14,True,Mapenzi
1513378,2025-05-23T09:12:47.122684Z,2025-05-23,nl,send-and-receive-email,thunderbird;send-and-receive-email;,Ouwe69,De ontvangen emails op adres 1 automatisch doorsturen naar adres 2.,https://support.mozilla.org/questions/1513378,,,,,,,,,1,true,1.22,False,
1513379,2025-05-23T09:42:47.579350Z,2025-05-23,en-US,send-and-receive-email,thunderbird;send-and-receive-email;,stefan.aronson,Incoming mail stoped,https://support.mozilla.org/questions/1513379,,,,,,,,,0,false,,False,
1513382,2025-05-23T10:04:10.114041Z,2025-05-23,en-US,profiles,thunderbird;profiles;,moz40,Thunderbird failed to find profile,https://support.mozilla.org/questions/1513382,os:windows,,,,,,,,3,true,1.86,True,Toad-Hall
1513386,2025-05-23T10:37:38.057440Z,2025-05-23,en-US,send-and-receive-email,thunderbird;send-and-receive-email;,pternitis,My new message,https://support.mozilla.org/questions/1513386,,,,,,,,,1,true,0.58,False,
1513388,2025-05-23T11:03:15.632240Z,2025-05-23,en-US,send-and-receive-email,thunderbird;send-and-receive-email;,admin250,"unable to send emails. ""the message could not be sent because the connection to Outgoing server (SMTP) mail.alburyathlet",https://support.mozilla.org/questions/1513388,,,,,,,proto:smtp,,0,false,,False,
1513389,2025-05-23T11:07:00.246754Z,2025-05-23,pt-BR,email-and-messaging,thunderbird;email-and-messaging;,rajor1946,Thuderbird,https://support.mozilla.org/questions/1513389,,,,,,,,,0,false,,False,
1513395,2025-05-23T11:54:43.793048Z,2025-05-23,it,send-and-receive-email,thunderbird;needsinfo;send-and-receive-email;,davideprandoster,"problemi invio posta elettronica dominio tim e non solo ,errore smpt",https://support.mozilla.org/questions/1513395,,,,,,,,,1,true,0.46,False,
1513406,2025-05-23T13:02:50.149569Z,2025-05-23,en-US,encryption,thunderbird;encryption;send-and-receive-email;,edthier,Can't get mail,https://support.mozilla.org/questions/1513406,,,,,,,,,5,true,25.63,False,
1513412,2025-05-23T13:42:42.213076Z,2025-05-23,en-US,contacts,thunderbird;contacts;,bpv563,mailing lists,https://support.mozilla.org/questions/1513412,,,,,,,,,1,true,0.98,False,
1513414,2025-05-23T14:14:58.409015Z,2025-05-23,en-US,attachments,thunderbird;attachments;,etc45,Copy to Local Sent folder fails,https://support.mozilla.org/questions/1513414,os:windows,,,,,,proto:imap,,0,false,,False,
1513415,2025-05-23T14:20:25.564858Z,2025-05-23,en-US,import-and-export-email,thunderbird;import-and-export-email;,redrooster2,data transfer,https://support.mozilla.org/questions/1513415,,,,,,,,,3,true,0.07,False,
1513421,2025-05-23T14:45:09.666355Z,2025-05-23,nl,junk-mail-and-spam,thunderbird;junk-mail-and-spam;,glenn.baumgarten,Spam map van gmail account verschijnt niet in mijn aangemaakte account in Thunderbird,https://support.mozilla.org/questions/1513421,,,,,m:gmail,,proto:imap,,2,true,53.4,True,markh2
1513432,2025-05-23T15:45:04.366059Z,2025-05-23,en-US,send-and-receive-email,thunderbird;send-and-receive-email;,ab26,Cannot send emails,https://support.mozilla.org/questions/1513432,,,,,m:yahooemail,,proto:smtp,,3,true,23.47,False,
1513437,2025-05-23T16:09:26.808581Z,2025-05-23,en-US,send-and-receive-email,thunderbird;send-and-receive-email;,rlringling,i cannot recieve emails,https://support.mozilla.org/questions/1513437,,,,,,,,,1,true,2.2,False,
1513441,2025-05-23T16:13:27.686826Z,2025-05-23,it,send-and-receive-email,thunderbird;send-and-receive-email;,benellir,"Se seleziono più mail sparisce la possibilità di INOLTRA. Restano solo le scelte COME ALLEGATI   REINDIRIZZA, spariscono",https://support.mozilla.org/questions/1513441,,,,,,,,,1,true,15.38,False,
1513445,2025-05-23T16:32:12.732663Z,2025-05-23,en-US,accessibility,thunderbird;accessibility;,jsoluri,copy E-Mail address to thumb drive,https://support.mozilla.org/questions/1513445,,,,,,,,,2,true,0.03,False,
1513453,2025-05-23T17:50:13.788634Z,2025-05-23,en-US,send-and-receive-email,thunderbird;needsinfo;send-and-receive-email;,avbogen,138.0 stopped retrieving emails from mail server,https://support.mozilla.org/questions/1513453,,,,,,,,,2,true,22.13,False,
1513455,2025-05-23T17:58:30.436833Z,2025-05-23,en-US,send-and-receive-email,thunderbird;send-and-receive-email;,oldmoparnut,Unable to send e-mail,https://support.mozilla.org/questions/1513455,,,,,,isp:comcast,proto:smtp,,10,true,0.36,False,
1513460,2025-05-23T18:55:57.824574Z,2025-05-23,en-US,send-and-receive-email,thunderbird;send-and-receive-email;,oldmoparnut,Reply about not being able to send e-mail,https://support.mozilla.org/questions/1513460,,,,,,,,,1,true,1.33,False,
1513464,2025-05-23T19:50:14.922335Z,2025-05-23,en-US,send-and-receive-email,thunderbird;send-and-receive-email;,donk2pmc,Thunderbird Sent Folder,https://support.mozilla.org/questions/1513464,,,,,,,,,1,false,,True,donk2pmc
1513467,2025-05-23T19:58:31.109008Z,2025-05-23,en-US,email-and-messaging,thunderbird;email-and-messaging;,fleshnfruity,deleting the duplicated folders,https://support.mozilla.org/questions/1513467,,,,,,,,,1,true,0.59,False,
1513468,2025-05-23T20:33:37.629513Z,2025-05-23,en-US,app-crash,thunderbird;app-crash;,CuriousQ,"TB is frozen and I can't close it.  It says it's 'not responding'.  ""Thunderbird needs to do regular file maintenance to",https://support.mozilla.org/questions/1513468,os:windows,,,,,,,,10,true,10.93,False,
1513472,2025-05-23T21:27:04.880975Z,2025-05-23,en-US,send-and-receive-email,thunderbird;send-and-receive-email;,leguenniour,reception messagerie avec la messagerie: leguenniou.rene@neuf.fr   subitement la reception s'est arrêtée le 22/05 2025 à,https://support.mozilla.org/questions/1513472,,,,,,,,,0,false,,False,
1513475,2025-05-23T22:21:50.832931Z,2025-05-23,en-US,send-and-receive-email,thunderbird;needsinfo;send-and-receive-email;,sue.bolling,thunderbird connection,https://support.mozilla.org/questions/1513475,,,,,m:gmail;m:microsoftemail,,,,2,true,13.58,False,
1513483,2025-05-23T23:42:00.992349Z,2025-05-23,en-US,send-and-receive-email,thunderbird;send-and-receive-email;,danielso,Multiple mail accounts with same user for smtp server - possible?,https://support.mozilla.org/questions/1513483,,,,,,,proto:smtp,,3,true,16.73,False,
1513496,2025-05-24T04:10:15.316021Z,2025-05-24,en-US,installation-and-updates,thunderbird;installation-and-updates;,L8mith1,F-droid Thunderbird ver. 10,https://support.mozilla.org/questions/1513496,,,,,,,,,1,true,7.7,False,
1513500,2025-05-24T05:26:19.710565Z,2025-05-24,en-US,account-management,thunderbird;account-management;,hspindel,temporarily disable account,https://support.mozilla.org/questions/1513500,,,,,,,,,3,true,1.97,False,
1513505,2025-05-24T05:56:34.484693Z,2025-05-24,en-US,customization,thunderbird;customization;,kanga85,Uncouple outgoing email from reply emails,https://support.mozilla.org/questions/1513505,,,,,,,,,2,true,7.15,True,davidsk
1513511,2025-05-24T06:56:56.045162Z,2025-05-24,en-US,send-and-receive-email,thunderbird;send-and-receive-email;,rambof,"Thunderbird wants to download all 15,000 emails in my mailbox :(",https://support.mozilla.org/questions/1513511,,,,,,,,,7,true,4.83,False,
1513516,2025-05-24T08:34:57.499861Z,2025-05-24,en-US,send-and-receive-email,thunderbird;send-and-receive-email;,grevdracula,My emails from my provider is not transferred to my Thunderbird account,https://support.mozilla.org/questions/1513516,,,,,,,,,1,true,2.92,False,
1513519,2025-05-24T09:19:49.633548Z,2025-05-24,it,reset-passwords,thunderbird;reset-passwords;,roar1952,thunderbird,https://support.mozilla.org/questions/1513519,,,,,,,,,1,true,0.24,False,
1513523,2025-05-24T10:02:52.921850Z,2025-05-24,en-US,passwords-and-sign-in,thunderbird;passwords-and-sign-in;,andrewforman,Installation on newe PC,https://support.mozilla.org/questions/1513523,,,,,,,,,1,true,1.67,False,
1513524,2025-05-24T10:13:22.619587Z,2025-05-24,en-US,update,thunderbird;update;,rbrunt,New Thunderbird Release,https://support.mozilla.org/questions/1513524,,,,,,,,,3,true,1.33,False,
1513532,2025-05-24T10:37:15.988726Z,2025-05-24,en-US,customization,thunderbird;customization;,erna3,Signature not added to replies or forwarding messages,https://support.mozilla.org/questions/1513532,,,,,,,,,9,true,2.43,True,davidsk
1513536,2025-05-24T10:55:24.483977Z,2025-05-24,en-US,app-crash,thunderbird;app-crash;,ikproudler1,Thunderbird Problem,https://support.mozilla.org/questions/1513536,,,,,,,,,2,true,0.76,False,
1513541,2025-05-24T11:26:43.017156Z,2025-05-24,en-US,events,thunderbird;events;,jerrylcanterbury,"Calendar Notifications Stopped for ""All Day"" Events",https://support.mozilla.org/questions/1513541,,,,,m:microsoftemail,,,,0,false,,False,
1513542,2025-05-24T11:44:07.938727Z,2025-05-24,nl,account-management,thunderbird;account-management;,tonhommen,opstart melding,https://support.mozilla.org/questions/1513542,,,,,,,,,1,true,32.44,False,
1513551,2025-05-24T13:24:17.759734Z,2025-05-24,nl,send-and-receive-email,thunderbird;send-and-receive-email;,e.smes,kan geeen emails versturen,https://support.mozilla.org/questions/1513551,,,,,,,,,1,true,1.25,False,
1513562,2025-05-24T15:00:40.863939Z,2025-05-24,en-US,send-and-receive-email,thunderbird;send-and-receive-email;,chrisbrazier1955,unable to set up new hotmail account in Thunderbird,https://support.mozilla.org/questions/1513562,,,,,m:microsoftemail,,proto:smtp;proto:oauth,,7,true,1.49,False,
1513565,2025-05-24T15:27:58.450436Z,2025-05-24,en-US,send-and-receive-email,thunderbird;windows-11;send-and-receive-email;,Loudenclear,Error Getting Mail in Thunderbird,https://support.mozilla.org/questions/1513565,os:windows,Windows 11,,,,,,,0,false,,False,
1513568,2025-05-24T15:43:50.176420Z,2025-05-24,en-US,accessibility,thunderbird;accessibility;windows-11;seg-not-firefox;,Loudenclear,Error Getting Mail in Thunderbird,https://support.mozilla.org/questions/1513568,os:windows,Windows 11,,,,,,,0,false,,False,
1513570,2025-05-24T15:54:45.368064Z,2025-05-24,en-US,send-and-receive-email,thunderbird;send-and-receive-email;,daver4,New login error,https://support.mozilla.org/questions/1513570,,,,,m:gmail;m:microsoftemail;m:telus,isp:telus,proto:pop,,6,true,0.31,False,
1513576,2025-05-24T16:37:32.895227Z,2025-05-24,en-US,contacts,thunderbird;contacts;,joejenkins,How to export address book,https://support.mozilla.org/questions/1513576,,,,,,,,,1,true,0.02,False,
1513579,2025-05-24T16:46:53.737704Z,2025-05-24,en-US,send-and-receive-email,thunderbird;send-and-receive-email;,LotusRavenSong,Not able to receive emails,https://support.mozilla.org/questions/1513579,,,,,,,,,1,true,2.12,False,
1513583,2025-05-24T17:07:06.624983Z,2025-05-24,en-US,send-and-receive-email,thunderbird;send-and-receive-email;,jmcla,trouble forwarding to a list made bcc,https://support.mozilla.org/questions/1513583,,,,,,,,,0,false,,False,
1513584,2025-05-24T17:09:52.927344Z,2025-05-24,en-US,passwords-and-sign-in,thunderbird;passwords-and-sign-in;,johnverburg,gmail login keeps popping up after a few seconds even though account has been deleted from TB.  How do I stop it?,https://support.mozilla.org/questions/1513584,,,,,m:gmail,,proto:pop,,2,true,1.54,False,
1513587,2025-05-24T17:34:47.267046Z,2025-05-24,en-US,send-and-receive-email,thunderbird;send-and-receive-email;,stu0000000,Filters create blank messages,https://support.mozilla.org/questions/1513587,,,,,m:microsoftemail,,,,0,false,,False,
1513588,2025-05-24T17:35:58.353247Z,2025-05-24,en-US,send-and-receive-email,thunderbird;send-and-receive-email;,bhowe,Unable to receive new emails sending works fine.,https://support.mozilla.org/questions/1513588,,,,,,,proto:oauth,,6,true,1.09,False,
1513602,2025-05-24T18:58:56.184918Z,2025-05-24,en-US,connectivity,thunderbird;connectivity;,mondalealex,"Clicking a link in Thunderbird opens blank tab/window in Firefox, but not in Chromium",https://support.mozilla.org/questions/1513602,os:linux,,,,,,proto:pop,,0,false,,False,
1513603,2025-05-24T19:08:00.130705Z,2025-05-24,en-US,email-and-messaging,thunderbird;email-and-messaging;,fran8,Thunderbird folder 235GB,https://support.mozilla.org/questions/1513603,,,,,,,,,5,true,0.96,False,
1513607,2025-05-24T19:41:15.729707Z,2025-05-24,en-US,crashing-and-slow-performance,thunderbird;crashing-and-slow-performance;,dsooley,"Inbox disappearing ""No Message Found"" (locked)",https://support.mozilla.org/questions/1513607,,,,,,,,,2,true,0.76,False,
1513611,2025-05-24T20:48:16.206314Z,2025-05-24,en-US,connectivity,thunderbird;connectivity;,mysystrashed,Cannot get Thunderbird to work with Yahoo,https://support.mozilla.org/questions/1513611,,,,,m:yahooemail,,,,0,false,,False,
1513618,2025-05-24T21:44:04.309202Z,2025-05-24,en-US,passwords-and-sign-in,thunderbird;passwords-and-sign-in;,smyn1118,I can not open an account,https://support.mozilla.org/questions/1513618,,,,,,,,,0,false,,False,
1513628,2025-05-24T22:58:37.997741Z,2025-05-24,en-US,passwords-and-sign-in,thunderbird;passwords-and-sign-in;,peifenghsu,outlook OAuth2 problem,https://support.mozilla.org/questions/1513628,,,,,m:microsoftemail,,proto:smtp;proto:oauth,,5,true,17.34,False,
1513634,2025-05-25T00:35:05.540860Z,2025-05-25,en-US,customization,thunderbird;customization;,hpnpilot,Cannot compose in body text mode,https://support.mozilla.org/questions/1513634,,,,,,,,,2,true,16.02,False,
1513638,2025-05-25T00:59:24.091454Z,2025-05-25,en-US,send-and-receive-email,thunderbird;send-and-receive-email;,krprice,Emails failing to download on multiple accounts,https://support.mozilla.org/questions/1513638,,,,,m:microsoftemail,,,,0,false,,False,
1513642,2025-05-25T01:48:54.521246Z,2025-05-25,en-US,app-crash,thunderbird;app-crash;,mortganeles,Freezing while composing,https://support.mozilla.org/questions/1513642,,,,,,,,,5,true,10.86,False,
1513650,2025-05-25T03:52:42.645579Z,2025-05-25,en-US,passwords-and-sign-in,thunderbird;passwords-and-sign-in;,jfhart,Login Failure on new computer only,https://support.mozilla.org/questions/1513650,,,,,m:yahooemail,isp:att,,,3,true,0.91,False,
1513667,2025-05-25T08:06:42.541742Z,2025-05-25,en-US,install,thunderbird;install;,alanmdp,Installation de thunderbird,https://support.mozilla.org/questions/1513667,,,,,,,,,1,true,6.14,False,
1513685,2025-05-25T12:31:53.813063Z,2025-05-25,pt-BR,email-and-messaging,thunderbird;email-and-messaging;,jose.sebusiani,Armazenamento de mensagens,https://support.mozilla.org/questions/1513685,,,,,m:gmail,,,,0,false,,False,
1513700,2025-05-25T15:43:29.993210Z,2025-05-25,en-US,passwords-and-sign-in,thunderbird;passwords-and-sign-in;,davidmino215,I can't log in,https://support.mozilla.org/questions/1513700,,,,,,,,,0,false,,False,
1513711,2025-05-25T17:00:23.955186Z,2025-05-25,en-US,tags,thunderbird;tags;,mette1,labels on pc,https://support.mozilla.org/questions/1513711,,,,,,,,,1,true,23.42,False,
1513712,2025-05-25T17:02:48.385782Z,2025-05-25,en-US,customization,thunderbird;customization;,mette1,Filters on android,https://support.mozilla.org/questions/1513712,,,,,,,,,1,true,23.35,False,
1513714,2025-05-25T17:14:27.320374Z,2025-05-25,it,app-crash,thunderbird;app-crash;,geom.nino.marino,Cannot start the specified application,https://support.mozilla.org/questions/1513714,,,,,,,,,1,true,16.6,False,
1513719,2025-05-25T17:44:37.682599Z,2025-05-25,en-US,import-and-export-email,thunderbird;import-and-export-email;,akerman86,How to export all emails selected as a single PDF including attachments?,https://support.mozilla.org/questions/1513719,,,,,,,,,0,false,,False,
1513727,2025-05-25T18:35:01.386959Z,2025-05-25,en-US,send-and-receive-email,thunderbird;send-and-receive-email;,tehapr01,Thunderbird response to attempt to send email: Mail.twc.com times out,https://support.mozilla.org/questions/1513727,,,,,m:microsoftemail,isp:spectrum,,,1,true,18.51,False,
1513729,2025-05-25T18:37:29.540456Z,2025-05-25,en-US,search,thunderbird;search;,derek.sedd,how find unopened emails,https://support.mozilla.org/questions/1513729,,,,,,,,,1,true,13.25,False,
1513733,2025-05-25T19:37:38.880608Z,2025-05-25,en-US,junk-mail-and-spam,thunderbird;junk-mail-and-spam;,jgerstne,emails with url link not being received.,https://support.mozilla.org/questions/1513733,,,,,m:gmail,,,,0,false,,False,
1513735,2025-05-25T19:51:28.990742Z,2025-05-25,it,import-and-export-email,thunderbird;import-and-export-email;,sabrina.vailati,esportare mail yahoo su pc con il supporto di thunderbird,https://support.mozilla.org/questions/1513735,,,,,m:yahooemail,,,,1,true,13.94,False,
1513743,2025-05-25T20:53:10.853293Z,2025-05-25,it,send-and-receive-email,thunderbird;send-and-receive-email;,rambof,Thunderbird che scarica da capo tutte le vecchie email,https://support.mozilla.org/questions/1513743,,,,,,,proto:imap;proto:pop,,8,true,12.88,False,
1513747,2025-05-25T22:01:28.741591Z,2025-05-25,en-US,send-and-receive-email,thunderbird;send-and-receive-email;,pgarrison,cannot log into thunderbird after upgrading to 138 release channel linux,https://support.mozilla.org/questions/1513747,os:linux,,,,,,,,0,false,,False,
1513761,2025-05-26T01:19:02.767624Z,2025-05-26,en-US,email-and-messaging,thunderbird;email-and-messaging;,rstehle,Thunderbird 138.0.2 (and earlier) not showing some Outlook IMAP folders on Windows 10,https://support.mozilla.org/questions/1513761,os:windows,,,,m:microsoftemail,,proto:imap,,0,false,,False,
1513773,2025-05-26T05:11:10.609019Z,2025-05-26,en-US,themes,thunderbird;themes;,virginiaflake11,Little help!  I would like to change part of the frame to a different color,https://support.mozilla.org/questions/1513773,,,,,,,,,6,true,2.53,True,siffemoz
1513777,2025-05-26T06:16:08.317641Z,2025-05-26,en-US,customization,thunderbird;customization;,rlkl1,I want the newest email that arrives to be at the top of the page,https://support.mozilla.org/questions/1513777,,,,,,,,,1,true,1.39,False,
1513797,2025-05-26T08:31:30.432813Z,2025-05-26,en-US,send-and-receive-email,thunderbird;windows-11;send-and-receive-email;,michail74,Send mail og gem i lokal folder,https://support.mozilla.org/questions/1513797,os:windows,Windows 11,,,m:microsoftemail,,,,2,true,20.09,False,
1513799,2025-05-26T08:39:56.995519Z,2025-05-26,it,send-and-receive-email,thunderbird;needsinfo;send-and-receive-email;,trader.holland.nl,Posta in ingresso scomparsa su Thunderbird,https://support.mozilla.org/questions/1513799,,,,,,,,,1,true,1.04,False,
1513801,2025-05-26T08:50:21.164607Z,2025-05-26,en-US,contacts,thunderbird;contacts;,mp+firefox,Address book sync with Radicale,https://support.mozilla.org/questions/1513801,,,,,,,,,0,false,,False,
1513802,2025-05-26T09:02:04.731256Z,2025-05-26,en-US,crashing-and-slow-performance,thunderbird;crashing-and-slow-performance;,HdInfAutre,high core temperature increase when using TB monthly version,https://support.mozilla.org/questions/1513802,os:linux,,,,,,,,3,true,7.33,False,
1513806,2025-05-26T09:40:22.534859Z,2025-05-26,en-US,customization,thunderbird;customization;,Paul.Redhead,TB Mail Settings,https://support.mozilla.org/questions/1513806,os:macos,,,,,,,,21,true,3.36,False,
1513809,2025-05-26T09:46:15.500953Z,2025-05-26,en-US,connectivity,thunderbird;connectivity;send-and-receive-email;,iw.zurek,i can't send any emails from gmail accounts,https://support.mozilla.org/questions/1513809,,,,,m:gmail,,proto:smtp,,0,false,,False,
1513819,2025-05-26T11:15:11.806380Z,2025-05-26,it,send-and-receive-email,thunderbird;needsinfo;send-and-receive-email;,anzianicg,sono sparite tutte le email in arrivo,https://support.mozilla.org/questions/1513819,,,,,,,,,1,true,1.0,False,
1513820,2025-05-26T11:28:26.130929Z,2025-05-26,nl,customization,thunderbird;customization;,jaap.van.silfhout,Berichten lezen,https://support.mozilla.org/questions/1513820,,,,,,,,,2,true,0.48,False,
1513821,2025-05-26T11:35:08.732692Z,2025-05-26,en-US,customization,thunderbird;customization;,jgerstne,current thunderbird format/user interface is a nightmare,https://support.mozilla.org/questions/1513821,,,,,,,,,2,true,0.25,True,davidsk
1513823,2025-05-26T11:42:04.176144Z,2025-05-26,en-US,undefined,thunderbird;seg-not-firefox;undefined;,asammodels,Addresses in 'To' bar,https://support.mozilla.org/questions/1513823,os:other,W11,,,,,,,0,false,,False,
1513839,2025-05-26T13:09:06.473800Z,2025-05-26,en-US,customization,thunderbird;customization;,krkirkwood,Search Results Font Size,https://support.mozilla.org/questions/1513839,,,,,,,,,1,true,56.4,False,
1513840,2025-05-26T13:39:18.155178Z,2025-05-26,en-US,app-crash,thunderbird;app-crash;,jagriswold,TB 128.10.2esr (64-bit) hangs editing a web link,https://support.mozilla.org/questions/1513840,,,,,,,,,9,true,2.97,True,Toad-Hall
1513843,2025-05-26T14:00:10.588371Z,2025-05-26,en-US,email-and-messaging,thunderbird;needsinfo;email-and-messaging;,mfolly,"Thunderbird moves or can't find folders, disables filters on its own",https://support.mozilla.org/questions/1513843,,,,,,isp:comcast,,,4,true,2.14,False,
1513845,2025-05-26T14:05:28.279498Z,2025-05-26,en-US,email-and-messaging,thunderbird;email-and-messaging;,johnm5,Changing the subject of an incoming message,https://support.mozilla.org/questions/1513845,,,,,,,,,2,true,1.77,False,
1513848,2025-05-26T14:13:43.419580Z,2025-05-26,it,customization,thunderbird;customization;,andreagrassetti.email,Visualizzazione email in entrata,https://support.mozilla.org/questions/1513848,,,,,,,,,2,true,0.63,True,'@next
1513857,2025-05-26T15:11:10.014177Z,2025-05-26,fi,import-and-export-email,thunderbird;import-and-export-email;,kaj.borgstrom,Local folder,https://support.mozilla.org/questions/1513857,,,,,,,,,0,false,,False,
1513858,2025-05-26T15:12:42.601883Z,2025-05-26,nl,junk-mail-and-spam,thunderbird;needsinfo;junk-mail-and-spam;,bayapalma,Email  staat wel op de server maar niet in mailbox.,https://support.mozilla.org/questions/1513858,,,,,,,,,2,true,14.47,False,
1513866,2025-05-26T15:43:27.516498Z,2025-05-26,it,crashing-and-slow-performance,thunderbird;needsinfo;crashing-and-slow-performance;,giorgio.morocutti,Messaggio di sistema,https://support.mozilla.org/questions/1513866,,,,,,,,,1,true,0.4,False,
1513875,2025-05-26T16:48:25.944033Z,2025-05-26,en-US,passwords-and-sign-in,thunderbird;passwords-and-sign-in;,pwinkelmann,Can't sign in,https://support.mozilla.org/questions/1513875,,,,,,,,,1,true,17.69,False,
1513876,2025-05-26T16:51:37.840284Z,2025-05-26,en-US,send-and-receive-email,thunderbird;send-and-receive-email;,kjcrane20,Downloading old emails from gmail,https://support.mozilla.org/questions/1513876,os:windows,,,,m:gmail;m:microsoftemail,,,,1,true,1.85,False,
1513888,2025-05-26T18:27:18.225240Z,2025-05-26,en-US,email-and-messaging,thunderbird;email-and-messaging;,Tequila,Error when adding a new Titan email account,https://support.mozilla.org/questions/1513888,,,,,,,,,2,true,10.23,True,sfhowes
1513898,2025-05-26T20:12:38.047933Z,2025-05-26,en-US,crashing-and-slow-performance,thunderbird;crashing-and-slow-performance;,caj-bugz,TB InBox Gets Corrupted; Repair Eliminates Recent Messages,https://support.mozilla.org/questions/1513898,os:linux,,,,,,,,4,true,10.88,False,
1513900,2025-05-26T20:18:01.501699Z,2025-05-26,en-US,encryption,thunderbird;encryption;,kingham1,Local CA being ignored,https://support.mozilla.org/questions/1513900,os:linux,,,,,,,,2,true,0.36,True,christ1
1513904,2025-05-26T20:51:29.619648Z,2025-05-26,en-US,events,thunderbird;events;,rpomero,Event Reminders in Thunderbird Calendar,https://support.mozilla.org/questions/1513904,os:windows,,,,,,,,4,true,8.63,False,
1513907,2025-05-26T20:58:29.387661Z,2025-05-26,en-US,install,thunderbird;install;,Rhys3300,"Thunderbird.exe  disappeared after update 5/26/2025. Reinstall errors ""Sorry, Thunderbird can't be installed. This versi",https://support.mozilla.org/questions/1513907,os:windows,,,,,,,,17,true,4.53,True,Rhys3300
1513908,2025-05-26T21:05:09.073684Z,2025-05-26,en-US,junk-mail-and-spam,thunderbird;junk-mail-and-spam;,dpclement,"Please, remove my account from your ""Spam Folder"".",https://support.mozilla.org/questions/1513908,,,,,,,,,1,true,13.8,False,
1513916,2025-05-26T22:29:40.166534Z,2025-05-26,cs,crashing-and-slow-performance,thunderbird;crashing-and-slow-performance;,pancoska,Gmail IMAP receiving and displaying,https://support.mozilla.org/questions/1513916,,,,,m:gmail,,proto:imap;proto:pop,,2,true,10.2,False,
1513917,2025-05-26T23:20:22.961632Z,2025-05-26,en-US,send-and-receive-email,thunderbird;send-and-receive-email;,WavidDilly,Hotmail fails to download new emails after 15 May 2025,https://support.mozilla.org/questions/1513917,os:macos,,,,m:microsoftemail,,proto:smtp;proto:oauth,,20,true,65.4,False,
1513923,2025-05-26T23:54:31.616533Z,2025-05-26,en-US,contacts,thunderbird;contacts;,k2j6w6cxgq,Adding Contact to Non-Local Address Book,https://support.mozilla.org/questions/1513923,os:linux,,,,m:yahooemail,,,,2,true,4.63,False,
1513932,2025-05-27T01:50:16.518569Z,2025-05-27,en-US,accessibility,thunderbird;accessibility;seg-not-firefox;,Gwalior,How to prevent updating Thunderbird if that would result in breaking an extension,https://support.mozilla.org/questions/1513932,,,,,,,,,3,true,3.31,False,
1513935,2025-05-27T02:17:35.228423Z,2025-05-27,en-US,junk-mail-and-spam,thunderbird;junk-mail-and-spam;,rtw5420,Accidentlally deleted all Trash files,https://support.mozilla.org/questions/1513935,,,,,,,,,1,true,4.66,False,
1513936,2025-05-27T02:18:46.657692Z,2025-05-27,en-US,encryption,thunderbird;encryption;,kingham1,Client TLS certificate,https://support.mozilla.org/questions/1513936,os:linux,,,,,,proto:smtp,,9,true,16.45,False,
1513953,2025-05-27T05:56:01.425205Z,2025-05-27,en-US,undefined,thunderbird;seg-not-firefox;undefined;,keithrbaulaptop,Thunderbird hyperlinks fail to open in browser,https://support.mozilla.org/questions/1513953,,,,,,,,,0,false,,False,
1513961,2025-05-27T07:47:43.810305Z,2025-05-27,en-US,customization,thunderbird;customization;send-and-receive-email;,jg7683121,"When I answer some mails in Thunderbird, or when I forward a mail, a lot of strange code text is included. How do I avoi",https://support.mozilla.org/questions/1513961,,,,,,,,,1,true,2.67,False,
1513962,2025-05-27T08:11:15.670624Z,2025-05-27,en-US,app-crash,thunderbird;app-crash;,barneaj,"Thunderbird ""not responding"" when deleting reminders",https://support.mozilla.org/questions/1513962,,,,,m:gmail;m:protonmail,,,,1,false,,False,
1513970,2025-05-27T10:26:15.575905Z,2025-05-27,es,contacts,thunderbird;needsinfo;contacts;,djmichael1,he pasado a windows 11 y no aparecen los  contactos mozilla thunderbird,https://support.mozilla.org/questions/1513970,os:windows,,,,,,,,1,true,155.98,False,
1513975,2025-05-27T10:49:31.220293Z,2025-05-27,en-US,email-and-messaging,thunderbird;email-and-messaging;,bnarr,Thunderbird v.128.10.2esr (64-bit),https://support.mozilla.org/questions/1513975,,,,,,,,,1,true,34.91,False,
1513980,2025-05-27T11:38:44.844412Z,2025-05-27,it,attachments,thunderbird;attachments;,lascaleia.esposito,Recupero allegati dal messaggio di mancata consegna,https://support.mozilla.org/questions/1513980,,,,,,,,,1,true,1.79,False,
1513985,2025-05-27T12:48:56.347004Z,2025-05-27,en-US,send-and-receive-email,thunderbird;send-and-receive-email;,rlringling,i cannot recieve emails,https://support.mozilla.org/questions/1513985,,,,,,,,,1,true,1.93,False,
1513989,2025-05-27T13:15:45.146386Z,2025-05-27,en-US,app-crash,thunderbird;app-crash;,mtscs2zmpg,I'd like to try Thunderbird but I only have  devisees,https://support.mozilla.org/questions/1513989,os:macos,,,,,,,,1,true,9.69,False,
1513993,2025-05-27T14:10:50.279608Z,2025-05-27,en-US,connectivity,thunderbird;connectivity;,dmelton40,Why has thunderbird stopped downloading emails since latest update?  Linux Ubuntu 24.04.2 LTS,https://support.mozilla.org/questions/1513993,os:linux,,,,,,,,0,false,,False,
1513994,2025-05-27T14:14:52.833366Z,2025-05-27,en-US,contacts,thunderbird;contacts;,moz34,Sharing address lists,https://support.mozilla.org/questions/1513994,,,,,,,,,1,true,0.26,False,
1514004,2025-05-27T15:42:00.800621Z,2025-05-27,en-US,import-and-export-email,thunderbird;import-and-export-email;,dan56,Best Practices for archiving old messages?,https://support.mozilla.org/questions/1514004,,,,,,,,,1,true,0.44,False,
1514005,2025-05-27T15:43:30.505743Z,2025-05-27,en-US,connectivity,thunderbird;connectivity;,deanjosh06,Access to server refused on email,https://support.mozilla.org/questions/1514005,,,,,,,,,1,true,0.26,False,
1514011,2025-05-27T16:04:13.036400Z,2025-05-27,it,customization,thunderbird;customization;,riccardoguerra1569,come si fa a mettere le mail ricevute in ordine decrescente ( dalla più recente alla più vecchia)?,https://support.mozilla.org/questions/1514011,,,,,,,,,0,false,,False,
1514017,2025-05-27T16:43:23.705164Z,2025-05-27,en-US,send-and-receive-email,thunderbird;send-and-receive-email;,mwrr,"Starting this morning, my Thunderbird won't send or receive emails",https://support.mozilla.org/questions/1514017,,,,,,,,,5,true,20.3,True,mwrr
1514020,2025-05-27T17:13:29.261950Z,2025-05-27,en-US,import-and-export-email,thunderbird;import-and-export-email;,ksglasser,Thunderbird - move folders from old profile to new one,https://support.mozilla.org/questions/1514020,os:windows,,,,m:gmail,,,,4,true,19.87,True,davidsk
1514028,2025-05-27T17:50:06.635617Z,2025-05-27,en-US,customization,thunderbird;customization;,JerryBSr,Email Signatures,https://support.mozilla.org/questions/1514028,,,,,,,,,1,true,0.66,False,
1514040,2025-05-27T18:28:19.617870Z,2025-05-27,en-US,customization,thunderbird;customization;,kanon77,Increase Icon Size,https://support.mozilla.org/questions/1514040,,,,,,,,,1,true,0.99,False,
1514042,2025-05-27T18:37:05.190663Z,2025-05-27,en-US,send-and-receive-email,thunderbird;send-and-receive-email;,mail966,Sending emails via Thunderbird and Plusnet,https://support.mozilla.org/questions/1514042,,,,,m:yahooemail,,,,0,false,,False,
1514047,2025-05-27T19:05:27.596239Z,2025-05-27,en-US,junk-mail-and-spam,thunderbird;junk-mail-and-spam;,geoffwchurch,Creating email filter,https://support.mozilla.org/questions/1514047,,,,,m:microsoftemail,,,,0,false,,False,
1514048,2025-05-27T19:10:38.295104Z,2025-05-27,en-US,import-and-export-email,thunderbird;import-and-export-email;,BwanaJoe,Recovering old email folders,https://support.mozilla.org/questions/1514048,,,,,,,,,0,false,,False,
1514058,2025-05-27T20:39:58.120543Z,2025-05-27,en-US,update,thunderbird;update;,ken.schindler,How do I find out what version of Thunderbird I'm running & if the pending upgrade even applies to me?,https://support.mozilla.org/questions/1514058,,,,,,,,,1,true,0.69,False,
1514064,2025-05-27T21:18:57.527674Z,2025-05-27,en-US,attachments,thunderbird;send-and-receive-email;attachments;,shawes,email From have all been given the same incorrect senders name,https://support.mozilla.org/questions/1514064,,,,,,,,,4,true,14.69,True,MattAuSupport
1514070,2025-05-27T22:12:04.430509Z,2025-05-27,en-US,junk-mail-and-spam,thunderbird;junk-mail-and-spam;,surzyckstefan,"Thunderbird 128.10.2esr (64-bit) on a Windows 11 PC is transferring files marked as junk to the ""Important"" folder. How ",https://support.mozilla.org/questions/1514070,os:windows,,,,,,,,1,true,18.68,False,
1514071,2025-05-27T22:12:50.399028Z,2025-05-27,en-US,send-and-receive-email,thunderbird;send-and-receive-email;,alesahavnes,Unable to Get New Messages?,https://support.mozilla.org/questions/1514071,,,,,,,,,0,false,,False,
1514076,2025-05-27T22:43:58.648929Z,2025-05-27,en-US,account-management,thunderbird;account-management;,david.a.laws,Thunderbird changes,https://support.mozilla.org/questions/1514076,,,,,,,,,2,true,0.99,False,
1514091,2025-05-28T01:34:28.427501Z,2025-05-28,en-US,update,thunderbird;update;,leorickg,Thunderbird ESR to Release (ESR128toRelease),https://support.mozilla.org/questions/1514091,,,,,,,,,2,true,1.03,True,siffemoz
1514092,2025-05-28T01:55:11.837992Z,2025-05-28,en-US,update,thunderbird;update;,TBuHnukc,Нечитаемые имена папок после установки последнего релиза,https://support.mozilla.org/questions/1514092,,,,,,,proto:imap,,1,true,3.38,False,
1514097,2025-05-28T02:18:20.714143Z,2025-05-28,en-US,update,thunderbird;update;,gleime,Thunderbird Version,https://support.mozilla.org/questions/1514097,,,,,,,,,1,true,0.14,False,
1514100,2025-05-28T03:00:17.421083Z,2025-05-28,en-US,send-and-receive-email,thunderbird;send-and-receive-email;,swherman,I'm not receiving any more email lately.,https://support.mozilla.org/questions/1514100,,,,,,,,,1,true,153.61,False,
1514101,2025-05-28T03:01:46.410072Z,2025-05-28,en-US,connectivity,thunderbird;connectivity;,fliuzzi1,"trying to add login, email, imap and pop but getting login failed - need help - was working broke now",https://support.mozilla.org/questions/1514101,,,,,m:gmail;m:microsoftemail,isp:spectrum,proto:imap;proto:pop,,2,true,13.57,False,
1514103,2025-05-28T03:31:29.875482Z,2025-05-28,en-US,update,thunderbird;update;,michael.redding,Current laptop version of Mozilla Thunderbird,https://support.mozilla.org/questions/1514103,,,,,,,,,1,true,1.86,False,
1514107,2025-05-28T04:28:44.196505Z,2025-05-28,en-US,send-and-receive-email,thunderbird;send-and-receive-email;,gene51,"New incoming emails are no longer marked as ""unread"" and In bold print when they arrive. I have to manually mark them as",https://support.mozilla.org/questions/1514107,,,,,,,,,6,true,9.6,False,
1514110,2025-05-28T04:49:39.589209Z,2025-05-28,en-US,install,thunderbird;install;,rminnon,"Cannot install ver 139 release - Error message ""Your computer must be restarted..."" (ESR128toRelease)",https://support.mozilla.org/questions/1514110,,,,,,,,,7,true,0.28,True,wsmwk
1514113,2025-05-28T05:22:31.119284Z,2025-05-28,en-US,reset-passwords,thunderbird;reset-passwords;,blackarachknight93,I have a new computer I want to get back on Thunderbird but I forgot my password,https://support.mozilla.org/questions/1514113,,,,,,,,,1,true,6.55,False,
1514126,2025-05-28T07:21:26.465927Z,2025-05-28,en-US,update,thunderbird;update;,purple.esmek,Change from ESR to Release (ESR128toRelease),https://support.mozilla.org/questions/1514126,,,,,,,,,3,true,4.41,False,
1514130,2025-05-28T08:08:04.823115Z,2025-05-28,en-US,send-and-receive-email,thunderbird;send-and-receive-email;,barwell54,Not receiving emails,https://support.mozilla.org/questions/1514130,,,,,,,,,1,true,3.67,False,
1514131,2025-05-28T08:14:08.634937Z,2025-05-28,it,account-management,thunderbird;account-management;,comelca,Impostazioni e accesso PEC anomale,https://support.mozilla.org/questions/1514131,,,,,,,,,4,true,1.03,True,comelca
1514132,2025-05-28T08:16:54.811898Z,2025-05-28,it,extensions,thunderbird;extensions;,dariod737,componente aggiuntivo ImportExportTool NG e ImportExportTool per versione Thunderbird 139.0,https://support.mozilla.org/questions/1514132,,,,,,,,,1,true,1.1,False,
1514133,2025-05-28T08:18:15.780193Z,2025-05-28,en-US,customization,thunderbird;needsinfo;customization;,learnmore4dev,"Sent folder, Drafts and Trash moved under local folder !",https://support.mozilla.org/questions/1514133,,,,,,,,,2,true,7.66,False,
1514134,2025-05-28T08:31:42.717458Z,2025-05-28,nl,customization,thunderbird;customization;,andre.snelting,Beantwoorrden van een mail,https://support.mozilla.org/questions/1514134,,,,,,,,,0,false,,False,
1514135,2025-05-28T08:33:36.635495Z,2025-05-28,nl,customization,thunderbird;customization;,andre.snelting,Opmaak van tekst in de mail,https://support.mozilla.org/questions/1514135,,,,,,,,,1,true,3.09,False,
1514140,2025-05-28T09:38:08.798725Z,2025-05-28,nl,send-and-receive-email,thunderbird;send-and-receive-email;,n.bartelds,ik kan geen email verzenden naar een adres met ö in het email-adres,https://support.mozilla.org/questions/1514140,,,,,,,,,1,true,2.07,False,
1514142,2025-05-28T09:59:26.600244Z,2025-05-28,en-US,send-and-receive-email,thunderbird;send-and-receive-email;,info7272,email signatures,https://support.mozilla.org/questions/1514142,,,,,,,,,12,true,1.73,True,info7272
1514143,2025-05-28T10:01:08.701343Z,2025-05-28,it,search,thunderbird;search;,silvia.ilari,Quando ricerca dei messaggi il programma trova anche messaggi precedentemente cancellati,https://support.mozilla.org/questions/1514143,,,,,,,,,1,true,5.74,True,'@next
1514146,2025-05-28T10:24:46.094740Z,2025-05-28,nl,install,thunderbird;install;,bert33,Overstap ESR naar Release kanaal,https://support.mozilla.org/questions/1514146,,,,,,,,,2,true,1.42,True,markh2
1514148,2025-05-28T10:36:02.109382Z,2025-05-28,en-US,update,thunderbird;update;,hubeny76,Upgraded to Release channel v139.0 but new email Notifications come from ESR (ESR128toRelease),https://support.mozilla.org/questions/1514148,os:windows,,,,,,,,1,true,15.19,False,
1514154,2025-05-28T11:05:56.076731Z,2025-05-28,en-US,update,thunderbird;update;,krone50,what version do i  have? (ESR128toRelease),https://support.mozilla.org/questions/1514154,,,,,,,,,2,true,0.49,False,
1514156,2025-05-28T11:18:19.670212Z,2025-05-28,en-US,customization,thunderbird;customization;,jandnwalker,How to create a filter based on message,https://support.mozilla.org/questions/1514156,,,,,,,,,2,true,4.3,True,jandnwalker
1514157,2025-05-28T11:24:09.184213Z,2025-05-28,en-US,send-and-receive-email,thunderbird;send-and-receive-email;,info7288,Synchronisation over 3 PC and Iphone fails in IMAP account,https://support.mozilla.org/questions/1514157,,,,,,,proto:imap,,10,true,0.28,False,
1514158,2025-05-28T11:24:51.797425Z,2025-05-28,en-US,connectivity,thunderbird;needsinfo;connectivity;,virginiaflake11,SMTP not working with BitDefender Premium Security,https://support.mozilla.org/questions/1514158,,,,,,,proto:smtp;proto:pop,av:bitdefender,2,true,0.12,False,
1514161,2025-05-28T11:36:00.253961Z,2025-05-28,nl,customization,thunderbird;customization;,hroosing,Mail ontvangst wordt niet gemeld in Andriod telefoon,https://support.mozilla.org/questions/1514161,,,,,,,,,3,true,1.94,True,hroosing
1514162,2025-05-28T11:47:13.603254Z,2025-05-28,en-US,update,thunderbird;update;,j.selman.1234,new notice (ESR128toRelease),https://support.mozilla.org/questions/1514162,,,,,,,,,1,true,0.08,False,
1514163,2025-05-28T11:50:27.177191Z,2025-05-28,en-US,profiles,thunderbird;profiles;,Paul-Kemp,Profile networking/synching,https://support.mozilla.org/questions/1514163,,,,,,,,,2,true,3.76,False,
1514185,2025-05-28T14:10:08.618262Z,2025-05-28,en-US,customization,thunderbird;customization;,muh,"It would be very useful if I could list Inbox and Sent mail together, without including any other folders.",https://support.mozilla.org/questions/1514185,,,,,,,,,2,true,0.29,True,Yu5tiqX9og
1514193,2025-05-28T14:33:09.434964Z,2025-05-28,en-US,update,thunderbird;update;,b4schwerin,Version of Thunderbird (ESR128toRelease),https://support.mozilla.org/questions/1514193,,,,,,,,,3,true,0.96,True,nathan.farb
1514194,2025-05-28T14:34:07.261700Z,2025-05-28,en-US,update,thunderbird;update;,schiek,Kubuntu/snap: Thunderbird moved after update / profile and mails gone,https://support.mozilla.org/questions/1514194,os:linux,,,,,,proto:imap,,0,false,,False,
1514195,2025-05-28T14:48:15.928326Z,2025-05-28,en-US,customization,thunderbird;customization;,splakhotin,Folder's name are incorrect.,https://support.mozilla.org/questions/1514195,,,,,,,,,0,false,,False,
1514197,2025-05-28T14:49:19.342226Z,2025-05-28,es,tags,thunderbird;needsinfo;tags;,impresion,Compartir etiquetas de colores con mis compañeros,https://support.mozilla.org/questions/1514197,,,,,,,,,1,true,59.19,False,
1514199,2025-05-28T15:15:41.151297Z,2025-05-28,en-US,send-and-receive-email,thunderbird;send-and-receive-email;,BuckHunter,Thunderbird help (ESR128toRelease),https://support.mozilla.org/questions/1514199,,,,,,,proto:pop,,1,true,0.16,False,
1514200,2025-05-28T15:16:12.189939Z,2025-05-28,en-US,profiles,thunderbird;profiles;,UselessDetails,"Just switched to Release, as requested, but it shows none of my accounts... (ESR128toRelease)",https://support.mozilla.org/questions/1514200,os:macos,,,,,,,,3,true,0.21,False,
1514203,2025-05-28T15:21:52.185274Z,2025-05-28,en-US,encryption,thunderbird;encryption;,rmmm428,"wrong domain name, or certificate.",https://support.mozilla.org/questions/1514203,,,,,,,,,0,false,,False,
1514205,2025-05-28T15:32:11.940347Z,2025-05-28,en-US,send-and-receive-email,thunderbird;send-and-receive-email;,suealo78,Emails.,https://support.mozilla.org/questions/1514205,,,,,,,,,1,true,10.8,False,
1514207,2025-05-28T15:37:17.233186Z,2025-05-28,en-US,junk-mail-and-spam,thunderbird;junk-mail-and-spam;,nikita.danilovich2409,Thunderbird,https://support.mozilla.org/questions/1514207,,,,,,,,,1,true,28.73,False,
1514214,2025-05-28T15:57:19.090339Z,2025-05-28,en-US,install,thunderbird;install;,llundgren,Help: Thuderbird Disappeared from my computer,https://support.mozilla.org/questions/1514214,,,,,,,,,0,false,,False,
1514215,2025-05-28T16:14:35.945895Z,2025-05-28,en-US,contacts,thunderbird;contacts;,gary57,Synchronizing with iCloud CardDAV addressbook dies after two days.,https://support.mozilla.org/questions/1514215,,,,,,,proto:carddav,,1,false,,False,
1514216,2025-05-28T16:19:58.392302Z,2025-05-28,nl,contacts,thunderbird;contacts;,geert.willemse,Google contacten syncroniseren niet meer,https://support.mozilla.org/questions/1514216,,,,,,,,,2,true,49.15,True,geert.willemse
1514222,2025-05-28T16:44:55.208818Z,2025-05-28,en-US,junk-mail-and-spam,thunderbird;email-and-messaging;junk-mail-and-spam;,gggdds1,"Error message ""ould not be compacted because writing to folder failed"" when trying to compact...",https://support.mozilla.org/questions/1514222,,,,,,,,,2,true,8.86,False,
1514223,2025-05-28T16:46:31.284886Z,2025-05-28,en-US,send-and-receive-email,thunderbird;send-and-receive-email;,erkilst,"trace ""send message error"" message",https://support.mozilla.org/questions/1514223,os:windows,,,,,,,,4,true,9.07,False,
1514224,2025-05-28T16:47:01.614450Z,2025-05-28,en-US,update,thunderbird;update;,eperless,Does the new Thunderbird Release wirk ok on the Mac running 15.5?,https://support.mozilla.org/questions/1514224,,,,,,,,,3,true,0.66,False,
1514225,2025-05-28T16:47:44.853046Z,2025-05-28,en-US,undefined,thunderbird;undefined;,wells2001,What are the improvement with the new Thunderbird?,https://support.mozilla.org/questions/1514225,,,,,,,,,1,true,0.54,False,
1514226,2025-05-28T16:55:13.515717Z,2025-05-28,en-US,send-and-receive-email,thunderbird;connectivity;send-and-receive-email;,jds4u,I STILL NEED HELP - HOW TO GET HELP FROM TB SUPPORT,https://support.mozilla.org/questions/1514226,,,,,m:gmail;m:microsoftemail,,,,1,true,3.82,False,
1514228,2025-05-28T17:04:06.768111Z,2025-05-28,en-US,calendar,thunderbird;calendar;,johnp3670,thunderbird calendar,https://support.mozilla.org/questions/1514228,,,,,,,,,0,false,,False,
1514229,2025-05-28T17:04:29.821449Z,2025-05-28,en-US,email-and-messaging,thunderbird;email-and-messaging;,bales1972,Linux mint 128.10.2esr (64-bit) Thunderbird email  Thunderbird for Linux Mintmint-001 - 1.0,https://support.mozilla.org/questions/1514229,os:linux,,,,,,,,0,false,,False,
1514234,2025-05-28T17:25:37.818546Z,2025-05-28,en-US,contacts,thunderbird;contacts;,JamesJ,Gmail POP Account Doesn't Seem to be Syncing With Address Book,https://support.mozilla.org/questions/1514234,,,,,m:gmail,,proto:imap;proto:pop,,0,false,,False,
1514240,2025-05-28T17:53:13.128145Z,2025-05-28,en-US,send-and-receive-email,thunderbird;send-and-receive-email;,rlringling,i cannot recieve emails,https://support.mozilla.org/questions/1514240,,,,,,,,,1,true,14.89,False,
1514241,2025-05-28T17:53:26.347212Z,2025-05-28,en-US,customization,thunderbird;customization;,BigSky_1,"""File... Edit... Help... About"" header has disappeared after updating to 139 (ESR128toRelease)",https://support.mozilla.org/questions/1514241,,,,,,,,,4,true,1.0,True,MattAuSupport
1514245,2025-05-28T18:20:47.230423Z,2025-05-28,en-US,update,thunderbird;update;,bmarcuis,using thunderbird (ESR128toRelease),https://support.mozilla.org/questions/1514245,,,,,,,,,1,true,7.41,False,
1514246,2025-05-28T18:21:29.097373Z,2025-05-28,en-US,update,thunderbird;update;,evonleue,"Why ""Release"" version? (ESR128toRelease)",https://support.mozilla.org/questions/1514246,,,,,,,,,1,true,5.99,False,
1514248,2025-05-28T18:24:05.105789Z,2025-05-28,en-US,passwords-and-sign-in,thunderbird;passwords-and-sign-in;,blackarachknight93,Unable to login at server,https://support.mozilla.org/questions/1514248,,,,,,,,,7,true,6.24,True,Sunvee
1514252,2025-05-28T18:47:09.209354Z,2025-05-28,en-US,send-and-receive-email,thunderbird;send-and-receive-email;,GCunningham1,can not open thunderbird emails,https://support.mozilla.org/questions/1514252,,,,,,,,,1,true,7.49,False,
1514259,2025-05-28T20:06:00.752903Z,2025-05-28,en-US,send-and-receive-email,thunderbird;send-and-receive-email;,GCunningham1,can not access my thunderbird emails,https://support.mozilla.org/questions/1514259,,,,,,,,,3,true,0.59,False,
1514271,2025-05-28T21:10:52.479277Z,2025-05-28,en-US,send-and-receive-email,thunderbird;send-and-receive-email;,GCunningham1,accessing thunderbird emails,https://support.mozilla.org/questions/1514271,,,,,,,,,1,true,5.07,False,
1514279,2025-05-28T22:14:02.173301Z,2025-05-28,en-US,import-and-export-settings,thunderbird;import-and-export-settings;,lukevhinternetmail,Unable to transfer data from Version 128 to 139,https://support.mozilla.org/questions/1514279,,,,,,,,,21,true,10.4,True,christ1
1514289,2025-05-28T23:28:38.626519Z,2025-05-28,en-US,customization,thunderbird;customization;,mwrr,"After deleting and adding back five email accounts on Thunderbird, their presentatin is now different",https://support.mozilla.org/questions/1514289,,,,,,,,,3,true,0.51,True,mozilla98
1514294,2025-05-28T23:40:39.088773Z,2025-05-28,en-US,reset-passwords,thunderbird;reset-passwords;,rharder122,Passwords,https://support.mozilla.org/questions/1514294,os:windows,,,,,,,,1,true,8.74,False,
1514303,2025-05-29T01:43:25.607005Z,2025-05-29,en-US,send-and-receive-email,thunderbird;send-and-receive-email;,s.geer,"Latest Thunderbird Update 139.0 (20250522211142) Dated May 27, 2025 has stopped updating AT&T email (bug1978361)",https://support.mozilla.org/questions/1514303,,,,,m:yahooemail,isp:att,proto:imap,,1,true,0.82,False,
1514318,2025-05-29T03:33:56.511523Z,2025-05-29,en-US,customization,thunderbird;customization;,queenmab100,Change the time zone in Thunderbird,https://support.mozilla.org/questions/1514318,,,,,,,,,1,false,,False,
1514320,2025-05-29T04:20:00.123380Z,2025-05-29,en-US,junk-mail-and-spam,thunderbird;junk-mail-and-spam;,genevieve.mef,Certain emails going directly to deleted box and it's driving me crazy,https://support.mozilla.org/questions/1514320,,,,,,,,,0,false,,False,
1514339,2025-05-29T06:51:45.006984Z,2025-05-29,en-US,extensions,thunderbird;extensions;,reftest20211126,Thunderbird139.0でQuick Textのアドオンが使用できなくなった,https://support.mozilla.org/questions/1514339,,,,,,,,,5,true,1.31,False,
1514346,2025-05-29T08:41:43.954859Z,2025-05-29,en-US,autofill,thunderbird;autofill;,Akominatus,Thunderbird has suddenly stopped autofilling outgoing addresses,https://support.mozilla.org/questions/1514346,os:macos,,,,,,,,0,false,,False,
1514349,2025-05-29T09:09:23.707656Z,2025-05-29,en-US,attachments,thunderbird;attachments;,rsba15836,how do i get attachment files off email,https://support.mozilla.org/questions/1514349,,,,,,,,,1,true,7.83,False,
1514350,2025-05-29T09:29:36.588720Z,2025-05-29,en-US,send-and-receive-email,thunderbird;send-and-receive-email;,saleem4,New Message,https://support.mozilla.org/questions/1514350,,,,,,,,,2,true,4.87,False,
1514353,2025-05-29T09:46:59.154849Z,2025-05-29,en-US,search,thunderbird;search;,richard24,Thunderbird search results,https://support.mozilla.org/questions/1514353,,,,,,,,,2,true,8.3,False,
1514362,2025-05-29T11:46:44.179864Z,2025-05-29,en-US,junk-mail-and-spam,thunderbird;junk-mail-and-spam;,jsondgeroth,i amm getting hundreds of radom emails how to stop it spam blocjer appers not to do it,https://support.mozilla.org/questions/1514362,,,,,,,,,1,true,8.62,False,
1514364,2025-05-29T11:51:18.665056Z,2025-05-29,it,customization,thunderbird;customization;,paciniumberto,FIRMA NEI MESSAGGI INOLTRATI,https://support.mozilla.org/questions/1514364,os:windows,,,,,,,,1,false,,True,paciniumberto
1514367,2025-05-29T12:00:00.302048Z,2025-05-29,tr,send-and-receive-email,thunderbird;send-and-receive-email;,tmpyaman,pop / imap,https://support.mozilla.org/questions/1514367,,,,,,,proto:imap;proto:pop,,1,true,0.62,False,
1514368,2025-05-29T12:03:59.158347Z,2025-05-29,en-US,customization,thunderbird;customization;,littlebigman,[SOLVED] [139.0/Windows] Inbox layout changed: How to to fix?,https://support.mozilla.org/questions/1514368,,,,,,,,,2,true,3.93,True,Toad-Hall
1514372,2025-05-29T12:27:46.437655Z,2025-05-29,es,connectivity,thunderbird;connectivity;,miguellanchares,Thunderbird by POP doesn´t syn with Microsoft server,https://support.mozilla.org/questions/1514372,,,,,m:microsoftemail,,proto:pop,,1,false,,True,miguellanchares
1514376,2025-05-29T12:55:27.348618Z,2025-05-29,en-US,extensions,thunderbird;extensions;,liliangqi0206,雷鸟邮箱最小化插件,https://support.mozilla.org/questions/1514376,,,,,,,,,0,false,,False,
1514377,2025-05-29T12:56:08.874648Z,2025-05-29,en-US,account-management,thunderbird;account-management;,modestdecency,Repeat requests to signin on googleapis via TB after deleting account from TB,https://support.mozilla.org/questions/1514377,,,,,m:gmail,,,,3,true,5.78,False,
1514378,2025-05-29T13:10:17.346063Z,2025-05-29,it,send-and-receive-email,thunderbird;send-and-receive-email;,il.computer223,Rimuovere invia dopo e inserire invia subito,https://support.mozilla.org/questions/1514378,,,,,,,,,1,true,18.82,False,
1514379,2025-05-29T13:16:38.687379Z,2025-05-29,en-US,import-and-export-settings,thunderbird;import-and-export-settings;,rharder122,Thunderbird reinstall after new install of Windows 11,https://support.mozilla.org/questions/1514379,os:windows,,,,,,,,2,true,5.4,False,
1514382,2025-05-29T13:42:24.490851Z,2025-05-29,en-US,contacts,thunderbird;contacts;,2peterr,Thunderbird address completion in compose after importing outlook address book.,https://support.mozilla.org/questions/1514382,,,,,m:microsoftemail,,,,3,true,75.54,False,
1514388,2025-05-29T13:53:30.603338Z,2025-05-29,en-US,customization,thunderbird;customization;,cemekepirketou,Setting of the thread shift smaller?,https://support.mozilla.org/questions/1514388,,,,,,,,,3,true,1.87,False,
1514396,2025-05-29T14:28:11.090408Z,2025-05-29,en-US,send-and-receive-email,thunderbird;send-and-receive-email;,pyaksic,emails not coming thru,https://support.mozilla.org/questions/1514396,,,,,,,,,1,true,73.98,False,
1514400,2025-05-29T14:34:48.268783Z,2025-05-29,en-US,send-and-receive-email,thunderbird;send-and-receive-email;,algalanty,"Can receive, not send AT&T (yahoo) email.",https://support.mozilla.org/questions/1514400,,,,,m:gmail;m:yahooemail,isp:att,proto:smtp,,0,false,,False,
1514402,2025-05-29T15:05:32.824746Z,2025-05-29,en-US,send-and-receive-email,thunderbird;send-and-receive-email;,coyotelk,No delivery notification message,https://support.mozilla.org/questions/1514402,,,,,,,,,1,true,1.41,False,
1514403,2025-05-29T15:06:35.407958Z,2025-05-29,en-US,send-and-receive-email,thunderbird;send-and-receive-email;,bl-dn10,"Get ""account is processing"" message",https://support.mozilla.org/questions/1514403,,,,,,isp:comcast,,,0,false,,False,
1514404,2025-05-29T15:10:20.805566Z,2025-05-29,en-US,profiles,thunderbird;profiles;,cynn,email backup and restore for closed email accounts,https://support.mozilla.org/questions/1514404,,,,,,,proto:imap,,1,true,1.2,False,
1514408,2025-05-29T15:30:27.226909Z,2025-05-29,en-US,send-and-receive-email,thunderbird;send-and-receive-email;,itsupport17,POP3 Connection to MS365,https://support.mozilla.org/questions/1514408,,,,,m:microsoftemail,,proto:pop,,1,true,0.95,False,
1514412,2025-05-29T16:05:48.973780Z,2025-05-29,en-US,events,thunderbird;events;,luna8,Errors when creating a calendar event discard your work,https://support.mozilla.org/questions/1514412,,,,,,,proto:caldav,,0,false,,False,
1514413,2025-05-29T16:14:31.216650Z,2025-05-29,en-US,profiles,thunderbird;profiles;,dan7miller,need help in consolidating profiles,https://support.mozilla.org/questions/1514413,,,,,,,,,13,true,0.56,False,
1514417,2025-05-29T16:35:26.071252Z,2025-05-29,en-US,import-and-export-settings,thunderbird;import-and-export-settings;,lheidenberg3910,Copying email filtersfrom one computer to another,https://support.mozilla.org/questions/1514417,,,,,,,,,13,true,1.17,True,lheidenberg3910
1514424,2025-05-29T17:19:59.633347Z,2025-05-29,es,send-and-receive-email,thunderbird;send-and-receive-email;,martinezymontero,error con outlook.office365.com,https://support.mozilla.org/questions/1514424,,,,,m:microsoftemail,,,,1,true,32.63,False,
1514427,2025-05-29T17:37:33.111575Z,2025-05-29,en-US,customization,thunderbird;customization;,DonK,Expand Message Pane,https://support.mozilla.org/questions/1514427,,,,,,,,,3,true,0.9,True,davidsk
1514429,2025-05-29T17:51:31.560170Z,2025-05-29,en-US,customization,thunderbird;customization;,David88888,Thunderbird,https://support.mozilla.org/questions/1514429,os:windows,,,,,,,,1,true,8.71,False,
1514440,2025-05-29T18:43:00.576729Z,2025-05-29,en-US,account-management,thunderbird;account-management;,susan_nett,thunderbird help - do I need to move MSN based accounts?,https://support.mozilla.org/questions/1514440,,,,,m:microsoftemail,,,,3,true,7.69,True,wsmwk
1514442,2025-05-29T19:09:01.230893Z,2025-05-29,en-US,send-and-receive-email,thunderbird;send-and-receive-email;,oskar.hanborg,fetching emails from google seems to repeat/get stuck,https://support.mozilla.org/questions/1514442,os:windows,,,,,,,,2,true,9.06,False,
1514443,2025-05-29T19:12:18.848662Z,2025-05-29,en-US,update,thunderbird;update;,gwj2002,How do I upgrade to the latest V139 release.,https://support.mozilla.org/questions/1514443,os:windows,,,,,,,,1,true,0.31,False,
1514445,2025-05-29T19:22:16.656745Z,2025-05-29,fi,attachments,thunderbird;attachments;,JMKataja,Tiedoston käsittelyvirhe,https://support.mozilla.org/questions/1514445,,,,,,,,,0,false,,False,
1514448,2025-05-29T19:29:31.784196Z,2025-05-29,en-US,import-and-export-email,thunderbird;import-and-export-email;,diyhouse,Lost folders after re-install (snap),https://support.mozilla.org/questions/1514448,os:linux,,,,,,,,17,true,8.67,False,
1514456,2025-05-29T20:09:29.461803Z,2025-05-29,en-US,update,thunderbird;update;,steve421,Every Update I Have To Replace The Task Bar Icon For Thunderbird.,https://support.mozilla.org/questions/1514456,,,,,,,,,2,true,8.33,False,
1514459,2025-05-29T20:17:29.202992Z,2025-05-29,en-US,connectivity,thunderbird;connectivity;,csBlackburn,Thunderbird Times Out Trying To Access Yahoo Email,https://support.mozilla.org/questions/1514459,os:windows,,,,m:gmail;m:yahooemail,isp:frontier,proto:smtp,,3,true,53.81,True,MattAuSupport
1514461,2025-05-29T20:40:20.479780Z,2025-05-29,en-US,profiles,thunderbird;profiles;,laurence4,Unable to restore a Thunderbird backup,https://support.mozilla.org/questions/1514461,,,,,,,,,1,true,0.13,False,
1514464,2025-05-29T20:45:50.568999Z,2025-05-29,en-US,send-and-receive-email,thunderbird;send-and-receive-email;,tweaver100,I am not receiving emails a <redacted>@paradigmintl.com,https://support.mozilla.org/questions/1514464,,,,,,,,,0,false,,False,
1514473,2025-05-29T21:32:44.400680Z,2025-05-29,en-US,performance-and-connectivity,thunderbird;performance-and-connectivity;crashing-and-slow-performance;,judah9583,Migration of emails very slow and timed out often,https://support.mozilla.org/questions/1514473,,,,,,,,,1,true,5.13,False,
1514481,2025-05-29T22:30:32.438044Z,2025-05-29,en-US,attachments,thunderbird;attachments;,Bryan1,'Open with' option not available for attachments; this problem continues - further details here,https://support.mozilla.org/questions/1514481,,,,,,,,,1,true,65.13,False,
1514482,2025-05-29T22:35:01.227891Z,2025-05-29,en-US,send-and-receive-email,thunderbird;send-and-receive-email;,randy.g.herrera,"What does this error msg mean?  ""The specified object was not found in the store....""",https://support.mozilla.org/questions/1514482,,,,,,,,,3,true,4.43,True,randy.g.herrera
1514486,2025-05-29T22:43:05.932834Z,2025-05-29,en-US,crashing-and-slow-performance,thunderbird;crashing-and-slow-performance;app-crash;,PeterOR,Hyperlinks in Emails Not Working,https://support.mozilla.org/questions/1514486,os:windows,,,,,,,,1,true,5.72,False,
1514490,2025-05-29T23:59:20.642370Z,2025-05-29,en-US,send-and-receive-email,thunderbird;send-and-receive-email;,mikeheilman.01,Thunderbird email not retrieving new mail,https://support.mozilla.org/questions/1514490,,,,,m:microsoftemail,,,,0,false,,False,
1514491,2025-05-30T00:00:24.116980Z,2025-05-30,en-US,send-and-receive-email,thunderbird;send-and-receive-email;,kkorand,Outgoing Email Problem,https://support.mozilla.org/questions/1514491,,,,,,,,,1,true,16.75,False,
1514492,2025-05-30T00:00:32.733990Z,2025-05-30,en-US,send-and-receive-email,thunderbird;send-and-receive-email;,mjs.nail,i cannot receive my emails on my email account,https://support.mozilla.org/questions/1514492,,,,,,,,,1,true,4.41,False,
1514499,2025-05-30T00:57:06.299112Z,2025-05-30,en-US,send-and-receive-email,thunderbird;send-and-receive-email;,johnwood132,Sending emails,https://support.mozilla.org/questions/1514499,,,,,,,,,1,true,3.45,False,
1514504,2025-05-30T01:52:09.934673Z,2025-05-30,en-US,email-and-messaging,thunderbird;email-and-messaging;,johnvanepps0312,Messages deleted/missing after compacting,https://support.mozilla.org/questions/1514504,os:linux,,,,,,,,1,true,1.23,False,
1514509,2025-05-30T02:36:03.159515Z,2025-05-30,en-US,update,thunderbird;update;,incredibill,"upgrade to Thunderbird Release failed to ""port"" two of five email accounts",https://support.mozilla.org/questions/1514509,,,,,,,,,9,true,0.38,False,
1514511,2025-05-30T02:41:01.833799Z,2025-05-30,en-US,attachments,thunderbird;attachments;,fredman11,Download attachment filenames,https://support.mozilla.org/questions/1514511,os:windows,,,,m:yahooemail,,,,1,true,1.66,False,
1514512,2025-05-30T02:42:28.918578Z,2025-05-30,en-US,customization,thunderbird;customization;,modemjunkie,Text runs off right edge of screen when I compose,https://support.mozilla.org/questions/1514512,,,,,,,,,2,true,85.54,False,
1514513,2025-05-30T03:09:34.142704Z,2025-05-30,en-US,connectivity,thunderbird;connectivity;send-and-receive-email;,arhaggard,Cannot Retreive Outlook Email,https://support.mozilla.org/questions/1514513,,,,,m:microsoftemail,,,,3,true,35.96,False,
1514516,2025-05-30T03:50:23.688416Z,2025-05-30,en-US,customization,thunderbird;customization;,experience.engine,combined inbox inThunderbird,https://support.mozilla.org/questions/1514516,,,,,,,,,2,true,0.46,False,
1514526,2025-05-30T04:49:04.045286Z,2025-05-30,en-US,app-crash,thunderbird;app-crash;,rrambrose,"On Start up Thunderbird locks up with ""Not responding"" if anything is selected",https://support.mozilla.org/questions/1514526,,,,,,,,,3,true,4.22,False,
1514527,2025-05-30T04:53:28.219183Z,2025-05-30,en-US,customization,thunderbird;customization;,rrambrose,How can I set Thunderbird to open on a specific email account?,https://support.mozilla.org/questions/1514527,,,,,m:gmail,,,,2,true,11.53,False,
1514541,2025-05-30T07:14:58.983079Z,2025-05-30,en-US,passwords-and-sign-in,thunderbird;passwords-and-sign-in;,juergen65,Can't setup OAuth gmail account,https://support.mozilla.org/questions/1514541,,,,,m:gmail,,proto:imap;proto:oauth,,1,false,,True,juergen65
1514544,2025-05-30T07:44:37.717986Z,2025-05-30,en-US,import-and-export-settings,thunderbird;import-and-export-settings;,mattpicc1,TRANSFER THUNDERBIRD TO REPLACEMENT PC,https://support.mozilla.org/questions/1514544,os:windows,,,,,,,,1,true,23.84,False,
1514545,2025-05-30T08:07:25.170192Z,2025-05-30,en-US,account-management,thunderbird;account-management;,nazargabir,Urgent: Unable to Add Email Account ([nazar@xzrt.net](mailto:nazar@xzrt.net)) to Thunderbird,https://support.mozilla.org/questions/1514545,,,,,,,,,1,true,0.78,False,
1514548,2025-05-30T08:37:42.417941Z,2025-05-30,it,send-and-receive-email,thunderbird;send-and-receive-email;,avvmarcomassara,account in cui chiede continuamente password e non scarica pec,https://support.mozilla.org/questions/1514548,,,,,,,,,6,true,30.77,True,avvmarcomassara
1514556,2025-05-30T09:12:59.883880Z,2025-05-30,nl,profiles,thunderbird;profiles;,wolkefit,Thunderbird profiel,https://support.mozilla.org/questions/1514556,,,,,,,,,1,true,8.0,False,
1514557,2025-05-30T09:13:37.332430Z,2025-05-30,it,send-and-receive-email,thunderbird;needsinfo;send-and-receive-email;,rag.nicola.degennaro,malfunzionamento mail,https://support.mozilla.org/questions/1514557,,,,,,,,,1,true,5.01,False,
1514565,2025-05-30T09:49:12.089191Z,2025-05-30,hu,events,thunderbird;events;,balintlaszlomeister,Naptár emlékeztető/értesítő ablak megjelenítése,https://support.mozilla.org/questions/1514565,,,,,,,,,0,false,,False,
1514570,2025-05-30T10:49:53.798219Z,2025-05-30,en-US,account-management,thunderbird;account-management;,hkgmbh,Cancel the accounts,https://support.mozilla.org/questions/1514570,,,,,,,,,1,true,17.75,False,
1514572,2025-05-30T10:58:14.582925Z,2025-05-30,en-US,customization,thunderbird;customization;,danielebalit1,Thunderbird 139: Reply composer uses black text on black background with dark theme,https://support.mozilla.org/questions/1514572,,,,,,,,,2,true,28.78,False,
1514584,2025-05-30T12:26:42.519973Z,2025-05-30,en-US,import-and-export-settings,thunderbird;import-and-export-settings;,nospam17,Import user profile from portable installation into a desktop installation,https://support.mozilla.org/questions/1514584,,,,,,,,,2,true,19.09,False,
1514590,2025-05-30T13:04:09.094413Z,2025-05-30,en-US,customization,thunderbird;needsinfo;customization;,Joe35,Thunderbird blocking local image file inclusion in signature,https://support.mozilla.org/questions/1514590,os:linux,,,,,,,,3,true,15.47,False,
1514599,2025-05-30T13:44:53.153535Z,2025-05-30,tr,send-and-receive-email,thunderbird;connectivity;send-and-receive-email;,goksunsonmez,Gönderdiğim mail gönderilen kutusuna kaydolmuyor,https://support.mozilla.org/questions/1514599,,,,,,,,,1,true,0.43,False,
1514600,2025-05-30T13:56:22.227654Z,2025-05-30,en-US,installation-and-updates,thunderbird;installation-and-updates;,lotharkrepke,"Running TB 128, error says Running Older Version of TB...",https://support.mozilla.org/questions/1514600,os:windows,,,,,,,,3,true,1.26,False,
1514606,2025-05-30T14:39:22.942964Z,2025-05-30,it,junk-mail-and-spam,thunderbird;junk-mail-and-spam;,mario90,posta indesiderata,https://support.mozilla.org/questions/1514606,,,,,,,,,3,true,0.19,False,
1514616,2025-05-30T15:44:51.251157Z,2025-05-30,it,extensions,thunderbird;needsinfo;extensions;,albertopompa57,traduttore per tunderbird,https://support.mozilla.org/questions/1514616,,,,,,,,,1,true,0.32,False,
1514623,2025-05-30T16:05:58.734331Z,2025-05-30,en-US,send-and-receive-email,thunderbird;send-and-receive-email;,chris_delao,Cannot send emails,https://support.mozilla.org/questions/1514623,,,,,,,proto:smtp,,1,true,1.98,False,
1514625,2025-05-30T16:12:51.399178Z,2025-05-30,en-US,tags,thunderbird;tags;,dmshaull,Tags disappeared after folder Repair,https://support.mozilla.org/questions/1514625,,,,,,,proto:imap,,4,true,1.82,False,
1514630,2025-05-30T16:53:10.008924Z,2025-05-30,en-US,app-crash,thunderbird;account-management;app-crash;,rhimb0h,How to generate (create?) a bugzilla API key so I can report a Thunderbird crash?,https://support.mozilla.org/questions/1514630,,,,,,,,,4,true,8.89,True,wsmwk
1514640,2025-05-30T18:02:13.684135Z,2025-05-30,en-US,connectivity,thunderbird;connectivity;send-and-receive-email;,rharder122,Reinstalling Thunderbird,https://support.mozilla.org/questions/1514640,os:windows,,,,,,,,2,true,0.61,False,
1514641,2025-05-30T18:04:18.198957Z,2025-05-30,en-US,send-and-receive-email,thunderbird;send-and-receive-email;,iracambi,connect to gmail,https://support.mozilla.org/questions/1514641,,,,,m:gmail,,proto:pop,,0,false,,False,
1514643,2025-05-30T18:07:20.597198Z,2025-05-30,en-US,search,thunderbird;search;,james.orr,Locating a message identified in cache2/entities,https://support.mozilla.org/questions/1514643,,,,,,,,,3,true,10.31,False,
1514644,2025-05-30T18:19:45.761705Z,2025-05-30,en-US,security,thunderbird;security;,jgberson,Update failure - SEC_ERROR_OCSP_FUTURE_RESPONSE,https://support.mozilla.org/questions/1514644,,,,,,isp:rogers,,,3,true,7.37,True,christ1
1514650,2025-05-30T18:54:41.313722Z,2025-05-30,en-US,customization,thunderbird;customization;,YetAnotherFrigginUsername,Collected folders not working after migration from Hosting.com (HostMySite)  to Hostway,https://support.mozilla.org/questions/1514650,,,,,,,,,0,false,,False,
1514653,2025-05-30T19:10:16.858580Z,2025-05-30,en-US,contacts,thunderbird;contacts;,Godfreyp,How do I export just my address book.,https://support.mozilla.org/questions/1514653,os:windows,,,,,,,,0,false,,False,
1514655,2025-05-30T19:24:50.177295Z,2025-05-30,en-US,search,thunderbird;email-and-messaging;search;,waitstate,sorting emails,https://support.mozilla.org/questions/1514655,,,,,,,,,2,true,2.74,True,waitstate
1514667,2025-05-30T20:29:06.242117Z,2025-05-30,en-US,send-and-receive-email,thunderbird;send-and-receive-email;,lacewing,cannot see my email messages,https://support.mozilla.org/questions/1514667,,,,,,,,,1,true,22.42,False,
1514668,2025-05-30T20:31:38.004560Z,2025-05-30,en-US,customization,thunderbird;customization;,andy_from_ireland,Thunderbird has just updated and changed my message pane!,https://support.mozilla.org/questions/1514668,,,,,,,,,1,true,30.39,False,
1514700,2025-05-31T01:25:27.046258Z,2025-05-31,en-US,customization,thunderbird;customization;,blkalish,Thunderbird not saving all Recent Destinations,https://support.mozilla.org/questions/1514700,,,,,,,,,7,true,3.28,False,
1514710,2025-05-31T04:12:21.032850Z,2025-05-31,en-US,connectivity,thunderbird;connectivity;,mattchar,Secure connection failed,https://support.mozilla.org/questions/1514710,,,,,,,,,1,true,22.7,False,
1514711,2025-05-31T04:19:57.770017Z,2025-05-31,it,junk-mail-and-spam,thunderbird;junk-mail-and-spam;,omaha1944,Non riceve messaggi...,https://support.mozilla.org/questions/1514711,,,,,,,,,3,true,1.85,True,omaha1944
1514725,2025-05-31T07:56:49.153412Z,2025-05-31,es,send-and-receive-email,thunderbird;send-and-receive-email;,alfonsolor,No me entran los correos nuevos,https://support.mozilla.org/questions/1514725,os:linux,,,,m:gmail,,proto:oauth,,1,true,62.86,False,
1514728,2025-05-31T08:46:07.451001Z,2025-05-31,en-US,email-and-messaging,thunderbird;email-and-messaging;,Rehtael,Windows Thunderbird 139.0 (64-bit): Embed Link fails with advanced options (bug1969767),https://support.mozilla.org/questions/1514728,,,,,,,,,2,true,8.61,False,
1514730,2025-05-31T08:58:54.544092Z,2025-05-31,en-US,send-and-receive-email,thunderbird;send-and-receive-email;,williemail46,Unopened email indicator,https://support.mozilla.org/questions/1514730,,,,,m:yahooemail,,,,1,true,6.94,False,
1514738,2025-05-31T10:32:18.608292Z,2025-05-31,en-US,install,thunderbird;install;,wpr372,Thunderbird Portable,https://support.mozilla.org/questions/1514738,,,,,,,,,1,true,0.28,False,
1514743,2025-05-31T11:44:05.172921Z,2025-05-31,en-US,install,thunderbird;install;,lizbalfour01,Downloading Thunderbird,https://support.mozilla.org/questions/1514743,,,,,,,,,2,true,2.58,False,
1514745,2025-05-31T11:57:45.584228Z,2025-05-31,nl,security,thunderbird;security;,freddieb,Security,https://support.mozilla.org/questions/1514745,,,,,,,,,1,true,44.7,False,
1514748,2025-05-31T12:45:12.077684Z,2025-05-31,en-US,send-and-receive-email,thunderbird;send-and-receive-email;,najes,Obsługa konta @outlook.com,https://support.mozilla.org/questions/1514748,,,,,m:microsoftemail,,,,3,true,2.44,False,
1514751,2025-05-31T13:15:18.869005Z,2025-05-31,en-US,profiles,thunderbird;profiles;,rharder122,Reinstalling Thunderbird,https://support.mozilla.org/questions/1514751,os:windows,,,,,,,,1,true,0.95,False,
1514764,2025-05-31T14:21:30.460547Z,2025-05-31,it,extensions,thunderbird;extensions;,giorgio22,Gufo rinnovare,https://support.mozilla.org/questions/1514764,,,,,,,,,1,true,0.34,False,
1514771,2025-05-31T15:58:33.417908Z,2025-05-31,en-US,app-crash,thunderbird;app-crash;,Juergenbuessow,Warum stürzt Thunderbird bei mir immer ab?,https://support.mozilla.org/questions/1514771,,,,,,,,,1,true,1.45,False,
1514772,2025-05-31T16:03:23.082044Z,2025-05-31,en-US,events,thunderbird;events;,madsmh,Address lookup for calandar events?,https://support.mozilla.org/questions/1514772,,,,,,,,,1,true,10.77,True,MattAuSupport
1514773,2025-05-31T16:11:13.006277Z,2025-05-31,it,send-and-receive-email,thunderbird;needsinfo;send-and-receive-email;,daniele.danelli,impostazione casella di posta certificata aruba,https://support.mozilla.org/questions/1514773,,,,,,,proto:imap,,1,true,1.07,False,
1514777,2025-05-31T16:19:54.936025Z,2025-05-31,en-US,email-and-messaging,thunderbird;email-and-messaging;,annie.blanc.alquier,tous mes mails ont été effacés (2 comptes : annie.blanc.alquier@gmail.com ET annie.blanc.alquier@free.fr,https://support.mozilla.org/questions/1514777,,,,,m:gmail,,,,1,true,2.53,False,
1514780,2025-05-31T16:43:04.349651Z,2025-05-31,en-US,extensions,thunderbird;extensions;,diegodad,Messages disappeared from all folders,https://support.mozilla.org/questions/1514780,os:windows,,,,,,,,7,true,1.42,True,Mapenzi
1514782,2025-05-31T16:49:03.985168Z,2025-05-31,en-US,encryption,thunderbird;encryption;,blugene,Thunderbird Can't Receive Mail with Connection Security set to SSL/TLS,https://support.mozilla.org/questions/1514782,,,,,m:gmail;m:microsoftemail,isp:spectrum,,,9,true,9.38,True,blugene
1514789,2025-05-31T17:40:06.167078Z,2025-05-31,en-US,calendar,thunderbird;calendar;,joe80,Calendar Notififcation Window stays open even if empty,https://support.mozilla.org/questions/1514789,os:windows,,,,,,,,0,false,,False,
1514798,2025-05-31T18:39:52.285845Z,2025-05-31,en-US,send-and-receive-email,thunderbird;send-and-receive-email;,tpalmer1,I cannot send email it says my certificate needs to be updated,https://support.mozilla.org/questions/1514798,,,,,,,,,1,true,8.22,False,
1514809,2025-05-31T20:06:02.202791Z,2025-05-31,en-US,send-and-receive-email,thunderbird;send-and-receive-email;,michael.dittert,es kommen keine mails an,https://support.mozilla.org/questions/1514809,,,,,,,,,0,false,,False,
1514817,2025-05-31T21:18:52.351419Z,2025-05-31,en-US,app-crash,thunderbird;app-crash;,chesochamp,Thunderbird not responding,https://support.mozilla.org/questions/1514817,os:windows,,,,,,,,2,true,5.55,False,
1514820,2025-05-31T21:34:41.690636Z,2025-05-31,en-US,update,thunderbird;update;,schinkentoast,Thunderbird Flatpak remains on ESR instead of Release Channel (ESR128toRelease),https://support.mozilla.org/questions/1514820,os:linux,,,,,,,,1,true,15.38,False,
1514821,2025-05-31T21:41:08.810764Z,2025-05-31,en-US,send-and-receive-email,thunderbird;send-and-receive-email;,prward,Lost mesages,https://support.mozilla.org/questions/1514821,,,,,,,,,1,true,5.09,False,
1514822,2025-05-31T21:47:25.879683Z,2025-05-31,en-US,send-and-receive-email,thunderbird;send-and-receive-email;,thorsak,Incoming messages without any error have started collected in wrong Inbox-Folder (Trash),https://support.mozilla.org/questions/1514822,,,,,,,,,7,true,4.88,False,
