id,created,created_date,locale,topic,tags,creator,title,question_url,os,os_raw,macos_release,tb_version,tb_version_major,mail_provider,protocol,av,num_answers,is_answered,first_answer_hours,is_solved,solved_by
1551692,2025-12-01T00:40:55.668264Z,2025-12-01,en-US,email-and-messaging,thunderbird;email-and-messaging;,tucker2,Creating new folders,https://support.mozilla.org/questions/1551692,,,,,,,,,1,true,26.42,False,
1551715,2025-12-01T04:01:45.086930Z,2025-12-01,en-US,connectivity,thunderbird;connectivity;,305dds,"frustrating pair: Microsoft (Win11, Outlook) & TB…..uugh",https://support.mozilla.org/questions/1551715,os:windows,,,,,m:gmail;m:microsoftemail,,,1,true,8.89,False,
1551717,2025-12-01T04:31:34.946528Z,2025-12-01,en-US,app-crash,thunderbird;app-crash;,phlcpa,Locked out of Thunderbird,https://support.mozilla.org/questions/1551717,,,,,,,,,1,true,7.64,False,
1551737,2025-12-01T07:42:55.145654Z,2025-12-01,en-US,events,thunderbird;events;,wesleyhe3939,calendar issue,https://support.mozilla.org/questions/1551737,,,,,,,,,0,false,,False,
1551750,2025-12-01T09:41:59.323211Z,2025-12-01,nl,security,thunderbird;security;,pvh.head,Wachtwoord op Thinderbird werkt niet goed,https://support.mozilla.org/questions/1551750,,,,,,,,,1,true,1.16,False,
1551751,2025-12-01T09:42:19.061971Z,2025-12-01,it,reset-passwords,thunderbird;reset-passwords;,fabrizio.pasi.2662,Impossibilitato ad entrare nell' account di posta Thunderbird,https://support.mozilla.org/questions/1551751,,,,,,,,,1,true,0.09,False,
1551754,2025-12-01T09:59:15.870516Z,2025-12-01,nl,import-and-export-email,thunderbird;import-and-export-email;,mlvc9999,How to recover local folders after unistall Thunderbird,https://support.mozilla.org/questions/1551754,,,,,,,,,0,false,,False,
1551755,2025-12-01T09:59:58.585262Z,2025-12-01,en-US,undefined,thunderbird;undefined;,SafeTex,Donation refused,https://support.mozilla.org/questions/1551755,,,,,,,,,3,true,1.99,False,
1551756,2025-12-01T10:07:17.394718Z,2025-12-01,en-US,passwords-and-sign-in,thunderbird;passwords-and-sign-in;,nopaythanx,Unable to enter password/verification code in Microsoft OAuth2 login popup (Thunderbird 128 ESR & Firefox 115 ESR),https://support.mozilla.org/questions/1551756,os:windows,,,,,m:microsoftemail,proto:oauth,,0,false,,False,
1551758,2025-12-01T10:31:37.578675Z,2025-12-01,en-US,send-and-receive-email,thunderbird;send-and-receive-email;,j.vicentenunez,"En Thunderbird, en mis cuentas de correo se descargan los correos recibido en mi bandeja de entrada pero no me permite a",https://support.mozilla.org/questions/1551758,,,,,,,,,0,false,,False,
1551760,2025-12-01T10:37:38.377661Z,2025-12-01,en-US,contacts,thunderbird;contacts;,TonyPayneUK,What is abook.v2.sqlite?,https://support.mozilla.org/questions/1551760,,,,,,,,,2,true,1.51,True,davidsk
1551763,2025-12-01T10:43:04.921120Z,2025-12-01,en-US,connectivity,thunderbird;connectivity;,happyinoban,error message,https://support.mozilla.org/questions/1551763,,,,,,,,,2,true,2.01,False,
1551765,2025-12-01T11:23:04.055803Z,2025-12-01,es,import-and-export-email,thunderbird;import-and-export-email;,davidurendes,recover messages from a deleted account,https://support.mozilla.org/questions/1551765,,,,,,,,,3,true,62.77,True,davidurendes
1551766,2025-12-01T11:27:03.571605Z,2025-12-01,en-US,send-and-receive-email,thunderbird;send-and-receive-email;,aljohn43,emails in & out have stopped - need help to find out why.,https://support.mozilla.org/questions/1551766,,,,,,,,,1,true,9.73,False,
1551767,2025-12-01T11:33:24.105585Z,2025-12-01,en-US,events,thunderbird;events;,jens91,Calendar invite not sent to ALL participants,https://support.mozilla.org/questions/1551767,os:linux,,,,,,,,1,false,,False,
1551777,2025-12-01T13:29:47.616396Z,2025-12-01,en-US,customization,thunderbird;customization;,alangjones,Email printing,https://support.mozilla.org/questions/1551777,,,,,,,,,0,false,,False,
1551778,2025-12-01T13:33:47.644338Z,2025-12-01,en-US,update,thunderbird;update;,tjsilver,Thunderbird taskbar icon opens donation web page not application!,https://support.mozilla.org/questions/1551778,,,,,,,,,0,false,,False,
1551779,2025-12-01T13:38:14.104802Z,2025-12-01,en-US,send-and-receive-email,thunderbird;send-and-receive-email;,CharlesHB75,Remove User Agent information: Thunderbird,https://support.mozilla.org/questions/1551779,os:windows,,,,,,,,5,true,1.67,True,CharlesHB75
1551786,2025-12-01T14:16:05.774522Z,2025-12-01,en-US,import-and-export-email,thunderbird;import-and-export-email;,sabata2,Thunderbird,https://support.mozilla.org/questions/1551786,,,,,,m:microsoftemail,,,28,true,0.54,True,sabata2
1551791,2025-12-01T14:24:41.062156Z,2025-12-01,en-US,import-and-export-settings,thunderbird;import-and-export-settings;,ce_mozilla,TB locks erratically: now unusable.  How to rebuild?,https://support.mozilla.org/questions/1551791,os:linux,,,,,,,,3,true,12.66,False,
1551795,2025-12-01T14:51:09.413735Z,2025-12-01,en-US,customization,thunderbird;customization;,rogerjarvis1,Writing a new message,https://support.mozilla.org/questions/1551795,,,,,,,,,12,true,0.41,False,
1551799,2025-12-01T15:15:30.001369Z,2025-12-01,en-US,passwords-and-sign-in,thunderbird;passwords-and-sign-in;,customclassic,signing in on my new windows laptop,https://support.mozilla.org/questions/1551799,os:windows,,,,,,,,1,true,5.89,False,
1551806,2025-12-01T15:39:33.852970Z,2025-12-01,en-US,account-management,thunderbird;account-management;,tbobek,Unfamiliar email on my Thunderbird account and unable to SEND Outgoing emails.  Have been working with Hughes.Net,https://support.mozilla.org/questions/1551806,,,,,,,,,1,true,1.17,False,
1551815,2025-12-01T16:15:12.282224Z,2025-12-01,en-US,send-and-receive-email,thunderbird;send-and-receive-email;,tbobek,Unfamiliar email account in which I can see their inbox on my Thunderbird email account.  Unable to SEND OUTGOING emails,https://support.mozilla.org/questions/1551815,,,,,,,,,1,true,0.57,False,
1551816,2025-12-01T16:27:27.086629Z,2025-12-01,en-US,email-and-messaging,thunderbird;email-and-messaging;,jl11,Deleted Messages Not Going To Trash,https://support.mozilla.org/questions/1551816,,,,,,,,,1,false,,False,
1551819,2025-12-01T16:50:58.938184Z,2025-12-01,en-US,import-and-export-email,thunderbird;import-and-export-email;,clgaun,Xfinity to Thunderbird do I need to change email address?,https://support.mozilla.org/questions/1551819,,,,,,m:microsoftemail;m:comcast,,,1,true,1.09,False,
1551823,2025-12-01T17:13:05.772709Z,2025-12-01,en-US,import-and-export-email,thunderbird;import-and-export-email;,bostein67,Moving Thunderbird to a new computer after export function is no longer possible on the old computer,https://support.mozilla.org/questions/1551823,os:windows,,,,,,,,17,true,0.11,False,
1551827,2025-12-01T17:53:23.732742Z,2025-12-01,nl,update,thunderbird;update;,be_pipo,thunderbird release is opeens beta,https://support.mozilla.org/questions/1551827,,,,,,,,,3,true,37.73,True,markh2
1551831,2025-12-01T18:20:19.967310Z,2025-12-01,en-US,send-and-receive-email,thunderbird;send-and-receive-email;,peter.goldberger,outgoing mail not sending,https://support.mozilla.org/questions/1551831,,,,,,m:yahooemail;m:verizon,proto:smtp,,1,false,,True,peter.goldberger
1551835,2025-12-01T18:41:37.367121Z,2025-12-01,en-US,installation-and-updates,thunderbird;installation-and-updates;,tucker2,synce,https://support.mozilla.org/questions/1551835,,,,,,,,,1,true,0.92,False,
1551836,2025-12-01T18:43:57.638147Z,2025-12-01,en-US,send-and-receive-email,thunderbird;send-and-receive-email;,cowabunga.surf,Suddenly Cannot send any Emails,https://support.mozilla.org/questions/1551836,,,,,,m:yahooemail,proto:smtp,,1,true,0.84,False,
1551840,2025-12-01T18:56:37.598663Z,2025-12-01,it,calendar,thunderbird;calendar;,barbara.borelli,Calendar Invitation,https://support.mozilla.org/questions/1551840,,,,,,,,,1,true,19.66,False,
1551843,2025-12-01T19:08:11.318598Z,2025-12-01,en-US,accounts,thunderbird;accounts;,dominiqueanseaume,comment récupérer mon compte Thunderbird ?,https://support.mozilla.org/questions/1551843,,,,,,,,,2,true,1.48,False,
1551851,2025-12-01T19:48:12.319707Z,2025-12-01,en-US,import-and-export-email,thunderbird;import-and-export-email;,joan541,emails on thunderbird,https://support.mozilla.org/questions/1551851,os:linux,,,,,,,,3,true,19.41,False,
1551852,2025-12-01T19:50:41.589979Z,2025-12-01,nl,email-and-messaging,thunderbird;email-and-messaging;,bb.s01,De submappen van postvak in zijn verdwenen,https://support.mozilla.org/questions/1551852,,,,,,,,,0,false,,False,
1551854,2025-12-01T19:59:03.382004Z,2025-12-01,en-US,customization,thunderbird;customization;,adele7,Disordered subfolder files,https://support.mozilla.org/questions/1551854,os:macos,,macos:sequoia,,,,,,8,true,12.52,False,
1551857,2025-12-01T20:24:16.152658Z,2025-12-01,en-US,account-management,thunderbird;account-management;,clintoconner2,How to change default email address in TB,https://support.mozilla.org/questions/1551857,,,,,,,,,6,true,0.71,True,davidsk
1551859,2025-12-01T20:37:52.952407Z,2025-12-01,en-US,send-and-receive-email,thunderbird;send-and-receive-email;,tmluedeke,Thunderbird is not working with mitchells new version. I am getting a MAPI.Send() returned -2147467259. How do you corre,https://support.mozilla.org/questions/1551859,,,,,,,,,0,false,,False,
1551866,2025-12-01T21:05:49.219479Z,2025-12-01,en-US,customization,windows-7;thunderbird;customization;firefox-1150;,pgoltz,alt tag display too small,https://support.mozilla.org/questions/1551866,os:windows,Windows 7,,,,,,,0,false,,False,
1551872,2025-12-01T21:38:03.548062Z,2025-12-01,en-US,app-crash,thunderbird;app-crash;,rbli63,Ctrl+K or Insert Link hangs editor window,https://support.mozilla.org/questions/1551872,os:windows,,,,,,,,2,false,,True,rbli63
1551873,2025-12-01T21:48:31.784988Z,2025-12-01,en-US,send-and-receive-email,thunderbird;send-and-receive-email;,sangustia,Unable to receive emails but can send successfully.,https://support.mozilla.org/questions/1551873,os:macos,,macos:sonoma,,,,,,1,true,21.57,False,
1551878,2025-12-01T22:13:06.840285Z,2025-12-01,en-US,connectivity,thunderbird;connectivity;,BILLCQ,Nord VPN and Thunderbird,https://support.mozilla.org/questions/1551878,,,,,,m:gmail;m:spectrum,,,3,true,1.55,False,
1551882,2025-12-01T22:44:39.536393Z,2025-12-01,en-US,connectivity,thunderbird;connectivity;,ddoxwang,Won't connect to Host Server.,https://support.mozilla.org/questions/1551882,,,,,,,,,1,true,16.44,False,
1551889,2025-12-01T23:21:43.430354Z,2025-12-01,en-US,import-and-export-email,thunderbird;import-and-export-email;,mrpaulclarke1956,Transfer of Thunderbird emails to a Chromebook,https://support.mozilla.org/questions/1551889,os:linux,,,,,,,,1,true,15.7,False,
1551904,2025-12-02T01:14:38.002213Z,2025-12-02,en-US,passwords-and-sign-in,thunderbird;passwords-and-sign-in;,letti001,Unable to Send on ComuServe Account. Starting today.,https://support.mozilla.org/questions/1551904,,,,,,m:yahooemail,proto:smtp;proto:oauth,,5,true,72.04,False,
1551905,2025-12-02T01:14:58.601354Z,2025-12-02,en-US,encryption,thunderbird;encryption;,yrrab1530,Certificate error,https://support.mozilla.org/questions/1551905,,,,,,,proto:smtp,,2,true,107.13,False,
1551907,2025-12-02T01:23:16.413931Z,2025-12-02,en-US,account-management,thunderbird;account-management;,nwdhpmwrwr,No Pawword Requested during account setup,https://support.mozilla.org/questions/1551907,,,,,,,,,2,true,1.65,True,nwdhpmwrwr
1551950,2025-12-02T06:42:21.172519Z,2025-12-02,en-US,send-and-receive-email,thunderbird;send-and-receive-email;,douglasmhanning,Trouble downloading emails from my  service provider web mail,https://support.mozilla.org/questions/1551950,,,,,,,,,1,true,8.0,False,
1551961,2025-12-02T07:48:00.365538Z,2025-12-02,es,send-and-receive-email,thunderbird;needsinfo;send-and-receive-email;,pedidosalisupermercado,no funciona el correo,https://support.mozilla.org/questions/1551961,,,,,,,,,1,true,42.33,False,
1551962,2025-12-02T07:49:40.369494Z,2025-12-02,en-US,events,thunderbird;events;,stefano.costa,Private events by default,https://support.mozilla.org/questions/1551962,,,,,,,,,0,false,,False,
1551963,2025-12-02T07:52:10.593388Z,2025-12-02,en-US,import-and-export-settings,thunderbird;import-and-export-settings;,arghvark,Moving Thunderbird from Windows 10 to Ubuntu,https://support.mozilla.org/questions/1551963,os:linux,,,,,m:fastmail,proto:imap;proto:pop,,2,true,4.09,False,
1551964,2025-12-02T07:54:54.044890Z,2025-12-02,en-US,profiles,thunderbird;profiles;,arghvark,Moving Thunderbird from Windows 10 to Ubuntu,https://support.mozilla.org/questions/1551964,os:linux,,,,,m:fastmail,proto:imap;proto:pop,,3,true,4.0,True,davidsk
1551968,2025-12-02T09:04:47.897617Z,2025-12-02,en-US,encryption,thunderbird;encryption;,cs-mail,Possible certificate / MITM issue with iCloud contacts in Thunderbird (p123-contacts.icloud.com),https://support.mozilla.org/questions/1551968,,,,,,m:icloud,proto:carddav,,1,true,98.67,False,
1551969,2025-12-02T09:08:50.558895Z,2025-12-02,en-US,email-and-messaging,thunderbird;needsinfo;email-and-messaging;,2Beeornot,Emails disappeared - folders empty,https://support.mozilla.org/questions/1551969,,,,,,m:gmail,proto:pop,,2,true,125.01,True,MattAuSupport
1551983,2025-12-02T11:47:12.889775Z,2025-12-02,en-US,crashing-and-slow-performance,thunderbird;crashing-and-slow-performance;,austwide,I am impressed,https://support.mozilla.org/questions/1551983,,,,,,,,,1,true,95.7,False,
1551998,2025-12-02T14:46:33.152846Z,2025-12-02,it,account-management,thunderbird;account-management;,ANGELAM.PROVENZALE,Vorrei leggere con Thunderbird i messaggi di posta,https://support.mozilla.org/questions/1551998,,,,,,,,,1,true,0.56,False,
1552017,2025-12-02T16:00:12.234485Z,2025-12-02,it,attachments,thunderbird;attachments;,avv.luksch,In impostazioni non c'è più la scelta di aprire un file con gosign desktop,https://support.mozilla.org/questions/1552017,,,,,,,,,1,true,48.08,False,
1552020,2025-12-02T16:05:26.811860Z,2025-12-02,en-US,email-and-messaging,thunderbird;email-and-messaging;,code5,organize email accounts,https://support.mozilla.org/questions/1552020,,,,,,,,,1,true,0.69,False,
1552021,2025-12-02T16:06:54.830649Z,2025-12-02,en-US,send-and-receive-email,thunderbird;send-and-receive-email;,macconinc,Error sending message,https://support.mozilla.org/questions/1552021,,,,,,m:microsoftemail;m:yahooemail,proto:smtp,,1,true,117.96,False,
1552024,2025-12-02T16:20:15.342696Z,2025-12-02,en-US,search,thunderbird;search;,rdq,Search Folders Contain Duplicates of the First Message,https://support.mozilla.org/questions/1552024,os:windows,,,,,,,,0,false,,False,
1552031,2025-12-02T16:47:45.581014Z,2025-12-02,en-US,customization,thunderbird;customization;,john.hogben50,Mail merge oprion no longer in Tools menu,https://support.mozilla.org/questions/1552031,,,,,,,,,1,true,0.83,True,davidsk
1552033,2025-12-02T16:55:29.782052Z,2025-12-02,it,attachments,thunderbird;attachments;,avv.luksch,iN IMPOSTAZIONI NON C'E' PIU' LA POSSIBILITA DI APRIRE FILE CON GOSIGN DESKTOP,https://support.mozilla.org/questions/1552033,,,,,,,,,1,true,47.17,False,
1552037,2025-12-02T17:10:25.225598Z,2025-12-02,en-US,send-and-receive-email,thunderbird;send-and-receive-email;,davidroh.cr,Thunderbird is deleting emails,https://support.mozilla.org/questions/1552037,,,,,,,,,1,true,0.51,False,
1552038,2025-12-02T17:11:48.324009Z,2025-12-02,en-US,send-and-receive-email,thunderbird;send-and-receive-email;,Joederrick,Delete emails shortcut,https://support.mozilla.org/questions/1552038,,,,,,,,,1,true,1.09,False,
1552039,2025-12-02T17:21:10.635588Z,2025-12-02,en-US,email-and-messaging,thunderbird;email-and-messaging;,gerryeol,emails sent file,https://support.mozilla.org/questions/1552039,,,,,,,,,5,true,0.92,False,
1552042,2025-12-02T17:37:39.575010Z,2025-12-02,en-US,send-and-receive-email,thunderbird;send-and-receive-email;,letsgorv,Email screen,https://support.mozilla.org/questions/1552042,,,,,,,,,1,true,0.67,True,davidsk
1552057,2025-12-02T18:31:33.099974Z,2025-12-02,en-US,send-and-receive-email,thunderbird;send-and-receive-email;,La_Sombra,Thunderbird corrupted a URL and an e-mail address within invitation in a message,https://support.mozilla.org/questions/1552057,,,,,,m:gmail,,,0,false,,False,
1552068,2025-12-02T19:26:56.081205Z,2025-12-02,en-US,passwords-and-sign-in,thunderbird;passwords-and-sign-in;,danrab,password,https://support.mozilla.org/questions/1552068,,,,,,m:yahooemail,,,2,true,0.26,False,
1552070,2025-12-02T19:35:56.904581Z,2025-12-02,en-US,reset-passwords,thunderbird;reset-passwords;,jblaurie,Password,https://support.mozilla.org/questions/1552070,,,,,,,,,4,true,0.09,False,
1552071,2025-12-02T19:36:26.048010Z,2025-12-02,en-US,reset-passwords,thunderbird;reset-passwords;,manuela.1966,passwort vegessen,https://support.mozilla.org/questions/1552071,,,,,,,,,1,true,0.12,False,
1552081,2025-12-02T20:25:55.578726Z,2025-12-02,en-US,email-and-messaging,thunderbird;email-and-messaging;,paul710,TB 145 - Cannot add Godaddy Exchange Account with personal domain,https://support.mozilla.org/questions/1552081,,,,,,m:microsoftemail,,,23,true,19.42,False,
1552089,2025-12-02T21:30:47.562477Z,2025-12-02,en-US,customization,thunderbird;customization;,smfabac,Unexpected issue: Tabs closing automatically on v115,https://support.mozilla.org/questions/1552089,,,,,,,,,1,true,25.52,False,
1552095,2025-12-02T22:11:08.766122Z,2025-12-02,en-US,junk-mail-and-spam,thunderbird;junk-mail-and-spam;,zonfam1,Emailing from my laptop to cell phone.,https://support.mozilla.org/questions/1552095,,,,,,,,,1,true,111.79,False,
1552109,2025-12-03T00:08:57.198507Z,2025-12-03,en-US,passwords-and-sign-in,thunderbird;passwords-and-sign-in;,helen.whitcombe,thunderbird,https://support.mozilla.org/questions/1552109,,,,,,m:gmail,,,1,true,1.88,False,
1552110,2025-12-03T00:21:54.280132Z,2025-12-03,en-US,send-and-receive-email,thunderbird;send-and-receive-email;,,"In Thunderbird, mapping Outlook folders to GMail folders",https://support.mozilla.org/questions/1552110,,,,,,m:gmail;m:microsoftemail,,,3,true,16.86,False,
1552130,2025-12-03T03:49:49.182917Z,2025-12-03,en-US,reset-passwords,thunderbird;reset-passwords;,phlcpa,Forgotten password,https://support.mozilla.org/questions/1552130,,,,,,m:microsoftemail,,,2,true,3.57,False,
1552132,2025-12-03T04:29:55.892114Z,2025-12-03,it,app-crash,thunderbird;app-crash;,arch.stefano.barbieri,Thunderbird crasha quando provo ad aggiungere il primo profilo,https://support.mozilla.org/questions/1552132,,,,,,,,,6,true,5.26,True,arch.stefano.barbieri
1552143,2025-12-03T06:05:31.204873Z,2025-12-03,en-US,import-and-export-email,thunderbird;import-and-export-email;,chbls,New laptop,https://support.mozilla.org/questions/1552143,,,,,,,,,2,true,1.29,False,
1552150,2025-12-03T07:04:43.500759Z,2025-12-03,en-US,account-management,thunderbird;account-management;,BruceRatcliffe,I keep getting a notification,https://support.mozilla.org/questions/1552150,,,,,,m:att,,,2,true,5.28,False,
1552154,2025-12-03T08:11:07.551610Z,2025-12-03,en-US,junk-mail-and-spam,thunderbird;junk-mail-and-spam;,maryrthom,deleting email entry,https://support.mozilla.org/questions/1552154,,,,,,,,,1,true,3.69,False,
1552160,2025-12-03T10:23:07.615353Z,2025-12-03,en-US,junk-mail-and-spam,thunderbird;junk-mail-and-spam;,bordeauxrouge,JUNK Trust junk mail headers set by,https://support.mozilla.org/questions/1552160,,,,,,,,,5,true,1.41,True,bordeauxrouge
1552161,2025-12-03T10:38:05.897918Z,2025-12-03,en-US,crashing-and-slow-performance,thunderbird;crashing-and-slow-performance;,hennysavenije91,unified toolbar is unresponsive and not accessible,https://support.mozilla.org/questions/1552161,os:windows,,,,,,,,3,true,8.76,True,hennysavenije91
1552163,2025-12-03T11:04:18.092396Z,2025-12-03,en-US,instant-messaging,thunderbird;instant-messaging;,mados,Problems with cross-verification on matrix in Thunderbird,https://support.mozilla.org/questions/1552163,os:linux,,,,,,,,0,false,,False,
1552166,2025-12-03T11:09:59.136005Z,2025-12-03,en-US,junk-mail-and-spam,thunderbird;junk-mail-and-spam;,gfinley,How to get Thunderbird in Macbook to Junk new email same or similar to email already marked as Junk,https://support.mozilla.org/questions/1552166,,,,,,,,,3,true,2.01,False,
1552167,2025-12-03T11:23:17.237001Z,2025-12-03,en-US,app-crash,thunderbird;app-crash;,sbuehne,Printing is no longer working in 140.4.0esr (64-Bit),https://support.mozilla.org/questions/1552167,os:linux,,,,,,,,6,true,7.97,False,
1552171,2025-12-03T11:36:12.711443Z,2025-12-03,en-US,import-and-export-email,thunderbird;import-and-export-email;,muraoko,Outlookからインポートしたメッセージの文字化け,https://support.mozilla.org/questions/1552171,,,,,,m:microsoftemail,,,2,true,1.39,True,Yu5tiqX9og
1552172,2025-12-03T11:38:47.562997Z,2025-12-03,it,extensions,thunderbird;extensions;,grg0401,INOLTRO AUTOMATICO MAIL AD ALTRO INDIRIZZO,https://support.mozilla.org/questions/1552172,,,,,,,,,3,true,0.77,False,
1552178,2025-12-03T12:01:40.688107Z,2025-12-03,en-US,email-and-messaging,thunderbird;email-and-messaging;,gudrun.zebhauser,Win11/Thunderbird 140.5.0esr(64Bit),https://support.mozilla.org/questions/1552178,os:windows,,,,,,,,3,true,1.8,False,
1552186,2025-12-03T12:52:56.222053Z,2025-12-03,en-US,send-and-receive-email,thunderbird;send-and-receive-email;,linford.s,Email filter on local folders not working.,https://support.mozilla.org/questions/1552186,,,,,,,,,5,true,0.17,True,sfhowes
1552189,2025-12-03T12:59:47.173727Z,2025-12-03,pt-BR,undefined,thunderbird;undefined;,hirata.knife,Doação,https://support.mozilla.org/questions/1552189,,,,,,,,,0,false,,False,
1552194,2025-12-03T13:21:31.537839Z,2025-12-03,en-US,email-and-messaging,thunderbird;email-and-messaging;,rob.veldman,bij geen van mijn vijf mail-accounts willen de mappen openen,https://support.mozilla.org/questions/1552194,,,,,,,,,0,false,,False,
1552196,2025-12-03T13:43:55.182527Z,2025-12-03,en-US,send-and-receive-email,thunderbird;send-and-receive-email;,lesvigneronsdetaradeau,Mail envoyés vide,https://support.mozilla.org/questions/1552196,,,,,,,,,1,true,2.75,True,Mapenzi
1552200,2025-12-03T13:52:39.173285Z,2025-12-03,en-US,undefined,thunderbird;undefined;,rdenney1,"I *do* want to donate to Thunderbird, and Firefox .. BUT ...",https://support.mozilla.org/questions/1552200,,,,,,,,,4,true,0.33,True,mozilla98
1552201,2025-12-03T13:53:59.829759Z,2025-12-03,en-US,junk-mail-and-spam,thunderbird;junk-mail-and-spam;,jsshaughnesy,Reporting spam,https://support.mozilla.org/questions/1552201,,,,,,,,,1,true,0.25,False,
1552204,2025-12-03T14:04:52.185268Z,2025-12-03,en-US,calendar,thunderbird;calendar;,Buckaroo,Reminders are now dismissed - automatically?,https://support.mozilla.org/questions/1552204,,,,,,,,,0,false,,False,
1552205,2025-12-03T14:15:34.026934Z,2025-12-03,en-US,email-and-messaging,thunderbird;email-and-messaging;,info9504,What do the files Inbox-1 thru 10 and nstmp and Inbox.msf-1.compact 1.back-up 1 thru 10 mean? Can I delete them to free ,https://support.mozilla.org/questions/1552205,,,,,,,,,1,true,3.02,False,
1552211,2025-12-03T14:44:37.240625Z,2025-12-03,en-US,contacts,thunderbird;contacts;,bobs3,adding new contacts,https://support.mozilla.org/questions/1552211,os:windows,,,,,,,,2,true,28.78,False,
1552224,2025-12-03T15:40:05.170052Z,2025-12-03,en-US,crashing-and-slow-performance,thunderbird;crashing-and-slow-performance;,alain.peri16,"Long, long to start with gmail account",https://support.mozilla.org/questions/1552224,,,,,,m:gmail,,,3,true,656.29,False,
1552229,2025-12-03T15:53:55.206043Z,2025-12-03,en-US,installation-and-updates,thunderbird;installation-and-updates;,mbpilarski,Full ver.!?,https://support.mozilla.org/questions/1552229,,,,,,,,,1,true,6.29,False,
1552233,2025-12-03T15:59:33.091013Z,2025-12-03,en-US,install,thunderbird;install;,lutxo1261,how to install thunderbird on a network drive ?,https://support.mozilla.org/questions/1552233,,,,,,,,,1,true,16.7,False,
1552243,2025-12-03T16:33:01.825173Z,2025-12-03,en-US,junk-mail-and-spam,thunderbird;junk-mail-and-spam;,michaelspence1313,Valid Emails Being Sent to Spam Folder,https://support.mozilla.org/questions/1552243,,,,,,,,,1,true,2.61,False,
1552255,2025-12-03T17:09:52.787744Z,2025-12-03,en-US,languages,thunderbird;languages;,juan.acevedo,"RTL text anyone? Arabic, Hebrew, Farsi...",https://support.mozilla.org/questions/1552255,,,,,,,,,1,true,1.98,False,
1552262,2025-12-03T17:45:52.319116Z,2025-12-03,nl,email-and-messaging,thunderbird;email-and-messaging;,jeroen_berg,exchange email account ingesteld maar geeft alleen postvak in weer,https://support.mozilla.org/questions/1552262,,,,,,,,,3,true,14.78,False,
1552265,2025-12-03T17:52:30.532232Z,2025-12-03,en-US,send-and-receive-email,thunderbird;send-and-receive-email;,PeterBehuniak,Unable to send email,https://support.mozilla.org/questions/1552265,,,,,,,,,1,true,3.44,False,
1552271,2025-12-03T18:20:53.465000Z,2025-12-03,en-US,junk-mail-and-spam,thunderbird;junk-mail-and-spam;,almor1,Deleting all messages which are in the 'Deleted ' folder,https://support.mozilla.org/questions/1552271,,,,,,,,,4,true,0.3,True,mozilla98
1552274,2025-12-03T18:41:48.429874Z,2025-12-03,en-US,events,thunderbird;events;,rob.toby,New Thunderbird User (from Outlook for Mac) - Imported .eml email file and contacts - Calendar .ics file NOT working,https://support.mozilla.org/questions/1552274,,,,,,m:microsoftemail,,,0,false,,False,
1552277,2025-12-03T18:57:38.485151Z,2025-12-03,en-US,security,thunderbird;security;,ksmith29,Is this legitimate,https://support.mozilla.org/questions/1552277,,,,,,,,,2,true,2.38,False,
1552280,2025-12-03T19:41:44.306309Z,2025-12-03,en-US,customization,thunderbird;customization;,linda71,Threads,https://support.mozilla.org/questions/1552280,,,,,,,,,6,true,1.6,True,mozilla98
1552281,2025-12-03T19:43:09.780716Z,2025-12-03,en-US,import-and-export-email,thunderbird;import-and-export-email;,,Moving emails from GMail folders to Outlook Folders,https://support.mozilla.org/questions/1552281,,,,,,m:gmail;m:microsoftemail,,,5,true,1.49,True,wsmwk
1552284,2025-12-03T20:04:47.855251Z,2025-12-03,es,install,thunderbird;install;,rejdiez,Tengo windows 11 PRO 64 y cuando quiero instalar Thunder version 145 me dice que requiere windows 10 o superior,https://support.mozilla.org/questions/1552284,os:windows,,,,,,,,6,true,6.03,False,
1552287,2025-12-03T20:27:35.193885Z,2025-12-03,en-US,crashing-and-slow-performance,thunderbird;crashing-and-slow-performance;,jim435,Thunderbird 128.12.0,https://support.mozilla.org/questions/1552287,os:linux,,,,,,,,2,true,0.82,True,davidsk
1552291,2025-12-03T20:46:51.221126Z,2025-12-03,pt-BR,languages,thunderbird;languages;,fabiojrveronese,NOME DAS PASTAS PADRAO ESTAO FICANDO EM INGLES APOS VERSAO 140,https://support.mozilla.org/questions/1552291,,,,,,m:att,proto:imap,,0,false,,False,
1552295,2025-12-03T20:53:15.505203Z,2025-12-03,en-US,customization,thunderbird;customization;,gregmoehl,Customized menu bar disappeared.,https://support.mozilla.org/questions/1552295,,,,,,,,,3,true,20.75,False,
1552304,2025-12-03T21:20:26.271100Z,2025-12-03,en-US,reset-passwords,thunderbird;reset-passwords;,0442TATERHEAD,"LOST OR STOLE E-MAIL ACCOUNT, WILL NOT EXCEPT MY PASSWORD???",https://support.mozilla.org/questions/1552304,,,,,,m:gmail,,,1,true,0.1,False,
1552310,2025-12-03T21:58:32.795695Z,2025-12-03,en-US,contacts,thunderbird;contacts;,michaelinparis03,Cannot edit some fields in my address book contact,https://support.mozilla.org/questions/1552310,,,,,,,,,0,false,,False,
1552313,2025-12-03T22:07:19.410804Z,2025-12-03,en-US,send-and-receive-email,thunderbird;send-and-receive-email;,m-troberts,"Sending email fails ""login to server failed"" after changing my password",https://support.mozilla.org/questions/1552313,,,,,,,,,1,true,45.4,False,
1552315,2025-12-03T22:32:09.464324Z,2025-12-03,en-US,installation-and-updates,thunderbird;installation-and-updates;,macy_chan,How can I lunch Thunderbird after initial installation on desk top,https://support.mozilla.org/questions/1552315,,,,,,,,,1,true,10.1,False,
1552318,2025-12-03T22:35:59.608434Z,2025-12-03,en-US,install,thunderbird;install;,macy_chan,how can I launch thunderbird after desktop installation>,https://support.mozilla.org/questions/1552318,,,,,,,,,2,true,0.89,False,
1552320,2025-12-03T22:42:10.082558Z,2025-12-03,en-US,account-management,thunderbird;account-management;,mbfas,for windows 7 64 bit....115.18.0 doesn't work incoming and copies and folders missing off server settings....what's the ,https://support.mozilla.org/questions/1552320,os:windows,,,,,m:att,proto:imap,,1,true,0.74,False,
1552322,2025-12-03T22:57:16.614755Z,2025-12-03,en-US,install,thunderbird;install;,macy_chan,How to launch thunderbird after desktop installation?,https://support.mozilla.org/questions/1552322,,,,,,,,,1,true,9.67,False,
1552324,2025-12-03T23:05:02.639921Z,2025-12-03,en-US,contacts,thunderbird;contacts;,mevans42,no file info for email address.,https://support.mozilla.org/questions/1552324,,,,,,,,,0,false,,False,
1552345,2025-12-04T02:03:36.044699Z,2025-12-04,en-US,customization,thunderbird;customization;,artjohnston,Stopping subthreads from being display in the message tab,https://support.mozilla.org/questions/1552345,,,,,,,,,2,true,17.29,True,Mapenzi
1552349,2025-12-04T02:49:13.069976Z,2025-12-04,en-US,send-and-receive-email,thunderbird;send-and-receive-email;,raymondrancourt,Thunderbird mail on Android phone,https://support.mozilla.org/questions/1552349,,,,,,,,,1,true,0.56,False,
1552350,2025-12-04T03:12:17.064884Z,2025-12-04,en-US,connectivity,thunderbird;connectivity;,sisukivi,printer,https://support.mozilla.org/questions/1552350,,,,,,,,,2,true,5.33,True,printertales
1552375,2025-12-04T07:14:58.248622Z,2025-12-04,en-US,events,thunderbird;events;,bswiss56,Why does TB145 shows all tasks at today instead of only today,https://support.mozilla.org/questions/1552375,,,,,,,,,0,false,,False,
1552402,2025-12-04T11:08:42.081927Z,2025-12-04,en-US,customization,thunderbird;customization;,judgement,Close to tray only when I click X (Thunderbird 145),https://support.mozilla.org/questions/1552402,,,,,,,,,2,true,2.69,True,Yu5tiqX9og
1552408,2025-12-04T11:53:51.463458Z,2025-12-04,en-US,profiles,thunderbird;profiles;,info636,Thunderbird unwanted switch  to Freedom,https://support.mozilla.org/questions/1552408,,,,,,,,,14,true,3.11,False,
1552411,2025-12-04T12:11:12.154102Z,2025-12-04,en-US,send-and-receive-email,thunderbird;send-and-receive-email;,mikehails,logon,https://support.mozilla.org/questions/1552411,,,,,,,,,1,true,6.05,False,
1552422,2025-12-04T13:00:11.105331Z,2025-12-04,en-US,passwords-and-sign-in,thunderbird;passwords-and-sign-in;,stamposter,login issue,https://support.mozilla.org/questions/1552422,,,,,,,,,1,true,5.22,False,
1552432,2025-12-04T13:36:34.805158Z,2025-12-04,it,send-and-receive-email,thunderbird;send-and-receive-email;,giulia5,Problema invio email,https://support.mozilla.org/questions/1552432,,,,,,,,,1,true,2.71,False,
1552435,2025-12-04T13:43:22.122323Z,2025-12-04,en-US,connectivity,thunderbird;connectivity;,cj_rupp,Outgoing email BT SMTP server Norton VPN,https://support.mozilla.org/questions/1552435,,,,,,m:btinternet,proto:smtp,av:norton,2,true,3.18,False,
1552436,2025-12-04T13:43:54.240897Z,2025-12-04,it,attachments,thunderbird;attachments;,avv.luksch,Impostazioni file allegati,https://support.mozilla.org/questions/1552436,,,,,,,,,1,true,2.34,False,
1552441,2025-12-04T14:10:20.716035Z,2025-12-04,en-US,customization,thunderbird;customization;,cozumel.chuck,Missing buttons,https://support.mozilla.org/questions/1552441,,,,,,,,,1,true,0.74,True,mozilla98
1552447,2025-12-04T14:31:50.376072Z,2025-12-04,en-US,customization,thunderbird;customization;,geoff60,Run Now button in Message Filters fails,https://support.mozilla.org/questions/1552447,os:linux,,,,,,proto:pop,,3,true,0.35,True,mozilla98
1552450,2025-12-04T14:39:58.805029Z,2025-12-04,en-US,customization,thunderbird;customization;,lsedels,Thunderbird Keeps Changing my Settings back each time I open it,https://support.mozilla.org/questions/1552450,os:windows,,,,,,,,6,true,1.04,False,
1552451,2025-12-04T14:44:33.445956Z,2025-12-04,nl,reset-passwords,thunderbird;reset-passwords;,leoenzusencp,Wachtwoord vergeten,https://support.mozilla.org/questions/1552451,,,,,,,,,1,false,,True,leoenzusencp
1552453,2025-12-04T15:06:11.061805Z,2025-12-04,en-US,email-and-messaging,thunderbird;email-and-messaging;,riccardo2807,Subfolders of mail folder not visible,https://support.mozilla.org/questions/1552453,os:windows,,,,,,,,0,false,,False,
1552457,2025-12-04T15:41:28.635151Z,2025-12-04,it,email-and-messaging,thunderbird;email-and-messaging;,fm5601,Installazione su Android,https://support.mozilla.org/questions/1552457,,,,,,,proto:imap,,1,true,1.39,False,
1552458,2025-12-04T15:44:04.592363Z,2025-12-04,cs,profiles,thunderbird;profiles;,ZdenekC,Thunderbird nenachází uloženou poštu,https://support.mozilla.org/questions/1552458,,,,,,,,,3,true,2.08,True,ZdenekC
1552467,2025-12-04T16:08:05.532218Z,2025-12-04,en-US,email-and-messaging,thunderbird;email-and-messaging;,samakijoe,Unable to send messages,https://support.mozilla.org/questions/1552467,,,,,,,,,1,true,3.65,False,
1552468,2025-12-04T16:18:11.945255Z,2025-12-04,en-US,account-management,thunderbird;account-management;,ali.3298553,connect yahoo mail to thunderbird,https://support.mozilla.org/questions/1552468,,,,,,m:yahooemail,,,19,true,0.56,False,
1552469,2025-12-04T16:21:01.786847Z,2025-12-04,it,send-and-receive-email,thunderbird;send-and-receive-email;,f.bravin,Thunderbird non invia mail,https://support.mozilla.org/questions/1552469,,,,,,,,,4,true,0.05,False,
1552472,2025-12-04T16:37:57.305539Z,2025-12-04,en-US,account-management,thunderbird;account-management;,rosenbaumstephen69,Thunderbird account on new windows 11 computer,https://support.mozilla.org/questions/1552472,os:windows,,,,,,,,1,true,0.11,False,
1552476,2025-12-04T16:52:24.669504Z,2025-12-04,en-US,customization,thunderbird;customization;,BPaul_H,Email List Columns Changing Widths on Thunderbird re-Opening,https://support.mozilla.org/questions/1552476,os:windows,,,,,,,,24,true,0.73,False,
1552477,2025-12-04T16:55:59.975092Z,2025-12-04,en-US,email-and-messaging,thunderbird;email-and-messaging;,soskic,"“Messages appear in both Inbox and Trash (IMAP, multiple users)”.",https://support.mozilla.org/questions/1552477,os:windows,,,,,,proto:imap,,0,false,,False,
1552478,2025-12-04T16:56:50.579824Z,2025-12-04,en-US,send-and-receive-email,thunderbird;send-and-receive-email;,jean-yvescourtel,"Je n'arrive plus à envoyer d'E mails, alors que je reçois bien.",https://support.mozilla.org/questions/1552478,,,,,,,,,2,true,0.69,False,
1552486,2025-12-04T17:41:15.372518Z,2025-12-04,en-US,connectivity,thunderbird;connectivity;,alexroc,Cannot connect email,https://support.mozilla.org/questions/1552486,,,,,,,,,1,true,18.4,False,
1552495,2025-12-04T18:19:37.533908Z,2025-12-04,en-US,install,thunderbird;install;,minusetopii,"Migrate from one mac to another, and thunderbird is broken",https://support.mozilla.org/questions/1552495,,,,,,,,,13,true,0.95,True,minusetopii
1552496,2025-12-04T18:28:29.700590Z,2025-12-04,en-US,email-and-messaging,thunderbird;email-and-messaging;,,"Emails just ""disappeared.""",https://support.mozilla.org/questions/1552496,,,,,,,,,7,true,25.03,False,
1552501,2025-12-04T19:11:03.991104Z,2025-12-04,it,send-and-receive-email,thunderbird;needsinfo;send-and-receive-email;,thomas424,"nella mia casella di posta thunderbird ha cancellato in automatico messaggi vecchi della posta arrivata, perchè?",https://support.mozilla.org/questions/1552501,,,,,,,,,1,true,15.39,False,
1552510,2025-12-04T19:50:30.184387Z,2025-12-04,en-US,app-crash,thunderbird;app-crash;,gregg.roszkowski,Thunderbird will not load after Windows update,https://support.mozilla.org/questions/1552510,,,,,,,,,5,true,12.82,True,siffemoz
1552523,2025-12-04T20:49:42.231897Z,2025-12-04,en-US,save-passwords,thunderbird;save-passwords;,rehawkpe,Thunderbird password I've used for years doesn't work,https://support.mozilla.org/questions/1552523,os:windows,,,,,,,,9,true,3.05,True,rehawkpe
1552528,2025-12-04T21:09:41.706829Z,2025-12-04,en-US,send-and-receive-email,thunderbird;send-and-receive-email;,sinner76rus,Configuring server settings for Yandex Mail,https://support.mozilla.org/questions/1552528,,,,,,m:yandex,proto:imap;proto:smtp,,0,false,,False,
1552530,2025-12-04T21:19:17.298388Z,2025-12-04,en-US,installation-and-updates,thunderbird;installation-and-updates;,arne11,error during installation of a gmail acount on thunderbird,https://support.mozilla.org/questions/1552530,,,,,,m:gmail,,,1,true,3.85,False,
1552555,2025-12-04T23:53:56.168404Z,2025-12-04,en-US,account-management,thunderbird;account-management;,traveler4370,Thunderbird:  adding google oauth account fails,https://support.mozilla.org/questions/1552555,,,,,,m:gmail,proto:oauth,,3,true,1.36,True,traveler4370
1552559,2025-12-05T00:36:45.514749Z,2025-12-05,en-US,import-and-export-email,thunderbird;import-and-export-email;,kmh2800,"Email client/host updated (my domain), now all my messages are gone - can I get them back?",https://support.mozilla.org/questions/1552559,,,,,,m:gmail,,,1,true,11.45,False,
1552562,2025-12-05T01:09:06.009297Z,2025-12-05,en-US,send-and-receive-email,thunderbird;send-and-receive-email;,2Beeornot,emails not visible,https://support.mozilla.org/questions/1552562,,,,,,m:gmail,proto:pop,,0,false,,False,
1552577,2025-12-05T03:56:33.299470Z,2025-12-05,en-US,customization,thunderbird;customization;,breanahenley,I want to use Thunderbird to access different fonts for my email.,https://support.mozilla.org/questions/1552577,,,,,,,,,3,true,6.23,False,
1552601,2025-12-05T06:43:29.373447Z,2025-12-05,en-US,update,thunderbird;update;,jibunnokage,"How in the world is Thunderbird 5 revisions behind in the flatpak repo, i.e. 140?  But current version is 145?",https://support.mozilla.org/questions/1552601,os:linux,,,,,,,,3,true,0.64,False,
1552619,2025-12-05T09:39:08.471754Z,2025-12-05,en-US,customization,thunderbird;customization;,d_112359,Disable Thunderbird privacy nag,https://support.mozilla.org/questions/1552619,,,,,,,,,4,true,0.75,True,d_112359
1552624,2025-12-05T09:50:23.320934Z,2025-12-05,nl,send-and-receive-email,thunderbird;send-and-receive-email;,vandenberghe.jo,geen mails ontvangen -,https://support.mozilla.org/questions/1552624,,,,,,,,,3,true,0.47,True,vandenberghe.jo
1552625,2025-12-05T10:00:56.444347Z,2025-12-05,cs,languages,thunderbird;languages;,pavel.skoupy,Thunderbird 145.0 pro Win nezobrazuje česká jména výchozích složek IMAP,https://support.mozilla.org/questions/1552625,,,,,,,proto:imap,,2,true,4.36,False,
1552637,2025-12-05T10:44:53.947134Z,2025-12-05,en-US,security,thunderbird;security;,aidoh,I can't fetch the certificate in my account settings,https://support.mozilla.org/questions/1552637,,,,,,,,,1,true,11.04,False,
1552642,2025-12-05T11:32:11.071075Z,2025-12-05,nl,account-management,thunderbird;account-management;,1970kapel,google e-mail account toevoegen bij Thunderbird lukt niet,https://support.mozilla.org/questions/1552642,,,,,,m:gmail,proto:imap,,1,false,,True,1970kapel
1552643,2025-12-05T11:34:57.692484Z,2025-12-05,en-US,send-and-receive-email,thunderbird;send-and-receive-email;,malcolm48,Previously deleted emails are returning to InBox and unable to delete them,https://support.mozilla.org/questions/1552643,os:windows,,,,,,proto:pop,,1,true,37.2,False,
1552645,2025-12-05T11:49:13.645610Z,2025-12-05,en-US,send-and-receive-email,thunderbird;windows-10;send-and-receive-email;firefox-1450;firefox-14502;,s.pariser,autoresponse,https://support.mozilla.org/questions/1552645,os:windows,Windows 10,,,,m:btinternet,,,3,true,0.57,False,
1552646,2025-12-05T12:08:12.266715Z,2025-12-05,en-US,attachments,thunderbird;attachments;,antoinek,Streamlined workflow for signing PDFs,https://support.mozilla.org/questions/1552646,,,,,,,,,0,false,,False,
1552647,2025-12-05T12:17:38.336305Z,2025-12-05,en-US,send-and-receive-email,thunderbird;send-and-receive-email;,imalcher1998,"No one can ""Reply all"" when messaging me",https://support.mozilla.org/questions/1552647,,,,,,,,,4,true,0.34,False,
1552649,2025-12-05T12:50:28.459439Z,2025-12-05,it,customization,thunderbird;customization;,avv.luksch,avviso sonoro arrivo di mail,https://support.mozilla.org/questions/1552649,,,,,,,,,0,false,,False,
1552658,2025-12-05T13:26:56.518743Z,2025-12-05,nl,app-crash,thunderbird;app-crash;,ali.labidi,MAILBOX,https://support.mozilla.org/questions/1552658,,,,,,,,,1,true,1.41,False,
1552660,2025-12-05T13:46:32.644945Z,2025-12-05,en-US,send-and-receive-email,thunderbird;send-and-receive-email;,LariFr,I receive emails but cannot send any.,https://support.mozilla.org/questions/1552660,,,,,,,,,40,true,0.4,False,
1552663,2025-12-05T13:57:35.112082Z,2025-12-05,en-US,passwords-and-sign-in,thunderbird;passwords-and-sign-in;,Kilgetty,Strange sign in requests keep appearing.,https://support.mozilla.org/questions/1552663,,,,,,,,,6,true,4.95,True,sfhowes
1552664,2025-12-05T14:08:16.422533Z,2025-12-05,en-US,email-and-messaging,thunderbird;email-and-messaging;,extremist,Message filters not working on ONE of my accounts,https://support.mozilla.org/questions/1552664,os:windows,,,,,,,,0,false,,False,
1552669,2025-12-05T14:40:29.345784Z,2025-12-05,nl,install,thunderbird;install;,b.huijsdens1,Thunderbird op 2e PC installeren,https://support.mozilla.org/questions/1552669,os:windows,,,,,,,,1,true,0.15,False,
1552684,2025-12-05T15:35:15.906976Z,2025-12-05,en-US,crashing-and-slow-performance,thunderbird;crashing-and-slow-performance;,colinmpratt,"Mozilla Thunderbird keeps stalling, and then deleting all but 2000 emails.",https://support.mozilla.org/questions/1552684,,,,,,m:yahooemail,,,4,true,12.71,False,
1552685,2025-12-05T15:46:36.684546Z,2025-12-05,en-US,account-management,thunderbird;account-management;,gag_s_us,Issues adding icloud account,https://support.mozilla.org/questions/1552685,,,,,,m:icloud,,,1,true,3.07,False,
1552689,2025-12-05T16:04:13.742933Z,2025-12-05,en-US,performance-and-connectivity,thunderbird;performance-and-connectivity;,judy81,"Get error msg trying to open  ""Inbox"" in Thunderbird",https://support.mozilla.org/questions/1552689,,,,,,,,,1,true,16.19,False,
1552700,2025-12-05T17:24:46.651147Z,2025-12-05,en-US,customization,thunderbird;customization;,crossing324,ThunderBird: Default App Settings,https://support.mozilla.org/questions/1552700,,,,,,,,,2,true,10.79,False,
1552701,2025-12-05T17:25:10.262618Z,2025-12-05,en-US,install,thunderbird;install;,jennypankratzis,app uninstalls from desktop computer,https://support.mozilla.org/questions/1552701,,,,,,,,,2,true,11.28,False,
1552702,2025-12-05T17:28:16.747298Z,2025-12-05,en-US,send-and-receive-email,thunderbird;windows-11;send-and-receive-email;firefox-1450;firefox-14502;,john1105,lost my e-mail,https://support.mozilla.org/questions/1552702,os:windows,Windows 11,,,,,,,1,true,3.03,False,
1552704,2025-12-05T17:37:44.137035Z,2025-12-05,en-US,send-and-receive-email,thunderbird;send-and-receive-email;,nilson77,GMX IMAP Login Failure,https://support.mozilla.org/questions/1552704,,,,,,m:gmail;m:microsoftemail;m:yahooemail;m:gmx,proto:imap,,12,true,0.35,True,nilson77
1552708,2025-12-05T18:08:34.855271Z,2025-12-05,en-US,profiles,thunderbird;profiles;,support284,Thunderbird Data file not opening,https://support.mozilla.org/questions/1552708,,,,,,,,,1,true,0.53,False,
1552725,2025-12-05T19:28:19.697961Z,2025-12-05,en-US,customization,thunderbird;customization;,pdtoth,LOCAL FILE,https://support.mozilla.org/questions/1552725,,,,,,,,,8,true,0.23,False,
1552733,2025-12-05T20:12:40.551806Z,2025-12-05,it,customization,thunderbird;customization;,massimiliano.grana,Hyperlink non funzionano nelle mail ricevute,https://support.mozilla.org/questions/1552733,,,,,,,,,10,true,13.09,False,
1552739,2025-12-05T20:44:21.957334Z,2025-12-05,en-US,send-and-receive-email,thunderbird;send-and-receive-email;,grod75,Cannot Send E-Mail through Mozilla Thunderbird,https://support.mozilla.org/questions/1552739,os:windows,,,,,m:verizon,,,1,true,0.33,False,
1552742,2025-12-05T21:39:16.328521Z,2025-12-05,en-US,send-and-receive-email,thunderbird;send-and-receive-email;,h.christiansen,Sending multiply mails,https://support.mozilla.org/questions/1552742,,,,,,,,,1,true,2.99,False,
1552743,2025-12-05T21:43:47.595630Z,2025-12-05,en-US,customization,thunderbird;customization;,hajami,Folder order changes on it's own,https://support.mozilla.org/questions/1552743,,,,,,,,,2,false,,False,
1552744,2025-12-05T21:54:09.850558Z,2025-12-05,en-US,encryption,thunderbird;encryption;,tealh,HTTPS,https://support.mozilla.org/questions/1552744,,,,,,,,,3,true,0.33,False,
1552754,2025-12-05T22:54:37.851502Z,2025-12-05,en-US,send-and-receive-email,thunderbird;send-and-receive-email;,bettyweber,Unable to Send out Emails from Thunderbird,https://support.mozilla.org/questions/1552754,,,,,,m:shaw,,,6,true,1.7,True,sfhowes
1552761,2025-12-06T00:36:06.357761Z,2025-12-06,en-US,import-and-export-email,thunderbird;import-and-export-email;,hmb2stxrrn,new account,https://support.mozilla.org/questions/1552761,,,,,,m:att,,,1,true,10.74,False,
1552765,2025-12-06T00:53:43.737175Z,2025-12-06,es,account-management,thunderbird;account-management;,dbarrera,Configuración de cuenta Thundenbird,https://support.mozilla.org/questions/1552765,,,,,,,,,1,true,0.38,False,
1552766,2025-12-06T00:55:51.846999Z,2025-12-06,en-US,attachments,thunderbird;attachments;,joesgrille,can't open PDF attachments,https://support.mozilla.org/questions/1552766,,,,,,,,,1,true,7.26,False,
1552792,2025-12-06T04:32:40.725767Z,2025-12-06,en-US,send-and-receive-email,thunderbird;send-and-receive-email;,peggyp,new emails aren't loading,https://support.mozilla.org/questions/1552792,,,,,,,,,1,true,6.77,False,
1552795,2025-12-06T05:33:04.863100Z,2025-12-06,en-US,send-and-receive-email,thunderbird;send-and-receive-email;,roswitha.gall,meine mail kann ich nicht mehr abrufen,https://support.mozilla.org/questions/1552795,,,,,,,,,1,true,7.56,True,davidsk
1552806,2025-12-06T08:28:39.688785Z,2025-12-06,en-US,update,thunderbird;update;,hanoshansari,How can I update Thunderbird?,https://support.mozilla.org/questions/1552806,,,,,,,,,1,true,2.82,False,
1552822,2025-12-06T11:09:44.006022Z,2025-12-06,cs,save-passwords,thunderbird;windows-11;save-passwords;,oldarez,Nedaří se mi změnit heslo,https://support.mozilla.org/questions/1552822,os:windows,Windows 11,,,,,,,7,true,7.14,True,Ansamb
1552825,2025-12-06T11:20:28.293271Z,2025-12-06,en-US,customization,thunderbird;customization;,cheryl9,Format painter,https://support.mozilla.org/questions/1552825,,,,,,,,,2,true,4.93,False,
1552837,2025-12-06T12:27:00.568279Z,2025-12-06,en-US,profiles,thunderbird;profiles;,Dirk.Parchmann,Thunderbird,https://support.mozilla.org/questions/1552837,,,,,,,,,4,true,1.5,False,
1552849,2025-12-06T13:52:28.949090Z,2025-12-06,nl,account-management,thunderbird;account-management;,esilvagomes,Yahoo email accounts configuratie,https://support.mozilla.org/questions/1552849,,,,,,m:yahooemail,proto:imap,,6,true,40.69,False,
1552851,2025-12-06T14:15:28.745997Z,2025-12-06,en-US,junk-mail-and-spam,thunderbird;junk-mail-and-spam;,jerry65,Junk maul,https://support.mozilla.org/questions/1552851,,,,,,,,,1,true,0.32,True,davidsk
1552857,2025-12-06T14:44:24.529270Z,2025-12-06,en-US,send-and-receive-email,thunderbird;send-and-receive-email;,suntanneddude,Attach signature not actually working!,https://support.mozilla.org/questions/1552857,,,,,,,,,18,true,1.34,True,suntanneddude
1552885,2025-12-06T16:47:45.295959Z,2025-12-06,en-US,passwords-and-sign-in,thunderbird;passwords-and-sign-in;,max115,Thunderbird Cannot Authenticate Gmail Workspace Account (OAuth Window Never Opens),https://support.mozilla.org/questions/1552885,,,,,,m:gmail,proto:imap;proto:smtp;proto:oauth,,3,true,7.52,False,
1552886,2025-12-06T16:50:40.138459Z,2025-12-06,en-US,send-and-receive-email,thunderbird;send-and-receive-email;,ddckid,I am unable to recieve mail on thunderbird,https://support.mozilla.org/questions/1552886,,,,,,m:comcast,,,3,true,7.38,False,
1552888,2025-12-06T17:12:50.605711Z,2025-12-06,en-US,email-and-messaging,thunderbird;email-and-messaging;,diana34,My archive folder has disappeared. How do I find it?,https://support.mozilla.org/questions/1552888,,,,,,,,,1,true,11.75,False,
1552894,2025-12-06T17:52:38.219327Z,2025-12-06,en-US,customization,thunderbird;customization;,yarden81,"Thunderbird, how do I add or create an email signature to new emails for replies?",https://support.mozilla.org/questions/1552894,,,,,,,,,1,true,1.14,False,
1552895,2025-12-06T18:02:37.058890Z,2025-12-06,en-US,send-and-receive-email,thunderbird;send-and-receive-email;,paul712,Thunderbird not working after Greenby migration,https://support.mozilla.org/questions/1552895,,,,,,,,,1,true,4.52,False,
1552900,2025-12-06T18:19:55.230193Z,2025-12-06,en-US,encryption,thunderbird;encryption;,Qmavam,No emailsdownloaded and I get a message web email is fine.,https://support.mozilla.org/questions/1552900,,,,,,,proto:imap,,3,true,3.74,True,Qmavam
1552910,2025-12-06T19:24:48.154171Z,2025-12-06,en-US,install,thunderbird;macos;install;,62063e,Apple iOS26 and Thunderbird mail,https://support.mozilla.org/questions/1552910,os:macos,,macos:tahoe;macos:sonoma,,,,,,2,true,1.65,True,62063e
1552911,2025-12-06T19:33:47.014141Z,2025-12-06,en-US,encryption,thunderbird;encryption;,const,Where is generated private key stored during S/MIME CSR generation?,https://support.mozilla.org/questions/1552911,os:linux,,,,,,,,1,false,,True,const
1552925,2025-12-06T20:30:14.139807Z,2025-12-06,en-US,contacts,thunderbird;contacts;,gjt193867,When I transferred from windows 10 ti a cimputer with windows 11 I lost my address book,https://support.mozilla.org/questions/1552925,os:windows,,,,,,,,1,true,0.36,False,
1552932,2025-12-06T21:08:27.420432Z,2025-12-06,en-US,account-management,thunderbird;account-management;,bcat850,Mozilla email,https://support.mozilla.org/questions/1552932,os:windows,,,,,,,,1,true,1.16,False,
1552936,2025-12-06T21:25:54.432756Z,2025-12-06,en-US,junk-mail-and-spam,thunderbird;junk-mail-and-spam;,max115,Thunderbird Fails to Create or Support Junk/Spam Folder for Gmail Workspace Account (Critical Issue),https://support.mozilla.org/questions/1552936,,,,,,m:gmail;m:microsoftemail,proto:imap,,7,true,0.82,False,
1552947,2025-12-06T23:46:06.648321Z,2025-12-06,en-US,send-and-receive-email,thunderbird;windows-11;send-and-receive-email;,katelough,I cannot sign in to receive or send emails,https://support.mozilla.org/questions/1552947,os:windows,Windows 11,,,,,,,1,true,0.35,False,
1552948,2025-12-06T23:49:45.191340Z,2025-12-06,en-US,passwords-and-sign-in,thunderbird;windows-11;passwords-and-sign-in;,katelough,"Please could someone assist me.  I am not sure how to sign in now, since everything seems to have changed.",https://support.mozilla.org/questions/1552948,os:windows,Windows 11,,,,,,,1,true,0.24,False,
1552957,2025-12-07T00:27:48.608188Z,2025-12-07,en-US,email-and-messaging,thunderbird;email-and-messaging;,wh,Seeing messages left to move or to delete,https://support.mozilla.org/questions/1552957,,,,,,,,,8,true,0.06,True,mozilla98
1552962,2025-12-07T01:18:18.458402Z,2025-12-07,en-US,events,thunderbird;events;,bullishbob,calendar,https://support.mozilla.org/questions/1552962,,,,,,,,,1,false,,False,
1552963,2025-12-07T01:23:18.122840Z,2025-12-07,en-US,junk-mail-and-spam,thunderbird;junk-mail-and-spam;,max115,Request for Step-by-Step Instructions: Junk/Spam Folder Missing for One Account Only,https://support.mozilla.org/questions/1552963,,,,,,m:gmail,proto:imap,,8,true,0.55,True,mozilla98
1552972,2025-12-07T02:23:49.933674Z,2025-12-07,en-US,calendar,thunderbird;calendar;,WilliamPan30,Sync outlook.com (ms365) calendar etc.,https://support.mozilla.org/questions/1552972,,,,,,m:microsoftemail,proto:imap,,1,true,1.34,True,sfhowes
1552973,2025-12-07T02:28:13.388245Z,2025-12-07,en-US,send-and-receive-email,thunderbird;send-and-receive-email;,Beadmaster,Where are the filters located?,https://support.mozilla.org/questions/1552973,,,,,,,,,2,true,1.68,True,mozilla98
1552982,2025-12-07T06:58:12.229920Z,2025-12-07,en-US,customization,thunderbird;customization;,spsharma,Cannot Compose email in Selected Font Color,https://support.mozilla.org/questions/1552982,,,,,,,,,2,true,6.87,False,
1552998,2025-12-07T08:44:17.343185Z,2025-12-07,es,email-and-messaging,thunderbird;email-and-messaging;,systemcad,Como puedo añadir carpetas en la versión de Android y como puedo mover correos a esas carpetas ?,https://support.mozilla.org/questions/1552998,,,,,,,,,1,true,132.98,False,
1553013,2025-12-07T10:42:25.087642Z,2025-12-07,en-US,import-and-export-email,thunderbird;import-and-export-email;,pbmanagement100,Moving selected Thunderbird files and address accounts from  one laptop to another,https://support.mozilla.org/questions/1553013,,,,,,,,,1,true,3.36,False,
1553023,2025-12-07T12:23:16.707684Z,2025-12-07,en-US,email-and-messaging,thunderbird;needsinfo;email-and-messaging;,godfreys160,Thunderbird emails in my Drafts don't delete,https://support.mozilla.org/questions/1553023,,,,,,,,,1,false,,True,godfreys160
1553025,2025-12-07T12:34:45.571318Z,2025-12-07,nl,passwords-and-sign-in,thunderbird;passwords-and-sign-in;,dickjolink,Tweestapsverificatie Thunderbird.,https://support.mozilla.org/questions/1553025,os:windows,,,,,,,,1,true,20.41,False,
1553026,2025-12-07T12:38:34.554499Z,2025-12-07,en-US,encryption,thunderbird;encryption;,Qmavam,"3 of my ISP emails are getting no mail, the 4th a gmail account work fine",https://support.mozilla.org/questions/1553026,,,,,,m:gmail,proto:imap,,1,true,245.09,False,
1553033,2025-12-07T13:32:45.747094Z,2025-12-07,en-US,send-and-receive-email,thunderbird;send-and-receive-email;,radio1,Laptop deletes Thunderbird e-mails,https://support.mozilla.org/questions/1553033,,,,,,,,,1,true,0.37,False,
1553034,2025-12-07T13:44:44.352669Z,2025-12-07,nl,import-and-export-settings,thunderbird;import-and-export-settings;,jerm.postma,overzetten thunderbird naar nieuwe computer,https://support.mozilla.org/questions/1553034,,,,,,,,,8,true,17.18,False,
1553040,2025-12-07T14:52:55.706224Z,2025-12-07,en-US,send-and-receive-email,thunderbird;send-and-receive-email;,Metalfan,"Login to the server pop.gmx.net with username ""..."" failed.",https://support.mozilla.org/questions/1553040,,,,,,m:gmx,proto:pop,,5,true,1.49,True,davidsk
1553043,2025-12-07T15:28:33.068262Z,2025-12-07,en-US,email-and-messaging,thunderbird;windows-10;email-and-messaging;firefox-1450;firefox-14502;,mopardave12,Thunderbird update to 145.0,https://support.mozilla.org/questions/1553043,os:windows,Windows 10,,,,m:shaw,,,4,true,0.24,True,mopardave12
1553072,2025-12-07T18:23:37.649647Z,2025-12-07,tr,passwords-and-sign-in,thunderbird;passwords-and-sign-in;,halitclk,e-posta ekleme,https://support.mozilla.org/questions/1553072,,,,,,m:yandex,proto:imap,,1,true,22.0,False,
1553077,2025-12-07T18:45:32.891938Z,2025-12-07,en-US,email-and-messaging,thunderbird;windows-11;email-and-messaging;firefox-1450;firefox-14502;,Dickva,Most of my folders missing after update,https://support.mozilla.org/questions/1553077,,,,,,,,,5,true,4.63,True,Googlethunderbird.
1553080,2025-12-07T19:19:00.345702Z,2025-12-07,en-US,account-management,thunderbird;account-management;,ld-1,Thunderbird,https://support.mozilla.org/questions/1553080,,,,,,m:gmail;m:microsoftemail;m:att,,,2,true,0.04,True,davidsk
1553086,2025-12-07T19:56:00.928926Z,2025-12-07,en-US,email-and-messaging,thunderbird;email-and-messaging;,bnlbrevik1,downloading mail which is marked as JUNK,https://support.mozilla.org/questions/1553086,,,,,,m:comcast,,,4,true,20.05,False,
1553087,2025-12-07T19:56:23.034887Z,2025-12-07,en-US,send-and-receive-email,thunderbird;send-and-receive-email;,ImprovementTheyCallIt,"First, ""unable to write,"" then ""unable to open the summary file""",https://support.mozilla.org/questions/1553087,os:windows,,,,,,,,53,true,34.44,False,
1553091,2025-12-07T20:17:10.009148Z,2025-12-07,en-US,profiles,thunderbird;profiles;,brian.smilodon.gregory,Profiles,https://support.mozilla.org/questions/1553091,,,,,,,,,3,true,2.43,False,
1553105,2025-12-07T22:18:16.717794Z,2025-12-07,en-US,contacts,thunderbird;contacts;,henduhendu08,Thunderbird Email Addresses,https://support.mozilla.org/questions/1553105,,,,,,,,,1,true,9.97,False,
1553110,2025-12-07T23:29:03.632055Z,2025-12-07,en-US,passwords-and-sign-in,thunderbird;passwords-and-sign-in;,pjh0322,"Thunderbird로 여러 계정을 등록하여 사용중입니다만, 한계정만 유독 접속이 되지 않습니다.",https://support.mozilla.org/questions/1553110,,,,,,,,,1,true,0.51,False,
1553111,2025-12-07T23:52:07.126742Z,2025-12-07,en-US,passwords-and-sign-in,thunderbird;passwords-and-sign-in;,scarlettpp,Trouble with xfinity email transfering to thunderbird through 2 part security,https://support.mozilla.org/questions/1553111,,,,,,m:comcast,,,0,false,,False,
1553112,2025-12-07T23:52:48.076839Z,2025-12-07,en-US,events,thunderbird;events;,bullishbob,on thunderbird 140.5.0 and my calendar no longer updates  how do i fix it,https://support.mozilla.org/questions/1553112,os:linux,,,,,,,,1,false,,False,
1553128,2025-12-08T00:52:50.487175Z,2025-12-08,en-US,installation-and-updates,thunderbird;installation-and-updates;,gsawkins,older version of Thunderbird installed,https://support.mozilla.org/questions/1553128,os:windows,,,,,,,,3,true,7.37,False,
1553134,2025-12-08T01:36:44.149330Z,2025-12-08,en-US,junk-mail-and-spam,thunderbird;junk-mail-and-spam;,glaven,Button labeled Spam now instead of Junk,https://support.mozilla.org/questions/1553134,,,,,,,,,0,false,,False,
1553136,2025-12-08T01:43:32.370710Z,2025-12-08,en-US,email-and-messaging,thunderbird;email-and-messaging;,mark.hardin,Email from 6/1/25 will not load and cannot delete.,https://support.mozilla.org/questions/1553136,,,,,,m:gmail,,,2,true,6.49,True,siffemoz
1553158,2025-12-08T03:42:07.029828Z,2025-12-08,en-US,passwords-and-sign-in,thunderbird;passwords-and-sign-in;,bob-up,Android - importing Mcrosoft email account fails at Passkey generation.,https://support.mozilla.org/questions/1553158,,,,,,m:gmail,,,1,false,,True,bob-up
1553167,2025-12-08T04:34:47.289190Z,2025-12-08,en-US,customization,thunderbird;customization;,deb36,Gmail emails going to archives,https://support.mozilla.org/questions/1553167,,,,,,m:gmail,,,0,false,,False,
1553179,2025-12-08T07:09:19.605214Z,2025-12-08,en-US,email-and-messaging,thunderbird;email-and-messaging;,oleleerbeck,E-mail mappesystem i Thunderbird,https://support.mozilla.org/questions/1553179,,,,,,,,,1,true,10.63,False,
1553191,2025-12-08T09:10:36.364771Z,2025-12-08,en-US,connectivity,thunderbird;connectivity;,ms.0908,IMAPで接続ができない,https://support.mozilla.org/questions/1553191,,,,,,m:microsoftemail,,,3,true,3.34,False,
1553196,2025-12-08T09:36:17.501024Z,2025-12-08,en-US,send-and-receive-email,thunderbird;send-and-receive-email;,Nocton,Manage Identity with gmail,https://support.mozilla.org/questions/1553196,,,,,,m:gmail,,,0,false,,False,
1553198,2025-12-08T09:56:12.385393Z,2025-12-08,en-US,crashing-and-slow-performance,thunderbird;crashing-and-slow-performance;,bjorn.johnsen64,some graphical issues,https://support.mozilla.org/questions/1553198,,,,,,,,,1,true,620.09,False,
1553200,2025-12-08T10:04:16.681080Z,2025-12-08,en-US,customization,thunderbird;customization;,per.eeg1,ikonen i aktivitetsfältet visar inte om det kommit mail,https://support.mozilla.org/questions/1553200,,,,,,,,,0,false,,False,
1553203,2025-12-08T10:20:14.061198Z,2025-12-08,en-US,send-and-receive-email,thunderbird;send-and-receive-email;,mostafa.earth,Emails doesn't appear in my inbox,https://support.mozilla.org/questions/1553203,os:windows,,,,,m:gmail;m:microsoftemail,,,1,false,,False,
1553209,2025-12-08T10:44:21.160202Z,2025-12-08,nl,send-and-receive-email,thunderbird;send-and-receive-email;,martin232,"copy in the folder ""sent items""",https://support.mozilla.org/questions/1553209,,,,,,,,,1,true,3.86,False,
1553213,2025-12-08T11:10:53.204141Z,2025-12-08,en-US,email-and-messaging,thunderbird;email-and-messaging;,mads.peter.jensen,Drag and drop mails from inbox to subfolder,https://support.mozilla.org/questions/1553213,os:linux,,,,,,,,0,false,,False,
1553215,2025-12-08T11:47:02.906786Z,2025-12-08,es,send-and-receive-email,thunderbird;send-and-receive-email;,anadiegovillazon,Thunderbird,https://support.mozilla.org/questions/1553215,,,,,,,,,0,false,,False,
1553220,2025-12-08T12:29:56.395171Z,2025-12-08,en-US,install,thunderbird;install;,holmbladlars,Thunderball,https://support.mozilla.org/questions/1553220,os:other,IOS,,,,,,,1,true,8.6,False,
1553230,2025-12-08T13:34:42.484403Z,2025-12-08,en-US,import-and-export-email,thunderbird;import-and-export-email;,bobfound,Importing pst file from Mailstore,https://support.mozilla.org/questions/1553230,os:windows,,,,,m:microsoftemail,,,1,true,167.17,False,
1553235,2025-12-08T14:04:18.235269Z,2025-12-08,cs,reset-passwords,thunderbird;reset-passwords;,l.boscze,hlavní heslo,https://support.mozilla.org/questions/1553235,,,,,,,,,5,true,1.33,False,
1553256,2025-12-08T15:49:34.214725Z,2025-12-08,en-US,contacts,thunderbird;contacts;,rsantone,address book data disappearing,https://support.mozilla.org/questions/1553256,,,,,,,,,3,true,620.83,False,
1553258,2025-12-08T15:54:03.584482Z,2025-12-08,en-US,customization,thunderbird;customization;,andy_from_ireland,when I click on a message in my inbox it now wants to send it/compose it as a message instead of reading the message,https://support.mozilla.org/questions/1553258,,,,,,,,,6,true,2.6,True,andy_from_ireland
1553265,2025-12-08T16:20:14.338393Z,2025-12-08,en-US,send-and-receive-email,thunderbird;send-and-receive-email;,krzysosuch70,Email on Thunderbird,https://support.mozilla.org/questions/1553265,,,,,,m:btinternet,,,1,true,1.48,False,
1553266,2025-12-08T16:25:31.711126Z,2025-12-08,en-US,email-and-messaging,thunderbird;email-and-messaging;,rw23717,setup,https://support.mozilla.org/questions/1553266,,,,,,,,,1,true,4.66,False,
1553279,2025-12-08T17:39:21.792807Z,2025-12-08,en-US,account-management,thunderbird;account-management;,justice1,Trying to combine 2 email accounts on app,https://support.mozilla.org/questions/1553279,,,,,,,,,1,true,0.59,False,
1553281,2025-12-08T17:51:43.703222Z,2025-12-08,en-US,email-and-messaging,thunderbird;email-and-messaging;,matt178,Filtering failed today after working fine for years - Win10 laptop PC,https://support.mozilla.org/questions/1553281,os:windows,,,,,,,,2,true,0.35,False,
1553282,2025-12-08T17:53:11.803504Z,2025-12-08,en-US,send-and-receive-email,thunderbird;send-and-receive-email;,klaus.d.maier,E-Mails,https://support.mozilla.org/questions/1553282,,,,,,,proto:smtp,,1,true,0.25,False,
1553284,2025-12-08T18:04:06.727886Z,2025-12-08,en-US,send-and-receive-email,thunderbird;send-and-receive-email;,kevinensor,All Mail,https://support.mozilla.org/questions/1553284,,,,,,,,,3,true,0.63,True,mozilla98
1553285,2025-12-08T18:05:43.801438Z,2025-12-08,en-US,customization,thunderbird;customization;,shawn..,on Thunderbird window resize: increasing window height allocates all the additional height to the index vs message pane,https://support.mozilla.org/questions/1553285,,,,,,,,,1,true,0.55,False,
1553286,2025-12-08T18:06:48.133398Z,2025-12-08,en-US,autofill,thunderbird;autofill;,clintoconner2,"When I type the word ""address"", TB changes it to my home address",https://support.mozilla.org/questions/1553286,,,,,,,,,2,true,0.47,True,mozilla98
1553292,2025-12-08T18:30:15.366904Z,2025-12-08,nl,send-and-receive-email,thunderbird;send-and-receive-email;,blousfrank,Thunderbird does not accept Dutch Ziggo server settings anymore,https://support.mozilla.org/questions/1553292,,,,,,m:ziggo,proto:imap;proto:smtp,,9,true,17.36,True,markh2
1553296,2025-12-08T19:08:19.595749Z,2025-12-08,en-US,customization,thunderbird;customization;,bobfound,request to donate,https://support.mozilla.org/questions/1553296,,,,,,,,,1,true,0.73,True,mozilla98
1553301,2025-12-08T19:18:49.345934Z,2025-12-08,en-US,send-and-receive-email,thunderbird;send-and-receive-email;,engrbill47,Thunderbird will not display email after 10/27/25,https://support.mozilla.org/questions/1553301,,,,,,,,,0,false,,False,
1553304,2025-12-08T19:52:14.821248Z,2025-12-08,en-US,junk-mail-and-spam,thunderbird;junk-mail-and-spam;,lvstoddard,emails not coming to me,https://support.mozilla.org/questions/1553304,,,,,,,,,3,true,0.27,False,
1553305,2025-12-08T19:52:32.764136Z,2025-12-08,es,contacts,thunderbird;needsinfo;contacts;,ignacionodal,Crear subcarpetas en libreta de direcciones,https://support.mozilla.org/questions/1553305,,,,,,,,,1,true,88.15,False,
1553306,2025-12-08T19:59:38.819684Z,2025-12-08,it,import-and-export-settings,thunderbird;import-and-export-settings;,franco13,Installazione su nuoovo PC,https://support.mozilla.org/questions/1553306,,,,,,,,,1,true,11.63,False,
1553316,2025-12-08T20:43:51.195239Z,2025-12-08,nl,connectivity,thunderbird;connectivity;,creya,"Ik kan geen mails versturen met Thunderbird. De melding is - Het bericht kon niet worden verzonden, omdat de wachttijd v",https://support.mozilla.org/questions/1553316,,,,,,,proto:smtp,,3,true,10.09,True,markh2
1553325,2025-12-08T21:41:07.506267Z,2025-12-08,en-US,send-and-receive-email,thunderbird;send-and-receive-email;,wwwwoolf,email shows  Reply screen not original email,https://support.mozilla.org/questions/1553325,os:macos,,macos:sequoia,,,,,,14,true,0.79,False,
1553332,2025-12-08T21:56:28.246911Z,2025-12-08,en-US,email-and-messaging,thunderbird;email-and-messaging;,TampaTom,thunderbird not deleting old messages,https://support.mozilla.org/questions/1553332,,,,,,,,,0,false,,False,
1553339,2025-12-08T22:34:09.841513Z,2025-12-08,en-US,update,thunderbird;update;,dp29,Thunderbird,https://support.mozilla.org/questions/1553339,os:windows,,,,,,,,4,true,9.82,True,siffemoz
1553340,2025-12-08T22:38:07.329311Z,2025-12-08,en-US,send-and-receive-email,thunderbird;send-and-receive-email;,raymondrancourt,"SENT emails not stored in the ""sent"" folder",https://support.mozilla.org/questions/1553340,,,,,,,,,2,true,1.97,False,
1553346,2025-12-08T23:24:15.393496Z,2025-12-08,en-US,reset-passwords,thunderbird;reset-passwords;,bassbob,forgot myregular password for thunderbird email. i have the master password,https://support.mozilla.org/questions/1553346,,,,,,,,,1,true,1.17,False,
1553349,2025-12-08T23:53:20.045305Z,2025-12-08,en-US,customization,thunderbird;customization;,eb40,Signature box missing in TBv140.5.0esr;,https://support.mozilla.org/questions/1553349,,,,,,,,,1,true,0.57,False,
1553350,2025-12-08T23:54:07.341013Z,2025-12-08,en-US,send-and-receive-email,thunderbird;send-and-receive-email;,eb40,Settings contains no means to include a signature in email forwards,https://support.mozilla.org/questions/1553350,,,,,,,,,2,true,0.5,False,
1553351,2025-12-08T23:55:08.130640Z,2025-12-08,en-US,account-management,thunderbird;account-management;,eb40,Settings contains no means to specify an identity,https://support.mozilla.org/questions/1553351,,,,,,,,,1,true,0.55,False,
1553352,2025-12-09T00:00:09.013970Z,2025-12-09,en-US,customization,thunderbird;customization;,eb40,Forwarded emails colors are inconsistent with new emails and resist configuration,https://support.mozilla.org/questions/1553352,,,,,,,,,2,true,0.55,False,
1553353,2025-12-09T00:05:02.892543Z,2025-12-09,en-US,email-and-messaging,thunderbird;email-and-messaging;,jimblack101,"All of a sudden, Thunderbird will not finish the process of creating a new subfolder.",https://support.mozilla.org/questions/1553353,,,,,,,,,2,true,612.59,True,jimblack101
1553354,2025-12-09T00:05:19.551013Z,2025-12-09,en-US,customization,thunderbird;customization;,eb40,Forwarded emails contain no signature,https://support.mozilla.org/questions/1553354,,,,,,,,,2,true,0.26,False,
1553359,2025-12-09T00:54:26.318244Z,2025-12-09,en-US,customization,thunderbird;customization;,StarryKnight04,Email view,https://support.mozilla.org/questions/1553359,os:windows,,,,,,,,3,true,7.39,False,
1553364,2025-12-09T01:36:09.756471Z,2025-12-09,en-US,import-and-export-email,thunderbird;import-and-export-email;,adtypeanddesign,My local folders have disappeared!,https://support.mozilla.org/questions/1553364,os:windows,,,,,,,,2,true,9.26,False,
1553370,2025-12-09T02:35:29.770618Z,2025-12-09,en-US,search,thunderbird;search;,mm_s1ingsh0t,Thunderbird Enhancements,https://support.mozilla.org/questions/1553370,,,,,,,,,4,true,2.2,False,
1553380,2025-12-09T04:45:13.550850Z,2025-12-09,en-US,installation-and-updates,thunderbird;installation-and-updates;,crusejim,Win 11 64b current release download,https://support.mozilla.org/questions/1553380,os:windows,,,,,,,,1,true,2.82,False,
1553384,2025-12-09T05:17:52.657429Z,2025-12-09,en-US,installation-and-updates,thunderbird;installation-and-updates;,megamile,Thunderbird app on Android locked into authentication loop,https://support.mozilla.org/questions/1553384,,,,,,m:comcast,,,0,false,,False,
1553390,2025-12-09T05:49:40.993882Z,2025-12-09,en-US,extensions,thunderbird;extensions;,bill.ditwell,accessing Outlook calendar on Thunderbird,https://support.mozilla.org/questions/1553390,os:linux,,,,,m:microsoftemail,,,2,true,0.92,True,sfhowes
1553397,2025-12-09T06:58:41.702179Z,2025-12-09,en-US,customization,thunderbird;customization;,Rehtael,Thunderbird Archive Folders,https://support.mozilla.org/questions/1553397,,,,,,,,,0,false,,False,
1553410,2025-12-09T09:35:15.772971Z,2025-12-09,nl,passwords-and-sign-in,thunderbird;passwords-and-sign-in;,agc.vogels,thunderbird melding: error-server-maintenance,https://support.mozilla.org/questions/1553410,,,,,,,,,7,true,0.91,True,markh2
1553416,2025-12-09T10:19:16.649642Z,2025-12-09,en-US,email-and-messaging,thunderbird;email-and-messaging;,artfulspeck,Cannot delete folder from Thunderbird after folder has been deleted on the mail server,https://support.mozilla.org/questions/1553416,,,,,,,,,0,false,,False,
1553417,2025-12-09T10:19:52.325077Z,2025-12-09,nl,crashing-and-slow-performance,thunderbird;crashing-and-slow-performance;,luc.bogaert,traag opstarten,https://support.mozilla.org/questions/1553417,os:windows,,,,,,,,1,true,6.09,True,Mad_Maks
1553421,2025-12-09T11:04:52.675300Z,2025-12-09,it,customization,thunderbird;customization;,avv.luksch,Suono all'arrivo di posta,https://support.mozilla.org/questions/1553421,,,,,,,,,3,true,197.4,False,
1553423,2025-12-09T11:19:32.877179Z,2025-12-09,it,email-and-messaging,thunderbird;email-and-messaging;,brunoambrosini,Thunderbird 145 and Exchange,https://support.mozilla.org/questions/1553423,,,,,,m:microsoftemail,proto:ews,,1,true,5.75,False,
1553424,2025-12-09T11:23:22.596191Z,2025-12-09,en-US,send-and-receive-email,thunderbird;send-and-receive-email;,Anne-bell48,Emails,https://support.mozilla.org/questions/1553424,,,,,,,,,3,true,2.91,False,
1553430,2025-12-09T12:10:14.336997Z,2025-12-09,en-US,instant-messaging,thunderbird;instant-messaging;,scott@introvision,Teams connection not working for 1 client out of 5 - unsupported browser,https://support.mozilla.org/questions/1553430,os:linux,,,,,m:microsoftemail,,,2,true,9.25,False,
1553446,2025-12-09T14:24:57.301946Z,2025-12-09,en-US,email-and-messaging,thunderbird;email-and-messaging;,nick.mortel1,Unable to add my Mailfence email account to Thunderbird deb install on Ubuntu 24.04.3,https://support.mozilla.org/questions/1553446,os:linux,,,,,m:mailfence,,,3,true,2.29,False,
1553448,2025-12-09T14:33:11.408043Z,2025-12-09,en-US,account-management,thunderbird;account-management;,gg.keller,"I get the notification ""https://caldev.1und1.de verlangt einen Benutzernamen und ein Passwort"" This Information cannot b",https://support.mozilla.org/questions/1553448,,,,,,m:ionos,,,21,true,2.04,True,Mad_Maks
1553467,2025-12-09T15:51:21.007331Z,2025-12-09,en-US,customization,thunderbird;customization;,ernesti1,"All of a sudden, when I sign on to Tbird, the bottom of my screen has the top six lines of the email I am looking at. I ",https://support.mozilla.org/questions/1553467,,,,,,,,,3,true,0.31,True,mozilla98
1553478,2025-12-09T16:28:50.738787Z,2025-12-09,it,account-management,thunderbird;needsinfo;account-management;,fred.avitaia,Aggiunta account,https://support.mozilla.org/questions/1553478,,,,,,,,,1,true,0.63,False,
1553484,2025-12-09T16:56:50.371110Z,2025-12-09,en-US,connectivity,thunderbird;connectivity;,light8dark,Mozilla update,https://support.mozilla.org/questions/1553484,,,,,,,,,1,true,0.39,True,davidsk
1553494,2025-12-09T17:28:45.168301Z,2025-12-09,en-US,installation-and-updates,thunderbird;installation-and-updates;,cjcinmd,Repair Account,https://support.mozilla.org/questions/1553494,,,,,,m:comcast,,,3,true,2.37,False,
1553498,2025-12-09T17:51:18.727542Z,2025-12-09,en-US,undefined,thunderbird;windows-10;undefined;firefox-1450;firefox-14502;,silniki1_laptop,[email 1 removed]@interia.pl,https://support.mozilla.org/questions/1553498,os:windows,Windows 10,,,,m:microsoftemail,,av:eset,1,true,3.55,False,
1553509,2025-12-09T18:23:09.015026Z,2025-12-09,en-US,account-management,thunderbird;account-management;,sarahpla,unwanted Thunderbird account,https://support.mozilla.org/questions/1553509,,,,,,,proto:pop,,1,true,3.06,False,
1553519,2025-12-09T19:01:15.588055Z,2025-12-09,en-US,performance-and-connectivity,thunderbird;performance-and-connectivity;,gsawkins,Start up error,https://support.mozilla.org/questions/1553519,,,,,,m:microsoftemail,,,11,true,2.03,False,
1553524,2025-12-09T19:25:15.646899Z,2025-12-09,en-US,send-and-receive-email,thunderbird;send-and-receive-email;,mikem5,get mail not working,https://support.mozilla.org/questions/1553524,,,,,,,,,15,true,2.08,False,
1553528,2025-12-09T19:57:57.044959Z,2025-12-09,en-US,contacts,thunderbird;contacts;,pollock3,address book,https://support.mozilla.org/questions/1553528,,,,,,,,,1,true,0.65,False,
1553540,2025-12-09T21:32:55.958379Z,2025-12-09,en-US,send-and-receive-email,thunderbird;send-and-receive-email;,vadidion1,The Send and attach buttons no longer appear in the Write box in Thunderbird.,https://support.mozilla.org/questions/1553540,,,,,,,,,1,true,1.87,True,mozilla98
1553543,2025-12-09T21:48:25.607091Z,2025-12-09,en-US,contacts,thunderbird;contacts;,aidan2,Can I use an Excel spreadsheet to build address books?,https://support.mozilla.org/questions/1553543,os:windows,,,,,m:microsoftemail,,,7,true,1.7,False,
1553544,2025-12-09T21:51:49.778901Z,2025-12-09,en-US,send-and-receive-email,thunderbird;send-and-receive-email;,bspitler004,Thunderbird passwords,https://support.mozilla.org/questions/1553544,,,,,,m:spectrum,proto:imap;proto:smtp,,11,true,1.51,False,
1553545,2025-12-09T22:01:40.846717Z,2025-12-09,en-US,connectivity,thunderbird;connectivity;,ejcar777,"I get my email in Thunderbird OK, however each time it opens I get a pop up that says could not connect to server",https://support.mozilla.org/questions/1553545,,,,,,,,,1,true,89.78,False,
1553551,2025-12-09T22:52:19.703069Z,2025-12-09,en-US,attachments,thunderbird;attachments;,hajami,Drag & Drop attachments not working,https://support.mozilla.org/questions/1553551,,,,,,,,,4,true,0.46,True,hajami
1553552,2025-12-09T23:02:52.857024Z,2025-12-09,en-US,send-and-receive-email,thunderbird;send-and-receive-email;,4kzs72tjcj,E-mail,https://support.mozilla.org/questions/1553552,,,,,,m:yahooemail;m:cox,,,1,true,0.6,False,
1553555,2025-12-09T23:21:18.709908Z,2025-12-09,en-US,email-and-messaging,thunderbird;email-and-messaging;,gdbarton,Many grayed out folders,https://support.mozilla.org/questions/1553555,,,,,,,,,2,true,88.6,False,
1553556,2025-12-09T23:28:18.822491Z,2025-12-09,en-US,connectivity,thunderbird;connectivity;,centinela78,Thunderbird has not loaded since 12/4/25,https://support.mozilla.org/questions/1553556,,,,,,,proto:smtp;proto:pop,,5,true,0.43,False,
1553562,2025-12-09T23:47:07.265410Z,2025-12-09,en-US,account-management,thunderbird;account-management;,roger76,Can't Add Second Email Account - Incoming Server Exists Error,https://support.mozilla.org/questions/1553562,,,,,,,,,2,true,13.79,True,Yu5tiqX9og
1553583,2025-12-10T02:38:32.869231Z,2025-12-10,en-US,send-and-receive-email,thunderbird;send-and-receive-email;,,"Getting a bunch of ""The server couldn't retrieve the following message""",https://support.mozilla.org/questions/1553583,,,,,,m:microsoftemail,,,3,true,86.02,True,Toad-Hall
1553584,2025-12-10T02:47:08.812167Z,2025-12-10,en-US,contacts,thunderbird;contacts;,marieh1,Trying to transfer address book from previous device,https://support.mozilla.org/questions/1553584,,,,,,,,,1,true,9.71,False,
1553589,2025-12-10T03:18:37.879280Z,2025-12-10,en-US,customization,thunderbird;customization;,mrdaniel.lee.ck,how to set DARK mode,https://support.mozilla.org/questions/1553589,,,,,,,,,1,true,23.56,False,
1553596,2025-12-10T04:39:12.360430Z,2025-12-10,en-US,send-and-receive-email,thunderbird;send-and-receive-email;,grahaman,Optus (Australia) emails can't be sent or received my Optus wifi internet connection.,https://support.mozilla.org/questions/1553596,,,,,,,,,5,true,84.18,False,
1553613,2025-12-10T07:15:22.614773Z,2025-12-10,en-US,profiles,thunderbird;needsinfo;profiles;,alysenet1,Got Unable to Load Profile Message; I Found My Profile I Think but Import Failed,https://support.mozilla.org/questions/1553613,,,,,,,,,16,true,6.42,False,
1553616,2025-12-10T07:38:30.799206Z,2025-12-10,en-US,account-management,thunderbird;account-management;,fliteshare,Thunderbird,https://support.mozilla.org/questions/1553616,,,,,,,,,1,true,1.4,False,
1553627,2025-12-10T09:11:55.938717Z,2025-12-10,en-US,events,thunderbird;events;,cablur,How can I set appointment invitations (I was invited) to private in the calendar?,https://support.mozilla.org/questions/1553627,,,,,,m:microsoftemail,,,2,true,80.11,False,
1553628,2025-12-10T09:11:59.435818Z,2025-12-10,en-US,extensions,thunderbird;extensions;,h_walraf,Senden der Nachricht -,https://support.mozilla.org/questions/1553628,,,,,,,,,2,true,4.75,False,
1553641,2025-12-10T10:25:17.985801Z,2025-12-10,en-US,import-and-export-email,thunderbird;import-and-export-email;,tng2472,export for Android,https://support.mozilla.org/questions/1553641,,,,,,,,,3,true,2.14,False,
1553642,2025-12-10T10:27:34.100467Z,2025-12-10,en-US,send-and-receive-email,thunderbird;send-and-receive-email;,ulrichd410,"Thunderbird Email stuck in ""Loading...""",https://support.mozilla.org/questions/1553642,,,,,,,,,2,true,22.28,False,
1553651,2025-12-10T11:51:23.720435Z,2025-12-10,en-US,passwords-and-sign-in,thunderbird;passwords-and-sign-in;,mikep82400,Google 400 Error. The server cannot process the request because it is malformed,https://support.mozilla.org/questions/1553651,,,,,,,,,1,true,2.13,False,
1553656,2025-12-10T12:19:47.475451Z,2025-12-10,en-US,send-and-receive-email,thunderbird;send-and-receive-email;,balb0wa73,Cant Delete Messages From Thunderbird - gmail,https://support.mozilla.org/questions/1553656,,,,,,m:gmail,,,1,true,14.58,False,
1553661,2025-12-10T12:31:46.272459Z,2025-12-10,it,attachments,thunderbird;needsinfo;attachments;,ultra360,Allegato in ricezione mancante.,https://support.mozilla.org/questions/1553661,os:windows,,,,,m:gmail,proto:imap,,1,true,4.39,False,
1553674,2025-12-10T13:36:41.852037Z,2025-12-10,en-US,profiles,thunderbird;profiles;,stacey12,"I deleted my email account and all of my folders, can I get them back?",https://support.mozilla.org/questions/1553674,,,,,,,,,2,true,0.29,False,
1553681,2025-12-10T14:19:28.402722Z,2025-12-10,en-US,connectivity,thunderbird;connectivity;,royalfour,Unable to set up existing Email account on iMac,https://support.mozilla.org/questions/1553681,,,,,,m:spectrum,,,5,true,18.39,False,
1553682,2025-12-10T14:20:08.704077Z,2025-12-10,en-US,customization,thunderbird;customization;,pallida_mors_76-temporal,Action after message elimination,https://support.mozilla.org/questions/1553682,,,,,,,,,1,true,4.52,False,
1553705,2025-12-10T15:22:36.136104Z,2025-12-10,en-US,passwords-and-sign-in,thunderbird;passwords-and-sign-in;,mmwh,"Emails from my server will not download into Thunderbird.  I get the error message  ""Login to server pop.cybermesa.com w",https://support.mozilla.org/questions/1553705,,,,,,,proto:pop,,1,true,3.37,False,
1553706,2025-12-10T15:27:52.341224Z,2025-12-10,en-US,installation-and-updates,thunderbird;installation-and-updates;,rabattista1,Linux Mint Cinnamon,https://support.mozilla.org/questions/1553706,os:linux,,,,,,,,1,true,5.05,False,
1553710,2025-12-10T15:43:43.044032Z,2025-12-10,en-US,customization,thunderbird;customization;,DarrellWright61,Favorite Folder (locked duplicate),https://support.mozilla.org/questions/1553710,,,,xxxxx,,,,,1,false,,True,DarrellWright61
1553711,2025-12-10T15:45:15.937447Z,2025-12-10,en-US,customization,thunderbird;customization;,winvistafx,Thunderbird 146 does not respect Autoconfig override,https://support.mozilla.org/questions/1553711,os:windows,,,,,,,,15,true,0.56,True,winvistafx
1553713,2025-12-10T15:58:22.219173Z,2025-12-10,en-US,email-and-messaging,thunderbird;email-and-messaging;,sforsgren,Recent Destinations menu in 146.0 no longer usable,https://support.mozilla.org/questions/1553713,,,,,,,,,3,true,3478.16,False,
1553722,2025-12-10T16:44:46.137825Z,2025-12-10,nl,install,thunderbird;install;,fietsbel889,Strange symbols when downloading thunderbird,https://support.mozilla.org/questions/1553722,,,,,,,,,7,true,14.74,False,
1553737,2025-12-10T17:35:10.861838Z,2025-12-10,en-US,send-and-receive-email,thunderbird;send-and-receive-email;,mcdevitt1,Thunderbird Suddenly Stopped Working,https://support.mozilla.org/questions/1553737,,,,,,,,,3,true,564.39,True,mcdevitt1
1553743,2025-12-10T18:13:06.915651Z,2025-12-10,en-US,junk-mail-and-spam,thunderbird;junk-mail-and-spam;,maria.wimmer1,spamfilter (skräp-filter),https://support.mozilla.org/questions/1553743,,,,,,,,,1,true,0.47,False,
1553747,2025-12-10T18:44:29.792933Z,2025-12-10,en-US,email-and-messaging,thunderbird;email-and-messaging;,ivan34,"Wow,  all my sub directories under my email address-s  is gone, where did they go so pissed",https://support.mozilla.org/questions/1553747,,,,,,,,,2,true,13.93,False,
1553753,2025-12-10T19:15:47.113435Z,2025-12-10,en-US,send-and-receive-email,thunderbird;send-and-receive-email;,gwillmccallum,not getting mail,https://support.mozilla.org/questions/1553753,,,,,,,,,5,true,18.92,True,Alex_from_GA
1553757,2025-12-10T19:46:30.877864Z,2025-12-10,en-US,customization,thunderbird;customization;,pdtoth,Organizing sub-files of subfiles,https://support.mozilla.org/questions/1553757,,,,,,,,,0,false,,False,
1553758,2025-12-10T19:47:26.159848Z,2025-12-10,en-US,customization,thunderbird;customization;,jcc8,Thunderbird has to stop marking deleted email as read,https://support.mozilla.org/questions/1553758,,,,,,,,,3,true,7.2,False,
1553760,2025-12-10T19:49:18.786492Z,2025-12-10,en-US,import-and-export-email,thunderbird;import-and-export-email;,asettimo,"Exporting/importing a profile's email, etc.",https://support.mozilla.org/questions/1553760,,,,,,,,,4,true,17.91,True,davidsk
1553766,2025-12-10T20:04:06.508536Z,2025-12-10,en-US,attachments,thunderbird;attachments;,jansson5445,File names,https://support.mozilla.org/questions/1553766,,,,,,,,,1,true,12.57,False,
1553768,2025-12-10T20:10:23.656542Z,2025-12-10,en-US,import-and-export-settings,thunderbird;windows-10;import-and-export-settings;,KLBrownCPA,Importing Tasks,https://support.mozilla.org/questions/1553768,os:windows,Windows 10,,,,,,,0,false,,False,
1553770,2025-12-10T20:15:09.486986Z,2025-12-10,en-US,customization,thunderbird;customization;,affinity,"Folder display changes for junk and ""sent messages"" folders",https://support.mozilla.org/questions/1553770,,,,,,,proto:imap,,9,true,6.87,True,Toad-Hall
1553777,2025-12-10T20:33:04.599872Z,2025-12-10,en-US,send-and-receive-email,thunderbird;send-and-receive-email;,,The server couldn't retrieve message - retrieval failed using the IMAP4 protocol,https://support.mozilla.org/questions/1553777,os:windows,,,,,m:gmail;m:microsoftemail,,,17,true,571.28,False,
1553788,2025-12-10T21:36:16.065210Z,2025-12-10,en-US,app-crash,thunderbird;app-crash;,epuddickwork,Thunderbird has frozen,https://support.mozilla.org/questions/1553788,,,,,,m:btinternet,,,1,true,570.13,False,
1553789,2025-12-10T21:36:43.201010Z,2025-12-10,en-US,connectivity,thunderbird;connectivity;,gwillmccallum,E mail (locked),https://support.mozilla.org/questions/1553789,,,,,,,,,1,true,16.48,False,
1553790,2025-12-10T21:56:24.616287Z,2025-12-10,en-US,email-and-messaging,thunderbird;email-and-messaging;,mcgaffic_2000,Duplicate file folders,https://support.mozilla.org/questions/1553790,,,,,,,,,1,true,65.66,False,
1553808,2025-12-10T23:35:40.714884Z,2025-12-10,en-US,email-and-messaging,thunderbird;email-and-messaging;,rihiggins,Inbox disappeared,https://support.mozilla.org/questions/1553808,os:windows,,,,,,,,8,true,8.95,True,siffemoz
1553812,2025-12-10T23:44:05.784463Z,2025-12-10,en-US,settings,thunderbird;settings;,,Suggestion:  It would be very nice to be able to filter the Mozilla add-ons pages to exclude extensions that don't work ,https://support.mozilla.org/questions/1553812,,,,,,,,,5,true,1.25,True,Toad-Hall
1553817,2025-12-11T00:41:03.874603Z,2025-12-11,en-US,tags,thunderbird;tags;,wheintzelman,Folders and Gmail labels,https://support.mozilla.org/questions/1553817,,,,,,m:gmail,,,3,true,2.09,False,
1553818,2025-12-11T00:57:21.887045Z,2025-12-11,en-US,send-and-receive-email,thunderbird;send-and-receive-email;,admin524,unable to receive messages,https://support.mozilla.org/questions/1553818,,,,,,,,,2,true,13.31,False,
1553824,2025-12-11T01:35:53.369407Z,2025-12-11,en-US,junk-mail-and-spam,thunderbird;junk-mail-and-spam;,jl11,Spam Bypass Not Working,https://support.mozilla.org/questions/1553824,os:windows,,,,,,,,2,true,83.88,False,
1553843,2025-12-11T04:47:58.155218Z,2025-12-11,en-US,send-and-receive-email,thunderbird;send-and-receive-email;,silvius778,why does my inbox indicate that there are 3 emails waiting to be opened?,https://support.mozilla.org/questions/1553843,,,,,,,,,1,true,84.21,False,
1553858,2025-12-11T07:03:49.791228Z,2025-12-11,en-US,app-crash,thunderbird;app-crash;,raypleming,XPCOM fault,https://support.mozilla.org/questions/1553858,,,,,,,,,1,true,6.96,False,
1553867,2025-12-11T08:59:32.913374Z,2025-12-11,en-US,connectivity,thunderbird;connectivity;,alehop13,Thunderbid doesnt' work,https://support.mozilla.org/questions/1553867,,,,,,m:gmail,,,2,true,80.2,True,Toad-Hall
1553872,2025-12-11T09:28:02.734291Z,2025-12-11,en-US,send-and-receive-email,thunderbird;send-and-receive-email;,jnp.kucik,Dňa 26.9.2025 mi prestala prichádzať pošta.,https://support.mozilla.org/questions/1553872,,,,,,m:gmail,,,1,true,4.44,False,
1553877,2025-12-11T10:02:06.675266Z,2025-12-11,en-US,security,thunderbird;security;,ale.fimiani,Problem between Bitdefender and Thunderbird,https://support.mozilla.org/questions/1553877,,,,,,m:gmail,,av:bitdefender,1,true,3.77,False,
1553878,2025-12-11T10:05:15.141682Z,2025-12-11,en-US,send-and-receive-email,thunderbird;send-and-receive-email;,andrea72,The message could not be sent because connecting to outgoing server (SMTP)mail.highpeakwindows.co.uk failed,https://support.mozilla.org/questions/1553878,,,,,,,proto:smtp,,1,false,,False,
1553880,2025-12-11T10:05:50.832279Z,2025-12-11,en-US,connectivity,thunderbird;connectivity;,markbb10,Connection to Comcast Email has Stopped Working,https://support.mozilla.org/questions/1553880,,,,,,m:comcast,proto:imap,,0,false,,False,
1553883,2025-12-11T10:36:19.931014Z,2025-12-11,en-US,account-management,thunderbird;account-management;,maxfermi,Start TB with default account not working? 128.14.0esr (64-bit),https://support.mozilla.org/questions/1553883,,,,,,,,,1,true,21.91,False,
1553889,2025-12-11T11:04:09.245250Z,2025-12-11,en-US,contacts,thunderbird;contacts;,mikekau,address book,https://support.mozilla.org/questions/1553889,,,,,,,,,0,false,,False,
1553894,2025-12-11T11:26:57.978013Z,2025-12-11,en-US,calendar,thunderbird;calendar;,andrewwiatr,caldev authenication,https://support.mozilla.org/questions/1553894,os:windows,,,,,m:gmail;m:onecom,,,0,false,,False,
1553906,2025-12-11T12:20:11.476062Z,2025-12-11,en-US,attachments,thunderbird;windows-11;attachments;firefox-1450;firefox-14502;,Sarek,embedding images,https://support.mozilla.org/questions/1553906,os:windows,Windows 11,,,,,,,0,false,,False,
1553918,2025-12-11T13:10:32.057036Z,2025-12-11,en-US,connectivity,thunderbird;connectivity;,rihiggins,can't download messages,https://support.mozilla.org/questions/1553918,os:windows,,,,,m:comcast,proto:imap,,0,false,,False,
1553919,2025-12-11T13:14:17.515268Z,2025-12-11,en-US,customization,thunderbird;customization;,brnwharton,Thunderbird Desktop Icon,https://support.mozilla.org/questions/1553919,os:linux,,,,,,,,0,false,,False,
1553926,2025-12-11T14:18:14.448903Z,2025-12-11,en-US,passwords-and-sign-in,thunderbird;passwords-and-sign-in;,elora.helmke,Not able to sign into inbound server,https://support.mozilla.org/questions/1553926,,,,,,,proto:imap,,0,false,,False,
1553934,2025-12-11T14:44:45.831612Z,2025-12-11,en-US,customization,thunderbird;customization;,mvhoadley1,Thunderbird highlighting of message,https://support.mozilla.org/questions/1553934,,,,,,,,,4,true,0.38,True,mvhoadley1
1553944,2025-12-11T15:37:37.390403Z,2025-12-11,en-US,send-and-receive-email,thunderbird;send-and-receive-email;,g.j.niblett,lists of 12 addresses using BCC failed to send - have used previously but failed yesteday and today (12 Dec),https://support.mozilla.org/questions/1553944,,,,,,,,,1,true,0.35,False,
1553950,2025-12-11T16:15:09.497213Z,2025-12-11,en-US,email-and-messaging,thunderbird;email-and-messaging;,gfwithers3,Why have I got an Archive Folder,https://support.mozilla.org/questions/1553950,,,,,,,,,1,true,47.04,True,Toad-Hall
1553951,2025-12-11T16:17:23.856738Z,2025-12-11,en-US,send-and-receive-email,thunderbird;send-and-receive-email;,MikeN23,"Copies not placed because of ""network or file access errors""",https://support.mozilla.org/questions/1553951,os:windows,,,,,m:gmail;m:yahooemail;m:comcast,,,4,true,5.4,False,
1553952,2025-12-11T16:21:14.850959Z,2025-12-11,en-US,install,thunderbird;install;,rihiggins,is reinstall safe?,https://support.mozilla.org/questions/1553952,os:windows,,,,,m:comcast,,,5,true,2.24,False,
1553955,2025-12-11T16:31:04.986787Z,2025-12-11,en-US,profiles,thunderbird;profiles;,Inukshuk,"""Profile.ini"" will not import into Thunderbird, causes crash",https://support.mozilla.org/questions/1553955,os:linux,,,,,,proto:imap,,4,true,0.46,True,Inukshuk
1553957,2025-12-11T16:32:33.729652Z,2025-12-11,en-US,reset-passwords,thunderbird;reset-passwords;,Jamesrsamec41,"My Thunderbird Firefox password does not work, preventing me from accessing my e-mail.",https://support.mozilla.org/questions/1553957,,,,,,,,,14,true,0.4,False,
1553959,2025-12-11T16:35:00.691688Z,2025-12-11,en-US,email-and-messaging,thunderbird;email-and-messaging;,dloseth,Seems I lost my local folders somewhere,https://support.mozilla.org/questions/1553959,,,,,,,,,0,false,,False,
1553964,2025-12-11T17:03:32.611784Z,2025-12-11,en-US,passwords-and-sign-in,thunderbird;passwords-and-sign-in;,jarmo.lempinen,TB stopped receiving emails,https://support.mozilla.org/questions/1553964,,,,,,,,,0,false,,False,
1553967,2025-12-11T17:09:01.687581Z,2025-12-11,en-US,email-and-messaging,thunderbird;email-and-messaging;,dacyak,email after cutting cable,https://support.mozilla.org/questions/1553967,,,,,,m:spectrum,,,4,true,1.4,False,
1553970,2025-12-11T17:13:32.335065Z,2025-12-11,en-US,email-and-messaging,thunderbird;email-and-messaging;,cheriek,"Deleting emails from ""All Mail""",https://support.mozilla.org/questions/1553970,,,,,,,,,7,true,1.3,True,davidsk
1553971,2025-12-11T17:20:54.917724Z,2025-12-11,en-US,update,thunderbird;update;,skiba0364,Complete distruction of data after update,https://support.mozilla.org/questions/1553971,,,,,,,,,11,true,1.82,False,
1553972,2025-12-11T17:23:04.031826Z,2025-12-11,en-US,contacts,thunderbird;contacts;,jbubolz,How do I put the address book in the left column of a message being drafted,https://support.mozilla.org/questions/1553972,,,,,,,,,1,true,0.32,True,davidsk
1553973,2025-12-11T17:23:38.791632Z,2025-12-11,en-US,junk-mail-and-spam,thunderbird;junk-mail-and-spam;,qlings52,Blocking junk mail,https://support.mozilla.org/questions/1553973,,,,,,,,,2,true,0.37,False,
1553975,2025-12-11T17:27:19.816583Z,2025-12-11,it,account-management,thunderbird;account-management;,elecofra5288,Errore nella configurazione di Thunderbird,https://support.mozilla.org/questions/1553975,os:windows,,,,,,,,8,true,15.46,True,'@next
1553986,2025-12-11T18:02:10.157513Z,2025-12-11,en-US,account-management,thunderbird;windows-11;account-management;,bnmalm,my email incorrectly displaying wrong name,https://support.mozilla.org/questions/1553986,os:windows,Windows 11,,,,m:att,,,8,true,0.04,False,
1553987,2025-12-11T18:05:03.489235Z,2025-12-11,en-US,email-and-messaging,thunderbird;email-and-messaging;,a.gigiel,how to create a local folder for holding archives,https://support.mozilla.org/questions/1553987,,,,,,,,,1,true,0.42,False,
1553988,2025-12-11T18:08:56.791909Z,2025-12-11,en-US,import-and-export-email,thunderbird;import-and-export-email;,mikec7,Importing to thunderbird from an old laptop to thinderbird on a new laptop.  All options in the import tool fail,https://support.mozilla.org/questions/1553988,,,,,,,,,1,true,0.16,False,
1553990,2025-12-11T18:22:44.209364Z,2025-12-11,en-US,send-and-receive-email,thunderbird;send-and-receive-email;,JoeRLuciano,Message Filters Not Logging (win10),https://support.mozilla.org/questions/1553990,os:windows,,,,,,,,11,true,457.96,False,
1553999,2025-12-11T18:34:46.592792Z,2025-12-11,en-US,send-and-receive-email,thunderbird;send-and-receive-email;,PAUL713,creating filters,https://support.mozilla.org/questions/1553999,,,,,,,,,0,false,,False,
1554008,2025-12-11T19:00:23.886743Z,2025-12-11,en-US,customization,thunderbird;customization;,damurrs,Open next message,https://support.mozilla.org/questions/1554008,,,,,,,,,1,true,4.11,True,sfhowes
1554011,2025-12-11T19:25:11.080677Z,2025-12-11,en-US,send-and-receive-email,thunderbird;send-and-receive-email;,mandr,I have been unable to receive or send emails via Thunderbird for months. This began when frontier sold their email servi,https://support.mozilla.org/questions/1554011,,,,,,m:yahooemail;m:frontier,,,2,true,2.03,False,
1554017,2025-12-11T19:52:51.779118Z,2025-12-11,en-US,connectivity,thunderbird;connectivity;,miguel110,configurez adresse email existante,https://support.mozilla.org/questions/1554017,,,,,,,,,1,true,16.57,False,
1554024,2025-12-11T20:30:43.721132Z,2025-12-11,en-US,customization,thunderbird;customization;,R1B3a,Why does thunderbird keep changing my message filer rules?  I have to correct every time i open thunderbird.,https://support.mozilla.org/questions/1554024,,,,,,,,,3,true,0.91,False,
1554042,2025-12-11T22:23:12.422521Z,2025-12-11,en-US,account-management,thunderbird;account-management;,bruly1942,Deleting old and incorrect email accounts,https://support.mozilla.org/questions/1554042,,,,,,,,,1,true,14.03,True,davidsk
1554047,2025-12-11T22:53:44.677099Z,2025-12-11,nl,import-and-export-email,thunderbird;import-and-export-email;,info13410,Overzetten berichten naar nieuwe pc,https://support.mozilla.org/questions/1554047,,,,,,,,,2,true,8.87,False,
1554069,2025-12-12T02:07:40.013199Z,2025-12-12,en-US,customization,thunderbird;needsinfo;customization;,lynnell,email messages,https://support.mozilla.org/questions/1554069,,,,,,,,,3,true,10.23,False,
1554077,2025-12-12T03:38:22.431817Z,2025-12-12,en-US,send-and-receive-email,thunderbird;send-and-receive-email;,lbrieaddy,can not send or receive emails,https://support.mozilla.org/questions/1554077,,,,,,,,,1,true,8.74,True,davidsk
1554099,2025-12-12T06:42:38.169367Z,2025-12-12,en-US,customization,thunderbird;customization;,updaterakesh,Html signature,https://support.mozilla.org/questions/1554099,,,,,,,,,1,true,5.59,False,
1554112,2025-12-12T08:49:32.130624Z,2025-12-12,it,customization,thunderbird;customization;,elecofra5288,Ordinamento delle cartelle,https://support.mozilla.org/questions/1554112,os:windows,,,,,,,,4,true,0.13,False,
1554114,2025-12-12T08:55:06.041673Z,2025-12-12,en-US,send-and-receive-email,thunderbird;send-and-receive-email;,berges.marcel31,je ne reçois plus les messages depuis le 4 déc.?,https://support.mozilla.org/questions/1554114,,,,,,,,,1,true,4.63,False,
1554115,2025-12-12T09:14:04.736269Z,2025-12-12,en-US,send-and-receive-email,thunderbird;send-and-receive-email;,rg.gibek,liens reçus non cliquables,https://support.mozilla.org/questions/1554115,,,,,,m:orange,,,2,true,9.41,False,
1554118,2025-12-12T09:24:06.991342Z,2025-12-12,en-US,crashing-and-slow-performance,thunderbird;crashing-and-slow-performance;,RonSH,Checking Mail Server Capabilities,https://support.mozilla.org/questions/1554118,,,,,,m:gmail;m:microsoftemail,,,0,false,,False,
1554120,2025-12-12T09:46:17.283245Z,2025-12-12,it,contacts,thunderbird;contacts;,ugo.trumpy,Thunderbird,https://support.mozilla.org/questions/1554120,,,,,,,,,1,true,0.45,True,'@next
1554125,2025-12-12T10:34:24.018041Z,2025-12-12,en-US,email-and-messaging,thunderbird;email-and-messaging;,Whitehill,Deleting Archive Contents,https://support.mozilla.org/questions/1554125,,,,,,,,,0,false,,False,
1554128,2025-12-12T10:57:19.599629Z,2025-12-12,en-US,send-and-receive-email,thunderbird;send-and-receive-email;,x4tz2bjyrb,Sending Suspect Spam,https://support.mozilla.org/questions/1554128,,,,,,,,,11,true,0.82,True,x4tz2bjyrb
1554131,2025-12-12T11:11:42.206309Z,2025-12-12,it,update,thunderbird;update;,ianfer,aggiornamento 146,https://support.mozilla.org/questions/1554131,,,,,,,proto:pop,,5,true,2.51,True,piero.calza
1554134,2025-12-12T11:23:41.283317Z,2025-12-12,en-US,events,thunderbird;events;,ronnyourmatrix,Calendar event context menu has Edit grayed out,https://support.mozilla.org/questions/1554134,,,,,,,,,0,false,,False,
1554153,2025-12-12T13:35:57.592650Z,2025-12-12,en-US,email-and-messaging,thunderbird;email-and-messaging;,bpyoung001,Thunderbird has renamed my All Mail folder to Archives,https://support.mozilla.org/questions/1554153,os:windows,,,,,,,,9,true,24.16,False,
1554154,2025-12-12T13:37:26.582464Z,2025-12-12,en-US,search,thunderbird;search;,dqtimrykfv,"Global Search > ""Show results as list"" > right-click > context menu has two problems: (1) redundant dividers, and (2) su",https://support.mozilla.org/questions/1554154,os:windows,,,,,,,,1,false,,False,
1554159,2025-12-12T14:07:34.228119Z,2025-12-12,en-US,email-and-messaging,thunderbird;email-and-messaging;,bill.ruggirello,Archive folder filling up with unacrchived emails,https://support.mozilla.org/questions/1554159,,,,,,m:gmail,,,2,true,0.42,False,
1554162,2025-12-12T14:27:28.663551Z,2025-12-12,en-US,account-management,thunderbird;account-management;,grimloch,Old Deleted Account credentials not cleared,https://support.mozilla.org/questions/1554162,,,,,,,,,2,true,0.21,True,Yu5tiqX9og
1554166,2025-12-12T14:47:53.052337Z,2025-12-12,en-US,send-and-receive-email,thunderbird;send-and-receive-email;,ecurtis608,Not able to send emails from or receive emails this morning in my inbox with ecurtis@nebnet.net.  All emails this mornin,https://support.mozilla.org/questions/1554166,,,,,,,,,0,false,,False,
1554167,2025-12-12T14:54:51.801514Z,2025-12-12,en-US,send-and-receive-email,thunderbird;send-and-receive-email;,phbuffarot,pop serveur,https://support.mozilla.org/questions/1554167,,,,,,,proto:pop,,3,true,20.21,False,
1554168,2025-12-12T14:58:22.861494Z,2025-12-12,en-US,reset-passwords,thunderbird;reset-passwords;,l.boscze,hlavní heslo,https://support.mozilla.org/questions/1554168,,,,,,,,,1,true,2.48,False,
1554171,2025-12-12T15:10:04.047102Z,2025-12-12,en-US,customization,thunderbird;customization;,larry36,Stop Showing Headers in Forwarded Email,https://support.mozilla.org/questions/1554171,,,,,,,,,7,true,0.61,False,
1554179,2025-12-12T15:50:27.057296Z,2025-12-12,en-US,send-and-receive-email,thunderbird;send-and-receive-email;,chattome,Audible notifications for emails sometimes don't work and visual notifications are sometimes wrong,https://support.mozilla.org/questions/1554179,,,,,,,,,4,true,18.59,False,
1554185,2025-12-12T16:33:31.021297Z,2025-12-12,en-US,email-and-messaging,thunderbird;email-and-messaging;,bobhoskins46,Sub folders have gone missing,https://support.mozilla.org/questions/1554185,,,,,,,,,2,true,16.21,True,siffemoz
1554191,2025-12-12T17:03:25.192609Z,2025-12-12,it,account-management,thunderbird;account-management;,marco.corrias2,account thunderbird,https://support.mozilla.org/questions/1554191,,,,,,,,,8,true,0.05,True,marco.corrias2
1554198,2025-12-12T17:35:22.023318Z,2025-12-12,en-US,profiles,thunderbird;profiles;,mille328,Profile Name Change from 'esr' to 'release',https://support.mozilla.org/questions/1554198,,,,,,,,,1,true,0.85,True,sfhowes
1554200,2025-12-12T17:46:43.792971Z,2025-12-12,en-US,email-and-messaging,thunderbird;email-and-messaging;,mwanamizi,missing emails,https://support.mozilla.org/questions/1554200,,,,,,,,,6,true,14.98,False,
1554202,2025-12-12T18:00:18.493263Z,2025-12-12,en-US,install,thunderbird;install;,kt.astro,Trying to install thunderbird on a new windows 11 laptop,https://support.mozilla.org/questions/1554202,os:windows,,,,,,,,2,true,1.68,False,
1554203,2025-12-12T18:06:32.877050Z,2025-12-12,en-US,customization,thunderbird;customization;,wsisaacs,thunderbird move to folders no longer in alphabetical order (bug2000453),https://support.mozilla.org/questions/1554203,,,,,,,,,4,true,22.53,False,
1554207,2025-12-12T18:30:35.909798Z,2025-12-12,it,attachments,thunderbird;attachments;,resunoiz1,Thunderbird Mobile and p7m,https://support.mozilla.org/questions/1554207,,,,,,,,,1,true,13.45,False,
1554212,2025-12-12T18:49:36.962829Z,2025-12-12,en-US,update,thunderbird;windows-11;update;,dugoutof45,thunderbird ask me to close thunderbird so it will work,https://support.mozilla.org/questions/1554212,os:windows,Windows 11,,,,,,,2,true,15.44,False,
1554214,2025-12-12T18:54:58.458704Z,2025-12-12,en-US,send-and-receive-email,thunderbird;send-and-receive-email;,bkrakow,"tried driving a gmail acct, i.e. forwarding into a TB acct and now have the recurrently page coming",https://support.mozilla.org/questions/1554214,,,,,,m:gmail,,,2,true,5.79,False,
1554224,2025-12-12T19:49:20.991042Z,2025-12-12,en-US,accessibility,thunderbird;accessibility;,jimwin333,Thunderbird email folders,https://support.mozilla.org/questions/1554224,,,,,,,,,1,true,12.8,False,
1554227,2025-12-12T20:10:02.683958Z,2025-12-12,en-US,calendar,thunderbird;calendar;,AlanRobbo007,Output Calendar Data as .CSV file,https://support.mozilla.org/questions/1554227,,,,,,,,,1,true,12.54,False,
1554234,2025-12-12T20:42:01.143330Z,2025-12-12,es,attachments,thunderbird;attachments;,alternojose,No puedo enviar correos  con adjutos con correos con extension .eml,https://support.mozilla.org/questions/1554234,,,,,,,,,0,false,,False,
1554238,2025-12-12T20:55:35.234021Z,2025-12-12,en-US,account-management,thunderbird;account-management;,douginkingston,"Problem with Thunderbird ""IMAP""",https://support.mozilla.org/questions/1554238,,,,,,,proto:imap;proto:smtp,,2,true,0.14,False,
1554243,2025-12-12T21:17:37.104734Z,2025-12-12,en-US,attachments,thunderbird;attachments;,mancali,PLEASE HELP,https://support.mozilla.org/questions/1554243,,,,,,,,,9,true,11.35,True,sfhowes
1554247,2025-12-12T21:26:48.154281Z,2025-12-12,en-US,import-and-export-settings,thunderbird;import-and-export-settings;,jhlwds333-t1,I have a email acct with Thunderbird,https://support.mozilla.org/questions/1554247,,,,,,,,,1,true,1.18,False,
1554251,2025-12-12T22:03:17.126581Z,2025-12-12,en-US,email-and-messaging,thunderbird;email-and-messaging;,kquinby1,"""Read""",https://support.mozilla.org/questions/1554251,,,,,,,,,2,true,14.39,True,Toad-Hall
1554264,2025-12-12T23:05:10.211062Z,2025-12-12,en-US,send-and-receive-email,thunderbird;send-and-receive-email;,david586,Messages disappeared,https://support.mozilla.org/questions/1554264,os:macos,,macos:sequoia,,,,,,0,false,,False,
1554271,2025-12-12T23:32:58.497122Z,2025-12-12,en-US,search,thunderbird;search;,JorgeVismara,*All Mail* folder empty,https://support.mozilla.org/questions/1554271,os:macos,,macos:tahoe,,,,,,15,true,14.01,False,
1554272,2025-12-12T23:34:45.336616Z,2025-12-12,en-US,customization,thunderbird;needsinfo;customization;,rg.mccormick43,MY email panel on left disapears when I select an email to read WHY?,https://support.mozilla.org/questions/1554272,,,,,,,,,4,true,9.0,False,
1554276,2025-12-13T00:29:31.392852Z,2025-12-13,en-US,send-and-receive-email,thunderbird;send-and-receive-email;,pennypincher,send to not working,https://support.mozilla.org/questions/1554276,,,,,,,,,2,true,8.07,True,siffemoz
1554287,2025-12-13T01:30:30.787895Z,2025-12-13,en-US,customization,thunderbird;customization;,carolbrad,Local files,https://support.mozilla.org/questions/1554287,,,,,,,,,4,true,8.51,False,
1554293,2025-12-13T02:52:34.375670Z,2025-12-13,en-US,send-and-receive-email,thunderbird;send-and-receive-email;,rwrogers2,Signature on Replies,https://support.mozilla.org/questions/1554293,os:windows,,,,,,,,3,true,8.84,True,davidsk
1554298,2025-12-13T03:46:24.693076Z,2025-12-13,en-US,account-management,thunderbird;account-management;,ddstrsat1,Thunderbird,https://support.mozilla.org/questions/1554298,,,,,,m:tonline,,,1,true,3.04,True,sfhowes
1554299,2025-12-13T03:48:53.908676Z,2025-12-13,en-US,update,thunderbird;update;,carol60411,Version 146 does not work on my laptop; Version 145 was working fine.  146 is now frozen 90% of the time.,https://support.mozilla.org/questions/1554299,,,,,,,,,9,true,4.71,True,carol60411
1554360,2025-12-13T12:11:07.887824Z,2025-12-13,es,send-and-receive-email,thunderbird;needsinfo;send-and-receive-email;,evercc91,No puedo visualizar mensajes con más de 30 días,https://support.mozilla.org/questions/1554360,,,,,,,,,1,true,89.51,False,
1554364,2025-12-13T13:07:52.223545Z,2025-12-13,pt-BR,email-and-messaging,thunderbird;email-and-messaging;,arnohamel,Como mudar o espaçamento entre linhas nas mensagens do Thunderbird?,https://support.mozilla.org/questions/1554364,,,,,,,,,0,false,,False,
1554368,2025-12-13T13:38:51.269085Z,2025-12-13,en-US,import-and-export-email,thunderbird;import-and-export-email;,kenmarcum,Comcast to thunderbird to yahoo,https://support.mozilla.org/questions/1554368,,,,,,m:yahooemail;m:comcast,,,1,true,5.91,True,sfhowes
1554370,2025-12-13T13:42:54.966177Z,2025-12-13,en-US,send-and-receive-email,thunderbird;send-and-receive-email;,per.eeg1,Receiving emails,https://support.mozilla.org/questions/1554370,,,,,,,,,4,true,3.13,False,
1554372,2025-12-13T14:09:31.295133Z,2025-12-13,en-US,send-and-receive-email,thunderbird;send-and-receive-email;,kevklapper,Thunderbird Integration Gmail adressen,https://support.mozilla.org/questions/1554372,,,,,,m:gmail;m:microsoftemail,proto:oauth,,1,true,0.68,False,
1554375,2025-12-13T14:27:01.400201Z,2025-12-13,en-US,accessibility,thunderbird;accessibility;windows-10;firefox-1460;,martin234,"setting up Thunderbird on mobile requires 'Windows Security , Mozilla Thunderbird. username & password. Can't find them",https://support.mozilla.org/questions/1554375,os:windows,Windows 10,,,,,,,0,false,,False,
1554377,2025-12-13T14:41:30.975587Z,2025-12-13,en-US,junk-mail-and-spam,thunderbird;junk-mail-and-spam;,cody46,Trash emails deleted,https://support.mozilla.org/questions/1554377,,,,,,,,,1,true,0.97,False,
1554384,2025-12-13T15:35:53.683742Z,2025-12-13,en-US,settings,thunderbird;settings;,alanj.warburton,can not print as some times the printers are not listed when I click the print button,https://support.mozilla.org/questions/1554384,,,,,,,,,0,false,,False,
1554388,2025-12-13T16:06:14.354449Z,2025-12-13,en-US,accessibility,thunderbird;accessibility;windows-11;firefox-1460;,frmr118,Thunderbird,https://support.mozilla.org/questions/1554388,os:windows,Windows 11,,,,,,,0,false,,False,
1554390,2025-12-13T16:09:12.530772Z,2025-12-13,en-US,email-and-messaging,thunderbird;email-and-messaging;,Davekubs,"Lost ""All Mail"" folder in Thunderbird",https://support.mozilla.org/questions/1554390,,,,,,,,,3,true,0.12,False,
1554396,2025-12-13T16:50:58.957349Z,2025-12-13,en-US,crashing-and-slow-performance,thunderbird;crashing-and-slow-performance;,finsjeep4x4,App is open but everything  is very slow in loading/response for the last week?,https://support.mozilla.org/questions/1554396,,,,,,,,,1,true,2.02,False,
1554398,2025-12-13T16:56:25.905071Z,2025-12-13,en-US,send-and-receive-email,thunderbird;send-and-receive-email;,ccarman,"Login Problema ""login to twc.com with username xxxxx@cinci.rr.com failed""",https://support.mozilla.org/questions/1554398,,,,,,m:spectrum,,,0,false,,False,
1554399,2025-12-13T17:05:01.957204Z,2025-12-13,en-US,customization,thunderbird;customization;,rg.mccormick43,layout,https://support.mozilla.org/questions/1554399,,,,,,,,,1,true,4.3,False,
1554400,2025-12-13T17:16:29.873268Z,2025-12-13,en-US,install,thunderbird;install;,DaunY,Need Thunderbirdversion 102.13.1,https://support.mozilla.org/questions/1554400,,,,,,,,,3,true,1.86,True,sfhowes
1554410,2025-12-13T18:05:46.416269Z,2025-12-13,en-US,contacts,thunderbird;contacts;,ghofmann,Synchronizing address books,https://support.mozilla.org/questions/1554410,,,,,,,,,1,true,0.94,False,
1554412,2025-12-13T18:18:55.686319Z,2025-12-13,en-US,email-and-messaging,thunderbird;email-and-messaging;,rjmazzie,My emails just started not showing up on my Apple phone,https://support.mozilla.org/questions/1554412,,,,,,,,,0,false,,False,
1554418,2025-12-13T18:56:13.775274Z,2025-12-13,en-US,send-and-receive-email,thunderbird;send-and-receive-email;,philbanfield,email,https://support.mozilla.org/questions/1554418,,,,,,,,,1,true,0.05,False,
1554421,2025-12-13T19:07:21.711069Z,2025-12-13,en-US,customization,thunderbird;customization;,lodril,Stopping Animated GIFs in the preview pane,https://support.mozilla.org/questions/1554421,,,,,,,,,2,true,4.35,True,MattAuSupport
1554425,2025-12-13T19:15:24.676167Z,2025-12-13,en-US,calendar,thunderbird;calendar;,pghalverson,Trouble subscribing to astronomy web calendar in Thunderbird 146.0 (Mac OSX Tahoe 26.1),https://support.mozilla.org/questions/1554425,os:macos,,macos:tahoe;macos:high_sierra,,,,,,0,false,,False,
1554428,2025-12-13T19:33:46.278510Z,2025-12-13,en-US,passwords-and-sign-in,thunderbird;passwords-and-sign-in;,RonWestman65020,Login request,https://support.mozilla.org/questions/1554428,,,,,,,,,1,true,1.65,False,
1554444,2025-12-13T21:17:18.258717Z,2025-12-13,en-US,customization,thunderbird;customization;,mting5777,"I had to reinstall Thunderbird to fix a problem. When I downloaded the install, I donated. After installing, I have a ""W",https://support.mozilla.org/questions/1554444,,,,,,m:spectrum,,,1,true,0.38,False,
1554451,2025-12-13T22:14:27.550353Z,2025-12-13,en-US,connectivity,thunderbird;connectivity;,n2ubp,Version 146 is a hot mess on my Win 11 tower.,https://support.mozilla.org/questions/1554451,os:windows,,,,,m:gmail;m:microsoftemail;m:yahooemail,,,0,false,,False,
1554457,2025-12-13T22:48:03.281250Z,2025-12-13,en-US,email-and-messaging,thunderbird;email-and-messaging;,,Unified Mode,https://support.mozilla.org/questions/1554457,,,,,,,,,3,true,14.38,False,
1554458,2025-12-13T22:50:33.018986Z,2025-12-13,en-US,reset-passwords,thunderbird;reset-passwords;,schnapsberger,Password forgotten,https://support.mozilla.org/questions/1554458,,,,,,,,,1,true,16.48,False,
1554460,2025-12-13T23:10:15.917994Z,2025-12-13,nl,send-and-receive-email,thunderbird;windows-11;send-and-receive-email;firefox-1460;,thijnvandesande,Outlook toevoegen aan Thunderbird,https://support.mozilla.org/questions/1554460,os:windows,Windows 11,,,,m:microsoftemail,,,1,true,13.51,False,
1554463,2025-12-13T23:27:02.707644Z,2025-12-13,en-US,customization,thunderbird;customization;,psmith4,Inbox sequence.,https://support.mozilla.org/questions/1554463,,,,,,,,,4,true,0.97,True,psmith4
1554467,2025-12-13T23:37:52.047377Z,2025-12-13,en-US,calendar,thunderbird;calendar;,olegerityincj1,exporting calandar to  a new computer where the calander file path is different?,https://support.mozilla.org/questions/1554467,,,,,,,,,1,true,13.44,False,
1554477,2025-12-14T00:38:56.351566Z,2025-12-14,en-US,junk-mail-and-spam,thunderbird;junk-mail-and-spam;,aladdin2,How do I mark a message that TB (Windows) has put in the spam folder as not spam?,https://support.mozilla.org/questions/1554477,,,,,,,,,2,true,7.88,True,sfhowes
1554481,2025-12-14T00:45:33.137077Z,2025-12-14,en-US,import-and-export-email,thunderbird;import-and-export-email;,rwhollar,Exporting email data,https://support.mozilla.org/questions/1554481,,,,,,m:yahooemail,,,1,true,0.44,False,
1554482,2025-12-14T00:49:26.461780Z,2025-12-14,en-US,connectivity,thunderbird;connectivity;,gwb2,Links in Thunderbird emails,https://support.mozilla.org/questions/1554482,,,,,,,,,1,true,64.7,True,Toad-Hall
1554487,2025-12-14T01:11:53.559133Z,2025-12-14,en-US,events,linux;thunderbird;calendar;events;,yard1,Reminders 4 hours late...,https://support.mozilla.org/questions/1554487,os:linux,,,,,,,,4,true,64.65,True,yard1
1554499,2025-12-14T02:26:39.913664Z,2025-12-14,en-US,account-management,thunderbird;account-management;,chris.carragher1977,Trouble Adding Gmail to Thunderbird – Urgent Help Needed,https://support.mozilla.org/questions/1554499,,,,,,m:gmail;m:microsoftemail,proto:imap;proto:pop,,1,true,10.54,False,
1554502,2025-12-14T02:40:08.789113Z,2025-12-14,en-US,import-and-export-email,thunderbird;import-and-export-email;,peterdev,Archive removal,https://support.mozilla.org/questions/1554502,,,,,,,,,1,true,10.07,False,
1554513,2025-12-14T04:40:15.026804Z,2025-12-14,en-US,install,thunderbird;install;,cindysdad,"Unable to download TB Setup 146.9.exe  My fault, I aborted  the download when it was taking so long.  Too late realized ",https://support.mozilla.org/questions/1554513,,,,,,,,,1,true,7.05,True,christ1
1554522,2025-12-14T06:39:57.091925Z,2025-12-14,en-US,import-and-export-email,thunderbird;import-and-export-email;,marinagosselin,Moving email (which are in folders) from an old computer to a new computer,https://support.mozilla.org/questions/1554522,,,,,,m:shaw,proto:imap;proto:pop,,1,true,5.91,False,
1554533,2025-12-14T08:33:35.742901Z,2025-12-14,en-US,languages,thunderbird;languages;,oliver49,all sent folders renamed to sent,https://support.mozilla.org/questions/1554533,os:windows,,,,,,,,4,true,3.04,True,christ1
1554538,2025-12-14T09:36:00.095074Z,2025-12-14,en-US,email-and-messaging,thunderbird;email-and-messaging;,mumblesbrian1,Adding Gmail to thunderbird Af,https://support.mozilla.org/questions/1554538,,,,,,m:gmail,,,2,true,1.82,True,christ1
1554542,2025-12-14T10:15:31.855756Z,2025-12-14,en-US,accessibility,thunderbird;accessibility;,fspade,Ctr-C no longer works,https://support.mozilla.org/questions/1554542,,,,,,,,,1,true,1.07,False,
1554583,2025-12-14T14:27:56.969492Z,2025-12-14,fi,send-and-receive-email,thunderbird;send-and-receive-email;,juhani.lahtinen,Sähköpostin lähettäminen ei onnistu ilmeisesti Thunderbirdin päivityksen jälkeen (Version 140.6.0esr),https://support.mozilla.org/questions/1554583,,,,,,,,,0,false,,False,
1554598,2025-12-14T15:45:54.109648Z,2025-12-14,en-US,email-and-messaging,thunderbird;email-and-messaging;,rdg_tech,Comcast Pending Change 2026 - Will the suffix change from Comcast.net?,https://support.mozilla.org/questions/1554598,,,,,,m:yahooemail;m:comcast,,,1,true,169.02,False,
1554599,2025-12-14T15:48:13.047664Z,2025-12-14,en-US,send-and-receive-email,thunderbird;send-and-receive-email;,aidan2,Getting emails to download following data migration by ISP.,https://support.mozilla.org/questions/1554599,,,,,,,,,3,true,3.36,False,
1554604,2025-12-14T16:10:41.669252Z,2025-12-14,en-US,events,thunderbird;events;,juergen-heidemann,Thunderbird Kanal Relaese 146.0 64bit Win 11,https://support.mozilla.org/questions/1554604,os:windows,,,,,,,,1,true,364.95,True,wsmwk
1554607,2025-12-14T16:51:24.899532Z,2025-12-14,en-US,email-and-messaging,thunderbird;email-and-messaging;,dongracer,password not accepted or,https://support.mozilla.org/questions/1554607,,,,,,,,,0,false,,False,
1554611,2025-12-14T17:28:13.376272Z,2025-12-14,en-US,customization,thunderbird;customization;,dennis54,Email,https://support.mozilla.org/questions/1554611,,,,,,,,,5,true,1.1,True,Mapenzi
1554614,2025-12-14T17:33:41.310751Z,2025-12-14,en-US,email-and-messaging,thunderbird;email-and-messaging;,DrDively,"Thunderbird ""Important"" folder",https://support.mozilla.org/questions/1554614,,,,,,m:gmail,,,13,true,1.52,True,davidsk
1554615,2025-12-14T17:34:25.789762Z,2025-12-14,en-US,email-and-messaging,thunderbird;needsinfo;email-and-messaging;,chiplohman,Why isn't xxx@xxx.ORG considered a legitimate email address in Thunderbird?,https://support.mozilla.org/questions/1554615,,,,,,,,,3,true,1.08,True,chiplohman
1554623,2025-12-14T18:09:19.927347Z,2025-12-14,en-US,email-and-messaging,thunderbird;email-and-messaging;,rose15,Email Download,https://support.mozilla.org/questions/1554623,,,,,,,,,2,true,0.42,True,mozilla98
1554630,2025-12-14T18:29:02.052972Z,2025-12-14,en-US,send-and-receive-email,thunderbird;send-and-receive-email;,ernielowe,Thunderbird won't download new messages,https://support.mozilla.org/questions/1554630,,,,,,,,,2,true,322.46,False,
1554631,2025-12-14T18:34:49.615902Z,2025-12-14,en-US,calendar,thunderbird;calendar;,john.beurket,calendar tab,https://support.mozilla.org/questions/1554631,,,,,,,,,1,true,27.38,False,
1554646,2025-12-14T20:46:48.355002Z,2025-12-14,en-US,send-and-receive-email,thunderbird;send-and-receive-email;,del.henderson1,Cannot send emails,https://support.mozilla.org/questions/1554646,,,,,,,,,4,true,0.47,False,
1554651,2025-12-14T21:35:52.375045Z,2025-12-14,en-US,send-and-receive-email,thunderbird;send-and-receive-email;,nieuwland1984,Unable to send email with Hotmail but recieving is ok.,https://support.mozilla.org/questions/1554651,,,,,,m:microsoftemail,proto:imap;proto:smtp;proto:oauth,,9,true,319.71,True,Toad-Hall
1554655,2025-12-14T21:51:17.259450Z,2025-12-14,en-US,connectivity,thunderbird;connectivity;,tim332,Gmail problems with version 146.0,https://support.mozilla.org/questions/1554655,os:windows,,,,,m:gmail,,,0,false,,False,
1554662,2025-12-14T22:26:37.953022Z,2025-12-14,en-US,email-and-messaging,thunderbird;windows-10;email-and-messaging;firefox-1460;,alderney,"My computer crashed and so I reinstalled thunderbird due to error message, now missing emails",https://support.mozilla.org/questions/1554662,,,,,,,,,1,true,161.88,False,
1554664,2025-12-14T22:45:50.776085Z,2025-12-14,es,send-and-receive-email,thunderbird;needsinfo;send-and-receive-email;,pamenico1234,"No recibo en mi PC de escritorio, mails enviados desde Android . . .",https://support.mozilla.org/questions/1554664,,,,,,,,,1,true,54.49,True,pcp04
1554675,2025-12-14T23:36:50.904806Z,2025-12-14,en-US,send-and-receive-email,thunderbird;send-and-receive-email;,mfgray,"Thunderbird will not 'send' my emails at all - it accepts mail, and deletes but will not send.",https://support.mozilla.org/questions/1554675,,,,,,,,,1,true,13.55,False,
1554678,2025-12-14T23:49:30.975384Z,2025-12-14,en-US,crashing-and-slow-performance,thunderbird;crashing-and-slow-performance;,z02139,MacOS Tahoe 26.2 seems to have made Thunderbird more inclined to trigger the window-focus bug,https://support.mozilla.org/questions/1554678,os:macos,,macos:tahoe,,,,,,0,false,,False,
1554686,2025-12-15T01:28:59.950608Z,2025-12-15,en-US,customization,thunderbird;customization;,claradalloway,"Accounts in ""From"" menu",https://support.mozilla.org/questions/1554686,,,,,,,,,1,false,,True,claradalloway
1554688,2025-12-15T01:42:56.883503Z,2025-12-15,en-US,customization,thunderbird;customization;,navoff,I can't drag emails to folders on my new laptop,https://support.mozilla.org/questions/1554688,,,,,,,proto:imap,,0,false,,False,
1554689,2025-12-15T01:46:56.370313Z,2025-12-15,en-US,profiles,thunderbird;profiles;,joanm48,All emails disappeared!,https://support.mozilla.org/questions/1554689,,,,,,m:gmail,,,6,true,64.95,True,christ1
1554710,2025-12-15T05:40:19.124811Z,2025-12-15,en-US,send-and-receive-email,thunderbird;send-and-receive-email;,baumg1,I am not receiving new e-mails,https://support.mozilla.org/questions/1554710,,,,,,,,,1,true,7.4,False,
1554741,2025-12-15T09:10:43.366473Z,2025-12-15,en-US,customization,thunderbird;customization;,johnny.varila,"Thunderbird renamed ""All mail"" folders to ""Archives"", can't be named back",https://support.mozilla.org/questions/1554741,,,,,,,,,3,true,2.51,True,christ1
1554744,2025-12-15T09:23:48.762656Z,2025-12-15,en-US,send-and-receive-email,thunderbird;windows-11;send-and-receive-email;,dahlberg.bo,"Unable to open some, but not all, emails.",https://support.mozilla.org/questions/1554744,os:windows,Windows 11,,,,,,,12,true,5.97,False,
1554745,2025-12-15T09:40:36.644837Z,2025-12-15,nl,send-and-receive-email,thunderbird;send-and-receive-email;,rob280,Opstellen mail vanuit Excel werkt niet meer sinds update 146.0,https://support.mozilla.org/questions/1554745,,,,,,,,,4,true,2.12,False,
1554746,2025-12-15T09:51:53.778285Z,2025-12-15,it,events,thunderbird;events;,amministrazione73,Calendario Thunderbird non fa comparire avviso eventi rimandato,https://support.mozilla.org/questions/1554746,,,,,,,,,6,true,0.93,False,
1554747,2025-12-15T09:57:22.176031Z,2025-12-15,pt-BR,customization,thunderbird;customization;,nkomikawa,Mostrar data do e-mail no Thunderbird Mobile,https://support.mozilla.org/questions/1554747,,,,,,,,,0,false,,False,
1554752,2025-12-15T10:26:26.167806Z,2025-12-15,en-US,tags,thunderbird;tags;,augusti.andrea,Status filter problem,https://support.mozilla.org/questions/1554752,,,,,,,,,6,true,1.94,False,
1554754,2025-12-15T10:36:38.975254Z,2025-12-15,cs,encryption,thunderbird;encryption;,petr.mencl1,Certifikát S/MIME - ERROR_UNKNOWN_ISSUER,https://support.mozilla.org/questions/1554754,os:windows,,,,,,,,5,true,3.99,False,
1554761,2025-12-15T11:18:55.048162Z,2025-12-15,es,customization,thunderbird;customization;,ngquero,Hacer que Thunderbird sea el gestor de correo predeterminado en Windows 11,https://support.mozilla.org/questions/1554761,os:windows,,,,,m:microsoftemail,,,1,true,41.83,False,
1554762,2025-12-15T11:22:11.069827Z,2025-12-15,en-US,customization,thunderbird;customization;,LarsErikOsterud,Folder names suddenly wrong (and can't be changed),https://support.mozilla.org/questions/1554762,,,,,,,,,3,true,0.71,True,christ1
1554766,2025-12-15T11:42:02.454881Z,2025-12-15,en-US,account-management,thunderbird;account-management;,peter210,Delete Thunderbird account,https://support.mozilla.org/questions/1554766,,,,,,,,,2,true,0.54,False,
1554770,2025-12-15T12:18:17.756228Z,2025-12-15,en-US,account-management,thunderbird;account-management;,rick_hughes,Adding a Usenet account to TB,https://support.mozilla.org/questions/1554770,,,,,,,,,11,true,0.21,True,rick_hughes
1554778,2025-12-15T13:11:51.759174Z,2025-12-15,nl,account-management,thunderbird;account-management;,patrick.messagie,thunderbird,https://support.mozilla.org/questions/1554778,,,,,,m:gmail,,,2,true,20.43,False,
1554791,2025-12-15T14:06:10.345150Z,2025-12-15,en-US,customization,thunderbird;customization;,smfabac,I had to roll back to 102.6.1 (32-bit) after updating to 115.10.1,https://support.mozilla.org/questions/1554791,,,,,,,,,0,false,,False,
1554793,2025-12-15T14:17:08.707141Z,2025-12-15,en-US,profiles,thunderbird;profiles;,angela.prinz,Installing Thunderbird profile on new computer,https://support.mozilla.org/questions/1554793,os:windows,,,,,,,,3,true,0.96,True,davidsk
1554794,2025-12-15T14:27:14.673797Z,2025-12-15,en-US,email-and-messaging,thunderbird;email-and-messaging;,wbriggs1,Archive sub-folders renamed,https://support.mozilla.org/questions/1554794,,,,,,m:yahooemail,proto:imap,,2,true,61.99,True,siffemoz
1554813,2025-12-15T16:02:39.074788Z,2025-12-15,en-US,send-and-receive-email,thunderbird;send-and-receive-email;,johnedwards1,New Message window no longer disappears when Sent (using Send Later),https://support.mozilla.org/questions/1554813,,,,,,,,,1,true,39.14,False,
1554814,2025-12-15T16:04:10.867006Z,2025-12-15,es,connectivity,thunderbird;connectivity;,lagymkana,I can't connect to my email server:mail.lagymkana.com. It says the connection was rejected.,https://support.mozilla.org/questions/1554814,,,,,,,,,1,true,37.0,True,pcp04
1554818,2025-12-15T16:10:06.541384Z,2025-12-15,en-US,languages,thunderbird;languages;,post550,Umlauts are not displayed in German Thunderbird,https://support.mozilla.org/questions/1554818,,,,,,,,,22,true,38.93,True,post550
1554820,2025-12-15T16:14:04.726068Z,2025-12-15,en-US,customization,thunderbird;customization;,sally.lucy,Thunderbird Email  --  my read emails are disappearing--,https://support.mozilla.org/questions/1554820,,,,,,,,,3,true,4.69,False,
1554823,2025-12-15T16:25:49.808200Z,2025-12-15,it,account-management,thunderbird;account-management;,annapiro41,aggiornato  e sprito posta certificata e annapiro41gmail.com,https://support.mozilla.org/questions/1554823,,,,,,m:gmail;m:virgilio,,,1,false,,True,annapiro41
1554825,2025-12-15T16:31:52.095108Z,2025-12-15,en-US,reset-passwords,thunderbird;reset-passwords;,selti,Connexion impossible,https://support.mozilla.org/questions/1554825,,,,,,,,,2,true,5.17,False,
1554829,2025-12-15T16:47:36.253033Z,2025-12-15,en-US,junk-mail-and-spam,thunderbird;junk-mail-and-spam;,kemorris1,I have to delete junk once on desktop and once on mobile app,https://support.mozilla.org/questions/1554829,,,,,,,,,1,false,,False,
1554836,2025-12-15T17:13:10.173021Z,2025-12-15,en-US,send-and-receive-email,thunderbird;send-and-receive-email;,Qmavam,No emails since 12/5 my isp says the fixed their end says ask Thunderbird for help.,https://support.mozilla.org/questions/1554836,,,,,,m:gmail,proto:imap,,1,true,48.49,False,
1554839,2025-12-15T17:21:31.291305Z,2025-12-15,nl,app-crash,thunderbird;app-crash;,robcoers,Thunderbird crashed al vóór eerste gebruik,https://support.mozilla.org/questions/1554839,,,,,,,,,2,true,16.35,False,
1554841,2025-12-15T17:25:21.741419Z,2025-12-15,en-US,encryption,thunderbird;encryption;,john-bennettdorset,I am using email [edited-for-privacy]@supanet.com,https://support.mozilla.org/questions/1554841,,,,,,,proto:imap,,11,true,0.66,False,
1554842,2025-12-15T17:26:52.330173Z,2025-12-15,en-US,send-and-receive-email,thunderbird;send-and-receive-email;,WebDev,Thunderbird goes Ape!,https://support.mozilla.org/questions/1554842,,,,,,m:yahooemail,,,1,true,1.41,False,
1554843,2025-12-15T17:29:35.037612Z,2025-12-15,en-US,email-and-messaging,thunderbird;windows-10;email-and-messaging;,crazycajun4,missing emails after an Update,https://support.mozilla.org/questions/1554843,os:windows,Windows 10,,,,,,,8,true,37.55,False,
1554845,2025-12-15T17:42:33.418401Z,2025-12-15,en-US,send-and-receive-email,thunderbird;send-and-receive-email;,Opahujo,Thunderbird does not post certain emails.,https://support.mozilla.org/questions/1554845,,,,,,,,,7,true,143.72,False,
1554851,2025-12-15T17:57:32.320997Z,2025-12-15,nl,undefined,thunderbird;undefined;,robcoers,Donatie ongedaan maken,https://support.mozilla.org/questions/1554851,,,,,,,,,1,true,15.83,False,
1554862,2025-12-15T18:41:07.653940Z,2025-12-15,en-US,email-and-messaging,thunderbird;email-and-messaging;,john-bennettdorset,i wiil start again thunderbird says imap.supanet.com does not come from atrusted source but i am ok with that. supanet i,https://support.mozilla.org/questions/1554862,,,,,,m:gmail,proto:imap,,0,false,,False,
1554863,2025-12-15T18:49:02.597957Z,2025-12-15,en-US,send-and-receive-email,thunderbird;send-and-receive-email;,glindathegood,Thunderbird could not connect to server inbound.att.net. The connection was refused.,https://support.mozilla.org/questions/1554863,,,,,,m:yahooemail;m:att,,,3,true,142.67,True,glindathegood
1554864,2025-12-15T18:52:58.962520Z,2025-12-15,en-US,send-and-receive-email,thunderbird;send-and-receive-email;,smb21,Messages no longer download from two AT&T (ameritech.net) accounts.,https://support.mozilla.org/questions/1554864,os:windows,,,,,m:att,,,3,true,2.81,False,
1554865,2025-12-15T19:05:36.019478Z,2025-12-15,en-US,email-and-messaging,thunderbird;email-and-messaging;,wbmattes,Thunderbird Archive Folder - Duplicating emails?,https://support.mozilla.org/questions/1554865,,,,,,m:gmail,,,3,true,13.78,True,christ1
1554868,2025-12-15T19:25:26.637942Z,2025-12-15,en-US,send-and-receive-email,thunderbird;send-and-receive-email;,dirtft,"updated the thunderbird client when prompted today, windows 11, now my att wmail does not work",https://support.mozilla.org/questions/1554868,os:windows,,,,,m:att,,,1,false,,False,
1554876,2025-12-15T20:16:54.892956Z,2025-12-15,en-US,send-and-receive-email,thunderbird;send-and-receive-email;,,"Error: ""The message could not be sent because connecting to Outgoing server (SMTP) smtp-mail.outlook.com failed. The ser",https://support.mozilla.org/questions/1554876,,,,,,m:microsoftemail,proto:smtp,,5,true,2.48,True,wsmwk
1554881,2025-12-15T20:40:14.348984Z,2025-12-15,en-US,send-and-receive-email,thunderbird;send-and-receive-email;,info13424,No emails,https://support.mozilla.org/questions/1554881,,,,,,,,,8,true,0.99,True,mozilla98
1554889,2025-12-15T20:59:26.546095Z,2025-12-15,en-US,account-management,thunderbird;account-management;,steve694,QR code for mobile setup does not work with long email addresses?,https://support.mozilla.org/questions/1554889,,,,,,,,,0,false,,False,
1554892,2025-12-15T21:25:02.889485Z,2025-12-15,en-US,installation-and-updates,thunderbird;installation-and-updates;,gcfenton53,the removal of your app when windows updated,https://support.mozilla.org/questions/1554892,,,,,,,,,1,true,1.6,False,
1554893,2025-12-15T21:29:04.226019Z,2025-12-15,en-US,send-and-receive-email,thunderbird;send-and-receive-email;,yashar.mosaic,Thunderbird opens the browser and email setting every time i want to send an email through remote server (Parallels Clin,https://support.mozilla.org/questions/1554893,,,,,,,,,0,false,,False,
1554902,2025-12-15T22:19:39.136976Z,2025-12-15,en-US,contacts,thunderbird;contacts;,johnscovell,Address book; deleting,https://support.mozilla.org/questions/1554902,os:macos,,macos:tahoe,,,,,,1,true,15.64,False,
1554903,2025-12-15T22:34:46.804662Z,2025-12-15,en-US,send-and-receive-email,thunderbird;send-and-receive-email;,k.vaak,"CNT SEND OR RESPOND TO A EMAIL EVEN TO MYSELF ON A DIFFERENYADRESS, ANY SUGESTIONS.",https://support.mozilla.org/questions/1554903,,,,,,,,,1,true,14.27,False,
1554905,2025-12-15T22:38:58.918205Z,2025-12-15,en-US,contacts,thunderbird;contacts;,janneg5,Address list empty efter move to new computer,https://support.mozilla.org/questions/1554905,os:windows,,,,,,,,3,true,14.39,True,janneg5
1554915,2025-12-15T23:38:10.710655Z,2025-12-15,en-US,connectivity,thunderbird;connectivity;,reynoldsnandj,Unable to connect Thunderbird email,https://support.mozilla.org/questions/1554915,,,,,,,,,4,true,7.93,False,
1554919,2025-12-15T23:59:47.433656Z,2025-12-15,en-US,install,thunderbird;install;,steve697,Installing system on new computer,https://support.mozilla.org/questions/1554919,,,,,,,,,1,true,6.83,False,
1554925,2025-12-16T00:24:32.000363Z,2025-12-16,en-US,email-and-messaging,thunderbird;email-and-messaging;,schofijnet10,Folders,https://support.mozilla.org/questions/1554925,,,,,,m:gmail,,,1,true,136.44,False,
1554926,2025-12-16T00:47:48.471319Z,2025-12-16,en-US,customization,thunderbird;customization;,aaathari,thunderbird,https://support.mozilla.org/questions/1554926,,,,,,,,,3,true,5.98,False,
1554930,2025-12-16T02:00:55.295872Z,2025-12-16,en-US,contacts,thunderbird;contacts;,islandee,Saving address book revisions,https://support.mozilla.org/questions/1554930,,,,,,,,,5,true,4.73,True,sfhowes
1554950,2025-12-16T04:12:56.351048Z,2025-12-16,en-US,email-and-messaging,thunderbird;email-and-messaging;,jjflynn,setting up exiating email on Yhunderbird,https://support.mozilla.org/questions/1554950,,,,,,m:spectrum,,,4,true,26.8,True,davidsk
1554951,2025-12-16T04:24:09.589086Z,2025-12-16,en-US,email-and-messaging,thunderbird;email-and-messaging;,Whitehill,archive folder deletion,https://support.mozilla.org/questions/1554951,,,,,,,,,5,true,2.3,True,siffemoz
1554972,2025-12-16T07:43:34.112937Z,2025-12-16,en-US,passwords-and-sign-in,thunderbird;passwords-and-sign-in;,verse,Lost email,https://support.mozilla.org/questions/1554972,,,,,,,,av:iobit,1,true,0.8,False,
1554987,2025-12-16T09:26:19.804285Z,2025-12-16,en-US,accessibility,thunderbird;accessibility;,uxagdp,donate,https://support.mozilla.org/questions/1554987,,,,,,,,,2,true,210.14,False,
1554988,2025-12-16T09:35:06.162856Z,2025-12-16,en-US,junk-mail-and-spam,thunderbird;junk-mail-and-spam;,info13426,Deleted Folder missing,https://support.mozilla.org/questions/1554988,,,,,,,,,4,true,3.76,False,
1554993,2025-12-16T09:54:24.986941Z,2025-12-16,en-US,crashing-and-slow-performance,thunderbird;crashing-and-slow-performance;,alain.peri16,"Since the new global update, It is long, long to start Thunderbird application.! Too long !",https://support.mozilla.org/questions/1554993,,,,,,,,,0,false,,False,
1554996,2025-12-16T10:13:32.308366Z,2025-12-16,en-US,attachments,thunderbird;attachments;,cath.page,You havef ailed to send my email with xlsx attachment and told me 'This message does not meet our delivery requirements.,https://support.mozilla.org/questions/1554996,,,,,,,,,1,true,2.1,False,
1555000,2025-12-16T10:51:02.500703Z,2025-12-16,it,send-and-receive-email,thunderbird;needsinfo;send-and-receive-email;,contact889,"Non mi arrivano più le e-mail di ""nuovo ordine"" dal mio sito web",https://support.mozilla.org/questions/1555000,,,,,,,,,1,true,3.78,False,
1555004,2025-12-16T11:11:42.078901Z,2025-12-16,en-US,send-and-receive-email,thunderbird;send-and-receive-email;,shpbrown,eero settings with Thunderbird,https://support.mozilla.org/questions/1555004,,,,,,,,,2,true,4.29,False,
1555009,2025-12-16T12:04:43.319071Z,2025-12-16,en-US,junk-mail-and-spam,thunderbird;junk-mail-and-spam;,buchanan.varclin,Spam/Junk doesn't go to Spam/Junk folder,https://support.mozilla.org/questions/1555009,,,,,,,,,3,true,0.21,False,
1555011,2025-12-16T12:15:21.653527Z,2025-12-16,en-US,email-and-messaging,thunderbird;email-and-messaging;,JJF.MKDE974,Disparition de dossiers après déplacement,https://support.mozilla.org/questions/1555011,,,,,,,,,1,true,0.74,False,
1555018,2025-12-16T13:07:41.592821Z,2025-12-16,en-US,account-management,thunderbird;account-management;,steveadkins2017,I have just bought a chromebook and installed thunderbird but am finding it impossible to use my account on it,https://support.mozilla.org/questions/1555018,,,,,,,,,4,true,2.19,False,
1555021,2025-12-16T13:13:58.083883Z,2025-12-16,en-US,send-and-receive-email,thunderbird;send-and-receive-email;,crowdoll,why are my sent emails going to deleted messages folder?,https://support.mozilla.org/questions/1555021,,,,,,,,,3,true,2.7,False,
1555023,2025-12-16T13:26:24.097867Z,2025-12-16,en-US,attachments,thunderbird;attachments;,ikeruga,Latest Thunderbird on Windows 11 25H2 is unable to open emails with attachments,https://support.mozilla.org/questions/1555023,os:windows,,,,,,,,3,true,17.51,True,ikeruga
1555027,2025-12-16T13:43:34.525816Z,2025-12-16,en-US,send-and-receive-email,thunderbird;send-and-receive-email;,m3p,Keep messages on server v.140.6,https://support.mozilla.org/questions/1555027,,,,,,,,,8,true,2.07,False,
1555029,2025-12-16T14:04:02.397916Z,2025-12-16,en-US,import-and-export-email,thunderbird;windows-11;import-and-export-email;firefox-1460;,vmc56,Thunderbird  how do I move it to my new pc,https://support.mozilla.org/questions/1555029,os:windows,Windows 11,,,,,,,1,true,1.19,False,
1555036,2025-12-16T14:23:10.455015Z,2025-12-16,nl,send-and-receive-email,thunderbird;send-and-receive-email;,johnmaas,Verdwenen mails uit inbox,https://support.mozilla.org/questions/1555036,,,,,,,,,9,true,17.41,False,
1555039,2025-12-16T14:46:13.038187Z,2025-12-16,en-US,contacts,thunderbird;contacts;,info9504,How do I copy email addresses from an Address Book into an email template to send a group email?,https://support.mozilla.org/questions/1555039,,,,,,,,,1,true,0.98,False,
1555044,2025-12-16T15:29:30.460019Z,2025-12-16,en-US,contacts,thunderbird;contacts;,robmahn,Contact information deleted during edit,https://support.mozilla.org/questions/1555044,,,,,,m:gmail,,,1,true,1.45,False,
1555049,2025-12-16T15:48:29.623646Z,2025-12-16,en-US,install,thunderbird;install;,tmrcnvn,Tell me instructions to download to Thunderbird.,https://support.mozilla.org/questions/1555049,,,,,,,,,1,true,0.09,False,
1555054,2025-12-16T16:01:56.847157Z,2025-12-16,en-US,import-and-export-email,thunderbird;import-and-export-email;,blog_andi,Import of Calendar and Contacts from MS Outlook,https://support.mozilla.org/questions/1555054,,,,,,m:microsoftemail,,,0,false,,False,
1555056,2025-12-16T16:03:54.173099Z,2025-12-16,cs,security,thunderbird;security;,lybero,Thunderbird - zámek u ikony účtu,https://support.mozilla.org/questions/1555056,,,,,,,,,1,true,2.54,True,Ansamb
1555064,2025-12-16T16:52:11.999866Z,2025-12-16,en-US,accessibility,thunderbird;accessibility;windows-10;,mworzel85,thunderbird 'new messages',https://support.mozilla.org/questions/1555064,os:windows,Windows 10,,,,m:orange,,,5,true,0.13,True,davidsk
1555066,2025-12-16T17:12:18.291654Z,2025-12-16,en-US,send-and-receive-email,thunderbird;send-and-receive-email;,gerald.ten,TB fails to check mail on a scheduled basis,https://support.mozilla.org/questions/1555066,os:macos,,macos:sequoia,,,,,,6,true,13.71,True,gerald.ten
1555073,2025-12-16T17:39:55.319803Z,2025-12-16,en-US,events,thunderbird;events;,ullfolk,Calendar Events,https://support.mozilla.org/questions/1555073,,,,,,,,,0,false,,False,
1555078,2025-12-16T18:02:12.674322Z,2025-12-16,en-US,passwords-and-sign-in,thunderbird;passwords-and-sign-in;,ch3sn2jc,Passwords,https://support.mozilla.org/questions/1555078,,,,,,m:yahooemail,proto:oauth,,1,true,0.88,False,
1555080,2025-12-16T18:14:53.910721Z,2025-12-16,en-US,email-and-messaging,thunderbird;email-and-messaging;,ulrike.schott,Thunderbird-Papierkorb,https://support.mozilla.org/questions/1555080,,,,,,,,,1,true,1.96,False,
1555089,2025-12-16T18:51:12.900684Z,2025-12-16,en-US,passwords-and-sign-in,thunderbird;passwords-and-sign-in;,peter.muehlemann,Thunderbird,https://support.mozilla.org/questions/1555089,,,,,,m:bluewin,,,2,true,1.89,True,sfhowes
1555095,2025-12-16T19:16:20.259171Z,2025-12-16,en-US,contacts,thunderbird;contacts;,kreative30000001,Cannot delete or edit names from the address book,https://support.mozilla.org/questions/1555095,,,,,,,,,7,true,0.57,True,davidsk
1555100,2025-12-16T19:53:59.499546Z,2025-12-16,en-US,email-and-messaging,thunderbird;email-and-messaging;,FlemingMJ99,Some Local folders have been renamed as Sent,https://support.mozilla.org/questions/1555100,os:windows,,,,,,,,2,true,1.78,True,christ1
1555101,2025-12-16T20:04:14.230481Z,2025-12-16,en-US,email-and-messaging,thunderbird;email-and-messaging;,CraigDawick,"""Message In Conversation"" has disappeared from my emails , so I can't see the thread",https://support.mozilla.org/questions/1555101,,,,,,,,,5,true,0.39,True,Mapenzi
1555110,2025-12-16T21:18:11.651315Z,2025-12-16,en-US,send-and-receive-email,thunderbird;send-and-receive-email;,tvmacek,Connecting to Outgoing server (SMTP) outbound.att.net failed,https://support.mozilla.org/questions/1555110,,,,,,m:att,proto:smtp,,2,true,1.16,True,sfhowes
1555128,2025-12-16T22:57:09.870734Z,2025-12-16,en-US,import-and-export-email,thunderbird;import-and-export-email;,mod.desiree.carpio,Urgent: Email Backup for Expiring Inbox,https://support.mozilla.org/questions/1555128,,,,,,,,,2,true,2.27,False,
1555141,2025-12-16T23:56:26.882706Z,2025-12-16,en-US,send-and-receive-email,thunderbird;needsinfo;send-and-receive-email;,djmooty,Gmail not allowing Thunderbird address list send,https://support.mozilla.org/questions/1555141,os:windows,,,,,m:gmail,,,1,true,31.65,False,
1555145,2025-12-17T00:14:39.084169Z,2025-12-17,en-US,import-and-export-email,thunderbird;import-and-export-email;,atscomms,Combining profiles,https://support.mozilla.org/questions/1555145,,,,,,,,,5,true,11.86,False,
1555148,2025-12-17T00:27:36.532945Z,2025-12-17,en-US,customization,thunderbird;customization;,woody8297,Thunderbird email defaults to select the next message,https://support.mozilla.org/questions/1555148,,,,,,,,,4,true,0.89,True,woody8297
1555153,2025-12-17T00:56:36.861032Z,2025-12-17,en-US,customization,thunderbird;customization;,edhaser,Thunderbird now has Local Folders and Templates confused,https://support.mozilla.org/questions/1555153,,,,,,,,,0,false,,False,
1555157,2025-12-17T01:29:12.547485Z,2025-12-17,en-US,send-and-receive-email,thunderbird;send-and-receive-email;,torden2,The contents of my inbox disappeared!,https://support.mozilla.org/questions/1555157,,,,,,,,,1,true,5.37,False,
1555164,2025-12-17T02:02:28.758158Z,2025-12-17,en-US,connectivity,thunderbird;connectivity;,,Think I'm have to abandon Thunderbird.,https://support.mozilla.org/questions/1555164,,,,,,,,,1,true,13.02,False,
1555202,2025-12-17T06:14:58.565614Z,2025-12-17,hu,junk-mail-and-spam,thunderbird;junk-mail-and-spam;,lajos.willingsdorfer,E-mail-ek végleges törlése,https://support.mozilla.org/questions/1555202,,,,,,,,,0,false,,False,
1555203,2025-12-17T06:18:12.998326Z,2025-12-17,en-US,email-and-messaging,thunderbird;email-and-messaging;,taskiranus,Cannot see the color of the words with highlighted background colors when receiving emails.,https://support.mozilla.org/questions/1555203,,,,,,,,,1,true,155.79,False,
1555214,2025-12-17T06:55:02.945123Z,2025-12-17,en-US,events,thunderbird;events;,chris.devitt,Calendar,https://support.mozilla.org/questions/1555214,,,,,,m:microsoftemail,,,0,false,,False,
1555220,2025-12-17T07:11:35.310910Z,2025-12-17,en-US,save-passwords,thunderbird;save-passwords;,niedzwiedz1,warum verlangt https://caldav.gmx.net verlangt einen Benutzernamen und ein Passwort.,https://support.mozilla.org/questions/1555220,,,,,,m:gmx,proto:caldav,,1,true,9.26,False,
1555226,2025-12-17T07:51:30.694226Z,2025-12-17,nl,reset-passwords,thunderbird;reset-passwords;,gdebie8,Wachtwoorden vergeten,https://support.mozilla.org/questions/1555226,,,,,,,,,1,true,1.31,False,
1555228,2025-12-17T07:54:23.791165Z,2025-12-17,en-US,accessibility,thunderbird;accessibility;,vitaliy.smaylov,Donations,https://support.mozilla.org/questions/1555228,,,,,,,,,1,true,6.16,False,
1555235,2025-12-17T08:43:18.847642Z,2025-12-17,it,customization,thunderbird;needsinfo;customization;,roberto.brindisi95,MESSAGGI POSTA NON VISUALIZZATI,https://support.mozilla.org/questions/1555235,,,,,,,,,1,true,7.94,False,
1555247,2025-12-17T09:29:14.539317Z,2025-12-17,en-US,send-and-receive-email,thunderbird;send-and-receive-email;,berges.marcel31,je n'arrive plus à charger les messages depuis le 4 décembre ?,https://support.mozilla.org/questions/1555247,,,,,,,,,1,true,2.66,False,
1555260,2025-12-17T10:30:37.573239Z,2025-12-17,en-US,send-and-receive-email,thunderbird;send-and-receive-email;,peterdev,draft emails,https://support.mozilla.org/questions/1555260,,,,,,,,,1,true,1.63,False,
1555270,2025-12-17T11:20:13.052198Z,2025-12-17,nl,contacts,thunderbird;contacts;,paddy6,adressenboek heeft dubbele of drie dubbele items gekregen,https://support.mozilla.org/questions/1555270,,,,,,,,,1,true,0.18,False,
1555276,2025-12-17T11:29:58.757520Z,2025-12-17,nl,send-and-receive-email,thunderbird;send-and-receive-email;,silvestervdvliet,email,https://support.mozilla.org/questions/1555276,,,,,,,,,3,true,1.97,False,
1555277,2025-12-17T11:33:53.178259Z,2025-12-17,fi,customization,thunderbird;customization;,mauno.luomala,Font size in Thunderbird email client.,https://support.mozilla.org/questions/1555277,,,,,,,,,0,false,,False,
1555278,2025-12-17T11:34:40.021673Z,2025-12-17,nl,contacts,thunderbird;contacts;,silvestervdvliet,adressen,https://support.mozilla.org/questions/1555278,,,,,,,,,1,true,0.27,False,
1555279,2025-12-17T11:35:35.428637Z,2025-12-17,en-US,send-and-receive-email,thunderbird;send-and-receive-email;,johan.olofsson,"from nowhere, i can´t open my colleague emails.",https://support.mozilla.org/questions/1555279,,,,,,,,,2,true,3.52,True,johan.olofsson
1555281,2025-12-17T11:42:21.377914Z,2025-12-17,en-US,search,thunderbird;search;,camachorod,"Advanced search directly in the global search function (from:XXX to:YYY subject:""foo"" after:20d)",https://support.mozilla.org/questions/1555281,,,,,,,,,2,false,,False,
1555283,2025-12-17T12:03:13.961663Z,2025-12-17,en-US,crashing-and-slow-performance,thunderbird;crashing-and-slow-performance;,info9330,Thunderbird calendar taking a long time to populate,https://support.mozilla.org/questions/1555283,os:windows,,,,,m:gmail;m:microsoftemail,,,1,true,256.81,False,
1555288,2025-12-17T12:15:37.250181Z,2025-12-17,it,passwords-and-sign-in,thunderbird;needsinfo;passwords-and-sign-in;,walter.severi,richiesta continua di Tunderbird di nuova password per una mia casella Pec con Aruba,https://support.mozilla.org/questions/1555288,,,,,,,,,1,true,4.34,False,
1555289,2025-12-17T12:31:17.291401Z,2025-12-17,en-US,tags,thunderbird;tags;,pejwhite9,Thunderbird Labels,https://support.mozilla.org/questions/1555289,,,,,,m:gmail,,,2,true,0.74,True,christ1
1555290,2025-12-17T12:32:19.250350Z,2025-12-17,en-US,customization,thunderbird;customization;,robbie3,email settings,https://support.mozilla.org/questions/1555290,,,,,,,proto:pop,,1,true,0.28,False,
1555298,2025-12-17T13:05:11.026385Z,2025-12-17,it,connectivity,thunderbird;needsinfo;connectivity;,emanuela.fazzari,non ricevo email,https://support.mozilla.org/questions/1555298,,,,,,,,,1,true,3.45,False,
1555336,2025-12-17T15:09:18.039623Z,2025-12-17,it,customization,thunderbird;customization;,avv.luksch,suono all'arrivo di posta,https://support.mozilla.org/questions/1555336,,,,,,,,,5,true,1.32,False,
1555346,2025-12-17T15:56:34.509065Z,2025-12-17,en-US,customization,thunderbird;customization;,rick_hughes,TB opens links in BING which is not defaly browser,https://support.mozilla.org/questions/1555346,,,,,,,,,1,true,145.75,False,
1555353,2025-12-17T16:33:22.853297Z,2025-12-17,en-US,send-and-receive-email,thunderbird;send-and-receive-email;,Qmavam,"12 days still no solution to no emails, Is there a way to escalate to get my problem solved? ISP says it is a  Thunderbi",https://support.mozilla.org/questions/1555353,,,,,,m:gmail,,,6,true,1.02,False,
1555360,2025-12-17T16:51:26.287676Z,2025-12-17,en-US,attachments,thunderbird;attachments;,dianne.smillie,I'm struggling to attach a photo to an email I'm sending,https://support.mozilla.org/questions/1555360,,,,,,,,,1,true,72.84,True,Toad-Hall
1555362,2025-12-17T16:56:22.937183Z,2025-12-17,en-US,send-and-receive-email,thunderbird;windows-10;send-and-receive-email;firefox-1460;,domlafore,bloquage de pop.numericable,https://support.mozilla.org/questions/1555362,,,,,,m:gmail,proto:pop,,1,true,0.62,False,
1555386,2025-12-17T18:13:32.425902Z,2025-12-17,it,email-and-messaging,thunderbird;needsinfo;email-and-messaging;,mauro.mlcbs,problemi di visualizzazione messaggi,https://support.mozilla.org/questions/1555386,,,,,,,,,1,true,14.04,False,
1555396,2025-12-17T18:29:46.195816Z,2025-12-17,en-US,email-and-messaging,thunderbird;email-and-messaging;,charles116,"I have two ""sent"" folders in thunderbird. How can I delete one?",https://support.mozilla.org/questions/1555396,,,,,,,,,4,true,0.65,True,charles116
1555398,2025-12-17T18:33:45.594095Z,2025-12-17,en-US,customization,thunderbird;customization;,paul111,File (saving/moving) to a folder - Recent function (bug2000453),https://support.mozilla.org/questions/1555398,,,,,,,,,25,true,0.55,False,
1555409,2025-12-17T18:58:49.092347Z,2025-12-17,en-US,customization,thunderbird;customization;,cyanicka46,Local folders in Thunderbird are out of order.,https://support.mozilla.org/questions/1555409,os:windows,,,,,,,,7,true,0.1,False,
1555422,2025-12-17T19:33:53.816194Z,2025-12-17,en-US,profiles,thunderbird;profiles;,gsawkins,Can I set a new default profile in Thunderbird,https://support.mozilla.org/questions/1555422,os:windows,,,,,,,,3,true,0.33,True,davidsk
1555430,2025-12-17T19:58:56.695835Z,2025-12-17,en-US,send-and-receive-email,thunderbird;send-and-receive-email;,cbarba@ipresson.com,Emails disappeared from inbox,https://support.mozilla.org/questions/1555430,,,,,,,,,4,true,1.71,False,
1555439,2025-12-17T20:35:19.102138Z,2025-12-17,en-US,import-and-export-email,thunderbird;import-and-export-email;,devontempelmeyer,Thunderbird Local folder migration,https://support.mozilla.org/questions/1555439,,,,,,,proto:imap,,3,true,0.8,False,
1555478,2025-12-17T23:09:25.211071Z,2025-12-17,en-US,email-and-messaging,thunderbird;needsinfo;email-and-messaging;,pcowan27,I can't find my Archives folder on a new installation of THunderbird,https://support.mozilla.org/questions/1555478,,,,,,,,,1,true,139.11,False,
1555498,2025-12-18T00:49:36.299646Z,2025-12-18,en-US,send-and-receive-email,thunderbird;send-and-receive-email;,lajoes,COMCAST Message Retrival Outage 2025 12 17,https://support.mozilla.org/questions/1555498,,,,,,m:comcast,,,0,false,,False,
1555500,2025-12-18T00:56:40.924400Z,2025-12-18,en-US,send-and-receive-email,thunderbird;send-and-receive-email;,MikeB2009,My Thunderbird Email will receive but not send mail.,https://support.mozilla.org/questions/1555500,,,,,,,,,1,true,39.59,False,
1555505,2025-12-18T01:12:42.558293Z,2025-12-18,en-US,send-and-receive-email,thunderbird;send-and-receive-email;,j22178932,howto block emails from specific vendors,https://support.mozilla.org/questions/1555505,,,,,,,,,1,true,39.04,False,
1555510,2025-12-18T01:27:08.180312Z,2025-12-18,en-US,languages,thunderbird;languages;,Thiki,Message Filter Actions Not Shown in Japanese UI,https://support.mozilla.org/questions/1555510,os:macos,,macos:sequoia,,,,,,2,true,86.49,True,Thiki
1555530,2025-12-18T02:52:06.409193Z,2025-12-18,en-US,send-and-receive-email,thunderbird;send-and-receive-email;,dodcoagc,cannot access remote content in email,https://support.mozilla.org/questions/1555530,,,,,,,,,1,true,0.87,False,
1555535,2025-12-18T03:26:03.332438Z,2025-12-18,en-US,send-and-receive-email,thunderbird;send-and-receive-email;,sebastianfardella,out going email very slow,https://support.mozilla.org/questions/1555535,,,,,,,,,9,true,62.18,True,MattAuSupport
1555550,2025-12-18T05:35:30.776307Z,2025-12-18,nl,reset-passwords,thunderbird;reset-passwords;,gdebie8,Wachtwoorden verloren.,https://support.mozilla.org/questions/1555550,,,,,,,,,1,true,2.27,False,
1555562,2025-12-18T07:17:56.859097Z,2025-12-18,en-US,events,thunderbird;events;,franvgls,Setting alarms/notification for events in calendar,https://support.mozilla.org/questions/1555562,,,,,,,,,0,false,,False,
1555569,2025-12-18T08:11:16.020748Z,2025-12-18,en-US,customization,thunderbird;customization;,aluciani650,messages thunderbird,https://support.mozilla.org/questions/1555569,,,,,,m:microsoftemail,,,1,true,87.86,False,
1555571,2025-12-18T08:22:13.781257Z,2025-12-18,en-US,install,thunderbird;android;install;,markbengough,thunderbird added to my pc,https://support.mozilla.org/questions/1555571,,,,,,m:microsoftemail,,,1,true,236.46,False,
1555582,2025-12-18T09:19:01.466361Z,2025-12-18,hu,customization,thunderbird;customization;,drpolgar1952,aláirás sablon készitése,https://support.mozilla.org/questions/1555582,,,,,,,,,0,false,,False,
1555592,2025-12-18T10:13:09.195482Z,2025-12-18,en-US,attachments,thunderbird;attachments;,lionladysf,Thunderbird,https://support.mozilla.org/questions/1555592,,,,,,,,,3,true,76.8,True,lionladysf
1555602,2025-12-18T11:14:45.241171Z,2025-12-18,en-US,email-and-messaging,thunderbird;email-and-messaging;,bobgarrett,Move emails from local folder to inbox,https://support.mozilla.org/questions/1555602,,,,,,,,,0,false,,False,
1555606,2025-12-18T11:30:45.850024Z,2025-12-18,nl,passwords-and-sign-in,thunderbird;passwords-and-sign-in;,willy.janssis,wachtwoord,https://support.mozilla.org/questions/1555606,,,,,,,,,4,true,0.56,True,Mozilla-assistent
1555608,2025-12-18T11:43:16.387163Z,2025-12-18,en-US,connectivity,thunderbird;connectivity;,galou57,Impossible d'envoyer une PJ avec smtp.free.fr,https://support.mozilla.org/questions/1555608,os:windows,,,,,m:free_fr;m:sfr,proto:smtp,,1,true,273.49,False,
1555624,2025-12-18T13:18:29.778615Z,2025-12-18,en-US,customization,thunderbird;customization;,bn1,Slette mail slettes først når der er trykket på tilfældig fane,https://support.mozilla.org/questions/1555624,,,,,,,,,9,true,1.68,True,madsmh
1555625,2025-12-18T13:26:18.752193Z,2025-12-18,en-US,send-and-receive-email,thunderbird;send-and-receive-email;,bn1,Tekstsignatur i besvarelse,https://support.mozilla.org/questions/1555625,,,,,,,,,7,true,1.47,False,
1555631,2025-12-18T14:25:48.518929Z,2025-12-18,en-US,update,thunderbird;update;,Brithnoth,'Update' has forced the date format to Month-Day-Year.,https://support.mozilla.org/questions/1555631,os:linux,,,,,,,,1,true,81.32,False,
1555633,2025-12-18T14:30:35.073321Z,2025-12-18,pt-BR,send-and-receive-email,thunderbird;send-and-receive-email;,2h87vp22mp,Pasta Send,https://support.mozilla.org/questions/1555633,,,,,,m:att,,,0,false,,False,
1555634,2025-12-18T14:39:12.168895Z,2025-12-18,en-US,send-and-receive-email,thunderbird;send-and-receive-email;,dough4,NM-resolved,https://support.mozilla.org/questions/1555634,,,,,,,,,2,true,3.6,False,
1555637,2025-12-18T15:02:05.357131Z,2025-12-18,en-US,accounts,thunderbird;accounts;,jpv802-frfx,Automatic annual donation with renewal,https://support.mozilla.org/questions/1555637,,,,,,,,,3,true,3.84,True,James
1555640,2025-12-18T15:10:25.207896Z,2025-12-18,en-US,junk-mail-and-spam,thunderbird;junk-mail-and-spam;,premiercompleteauto,thousands of spam emials this morning every minute,https://support.mozilla.org/questions/1555640,,,,,,,,,1,true,3.46,False,
1555641,2025-12-18T15:10:45.763999Z,2025-12-18,en-US,calendar,thunderbird;calendar;,jbhoren,Lightning Calendar,https://support.mozilla.org/questions/1555641,,,,,,,,,1,true,3.43,True,christ1
1555642,2025-12-18T15:10:55.963367Z,2025-12-18,en-US,import-and-export-email,thunderbird;import-and-export-email;,dough4,"moving folders, subfolders, and emails from one Tbird account to another Tbird account",https://support.mozilla.org/questions/1555642,,,,,,m:gmail;m:microsoftemail,,,15,true,0.95,False,
1555647,2025-12-18T15:45:53.235220Z,2025-12-18,en-US,install,thunderbird;install;,bd.vaultier,Reprendre Thunderbird qui m'a été enlevé par LOG INFO de MENDE,https://support.mozilla.org/questions/1555647,,,,,,,,,1,true,269.71,False,
1555648,2025-12-18T15:55:37.007692Z,2025-12-18,en-US,send-and-receive-email,thunderbird;send-and-receive-email;,MORPETH,Not working,https://support.mozilla.org/questions/1555648,,,,,,,,,2,true,0.06,False,
1555651,2025-12-18T16:03:32.475968Z,2025-12-18,en-US,email-and-messaging,thunderbird;email-and-messaging;,glamb003,Not getting emails,https://support.mozilla.org/questions/1555651,,,,,,,,,0,false,,False,
1555652,2025-12-18T16:06:15.116143Z,2025-12-18,en-US,languages,thunderbird;languages;,j.h.springer,"warum wechselt die Sprache einmal deutsch, dann wieder englisch im email konto",https://support.mozilla.org/questions/1555652,,,,,,,,,1,true,41.99,True,Mapenzi
1555655,2025-12-18T16:14:17.066729Z,2025-12-18,en-US,accounts,thunderbird;accounts;,rjhammer,I have already donated to Mozilla a Month ago but it wants my to give again?,https://support.mozilla.org/questions/1555655,,,,,,,,,1,true,70.76,True,wsmwk
1555660,2025-12-18T16:31:32.264785Z,2025-12-18,en-US,customization,thunderbird;customization;,alanjb34,Font size,https://support.mozilla.org/questions/1555660,,,,,,,,,1,true,78.99,False,
1555667,2025-12-18T17:00:08.552888Z,2025-12-18,en-US,import-and-export-email,thunderbird;import-and-export-email;,collinsdavid12,transferring Thunderbird to anew PC,https://support.mozilla.org/questions/1555667,,,,,,,,,3,true,0.74,False,
1555679,2025-12-18T17:57:33.958520Z,2025-12-18,en-US,attachments,thunderbird;attachments;,TbirdUser53,Can Thunderbird open heic attachments,https://support.mozilla.org/questions/1555679,os:windows,,,,,,,,10,true,0.37,True,christ1
1555680,2025-12-18T17:58:22.636586Z,2025-12-18,en-US,email-and-messaging,thunderbird;email-and-messaging;,PoV1,'sent' folder disappears. How do I get it back?,https://support.mozilla.org/questions/1555680,,,,,,,,,1,true,142.77,False,
1555682,2025-12-18T18:02:20.857127Z,2025-12-18,en-US,attachments,thunderbird;attachments;,martin.jaeger1949,Email as an enclosure,https://support.mozilla.org/questions/1555682,,,,,,,,,3,true,0.26,False,
1555683,2025-12-18T18:05:18.852109Z,2025-12-18,en-US,email-and-messaging,thunderbird;email-and-messaging;,g8kbvdave,"Thunderbird mis-identification of incoming email sender in the ""Correspondances"" field of the message list.",https://support.mozilla.org/questions/1555683,os:linux,,,,,m:gmail,,,3,true,60.78,False,
1555687,2025-12-18T18:31:09.336472Z,2025-12-18,en-US,account-management,thunderbird;account-management;,220360mk,Account creation not possible despite confirmed login credentials,https://support.mozilla.org/questions/1555687,,,,,,m:gmx,,,1,true,76.96,False,
1555694,2025-12-18T18:47:51.459715Z,2025-12-18,en-US,import-and-export-email,thunderbird;needsinfo;import-and-export-email;,rainbow45,how to locate files once imported,https://support.mozilla.org/questions/1555694,,,,,,,,,3,true,60.02,False,
1555700,2025-12-18T18:57:06.313065Z,2025-12-18,en-US,passwords-and-sign-in,thunderbird;passwords-and-sign-in;,redacted,Transferring Tbird Passwords from old Win 7 to brand new Win 11.,https://support.mozilla.org/questions/1555700,os:windows,,,,,,,,11,true,0.17,False,
1555701,2025-12-18T19:03:21.747005Z,2025-12-18,en-US,languages,thunderbird;languages;,redacted,Why Is Everything Here Today in Other Languages?,https://support.mozilla.org/questions/1555701,,,,,,,,,2,true,53.69,False,
1555711,2025-12-18T19:59:15.239972Z,2025-12-18,en-US,send-and-receive-email,thunderbird;send-and-receive-email;,seashells23.j,email,https://support.mozilla.org/questions/1555711,,,,,,,,,12,true,1.65,True,MattAuSupport
1555714,2025-12-18T20:10:38.414294Z,2025-12-18,en-US,profiles,thunderbird;profiles;,StanleyW,Profiles,https://support.mozilla.org/questions/1555714,os:windows,,,,,,,,7,true,1.42,False,
1555716,2025-12-18T20:21:12.450132Z,2025-12-18,en-US,contacts,thunderbird;contacts;,firefox@vangelder.nl,how to use cardbook,https://support.mozilla.org/questions/1555716,,,,,,,,,2,true,18.91,False,
1555719,2025-12-18T20:27:14.195228Z,2025-12-18,nl,events,thunderbird;events;,hans113,Kleuren van afspraken in calendar,https://support.mozilla.org/questions/1555719,,,,,,,,,2,true,63.31,True,Mad_Maks
1555739,2025-12-18T22:48:07.065195Z,2025-12-18,en-US,email-and-messaging,thunderbird;email-and-messaging;,joan.kemp1,Sent mail has suddenly vanished,https://support.mozilla.org/questions/1555739,,,,,,,,,2,true,110.37,False,
1555741,2025-12-18T22:57:46.805169Z,2025-12-18,cs,import-and-export-email,thunderbird;import-and-export-email;,tomas50,"Open .msg file ""natively""",https://support.mozilla.org/questions/1555741,,,,,,m:microsoftemail,,,1,true,9.52,False,
1555744,2025-12-18T23:19:53.681629Z,2025-12-18,en-US,import-and-export-settings,thunderbird;import-and-export-settings;,,"""cloning"" Thunderbird",https://support.mozilla.org/questions/1555744,os:windows,,,,,,,,4,true,55.45,False,
1555752,2025-12-19T00:03:35.573403Z,2025-12-19,en-US,send-and-receive-email,thunderbird;send-and-receive-email;,joan.kemp1,My drafts and,https://support.mozilla.org/questions/1555752,,,,,,,,av:malwarebytes,0,false,,False,
1555753,2025-12-19T00:04:01.360718Z,2025-12-19,en-US,email-and-messaging,thunderbird;email-and-messaging;,joan.kemp1,My drafts and sent mail have vanished,https://support.mozilla.org/questions/1555753,,,,,,,,av:malwarebytes,0,false,,False,
1555754,2025-12-19T00:04:09.157080Z,2025-12-19,en-US,send-and-receive-email,thunderbird;send-and-receive-email;,joan.kemp1,My drafts and sent mail have vanished,https://support.mozilla.org/questions/1555754,,,,,,,,av:malwarebytes,1,true,136.53,False,
1555765,2025-12-19T00:49:44.637231Z,2025-12-19,en-US,events,thunderbird;events;,aholtby,Downloading from a .ics file,https://support.mozilla.org/questions/1555765,,,,,,,,,3,true,23.32,False,
1555772,2025-12-19T01:43:06.963618Z,2025-12-19,en-US,installation-and-updates,thunderbird;installation-and-updates;,wroberts4,I am going in circles and have no idea what I have done. I gave $20 but I don't see that it was taken. I am here because,https://support.mozilla.org/questions/1555772,,,,,,,,,1,true,16.55,False,
1555774,2025-12-19T01:53:41.076451Z,2025-12-19,en-US,send-and-receive-email,thunderbird;send-and-receive-email;,jimdickson39,I receive an email but can not open it and read it,https://support.mozilla.org/questions/1555774,,,,,,,,,1,true,14.58,True,MattAuSupport
1555775,2025-12-19T01:54:00.784814Z,2025-12-19,en-US,customization,thunderbird;customization;,cascade5,Thunderbird is not alphabetizing correctly,https://support.mozilla.org/questions/1555775,,,,,,,,,3,true,7.2,True,siffemoz
1555796,2025-12-19T04:28:20.418795Z,2025-12-19,en-US,account-management,thunderbird;account-management;,mailfromarchstone,starting over in Thunderbird,https://support.mozilla.org/questions/1555796,,,,,,,,,1,true,4.58,False,
1555802,2025-12-19T05:35:47.440449Z,2025-12-19,en-US,import-and-export-email,thunderbird;import-and-export-email;,Brian_Durham1,One drive and Thunderbird,https://support.mozilla.org/questions/1555802,,,,,,m:microsoftemail,,,1,true,42.75,False,
1555803,2025-12-19T06:07:03.012282Z,2025-12-19,en-US,contacts,thunderbird;contacts;,dpmarvin,Copy (not move) entry from one address book to another,https://support.mozilla.org/questions/1555803,os:windows,,,,,,,,6,true,2.84,True,sfhowes
1555815,2025-12-19T07:44:56.220301Z,2025-12-19,en-US,customization,thunderbird;windows-10;customization;,chris.devitt,Thunderbird not filtering new emails.,https://support.mozilla.org/questions/1555815,os:windows,Windows 10,,,,,,,4,true,40.63,False,
1555816,2025-12-19T07:50:55.039243Z,2025-12-19,en-US,search,thunderbird;search;,u.c.0079.tamago.a1104s1117,I can't search function,https://support.mozilla.org/questions/1555816,,,,,,,,,2,true,0.98,False,
1555817,2025-12-19T07:53:04.687867Z,2025-12-19,en-US,reset-passwords,thunderbird;reset-passwords;,cetacoubat,Comment retrouver mot mot de passe - How to recover your password,https://support.mozilla.org/questions/1555817,,,,,,,,,1,true,2.93,False,
1555826,2025-12-19T08:43:53.337017Z,2025-12-19,es,import-and-export-email,thunderbird;needsinfo;import-and-export-email;,jmcorachan86,Unstalación de Thunderbird en un nuevo ordenador,https://support.mozilla.org/questions/1555826,,,,,,m:gmail,,,1,true,17.09,False,
1555835,2025-12-19T09:25:34.508926Z,2025-12-19,en-US,passwords-and-sign-in,thunderbird;passwords-and-sign-in;,richard.wipfelder,Konten / Konto,https://support.mozilla.org/questions/1555835,,,,,,,proto:caldav,,4,true,8.57,True,richard.wipfelder
1555837,2025-12-19T09:44:41.323104Z,2025-12-19,en-US,customization,thunderbird;customization;,paule4,Sub folders not in alphabetical order,https://support.mozilla.org/questions/1555837,,,,,,,,,1,true,8.08,False,
1555839,2025-12-19T10:22:08.608188Z,2025-12-19,en-US,accessibility,thunderbird;accessibility;,somnathabba,purchasing,https://support.mozilla.org/questions/1555839,,,,,,,,,1,true,1.04,False,
1555850,2025-12-19T11:25:41.727207Z,2025-12-19,it,settings,thunderbird;settings;,benellir,"Tema scuro Thunderbird, differenza di contrasto inesistente tra Tasti premuti e non premuti",https://support.mozilla.org/questions/1555850,,,,,,,,,1,true,3.05,False,
1555855,2025-12-19T11:51:41.458183Z,2025-12-19,en-US,send-and-receive-email,thunderbird;send-and-receive-email;,erik.guenther,Instalation Posteo-Account auf Thunderbird,https://support.mozilla.org/questions/1555855,,,,,,m:posteo,,,1,true,10.81,False,
1555862,2025-12-19T12:23:17.757740Z,2025-12-19,nl,send-and-receive-email,thunderbird;send-and-receive-email;,e-mail9,Belangrijke e-mails kwijt!,https://support.mozilla.org/questions/1555862,,,,,,,,,2,true,47.19,True,Mad_Maks
1555865,2025-12-19T12:47:21.537595Z,2025-12-19,en-US,account-management,thunderbird;needsinfo;account-management;,granger.reid,Re-entering an account.,https://support.mozilla.org/questions/1555865,,,,,,m:libero,,,1,true,35.2,False,
1555869,2025-12-19T13:15:10.101975Z,2025-12-19,en-US,events,thunderbird;events;,staarstrider,Why don't Thunderbird calendar event alerts carry over after updates or reboots?,https://support.mozilla.org/questions/1555869,os:linux,,,,,,,,0,false,,False,
1555871,2025-12-19T13:39:50.047145Z,2025-12-19,en-US,email-and-messaging,thunderbird;email-and-messaging;,adelphiaUK,Incorrect Folder Hierarchy,https://support.mozilla.org/questions/1555871,,,,,,,proto:imap,,4,true,2.78,True,MattAuSupport
1555877,2025-12-19T14:11:49.661629Z,2025-12-19,en-US,send-and-receive-email,thunderbird;send-and-receive-email;,TechD,Inconsistent syncing with Proton Mail Bridge,https://support.mozilla.org/questions/1555877,os:windows,,,,,m:microsoftemail,,,5,true,2.0,False,
1555883,2025-12-19T14:35:12.814835Z,2025-12-19,en-US,send-and-receive-email,thunderbird;send-and-receive-email;,jeanstewart763,sending a message,https://support.mozilla.org/questions/1555883,,,,,,,,,1,true,1.48,False,
1555886,2025-12-19T14:41:36.706955Z,2025-12-19,en-US,customization,thunderbird;customization;,TechD,"Block-select of folders in ""Subscribe"" window used to work ... but now I can only do one at a time",https://support.mozilla.org/questions/1555886,,,,,,,,,3,true,5.03,False,
1555894,2025-12-19T15:17:24.408890Z,2025-12-19,it,import-and-export-email,thunderbird;import-and-export-email;,varalta.livio,Come migrare da Thunderbird su windows 7 a tablet android?,https://support.mozilla.org/questions/1555894,os:windows,,,,,,,,3,true,0.62,True,varalta.livio
1555896,2025-12-19T15:31:31.511542Z,2025-12-19,en-US,import-and-export-email,thunderbird;import-and-export-email;,quignon.patrick,Bonjour. Mon compte thunderbird  supprimé. Perte de messages.,https://support.mozilla.org/questions/1555896,,,,,,m:sfr,proto:pop,,21,true,0.57,True,quignon.patrick
1555908,2025-12-19T16:21:17.315313Z,2025-12-19,en-US,customization,thunderbird;customization;,martin.winkelbauer,filing mails into folders. Tunderbird.   (Bug2000453),https://support.mozilla.org/questions/1555908,,,,,,,,,4,true,46.13,False,
1555914,2025-12-19T16:44:32.520310Z,2025-12-19,nl,contacts,thunderbird;contacts;,guytouche,een nieuw adresboek aanmaken met een selectie van adressen,https://support.mozilla.org/questions/1555914,,,,,,m:gmail,,,2,true,42.71,False,
1555918,2025-12-19T16:49:42.709798Z,2025-12-19,en-US,save-passwords,thunderbird;needsinfo;save-passwords;,b.suignard,impossible d'enregistrer et de voir mes mots de passe ainsi que de recevoir et envoyer des mails,https://support.mozilla.org/questions/1555918,,,,doesn't matter :-,,m:microsoftemail,,,12,true,2.7,False,
1555931,2025-12-19T17:33:24.578582Z,2025-12-19,en-US,email-and-messaging,thunderbird;email-and-messaging;,m79vest36,LOCAL/SUBFOLDERS...IN A CRAZY .mst unreadable computer language,https://support.mozilla.org/questions/1555931,,,,,,,,,25,true,1.3,False,
1555934,2025-12-19T17:49:33.225683Z,2025-12-19,en-US,send-and-receive-email,thunderbird;send-and-receive-email;,jeanstewart763,"premature sending of emails, before I have finished the message",https://support.mozilla.org/questions/1555934,,,,,,,,,1,true,6.38,False,
1555946,2025-12-19T18:51:40.530791Z,2025-12-19,en-US,send-and-receive-email,thunderbird;needsinfo;send-and-receive-email;,chris519,Bluewin.ch,https://support.mozilla.org/questions/1555946,,,,,,m:bluewin,,,1,true,18.02,True,MattAuSupport
1555948,2025-12-19T19:01:33.217668Z,2025-12-19,en-US,email-and-messaging,thunderbird;email-and-messaging;,mcnnichols,e-mail thunderbird,https://support.mozilla.org/questions/1555948,,,,,,,,,2,true,28.9,False,
1555953,2025-12-19T19:39:22.288722Z,2025-12-19,en-US,send-and-receive-email,thunderbird;send-and-receive-email;,cchamb2,"Filter error ""The folder ""xxxx"" could not be found, so filters associated with this folder will be disabled.  Verify tha",https://support.mozilla.org/questions/1555953,,,,,,m:gmail,proto:imap,,2,true,268.43,True,cchamb2
1555957,2025-12-19T19:42:20.976444Z,2025-12-19,en-US,customization,thunderbird;customization;,cchamb2,Mail filters runneth over,https://support.mozilla.org/questions/1555957,,,,,,,,,2,true,268.47,True,cchamb2
1555960,2025-12-19T20:03:59.951322Z,2025-12-19,en-US,account-management,thunderbird;account-management;,peterbalbi,one of my email addresses have disappeared,https://support.mozilla.org/questions/1555960,os:windows,,,,,,,,1,true,51.83,False,
1555961,2025-12-19T20:19:37.758738Z,2025-12-19,en-US,send-and-receive-email,thunderbird;send-and-receive-email;,glospreys,Outbound (send) password requirement,https://support.mozilla.org/questions/1555961,,,,,,,,,4,true,4.04,True,MattAuSupport
1555964,2025-12-19T21:29:12.319728Z,2025-12-19,en-US,send-and-receive-email,thunderbird;send-and-receive-email;,sue21,"emails not getting to my thunderbird account on my laptop - ""login to server imap.plus.net with user name xxx@johnnsue.p",https://support.mozilla.org/questions/1555964,,,,,,,proto:imap,,3,true,26.37,False,
1555970,2025-12-19T21:51:33.804563Z,2025-12-19,en-US,customization,thunderbird;customization;,MPOPS1,hOW TO CLEAR ' MOVE MESSAGE TO FOLDER ' LIST,https://support.mozilla.org/questions/1555970,,,,,,,,,5,true,23.22,True,siffemoz
1555975,2025-12-19T23:49:24.259462Z,2025-12-19,en-US,encryption,thunderbird;encryption;,eveningdarkstar,Confirm Security Exception is not persistant when permanently stored,https://support.mozilla.org/questions/1555975,,,,,,,,,4,true,0.44,False,
1555992,2025-12-20T02:35:20.004590Z,2025-12-20,en-US,send-and-receive-email,thunderbird;send-and-receive-email;,eric.friesguggenheim,Disfonctionnement de la boîte Courrier entrant sur Thunderbird,https://support.mozilla.org/questions/1555992,,,,,,m:orange,,,2,true,2.64,True,sfhowes
1556000,2025-12-20T03:45:04.616103Z,2025-12-20,en-US,app-crash,thunderbird;app-crash;,smurrays,Thunderbird freezing; unable to open message; unable to close T-Bird,https://support.mozilla.org/questions/1556000,,,,,,,,,1,true,17.2,False,
1556001,2025-12-20T03:47:42.780013Z,2025-12-20,en-US,send-and-receive-email,thunderbird;send-and-receive-email;,stepnoutnb,Can't recieve email BUT can send?,https://support.mozilla.org/questions/1556001,os:windows,,,,,,proto:imap,,0,false,,True,stepnoutnb
1556002,2025-12-20T03:50:03.853035Z,2025-12-20,en-US,send-and-receive-email,thunderbird;send-and-receive-email;,jackylacroche,Impossibility to send messages from my email account (outlook),https://support.mozilla.org/questions/1556002,,,,,,m:microsoftemail,,,2,true,20.02,False,
1556005,2025-12-20T04:07:16.506368Z,2025-12-20,en-US,junk-mail-and-spam,thunderbird;junk-mail-and-spam;,dd03583,Deleting old emails,https://support.mozilla.org/questions/1556005,,,,,,,,,4,true,0.44,True,mozilla98
1556030,2025-12-20T08:06:51.224641Z,2025-12-20,it,send-and-receive-email,thunderbird;needsinfo;send-and-receive-email;,parma1,nel rispondere alle email mi viene cambiato il carattere,https://support.mozilla.org/questions/1556030,,,,,,,,,1,true,31.8,True,'@next
1556039,2025-12-20T10:00:10.685306Z,2025-12-20,en-US,reset-passwords,thunderbird;reset-passwords;,Elias.thoma,MAIL AUF DAS HÄNDY,https://support.mozilla.org/questions/1556039,,,,,,m:microsoftemail,,,1,true,7.56,False,
1556054,2025-12-20T11:37:39.510017Z,2025-12-20,en-US,profiles,thunderbird;profiles;,suelupo10,After restore of Windows 11 unable to configure Thunderbird with correct profile,https://support.mozilla.org/questions/1556054,os:windows,,,,,,,,9,true,1.98,True,davidsk
1556057,2025-12-20T12:03:52.692362Z,2025-12-20,en-US,import-and-export-email,thunderbird;import-and-export-email;,olivia.bitrecover,How to Move Thunderbird to Gmail?,https://support.mozilla.org/questions/1556057,,,,,,m:gmail,,,1,true,5.25,False,
1556086,2025-12-20T15:06:51.417023Z,2025-12-20,en-US,extensions,thunderbird;extensions;,jl11,Setting Up Response Templates in Thunderbird,https://support.mozilla.org/questions/1556086,,,,,,,proto:imap,,2,true,2.1,False,
1556088,2025-12-20T15:25:43.161221Z,2025-12-20,en-US,send-and-receive-email,thunderbird;send-and-receive-email;,j.lehman,Missinig Emails,https://support.mozilla.org/questions/1556088,,,,,,,,,1,true,22.83,False,
1556102,2025-12-20T16:42:04.760915Z,2025-12-20,en-US,account-management,thunderbird;account-management;,ke51ns,duplicate accounts in Thunderbird,https://support.mozilla.org/questions/1556102,,,,,,m:gmail,,,1,true,2.6,False,
1556103,2025-12-20T16:42:37.046897Z,2025-12-20,en-US,app-crash,thunderbird;app-crash;,ch_schumacher,Thunderbird crashes in Linux Mint,https://support.mozilla.org/questions/1556103,os:linux,,,,,m:btinternet,,av:avast,1,true,156.33,False,
1556104,2025-12-20T16:43:02.939673Z,2025-12-20,nl,search-tag-and-share,thunderbird;search-tag-and-share;,j.tuk6,Alle mappen worden in het engels vertaald nu.,https://support.mozilla.org/questions/1556104,,,,,,m:microsoftemail,,,1,true,424.58,False,
1556112,2025-12-20T17:09:27.439645Z,2025-12-20,en-US,attachments,thunderbird;windows-11;attachments;firefox-1460;firefox-14601;,suehamilton1992,Not receiving emails with attachments,https://support.mozilla.org/questions/1556112,os:windows,Windows 11,,,,m:att,,,1,true,2.1,False,
1556120,2025-12-20T18:22:09.159997Z,2025-12-20,en-US,tags,thunderbird;tags;,ypatis,Tags aren't sorted alphabetical using greek alphabet,https://support.mozilla.org/questions/1556120,,,,,,,,,0,false,,False,
1556128,2025-12-20T19:36:47.081032Z,2025-12-20,en-US,search,thunderbird;search;,Old-Guy,Searching Message Filters for certain entries,https://support.mozilla.org/questions/1556128,,,,,,,proto:pop,,1,true,1.0,False,
1556131,2025-12-20T19:51:54.474627Z,2025-12-20,en-US,account-management,thunderbird;account-management;,1.yd,Thunderbird,https://support.mozilla.org/questions/1556131,,,,,,,,,2,true,1.1,False,
1556150,2025-12-20T21:14:02.710360Z,2025-12-20,en-US,encryption,thunderbird;encryption;,jmillsp1,Help with popup saying certificate is not valid for that server.,https://support.mozilla.org/questions/1556150,,,,,,m:gmail,proto:imap,,2,true,2.59,False,
1556151,2025-12-20T21:20:31.198805Z,2025-12-20,en-US,encryption,thunderbird;encryption;,phil116,"Thunderbird says certificate expired, letsencrypt certbot says its good, different dates shown",https://support.mozilla.org/questions/1556151,os:linux,,,,,,,,2,false,,True,phil116
1556154,2025-12-20T21:32:16.214454Z,2025-12-20,en-US,import-and-export-email,thunderbird;import-and-export-email;,oile9913,Inbox emails have vanished....,https://support.mozilla.org/questions/1556154,,,,,,,proto:pop,,6,true,16.09,True,oile9913
1556162,2025-12-20T22:55:13.892605Z,2025-12-20,en-US,extensions,thunderbird;extensions;,kay.rethmeier,Formating an email,https://support.mozilla.org/questions/1556162,,,,,,,,,3,true,0.84,False,
1556176,2025-12-21T00:45:03.710048Z,2025-12-21,en-US,send-and-receive-email,thunderbird;send-and-receive-email;,chunnel,Can't add outlook.com email or a google based email,https://support.mozilla.org/questions/1556176,,,,,,m:microsoftemail,proto:imap;proto:smtp,,4,false,,True,chunnel
1556183,2025-12-21T02:14:06.796597Z,2025-12-21,en-US,send-and-receive-email,thunderbird;send-and-receive-email;,jrlott,Messages missing in inbox (filtered?),https://support.mozilla.org/questions/1556183,,,,,,,,,10,true,4.32,False,
1556186,2025-12-21T03:03:48.719616Z,2025-12-21,en-US,profiles,thunderbird;profiles;,petgroom,Profile transfer not working after accidental delete of all emails,https://support.mozilla.org/questions/1556186,,,,,,m:gmail,proto:imap,,1,true,3.48,False,
1556201,2025-12-21T04:55:34.474772Z,2025-12-21,en-US,customization,thunderbird;customization;,fhkolwicz1,Thunderbird 140.6.0esr (64-bit) does not highlight the open message in the list,https://support.mozilla.org/questions/1556201,,,,,,,,,8,true,1.41,False,
1556205,2025-12-21T05:43:41.883924Z,2025-12-21,en-US,send-and-receive-email,thunderbird;send-and-receive-email;,pbenken,Replying/sending with one emails no longer works,https://support.mozilla.org/questions/1556205,,,,,,m:gmail;m:bigpond,,,1,true,1.64,False,
1556209,2025-12-21T06:08:02.058868Z,2025-12-21,it,send-and-receive-email,thunderbird;send-and-receive-email;,14546,Thunderbird Mobile - scaricare da 1 account per volta,https://support.mozilla.org/questions/1556209,,,,,,,,,1,true,9.85,True,'@next
1556210,2025-12-21T06:27:26.690288Z,2025-12-21,en-US,send-and-receive-email,thunderbird;send-and-receive-email;,mel.mc,Not able to suddenly send or recieve emails today,https://support.mozilla.org/questions/1556210,,,,,,,,,2,true,0.46,False,
1556224,2025-12-21T09:27:46.495164Z,2025-12-21,en-US,settings,thunderbird;settings;,jandg1965,Capitalisation,https://support.mozilla.org/questions/1556224,,,,,,,,,1,true,100.21,False,
1556225,2025-12-21T09:53:24.667812Z,2025-12-21,en-US,send-and-receive-email,thunderbird;send-and-receive-email;,kathy.humphry,sending,https://support.mozilla.org/questions/1556225,,,,,,,,,1,true,1.65,False,
1556228,2025-12-21T10:47:47.504609Z,2025-12-21,it,send-and-receive-email,thunderbird;send-and-receive-email;,saricizmelimice,erore server non riuscita,https://support.mozilla.org/questions/1556228,,,,,,m:protonmail,,,3,true,5.26,False,
1556239,2025-12-21T12:50:44.572820Z,2025-12-21,en-US,account-management,thunderbird;account-management;,arne11,removed my gmail address from thunderbird get an extremly disturbing pop-up,https://support.mozilla.org/questions/1556239,,,,,,m:gmail;m:onecom,,,2,true,1.14,True,arneessa
1556241,2025-12-21T12:58:11.546659Z,2025-12-21,en-US,import-and-export-email,thunderbird;import-and-export-email;,w.willaume,Copying Thunderbird .eml messages to a USB drive,https://support.mozilla.org/questions/1556241,os:windows,,,,,,,,3,true,103.0,False,
1556247,2025-12-21T14:07:51.026490Z,2025-12-21,en-US,email-and-messaging,thunderbird;email-and-messaging;,candj28,How do I install KAROO on Thunrerbird,https://support.mozilla.org/questions/1556247,,,,,,,,,0,false,,False,
1556252,2025-12-21T14:43:02.408904Z,2025-12-21,en-US,reset-passwords,thunderbird;reset-passwords;,paulandtara,"Thunderbird ""Forgot"" email Password",https://support.mozilla.org/questions/1556252,os:windows,,,,,m:centurylink,proto:pop,,3,true,8.57,False,
1556259,2025-12-21T15:37:14.674932Z,2025-12-21,en-US,undefined,thunderbird;undefined;,RumpelKnabe,This forum is incredibly bad!,https://support.mozilla.org/questions/1556259,,,,,,,,,4,true,0.66,False,
1556265,2025-12-21T16:09:28.158035Z,2025-12-21,en-US,attachments,thunderbird;attachments;,roger83,Problem with attachments in jpg format,https://support.mozilla.org/questions/1556265,,,,,,m:gmail,,,1,true,0.23,False,
1556268,2025-12-21T16:16:16.735686Z,2025-12-21,en-US,app-crash,thunderbird;app-crash;,sinnamon.ben,Thunderbird new install on mac crashes right away,https://support.mozilla.org/questions/1556268,,,,,,,,,13,true,6.89,True,mozilla98
1556272,2025-12-21T16:35:48.544700Z,2025-12-21,en-US,app-crash,thunderbird;app-crash;,alanharman41,Thunderbird has taken over and I cannot access anything on my desktop,https://support.mozilla.org/questions/1556272,,,,,,,,,3,true,0.43,True,mozilla98
1556281,2025-12-21T18:01:49.345889Z,2025-12-21,en-US,connectivity,thunderbird;connectivity;,helmutherget5,E-Mail downloaden vom Server mit Thundbird von arcormail server,https://support.mozilla.org/questions/1556281,os:windows,,,,,,,,1,true,92.02,False,
1556292,2025-12-21T19:05:40.206479Z,2025-12-21,en-US,customization,thunderbird;customization;,romcinsam,Two things are broken  (Bug2000453),https://support.mozilla.org/questions/1556292,,,,,,,,,10,true,2.6,True,wsmwk
1556304,2025-12-21T20:30:22.704175Z,2025-12-21,nl,search,thunderbird;search;,rbli63,Zoeken op meerdere maar niet aangesloten termen; geen fuzzy search,https://support.mozilla.org/questions/1556304,,,,,,,,,1,false,,True,rbli63
1556325,2025-12-21T23:40:24.281324Z,2025-12-21,en-US,send-and-receive-email,thunderbird;send-and-receive-email;,lee57,My Gmail account works great! But my Google workplace email account will not connect (i use my own domain). Any clues?,https://support.mozilla.org/questions/1556325,,,,,,m:gmail,,,3,true,0.18,False,
1556329,2025-12-22T00:08:00.457279Z,2025-12-22,en-US,send-and-receive-email,thunderbird;send-and-receive-email;,Tom_W.,TB will not retrieve POP mail since 12/19/25; IMAP on same accounts fine,https://support.mozilla.org/questions/1556329,os:windows,,,,,,proto:imap;proto:pop,,1,true,84.46,False,
1556333,2025-12-22T01:03:34.592489Z,2025-12-22,en-US,import-and-export-email,thunderbird;import-and-export-email;,ltcrichard,local mail folder,https://support.mozilla.org/questions/1556333,,,,,,,,,5,true,6.25,False,
1556334,2025-12-22T01:19:45.349813Z,2025-12-22,en-US,junk-mail-and-spam,thunderbird;junk-mail-and-spam;,geoctrl,Thunderbird Mozilla email account (locked),https://support.mozilla.org/questions/1556334,,,,,,,,,0,false,,False,
1556335,2025-12-22T01:19:45.809889Z,2025-12-22,en-US,junk-mail-and-spam,thunderbird;junk-mail-and-spam;,geoctrl,Thunderbird Mozilla email account blacklisted?,https://support.mozilla.org/questions/1556335,,,,,,,,,1,true,5.95,False,
1556338,2025-12-22T01:59:22.708508Z,2025-12-22,en-US,junk-mail-and-spam,thunderbird;junk-mail-and-spam;,flavio.ets,Completely disable anti-spam,https://support.mozilla.org/questions/1556338,,,,,,,,,1,true,4.87,False,
1556339,2025-12-22T02:08:40.472167Z,2025-12-22,en-US,send-and-receive-email,thunderbird;send-and-receive-email;,richstar,emails,https://support.mozilla.org/questions/1556339,,,,,,,,,1,true,4.83,True,MattAuSupport
1556342,2025-12-22T02:55:36.061422Z,2025-12-22,en-US,send-and-receive-email,thunderbird;windows-10;send-and-receive-email;,sam.mc,Emails not sending or receing in Mozilla,https://support.mozilla.org/questions/1556342,os:windows,Windows 10,,,,,,,1,true,4.03,False,
1556348,2025-12-22T03:33:09.073907Z,2025-12-22,en-US,email-and-messaging,thunderbird;email-and-messaging;,degan852,I cannot locate my sent folder for my gmail account,https://support.mozilla.org/questions/1556348,,,,,,m:gmail;m:yahooemail,,,1,true,3.34,False,
1556366,2025-12-22T06:40:09.627330Z,2025-12-22,en-US,email-and-messaging,thunderbird;email-and-messaging;,pranask,Emails lost on my [edited] @bigpond.com after recent update Australia,https://support.mozilla.org/questions/1556366,,,,,,m:gmail;m:bigpond,,,1,true,1.04,False,
1556381,2025-12-22T09:09:17.000425Z,2025-12-22,cs,languages,thunderbird;languages;,p.berger.cz,Při aktualizaci se nezobrazují složky (odeslaná pošta) v češtině,https://support.mozilla.org/questions/1556381,,,,,,,,,1,true,0.45,False,
1556382,2025-12-22T09:35:19.551600Z,2025-12-22,cs,customization,thunderbird;customization;,kproch,Velikkost okna a písmo v odesílané poště,https://support.mozilla.org/questions/1556382,os:windows,,,,,,,,4,true,0.12,True,Ansamb
1556388,2025-12-22T10:15:39.548640Z,2025-12-22,nl,send-and-receive-email,thunderbird;send-and-receive-email;,hjdul,bericht verwijderen werkt niet,https://support.mozilla.org/questions/1556388,os:windows,,,,,,,,6,true,124.52,True,Mad_Maks
1556391,2025-12-22T10:38:21.406731Z,2025-12-22,nl,send-and-receive-email,thunderbird;send-and-receive-email;,yorelknarf1957,bereikbaarheid,https://support.mozilla.org/questions/1556391,,,,,,m:onecom,,,1,true,124.17,True,Mad_Maks
1556397,2025-12-22T11:25:08.463820Z,2025-12-22,nl,contacts,thunderbird;contacts;,joseebben,groep email adressen aanmaken,https://support.mozilla.org/questions/1556397,,,,,,,,,1,true,123.44,False,
1556408,2025-12-22T12:22:32.761080Z,2025-12-22,en-US,send-and-receive-email,thunderbird;send-and-receive-email;,sue21,emails not getting to laptop since 15th Dec (locked),https://support.mozilla.org/questions/1556408,,,,,,,,,1,true,2.72,False,
1556410,2025-12-22T12:25:18.718015Z,2025-12-22,en-US,send-and-receive-email,thunderbird;send-and-receive-email;,sue21,No emails since 15th Dec (locked),https://support.mozilla.org/questions/1556410,,,,,,,,,1,true,2.6,False,
1556427,2025-12-22T14:40:34.317657Z,2025-12-22,en-US,send-and-receive-email,thunderbird;send-and-receive-email;,betsuemcclellan,Unable to send email from my Thunderbird program on my PC,https://support.mozilla.org/questions/1556427,,,,,,,,,1,true,26.4,False,
1556431,2025-12-22T15:14:53.434907Z,2025-12-22,pt-BR,import-and-export-email,thunderbird;import-and-export-email;,gabrieltucci.dias,Pastas arquivadas sumiram,https://support.mozilla.org/questions/1556431,,,,,,,,,0,false,,False,
1556437,2025-12-22T15:50:07.828150Z,2025-12-22,en-US,email-and-messaging,thunderbird;email-and-messaging;,btouille66,Restaurer des mails supprimé de la corbeille,https://support.mozilla.org/questions/1556437,,,,,,,,,1,true,0.93,False,
1556441,2025-12-22T16:40:22.752532Z,2025-12-22,en-US,app-crash,thunderbird;app-crash;,lslbonds,thunderbird,https://support.mozilla.org/questions/1556441,,,,,,,,,1,true,1.87,False,
1556443,2025-12-22T16:50:00.262763Z,2025-12-22,en-US,email-and-messaging,thunderbird;email-and-messaging;,gottfried.scheiwein,"cannot receive mails in my inbox, basis is GMX",https://support.mozilla.org/questions/1556443,,,,,,m:gmx,,,3,true,23.64,False,
1556445,2025-12-22T17:08:12.832283Z,2025-12-22,en-US,connectivity,thunderbird;connectivity;,asotek62,"Thunderbird 50% version don't work. ""Authentication failed. Please check that your username and password are correct. ex",https://support.mozilla.org/questions/1556445,,,,,,m:microsoftemail,,,3,true,3.39,False,
1556447,2025-12-22T17:14:45.271844Z,2025-12-22,en-US,customization,thunderbird;customization;,pauletche7,Local Folders missing and Folder Pane unresponsive in Thunderbird 128 (Nebula),https://support.mozilla.org/questions/1556447,,,,,,,,,1,true,1.0,False,
1556451,2025-12-22T17:34:00.798227Z,2025-12-22,en-US,passwords-and-sign-in,thunderbird;passwords-and-sign-in;,tlbpjb,Outlook account login fails,https://support.mozilla.org/questions/1556451,os:linux,,,,,m:microsoftemail,,,2,true,0.05,True,sfhowes
1556452,2025-12-22T17:36:37.712152Z,2025-12-22,en-US,send-and-receive-email,thunderbird;send-and-receive-email;,pstreibl,Störung beim Senden,https://support.mozilla.org/questions/1556452,os:windows,,,,,,,,6,true,0.55,True,wsmwk
1556458,2025-12-22T18:04:31.252923Z,2025-12-22,en-US,email-and-messaging,thunderbird;email-and-messaging;,tjp26,Trash creating new nstmp folders,https://support.mozilla.org/questions/1556458,,,,,,,,,1,true,0.05,False,
1556460,2025-12-22T18:21:15.665704Z,2025-12-22,en-US,send-and-receive-email,thunderbird;send-and-receive-email;,dulca,"TB 140.6.0 will not get messages, will not save messages, & will not send messages",https://support.mozilla.org/questions/1556460,os:windows,,,,,,,,5,true,18.74,False,
1556476,2025-12-22T19:30:13.089964Z,2025-12-22,en-US,send-and-receive-email,thunderbird;send-and-receive-email;,MikeB2009,I am unable to send email.,https://support.mozilla.org/questions/1556476,os:windows,,,,,m:spectrum,proto:smtp;proto:pop,,1,true,21.44,False,
1556483,2025-12-22T19:57:51.519085Z,2025-12-22,en-US,customization,thunderbird;customization;,philippe.mignotte,Le message reçu par Thunderbird n'est pas complet,https://support.mozilla.org/questions/1556483,,,,,,m:ovh,,,2,true,90.53,True,wsmwk
1556486,2025-12-22T20:15:20.867881Z,2025-12-22,en-US,send-and-receive-email,thunderbird;send-and-receive-email;,penname1,E-mail not delivered,https://support.mozilla.org/questions/1556486,,,,,,,,,4,true,3.72,False,
1556489,2025-12-22T20:20:40.120854Z,2025-12-22,en-US,undefined,thunderbird;undefined;,Kilrah,Funding decisions?,https://support.mozilla.org/questions/1556489,,,,,,,,,3,true,5.11,False,
1556490,2025-12-22T20:31:19.480531Z,2025-12-22,en-US,send-and-receive-email,thunderbird;send-and-receive-email;,brian187,Thunderbird suddenly unable to write e-mail to the mailbox,https://support.mozilla.org/questions/1556490,os:linux,,,,,,,,10,true,20.19,True,siffemoz
1556492,2025-12-22T20:35:52.713379Z,2025-12-22,en-US,send-and-receive-email,thunderbird;send-and-receive-email;,perrystrome1,emails,https://support.mozilla.org/questions/1556492,,,,,,m:shaw,proto:smtp,,1,true,3.34,False,
1556497,2025-12-22T20:58:04.946013Z,2025-12-22,en-US,send-and-receive-email,thunderbird;send-and-receive-email;,gragan1,Can't download mail from server,https://support.mozilla.org/questions/1556497,os:linux,,,,,m:microsoftemail,,,2,true,28.93,False,
1556500,2025-12-22T21:03:29.835865Z,2025-12-22,en-US,customization,thunderbird;customization;,rmsinter,A LOT OF OPEN TABS,https://support.mozilla.org/questions/1556500,,,,,,,,,1,true,0.59,False,
1556507,2025-12-22T21:41:05.577438Z,2025-12-22,en-US,customization,thunderbird;customization;mac-os-x-1015;firefox-1460;firefox-14601;,jrryschlnd,signiture for email,https://support.mozilla.org/questions/1556507,os:macos,Mac OS x 10.15,,,,,,,1,true,2.76,False,
1556514,2025-12-22T22:48:03.087306Z,2025-12-22,en-US,customization,thunderbird;windows-10;customization;,late4dinner,thunderbird write screen,https://support.mozilla.org/questions/1556514,os:windows,Windows 10,,,,,,,1,true,2.42,False,
1556525,2025-12-23T00:58:29.220427Z,2025-12-23,en-US,accounts,thunderbird;accounts;,ronaxelsonygm,Please cancel my subscription,https://support.mozilla.org/questions/1556525,,,,,,m:tutanota,,,4,true,0.3,False,
1556546,2025-12-23T06:04:53.714143Z,2025-12-23,en-US,import-and-export-settings,thunderbird;import-and-export-settings;,ergehring,Thunderbird profile,https://support.mozilla.org/questions/1556546,,,,,,,,,3,true,4.98,False,
1556560,2025-12-23T08:02:33.021961Z,2025-12-23,en-US,email-and-messaging,thunderbird;email-and-messaging;,DuaneDoberman,Duplicate/ Ghost POP3 subfolders- automatically created by Thunderbird,https://support.mozilla.org/questions/1556560,os:windows,,,,,,proto:imap;proto:pop,,1,true,2.99,True,MattAuSupport
1556564,2025-12-23T09:37:18.627310Z,2025-12-23,nl,search-tag-and-share,thunderbird;search-tag-and-share;,j.tuk6,Mappen,https://support.mozilla.org/questions/1556564,,,,,,m:microsoftemail,,,1,true,359.68,False,
1556572,2025-12-23T10:56:22.593592Z,2025-12-23,it,connectivity,thunderbird;needsinfo;connectivity;,commerciale18,Mancata connessione al server in uscita SMTP,https://support.mozilla.org/questions/1556572,,,,,,,proto:smtp,,1,true,4.11,False,
1556578,2025-12-23T11:14:30.906570Z,2025-12-23,it,app-crash,thunderbird;app-crash;,o.pulvirenti,Applicazione thunderbird non si avvia,https://support.mozilla.org/questions/1556578,,,,,,,,,7,true,3.78,False,
1556580,2025-12-23T11:16:23.097288Z,2025-12-23,en-US,send-and-receive-email,thunderbird;send-and-receive-email;unsupported-locale;german-locale;,thhoeppner,Email Adresse nicht mehr anwählber,https://support.mozilla.org/questions/1556580,,,,,,,,,2,true,1.87,False,
1556588,2025-12-23T12:51:54.241744Z,2025-12-23,es,customization,thunderbird;customization;,esmeralda.concostrina,correo electrónico,https://support.mozilla.org/questions/1556588,,,,,,,,,1,true,31.73,False,
1556592,2025-12-23T13:33:33.808610Z,2025-12-23,nl,customization,thunderbird;customization;,giesbemj,email,https://support.mozilla.org/questions/1556592,,,,,,,,,1,true,117.37,True,Mad_Maks
1556595,2025-12-23T14:06:08.780030Z,2025-12-23,en-US,account-management,thunderbird;account-management;,Mbros30,"email account management; how to delete an account that appears in ""account setting"" panel? No delete button",https://support.mozilla.org/questions/1556595,,,,,,,,,1,true,1.1,False,
1556612,2025-12-23T15:55:22.937350Z,2025-12-23,en-US,send-and-receive-email,thunderbird;send-and-receive-email;,bwidmer,sending email in thunderbird,https://support.mozilla.org/questions/1556612,,,,,,m:sfr,,,3,true,0.62,True,davidsk
1556614,2025-12-23T16:17:33.863838Z,2025-12-23,en-US,send-and-receive-email,thunderbird;send-and-receive-email;,rp2876,Thunder can't copy sent mail to sent mail folder,https://support.mozilla.org/questions/1556614,,,,,,,,,1,true,9.4,False,
1556625,2025-12-23T17:01:43.931839Z,2025-12-23,en-US,email-and-messaging,thunderbird;email-and-messaging;,jreiley,no mail,https://support.mozilla.org/questions/1556625,,,,,,,,,1,true,48.27,False,
1556641,2025-12-23T18:23:20.366451Z,2025-12-23,en-US,junk-mail-and-spam,thunderbird;junk-mail-and-spam;,Coffee_Lover,"Blocking a sender: How can I do a ""hard delete""(a Shift+Delete) when blocking a sender?",https://support.mozilla.org/questions/1556641,,,,,,,,,9,true,1.06,False,
1556643,2025-12-23T18:30:12.703502Z,2025-12-23,en-US,customization,thunderbird;customization;,thommyx,No help needed / Signature Thunderbird for Mac,https://support.mozilla.org/questions/1556643,,,,,,,,,1,true,5.14,True,mozilla98
1556657,2025-12-23T20:57:38.216054Z,2025-12-23,en-US,installation-and-updates,thunderbird;installation-and-updates;,g.deist,Ich kann mit Thunderbird keine Emails mehr versenden u. empfangen und mittlerweile nicht mehr installieren,https://support.mozilla.org/questions/1556657,os:windows,,,,,m:gmx,proto:imap;proto:pop,,1,true,30.42,False,
1556659,2025-12-23T21:30:42.030381Z,2025-12-23,en-US,send-and-receive-email,thunderbird;send-and-receive-email;,JudEric,Why/how are older emails disappearing from the Inbox?,https://support.mozilla.org/questions/1556659,os:windows,,,,,,,,5,true,4.35,False,
1556662,2025-12-23T21:49:01.697915Z,2025-12-23,en-US,send-and-receive-email,thunderbird;send-and-receive-email;,charles116,Email folders,https://support.mozilla.org/questions/1556662,,,,,,,,,5,true,45.5,False,
1556678,2025-12-23T23:51:28.338062Z,2025-12-23,en-US,send-and-receive-email,thunderbird;send-and-receive-email;,jampitcher,can't send email,https://support.mozilla.org/questions/1556678,,,,,,,,,1,true,1.73,False,
1556685,2025-12-24T00:14:20.958975Z,2025-12-24,en-US,contacts,thunderbird;contacts;,vousden,Can't add contacts to Thunderbird address book,https://support.mozilla.org/questions/1556685,,,,,,,,,2,true,1.33,True,vousden
1556690,2025-12-24T00:43:07.658869Z,2025-12-24,en-US,import-and-export-email,thunderbird;import-and-export-email;,morleyverdier1,How to restore local folders when upgrading from windows 10 to windows 11,https://support.mozilla.org/questions/1556690,os:windows,,,,,,,,14,true,37.6,True,davidsk
1556695,2025-12-24T01:43:58.480081Z,2025-12-24,en-US,search,thunderbird;search;,support03,メールの今までの履歴を検索してもリロード中になってしまいます。,https://support.mozilla.org/questions/1556695,,,,,,,,,1,true,84.42,False,
1556700,2025-12-24T02:41:22.448759Z,2025-12-24,en-US,send-and-receive-email,thunderbird;send-and-receive-email;,waterfall1,email mask with mozmail.com extension,https://support.mozilla.org/questions/1556700,,,,,,,,,1,true,5.94,False,
1556702,2025-12-24T04:14:15.095412Z,2025-12-24,en-US,email-and-messaging,thunderbird;email-and-messaging;,grahamgarden,Deleting a search folder without deleting the originals,https://support.mozilla.org/questions/1556702,,,,,,,,,3,true,4.38,True,Yu5tiqX9og
1556703,2025-12-24T04:20:25.612840Z,2025-12-24,en-US,tags,thunderbird;needsinfo;tags;,rbhall52,Email not read flag is resetting when compressing inbox and other folders,https://support.mozilla.org/questions/1556703,,,,,,,,,16,true,61.95,False,
1556705,2025-12-24T04:56:44.446942Z,2025-12-24,en-US,send-and-receive-email,thunderbird;send-and-receive-email;,ianfsmith1,recover a deleted sent email,https://support.mozilla.org/questions/1556705,,,,,,,,,1,true,3.55,False,
1556745,2025-12-24T13:23:33.656172Z,2025-12-24,en-US,passwords-and-sign-in,thunderbird;passwords-and-sign-in;,tozminko,Setting up multiple email accounts. Allowed one. Keep getting authentication error for the rest.,https://support.mozilla.org/questions/1556745,,,,,,,,,3,true,1.56,False,
1556754,2025-12-24T14:25:52.138971Z,2025-12-24,en-US,app-crash,thunderbird;app-crash;,kajori,Mozilla does not start under Windows 10 and Bitdefender,https://support.mozilla.org/questions/1556754,os:windows,,,,,,,av:bitdefender,2,true,3.29,False,
1556760,2025-12-24T14:58:06.654095Z,2025-12-24,en-US,send-and-receive-email,thunderbird;send-and-receive-email;,brunocean57,récupération des dossiers avec une adresse orange,https://support.mozilla.org/questions/1556760,,,,,,m:orange,,,2,true,2.68,False,
1556767,2025-12-24T16:16:49.225515Z,2025-12-24,en-US,account-management,thunderbird;account-management;,john_f_burke,rogers taking control of my email,https://support.mozilla.org/questions/1556767,,,,,,m:yahooemail;m:rogers,,,29,true,6.03,False,
1556772,2025-12-24T16:58:12.472774Z,2025-12-24,en-US,app-crash,thunderbird;app-crash;,eberger5,"help with thunderbird crashing with overclocked Raptor CPU, Intel family 6 model 183 stepping 1. Cause: overclocking",https://support.mozilla.org/questions/1556772,os:windows,,,,,,,,26,true,0.87,True,eberger5
1556787,2025-12-24T20:30:35.066122Z,2025-12-24,en-US,crashing-and-slow-performance,thunderbird;crashing-and-slow-performance;,timpragma,slow Thunderbird,https://support.mozilla.org/questions/1556787,os:macos,,macos:monterey;macos:mavericks,,,,,,31,true,12.05,True,timpragma
1556789,2025-12-24T20:57:24.516142Z,2025-12-24,en-US,send-and-receive-email,thunderbird;send-and-receive-email;,lindal2000,Emails not arriving on my PC,https://support.mozilla.org/questions/1556789,os:windows,,,,,,,,2,true,0.38,False,
1556790,2025-12-24T21:05:43.070886Z,2025-12-24,en-US,app-crash,thunderbird;app-crash;,drahcir77,"Thunderbird 140 and win11 will not work.  Gives error ""Thunderbird is already running"".",https://support.mozilla.org/questions/1556790,os:windows,,,,,,,,17,true,0.18,False,
1556793,2025-12-24T21:56:36.552755Z,2025-12-24,en-US,install,thunderbird;install;,tamhas,Is it possible to install Tbird somewhere other than users\administrator\AppData\Roaming?,https://support.mozilla.org/questions/1556793,,,,,,,,,1,true,0.45,False,
1556794,2025-12-24T22:04:26.991035Z,2025-12-24,en-US,import-and-export-email,thunderbird;import-and-export-email;,tamhas,Good way to store old mail,https://support.mozilla.org/questions/1556794,,,,,,,,,10,true,0.94,False,
1556848,2025-12-25T09:44:34.906080Z,2025-12-25,en-US,contacts,thunderbird;contacts;,Esp-nn,User avatars are not exported in vcf,https://support.mozilla.org/questions/1556848,,,,,,,,,1,true,3.91,False,
1556856,2025-12-25T11:11:08.151548Z,2025-12-25,en-US,email-and-messaging,thunderbird;email-and-messaging;,Vidovbiljana,Password yahoo,https://support.mozilla.org/questions/1556856,,,,,,m:yahooemail,,,1,true,2.91,False,
1556858,2025-12-25T11:16:18.637487Z,2025-12-25,en-US,security,thunderbird;security;,mcmurphy35,Thunderbird Accounts,https://support.mozilla.org/questions/1556858,,,,,,m:gmail,,,2,true,1.49,True,MattAuSupport
1556867,2025-12-25T12:14:04.301845Z,2025-12-25,cs,passwords-and-sign-in,thunderbird;passwords-and-sign-in;,good.boy.czech,e-mail,https://support.mozilla.org/questions/1556867,,,,,,m:gmail,proto:imap,,1,true,5.53,False,
1556877,2025-12-25T14:32:58.833204Z,2025-12-25,en-US,connectivity,thunderbird;connectivity;,davito9w,IMAP connection randomly not working,https://support.mozilla.org/questions/1556877,os:windows,,,,,,proto:imap,,5,true,13.61,False,
1556907,2025-12-25T20:35:26.345043Z,2025-12-25,it,send-and-receive-email,thunderbird;needsinfo;send-and-receive-email;,kolonjariflori,email,https://support.mozilla.org/questions/1556907,,,,,,,,,1,true,11.88,False,
1556917,2025-12-25T22:19:22.124904Z,2025-12-25,en-US,contacts,thunderbird;contacts;,fellawon2,"I accidentally deleted thunderbird, how can I get back all my email addresses?",https://support.mozilla.org/questions/1556917,,,,,,,,,5,true,4.81,False,
1556920,2025-12-25T22:53:50.909509Z,2025-12-25,en-US,import-and-export-email,thunderbird;import-and-export-email;,ebj,IMPORT FROM OUTLOOK TO THUNDERBIRD,https://support.mozilla.org/questions/1556920,,,,,,m:microsoftemail,,,1,true,4.52,False,
1556925,2025-12-26T00:00:43.243944Z,2025-12-26,en-US,search,thunderbird;search;,tuaris,Use Classic Search in favor of Global Search,https://support.mozilla.org/questions/1556925,,,,,,,proto:imap,,2,true,2.28,False,
1556944,2025-12-26T04:08:59.976847Z,2025-12-26,en-US,email-and-messaging,thunderbird;email-and-messaging;,jwpw2,Subfolder deleted,https://support.mozilla.org/questions/1556944,,,,,,,,,7,true,0.03,False,
1556956,2025-12-26T08:24:44.963128Z,2025-12-26,en-US,connectivity,thunderbird;connectivity;,georgechatzopoulos2005,Thunderbird is not able to connect,https://support.mozilla.org/questions/1556956,os:linux,,,,,,,,1,true,0.12,False,
1556971,2025-12-26T11:28:37.676427Z,2025-12-26,es,attachments,thunderbird;attachments;,TB,Inline image missing in replied emails,https://support.mozilla.org/questions/1556971,,,,,,,proto:imap,,15,true,1.22,False,
1556975,2025-12-26T12:30:06.677208Z,2025-12-26,en-US,import-and-export-email,thunderbird;import-and-export-email;,varalakshmilakshmi97,backup,https://support.mozilla.org/questions/1556975,,,,,,,,,1,true,0.32,False,
1556976,2025-12-26T12:45:45.221637Z,2025-12-26,es,customization,thunderbird;customization;,recio.alex,Copy link to message,https://support.mozilla.org/questions/1556976,,,,,,,,,1,true,17.58,False,
1556980,2025-12-26T13:54:20.259410Z,2025-12-26,en-US,email-and-messaging,thunderbird;email-and-messaging;,Extrastuff1973,Mystery of deleted e-mails I did not delete,https://support.mozilla.org/questions/1556980,,,,,,,,,2,true,12.89,False,
1556993,2025-12-26T15:03:41.260768Z,2025-12-26,en-US,accounts,thunderbird;accounts;,tmanrcm,Donate,https://support.mozilla.org/questions/1556993,,,,,,,,,3,true,12.99,False,
1557000,2025-12-26T15:46:47.123461Z,2025-12-26,en-US,app-crash,thunderbird;app-crash;,djysrv,Thunderbird crashes and locks up taskbar,https://support.mozilla.org/questions/1557000,os:windows,,,,,,,,1,true,1.03,False,
1557008,2025-12-26T16:47:42.409594Z,2025-12-26,en-US,accounts,thunderbird;accounts;,nick.mortel1,Unable to add my Mailfence email account to Thunderbird install on Ubuntu 24.04.3,https://support.mozilla.org/questions/1557008,os:linux,,,,,m:gmail;m:mailfence,,,0,false,,False,
1557011,2025-12-26T17:14:09.005441Z,2025-12-26,en-US,email-and-messaging,thunderbird;email-and-messaging;,farokh2,Some filters not working,https://support.mozilla.org/questions/1557011,,,,,,,proto:imap,,15,true,0.91,True,MattAuSupport
1557016,2025-12-26T17:33:54.003003Z,2025-12-26,en-US,passwords-and-sign-in,thunderbird;passwords-and-sign-in;,lehmannc,Message retrieval failed - although webmail server access o.k.,https://support.mozilla.org/questions/1557016,,,,,,,proto:pop,,1,true,49.02,False,
1557017,2025-12-26T17:56:00.247398Z,2025-12-26,en-US,send-and-receive-email,thunderbird;send-and-receive-email;,slemberg,How do I restore a deleted message?,https://support.mozilla.org/questions/1557017,,,,,,,,,28,true,0.2,True,davidsk
1557018,2025-12-26T18:01:05.913574Z,2025-12-26,en-US,email-and-messaging,thunderbird;email-and-messaging;,bill276,Printing emails,https://support.mozilla.org/questions/1557018,,,,,,,,,1,true,8.9,False,
1557026,2025-12-26T19:01:58.787416Z,2025-12-26,en-US,account-management,thunderbird;account-management;,tozminko,Trying to set up multiple email accounts. The first one worked.,https://support.mozilla.org/questions/1557026,,,,,,,proto:imap,,1,true,6.64,False,
1557031,2025-12-26T19:26:24.145067Z,2025-12-26,en-US,crashing-and-slow-performance,thunderbird;crashing-and-slow-performance;,shivvetee,access to gmail now very sluggish,https://support.mozilla.org/questions/1557031,,,,,,m:gmail,,,3,true,7.74,False,
1557032,2025-12-26T19:43:57.969094Z,2025-12-26,en-US,reset-passwords,thunderbird;reset-passwords;,gash9367,Can you send my password to me please or tell me how to reset it?,https://support.mozilla.org/questions/1557032,,,,,,m:spectrum,,,1,true,4.13,False,
1557034,2025-12-26T19:52:22.233870Z,2025-12-26,en-US,send-and-receive-email,thunderbird;send-and-receive-email;,melron347,Thunderbird not showing new messages in inbox but they show up in my Gmail inbox,https://support.mozilla.org/questions/1557034,,,,,,m:gmail,,,1,true,5.54,False,
1557038,2025-12-26T20:16:42.767421Z,2025-12-26,en-US,send-and-receive-email,thunderbird;send-and-receive-email;,davidkachel.photographer,Unexpected Thunderbird X-platform Simultaneity,https://support.mozilla.org/questions/1557038,os:linux,,,,,,proto:pop,,11,true,3.53,False,
1557088,2025-12-27T03:01:52.428255Z,2025-12-27,en-US,customization,thunderbird;customization;,Rosaliy-Lynne,missing message preview,https://support.mozilla.org/questions/1557088,,,,,,,,,2,true,0.09,True,MattAuSupport
1557090,2025-12-27T03:04:45.550176Z,2025-12-27,en-US,send-and-receive-email,thunderbird;send-and-receive-email;,sales356,I received emails. When I click to read the message there is no message at all.,https://support.mozilla.org/questions/1557090,,,,,,,,,1,true,0.06,False,
1557098,2025-12-27T04:35:31.911528Z,2025-12-27,en-US,import-and-export-settings,thunderbird;import-and-export-settings;,smckellar59,Thunderbird transfer to new computer,https://support.mozilla.org/questions/1557098,os:windows,,,,,,,,1,true,0.24,False,
1557102,2025-12-27T04:50:09.531287Z,2025-12-27,en-US,email-and-messaging,thunderbird;email-and-messaging;,Whitehill,File link,https://support.mozilla.org/questions/1557102,,,,,,,,,1,true,27.52,False,
1557116,2025-12-27T08:28:05.307145Z,2025-12-27,en-US,calendar,thunderbird;calendar;,jamiekershaw,Printing views in Thunderbird Calendar,https://support.mozilla.org/questions/1557116,,,,,,,,,3,true,6.73,True,MichelT
1557119,2025-12-27T08:56:18.739377Z,2025-12-27,en-US,crashing-and-slow-performance,thunderbird;crashing-and-slow-performance;,fleur124,connexion,https://support.mozilla.org/questions/1557119,,,,,,,,,1,true,5.11,False,
1557124,2025-12-27T09:29:05.692665Z,2025-12-27,en-US,email-and-messaging,thunderbird;email-and-messaging;,bugzilla5,Web page triggered by clicking on email subject in the list pane,https://support.mozilla.org/questions/1557124,os:linux,,,,,,,,12,true,23.43,True,siffemoz
1557139,2025-12-27T12:04:59.241625Z,2025-12-27,en-US,save-passwords,thunderbird;save-passwords;,jo-gittins,How to save email account logins,https://support.mozilla.org/questions/1557139,,,,,,,,,2,true,4.07,False,
1557140,2025-12-27T12:24:27.889568Z,2025-12-27,en-US,customization,thunderbird;customization;,ged.ay.bws,Email Preview page,https://support.mozilla.org/questions/1557140,,,,,,,,,2,true,0.98,True,ged.ay.bws
1557144,2025-12-27T13:08:08.776703Z,2025-12-27,it,reset-passwords,thunderbird;reset-passwords;,toffolo.mauro,Non ricordo la password per accedere a thunderbird,https://support.mozilla.org/questions/1557144,,,,,,,,,1,true,3.21,False,
1557146,2025-12-27T13:21:33.555479Z,2025-12-27,en-US,search,thunderbird;search;,sforsgren,Global Search Not Returning Expected Results,https://support.mozilla.org/questions/1557146,,,,,,,proto:imap,,4,true,8.77,False,
1557150,2025-12-27T14:41:18.337201Z,2025-12-27,en-US,email-and-messaging,thunderbird;email-and-messaging;,mhpabhp,Mozilla Thunderbird.,https://support.mozilla.org/questions/1557150,,,,,,m:gmail,,,2,true,5.16,False,
1557160,2025-12-27T15:48:58.190430Z,2025-12-27,en-US,import-and-export-email,thunderbird;import-and-export-email;,Mozillist,Transferring to new machine: Lost recent messages,https://support.mozilla.org/questions/1557160,os:linux,,,,,,,,4,true,0.43,False,
1557162,2025-12-27T16:06:34.735516Z,2025-12-27,en-US,import-and-export-email,thunderbird;import-and-export-email;,ivar.thyssen,Import/Export of Thunderbird Emails,https://support.mozilla.org/questions/1557162,,,,,,,,,1,true,0.08,False,
1557171,2025-12-27T17:05:07.157689Z,2025-12-27,en-US,junk-mail-and-spam,thunderbird;junk-mail-and-spam;,brocker1,Emails identified as spam used to go directly to my Junk folder.  Now they clog up my inbox and I have to delete each on,https://support.mozilla.org/questions/1557171,,,,,,,,,1,true,0.52,False,
1557176,2025-12-27T17:35:54.436544Z,2025-12-27,en-US,install,thunderbird;install;,patfbrennan,Corrupt installation file,https://support.mozilla.org/questions/1557176,,,,,,,,,1,true,3.32,False,
1557179,2025-12-27T17:43:19.328748Z,2025-12-27,en-US,email-and-messaging,thunderbird;email-and-messaging;,dreyerbernd,"In my Thunderbird inbox, only unread messages and folders now appear at the top level only of my Hotmail account.",https://support.mozilla.org/questions/1557179,,,,,,m:microsoftemail,,,1,true,4.6,False,
1557193,2025-12-27T18:52:52.731964Z,2025-12-27,en-US,junk-mail-and-spam,thunderbird;junk-mail-and-spam;,Jamesrsamec41,Empty the waste basket,https://support.mozilla.org/questions/1557193,,,,,,,,,3,true,2.14,True,davidsk
1557201,2025-12-27T19:38:30.406401Z,2025-12-27,en-US,email-and-messaging,thunderbird;email-and-messaging;,liormic,seeing email,https://support.mozilla.org/questions/1557201,,,,,,,,,2,true,1.78,False,
1557229,2025-12-27T22:47:34.824131Z,2025-12-27,en-US,attachments,thunderbird;attachments;,layne98,When I recieve email with inline images all are shown as attachment at the end,https://support.mozilla.org/questions/1557229,os:linux,,,,,,,,3,true,7.05,False,
1557230,2025-12-27T23:09:33.620014Z,2025-12-27,en-US,install,thunderbird;install;,hans_peter,Want to go back to older version of Thunderbird,https://support.mozilla.org/questions/1557230,os:windows,,,,,,,,7,true,4.12,False,
1557237,2025-12-28T00:25:49.250559Z,2025-12-28,en-US,send-and-receive-email,thunderbird;send-and-receive-email;,jeremy40,I can no longer drag a person to the BCC line. How do I fix this?,https://support.mozilla.org/questions/1557237,,,,,,,,,3,true,2.59,False,
1557246,2025-12-28T03:21:48.158592Z,2025-12-28,en-US,import-and-export-email,thunderbird;import-and-export-email;,garyfritzz,Move from gmail to tbird,https://support.mozilla.org/questions/1557246,,,,,,m:gmail,proto:oauth,,2,true,5.34,False,
1557280,2025-12-28T09:25:57.352652Z,2025-12-28,en-US,email-and-messaging,thunderbird;email-and-messaging;,stank-appease-tug,Outlook Calendar and Contact Sync – When Will It Be Available?,https://support.mozilla.org/questions/1557280,,,,,,m:microsoftemail,,,3,true,2.46,True,MattAuSupport
1557281,2025-12-28T09:45:22.188249Z,2025-12-28,en-US,send-and-receive-email,thunderbird;send-and-receive-email;,mijso,AOL help,https://support.mozilla.org/questions/1557281,,,,,,m:yahooemail,,,8,true,1.78,True,sfhowes
1557284,2025-12-28T10:04:24.172888Z,2025-12-28,nl,contacts,thunderbird;contacts;,wajdewilde,Adresboek in Thunderbird is leeg,https://support.mozilla.org/questions/1557284,,,,,,,,,4,true,0.71,False,
1557290,2025-12-28T11:02:09.745481Z,2025-12-28,en-US,autofill,thunderbird;autofill;,tekaham,email address locations,https://support.mozilla.org/questions/1557290,,,,,,,,,3,true,0.43,False,
1557297,2025-12-28T11:56:44.216261Z,2025-12-28,en-US,send-and-receive-email,thunderbird;send-and-receive-email;,tommy45,Emails are deleted from my Inbox,https://support.mozilla.org/questions/1557297,,,,,,,,,1,true,76.51,False,
1557299,2025-12-28T12:04:11.589652Z,2025-12-28,en-US,email-and-messaging,thunderbird;email-and-messaging;,tmhjdh,delete,https://support.mozilla.org/questions/1557299,,,,,,,,,2,true,2.04,False,
1557303,2025-12-28T12:34:28.717439Z,2025-12-28,en-US,send-and-receive-email,thunderbird;send-and-receive-email;,tommy45,Emails deleted from Inbox,https://support.mozilla.org/questions/1557303,,,,,,,,,1,true,3.92,False,
1557308,2025-12-28T13:45:17.316407Z,2025-12-28,nl,email-and-messaging,thunderbird;email-and-messaging;,kriti.4,foutmelding,https://support.mozilla.org/questions/1557308,,,,,,,,,0,false,,False,
1557313,2025-12-28T14:22:13.159091Z,2025-12-28,en-US,customization,thunderbird;customization;,borisgoodenough,Won't display any read / saved emails,https://support.mozilla.org/questions/1557313,os:windows,,,,,,,,2,true,2.37,True,davidsk
1557314,2025-12-28T14:23:28.207906Z,2025-12-28,en-US,installation-and-updates,thunderbird;installation-and-updates;,2011gusy,Please Support in german,https://support.mozilla.org/questions/1557314,,,,,,,,,1,true,8.07,False,
1557321,2025-12-28T15:40:42.010148Z,2025-12-28,en-US,account-management,thunderbird;account-management;,bergischestrasse,Thunderbird has decided to spell my name wrongly after automatic transfer to a new computer.,https://support.mozilla.org/questions/1557321,,,,,,,,,3,true,0.2,True,davidsk
1557338,2025-12-28T17:35:43.463903Z,2025-12-28,en-US,contacts,thunderbird;contacts;,ts9,new address book,https://support.mozilla.org/questions/1557338,,,,,,,,,1,true,0.22,False,
1557343,2025-12-28T17:59:38.734838Z,2025-12-28,en-US,connectivity,thunderbird;connectivity;,jditter00,Server outlook.office365.com responded with an error,https://support.mozilla.org/questions/1557343,os:windows,,,,,m:microsoftemail,,,0,false,,False,
1557346,2025-12-28T18:26:12.553193Z,2025-12-28,en-US,passwords-and-sign-in,thunderbird;passwords-and-sign-in;,lehmannc,sending of password failed,https://support.mozilla.org/questions/1557346,,,,,,,proto:pop,,3,true,0.14,False,
1557348,2025-12-28T18:48:44.431524Z,2025-12-28,en-US,import-and-export-email,thunderbird;import-and-export-email;,jeff298,How do I import my email directories / files from go daddy to thunderbird?,https://support.mozilla.org/questions/1557348,,,,,,,,,1,true,13.68,False,
1557352,2025-12-28T19:39:48.428401Z,2025-12-28,en-US,passwords-and-sign-in,thunderbird;passwords-and-sign-in;,email14,Thunderbird password,https://support.mozilla.org/questions/1557352,os:windows,,,,,m:ionos,,,1,true,47.58,False,
1557358,2025-12-28T20:04:53.338309Z,2025-12-28,en-US,attachments,thunderbird;attachments;,Leo.Levosky1,TB treating emojis as attachments,https://support.mozilla.org/questions/1557358,,,,,,,,,1,true,2.18,False,
1557360,2025-12-28T20:28:11.032681Z,2025-12-28,en-US,send-and-receive-email,thunderbird;send-and-receive-email;,canucksailor,thunderbird 128.9.1esr (64-bit),https://support.mozilla.org/questions/1557360,,,,,,,,,1,true,12.0,False,
1557361,2025-12-28T20:31:55.684826Z,2025-12-28,en-US,account-management,thunderbird;account-management;,lpjm.notley,Thunderbird,https://support.mozilla.org/questions/1557361,,,,,,,,,8,true,1.31,False,
1557366,2025-12-28T20:55:02.376922Z,2025-12-28,en-US,send-and-receive-email,thunderbird;send-and-receive-email;,rsmedelg,cannot get or send email,https://support.mozilla.org/questions/1557366,,,,,,m:yahooemail;m:verizon,proto:pop,,8,true,2.55,True,rsmedelg
1557370,2025-12-28T21:13:37.887847Z,2025-12-28,cs,junk-mail-and-spam,thunderbird;junk-mail-and-spam;,sejbova,Složka Hromadná,https://support.mozilla.org/questions/1557370,,,,,,,,,1,true,3.7,False,
1557374,2025-12-28T21:20:11.490627Z,2025-12-28,en-US,install,thunderbird;install;,mgribb,load thunderbird,https://support.mozilla.org/questions/1557374,,,,,,,,,1,true,0.87,False,
1557383,2025-12-28T22:13:24.356555Z,2025-12-28,en-US,customization,thunderbird;customization;,hans_peter,Bigger text on mailpart,https://support.mozilla.org/questions/1557383,,,,,,,,,2,true,14.26,True,davidsk
1557384,2025-12-28T22:20:27.747442Z,2025-12-28,en-US,junk-mail-and-spam,thunderbird;junk-mail-and-spam;,BobbyBobBob,New Issue with Win ver. 146.0.1 -- Deleting Spam Folder Now Sends Spam To Trash! BAD!,https://support.mozilla.org/questions/1557384,,,,,,,,,1,false,,False,
1557425,2025-12-29T06:56:20.278416Z,2025-12-29,en-US,performance-and-connectivity,thunderbird;performance-and-connectivity;,stewartgradon,reduce the number of emails,https://support.mozilla.org/questions/1557425,,,,,,,,,1,true,90.7,False,
1557438,2025-12-29T08:09:38.093568Z,2025-12-29,es,customization,thunderbird;customization;,si.ps,Thunderbird,https://support.mozilla.org/questions/1557438,,,,,,,,,1,true,21.74,False,
1557447,2025-12-29T10:10:34.534619Z,2025-12-29,en-US,reset-passwords,thunderbird;reset-passwords;,christian.j21,mot passe oublier,https://support.mozilla.org/questions/1557447,,,,,,,,,2,true,2.27,False,
1557450,2025-12-29T10:31:07.112604Z,2025-12-29,en-US,import-and-export-email,thunderbird;import-and-export-email;,clr9,Email,https://support.mozilla.org/questions/1557450,,,,,,,proto:imap,,1,true,1.82,False,
1557456,2025-12-29T12:04:00.208852Z,2025-12-29,en-US,email-and-messaging,thunderbird;email-and-messaging;,lclark4,old webmail address being withdrawn. Will Thunderbird still enable me to open e-mails saved to local folders within Thun,https://support.mozilla.org/questions/1557456,,,,,,,,,3,true,0.12,True,lclark4
1557462,2025-12-29T12:57:23.042015Z,2025-12-29,it,account-management,thunderbird;account-management;,staranzano1,devo aggiungere nuova mail pec,https://support.mozilla.org/questions/1557462,,,,,,,,,1,true,0.7,False,
1557464,2025-12-29T13:22:01.950739Z,2025-12-29,en-US,app-crash,thunderbird;app-crash;,bob.sillitoe,Sending multiple emails from Outbox,https://support.mozilla.org/questions/1557464,,,,,,m:gmail;m:fastmail,,,0,false,,False,
1557469,2025-12-29T14:21:08.054947Z,2025-12-29,en-US,send-and-receive-email,thunderbird;send-and-receive-email;,bluesky2,email updates,https://support.mozilla.org/questions/1557469,,,,,,,,,2,true,3.47,False,
1557472,2025-12-29T14:28:16.726374Z,2025-12-29,en-US,customization,thunderbird;needsinfo;customization;,esicluna00,Text color won't change in Thunderbird 146.0.1 (32-bit) for Windows,https://support.mozilla.org/questions/1557472,os:windows,,,,,,,,8,true,4.96,False,
1557480,2025-12-29T15:29:09.345636Z,2025-12-29,en-US,customization,thunderbird;customization;,paul142857,Thunderbird not storing IMAP message bodies on local computer,https://support.mozilla.org/questions/1557480,,,,,,,proto:imap,,5,true,4.0,False,
1557483,2025-12-29T16:08:45.852065Z,2025-12-29,en-US,attachments,thunderbird;attachments;,accounting69,FileLink,https://support.mozilla.org/questions/1557483,,,,,,,,,1,true,1.06,True,norhorn
1557493,2025-12-29T17:09:59.356116Z,2025-12-29,it,accounts,thunderbird;needsinfo;accounts;,g.c.carburanti,recupero pec,https://support.mozilla.org/questions/1557493,,,,,,,,,1,true,14.51,True,'@next
1557498,2025-12-29T17:50:19.218429Z,2025-12-29,it,reset-passwords,thunderbird;reset-passwords;,staranzano1,PASSWORD,https://support.mozilla.org/questions/1557498,,,,,,,,,1,true,1.78,False,
1557499,2025-12-29T17:51:39.831121Z,2025-12-29,it,reset-passwords,thunderbird;reset-passwords;,staranzano1,PASSWORD,https://support.mozilla.org/questions/1557499,,,,,,,,,1,true,1.75,False,
1557504,2025-12-29T18:19:34.829494Z,2025-12-29,en-US,email-and-messaging,thunderbird;email-and-messaging;,krzysztof.gebarowski,Incorrect message display,https://support.mozilla.org/questions/1557504,,,,,,,,,0,false,,False,
1557514,2025-12-29T19:42:10.807159Z,2025-12-29,en-US,account-management,thunderbird;account-management;,enyah,Adding another POP3 account using new Account Hub ends in a waiting loop,https://support.mozilla.org/questions/1557514,os:windows,,,,,m:gmx,proto:imap;proto:pop,,1,true,17.04,True,Yu5tiqX9og
1557516,2025-12-29T19:52:22.661096Z,2025-12-29,en-US,import-and-export-email,thunderbird;import-and-export-email;,jrbacewich,migrating from Yahoo mail to Thunderbird,https://support.mozilla.org/questions/1557516,,,,,,m:yahooemail,,,1,true,21.17,False,
1557523,2025-12-29T20:12:21.961332Z,2025-12-29,en-US,account-management,thunderbird;account-management;,wildfloralworks,gmail download to thunderbird extremely slow - want to unclick all mail but cannot find subscribe button,https://support.mozilla.org/questions/1557523,,,,,,m:gmail,,,1,true,13.59,True,MattAuSupport
1557529,2025-12-29T20:20:24.243876Z,2025-12-29,en-US,import-and-export-email,thunderbird;import-and-export-email;,sinnamon.ben,Importing zip files of emails from Google Cloud Storage into Thunderbird,https://support.mozilla.org/questions/1557529,,,,,,,,,6,true,13.45,True,sinnamon.ben
1557531,2025-12-29T20:47:42.474726Z,2025-12-29,en-US,customization,thunderbird;customization;,colindsinclair,"When I print off my sent emails it doesnt show the"" From"" name (my name ) and who it has been sent to.",https://support.mozilla.org/questions/1557531,,,,,,,,,1,true,0.15,False,
1557533,2025-12-29T20:50:46.886824Z,2025-12-29,en-US,contacts,thunderbird;contacts;,sideburns,How can I find my address book's file to restore it from backup?,https://support.mozilla.org/questions/1557533,,,,,,,,,6,true,10.66,True,siffemoz
1557539,2025-12-29T21:00:58.026915Z,2025-12-29,en-US,send-and-receive-email,thunderbird;send-and-receive-email;,CWM2015,Outgoing server rejects authentification on Comcast,https://support.mozilla.org/questions/1557539,os:windows,,,,,m:comcast,,,2,true,16.25,True,Toad-Hall
1557542,2025-12-29T21:25:38.829278Z,2025-12-29,en-US,send-and-receive-email,thunderbird;send-and-receive-email;,mythos1,Get Messages,https://support.mozilla.org/questions/1557542,,,,,,,,,1,true,9.99,False,
1557545,2025-12-29T21:43:51.469555Z,2025-12-29,en-US,customization,thunderbird;customization;,John.Mellor,Corrupted folder names,https://support.mozilla.org/questions/1557545,,,,,,m:gmail;m:yahooemail,,,1,true,11.68,False,
1557554,2025-12-29T22:38:47.122546Z,2025-12-29,en-US,email-and-messaging,thunderbird;email-and-messaging;,rdealy,"Please define folders: Sent, Sent Mail, All Mail: hesitant to delete any in these folders.",https://support.mozilla.org/questions/1557554,,,,,,,,,1,true,10.82,False,
1557555,2025-12-29T22:47:54.445035Z,2025-12-29,en-US,customization,thunderbird;customization;,jakewax,Move to not alphabetized any longer (bug2000453),https://support.mozilla.org/questions/1557555,,,,,,,,,3,true,3.1,False,
1557565,2025-12-30T00:54:49.481098Z,2025-12-30,en-US,account-management,thunderbird;account-management;,clintoconner2,How to reset (or recover) all email accounts,https://support.mozilla.org/questions/1557565,,,,,,,,,7,true,8.68,False,
1557568,2025-12-30T01:47:02.947626Z,2025-12-30,en-US,customization,thunderbird;customization;,tet.suzaki.oregon,Message Filter seems empty,https://support.mozilla.org/questions/1557568,os:macos,,,,,,,,3,true,5.56,True,Yu5tiqX9og
1557588,2025-12-30T07:37:18.654119Z,2025-12-30,en-US,search,thunderbird;search;,ellinasandreas2001,Attachment Full-Text Search in Thunderbird (Email Indexing),https://support.mozilla.org/questions/1557588,,,,,,,,,1,true,6.34,False,
1557592,2025-12-30T08:11:01.110730Z,2025-12-30,en-US,send-and-receive-email,thunderbird;send-and-receive-email;,amitkumar.dubey,GMAIL ACCOUNT CONFIGRATION WITH MOZILA THUNDERBIRD,https://support.mozilla.org/questions/1557592,,,,,,m:gmail,,,1,true,4.83,False,
1557594,2025-12-30T08:31:12.646565Z,2025-12-30,nl,customization,thunderbird;customization;,WEK,Gearchiveerde berichten in lokale map,https://support.mozilla.org/questions/1557594,,,,,,,proto:imap,,0,false,,False,
1557603,2025-12-30T10:11:03.222921Z,2025-12-30,nl,attachments,thunderbird;attachments;,jch8,De bijlage (PDF) in een te verzenden email openen.,https://support.mozilla.org/questions/1557603,,,,,,,,,1,true,166.49,False,
1557608,2025-12-30T11:07:16.053638Z,2025-12-30,nl,calendar,thunderbird;calendar;,WEK,Dubbele agenda,https://support.mozilla.org/questions/1557608,,,,,,,,,0,false,,False,
1557620,2025-12-30T12:18:12.951757Z,2025-12-30,en-US,passwords-and-sign-in,thunderbird;passwords-and-sign-in;,jlbieber,Continual authorization requests for an account I no longer have access to,https://support.mozilla.org/questions/1557620,,,,,,m:gmail,,,1,false,,True,jlbieber
1557626,2025-12-30T13:06:09.468732Z,2025-12-30,en-US,account-management,thunderbird;account-management;,cwooden,the downside of syncing,https://support.mozilla.org/questions/1557626,,,,,,m:gmail,proto:imap,,4,true,0.65,True,davidsk
1557627,2025-12-30T13:16:16.429196Z,2025-12-30,nl,customization,thunderbird;customization;,r.ommel,Apply current view of message list pane to other folders not working,https://support.mozilla.org/questions/1557627,os:macos,,macos:tahoe,,,,,,0,false,,False,
1557632,2025-12-30T13:51:23.685055Z,2025-12-30,en-US,reset-passwords,thunderbird;reset-passwords;,henda69,password reminder,https://support.mozilla.org/questions/1557632,,,,,,,,,1,true,0.13,False,
1557638,2025-12-30T14:20:03.619560Z,2025-12-30,nl,contacts,thunderbird;contacts;,geertbruijnes,Mailinglijsten worden niet gesynchroniseerd,https://support.mozilla.org/questions/1557638,os:linux,,,,,m:gmail;m:microsoftemail,proto:caldav,,1,false,,False,
1557640,2025-12-30T14:43:16.971247Z,2025-12-30,en-US,send-and-receive-email,thunderbird;send-and-receive-email;,eschwing68,"On Dec 17 2025 Thunderbird stopped bringing emails in and out, but is connected to email server",https://support.mozilla.org/questions/1557640,,,,,,m:comcast,proto:imap,,7,true,22.63,False,
1557643,2025-12-30T14:56:23.276766Z,2025-12-30,en-US,junk-mail-and-spam,thunderbird;junk-mail-and-spam;,petermscott,Last chance to keep your Mozilla account    Is this a scam?,https://support.mozilla.org/questions/1557643,,,,,,,,,2,true,0.15,True,TyDraniu
1557644,2025-12-30T15:02:35.169456Z,2025-12-30,en-US,send-and-receive-email,thunderbird;send-and-receive-email;,dromer4,am having trouble trying Thunderbird...it's not uploading my mail,https://support.mozilla.org/questions/1557644,,,,,,,,,1,true,2.82,False,
1557647,2025-12-30T15:37:11.350888Z,2025-12-30,en-US,send-and-receive-email,thunderbird;send-and-receive-email;,dgperez,Connect to server RESET and cannot access email messages.,https://support.mozilla.org/questions/1557647,,,,,,,,,1,true,21.57,False,
1557651,2025-12-30T15:46:51.713495Z,2025-12-30,en-US,send-and-receive-email,thunderbird;send-and-receive-email;,klaus.d.maier,Mozilla Thunderbird,https://support.mozilla.org/questions/1557651,,,,,,,proto:smtp,,1,true,1.41,False,
1557652,2025-12-30T15:47:05.375854Z,2025-12-30,es,send-and-receive-email,thunderbird;send-and-receive-email;,cecilia6,I CAN'T SEND EMAILS!!,https://support.mozilla.org/questions/1557652,,,,,,,,,1,true,95.58,False,
1557657,2025-12-30T16:22:02.097272Z,2025-12-30,en-US,send-and-receive-email,thunderbird;needsinfo;send-and-receive-email;,toltmann,"Can not send emails. Can receive and can send when using Spectrum.net, however can not send through RoadRunner Mozilla T",https://support.mozilla.org/questions/1557657,,,,,,m:spectrum,,,6,true,36.13,False,
1557665,2025-12-30T17:03:27.945874Z,2025-12-30,en-US,passwords-and-sign-in,thunderbird;passwords-and-sign-in;,aklj,No Connection,https://support.mozilla.org/questions/1557665,,,,,,,,,1,true,20.11,False,
1557666,2025-12-30T17:08:08.921883Z,2025-12-30,en-US,email-and-messaging,thunderbird;email-and-messaging;,genedean198,Deleting sent mail in Thunderbird,https://support.mozilla.org/questions/1557666,,,,,,,,,2,true,0.19,False,
1557667,2025-12-30T17:09:05.579452Z,2025-12-30,en-US,contacts,thunderbird;contacts;,wayneanderson80,Transfer Thunderbird email contacts,https://support.mozilla.org/questions/1557667,,,,,,m:centurylink,,,8,true,0.06,False,
1557673,2025-12-30T17:54:52.581858Z,2025-12-30,en-US,customization,thunderbird;customization;,JoeRLuciano,Email Filter Log,https://support.mozilla.org/questions/1557673,,,,,,,,,0,false,,False,
1557683,2025-12-30T18:56:39.208082Z,2025-12-30,en-US,tags,thunderbird;tags;,enisiorfg,Message Tags - Categorizing is illogical when using color coding.,https://support.mozilla.org/questions/1557683,,,,,,m:microsoftemail,,,1,true,0.94,False,
1557684,2025-12-30T18:59:06.587448Z,2025-12-30,en-US,profiles,thunderbird;profiles;,foxed1,Thunderbird now 140.6 - which has not cured issue,https://support.mozilla.org/questions/1557684,,,,,,,,,1,true,0.15,False,
1557699,2025-12-30T20:02:02.584392Z,2025-12-30,en-US,email-and-messaging,thunderbird;email-and-messaging;,nedoking2000,Old Emails Disappeared After Repair,https://support.mozilla.org/questions/1557699,,,,,,,,,2,true,17.1,True,nedoking2000
1557708,2025-12-30T21:34:51.186998Z,2025-12-30,en-US,app-crash,thunderbird;app-crash;,former12,thunderbird flatpak on ubuntu 24.04 severely crashed,https://support.mozilla.org/questions/1557708,os:linux,,,,,m:microsoftemail;m:gmx,,,0,false,,False,
1557716,2025-12-30T22:10:04.264339Z,2025-12-30,en-US,import-and-export-settings,thunderbird;import-and-export-settings;,cathal57,transfer of Thunderbird to new PC,https://support.mozilla.org/questions/1557716,os:windows,,,,,,,,1,true,10.28,False,
1557720,2025-12-30T22:38:18.353302Z,2025-12-30,en-US,customization,thunderbird;customization;,Serpher,Autoconfig for Thunderbird,https://support.mozilla.org/questions/1557720,,,,,,,,,2,true,12.78,False,
1557729,2025-12-30T23:35:53.168086Z,2025-12-30,en-US,update,thunderbird;update;,peggy5,QuickBooks won't use Thunderbird since this last update,https://support.mozilla.org/questions/1557729,os:windows,,,,,,,,3,true,10.19,False,
1557734,2025-12-31T00:28:42.479619Z,2025-12-31,en-US,send-and-receive-email,thunderbird;send-and-receive-email;,bluangel33,I can no longer send an email,https://support.mozilla.org/questions/1557734,,,,,,,,,3,true,12.29,True,MattAuSupport
1557737,2025-12-31T01:12:48.546442Z,2025-12-31,en-US,install,thunderbird;install;,joachim.pileborg,Where are the attachments? And how do I scroll messages and inbox list?,https://support.mozilla.org/questions/1557737,os:linux,,,,,,,,2,true,107.27,False,
1557755,2025-12-31T03:55:11.060977Z,2025-12-31,pt-BR,profiles,thunderbird;profiles;,WalterTabax,Novo Perfil em Thunderbird Portable Edition,https://support.mozilla.org/questions/1557755,,,,,,m:att,,,0,false,,False,
1557760,2025-12-31T04:57:37.532497Z,2025-12-31,en-US,import-and-export-settings,thunderbird;import-and-export-settings;,gshantz,move all data for thunderbird from windows to Linux,https://support.mozilla.org/questions/1557760,os:linux,,,,,,,,4,true,7.18,True,mozilla98
1557771,2025-12-31T05:52:04.571144Z,2025-12-31,en-US,customization,thunderbird;customization;,bikejunky2,Double click on single click,https://support.mozilla.org/questions/1557771,,,,,,,,,2,true,22.58,False,
1557772,2025-12-31T05:56:08.843434Z,2025-12-31,en-US,send-and-receive-email,thunderbird;send-and-receive-email;,scuter,Multiple TO fields in Thunderbird email,https://support.mozilla.org/questions/1557772,,,,,,,,,2,true,0.34,True,firefox1670
1557774,2025-12-31T06:26:19.618401Z,2025-12-31,en-US,send-and-receive-email,thunderbird;send-and-receive-email;,laser2,Problem with filters,https://support.mozilla.org/questions/1557774,,,,,,,,,7,true,6.62,False,
1557782,2025-12-31T08:12:22.455032Z,2025-12-31,en-US,events,thunderbird;events;,rwdpols,Unkown Organizer reminder,https://support.mozilla.org/questions/1557782,,,,,,m:gmail,,,1,true,60.44,False,
1557783,2025-12-31T08:37:58.364860Z,2025-12-31,en-US,import-and-export-email,thunderbird;import-and-export-email;,bglenrae,"I installed Thunderbird and Proton as per ""Resist kit"" but have not been able to arrange for transfer of gmail accounts ",https://support.mozilla.org/questions/1557783,,,,,,m:gmail,,,6,true,1.11,False,
1557796,2025-12-31T11:43:58.881254Z,2025-12-31,en-US,import-and-export-email,thunderbird;import-and-export-email;,divdm84,How Do I Open MSG File in Thunderbird?,https://support.mozilla.org/questions/1557796,,,,,,,,,5,true,1.27,False,
1557808,2025-12-31T13:24:50.062108Z,2025-12-31,en-US,email-and-messaging,thunderbird;email-and-messaging;,biplane,Getting two e-mails in Outlook,https://support.mozilla.org/questions/1557808,,,,,,m:microsoftemail,,,4,true,56.15,False,
1557812,2025-12-31T14:24:41.935429Z,2025-12-31,it,attachments,thunderbird;attachments;,avv.francescocantiero,Critical Data Mismatch: Forwarding a .eml file sends incorrect/stale attachment content with same filename,https://support.mozilla.org/questions/1557812,os:windows,,,,,,,,1,true,2.35,False,
1557820,2025-12-31T15:58:08.678941Z,2025-12-31,en-US,import-and-export-email,thunderbird;windows-11;import-and-export-email;,beeniedave,problems transfering thunderbird profile to new PC,https://support.mozilla.org/questions/1557820,os:windows,Windows 11,,,,,proto:imap,,6,true,0.16,False,
1557823,2025-12-31T17:30:09.104981Z,2025-12-31,en-US,email-and-messaging,thunderbird;email-and-messaging;,ldumont,on one of my pc's with thunderbird all new incoming emails go to spam folder. i did not change any settings,https://support.mozilla.org/questions/1557823,,,,,,m:optimum,,,1,true,19.77,False,
1557825,2025-12-31T17:49:24.447872Z,2025-12-31,en-US,send-and-receive-email,thunderbird;needsinfo;send-and-receive-email;,bluevalleybowl,cannot receive emails on my computerer but can get them on my phone,https://support.mozilla.org/questions/1557825,,,,,,,,,1,true,0.57,False,
1557830,2025-12-31T18:13:20.337970Z,2025-12-31,en-US,send-and-receive-email,thunderbird;send-and-receive-email;,frank114,Can't delete email from inbox,https://support.mozilla.org/questions/1557830,,,,,,m:microsoftemail,,,5,true,13.95,True,siffemoz
1557834,2025-12-31T18:41:06.989883Z,2025-12-31,en-US,calendar,thunderbird;calendar;,John_Locke,Suddenly TB won't let me snooze or dismiss calendar reminders,https://support.mozilla.org/questions/1557834,,,,,,,,,9,true,25.41,False,
1557836,2025-12-31T18:50:51.511292Z,2025-12-31,en-US,email-and-messaging,thunderbird;needsinfo;email-and-messaging;,JimFerrante,Can't bulk erase emails from my inbox sometimes,https://support.mozilla.org/questions/1557836,os:windows,,,,,,,,1,true,22.73,False,
1557858,2025-12-31T20:38:18.931688Z,2025-12-31,en-US,install,thunderbird;install;,fritz.h.schurig,Problem with Download,https://support.mozilla.org/questions/1557858,,,,,,,,,2,true,0.49,False,
1557861,2025-12-31T21:06:28.860437Z,2025-12-31,en-US,import-and-export-email,thunderbird;import-and-export-email;,capital109,Initial setup away from Microsoft 365,https://support.mozilla.org/questions/1557861,,,,,,m:microsoftemail,,,1,true,1.12,False,
1557866,2025-12-31T21:49:42.632979Z,2025-12-31,en-US,junk-mail-and-spam,thunderbird;junk-mail-and-spam;,etta.koenig,"Spam, junk, AND trash folders... it's too much!",https://support.mozilla.org/questions/1557866,os:windows,,,,,,,,1,true,6.53,False,
1557875,2025-12-31T22:35:04.930428Z,2025-12-31,en-US,passwords-and-sign-in,thunderbird;passwords-and-sign-in;,piman13,account login issues / oauth2 issues,https://support.mozilla.org/questions/1557875,os:linux,,,,,m:microsoftemail,proto:oauth,,4,true,5.74,True,mozilla98
1557877,2025-12-31T22:47:47.948615Z,2025-12-31,en-US,install,thunderbird;needsinfo;install;,killshot05,Mozilla Thunderbird icon disappeared from my computer screen,https://support.mozilla.org/questions/1557877,,,,,,,,,1,true,2.17,True,rednoise
