id,created,created_date,locale,topic,tags,creator,title,question_url,os,os_raw,tb_version,tb_version_major,mail_provider,isp,protocol,av,num_answers,is_answered,first_answer_hours,is_solved,solved_by
1573881,2026-03-31 17:30:43 -0700,2026-04-01,en-US,send-and-receive-email,windows-10;thunderbird;send-and-receive-email;,sedlockdavid9,cannot receive E Mailes,https://support.mozilla.org/questions/1573881,,,,,,,,,2,true,0.54,False,
1573887,2026-03-31 17:58:22 -0700,2026-04-01,en-US,accounts,windows-11;thunderbird;accounts;,vealch,Subscriptions,https://support.mozilla.org/questions/1573887,,,,,,,,,0,false,,False,
1573894,2026-03-31 18:35:23 -0700,2026-04-01,en-US,security,windows-1011;thunderbird;security;,aaaaa,"General Thunderbird help, including the background developer toolbox, also appeared as ips",https://support.mozilla.org/questions/1573894,,,,,,,,,4,true,1.66,False,
1573897,2026-03-31 18:53:09 -0700,2026-04-01,en-US,customization,linux;thunderbird;customization;,rdmyers.42,scan local folders when starting up,https://support.mozilla.org/questions/1573897,,,,,,,,,14,true,43.32,True,mozilla98
1573898,2026-03-31 19:00:43 -0700,2026-04-01,en-US,update,windows-1011;thunderbird;update;,aaaaa,"I can't find a contact person, and the Mozilla account name has been changed. Is that normal? (locked duplicate)",https://support.mozilla.org/questions/1573898,,,,,,,,,1,true,1.47,False,
1573905,2026-03-31 19:31:00 -0700,2026-04-01,en-US,customization,linux;thunderbird;customization;,egger.roland,Add User Agent with correct platform information,https://support.mozilla.org/questions/1573905,os:linux,,,,,,,,4,true,0.89,False,
1573910,2026-03-31 19:41:16 -0700,2026-04-01,en-US,email-and-messaging,windows-1011;thunderbird;email-and-messaging;,pgenbuy,login to serverconnection failed,https://support.mozilla.org/questions/1573910,,,,,,,,,0,false,,False,
1573912,2026-03-31 20:08:15 -0700,2026-04-01,en-US,send-and-receive-email,windows-11;thunderbird;send-and-receive-email;,SHAWN.FOURG,Thunderbird cant get email that it could get two days ago,https://support.mozilla.org/questions/1573912,,,,,,isp:centurylink,proto:pop,,0,false,,False,
1573913,2026-03-31 20:17:16 -0700,2026-04-01,en-US,calendar,windows-11;thunderbird;calendar;,wthwolf1,"Calendar will not print out date information, just prints blank calendar",https://support.mozilla.org/questions/1573913,,,,,,,,,0,false,,False,
1573914,2026-03-31 20:31:47 -0700,2026-04-01,cs,import-and-export-settings,windows-11;thunderbird;import-and-export-settings;,roman.nosek,Nejde mi přesunout data na nový počítač,https://support.mozilla.org/questions/1573914,,,,,,,,,2,true,17.61,True,Ansamb
1573923,2026-03-31 21:27:51 -0700,2026-04-01,en-US,installation-and-updates,windows-10;thunderbird;installation-and-updates;,rdoty1,I need real HELP connecting gmx to Thunderbird or any other email client,https://support.mozilla.org/questions/1573923,,,,,m:gmx,,,,8,true,7.15,False,
1573938,2026-03-31 23:49:05 -0700,2026-04-01,en-US,send-and-receive-email,windows-11;thunderbird;send-and-receive-email;,URsmith84,"Can I return to using Thunderbird after having to change my email account to ""gmail.com""?",https://support.mozilla.org/questions/1573938,,,,,m:gmail,,,,1,true,4.04,True,rednoise
1573943,2026-04-01 00:51:01 -0700,2026-04-01,en-US,connectivity,windows-11;thunderbird;connectivity;,ampinwa,"Thunderbird is blocked, I cannot receive or send emails.",https://support.mozilla.org/questions/1573943,,,,,m:gmail,,proto:imap,av:avast;av:malwarebytes,2,true,19.72,True,ampinwa
1573945,2026-04-01 01:08:42 -0700,2026-04-01,en-US,app-crash,mac-os-x-1015;thunderbird;app-crash;,jyo64877,thunderbird opens then the screen locks with a rotating colour circle.,https://support.mozilla.org/questions/1573945,,,,,,,proto:imap;proto:smtp,av:avast,2,true,25.54,False,
1573962,2026-04-01 05:38:50 -0700,2026-04-01,en-US,customization,linux;thunderbird;customization;,theking2,Starred emails indication,https://support.mozilla.org/questions/1573962,,,,,,,,,3,true,12.56,False,
1573968,2026-04-01 06:32:35 -0700,2026-04-01,en-US,send-and-receive-email,windows-11;thunderbird;send-and-receive-email;,nielsike,Unable to Get Messages on my Thunderbird email,https://support.mozilla.org/questions/1573968,,,,,,,,,4,true,5.08,True,nielsike
1573974,2026-04-01 07:18:17 -0700,2026-04-01,en-US,send-and-receive-email,windows-10;thunderbird;send-and-receive-email;,IanLove,emails automatically deleted after Thunderbird update,https://support.mozilla.org/questions/1573974,,,,,m:yahooemail,,,,1,true,8.04,False,
1573979,2026-04-01 08:02:55 -0700,2026-04-01,en-US,settings,windows-1011;thunderbird;settings;,aaaaa,Thunderbird Thunderbird Pro,https://support.mozilla.org/questions/1573979,,,,,,,,,4,true,2.78,True,Googlethunderbird.
1573999,2026-04-01 10:47:54 -0700,2026-04-01,en-US,contacts,windows-11;thunderbird;contacts;,JamesJ,Thunderbird Still Syncs Gmail Contacts Even Though I have no Gmail Account in TB,https://support.mozilla.org/questions/1573999,,,,,m:gmail,,,,7,true,3.29,True,JamesJ
1574000,2026-04-01 10:50:14 -0700,2026-04-01,en-US,email-and-messaging,windows-11;thunderbird;email-and-messaging;,luca26,mail si aprono automaticamente,https://support.mozilla.org/questions/1574000,,,,,,,,,0,false,,False,
1574029,2026-04-01 14:48:37 -0700,2026-04-01,en-US,send-and-receive-email,windows-1011;thunderbird;send-and-receive-email;,taosgn,i imported outlook and everything works except my gmx email client,https://support.mozilla.org/questions/1574029,,,,,m:microsoftemail;m:gmx,,,,0,false,,False,
1574031,2026-04-01 14:51:27 -0700,2026-04-01,en-US,connectivity,windows-11;thunderbird;connectivity;,Lozzerdude,Thunderbird access denied if NAS archive is disconnected,https://support.mozilla.org/questions/1574031,,,,,,,,,0,false,,False,
1574039,2026-04-01 15:23:36 -0700,2026-04-01,en-US,send-and-receive-email,linux;thunderbird;send-and-receive-email;,dave473,"Google, Gmail Hotmail fails all the time",https://support.mozilla.org/questions/1574039,,,,,m:gmail;m:microsoftemail,isp:btinternet,,,0,false,,False,
1574041,2026-04-01 15:41:58 -0700,2026-04-01,tr,connectivity,windows-10;thunderbird;connectivity;,gurupiti,Hesap eklerken hata alıyorum,https://support.mozilla.org/questions/1574041,,,,,m:gmail;m:yahooemail,,,,1,true,24.32,False,
1574045,2026-04-01 15:46:59 -0700,2026-04-01,en-US,send-and-receive-email,windows-11;thunderbird;send-and-receive-email;,n3xge,"reinstalled TB, able to receive but not send email",https://support.mozilla.org/questions/1574045,,,,,m:gmail,,,,2,true,1.77,False,
1574050,2026-04-01 15:55:47 -0700,2026-04-01,it,connectivity,windows-10;thunderbird;connectivity;needsinfo;,tomiatolorenzo,problema di server Impossibile trovare live.thunderbird.net. Controllare il nome e ritentare.,https://support.mozilla.org/questions/1574050,,,,,,,,,1,true,16.13,False,
1574053,2026-04-01 16:13:38 -0700,2026-04-01,en-US,calendar,thunderbird;calendar;,robsimmonssxb,Day and week view calendar orientation stuck on horizontal,https://support.mozilla.org/questions/1574053,,,,,,,,,2,true,1.45,True,Mapenzi
1574063,2026-04-01 17:10:23 -0700,2026-04-02,en-US,crashing-and-slow-performance,windows-11;thunderbird;crashing-and-slow-performance;,mario64,Resetting the index,https://support.mozilla.org/questions/1574063,,,,,,,,,1,true,0.3,False,
1574065,2026-04-01 17:12:02 -0700,2026-04-02,en-US,attachments,windows-11;thunderbird;attachments;,djb-sab,Thunderbird all of the sudden will not accept photos or document attachments to send.,https://support.mozilla.org/questions/1574065,os:windows,,,,,,,,1,true,71.04,False,
1574074,2026-04-01 18:21:05 -0700,2026-04-02,en-US,customization,windows-11;thunderbird;customization;,connman,Tools>Message Filters>Filters for:,https://support.mozilla.org/questions/1574074,,,,,,,,,5,true,1.93,False,
1574076,2026-04-01 18:27:20 -0700,2026-04-02,en-US,passwords-and-sign-in,windows-11;thunderbird;passwords-and-sign-in;,sushantshhah,I'm getting authentication error while adding my normal outlook account. Win 11. xxxx@outlook.com,https://support.mozilla.org/questions/1574076,os:windows,,,,m:microsoftemail,,,,0,false,,False,
1574083,2026-04-01 19:05:47 -0700,2026-04-02,en-US,customization,windows-1011;thunderbird;customization;,atsdon1,Suggest an update for folder compaction,https://support.mozilla.org/questions/1574083,,,,,,,,,4,true,0.38,True,MattAuSupport
1574119,2026-04-01 21:24:54 -0700,2026-04-02,en-US,send-and-receive-email,windows-11;thunderbird;send-and-receive-email;needsinfo;,fuzzstevenking89,cant receive emails,https://support.mozilla.org/questions/1574119,,,,,,,,,1,true,0.13,False,
1574136,2026-04-01 22:53:41 -0700,2026-04-02,en-US,send-and-receive-email,windows-11;thunderbird;send-and-receive-email;,redacted,Not Understanding Troubleshooter Results,https://support.mozilla.org/questions/1574136,,,,,,isp:shaw,proto:smtp,,3,false,,False,
1574137,2026-04-01 22:57:00 -0700,2026-04-02,en-US,send-and-receive-email,firefox-1490;mac-os-x-1015;thunderbird;send-and-receive-email;,sdbednarz,I cannot send outgoing email messages in my [edited] @charter.net account. How can I get this back,https://support.mozilla.org/questions/1574137,,,,,,isp:spectrum,,,1,false,,False,
1574151,2026-04-02 00:45:58 -0700,2026-04-02,en-US,crashing-and-slow-performance,windows-11;thunderbird;crashing-and-slow-performance;,murakami8,メールアドレス入力時の自動補完が表示されるまでが遅い,https://support.mozilla.org/questions/1574151,,,,,,,,,0,false,,False,
1574165,2026-04-02 03:27:58 -0700,2026-04-02,en-US,profiles,thunderbird;profiles;,VictorO,Copying a thunderbird program from an old computer to a new computer,https://support.mozilla.org/questions/1574165,,,,,,,,,22,true,0.87,True,VictorO
1574173,2026-04-02 04:38:48 -0700,2026-04-02,en-US,send-and-receive-email,windows-11;thunderbird;send-and-receive-email;,valeriya.mazepova,EMail is not being sent (VPN?). I've tried everything (((,https://support.mozilla.org/questions/1574173,,,,,m:gmail,,proto:smtp,,1,true,7.77,False,
1574181,2026-04-02 06:27:21 -0700,2026-04-02,en-US,profiles,windows-1011;thunderbird;profiles;,kaufmann,Is there still a way to access a TB profile information page?,https://support.mozilla.org/questions/1574181,,,,,,,,,4,true,5.16,True,kaufmann
1574182,2026-04-02 06:35:52 -0700,2026-04-02,en-US,account-management,windows-11;thunderbird;account-management;,luddo1,Lost all folders in update,https://support.mozilla.org/questions/1574182,,,,,,,proto:imap;proto:pop,,5,true,4.02,True,luddo1
1574193,2026-04-02 07:38:58 -0700,2026-04-02,nl,account-management,thunderbird;account-management;,emielvandam,2 adressen te configureren **privacy**@proximus.be   **privacy**@proximus.be,https://support.mozilla.org/questions/1574193,,,,,,,,,1,true,4.07,True,markh2
1574194,2026-04-02 07:39:38 -0700,2026-04-02,en-US,customization,windows-10;thunderbird;customization;,Scott2373,"Thunderbird marking everything as read when moving to trash, against my settings.",https://support.mozilla.org/questions/1574194,,,,,,,,,6,true,8.74,False,
1574200,2026-04-02 07:59:04 -0700,2026-04-02,nl,email-and-messaging,windows10;thunderbird;email-and-messaging;,lievelilina,verzonden mails in blauw,https://support.mozilla.org/questions/1574200,,,,,,,,,3,true,3.75,False,
1574205,2026-04-02 08:25:24 -0700,2026-04-02,en-US,send-and-receive-email,windows-11;thunderbird;send-and-receive-email;,apkyrn,échec connexion serveur orange,https://support.mozilla.org/questions/1574205,,,,,,isp:orange,,,1,true,10.44,False,
1574206,2026-04-02 08:30:10 -0700,2026-04-02,en-US,send-and-receive-email,linux;thunderbird;send-and-receive-email;,massaluciano685@gmail.com,Pourquoi ne puis-je pas consulter mess emails???????????? j'ai couplé outlook.fr avec gmail.com,https://support.mozilla.org/questions/1574206,,,,,m:gmail;m:microsoftemail,,,,0,false,,False,
1574209,2026-04-02 08:57:04 -0700,2026-04-02,en-US,junk-mail-and-spam,windows-11;thunderbird;junk-mail-and-spam;,kchinnock,I was blocking unwanted emails as per the instructions and inadvertently I hit the wrong key and now all my incoming mes,https://support.mozilla.org/questions/1574209,,,,,,,,,1,true,7.35,False,
1574210,2026-04-02 09:05:06 -0700,2026-04-02,it,customization,windows-10;thunderbird;customization;,graziafiorel,Vorrei definitivo l'impostazione aspetto come tabella per data in ordine decrescente in tutte le cartelle,https://support.mozilla.org/questions/1574210,,,,,,,,,1,true,29.24,True,@next
1574213,2026-04-02 09:25:58 -0700,2026-04-02,en-US,customization,windows-10;thunderbird;customization;,mdm54,why is  my font turning blue  when i answer a question or put in send,https://support.mozilla.org/questions/1574213,,,,,,,,,1,true,3.04,False,
1574215,2026-04-02 09:40:19 -0700,2026-04-02,en-US,customization,windows-10;thunderbird;customization;,mdm54,why blue and how do  i stop it  from blue,https://support.mozilla.org/questions/1574215,,,,,,,,,1,true,2.79,False,
1574218,2026-04-02 09:52:25 -0700,2026-04-02,es,send-and-receive-email,windows-11;thunderbird;send-and-receive-email;,javier.garcia-cuerva,No puedo enviar correos,https://support.mozilla.org/questions/1574218,,,,,,,proto:smtp,,1,true,45.08,False,
1574223,2026-04-02 10:11:56 -0700,2026-04-02,es,send-and-receive-email,windows-11;thunderbird;send-and-receive-email;,penolibe,No sale el correo de salida,https://support.mozilla.org/questions/1574223,,,,,m:gmail,,,,1,true,44.68,False,
1574234,2026-04-02 11:24:17 -0700,2026-04-02,en-US,customization,windows-10;thunderbird;customization;,mdm54,sick of blue ink  how do  i fix this,https://support.mozilla.org/questions/1574234,,,,,,,,,11,true,0.9,True,Toad-Hall
1574237,2026-04-02 11:57:48 -0700,2026-04-02,cs,email-and-messaging,windows-10;thunderbird;email-and-messaging;,info13780,Jak mám obnovit zprávy ze smazaného účtu,https://support.mozilla.org/questions/1574237,,,,,,,,,2,true,0.9,False,
1574242,2026-04-02 12:21:57 -0700,2026-04-02,en-US,update,linux;thunderbird;update;,DrDiettrich1,How to upgrade Thunderbird?,https://support.mozilla.org/questions/1574242,,,,,,,,,1,false,,False,
1574243,2026-04-02 12:23:00 -0700,2026-04-02,en-US,profiles,windows-11;thunderbird;profiles;,aj4sammy,Thunderbird Profile (copy/paste) no local folders/tasks updated,https://support.mozilla.org/questions/1574243,,,,,,,proto:imap,,7,false,,False,
1574245,2026-04-02 12:33:52 -0700,2026-04-02,en-US,email-and-messaging,windows-11;thunderbird;email-and-messaging;,steprav,one of my file has desapeared,https://support.mozilla.org/questions/1574245,,,,,,,,,12,false,,False,
1574250,2026-04-02 13:11:10 -0700,2026-04-02,en-US,import-and-export-email,windows-10;thunderbird;import-and-export-email;,fred.d1,Copying TB from old to new machine. Basically works but Local folders not showing.,https://support.mozilla.org/questions/1574250,os:windows,,,,,,,,9,true,0.44,True,Toad-Hall
1574257,2026-04-02 13:57:15 -0700,2026-04-02,en-US,account-management,windows-11;thunderbird;account-management;,fwmc29,I have 2 inbox s on my email It use to be only one.  Some but not all are duplicates. how can I get back to 1 inbox,https://support.mozilla.org/questions/1574257,os:windows,,,,,,proto:imap,,1,true,20.6,False,
1574260,2026-04-02 14:05:13 -0700,2026-04-02,en-US,events,windows-11;thunderbird;events;,dplontos,Odd displays from Calendar.,https://support.mozilla.org/questions/1574260,,,,,,,,,0,false,,False,
1574279,2026-04-02 16:11:34 -0700,2026-04-02,en-US,import-and-export-email,windows-11;thunderbird;import-and-export-email;,VictorO,Copying a set of Thunderbird  Template files in order to past in another computer.,https://support.mozilla.org/questions/1574279,,,,,,,,,1,true,0.17,False,
1574286,2026-04-02 16:55:49 -0700,2026-04-02,en-US,email-and-messaging,windows-11;thunderbird;email-and-messaging;,jfmvandijk,hoe maak je een submap aan,https://support.mozilla.org/questions/1574286,,,,,,,,,1,true,14.44,True,wsmwk
1574301,2026-04-02 17:54:43 -0700,2026-04-03,en-US,connectivity,windows-10;thunderbird;connectivity;,tbrunhart,Lose of connectivity and the ability to send/receive emails.,https://support.mozilla.org/questions/1574301,,,,,,,,,2,true,1.88,False,
1574302,2026-04-02 18:15:27 -0700,2026-04-03,en-US,send-and-receive-email,windows-11;thunderbird;send-and-receive-email;,j7470686,"Hotmail, some times the messages/folders are there and other times not",https://support.mozilla.org/questions/1574302,,,,,m:microsoftemail,,,,5,true,11.19,False,
1574308,2026-04-02 18:41:58 -0700,2026-04-03,en-US,account-management,mac-os-x-1013;thunderbird;account-management;,leotlion,Trying to access non existing account,https://support.mozilla.org/questions/1574308,,,,,,,,,4,true,0.77,False,
1574310,2026-04-02 18:44:54 -0700,2026-04-03,en-US,install,windows-11;thunderbird;install;,flo.stiegler046,C:\users\flost\AppData\Roaming\Thunderbird\Profiles\u8wvbzf3.default-esr   ist nicht verfügbar,https://support.mozilla.org/questions/1574310,,,,,,,,,1,true,5.06,False,
1574313,2026-04-02 18:56:21 -0700,2026-04-03,en-US,customization,windows-11;thunderbird;customization;,mail2624,"clicking on, or hitting enter on a new email opens up a reply email window, not the original email only",https://support.mozilla.org/questions/1574313,,,,,,,,,1,true,70.84,False,
1574325,2026-04-02 20:21:55 -0700,2026-04-03,en-US,email-and-messaging,windows-10;thunderbird;email-and-messaging;,paulp575123,Can Not Delete E-Mails,https://support.mozilla.org/questions/1574325,,,,,,,,,6,true,2.22,True,paulp575123
1574346,2026-04-03 00:06:22 -0700,2026-04-03,en-US,send-and-receive-email,windows-11;thunderbird;send-and-receive-email;needsinfo;,dugjakes,Incoming mail to my rogers/yahoo account is being put directly into Trash rather than my Inbox by Thunderbird.  How do I,https://support.mozilla.org/questions/1574346,,,,,m:yahooemail,isp:rogers,,,1,true,40.44,False,
1574349,2026-04-03 00:37:48 -0700,2026-04-03,en-US,app-crash,windows-11;thunderbird;app-crash;needsinfo;,susanascott,"I am getting the  ""Thunderbird is already running, I hbut is not responding. The old Thunderbird process must be closed ",https://support.mozilla.org/questions/1574349,os:windows,,,,,,,av:eset,3,true,1.34,False,
1574356,2026-04-03 01:27:05 -0700,2026-04-03,en-US,junk-mail-and-spam,windows-1011;thunderbird;junk-mail-and-spam;,kjadrei,"how do i get rid of something that is spam, but it only says ""not spam"" when I try to get rid of it?",https://support.mozilla.org/questions/1574356,,,,,,,,,1,true,3.85,False,
1574365,2026-04-03 02:33:00 -0700,2026-04-03,en-US,send-and-receive-email,thunderbird;send-and-receive-email;,Calc,When inserting a photo into a Thunderbird email it often appears washed out,https://support.mozilla.org/questions/1574365,,,,,,,,,0,false,,False,
1574383,2026-04-03 05:01:18 -0700,2026-04-03,en-US,email-and-messaging,windows-11;thunderbird;email-and-messaging;,robinkardam45,why does thunderbird not work with outlook.com or icloud.com?,https://support.mozilla.org/questions/1574383,,,,,m:microsoftemail,,,,1,true,0.15,False,
1574385,2026-04-03 05:12:28 -0700,2026-04-03,en-US,account-management,windows-11;thunderbird;account-management;,shimizu6,認証方法を教えてください,https://support.mozilla.org/questions/1574385,,,,,,,,,0,false,,False,
1574386,2026-04-03 05:13:21 -0700,2026-04-03,en-US,contacts,thunderbird;contacts;,jovial2de,I want to add adresses to a separate group. Nothing works for me and now that group is gone!,https://support.mozilla.org/questions/1574386,os:macos,,,,,,,,1,true,1.08,False,
1574389,2026-04-03 05:49:38 -0700,2026-04-03,en-US,performance-and-connectivity,windows-11;thunderbird;performance-and-connectivity;,swherman,The box that shows **full scan running** does not show up at the bottom right corner.,https://support.mozilla.org/questions/1574389,,,,,,,,av:norton,1,true,1.66,True,wsmwk
1574395,2026-04-03 06:34:20 -0700,2026-04-03,cs,junk-mail-and-spam,windows-11;thunderbird;junk-mail-and-spam;,noworyta,jak nastavit vyžádanou poštu,https://support.mozilla.org/questions/1574395,,,,,,,,,2,true,7.66,False,
1574401,2026-04-03 07:13:01 -0700,2026-04-03,en-US,connectivity,windows-11;thunderbird;connectivity;,ryziusgrazus,"error ""connection to serverpop3.b-primus. lt was reset.""",https://support.mozilla.org/questions/1574401,,,,,,,,,1,true,0.18,False,
1574413,2026-04-03 09:03:09 -0700,2026-04-03,en-US,customization,thunderbird;customization;,chris.a1,Thread management,https://support.mozilla.org/questions/1574413,,,,,,,,,4,true,0.36,True,chris.a1
1574414,2026-04-03 09:13:16 -0700,2026-04-03,en-US,send-and-receive-email,windows-1011;thunderbird;send-and-receive-email;,stefrose,I can't connect to email from Bolivia,https://support.mozilla.org/questions/1574414,,,,,,,,,1,true,1.27,True,davidsk
1574439,2026-04-03 12:28:20 -0700,2026-04-03,en-US,contacts,linux;thunderbird;contacts;,post479,Adressbuch / Kontakte syncronisieren mit Carddav,https://support.mozilla.org/questions/1574439,os:linux,,,,,,proto:carddav,,0,false,,False,
1574665,2026-04-04 17:15:46 -0700,2026-04-05,en-US,send-and-receive-email,firefox-1490;android;thunderbird;send-and-receive-email;needsinfo;,suecroton57,I'm not receiving or able to send emails,https://support.mozilla.org/questions/1574665,,,,,,,,,1,false,,False,
1574667,2026-04-04 17:24:16 -0700,2026-04-05,en-US,send-and-receive-email,thunderbird;send-and-receive-email;,ga_klein,When forwarding a message it includes underlying information besides the message,https://support.mozilla.org/questions/1574667,,,,,,,,,1,false,,False,
1574674,2026-04-04 18:06:42 -0700,2026-04-05,en-US,send-and-receive-email,windows-11;thunderbird;send-and-receive-email;,pheczko,Unable to send msg. Error: The server responded:  RBL restriction: Blacklisted by Internal Reputation Service - 73.62.11,https://support.mozilla.org/questions/1574674,,,,,,,proto:smtp,,15,true,0.28,False,
1574693,2026-04-04 19:33:19 -0700,2026-04-05,en-US,customization,linux;thunderbird;customization;,tamjk,New messages number remains upon TB icon on taskbar after messages read,https://support.mozilla.org/questions/1574693,os:linux,,,,,,,,4,true,1.0,False,
1574702,2026-04-04 20:37:28 -0700,2026-04-05,en-US,send-and-receive-email,thunderbird;send-and-receive-email;,aball2,"emails time out when addressed to ""@shaw.ca""",https://support.mozilla.org/questions/1574702,,,,,,isp:shaw,,,3,true,3.37,False,
1574740,2026-04-05 00:39:26 -0700,2026-04-05,en-US,account-management,windows-11;thunderbird;account-management;,peter.kurt,"Bug Report: Auto-Account Setup generates invalid SMTP hostname ("".gmail.com"") causing OAuth2 authorization loop to freez",https://support.mozilla.org/questions/1574740,,,,,m:gmail,,proto:imap;proto:smtp;proto:oauth,,1,true,7.34,False,
1574775,2026-04-05 05:57:13 -0700,2026-04-05,en-US,email-and-messaging,windows-11;thunderbird;email-and-messaging;,noboru528,再インストールしたところ本文が表示されなくなりました。,https://support.mozilla.org/questions/1574775,,,,,,,,,1,true,9.65,True,davidsk
1574780,2026-04-05 07:15:38 -0700,2026-04-05,en-US,calendar,windows-1011;thunderbird;calendar;,detlef28,Import/Export der Kalenderdaten,https://support.mozilla.org/questions/1574780,,,,,,,,,1,true,0.6,False,
1574794,2026-04-05 08:49:42 -0700,2026-04-05,en-US,junk-mail-and-spam,thunderbird;junk-mail-and-spam;,buchanan.varclin,Identified spam messages are not moved to spam folder,https://support.mozilla.org/questions/1574794,,,,,,,,,2,true,3.56,False,
1574798,2026-04-05 09:27:25 -0700,2026-04-05,en-US,import-and-export-settings,windows-11;thunderbird;import-and-export-settings;,sealion,Export Decktop Thunderbird to Mobile,https://support.mozilla.org/questions/1574798,os:windows,,,,,,,,3,true,2.47,True,davidsk
1574807,2026-04-05 10:18:25 -0700,2026-04-05,nl,junk-mail-and-spam,windows-11;thunderbird;junk-mail-and-spam;,nico34,Veilige afzenders toevoegen.,https://support.mozilla.org/questions/1574807,,,,,,,,,1,true,1.25,True,Mad_Maks
1574808,2026-04-05 10:27:46 -0700,2026-04-05,en-US,contacts,windows-11;thunderbird;contacts;,d.babarit,Carnets d adresses sous thundbird,https://support.mozilla.org/questions/1574808,,,,,,,,,1,true,1.43,False,
1574820,2026-04-05 13:22:12 -0700,2026-04-05,nl,send-and-receive-email,thunderbird;send-and-receive-email;,w.j.de.lange,e-mail verkeer van en naar **privacy**@hccnet.nl geblokkeerd bij Thb en Firefox geblokkeerd,https://support.mozilla.org/questions/1574820,,,,,m:gmail,,,,1,true,49.37,False,
1574822,2026-04-05 13:41:56 -0700,2026-04-05,en-US,account-management,linux;thunderbird;account-management;,ralkey,How do I add a outlook account.,https://support.mozilla.org/questions/1574822,,,,,m:microsoftemail,,,,3,true,1.87,True,davidsk
1574837,2026-04-05 15:35:37 -0700,2026-04-05,en-US,email-and-messaging,windows-11;thunderbird;email-and-messaging;,thewyzard,Unable to delete message header in the Message List Header pane,https://support.mozilla.org/questions/1574837,,,,,,,,,4,true,1.36,True,Toad-Hall
1574879,2026-04-05 19:12:11 -0700,2026-04-06,nl,send-and-receive-email,windows-11;thunderbird;send-and-receive-email;,magdigit,geen post ophaal knop bij overzetten thunderbird op nieuwe laptop,https://support.mozilla.org/questions/1574879,,,,,,,,,0,true,41.63,False,
1574886,2026-04-05 20:05:58 -0700,2026-04-06,en-US,import-and-export-settings,thunderbird;import-and-export-settings;,rtmick,Cannot migrate Thunderbird from Win 11 to MAC,https://support.mozilla.org/questions/1574886,os:windows,,,,,,,,5,false,,False,
1574888,2026-04-05 20:34:43 -0700,2026-04-06,en-US,search,windows-1011;thunderbird;search;,ThunderbirdUser23987,Search folder keeps disappearing,https://support.mozilla.org/questions/1574888,os:windows,,,,m:gmail,,,,0,false,,False,
1574889,2026-04-05 20:59:29 -0700,2026-04-06,en-US,send-and-receive-email,windows-11;thunderbird;send-and-receive-email;,cmorgan7760,Some emails from certain senders are not getting to me.,https://support.mozilla.org/questions/1574889,,,,,m:gmail,isp:comcast,,,1,true,0.76,False,
1574896,2026-04-05 21:36:16 -0700,2026-04-06,en-US,send-and-receive-email,linux;thunderbird;send-and-receive-email;,markpotts6,unable to connect to hotmail - error: account authorised but cannot connect,https://support.mozilla.org/questions/1574896,os:linux,,,,m:microsoftemail,,,,1,true,5.92,False,
1574900,2026-04-05 22:18:06 -0700,2026-04-06,en-US,email-and-messaging,windows-11;thunderbird;email-and-messaging;,pasteve99,Configuring Outlook email with Thunderbird,https://support.mozilla.org/questions/1574900,,,,,m:microsoftemail,,proto:oauth,,1,true,4.57,False,
1574901,2026-04-05 22:38:42 -0700,2026-04-06,en-US,send-and-receive-email,thunderbird;send-and-receive-email;,ThunderbirdUserKen,Reset TB Message Fields,https://support.mozilla.org/questions/1574901,,,,,m:yahooemail,isp:att,,,1,true,1.33,False,
1574914,2026-04-06 00:29:00 -0700,2026-04-06,en-US,email-and-messaging,mac-os-x-1015;thunderbird;email-and-messaging;,alex.makhinko,All the emails has been deleted after I have emty the trash,https://support.mozilla.org/questions/1574914,os:macos,,,,,,proto:imap,,2,true,2.22,False,
1574929,2026-04-06 03:31:04 -0700,2026-04-06,en-US,customization,windows-11;thunderbird;customization;,lsingh,Message Seperator Line,https://support.mozilla.org/questions/1574929,,,,,,,,,0,true,10.95,False,
1574939,2026-04-06 06:01:04 -0700,2026-04-06,en-US,customization,thunderbird;customization;,shaddy,Determining which emails have been synchronized?,https://support.mozilla.org/questions/1574939,,,,,,,,,1,true,4.59,False,
1574943,2026-04-06 07:02:37 -0700,2026-04-06,en-US,account-management,windows-10;thunderbird;account-management;,aleksey.tkachenko,I add second yahoo account but it shows e-mails of the first one,https://support.mozilla.org/questions/1574943,,,,,m:yahooemail,,,,0,true,211.81,False,
1574948,2026-04-06 07:45:42 -0700,2026-04-06,it,import-and-export-settings,windows-11;thunderbird;import-and-export-settings;,alinghy,"Thunderbird 149.0.1- Trasferimento cartella dati ""thunderbird"" da pc Win 11 pro a MacBook pro M2 (agg. a ultima release ",https://support.mozilla.org/questions/1574948,os:macos,,,,,,,,0,true,23.59,False,
1574949,2026-04-06 07:50:53 -0700,2026-04-06,es,app-crash,thunderbird;app-crash;,CRG36,desde la ultima actualización de Android 16 no puedo abrir la aplicación en el terminal Samsung Galaxy S24 Ultra,https://support.mozilla.org/questions/1574949,,,,,,,,,0,true,44.13,False,
1574951,2026-04-06 08:13:12 -0700,2026-04-06,en-US,customization,windows-11;thunderbird;customization;,tom_at_egarf,Installation of Thunderbird calender and adressbook on dedicated device,https://support.mozilla.org/questions/1574951,,,,,,,,,0,true,49.47,False,
1574953,2026-04-06 08:36:22 -0700,2026-04-06,en-US,crashing-and-slow-performance,windows-10;thunderbird;crashing-and-slow-performance;,moojanmomen,"Message ""because another operation is in progress""",https://support.mozilla.org/questions/1574953,,,,,,,,,0,true,5.67,False,
1574962,2026-04-06 10:35:52 -0700,2026-04-06,en-US,send-and-receive-email,windows-11;thunderbird;send-and-receive-email;,auto333masters,送受信するとメールボックスにメールを書き込めませんでした。ファイルシステムに書き込み権限があるか、ディスクに十分な空き容量があるか確認してくだとでてきてすべてのメール削除などしましたが解決しません。解決方法教えてください。,https://support.mozilla.org/questions/1574962,,,,,,,,,0,false,,False,
1574972,2026-04-06 11:54:08 -0700,2026-04-06,en-US,update,windows-1011;thunderbird;update;,r9jmg0,Why do the release notes for version 149.0.1 contain no information?,https://support.mozilla.org/questions/1574972,,,,,,,,,0,true,5.33,False,
1574977,2026-04-06 12:07:00 -0700,2026-04-06,en-US,send-and-receive-email,windows-10;thunderbird;send-and-receive-email;,leiNYG55,Kan inte logga in på servern,https://support.mozilla.org/questions/1574977,,,,,,,,,0,true,6.7,False,
1574978,2026-04-06 12:32:58 -0700,2026-04-06,en-US,email-and-messaging,windows-1011;thunderbird;email-and-messaging;,luredude,Duplicate folders,https://support.mozilla.org/questions/1574978,,,,,m:gmail,,,,0,true,7.63,False,
1575035,2026-04-06 18:46:54 -0700,2026-04-07,en-US,account-management,mac-os-x-1015;thunderbird;account-management;,out_of_munich,How to get rid of Caldav- und cardav authentication demand?,https://support.mozilla.org/questions/1575035,,,,,,,proto:carddav;proto:caldav,,16,true,1.26,False,
1575040,2026-04-06 19:48:59 -0700,2026-04-07,nl,import-and-export-email,windows-11;thunderbird;import-and-export-email;,rvv1,oude mail terugzetten in Thunderbird,https://support.mozilla.org/questions/1575040,,,,,,,,,1,true,11.82,False,
1575043,2026-04-06 20:07:55 -0700,2026-04-07,en-US,customization,windows-11;thunderbird;customization;,fcbjmblrbaib,Read email not listed in certain file folder,https://support.mozilla.org/questions/1575043,,,,,,,,,11,true,21.41,False,
1575055,2026-04-06 20:55:15 -0700,2026-04-07,en-US,send-and-receive-email,windows-1011;thunderbird;send-and-receive-email;,c_woolfordsales,need help with sending email.    the program keep telling me there is an error and can't send the message,https://support.mozilla.org/questions/1575055,,,,,,,,,1,true,0.99,False,
1575056,2026-04-06 20:55:21 -0700,2026-04-07,en-US,account-management,windows-11;thunderbird;account-management;,stacylanders,How to add Proton Email to Thunderbird,https://support.mozilla.org/questions/1575056,,,,,m:microsoftemail,,,,1,true,0.94,False,
1575073,2026-04-06 22:37:15 -0700,2026-04-07,en-US,email-and-messaging,linux;thunderbird;email-and-messaging;,mytalkken,issues with smtp authentication,https://support.mozilla.org/questions/1575073,,,,,m:microsoftemail,,proto:smtp,,1,true,18.96,False,
1575074,2026-04-06 22:39:02 -0700,2026-04-07,en-US,email-and-messaging,windows-1011;thunderbird;email-and-messaging;,sv.michel,How to keep the hyperlinks when I respond or tranfer a mail,https://support.mozilla.org/questions/1575074,,,,,,,,,1,true,4.92,False,
1575085,2026-04-07 02:35:53 -0700,2026-04-07,en-US,connectivity,windows-10;thunderbird;connectivity;,RaphaelCutler1,I am receiving this prompt lately -  An error occurred with the POP3 mail server. Mail server pop.iprimus.com.au respond,https://support.mozilla.org/questions/1575085,,,,,,,proto:pop,,1,true,13.17,False,
1575086,2026-04-07 02:38:13 -0700,2026-04-07,en-US,email-and-messaging,windows-7;thunderbird;email-and-messaging;,paulmc2,"I have Mozilla Firefox and Thunderbird on a Win7 notebook, when Norton has a patch update in live update, both start cra",https://support.mozilla.org/questions/1575086,os:windows,,,,,,,av:norton,1,true,8.12,False,
1575090,2026-04-07 03:21:46 -0700,2026-04-07,en-US,send-and-receive-email,thunderbird;send-and-receive-email;,albarfoot,Bad return address,https://support.mozilla.org/questions/1575090,os:windows,,,,m:gmail;m:microsoftemail,,,,7,true,14.17,False,
1575093,2026-04-07 04:01:42 -0700,2026-04-07,en-US,send-and-receive-email,windows-11;thunderbird;send-and-receive-email;,gwwhite,"I cannot see the list of my messages or, of course, open them.",https://support.mozilla.org/questions/1575093,,,,,,,,,1,true,13.44,False,
1575106,2026-04-07 06:22:27 -0700,2026-04-07,en-US,reset-passwords,windows-11;thunderbird;reset-passwords;,georg.schroeck,Ich habe mein Passwort bei Thunderbird vergessen,https://support.mozilla.org/questions/1575106,,,,,,,,,1,true,4.08,True,Mapenzi
1575107,2026-04-07 06:22:52 -0700,2026-04-07,en-US,account-management,linux;thunderbird;account-management;,daryl_brenton,When I tried to set up my gmail account manually it couldn't verify password and/or username.,https://support.mozilla.org/questions/1575107,,,,,m:gmail,,proto:oauth;proto:carddav,,1,true,7.6,True,davidsk
1575111,2026-04-07 08:32:35 -0700,2026-04-07,en-US,calendar,windows-10;thunderbird;calendar;,fouuqibwtn,149.0.1 calendar layout,https://support.mozilla.org/questions/1575111,,,,,,,,,1,true,1.69,True,Mapenzi
1575117,2026-04-07 10:42:43 -0700,2026-04-07,en-US,send-and-receive-email,thunderbird;send-and-receive-email;,mobarakhossain8586878,111111,https://support.mozilla.org/questions/1575117,,,,,,,,,1,true,0.09,False,
1575124,2026-04-07 11:17:11 -0700,2026-04-07,en-US,languages,windows-11;thunderbird;languages;,rzkites,problems with german dictionary,https://support.mozilla.org/questions/1575124,,,,,,,,,1,true,6.13,False,
1575127,2026-04-07 11:23:28 -0700,2026-04-07,es,app-crash,thunderbird;app-crash;,luisperez7799,Thunderbird shuts off by itself,https://support.mozilla.org/questions/1575127,,,,,,,,,1,true,16.15,False,
1575128,2026-04-07 11:34:05 -0700,2026-04-07,nl,email-and-messaging,windows-11;thunderbird;email-and-messaging;,kroo123,"Ik krijg geen emails meer, en moet inloggen maar ik ben mijn inloggegevens vergeten.",https://support.mozilla.org/questions/1575128,,,,,,,,,1,true,3.3,False,
1575129,2026-04-07 11:34:57 -0700,2026-04-07,en-US,update,thunderbird;update;,kahlwild,Die Startseite bleibt stehen und ich kann meine Emails nicht lesen,https://support.mozilla.org/questions/1575129,os:windows,,,,,,,,1,true,4.12,False,
1575141,2026-04-07 13:00:51 -0700,2026-04-07,en-US,installation-and-updates,windows-11;thunderbird;installation-and-updates;,virginiaflake11,Thunderbird Pro,https://support.mozilla.org/questions/1575141,,,,,,,,,1,true,29.12,False,
1575142,2026-04-07 13:20:53 -0700,2026-04-07,en-US,import-and-export-email,windows-11;thunderbird;import-and-export-email;,gabriel8170,Trying to upload some backups after moving from one email platform to the other but they are not uploading.,https://support.mozilla.org/questions/1575142,,,,,,,,,3,true,1.64,False,
1575143,2026-04-07 13:51:21 -0700,2026-04-07,en-US,languages,windows-11;thunderbird;languages;,stephenjefferson941,French spell checking not loading,https://support.mozilla.org/questions/1575143,os:windows,,,,,,,,3,true,1.73,True,christ1
1575161,2026-04-07 15:29:14 -0700,2026-04-07,en-US,calendar,windows-11;thunderbird;calendar;,lionel.lechevalier,l'agenda revenir à la présentation habituelle ?,https://support.mozilla.org/questions/1575161,,,,,,,,,3,true,1.6,True,sfhowes
1575166,2026-04-07 16:11:42 -0700,2026-04-07,en-US,app-crash,windows-1011;thunderbird;app-crash;,Silverspur,Thunderbird will load but immediately os 'Not Responding',https://support.mozilla.org/questions/1575166,,,,,m:gmail;m:microsoftemail;m:yahooemail,,proto:imap,,9,true,6.19,False,
1575176,2026-04-07 17:14:21 -0700,2026-04-08,en-US,junk-mail-and-spam,windows-11;thunderbird;junk-mail-and-spam;,kirby.w.hansen,Scammer has sent me an e-mail both from and to my e-mail address,https://support.mozilla.org/questions/1575176,,,,,,,,,1,true,0.61,False,
1575184,2026-04-07 18:04:19 -0700,2026-04-08,en-US,import-and-export-email,windows-11;thunderbird;import-and-export-email;,reking66,Import of Messages from  another Thunderbird failed.  Where is the error defined?,https://support.mozilla.org/questions/1575184,,,,,,,,,1,true,2.3,False,
1575186,2026-04-07 18:14:59 -0700,2026-04-08,en-US,customization,windows-1011;thunderbird;customization;,aclam,"I no longer see the ""Options"" box or the Notifications Bar on my Incoming Messages for Remote content",https://support.mozilla.org/questions/1575186,,,,,,,,,1,true,2.86,True,Mapenzi
1575188,2026-04-07 18:20:45 -0700,2026-04-08,it,send-and-receive-email,thunderbird;send-and-receive-email;,info4226,non riesco a capire se ho ricevuto una risposta dalle mie mail inviate. Non ce un tutorial che spiega dove cliccare?,https://support.mozilla.org/questions/1575188,,,,,,,,,1,true,0.94,False,
1575191,2026-04-07 18:45:09 -0700,2026-04-08,en-US,email-and-messaging,windows-11;thunderbird;email-and-messaging;,sildar1,HOW get back in email with yahoo,https://support.mozilla.org/questions/1575191,,,,,m:yahooemail,,,,3,true,3.27,False,
1575199,2026-04-07 19:21:36 -0700,2026-04-08,es,email-and-messaging,windows-10;thunderbird;email-and-messaging;,info13809,Recuperar correos eliminados de papelera,https://support.mozilla.org/questions/1575199,,,,,,,,,2,true,9.07,False,
1575214,2026-04-07 20:39:40 -0700,2026-04-08,en-US,send-and-receive-email,windows-11;thunderbird;send-and-receive-email;,ThunderbirdUserKen,"Trouble Sending EMs After TB update 03/27/26 No ""SEND"" field available",https://support.mozilla.org/questions/1575214,,,,,m:yahooemail,isp:att,,,1,true,0.61,False,
1575215,2026-04-07 20:46:25 -0700,2026-04-08,en-US,send-and-receive-email,linux;thunderbird;send-and-receive-email;,formula9,"having trouble sending out email using yahoo.com, had to leave xfinity and using comcast.net is now supported by yahoo.c",https://support.mozilla.org/questions/1575215,,,,,m:yahooemail,isp:comcast,,,1,true,0.97,False,
1575218,2026-04-07 21:15:39 -0700,2026-04-08,en-US,customization,windows-11;thunderbird;customization;,hfarring,How do I get rid of a bar displaying previous emails?,https://support.mozilla.org/questions/1575218,,,,,,,,,2,true,0.35,True,rednoise
1575221,2026-04-07 21:40:03 -0700,2026-04-08,hu,reset-passwords,windows-11;thunderbird;reset-passwords;,sipitibi147,"Hol találom az e-mail címhez tartozó jelszót, mert elfelejtettem",https://support.mozilla.org/questions/1575221,,,,,,,,,2,true,11.4,False,
1575227,2026-04-07 22:05:47 -0700,2026-04-08,en-US,junk-mail-and-spam,windows-11;thunderbird;junk-mail-and-spam;,slbrown3,A regular correspondent's email is ALWAYS placed in SPAM no matter how many times I say it isn't spam,https://support.mozilla.org/questions/1575227,,,,,,,,,11,true,10.48,True,Mapenzi
1575230,2026-04-07 22:14:39 -0700,2026-04-08,en-US,passwords-and-sign-in,windows-11;thunderbird;passwords-and-sign-in;,blaufrank174,how do i sign into my email account,https://support.mozilla.org/questions/1575230,,,,,,,,,1,true,4.35,False,
1575236,2026-04-07 22:41:45 -0700,2026-04-08,en-US,connectivity,windows-11;thunderbird;connectivity;,CRMORINICO,Unable to re-install gmail account in thunderbird. Error 400 malformed server.,https://support.mozilla.org/questions/1575236,,,,,m:gmail,isp:comcast,,,1,true,4.32,True,rednoise
1575240,2026-04-07 23:12:07 -0700,2026-04-08,en-US,junk-mail-and-spam,windows-10;thunderbird;junk-mail-and-spam;,druw,"No longer see ALL messages, including spam after upgrade to TB 128.14 Oesr (64, Win 10)",https://support.mozilla.org/questions/1575240,os:windows,,,,,,,,1,true,171.61,False,
1575273,2026-04-08 06:08:55 -0700,2026-04-08,en-US,customization,thunderbird;customization;,Barubiito,"""esp"" becomes ""Esp"" -- why?",https://support.mozilla.org/questions/1575273,,,,,,,,,5,true,1.54,False,
1575279,2026-04-08 07:26:28 -0700,2026-04-08,en-US,customization,windows-11;thunderbird;customization;,harry.green,userchrome for Thunderbird 149 today panel in monthly calendar,https://support.mozilla.org/questions/1575279,os:windows,,,,,,,,1,true,2.27,False,
1575283,2026-04-08 07:48:08 -0700,2026-04-08,en-US,send-and-receive-email,windows-10;thunderbird;send-and-receive-email;,sunshine3trio,I dont have a reply button on my email address for sunshinetrio,https://support.mozilla.org/questions/1575283,,,,,,,,,1,true,1.25,False,
1575284,2026-04-08 07:49:33 -0700,2026-04-08,en-US,import-and-export-email,ubuntu;thunderbird;import-and-export-email;,prld,How do I back-up the online folders (IMAP),https://support.mozilla.org/questions/1575284,,,,,,,proto:imap,,4,true,2.96,False,
1575286,2026-04-08 07:52:10 -0700,2026-04-08,en-US,connectivity,windows-11;thunderbird;connectivity;,tommy2k14,Downloads old messages,https://support.mozilla.org/questions/1575286,,,,,m:yahooemail,,,,0,false,,False,
1575290,2026-04-08 08:02:49 -0700,2026-04-08,en-US,app-crash,windows-10;thunderbird;app-crash;,annesweetman49,Why does thunderbird sometimmes not continue after I enter email address and subject.,https://support.mozilla.org/questions/1575290,,,,,,,,,0,false,,False,
1575292,2026-04-08 08:15:56 -0700,2026-04-08,en-US,send-and-receive-email,windows-1011;thunderbird;send-and-receive-email;,mary.siggi.guhl,Messages could not be written to the mailbox file.,https://support.mozilla.org/questions/1575292,,,,,,,,,1,false,,True,mary.siggi.guhl
1575293,2026-04-08 08:28:04 -0700,2026-04-08,it,events,windows-11;thunderbird;events;,tobiaecurt,quando inserisco un evento in calendario (google) di durata più giorni es. dal 13 al 17  non conferma il 17 ma riporta i,https://support.mozilla.org/questions/1575293,,,,,,,,,1,true,5.19,False,
1575306,2026-04-08 10:29:16 -0700,2026-04-08,en-US,email-and-messaging,windows-11;thunderbird;email-and-messaging;,OrbitPost,Duplicated emails in unified folder,https://support.mozilla.org/questions/1575306,os:windows,,,,m:gmail,,,,0,false,,False,
1575311,2026-04-08 11:59:13 -0700,2026-04-08,en-US,install,windows-11;thunderbird;install;,danielmu,I have a costumer in my store that has random emails saved on his desktop.,https://support.mozilla.org/questions/1575311,,,,,,,,,3,true,6.62,False,
1575317,2026-04-08 12:32:59 -0700,2026-04-08,en-US,account-management,windows-11;thunderbird;account-management;,iizkjp2,THUNDERBIRD: I CANNOT RECEIVE MESSAGES FRON POP AFTER CHANGES.,https://support.mozilla.org/questions/1575317,,,,,,,proto:imap;proto:pop,,3,true,4.67,True,iizkjp2
1575322,2026-04-08 12:45:40 -0700,2026-04-08,en-US,connectivity,windows-11;thunderbird;connectivity;,informatique7,thunderbird outlook connection issue,https://support.mozilla.org/questions/1575322,,,,,m:microsoftemail,,proto:smtp;proto:oauth,,18,true,3.9,False,
1575324,2026-04-08 13:02:02 -0700,2026-04-08,en-US,attachments,windows-11;thunderbird;attachments;,alex91,file type icon missing in attachment window,https://support.mozilla.org/questions/1575324,os:windows,,,,,,,,0,false,,False,
1575349,2026-04-08 14:43:57 -0700,2026-04-08,en-US,import-and-export-email,windows-11;thunderbird;import-and-export-email;,traxeltown,"moving a folder to a ""local folder"" in Thunderbird.",https://support.mozilla.org/questions/1575349,,,,,m:gmx,,,,5,true,2.36,False,
1575355,2026-04-08 15:01:51 -0700,2026-04-08,en-US,email-and-messaging,thunderbird;email-and-messaging;,mica1,How do I make bullet list in Thunderbird?,https://support.mozilla.org/questions/1575355,os:linux,,,,,,,,1,true,1.74,True,davidsk
1575358,2026-04-08 15:18:43 -0700,2026-04-08,en-US,customization,windows-11;thunderbird;customization;,hass9,Thunderbird,https://support.mozilla.org/questions/1575358,,,,,,,,,1,true,1.12,True,rednoise
1575360,2026-04-08 15:26:44 -0700,2026-04-08,it,passwords-and-sign-in,windows-10;thunderbird;passwords-and-sign-in;needsinfo;,amedeobonifacio,non riesco più ad entrare nella mia posta elettronica tramite thunderbird,https://support.mozilla.org/questions/1575360,,,,,,,,,1,true,0.41,False,
1575363,2026-04-08 15:35:47 -0700,2026-04-08,en-US,connectivity,windows-11;thunderbird;connectivity;,magic88889,IP Address Temporarily Blacklisted,https://support.mozilla.org/questions/1575363,,,,,m:microsoftemail,isp:comcast,,,23,true,0.31,False,
1575369,2026-04-08 16:01:02 -0700,2026-04-08,it,email-and-messaging,thunderbird;email-and-messaging;,maripier2,Ho bisogno di aiuto per configurare un account email esistente,https://support.mozilla.org/questions/1575369,,,,,,,,,3,true,2.2,False,
1575377,2026-04-08 16:47:49 -0700,2026-04-08,en-US,send-and-receive-email,windows-10;thunderbird;send-and-receive-email;,ourphmlyphife,no outbound email capability,https://support.mozilla.org/questions/1575377,,,,,,,,,1,true,0.32,False,
1575384,2026-04-08 17:12:30 -0700,2026-04-09,es,reset-passwords,windows-10;thunderbird;reset-passwords;,asiaboop33,Traspasar Thunderbird a otro ordenador,https://support.mozilla.org/questions/1575384,,,,,,,,,5,true,6.68,False,
1575388,2026-04-08 18:08:53 -0700,2026-04-09,en-US,email-and-messaging,linux;thunderbird;email-and-messaging;,RedRat,Cannot create my Comcast email account in thunderbird,https://support.mozilla.org/questions/1575388,os:linux,,,,,isp:comcast,,,11,true,0.68,True,RedRat
1575394,2026-04-08 18:40:58 -0700,2026-04-09,es,import-and-export-email,windows-10;thunderbird;import-and-export-email;,pristorres1603,traslade mis correos de hotmail a gmail usando tunderbird pero no puedo ver ya paso un dia,https://support.mozilla.org/questions/1575394,,,,,m:gmail;m:microsoftemail,,,,1,true,5.15,False,
1575402,2026-04-08 19:06:13 -0700,2026-04-09,es,import-and-export-email,windows-10;thunderbird;import-and-export-email;needsinfo;,pristorres1603,se perdieron mis correos de hotmail a gmail  usando tunderberd,https://support.mozilla.org/questions/1575402,,,,,m:gmail;m:microsoftemail,,,,1,true,4.71,False,
1575403,2026-04-08 19:11:03 -0700,2026-04-09,it,contacts,windows-10;thunderbird;contacts;,siroliver9,Difficolta con le rubriche,https://support.mozilla.org/questions/1575403,,,,,,,,,1,true,8.68,False,
1575404,2026-04-08 19:17:50 -0700,2026-04-09,en-US,passwords-and-sign-in,windows-11;thunderbird;passwords-and-sign-in;,bgearry1,Changed password in Google and can't connect gmail to Thunderbird,https://support.mozilla.org/questions/1575404,,,,,m:gmail,,,,1,false,,True,bgearry1
1575407,2026-04-08 19:27:49 -0700,2026-04-09,en-US,contacts,windows-11;thunderbird;contacts;,docmeyer3,How do I access my address book to edit it?,https://support.mozilla.org/questions/1575407,,,,,,,,,1,true,1.15,True,davidsk
1575415,2026-04-08 20:27:42 -0700,2026-04-09,pt-BR,send-and-receive-email,windows-11;thunderbird;send-and-receive-email;,ROBERTO.CA1960,"boa tarde, è desde novembro que com minhas contas de email nao consigo mais enviar seja do thunderbird seja do outlook, ",https://support.mozilla.org/questions/1575415,,,,,m:microsoftemail,,,,0,false,,False,
1575416,2026-04-08 20:46:50 -0700,2026-04-09,en-US,send-and-receive-email,windows-11;thunderbird;send-and-receive-email;,mgfox66,email on thunderbird does not work only comcast account does work connection is good,https://support.mozilla.org/questions/1575416,,,,,,isp:comcast,,,0,false,,False,
1575417,2026-04-08 20:49:36 -0700,2026-04-09,en-US,security,windows-11;thunderbird;security;,sebickford,Message retrieval triggers a threat stop in McAfee.,https://support.mozilla.org/questions/1575417,,,,,m:microsoftemail,,,av:mcafee,1,true,11.03,False,
1575435,2026-04-08 22:45:53 -0700,2026-04-09,en-US,junk-mail-and-spam,thunderbird;junk-mail-and-spam;,skytex743,"What function does ""Run Spam Controls"" perform and how is it different from marking email as spam ?",https://support.mozilla.org/questions/1575435,,,,,,,,,2,true,60.28,False,
1575437,2026-04-08 22:52:35 -0700,2026-04-09,en-US,send-and-receive-email,thunderbird;send-and-receive-email;,Linda85377,Thunderbird: Login to server pop.centurylink.net with username xxxx failed.,https://support.mozilla.org/questions/1575437,os:windows,,,,,isp:centurylink,proto:smtp;proto:pop,av:defender,0,false,,False,
1575445,2026-04-09 00:32:42 -0700,2026-04-09,en-US,import-and-export-settings,windows-11;thunderbird;import-and-export-settings;,rbennett22,"Moving from old machine to new machine, missing data.",https://support.mozilla.org/questions/1575445,,,,,,,,,4,true,7.18,True,rbennett22
1575446,2026-04-09 00:43:05 -0700,2026-04-09,en-US,email-and-messaging,windows-10;thunderbird;email-and-messaging;,gregkennelly,"How do I find out what happened to my Calendar and Contact List,please?  They both seem to have disappeared.",https://support.mozilla.org/questions/1575446,,,,,,,,,2,true,0.94,True,rednoise
1575449,2026-04-09 01:02:23 -0700,2026-04-09,en-US,customization,windows-10;thunderbird;customization;,1ankh,How do I change my black background back to white?,https://support.mozilla.org/questions/1575449,,,,,,,,,1,true,0.36,False,
1575468,2026-04-09 04:45:00 -0700,2026-04-09,en-US,crashing-and-slow-performance,windows-11;thunderbird;crashing-and-slow-performance;,murakami8,Thunderbird recipient auto-complete is very slow,https://support.mozilla.org/questions/1575468,,,,,,,,,1,true,2.89,False,
1575479,2026-04-09 06:41:05 -0700,2026-04-09,en-US,send-and-receive-email,firefox-14902;firefox-1490;windows-11;thunderbird;send-and-receive-email;needsinfo;,sandra16,files missing,https://support.mozilla.org/questions/1575479,,,,,,,,,3,true,3.84,False,
1575482,2026-04-09 07:09:54 -0700,2026-04-09,en-US,send-and-receive-email,windows-10;thunderbird;send-and-receive-email;,mareeannpeterson416,How do I link Thunderbird with Gmail.com,https://support.mozilla.org/questions/1575482,,,,,m:gmail,,,,1,true,9.17,False,
1575496,2026-04-09 09:41:59 -0700,2026-04-09,en-US,passwords-and-sign-in,windows-11;thunderbird;passwords-and-sign-in;,creichert250,"meine anmeldung auf dem server ist fehlgeschlagen evt. konfiguration,benutzername oder passwort nicht korrekt.Passwort u",https://support.mozilla.org/questions/1575496,,,,,,,,,1,true,18.23,False,
1575501,2026-04-09 10:32:19 -0700,2026-04-09,en-US,attachments,windows-11;thunderbird;attachments;,baranowski3,Thunderbird increases the size of email message,https://support.mozilla.org/questions/1575501,,,,,,,,,3,true,0.48,True,Yu5tiqX9og
1575506,2026-04-09 11:00:36 -0700,2026-04-09,en-US,customization,windows-11;thunderbird;customization;,mocoe315,アーカイブフォルダのアイコン切替,https://support.mozilla.org/questions/1575506,,,,,m:gmail,,proto:imap,,0,false,,False,
1575508,2026-04-09 11:06:16 -0700,2026-04-09,en-US,send-and-receive-email,windows-11;thunderbird;send-and-receive-email;,claude_hemery,Sent messages are not recorded on Thunderbird,https://support.mozilla.org/questions/1575508,,,,,,,,,4,true,3.06,True,Mapenzi
1575514,2026-04-09 11:53:38 -0700,2026-04-09,nl,email-and-messaging,windows-11;thunderbird;email-and-messaging;,stefke666,Map alle email,https://support.mozilla.org/questions/1575514,,,,,,,,,1,true,20.19,False,
1575519,2026-04-09 12:39:21 -0700,2026-04-09,fi,send-and-receive-email,windows-11;thunderbird;send-and-receive-email;,matti.viitanen10,acessibility to mail.inet.fi failed,https://support.mozilla.org/questions/1575519,,,,,,,,,0,false,,False,
1575530,2026-04-09 13:34:58 -0700,2026-04-09,en-US,import-and-export-email,thunderbird;import-and-export-email;,wvijfhuize,Want to import outlook on windows 10 to a vmware active linux vm  with an active Thunderbird.,https://support.mozilla.org/questions/1575530,os:linux,,,,m:microsoftemail,,,,4,true,3.14,False,
1575536,2026-04-09 14:06:31 -0700,2026-04-09,en-US,send-and-receive-email,windows-11;thunderbird;send-and-receive-email;,mar16cha,How to block a sender,https://support.mozilla.org/questions/1575536,,,,,,,,,3,true,1.55,True,Toad-Hall
1575544,2026-04-09 15:02:25 -0700,2026-04-09,en-US,send-and-receive-email,windows-11;thunderbird;send-and-receive-email;,critters0,Thunderbird stopped displaying new emails,https://support.mozilla.org/questions/1575544,,,,,,,,,2,true,0.53,True,barry_chap
1575559,2026-04-09 17:02:58 -0700,2026-04-10,en-US,send-and-receive-email,thunderbird;send-and-receive-email;,dwilhelm,Thunderbird will not check email.,https://support.mozilla.org/questions/1575559,,,,,,,,,3,true,1.56,True,Googlethunderbird.
1575564,2026-04-09 17:44:45 -0700,2026-04-10,en-US,send-and-receive-email,windows-11;thunderbird;send-and-receive-email;,marth39,Thunderbird won't show or send message. Microsoft suddenly requires a second email address.,https://support.mozilla.org/questions/1575564,,,,,,,,,0,false,,False,
1575567,2026-04-09 18:00:40 -0700,2026-04-10,en-US,passwords-and-sign-in,thunderbird;passwords-and-sign-in;,dalemwebb12181,"After a week of trying, Thunderbird does not authenticate my Outlook email account",https://support.mozilla.org/questions/1575567,os:windows,,,,m:microsoftemail,,proto:smtp,,3,true,128.96,False,
1575581,2026-04-09 19:09:42 -0700,2026-04-10,it,account-management,windows-11;thunderbird;account-management;needsinfo;,x99mm,non riesco ad aggiungere un account nonostante indirizzi e pw corretti,https://support.mozilla.org/questions/1575581,,,,,,,,,1,true,11.31,False,
1575582,2026-04-09 19:10:37 -0700,2026-04-10,en-US,connectivity,thunderbird;connectivity;,firedrake,"TB updated and now ""connection to server was reset"" is preventing all email",https://support.mozilla.org/questions/1575582,,,,,,,,,1,true,12.42,False,
1575587,2026-04-09 19:29:08 -0700,2026-04-10,en-US,connectivity,thunderbird;connectivity;,triplek45302,"SUDDENLY GETTING ""CONNECTION FAILED""",https://support.mozilla.org/questions/1575587,,,,,,,,,0,false,,False,
1575588,2026-04-09 19:29:08 -0700,2026-04-10,es,import-and-export-email,windows-10;thunderbird;import-and-export-email;needsinfo;,pristorres1603,no puedo ver mis correo enviados de hotmail a gmail,https://support.mozilla.org/questions/1575588,,,,,m:gmail;m:microsoftemail,,,,1,true,5.18,False,
1575593,2026-04-09 19:58:29 -0700,2026-04-10,en-US,send-and-receive-email,firefox-14902;firefox-1490;windows-10;thunderbird;send-and-receive-email;,tomwerenski,"inbox does not get messages in real time, instead saves and sends day late",https://support.mozilla.org/questions/1575593,,,,,,,,,0,false,,False,
1575602,2026-04-09 22:42:43 -0700,2026-04-10,en-US,app-crash,linux;thunderbird;app-crash;,lxvi,Thunderbird never removes the lock files when it shuts down - profiles.ini shows Path of /run/user/1000/doc/e1a4ab74/thu,https://support.mozilla.org/questions/1575602,,,,,,,,,2,true,195.11,False,
1575624,2026-04-10 02:05:41 -0700,2026-04-10,en-US,send-and-receive-email,windows-11;thunderbird;send-and-receive-email;,rufus_wallaby,Wont send address list,https://support.mozilla.org/questions/1575624,,,,,,,,,3,true,4.11,False,
1575631,2026-04-10 02:44:54 -0700,2026-04-10,en-US,account-management,windows-11;thunderbird;account-management;,akiko4,アカウントエラーが表示されメールが取り込めない,https://support.mozilla.org/questions/1575631,,,,,,,,,1,false,,False,
1575633,2026-04-10 02:51:03 -0700,2026-04-10,en-US,send-and-receive-email,windows-11;thunderbird;send-and-receive-email;,esk123321,outlook.jpが登録できません,https://support.mozilla.org/questions/1575633,,,,,m:microsoftemail,,,,1,true,14.22,False,
1575647,2026-04-10 05:19:16 -0700,2026-04-10,en-US,customization,windows-1011;thunderbird;customization;,dasmit,why is there a new boxes under ibox beside each email,https://support.mozilla.org/questions/1575647,,,,,,,,,1,true,0.32,False,
1575651,2026-04-10 05:49:35 -0700,2026-04-10,en-US,send-and-receive-email,windows-11;thunderbird;send-and-receive-email;,accordeoniste1,I've been unable to send or receive e-mail to and from my main business e-mail account in Mozilla Thunderbird,https://support.mozilla.org/questions/1575651,,,,,,isp:optimum,proto:imap,,4,true,29.69,False,
1575655,2026-04-10 06:44:58 -0700,2026-04-10,en-US,installation-and-updates,windows-1011;thunderbird;installation-and-updates;,dasmit,how to change back a version of 140.9.1esr,https://support.mozilla.org/questions/1575655,,,,,,,,,2,true,116.35,False,
1575660,2026-04-10 07:47:06 -0700,2026-04-10,en-US,email-and-messaging,windows-81;thunderbird;email-and-messaging;,BernadineAD,Thunderbird's email address suffix?,https://support.mozilla.org/questions/1575660,,,,,m:gmail;m:microsoftemail,,,,4,true,12.11,True,siffemoz
1575663,2026-04-10 08:01:30 -0700,2026-04-10,en-US,customization,windows-11;thunderbird;customization;,jjars,"cant send a irs form 4506-b that has to be sent with adobe acrobate reader, but reg email works on thunderbird",https://support.mozilla.org/questions/1575663,,,,,m:gmail,,,av:avast,1,true,50.85,False,
1575666,2026-04-10 09:04:41 -0700,2026-04-10,en-US,email-and-messaging,windows-11;thunderbird;email-and-messaging;,oz.ricko75,Updated to Version 149.0.2 (64 Bit) Beta on Win 11 - Sent items folder disappeared from Local Folders,https://support.mozilla.org/questions/1575666,os:windows,,,,,,,,1,true,4.37,False,
1575667,2026-04-10 09:16:43 -0700,2026-04-10,en-US,customization,windows-11;thunderbird;customization;,ipaq14,Loss of Alphabetical 'Move' drop-down menu,https://support.mozilla.org/questions/1575667,,,,,,,,,3,true,7.71,False,
1575668,2026-04-10 09:35:31 -0700,2026-04-10,en-US,junk-mail-and-spam,windows-1011;thunderbird;junk-mail-and-spam;,sodwar,How can I block a notorious person whop sends me endless emails in a day?,https://support.mozilla.org/questions/1575668,,,,,,,,,1,true,3.11,False,
1575670,2026-04-10 10:01:54 -0700,2026-04-10,en-US,send-and-receive-email,windows-7;thunderbird;send-and-receive-email;,yarrow1,Suddenly not receiving emails,https://support.mozilla.org/questions/1575670,,,,,,,,,1,true,2.64,False,
1575676,2026-04-10 10:49:09 -0700,2026-04-10,en-US,send-and-receive-email,windows-11;thunderbird;send-and-receive-email;,fam.spengler,Thunderbird lädt keine neuen Mails mehr vom pop3 Postfach herunter,https://support.mozilla.org/questions/1575676,,,,,,,proto:pop,,1,false,,True,fam.spengler
1575686,2026-04-10 12:59:39 -0700,2026-04-10,en-US,account-management,windows-11;thunderbird;account-management;,giha,Command Error 12,https://support.mozilla.org/questions/1575686,os:windows,,,,m:microsoftemail,,,,7,true,5.93,False,
1575698,2026-04-10 14:05:30 -0700,2026-04-10,en-US,customization,windows-10;thunderbird;customization;,acb4102,How to get Thunderbird to open automatically at startup,https://support.mozilla.org/questions/1575698,,,,,,,,,1,true,0.67,True,davidsk
1575705,2026-04-10 15:01:30 -0700,2026-04-10,en-US,junk-mail-and-spam,windows-1011;thunderbird;junk-mail-and-spam;,top-adresse,"2 Spamordner pro Mailadresse, 1 ordner Löschen",https://support.mozilla.org/questions/1575705,os:windows,,,,,isp:tonline,proto:imap;proto:smtp,,1,true,0.76,False,
1575710,2026-04-10 15:12:22 -0700,2026-04-10,en-US,account-management,windows-11;thunderbird;account-management;,john664,"I'm not able to disable the ""to save disk space, do not download:""",https://support.mozilla.org/questions/1575710,,,,,,,,,4,true,0.6,False,
1575714,2026-04-10 15:38:30 -0700,2026-04-10,en-US,save-passwords,windows-11;thunderbird;save-passwords;,mgcoteau,Thunderbird configuration and Infomaniak mail/calendar,https://support.mozilla.org/questions/1575714,,,,,,,,,2,true,11.18,False,
1575715,2026-04-10 15:45:01 -0700,2026-04-10,en-US,contacts,linux;thunderbird;contacts;,ce_mozilla,TB randomly autocompletes with an old address,https://support.mozilla.org/questions/1575715,os:linux,,,,,,,,4,true,4.58,False,
1575722,2026-04-10 16:41:04 -0700,2026-04-10,en-US,calendar,windows-11;thunderbird;calendar;,nd8nt7gcmc,Apple calendar no longer opening despite apple id & password saved in Thunderbird,https://support.mozilla.org/questions/1575722,,,,,,,,,3,true,10.06,False,
1575723,2026-04-10 16:41:45 -0700,2026-04-10,es,send-and-receive-email,windows-11;thunderbird;send-and-receive-email;needsinfo;,ccalderong,No puedo recibir correos desde hace 10 días,https://support.mozilla.org/questions/1575723,,,,,,,,,1,true,22.61,False,
1575725,2026-04-10 17:09:42 -0700,2026-04-11,en-US,send-and-receive-email,windows-11;thunderbird;send-and-receive-email;,david.dixon5000,When composing an email to send I'm noticing that long urls that I paste into an email don't wrap within the email.,https://support.mozilla.org/questions/1575725,,,,,m:microsoftemail,,,,5,true,1.92,True,david.dixon5000
1575729,2026-04-10 17:28:00 -0700,2026-04-11,en-US,email-and-messaging,thunderbird;email-and-messaging;,AdmiralR,Lost access to many mail folders and emails on my Windows 10 laptop!,https://support.mozilla.org/questions/1575729,os:windows,,,,,,proto:pop,,1,true,0.64,False,
1575734,2026-04-10 18:38:08 -0700,2026-04-11,en-US,customization,windows-10;thunderbird;customization;needsinfo;,balducci1,EMAIL NOTIFICATION SOUND ALERTS INCONSISTENT,https://support.mozilla.org/questions/1575734,os:windows,,,,,,,,4,true,5.2,False,
1575735,2026-04-10 18:45:17 -0700,2026-04-11,en-US,email-and-messaging,thunderbird;email-and-messaging;,skycatminepokie,Replies to emails with reply-to headers are not threaded,https://support.mozilla.org/questions/1575735,,,,,,,,,2,true,7.83,True,MattAuSupport
1575736,2026-04-10 18:52:21 -0700,2026-04-11,nl,email-and-messaging,windows-11;thunderbird;email-and-messaging;,jroelans,Local maps not readable,https://support.mozilla.org/questions/1575736,,,,,,,,,2,true,39.06,False,
1575739,2026-04-10 19:42:49 -0700,2026-04-11,en-US,attachments,linux;thunderbird;attachments;,trenchsiverges,sending large files,https://support.mozilla.org/questions/1575739,,,,,,,,,1,true,1.05,False,
1575743,2026-04-10 20:23:18 -0700,2026-04-11,en-US,account-management,windows-11;thunderbird;account-management;,paulajvannoy,Cant get to allow button to finish installation,https://support.mozilla.org/questions/1575743,,,,,,,,,3,true,0.33,False,
1575749,2026-04-10 21:03:34 -0700,2026-04-11,en-US,contacts,linux;thunderbird;contacts;needsinfo;,kampmannpeine,tbd does not insert addresses from addressbook,https://support.mozilla.org/questions/1575749,os:linux,,,,,,,,3,true,1.17,False,
1575757,2026-04-10 21:38:43 -0700,2026-04-11,en-US,contacts,windows-10;thunderbird;contacts;,dfwtx4,Missing email contacts when they were once there...,https://support.mozilla.org/questions/1575757,os:windows,,,,,,,,1,true,1.13,False,
1575769,2026-04-10 23:37:25 -0700,2026-04-11,en-US,send-and-receive-email,windows-10;thunderbird;send-and-receive-email;,sannies1,Thunderbird Newsletter is a blank page containing no body to the letter.,https://support.mozilla.org/questions/1575769,,,,,,,,,0,false,,False,
1575792,2026-04-11 04:52:02 -0700,2026-04-11,en-US,send-and-receive-email,thunderbird;send-and-receive-email;,maoxinhua76,"Every time I close it, this message appears.　Also, I can't send or receive emails, even though it worked fine a few days",https://support.mozilla.org/questions/1575792,,,,,,,,,3,true,3.97,False,
1575794,2026-04-11 05:06:07 -0700,2026-04-11,en-US,send-and-receive-email,windows-11;thunderbird;send-and-receive-email;,jjars,cant get thunderbird to sumit IRS form,https://support.mozilla.org/questions/1575794,,,,,m:gmail,,,av:avast,2,true,3.7,False,
1575805,2026-04-11 07:09:10 -0700,2026-04-11,en-US,send-and-receive-email,windows-11;thunderbird;send-and-receive-email;,tranland,How may emails not be deleted in Thunderbird?,https://support.mozilla.org/questions/1575805,,,,,m:yahooemail,,,,3,true,1.56,False,
1575807,2026-04-11 07:15:14 -0700,2026-04-11,en-US,import-and-export-email,windows-1011;thunderbird;import-and-export-email;,dasmit,How to copy all data from my Laptop to my desktop computers,https://support.mozilla.org/questions/1575807,,,,,,,,,2,true,0.33,True,dasmit
1575811,2026-04-11 07:58:08 -0700,2026-04-11,en-US,install,linux;thunderbird;install;,gi.cauchy,"j'ai voulu réinstaller Thunderbird sur ordi , ne le disposant plus ? cela pour consulter ma Bt mail Free",https://support.mozilla.org/questions/1575811,,,,,,isp:btinternet,,,1,true,0.64,False,
1575836,2026-04-11 12:08:43 -0700,2026-04-11,it,import-and-export-email,windows-10;thunderbird;import-and-export-email;,elecofra5288,Email di Gmail scomparse e/o con data errata,https://support.mozilla.org/questions/1575836,os:windows,,,,m:gmail,,,,8,true,0.68,True,elecofra5288
1575851,2026-04-11 13:23:39 -0700,2026-04-11,en-US,app-crash,thunderbird;app-crash;,miles17,Thunderbird crashes repeatedly within a minute or after launched. (locked duplicate),https://support.mozilla.org/questions/1575851,os:windows,,,,,,,,1,true,12.24,False,
1575852,2026-04-11 13:23:53 -0700,2026-04-11,en-US,app-crash,windows-10;thunderbird;app-crash;,miles17,Thunderbird hangs repeatedly within a minute after launched. No crash report. WER only.,https://support.mozilla.org/questions/1575852,os:windows,,,,,,,,5,true,19.68,False,
1575857,2026-04-11 13:59:24 -0700,2026-04-11,en-US,passwords-and-sign-in,windows-10;thunderbird;passwords-and-sign-in;,Matt_McKee,Enter Password To Download Messages,https://support.mozilla.org/questions/1575857,,,,,,,,,0,false,,False,
1575864,2026-04-11 14:32:48 -0700,2026-04-11,en-US,reset-passwords,windows-11;thunderbird;reset-passwords;,kaitenman10,I forgot the password for my mail address which I have entered. PLS how to clear this problem.,https://support.mozilla.org/questions/1575864,,,,,,,,,1,true,1.41,False,
1575868,2026-04-11 14:53:36 -0700,2026-04-11,en-US,connectivity,windows-11;thunderbird;connectivity;,hatcherr7,Why have I lost the use of my email? Thunderbird has stopped working.,https://support.mozilla.org/questions/1575868,,,,,,,,,1,true,1.1,False,
1575869,2026-04-11 14:59:41 -0700,2026-04-11,en-US,customization,windows-11;thunderbird;customization;needsinfo;,rdhuck,how to change color at top of Thunderbird window,https://support.mozilla.org/questions/1575869,,,,,,,,,8,true,0.93,False,
1575870,2026-04-11 15:06:27 -0700,2026-04-11,en-US,customization,windows-11;thunderbird;customization;,722nwtrek,Date Column,https://support.mozilla.org/questions/1575870,,,,,,,,,1,true,10.5,False,
1575877,2026-04-11 15:57:10 -0700,2026-04-11,it,passwords-and-sign-in,windows-11;thunderbird;passwords-and-sign-in;,meaeconsumptis,account cancellato ma continua a chiedere credenziali google,https://support.mozilla.org/questions/1575877,,,,,,,,,1,true,0.94,False,
1575879,2026-04-11 16:11:38 -0700,2026-04-11,en-US,accessibility,windows-10;thunderbird;accessibility;,firefox2007,In Thunderbird how to override high contrast colours ?,https://support.mozilla.org/questions/1575879,os:windows,,,,,,,,0,false,,False,
1575881,2026-04-11 16:38:45 -0700,2026-04-11,en-US,send-and-receive-email,mac-os-x-1015;thunderbird;send-and-receive-email;,khindall,Having problems downloading 9 months of e-mail,https://support.mozilla.org/questions/1575881,os:macos,,,,,,,,6,true,7.07,False,
1575889,2026-04-11 17:08:09 -0700,2026-04-12,en-US,settings,thunderbird;settings;,Christine_clark16,How do I change payment information for my monthly donation?,https://support.mozilla.org/questions/1575889,,,,,,,,,1,true,59.5,False,
1575900,2026-04-11 18:41:34 -0700,2026-04-12,en-US,install,windows-11;thunderbird;install;,greenvalleyl8y,Downloaded Thunderbird but don't know how to set it up and start using it?,https://support.mozilla.org/questions/1575900,,,,,m:microsoftemail,,,,1,true,0.19,False,
1575911,2026-04-11 20:45:40 -0700,2026-04-12,en-US,send-and-receive-email,windows-10;thunderbird;send-and-receive-email;,wb0gaz,"Thunderbird IMAP on Yahoo mail - how do I ensure that *all* folders, messages and attachments downloaded - with one comm",https://support.mozilla.org/questions/1575911,,,,,m:yahooemail,,proto:imap,,3,true,3.18,True,MattAuSupport
1575915,2026-04-11 22:13:21 -0700,2026-04-12,en-US,connectivity,windows-11;thunderbird;connectivity;needsinfo;,oldhps,WHY WILL THUNDERBIRD NOT CONECT WITH G MAIL.COM,https://support.mozilla.org/questions/1575915,,,,,m:gmail,,,,1,true,1.03,False,
1575924,2026-04-12 00:50:31 -0700,2026-04-12,en-US,send-and-receive-email,windows-11;thunderbird;send-and-receive-email;,hiro.iwashima0309,送信できません - Unable to send,https://support.mozilla.org/questions/1575924,,,,,,,,,18,true,8.15,True,hiro.iwashima0309
1575936,2026-04-12 03:44:44 -0700,2026-04-12,en-US,email-and-messaging,windows-11;thunderbird;email-and-messaging;,mrmulch,how do I recover emails from a failed computer/ can access hard drive.  ?? Mitch,https://support.mozilla.org/questions/1575936,,,,,m:yahooemail,,,,1,true,11.57,False,
1575941,2026-04-12 04:57:47 -0700,2026-04-12,en-US,settings,windows-11;thunderbird;settings;,GoodG,Need classic view -- no longer available,https://support.mozilla.org/questions/1575941,,,,,m:gmail;m:microsoftemail,,,,2,true,21.35,False,
1575943,2026-04-12 05:10:16 -0700,2026-04-12,en-US,customization,windows-11;thunderbird;customization;,jamd.eshore,my inbox went empty suddenly and then I found it had moved down the panel under 'local folders',https://support.mozilla.org/questions/1575943,os:windows,,,,m:gmail,,,av:bitdefender,0,false,,False,
1575945,2026-04-12 05:48:38 -0700,2026-04-12,en-US,undefined,mac-os-x-1013;thunderbird;undefined;,paul290,"I've used firefox for 25 years, how come some ai can't set up my Thunderbird for me?",https://support.mozilla.org/questions/1575945,,,,,,,,,2,true,9.2,False,
1575950,2026-04-12 07:07:16 -0700,2026-04-12,en-US,import-and-export-email,windows-11;thunderbird;import-and-export-email;,chrisopteris,"How can I make Thunderbird upload all my 30,000 e-mails instead of only 10,000 as it says?",https://support.mozilla.org/questions/1575950,,,,,m:yahooemail,,,,3,true,0.19,False,
1575952,2026-04-12 07:38:38 -0700,2026-04-12,en-US,send-and-receive-email,windows-11;thunderbird;send-and-receive-email;,chrisopteris,"No changing the server details did not stop Thunderbird from saying there were only 10,000 e-mails in my Yahoo sent box.",https://support.mozilla.org/questions/1575952,,,,,m:yahooemail,,,,1,true,0.8,False,
1575972,2026-04-12 12:07:52 -0700,2026-04-12,en-US,accounts,windows-10;thunderbird;accounts;,mail.lz.berlin,Ich möchte Ihnen eine Spende überweisen. wie lautet Ihre Bankverbind. ?,https://support.mozilla.org/questions/1575972,,,,,,,,,1,true,40.46,False,
1575975,2026-04-12 12:14:05 -0700,2026-04-12,en-US,contacts,windows-11;thunderbird;contacts;,hal_dunlavy,copy address book to new computer install from old computer,https://support.mozilla.org/questions/1575975,,,,,,,,,1,true,0.21,True,davidsk
1575978,2026-04-12 12:39:50 -0700,2026-04-12,en-US,import-and-export-settings,windows-11;thunderbird;import-and-export-settings;,sdye1,tryng to import a seamonkey profile in to at TB email system.,https://support.mozilla.org/questions/1575978,os:macos,,,,,,,,1,true,7.64,False,
1575982,2026-04-12 13:26:10 -0700,2026-04-12,en-US,email-and-messaging,windows-10;thunderbird;email-and-messaging;,gabi.weber,die automatische Einrichtung eines neuen email kontos funktioniert nicht ob wohl dit notwendigen daten vom Anbieter Mail,https://support.mozilla.org/questions/1575982,,,,,,,,,1,true,2.05,False,
1575983,2026-04-12 13:40:12 -0700,2026-04-12,en-US,customization,windows-11;thunderbird;customization;,hjschulz,wie kann ich die ordneranzeige sortieren?,https://support.mozilla.org/questions/1575983,,,,,,,,,1,true,0.96,False,
1575990,2026-04-12 14:56:09 -0700,2026-04-12,en-US,security,windows-11;thunderbird;security;,petzany,Virus and Trogan in emails,https://support.mozilla.org/questions/1575990,,,,,,,,av:mcafee,3,true,0.15,False,
1575996,2026-04-12 15:44:07 -0700,2026-04-12,en-US,passwords-and-sign-in,windows-10;thunderbird;passwords-and-sign-in;,dehaven.consult,Adding a Google account pushes me to sign into Mozilla Email rather than Google Sign In,https://support.mozilla.org/questions/1575996,,,,,,,,,11,true,0.12,False,
1576003,2026-04-12 16:26:57 -0700,2026-04-12,it,email-and-messaging,windows-10;thunderbird;email-and-messaging;needsinfo;,engavx,quando apro una mail ne apre tantissime come ovviare ?,https://support.mozilla.org/questions/1576003,,,,,,,,,1,true,0.04,True,@next
1576008,2026-04-12 17:02:27 -0700,2026-04-13,en-US,email-and-messaging,windows-1011;thunderbird;email-and-messaging;,wl-lammi,seit update am 08.04.2026 keine Verbindung zum Surver mehr,https://support.mozilla.org/questions/1576008,,,,,m:gmail,,,,1,true,6.82,False,
1576010,2026-04-12 17:12:34 -0700,2026-04-13,en-US,events,windows-1011;thunderbird;events;,ConeWH,When you click on a calendar reminder details it opens in edit mode.,https://support.mozilla.org/questions/1576010,,,,,,,,,0,false,,False,
1576021,2026-04-12 18:24:49 -0700,2026-04-13,en-US,connectivity,windows-11;thunderbird;connectivity;,emmail,"I changed password for email provider, but it wont update in thunderbird even though I do not use password manager",https://support.mozilla.org/questions/1576021,,,,,,,,,3,true,0.25,False,
1576027,2026-04-12 18:45:40 -0700,2026-04-13,nl,junk-mail-and-spam,windows-11;thunderbird;junk-mail-and-spam;,b.dyk,"Markeer ongewenst bericht als gewenst,maar bericht komt weer terug ind ongewenst box",https://support.mozilla.org/questions/1576027,,,,,,,,,2,true,12.68,True,markh2
1576038,2026-04-12 20:02:39 -0700,2026-04-13,en-US,send-and-receive-email,windows-11;thunderbird;send-and-receive-email;,sibedad,Message failed. Too many recipients.,https://support.mozilla.org/questions/1576038,,,,,,,,,3,true,0.18,True,sibedad
1576040,2026-04-12 20:17:51 -0700,2026-04-13,en-US,install,windows-11;thunderbird;install;,guavaman,"If I uninstall and then reinstall Thunderbird, will I lose emails and/or folders?",https://support.mozilla.org/questions/1576040,,,,,,,,,4,true,0.1,True,davidsk
1576043,2026-04-12 20:24:27 -0700,2026-04-13,en-US,passwords-and-sign-in,windows-10;thunderbird;passwords-and-sign-in;,dbkfirefox,Thunderbird not asking for new email password,https://support.mozilla.org/questions/1576043,,,,,,,,,2,true,53.58,False,
1576053,2026-04-12 21:24:33 -0700,2026-04-13,en-US,extensions,windows-11;thunderbird;extensions;,cheerful,How to access outlook.com calendar and contacts on 149,https://support.mozilla.org/questions/1576053,,,,,m:microsoftemail,,,,0,false,,False,
1576061,2026-04-12 22:17:16 -0700,2026-04-13,en-US,languages,windows-11;thunderbird;languages;,mpmcdonald,Punctuation keys are suddenly returning different characters.,https://support.mozilla.org/questions/1576061,,,,,,,,,0,false,,False,
1576064,2026-04-12 22:39:18 -0700,2026-04-13,en-US,encryption,windows-1011;thunderbird;encryption;,dusk,Smartcards & broken GPG support,https://support.mozilla.org/questions/1576064,,,,,m:gmail,,,,1,false,,True,dusk
1576077,2026-04-13 00:45:30 -0700,2026-04-13,en-US,connectivity,windows-11;thunderbird;connectivity;,chrispaton,reduce the number of connections on server,https://support.mozilla.org/questions/1576077,,,,,,,proto:imap,,1,true,10.36,False,
1576098,2026-04-13 05:12:05 -0700,2026-04-13,it,junk-mail-and-spam,mac-os-x-1015;thunderbird;junk-mail-and-spam;,giuseppe17,Come eliminare una SPAM dopo averla selezionata in posta di Thinderbisrd?,https://support.mozilla.org/questions/1576098,,,,,,,,,1,true,3.03,False,
1576128,2026-04-13 09:20:28 -0700,2026-04-13,en-US,email-and-messaging,thunderbird;email-and-messaging;,aldileon,New Account Setup Hub does not work with @live.de (Outlook) Mail,https://support.mozilla.org/questions/1576128,,,,,m:microsoftemail,,proto:oauth,,0,false,,False,
1576129,2026-04-13 09:21:24 -0700,2026-04-13,en-US,send-and-receive-email,windows-11;thunderbird;send-and-receive-email;,woody19467,Command Error 12,https://support.mozilla.org/questions/1576129,,,,,m:microsoftemail,,,,1,false,,True,woody19467
1576131,2026-04-13 09:47:12 -0700,2026-04-13,it,contacts,windows-1011;thunderbird;contacts;,dario_gabrielli64,Rubrica,https://support.mozilla.org/questions/1576131,,,,,,,,,1,true,21.14,True,@next
1576142,2026-04-13 11:29:40 -0700,2026-04-13,nl,settings,thunderbird;settings;,robert256,Synchronisatie in map favorieten,https://support.mozilla.org/questions/1576142,,,,,,,,,1,true,2.58,True,markh2
1576144,2026-04-13 12:06:30 -0700,2026-04-13,en-US,import-and-export-email,thunderbird;import-and-export-email;,dropmenu,I have inadvertantly stored data in two different Local Folder locations.   How do I merge this into into a single locat,https://support.mozilla.org/questions/1576144,os:linux,,,,,,,,6,true,1.78,True,davidsk
1576151,2026-04-13 13:53:24 -0700,2026-04-13,en-US,encryption,thunderbird;encryption;,piateczka08,Błąd podczas zapisywania szkicu,https://support.mozilla.org/questions/1576151,,,,,,,,,1,true,73.11,False,
1576152,2026-04-13 14:00:31 -0700,2026-04-13,en-US,customization,windows-11;thunderbird;customization;,Jamieson457,How to show emails by arrival date,https://support.mozilla.org/questions/1576152,,,,,,,,,1,true,6.82,False,
1576155,2026-04-13 14:21:28 -0700,2026-04-13,en-US,email-and-messaging,linux;thunderbird;email-and-messaging;,waterhorse,How can I get the old email listing where I click on a column to sort that column like Sender?,https://support.mozilla.org/questions/1576155,,,,,,,,,5,true,0.63,True,davidsk
1576156,2026-04-13 14:22:39 -0700,2026-04-13,en-US,encryption,windows-10;thunderbird;encryption;,agh1963.aa,certificate problems,https://support.mozilla.org/questions/1576156,,,,,m:gmail,,proto:imap,,4,true,2.91,True,agh1963.aa
1576160,2026-04-13 14:35:56 -0700,2026-04-13,en-US,encryption,windows-11;thunderbird;encryption;,rogerschwartz48,imap.gmail.com error,https://support.mozilla.org/questions/1576160,,,,,m:gmail,,proto:imap,,4,true,2.65,True,wsmwk
1576161,2026-04-13 14:39:49 -0700,2026-04-13,en-US,email-and-messaging,thunderbird;email-and-messaging;,jserenson1,Is there a keyboard shortcut for quick move looks like only drag to folder,https://support.mozilla.org/questions/1576161,,,,,,,,,1,true,2.41,False,
1576172,2026-04-13 15:28:32 -0700,2026-04-13,en-US,save-passwords,windows-11;thunderbird;save-passwords;,guavaman,Thunderbird keeps asking for my passwords and no longer download emails unless I close and reopen the program (locked du,https://support.mozilla.org/questions/1576172,,,,,,,,,1,true,34.54,False,
1576181,2026-04-13 16:20:18 -0700,2026-04-13,en-US,customization,windows-11;thunderbird;customization;,Tregarth,Change size of columns in a table,https://support.mozilla.org/questions/1576181,,,,,,,,,3,true,4.32,True,davidsk
1576182,2026-04-13 16:34:33 -0700,2026-04-13,en-US,send-and-receive-email,linux;thunderbird;send-and-receive-email;,Rahzan,Filters to delete from Pop server,https://support.mozilla.org/questions/1576182,,,,,,,proto:pop,,2,true,4.17,False,
1576191,2026-04-13 17:24:23 -0700,2026-04-14,nl,calendar,windows-11;thunderbird;calendar;,ad46,authenticatie vereist / https://p61-caldav.icloud.com,https://support.mozilla.org/questions/1576191,,,,,,,proto:caldav,,1,true,16.77,False,
1576204,2026-04-13 19:05:09 -0700,2026-04-14,en-US,account-management,windows-11;thunderbird;account-management;,p.h.de.v,"I have two outlook mail accounts installed in Thunderbird, only one works",https://support.mozilla.org/questions/1576204,,,,,m:gmail;m:microsoftemail,,,,0,false,,False,
1576215,2026-04-13 20:12:10 -0700,2026-04-14,en-US,customization,windows-10;thunderbird;customization;,akrause1224,display message in a window,https://support.mozilla.org/questions/1576215,,,,,,,,,1,true,0.34,False,
1576218,2026-04-13 20:24:31 -0700,2026-04-14,en-US,email-and-messaging,windows-11;thunderbird;email-and-messaging;needsinfo;,Moondog100,Are missing emails recoverable?,https://support.mozilla.org/questions/1576218,,,,,,isp:comcast,,,5,true,0.38,False,
1576223,2026-04-13 20:57:27 -0700,2026-04-14,en-US,send-and-receive-email,windows-11;thunderbird;send-and-receive-email;,sharper3,Replies to Google Workspace alternate email addresses are not going to the correct address,https://support.mozilla.org/questions/1576223,,,,,m:gmail,,,,7,true,247.62,False,
1576236,2026-04-13 21:59:48 -0700,2026-04-14,en-US,customization,linux;thunderbird;customization;,robdubois,"In Thunderbird, the ""Play a Sound"" feature has quit.",https://support.mozilla.org/questions/1576236,,,,,,,,,11,true,15.79,False,
1576381,2026-04-14 18:13:34 -0700,2026-04-15,en-US,email-and-messaging,windows-11;thunderbird;email-and-messaging;,rdingraham,Cannot create a zoho e-mail ccount,https://support.mozilla.org/questions/1576381,,,,,,,,,4,true,4.0,False,
1576385,2026-04-14 18:26:31 -0700,2026-04-15,en-US,customization,windows-11;thunderbird;customization;,silverspoons,How do I undo automatic threading,https://support.mozilla.org/questions/1576385,,,,,,,,,2,true,1.62,False,
1576395,2026-04-14 19:18:00 -0700,2026-04-15,en-US,import-and-export-email,linux;thunderbird;import-and-export-email;,marcelo20,Como importar arquivos pst do Outlook para o Thunderbird?,https://support.mozilla.org/questions/1576395,os:linux,,,,m:microsoftemail,,,,0,false,,False,
1576438,2026-04-15 00:09:13 -0700,2026-04-15,en-US,profiles,windows-10;thunderbird;profiles;,cvt22,Locally saved folders and email missing after update,https://support.mozilla.org/questions/1576438,,,,,,,proto:pop,,2,true,0.93,False,
1576450,2026-04-15 02:58:08 -0700,2026-04-15,en-US,email-and-messaging,windows-10;thunderbird;email-and-messaging;,greginchonburi,"Downloaded email, is not avalible on my computer",https://support.mozilla.org/questions/1576450,,,,,,,proto:imap,,0,false,,False,
1576456,2026-04-15 04:32:02 -0700,2026-04-15,en-US,attachments,windows-11;thunderbird;attachments;,rbennett22,"Unable to open an attachment in Thunderbird. ""Word cannot open the existing file.""",https://support.mozilla.org/questions/1576456,os:windows,,,,,,,,1,true,7.79,False,
1576459,2026-04-15 05:00:31 -0700,2026-04-15,en-US,send-and-receive-email,windows-11;thunderbird;send-and-receive-email;,rufus_wallaby,Mailing list,https://support.mozilla.org/questions/1576459,,,,,,,,,3,true,2.89,True,siffemoz
1576487,2026-04-15 08:25:32 -0700,2026-04-15,it,send-and-receive-email,windows-10;thunderbird;send-and-receive-email;,davide.scorrano,"la posta alice non invia da thunderbird, da alice mail funziona",https://support.mozilla.org/questions/1576487,,,,,,,,,1,true,0.24,False,
1576490,2026-04-15 09:04:57 -0700,2026-04-15,en-US,update,windows-11;thunderbird;update;,aaaaa,Thunderbird Hilfe 1,https://support.mozilla.org/questions/1576490,,,,,,,proto:pop,,1,false,,False,
1576491,2026-04-15 09:07:03 -0700,2026-04-15,en-US,update,windows-11;thunderbird;update;,aaaaa,Thunderbird Hilfe 2,https://support.mozilla.org/questions/1576491,,,,,,,proto:pop,,1,false,,False,
1576496,2026-04-15 09:48:31 -0700,2026-04-15,nl,reset-passwords,windows-1011;thunderbird;reset-passwords;,rudy.claus1,Wachtwoord vergeten,https://support.mozilla.org/questions/1576496,,,,,,,,,1,true,28.56,False,
1576499,2026-04-15 10:36:24 -0700,2026-04-15,es,security,windows-10;thunderbird;security;,hgarciaperis,Insert HTML blocks images,https://support.mozilla.org/questions/1576499,,,,,,,,,0,false,,False,
1576501,2026-04-15 10:57:22 -0700,2026-04-15,en-US,customization,thunderbird;customization;,mvpatl,"How do I prevent the ""Welcome to Freedom"" splash page from appearing EVERY time I open Thunderbird.  Version 149.0.2 (aa",https://support.mozilla.org/questions/1576501,,,,,,,,,3,true,0.97,True,mvpatl
1576513,2026-04-15 12:42:42 -0700,2026-04-15,en-US,email-and-messaging,mac-os-x-1015;thunderbird;email-and-messaging;,petedrumz,"I seem to have lost all my emails, probably a slip of a finger.",https://support.mozilla.org/questions/1576513,,,,,,,,,1,true,3.71,False,
1576515,2026-04-15 12:46:22 -0700,2026-04-15,en-US,connectivity,windows-7;thunderbird;connectivity;,2dave,Links in emails do not work.,https://support.mozilla.org/questions/1576515,,,,,,,,,0,false,,False,
1576516,2026-04-15 12:50:47 -0700,2026-04-15,en-US,customization,linux;thunderbird;customization;,mozilla40,thunderbird imap inbox default action is edit draft after upgrade.  how to change back to open?,https://support.mozilla.org/questions/1576516,,,,,,,proto:imap,,3,false,,True,mozilla40
1576520,2026-04-15 13:57:35 -0700,2026-04-15,en-US,accessibility,firefox-1490;windows-1011;thunderbird;accessibility;,pwrgreg007,"Unhable to login, Thunderbird in Windows",https://support.mozilla.org/questions/1576520,os:windows,,,,,,,,1,false,,True,pwrgreg007
1576521,2026-04-15 13:59:45 -0700,2026-04-15,en-US,attachments,windows-11;thunderbird;attachments;,frank.klumpp,Anhänge sind in den Vorschaufenstern nicht mehr verfügbar,https://support.mozilla.org/questions/1576521,,,,,,,,,2,true,2.33,True,Mapenzi
1576526,2026-04-15 14:31:05 -0700,2026-04-15,en-US,email-and-messaging,windows-11;thunderbird;email-and-messaging;,beltzaiz,Impossible tu create a new gmail account with simple passsword 15/04/2026,https://support.mozilla.org/questions/1576526,,,,,m:gmail,,,,4,true,1.33,True,sfhowes
1576532,2026-04-15 14:42:45 -0700,2026-04-15,en-US,connectivity,thunderbird;connectivity;,bryankeithneal,K9 and thunderbird not working with BT mail,https://support.mozilla.org/questions/1576532,,,,,,isp:btinternet,,,0,false,,False,
1576538,2026-04-15 15:21:39 -0700,2026-04-15,en-US,customization,windows-1011;thunderbird;customization;,Gary_squared,Open link in browser with contol key switches to browser,https://support.mozilla.org/questions/1576538,,,,,,,,,0,false,,False,
1576542,2026-04-15 15:48:03 -0700,2026-04-15,en-US,import-and-export-email,windows-10;thunderbird;import-and-export-email;,efa2,Moving Thunderbird account from one server to another.,https://support.mozilla.org/questions/1576542,,,,,,,,,1,true,0.27,False,
1576553,2026-04-15 16:37:11 -0700,2026-04-15,en-US,send-and-receive-email,windows-11;thunderbird;send-and-receive-email;,whenson,Ticket ID 400399,https://support.mozilla.org/questions/1576553,os:windows,,,,m:microsoftemail,isp:spectrum,proto:imap,,1,true,0.29,False,
1576554,2026-04-15 16:37:36 -0700,2026-04-15,en-US,contacts,thunderbird;contacts;,bgkent,When Exporting Address Book saved email addresses exceeding two are not exported. Why?,https://support.mozilla.org/questions/1576554,os:windows,,,,,,,,3,true,0.14,False,
1576557,2026-04-15 16:44:33 -0700,2026-04-15,en-US,passwords-and-sign-in,thunderbird;passwords-and-sign-in;,dgfulker,How to change Thunderbird e-mail account password,https://support.mozilla.org/questions/1576557,,,,,,,,,1,true,0.21,False,
1576563,2026-04-15 17:13:04 -0700,2026-04-16,en-US,customization,thunderbird;customization;,dvandusen,View Layout Classic  (and others) are grayed out and I cannot cope with the new view and all the issues with opening and,https://support.mozilla.org/questions/1576563,,,,,,,,,1,true,3.65,False,
1576564,2026-04-15 17:19:17 -0700,2026-04-16,en-US,connectivity,windows-10;thunderbird;connectivity;,beaudonnat.jean-luc,"Je n'arrive plus à me connecter, voici le message d'erreur ""Échec de la connexion depuis le serveur imap.sfr.fr avec le ",https://support.mozilla.org/questions/1576564,,,,,,,proto:imap,,0,false,,False,
1576565,2026-04-15 17:23:12 -0700,2026-04-16,en-US,junk-mail-and-spam,windows-11;thunderbird;junk-mail-and-spam;,warlocc,"""Thunderbird thinks this message is spam.""",https://support.mozilla.org/questions/1576565,,,,,,,,,2,true,0.91,False,
1576566,2026-04-15 17:25:00 -0700,2026-04-16,en-US,extensions,windows-11;thunderbird;extensions;,BillTreloar,Prevoius Colors Add-On  Disappeared,https://support.mozilla.org/questions/1576566,,,,,,,,,2,true,0.7,False,
1576580,2026-04-15 19:12:07 -0700,2026-04-16,en-US,crashing-and-slow-performance,windows-11;thunderbird;crashing-and-slow-performance;,john.beech,Why has T-bird suddenly begun compacting my Inbox when I delete a message?,https://support.mozilla.org/questions/1576580,,,,,,,,,8,true,18.07,True,davidsk
1576583,2026-04-15 20:08:50 -0700,2026-04-16,it,passwords-and-sign-in,thunderbird;passwords-and-sign-in;,daniele.riccucci,Configurazione secondo account Outlook365,https://support.mozilla.org/questions/1576583,,,,,m:microsoftemail,,proto:imap;proto:oauth,,4,true,10.08,False,
1576595,2026-04-15 21:15:10 -0700,2026-04-16,en-US,profiles,windows-11;thunderbird;profiles;,desk8,"104.9.0esr 64-bit: - Profile? What profile? (Lots of email, but the Thunderbird profile is MIA...and the app itself is h",https://support.mozilla.org/questions/1576595,os:windows,,,,,,,,1,true,14.39,False,
1576596,2026-04-15 21:34:32 -0700,2026-04-16,en-US,email-and-messaging,windows-10;thunderbird;email-and-messaging;,woodworth1,"why did the email folders I added such as auto, bank, legal, medical now I have lost those emails",https://support.mozilla.org/questions/1576596,,,,,,,,,0,false,,False,
1576600,2026-04-15 22:03:23 -0700,2026-04-16,en-US,connectivity,thunderbird;connectivity;,dicknick46,A link selection displayed in Thunderbird is not opening a web in Safari and other browsers... what's going on?,https://support.mozilla.org/questions/1576600,,,,,,,,,0,false,,False,
1576604,2026-04-15 22:27:03 -0700,2026-04-16,en-US,customization,thunderbird;customization;,cmackenzie1,"""Open message in conversation"" is no longer based on the correspondent",https://support.mozilla.org/questions/1576604,,,,,,,,,0,false,,False,
1576607,2026-04-15 22:31:23 -0700,2026-04-16,en-US,attachments,windows-11;thunderbird;attachments;,dhyoung1040,"In version 149.0.2, why do I no longer get the warning bar when I type the word ""attachment""?",https://support.mozilla.org/questions/1576607,,,,,,,,,1,true,9.27,False,
1576636,2026-04-16 02:57:07 -0700,2026-04-16,en-US,undefined,windows-11;thunderbird;undefined;,cat5,Tech Support for Thunderbird???,https://support.mozilla.org/questions/1576636,,,,,,,,,1,true,2.18,False,
1576642,2026-04-16 04:35:35 -0700,2026-04-16,en-US,send-and-receive-email,windows-11;thunderbird;send-and-receive-email;,singjai,The RETR command did not succeed.,https://support.mozilla.org/questions/1576642,,,,,,,,,11,true,8.47,False,
1576650,2026-04-16 05:17:14 -0700,2026-04-16,nl,junk-mail-and-spam,windows-1011;thunderbird;firefox-14902;firefox-1490;junk-mail-and-spam;,f.verwimp,spam blocking possible for me,https://support.mozilla.org/questions/1576650,,,,,,,,,1,true,1.92,False,
1576657,2026-04-16 05:37:06 -0700,2026-04-16,it,contacts,windows-11;thunderbird;contacts;,mauri.boa,importare indirizzi email da gmail,https://support.mozilla.org/questions/1576657,os:windows,,,,m:gmail,,,,1,true,0.67,False,
1576680,2026-04-16 10:08:40 -0700,2026-04-16,it,send-and-receive-email,windows-10;thunderbird;send-and-receive-email;needsinfo;,mircoloretoni,Buongiorno chiedo cortesemente perche nell'invio di posta con dominio office 365 mi da errore invio ho cambiato piu volt,https://support.mozilla.org/questions/1576680,,,,,m:microsoftemail,,proto:smtp,,1,true,2.3,False,
1576682,2026-04-16 10:19:07 -0700,2026-04-16,en-US,attachments,windows-11;thunderbird;attachments;,ksekacheva2004,Не отправляются письма с вложениями,https://support.mozilla.org/questions/1576682,,,,,,,,,1,true,1.74,False,
1576684,2026-04-16 10:26:55 -0700,2026-04-16,en-US,save-passwords,windows-11;thunderbird;save-passwords;,phil_plisgyn,When transfering Thunderbird Profile between PCs passwords are not transferred,https://support.mozilla.org/questions/1576684,os:windows,,,,,,,,3,true,1.08,True,davidsk
1576694,2026-04-16 11:37:38 -0700,2026-04-16,en-US,import-and-export-email,windows-11;thunderbird;import-and-export-email;,cspurgin,Email provider is ending service on June 30 and need to move folders and files to new email account,https://support.mozilla.org/questions/1576694,,,,,m:gmail,,proto:pop,,4,true,0.39,True,davidsk
1576695,2026-04-16 11:37:54 -0700,2026-04-16,it,customization,windows-10;thunderbird;customization;,radaellim,Linee verticali,https://support.mozilla.org/questions/1576695,,,,,,,,,3,true,0.83,False,
1576696,2026-04-16 11:50:41 -0700,2026-04-16,en-US,customization,windows-11;thunderbird;customization;,berndcwolff,Thunderbird zeigt meine gesendeten emails doppelt an; beim Empfänger kommen sie korrekt nur 1x an,https://support.mozilla.org/questions/1576696,,,,,,,,,1,true,0.27,False,
1576702,2026-04-16 12:48:22 -0700,2026-04-16,nl,send-and-receive-email,windows-10;thunderbird;send-and-receive-email;,f.vdnoord,ik kan wel emails ontvangen maar ineens niet meer versturen,https://support.mozilla.org/questions/1576702,,,,,,,proto:pop,,1,true,1.37,False,
1576711,2026-04-16 13:39:41 -0700,2026-04-16,en-US,junk-mail-and-spam,windows-11;thunderbird;junk-mail-and-spam;,Bob,Google Calendar Notifications Always go to Spam,https://support.mozilla.org/questions/1576711,,,,,,,,,0,false,,False,
1576723,2026-04-16 14:37:39 -0700,2026-04-16,en-US,email-and-messaging,firefox-14902;firefox-1490;windows-11;thunderbird;email-and-messaging;,belcher.thomas2,Lost older emails,https://support.mozilla.org/questions/1576723,,,,,,,,,1,true,49.69,False,
1576725,2026-04-16 14:52:56 -0700,2026-04-16,en-US,crashing-and-slow-performance,windows-11;thunderbird;crashing-and-slow-performance;,stpatrick,Slow Email,https://support.mozilla.org/questions/1576725,,,,,,,,,0,false,,False,
1576727,2026-04-16 15:03:16 -0700,2026-04-16,it,send-and-receive-email,firefox-14902;firefox-1490;windows-11;thunderbird;send-and-receive-email;,emilio.jazzetti,come faccio a vedere la posta in arrivo?,https://support.mozilla.org/questions/1576727,,,,,,,,,1,true,1.37,False,
1576730,2026-04-16 15:25:15 -0700,2026-04-16,en-US,customization,linux;thunderbird;customization;,JJTX,Does the signature URL need to be a certain format for it to pull a jpg from web hosting?,https://support.mozilla.org/questions/1576730,,,,,,,,,15,true,0.99,True,davidsk
1576732,2026-04-16 15:26:22 -0700,2026-04-16,en-US,send-and-receive-email,windows-11;thunderbird;send-and-receive-email;,ma-kloepfer,"Meine ankommende E-Mails werden nicht im Posteingang von T-online gespeichert, sondern im Papierkorb von Lokale Ordnerer",https://support.mozilla.org/questions/1576732,os:windows,,,,,isp:tonline,,,0,false,,False,
1576737,2026-04-16 16:01:10 -0700,2026-04-16,en-US,passwords-and-sign-in,firefox-1490;android;thunderbird;passwords-and-sign-in;,tazlady1966,why does my Gmail not letting me sign in???,https://support.mozilla.org/questions/1576737,,,,,m:gmail,,,,1,true,9.33,False,
1576740,2026-04-16 16:06:20 -0700,2026-04-16,en-US,accessibility,firefox-1490;windows-1011;thunderbird;accessibility;,alangjohnson,Thunderbird 140.9.1esr on Windows 11 (64-bit) - Home Calendar event reminders not working i.e. the reminder is not being,https://support.mozilla.org/questions/1576740,os:windows,,,,,isp:bell,,,0,false,,False,
1576745,2026-04-16 16:31:43 -0700,2026-04-16,en-US,profiles,mac-os-x-1015;thunderbird;profiles;,NivaR,macOS Sequoia: Two copies of a large Inbox folder in Profiles folder,https://support.mozilla.org/questions/1576745,os:macos,,,,,,proto:imap,,6,true,0.32,False,
1576746,2026-04-16 16:45:12 -0700,2026-04-16,en-US,send-and-receive-email,windows-11;thunderbird;send-and-receive-email;,info13870,I am unable to send email,https://support.mozilla.org/questions/1576746,,,,,,,proto:smtp,,1,true,0.19,False,
1576750,2026-04-16 17:18:37 -0700,2026-04-17,en-US,passwords-and-sign-in,linux;thunderbird;passwords-and-sign-in;,geyjam4,Habe EMail und Passwort eingegeben. erkennt mein Passwort nicht,https://support.mozilla.org/questions/1576750,,,,,,,,,0,false,,False,
1576753,2026-04-16 17:53:02 -0700,2026-04-17,en-US,customization,windows-11;thunderbird;customization;,jdavis233,T-Bird suddenly eliminated all the dark printing on unread messages,https://support.mozilla.org/questions/1576753,,,,,,,,,1,true,13.98,False,
1576754,2026-04-16 17:59:16 -0700,2026-04-17,en-US,profiles,windows-11;thunderbird;profiles;,electraguard1,I cannot get thunderbird to run on my computer (it runs fine on my wife's computer). I keep getting the profile can't be,https://support.mozilla.org/questions/1576754,,,,,,,,,1,true,2.64,False,
1576766,2026-04-16 19:58:30 -0700,2026-04-17,en-US,send-and-receive-email,thunderbird;send-and-receive-email;,BarkingDog,"""Unable to write the email to the mailbox. Make sure the file system allows you write privileges, and you have enough di",https://support.mozilla.org/questions/1576766,,,,,,,,,1,true,11.79,False,
1576770,2026-04-16 20:25:51 -0700,2026-04-17,en-US,send-and-receive-email,windows-10;thunderbird;send-and-receive-email;,Richard823,I changed from comcast email to yahoo email but I'm having trouble getting Thunderbird to connect to the yahoo server,https://support.mozilla.org/questions/1576770,,,,,m:yahooemail,isp:comcast,,,3,true,5.82,False,
1576777,2026-04-16 21:49:59 -0700,2026-04-17,en-US,install,macos;thunderbird;install;,Kate.mcguire,Can I install Thunderbird Mail on my iPhone?,https://support.mozilla.org/questions/1576777,,,,,,,,,1,true,4.24,False,
1576781,2026-04-16 22:20:42 -0700,2026-04-17,en-US,send-and-receive-email,windows-10;thunderbird;send-and-receive-email;,zorro777,won`t download e-mail from xfinity,https://support.mozilla.org/questions/1576781,,,,,,isp:comcast,,,0,false,,False,
1576787,2026-04-16 23:34:30 -0700,2026-04-17,en-US,send-and-receive-email,windows-10;thunderbird;send-and-receive-email;,cchin71,Accessing emails,https://support.mozilla.org/questions/1576787,os:windows,,,,,,,,1,true,8.17,False,
1576794,2026-04-17 00:42:19 -0700,2026-04-17,en-US,update,firefox-14902;firefox-1490;windows-11;thunderbird;update;,belcher.thomas2,Lost older emails,https://support.mozilla.org/questions/1576794,,,,,,,,,1,true,9.63,False,
1576796,2026-04-17 01:01:10 -0700,2026-04-17,en-US,contacts,windows-11;thunderbird;contacts;,kiddfam,"Use ""help"" re mailing list and to create it says to select 'File>New but I cannot find 'File' in 'Address Book'",https://support.mozilla.org/questions/1576796,,,,,,,,,2,true,0.89,True,rednoise
1576802,2026-04-17 01:24:03 -0700,2026-04-17,en-US,customization,windows-10;thunderbird;customization;,johnb3030,How can I add a text label to the Get Messages icon in the tree header,https://support.mozilla.org/questions/1576802,,,,,,,,,1,true,6.33,False,
1576811,2026-04-17 04:16:32 -0700,2026-04-17,en-US,connectivity,windows-11;thunderbird;connectivity;,paul.59.paul,je n'arrive plus a me connecter a ma messagerie thunderbird,https://support.mozilla.org/questions/1576811,,,,,,,,,1,true,5.94,False,
1576825,2026-04-17 06:49:52 -0700,2026-04-17,en-US,account-management,windows-11;thunderbird;account-management;,pierre100,I can't Install mon account Micorosft 365,https://support.mozilla.org/questions/1576825,,,,,m:microsoftemail,,,,0,false,,False,
1576840,2026-04-17 09:06:05 -0700,2026-04-17,it,email-and-messaging,windows-10;thunderbird;email-and-messaging;needsinfo;,robertozucconi,Impossibile collegare una casella Pec.it,https://support.mozilla.org/questions/1576840,,,,,,,,,1,true,0.97,False,
1576841,2026-04-17 09:16:15 -0700,2026-04-17,en-US,send-and-receive-email,windows-10;thunderbird;send-and-receive-email;,artarscal,impossible envoyer mail,https://support.mozilla.org/questions/1576841,,,,,,,,,3,true,3.04,False,
1576851,2026-04-17 10:40:12 -0700,2026-04-17,en-US,passwords-and-sign-in,windows-11;thunderbird;passwords-and-sign-in;,jens.borghardt,password with two @@ sign down not works,https://support.mozilla.org/questions/1576851,,,,,m:gmx,,,,6,true,3.95,False,
1576852,2026-04-17 10:43:59 -0700,2026-04-17,es,send-and-receive-email,windows-10;thunderbird;send-and-receive-email;,jiroasesores,PROBLEMA CORREO ELECTRÓNICO,https://support.mozilla.org/questions/1576852,,,,,,,,,1,true,5.73,False,
1576853,2026-04-17 10:44:58 -0700,2026-04-17,it,account-management,windows-10;thunderbird;account-management;,certificazionicsp,problematica a seguito eleiminazione account,https://support.mozilla.org/questions/1576853,,,,,m:gmail,,,,5,true,0.36,False,
1576874,2026-04-17 13:23:03 -0700,2026-04-17,en-US,email-and-messaging,windows-11;thunderbird;email-and-messaging;,judiths,Is there any way to restore emails deleted from trash,https://support.mozilla.org/questions/1576874,,,,,,,,,23,true,0.91,True,davidsk
1576876,2026-04-17 13:47:04 -0700,2026-04-17,en-US,accessibility,windows-11;thunderbird;accessibility;,krhacker,use of vocal announcement  for new messages when using yahoo mail,https://support.mozilla.org/questions/1576876,,,,,m:yahooemail,isp:frontier,,,1,true,2.82,False,
1576883,2026-04-17 14:21:46 -0700,2026-04-17,en-US,passwords-and-sign-in,windows-11;thunderbird;passwords-and-sign-in;,kenth2,"Jag har köpt en ny dator men kan inte komma in på min e-post, hur kommer jag vidare",https://support.mozilla.org/questions/1576883,,,,,,,,,0,false,,False,
1576888,2026-04-17 15:16:10 -0700,2026-04-17,en-US,connectivity,thunderbird;connectivity;,tfsbfm2bm8,"Hello, I can't connect to Thunderbird",https://support.mozilla.org/questions/1576888,,,,,,isp:orange,,,0,false,,False,
1576889,2026-04-17 15:21:28 -0700,2026-04-17,en-US,send-and-receive-email,windows-10;thunderbird;send-and-receive-email;,rziwani,My Bell sympatico email is not able to send emails anymore since Thunderbird Update last month (March/2026),https://support.mozilla.org/questions/1576889,,,,,m:gmail,isp:bell,proto:smtp,,0,false,,False,
1576898,2026-04-17 16:28:52 -0700,2026-04-17,en-US,passwords-and-sign-in,windows-1011;thunderbird;passwords-and-sign-in;,Linda85377,I submitted a question 7 days ago but haven't been able to find it to see if there were any answers.,https://support.mozilla.org/questions/1576898,,,,,,,,,3,true,1.75,True,christ1
1576904,2026-04-17 17:01:02 -0700,2026-04-18,en-US,customization,windows-10;thunderbird;customization;,jmcburney,How can I change the browser that Thunderbird sends me to when I click a link in an email?,https://support.mozilla.org/questions/1576904,,,,,,,,,1,true,1.18,False,
1576905,2026-04-17 17:02:53 -0700,2026-04-18,en-US,email-and-messaging,windows-11;thunderbird;email-and-messaging;,govec,Unable to configure COMCAST e-mail,https://support.mozilla.org/questions/1576905,,,,,m:microsoftemail,isp:comcast,,,1,true,5.41,False,
1576906,2026-04-17 17:03:45 -0700,2026-04-18,en-US,email-and-messaging,windows-11;thunderbird;email-and-messaging;,kallum,lost a file folder and cannot locate it. can you help please?,https://support.mozilla.org/questions/1576906,,,,,,,,,1,true,22.87,False,
1576912,2026-04-17 17:35:38 -0700,2026-04-18,en-US,send-and-receive-email,mac-os-x-1015;thunderbird;send-and-receive-email;,que6,pop asking for server user name and password (no longer using host the popup reference),https://support.mozilla.org/questions/1576912,os:linux,,,,,,proto:pop,,0,false,,False,
1576917,2026-04-17 18:01:58 -0700,2026-04-18,en-US,junk-mail-and-spam,windows-11;thunderbird;junk-mail-and-spam;,johorner,"How do I add a ""Suspect Email"" (somewhere below ""Inbox"") to my Thunderbird account?",https://support.mozilla.org/questions/1576917,,,,,,,,,1,true,3.1,False,
1576927,2026-04-17 19:19:13 -0700,2026-04-18,en-US,email-and-messaging,windows-11;thunderbird;email-and-messaging;,seacast,"version 149, folder exists on disk but won't display.",https://support.mozilla.org/questions/1576927,,,,,,,,,1,true,1.19,True,rednoise
1576928,2026-04-17 19:23:21 -0700,2026-04-18,en-US,send-and-receive-email,windows-11;thunderbird;send-and-receive-email;,paulvan,thunderbird is not sending or receiving email to a particular legitimate email address; never had this problem in the pa,https://support.mozilla.org/questions/1576928,,,,,,,,,5,true,0.93,False,
1576930,2026-04-17 19:24:45 -0700,2026-04-18,en-US,send-and-receive-email,windows-11;thunderbird;send-and-receive-email;,paulvan,thunderbird is not sending or receiving email to a particular legitimate email address; never had this problem in the pa,https://support.mozilla.org/questions/1576930,,,,,,,,,1,true,0.94,False,
1576931,2026-04-17 19:29:19 -0700,2026-04-18,en-US,accounts,linux;thunderbird;accounts;,flashily.jockey945,"I'm unable to login to my Gmail account, error 400",https://support.mozilla.org/questions/1576931,,,,,m:gmail,,,,2,true,0.94,True,siffemoz
1576961,2026-04-17 22:28:35 -0700,2026-04-18,it,customization,windows-11;thunderbird;customization;,dario_gabrielli64,Discussione,https://support.mozilla.org/questions/1576961,,,,,,,,,2,true,8.91,True,@next
1576962,2026-04-17 22:38:47 -0700,2026-04-18,en-US,email-and-messaging,windows-11;thunderbird;email-and-messaging;,gil-ffx,"Want to Reset/Fix ""Recent Folders"" List in TB149.0.2 on Win11",https://support.mozilla.org/questions/1576962,os:windows,,,,,,,,0,false,,False,
1576970,2026-04-17 23:32:22 -0700,2026-04-18,en-US,import-and-export-email,windows-7;thunderbird;import-and-export-email;,nancy63,"Last night Thunderbird deleted all my sent e mails, and can they be recovered?",https://support.mozilla.org/questions/1576970,os:windows,,,,,,,,1,true,2.39,False,
1576987,2026-04-18 02:20:57 -0700,2026-04-18,en-US,junk-mail-and-spam,windows-10;thunderbird;junk-mail-and-spam;,DanRaymer,Thunderbird will not let me delete all the junk from my Junk folder.,https://support.mozilla.org/questions/1576987,,,,,,,,,2,true,5.78,True,siffemoz
1576991,2026-04-18 04:09:20 -0700,2026-04-18,en-US,installation-and-updates,windows-10;thunderbird;installation-and-updates;,emarklw,I Broke my Thunderbird (forever) Instalation....,https://support.mozilla.org/questions/1576991,,,,,m:microsoftemail,isp:verizon,,,2,true,6.9,False,
1577010,2026-04-18 08:27:23 -0700,2026-04-18,nl,import-and-export-email,windows-1011;thunderbird;import-and-export-email;,ecvdh917752,"Na wijziging locatie email, berichten en locale mappen herstellen",https://support.mozilla.org/questions/1577010,,,,,,,,,1,true,45.97,True,markh2
1577025,2026-04-18 11:41:04 -0700,2026-04-18,en-US,calendar,windows-11;thunderbird;calendar;,wheelerandrew,Tasks and start dates,https://support.mozilla.org/questions/1577025,,,,,,,,,0,false,,False,
1577029,2026-04-18 13:26:43 -0700,2026-04-18,en-US,email-and-messaging,windows-11;thunderbird;email-and-messaging;,jsaxler677,"Ich habe ""Allgemein"" im E-Mail Ordner gelöscht. Wie komme ich wieder ran? Danke",https://support.mozilla.org/questions/1577029,,,,,,,,,1,true,2.4,False,
1577034,2026-04-18 14:17:34 -0700,2026-04-18,en-US,attachments,windows-11;thunderbird;attachments;,_Petr_,downolading files from rss channels is broken,https://support.mozilla.org/questions/1577034,,,,,,,,,0,false,,False,
1577042,2026-04-18 15:19:34 -0700,2026-04-18,en-US,crashing-and-slow-performance,windows-11;thunderbird;crashing-and-slow-performance;,Leo.Levosky,Thunderbird Inbox keeps disappearing,https://support.mozilla.org/questions/1577042,,,,,,,,,4,true,0.45,False,
1577044,2026-04-18 15:53:31 -0700,2026-04-18,en-US,connectivity,windows-7;thunderbird;connectivity;,michael.butler101,Getting a message about being blacklisted,https://support.mozilla.org/questions/1577044,,,,,m:gmail,isp:comcast,,,3,true,0.51,False,
1577045,2026-04-18 16:00:08 -0700,2026-04-18,en-US,connectivity,windows-11;thunderbird;connectivity;,24.remont.bernard,The certificate for imap.gmail.com:993 is not from a trusted source - Le certificat pour imap.gmail.com:993 ne provient ,https://support.mozilla.org/questions/1577045,os:windows,,,,m:gmail,,proto:imap,,1,true,17.12,False,
1577048,2026-04-18 16:33:25 -0700,2026-04-18,en-US,customization,thunderbird;customization;,dahnfe,Ändra färg,https://support.mozilla.org/questions/1577048,,,,,,,,,0,false,,False,
1577049,2026-04-18 16:49:20 -0700,2026-04-18,en-US,passwords-and-sign-in,windows-11;thunderbird;passwords-and-sign-in;,kendepue,Sending of Password fails,https://support.mozilla.org/questions/1577049,,,,,,isp:centurylink,,,6,true,10.33,False,
1577052,2026-04-18 17:28:16 -0700,2026-04-19,en-US,connectivity,windows-11;thunderbird;connectivity;,pspringer11,My comcast.net email is no longer accessible through Thunderbird,https://support.mozilla.org/questions/1577052,,,,,,isp:comcast,,,3,true,1.42,True,rednoise
1577059,2026-04-18 18:38:21 -0700,2026-04-19,en-US,passwords-and-sign-in,thunderbird;passwords-and-sign-in;,Ferrell516,Login to Server imap.comcast.net with Username Failed,https://support.mozilla.org/questions/1577059,,,,,,isp:comcast,proto:imap,,5,true,0.49,True,Ferrell516
1577060,2026-04-18 18:40:47 -0700,2026-04-19,en-US,extensions,windows-11;thunderbird;extensions;,neil.baron.1139,Add the Cardbook tab,https://support.mozilla.org/questions/1577060,,,,,,,,,1,true,0.25,False,
1577061,2026-04-18 18:47:30 -0700,2026-04-19,en-US,events,linux;thunderbird;events;,ivo,Thunderbird (linux) only syncs some events from calendar,https://support.mozilla.org/questions/1577061,os:linux,,,,,,,,0,false,,False,
1577062,2026-04-18 19:00:05 -0700,2026-04-19,en-US,customization,firefox-1490;android;thunderbird;customization;,tresabluyrt505,"my settings in Messages are shaded gray. why,? I need to change to default.",https://support.mozilla.org/questions/1577062,,,,,,,,,1,true,0.44,False,
1577072,2026-04-18 21:15:49 -0700,2026-04-19,en-US,contacts,linux;thunderbird;contacts;,DD46,Thunderbird won't completely delete an invalid email address,https://support.mozilla.org/questions/1577072,,,,,,,,,2,true,5.38,True,DD46
1577096,2026-04-19 00:37:38 -0700,2026-04-19,en-US,customization,thunderbird;customization;,collydale2370,composition formatting toolbar has disappeared,https://support.mozilla.org/questions/1577096,,,,,,,,,3,true,2.58,False,
1577102,2026-04-19 01:48:33 -0700,2026-04-19,en-US,send-and-receive-email,linux;thunderbird;send-and-receive-email;,johnorbison1944,cant send,https://support.mozilla.org/questions/1577102,,,,,,,,,1,true,0.79,False,
1577106,2026-04-19 02:17:44 -0700,2026-04-19,en-US,email-and-messaging,windows-11;thunderbird;email-and-messaging;,extech,"Sent folder shows 2,669 messages, but displays No message found. How do I fix this?",https://support.mozilla.org/questions/1577106,,,,,,,,,3,true,0.9,False,
1577122,2026-04-19 06:53:23 -0700,2026-04-19,it,passwords-and-sign-in,windows-11;thunderbird;passwords-and-sign-in;,rskowalsky,password e-mail salvate su thunderbird,https://support.mozilla.org/questions/1577122,,,,,,,,,2,true,1.04,True,@next
1577129,2026-04-19 08:09:49 -0700,2026-04-19,it,passwords-and-sign-in,windows-11;thunderbird;passwords-and-sign-in;needsinfo;,claudiob.vr,thunderbird ma non accetta la nuova password,https://support.mozilla.org/questions/1577129,,,,,,,,,1,true,5.12,False,
1577134,2026-04-19 08:46:07 -0700,2026-04-19,en-US,reset-passwords,windows-11;thunderbird;reset-passwords;,ejenny.internetcf,cant recall password,https://support.mozilla.org/questions/1577134,,,,,,,,,1,true,3.24,True,davidsk
1577151,2026-04-19 11:56:20 -0700,2026-04-19,nl,install,windows-10;thunderbird;install;,f.c.mennega,Kan ik Thunderbird op 2 verschillende devices installeren?,https://support.mozilla.org/questions/1577151,os:windows,,,,,,,,3,true,18.63,False,
1577170,2026-04-19 14:56:59 -0700,2026-04-19,nl,email-and-messaging,windows-11;thunderbird;email-and-messaging;,julesboere,lokale mappen zijn verdwenen uit postvak in,https://support.mozilla.org/questions/1577170,,,,,,,,,1,true,19.27,False,
1577174,2026-04-19 15:44:16 -0700,2026-04-19,en-US,languages,linux;thunderbird;languages;,ash721,Language and script support,https://support.mozilla.org/questions/1577174,,,,,,,,,4,true,30.3,False,
1577186,2026-04-19 17:26:36 -0700,2026-04-20,en-US,junk-mail-and-spam,windows-1011;thunderbird;junk-mail-and-spam;,GeneWo,clear the spam log isn't working?,https://support.mozilla.org/questions/1577186,,,,,,,,,0,false,,False,
1577190,2026-04-19 18:02:48 -0700,2026-04-20,en-US,email-and-messaging,windows-11;thunderbird;email-and-messaging;,bb_nycuws,"how to get my yahoo mail account working again, after all of a sudden after April 4 2026 just stopped receiving emails.",https://support.mozilla.org/questions/1577190,,,,,m:microsoftemail;m:yahooemail,,proto:pop;proto:oauth,,0,false,,False,
1577208,2026-04-19 20:29:53 -0700,2026-04-20,en-US,email-and-messaging,windows-11;thunderbird;email-and-messaging;,mail767,mails are shown twice,https://support.mozilla.org/questions/1577208,os:windows,,,,,,,,0,false,,False,
1577219,2026-04-19 22:01:26 -0700,2026-04-20,en-US,account-management,linux;thunderbird;account-management;,lyle.beaman,Thunderbird 140.9.1esr (64-bit) keeps changing default email account from a MS365 account to my Gmail account on startup,https://support.mozilla.org/questions/1577219,os:linux,,,,m:gmail;m:microsoftemail,,,,17,true,1.04,True,lyle.beaman
1577228,2026-04-20 00:14:06 -0700,2026-04-20,en-US,customization,windows-11;thunderbird;customization;,azhagens,"For sending a message, how do I Single space rather than double space?",https://support.mozilla.org/questions/1577228,,,,,,,,,2,true,2.12,True,rednoise
1577230,2026-04-20 01:11:47 -0700,2026-04-20,en-US,send-and-receive-email,windows-11;thunderbird;send-and-receive-email;,r-totsuka,Emails that arrive while my PC is shut down do not appear even after I start the PC and launch the app.,https://support.mozilla.org/questions/1577230,,,,,,,proto:pop,,1,true,5.82,False,
1577237,2026-04-20 02:33:54 -0700,2026-04-20,en-US,connectivity,thunderbird;connectivity;needsinfo;,jfggberthiaux,Thunderbird access stopped,https://support.mozilla.org/questions/1577237,,,,,,,,,1,true,0.81,False,
1577249,2026-04-20 04:41:48 -0700,2026-04-20,it,send-and-receive-email,windows-11;thunderbird;send-and-receive-email;,alexpalmi,"Non riesco a gestire la posta col l'email alexpalmi@alice.it , funziona solo con pop",https://support.mozilla.org/questions/1577249,,,,,,,proto:pop,,3,true,0.67,False,
1577252,2026-04-20 04:53:52 -0700,2026-04-20,en-US,junk-mail-and-spam,windows-11;thunderbird;junk-mail-and-spam;,pldhort,"Inbox is showing TWO (2) unread messages, but I cannot find any unread messages in my Inbox",https://support.mozilla.org/questions/1577252,,,,,,,,,1,true,2.08,False,
1577255,2026-04-20 05:00:51 -0700,2026-04-20,en-US,customization,windows-11;thunderbird;customization;,pldhort,How do I remove the THREADS so that I see each email separately and in actual chrono;ogical order?,https://support.mozilla.org/questions/1577255,,,,,,,,,1,true,1.95,True,siffemoz
1577256,2026-04-20 05:10:03 -0700,2026-04-20,en-US,crashing-and-slow-performance,windows-11;thunderbird;crashing-and-slow-performance;,pldhort,Very Slow to upload emails from the server,https://support.mozilla.org/questions/1577256,,,,,,,,,0,false,,False,
1577262,2026-04-20 06:36:53 -0700,2026-04-20,en-US,tags,thunderbird;tags;,philippe.bruyere,How to display categories in messages (applied in Thunderbird for Windows),https://support.mozilla.org/questions/1577262,,,,,,,,,1,true,9.62,False,
1577269,2026-04-20 08:05:15 -0700,2026-04-20,en-US,import-and-export-email,windows-11;thunderbird;import-and-export-email;,pwhanke,Emailsicherung auf thunderbird bei wechsel von ewe zur deutschen glasfaser,https://support.mozilla.org/questions/1577269,,,,,,,,,1,true,3.45,False,
1577279,2026-04-20 10:46:26 -0700,2026-04-20,en-US,attachments,thunderbird;attachments;,giorgio.furlani80,How to see attachments in Thunderbird,https://support.mozilla.org/questions/1577279,,,,,,,,,4,true,0.38,False,
1577282,2026-04-20 11:07:21 -0700,2026-04-20,en-US,email-and-messaging,windows-11;thunderbird;email-and-messaging;,paulgu,How to get a list of senders from an email account,https://support.mozilla.org/questions/1577282,,,,,,,proto:pop,,1,true,3.2,True,davidsk
1577283,2026-04-20 11:23:50 -0700,2026-04-20,hu,search,windows-10;thunderbird;search;,alaszloa,Lista az egy napon érkezett vagy küldött levelekről,https://support.mozilla.org/questions/1577283,,,,,,,,,1,true,1.03,True,meskobalazs
1577284,2026-04-20 11:26:16 -0700,2026-04-20,en-US,send-and-receive-email,thunderbird;send-and-receive-email;,aog1,not possible receive mails,https://support.mozilla.org/questions/1577284,,,,,,,,,0,false,,False,
1577287,2026-04-20 11:41:27 -0700,2026-04-20,pt-BR,send-and-receive-email,windows-10;thunderbird;send-and-receive-email;,heldercjr,Deleted emails,https://support.mozilla.org/questions/1577287,,,,,,,,,0,false,,False,
1577290,2026-04-20 12:29:03 -0700,2026-04-20,en-US,send-and-receive-email,windows-10;thunderbird;send-and-receive-email;,aet.sirisin,je epux recevoir des Mails  mais je ne peux pas envoyer  des Mails ?,https://support.mozilla.org/questions/1577290,,,,,,,,,0,false,,False,
1577291,2026-04-20 12:29:48 -0700,2026-04-20,en-US,send-and-receive-email,thunderbird;send-and-receive-email;,karllovse61,Kann in thunderbird  mit meiner A1 Mail nicht senden nur empfangen,https://support.mozilla.org/questions/1577291,,,,,,,,,0,false,,False,
1577296,2026-04-20 13:21:57 -0700,2026-04-20,en-US,search,windows-11;thunderbird;search;,Alan37,Can't search in newsgroup message bodies.,https://support.mozilla.org/questions/1577296,,,,,,,,,7,true,2.59,True,davidsk
1577316,2026-04-20 14:41:01 -0700,2026-04-20,nl,passwords-and-sign-in,windows-11;thunderbird;passwords-and-sign-in;,w.martens94,Ik wil de vragen om authenticatie vanuit mijn upc en ziggo mailaccounts uitzetten maar ik weet niet hoe.,https://support.mozilla.org/questions/1577316,,,,,m:gmail;m:microsoftemail,,,,0,false,,False,
1577317,2026-04-20 14:46:38 -0700,2026-04-20,it,import-and-export-email,windows-11;thunderbird;import-and-export-email;,dicastri,PERDITA MESSAGGI,https://support.mozilla.org/questions/1577317,,,,,,,proto:imap,,1,true,0.17,True,@next
1577327,2026-04-20 15:42:26 -0700,2026-04-20,en-US,send-and-receive-email,windows-11;thunderbird;send-and-receive-email;,singjai,The RETR command did not succeed. UPDATE,https://support.mozilla.org/questions/1577327,,,,,m:yahooemail,,,,0,false,,False,
1577343,2026-04-20 17:40:52 -0700,2026-04-21,en-US,save-passwords,windows-11;thunderbird;save-passwords;,claudiob.vr,Thunderbird non registra,https://support.mozilla.org/questions/1577343,,,,,m:microsoftemail,,,,0,false,,False,
1577348,2026-04-20 18:03:01 -0700,2026-04-21,en-US,email-and-messaging,windows-1011;thunderbird;email-and-messaging;,c.tappero,Stored Gmail email are empty,https://support.mozilla.org/questions/1577348,,,,,m:gmail,,,,1,true,63.0,False,
1577356,2026-04-20 18:45:50 -0700,2026-04-21,en-US,junk-mail-and-spam,linux;thunderbird;junk-mail-and-spam;,theking2,Junk Settings,https://support.mozilla.org/questions/1577356,,,,,,,,,1,true,4.26,True,rednoise
1577360,2026-04-20 18:56:14 -0700,2026-04-21,en-US,extensions,windows-11;thunderbird;extensions;,mjclifford,TbSynch for EAS no longer works,https://support.mozilla.org/questions/1577360,,,,,m:microsoftemail,,,,0,false,,False,
1577361,2026-04-20 19:03:54 -0700,2026-04-21,en-US,send-and-receive-email,windows-10;thunderbird;send-and-receive-email;,RHall,mail in outbox sent automatically,https://support.mozilla.org/questions/1577361,,,,,,,,,2,true,13.08,True,RHall
1577367,2026-04-20 19:56:20 -0700,2026-04-21,en-US,undefined,thunderbird;undefined;,awhiteford211,Thunderbird,https://support.mozilla.org/questions/1577367,,,,,,,,,1,true,1.81,False,
1577371,2026-04-20 20:04:56 -0700,2026-04-21,en-US,security,windows-11;thunderbird;security;,rspldng,Remote content NOT blocked,https://support.mozilla.org/questions/1577371,,,,,,,,,0,false,,False,
1577372,2026-04-20 20:17:17 -0700,2026-04-21,en-US,junk-mail-and-spam,linux;thunderbird;junk-mail-and-spam;,mvandemar,New notifications behavior in incoming Junk mail,https://support.mozilla.org/questions/1577372,os:linux,,,,,,,,0,false,,False,
1577374,2026-04-20 20:39:23 -0700,2026-04-21,en-US,email-and-messaging,windows-11;thunderbird;email-and-messaging;,graham.chittock,I am trying to import my Macmail account for my MacBook Pro into Thunderbird on Windows 11,https://support.mozilla.org/questions/1577374,os:windows,,,,,,,,0,false,,False,
1577378,2026-04-20 20:58:31 -0700,2026-04-21,en-US,send-and-receive-email,windows-11;thunderbird;send-and-receive-email;,khowie2,I have a Shaw.ca email account.  The outbound email does not work for this account.,https://support.mozilla.org/questions/1577378,,,,,,isp:shaw,,,1,true,59.97,False,
1577385,2026-04-20 21:36:34 -0700,2026-04-21,en-US,security,windows-10;thunderbird;security;,gemaynard,Require a password to open thunderbird.,https://support.mozilla.org/questions/1577385,,,,,,,,,5,true,21.02,True,davidsk
1577387,2026-04-20 21:55:40 -0700,2026-04-21,en-US,send-and-receive-email,windows-11;thunderbird;send-and-receive-email;,wenying,Can't download Comcast emails but can send emails,https://support.mozilla.org/questions/1577387,,,,,,isp:comcast,,,3,true,59.06,True,wenying
1577388,2026-04-20 21:57:26 -0700,2026-04-21,en-US,passwords-and-sign-in,thunderbird;passwords-and-sign-in;needsinfo;,michael.moon1,My password it used to accept is not accepted anymore,https://support.mozilla.org/questions/1577388,,,,,,,,,1,true,58.96,False,
1577409,2026-04-21 00:57:34 -0700,2026-04-21,en-US,send-and-receive-email,windows-11;thunderbird;send-and-receive-email;,nwcsi002,Able to receive incoming mail - not able to send - see message below,https://support.mozilla.org/questions/1577409,,,,,m:gmail,,proto:smtp,,1,true,33.11,False,
1577411,2026-04-21 01:19:53 -0700,2026-04-21,en-US,update,windows-1011;thunderbird;update;,stan.gershwin,How do I get back to my previous version of Thunderbird?,https://support.mozilla.org/questions/1577411,os:linux,,,,,,,,2,true,3.3,False,
1577428,2026-04-21 06:57:57 -0700,2026-04-21,en-US,connectivity,windows-10;thunderbird;connectivity;,judymurphy,Issues send emails in Thunderbird - says maximum number of connections have been exceeded,https://support.mozilla.org/questions/1577428,,,,,,,proto:imap,,1,true,9.48,False,
1577454,2026-04-21 10:45:31 -0700,2026-04-21,en-US,passwords-and-sign-in,windows-10;thunderbird;passwords-and-sign-in;,mikesola23,"after changing my google password, I am no longer able to receive or send mail through thunderbird",https://support.mozilla.org/questions/1577454,,,,,,,,,1,true,2.08,False,
1577461,2026-04-21 11:48:36 -0700,2026-04-21,it,email-and-messaging,offtopic;,roberto.caldarella,Mia moglie ha un account gmail nome.cognome@gmail.com ma riceve mail di omonime il cui account è nomecognome@gmail.com (,https://support.mozilla.org/questions/1577461,,,,,m:gmail,,,,1,true,3.72,False,
1577463,2026-04-21 12:26:25 -0700,2026-04-21,en-US,customization,windows-11;thunderbird;customization;,maurizioinspain,Thunderbird 140.9.1 ESR: Tagged message background turns white when losing focus (userChrome.css help),https://support.mozilla.org/questions/1577463,,,,,,,,,1,true,4.46,False,
1577464,2026-04-21 12:34:26 -0700,2026-04-21,en-US,send-and-receive-email,windows-11;thunderbird;send-and-receive-email;,thomasejones,I want to use a salutation in every email. How do I do this?,https://support.mozilla.org/questions/1577464,,,,,,,,,1,true,3.81,False,
1577469,2026-04-21 14:02:40 -0700,2026-04-21,en-US,security,linux;thunderbird;security;,markashino226,Thunderbird Desktop audit docs,https://support.mozilla.org/questions/1577469,os:linux,,,,,,,,2,true,70.17,False,
1577480,2026-04-21 14:45:36 -0700,2026-04-21,en-US,connectivity,windows-11;thunderbird;connectivity;,louis_aime,Impossible to connect to a Google account,https://support.mozilla.org/questions/1577480,,,,,,,proto:oauth,,6,true,2.67,False,
1577481,2026-04-21 14:46:24 -0700,2026-04-21,nl,junk-mail-and-spam,windows-1011;thunderbird;junk-mail-and-spam;,martinderooij,mijn e.mail belandt in de spamfolders van de geadresseerders.,https://support.mozilla.org/questions/1577481,,,,,,,,,3,true,20.8,False,
1577487,2026-04-21 15:05:37 -0700,2026-04-21,es,import-and-export-email,windows-11;thunderbird;import-and-export-email;,firstponcho,migrar thunderbird a otro pc,https://support.mozilla.org/questions/1577487,,,,,,,,,2,true,6.55,False,
1577515,2026-04-21 16:48:33 -0700,2026-04-21,nl,extensions,windows-11;thunderbird;extensions;,wim.sakkers,Proton calendar toolbar button werkt niet,https://support.mozilla.org/questions/1577515,,,,,,,,,1,true,18.81,False,
1577528,2026-04-21 17:55:22 -0700,2026-04-22,en-US,send-and-receive-email,windows-11;thunderbird;send-and-receive-email;,elafre,Unable to send messages using Thunderbird,https://support.mozilla.org/questions/1577528,,,,,,isp:spectrum,proto:smtp,,4,true,0.68,True,elafre
1577533,2026-04-21 18:15:01 -0700,2026-04-22,en-US,calendar,windows-11;thunderbird;calendar;,house46,My reminders have stopped appearing,https://support.mozilla.org/questions/1577533,,,,,,,,,0,false,,False,
1577558,2026-04-21 21:06:47 -0700,2026-04-22,en-US,email-and-messaging,windows-11;thunderbird;email-and-messaging;,martin27,Mail dragged from inbox to subfolder vanishes,https://support.mozilla.org/questions/1577558,,,,,,,,,0,false,,False,
1577559,2026-04-21 21:07:24 -0700,2026-04-22,en-US,email-and-messaging,windows-11;thunderbird;email-and-messaging;,wabr28927,"My ""miscellaneous"" folder has disappeared from my inbox list.",https://support.mozilla.org/questions/1577559,,,,,,,,,3,true,3.41,False,
1577564,2026-04-21 21:50:11 -0700,2026-04-22,en-US,attachments,windows-10;thunderbird;attachments;,jyjcraig,How do I open jpg images when all I get is a box with a red x?,https://support.mozilla.org/questions/1577564,,,,,,,,,2,true,1.84,True,rednoise
1577573,2026-04-21 22:25:33 -0700,2026-04-22,en-US,send-and-receive-email,thunderbird;send-and-receive-email;,topnotchdogs,"My email provider has to take my account offline for an hour - if I've downloaded messages to Thunderbird, will they sti",https://support.mozilla.org/questions/1577573,,,,,,isp:optimum,,,2,true,0.86,True,rednoise
1577580,2026-04-21 22:41:15 -0700,2026-04-22,en-US,events,windows-11;thunderbird;events;,EastTenn,"When our computer guy moved all info from our old computer to new, Thunderbird calendar was blank!",https://support.mozilla.org/questions/1577580,os:windows,,,,,,,,8,true,0.31,False,
1577581,2026-04-21 22:42:23 -0700,2026-04-22,en-US,send-and-receive-email,windows-7;thunderbird;send-and-receive-email;,nancy63,"Typing a response before hitting ""reply""",https://support.mozilla.org/questions/1577581,,,,,,,,,3,true,0.13,False,
1577586,2026-04-21 23:27:32 -0700,2026-04-22,en-US,crashing-and-slow-performance,windows-11;thunderbird;crashing-and-slow-performance;,stingraysk,1か月前からThunderbirdの各種動作が遅くなった。,https://support.mozilla.org/questions/1577586,,,,,,,,,1,true,2.79,False,
1577590,2026-04-21 23:49:10 -0700,2026-04-22,en-US,email-and-messaging,windows-1011;thunderbird;email-and-messaging;,southern-boy,Latest ThunLatederbird lost several folders and says the ones that show are empty.  I tried INBOX repair and now all fol,https://support.mozilla.org/questions/1577590,os:windows,,,,,,,,0,false,,False,
1577617,2026-04-22 04:19:58 -0700,2026-04-22,en-US,save-passwords,windows-11;thunderbird;save-passwords;,jfairfie,Apple Mail,https://support.mozilla.org/questions/1577617,,,,,,,,,15,true,9.68,False,
1577625,2026-04-22 05:29:53 -0700,2026-04-22,en-US,email-and-messaging,windows-11;thunderbird;email-and-messaging;,jppjaya,unable to create folders,https://support.mozilla.org/questions/1577625,,,,,,,,,1,true,3.48,True,Googlethunderbird.
1577636,2026-04-22 07:09:54 -0700,2026-04-22,en-US,send-and-receive-email,firefox-1500;windows-11;thunderbird;send-and-receive-email;,l19,"sen or stored elt mails after April 4,2026 are not shown or stored somewhere else.",https://support.mozilla.org/questions/1577636,os:windows,,,,,,,,0,false,,False,
1577647,2026-04-22 08:24:10 -0700,2026-04-22,en-US,installation-and-updates,thunderbird;installation-and-updates;,joemller,"Hallo, I made a Download of Thunderbirds on an Apple IPad Air. But I couldn‘t activate the program. Could you help me?",https://support.mozilla.org/questions/1577647,,,,,,,,,1,true,13.92,False,
1577649,2026-04-22 08:34:07 -0700,2026-04-22,fi,send-and-receive-email,windows-11;thunderbird;send-and-receive-email;,mika.tuominen,Not working anymore,https://support.mozilla.org/questions/1577649,,,,,,,,,0,false,,False,
1577654,2026-04-22 09:03:01 -0700,2026-04-22,en-US,passwords-and-sign-in,windows-11;thunderbird;passwords-and-sign-in;,linaskrulikauskas,Cannot sign into Microsoft org account that requires 2FA,https://support.mozilla.org/questions/1577654,,,,,,,,,3,true,0.95,True,MattAuSupport
1577658,2026-04-22 09:15:58 -0700,2026-04-22,en-US,calendar,windows-11;thunderbird;calendar;,sabrina.goger,Outlook calender in Thunderbird,https://support.mozilla.org/questions/1577658,,,,,m:microsoftemail,,,,1,true,10.15,False,
1577660,2026-04-22 09:24:22 -0700,2026-04-22,en-US,extensions,thunderbird;extensions;,radiusdisc,Lack of Sync for Contacts & Calendar,https://support.mozilla.org/questions/1577660,,,,,m:microsoftemail,,,,3,true,10.06,False,
1577665,2026-04-22 09:47:04 -0700,2026-04-22,hu,passwords-and-sign-in,windows-11;thunderbird;passwords-and-sign-in;,drcsitoseszter,Nem látom a leveleimet a Thinderbird-ben 2026. 01. 05. óta Mit tegyek?,https://support.mozilla.org/questions/1577665,,,,,,,,,0,false,,False,
1577673,2026-04-22 10:48:22 -0700,2026-04-22,en-US,email-and-messaging,windows-10;thunderbird;email-and-messaging;,bjornla1bn,Multiplying Sent & Spam arcives,https://support.mozilla.org/questions/1577673,,,,,m:gmail,,,,0,false,,False,
1577685,2026-04-22 12:04:26 -0700,2026-04-22,en-US,account-management,windows-11;thunderbird;account-management;,chris269,How do I reorder accounts,https://support.mozilla.org/questions/1577685,os:windows,,,,,,,,1,true,2.35,True,davidsk
1577692,2026-04-22 12:55:49 -0700,2026-04-22,it,connectivity,windows-11;thunderbird;connectivity;needsinfo;,aldo.salvatori,non rieso a ricevere la posta,https://support.mozilla.org/questions/1577692,,,,,,,proto:imap,,1,true,0.91,False,
1577724,2026-04-22 15:17:17 -0700,2026-04-22,en-US,send-and-receive-email,windows-11;thunderbird;send-and-receive-email;,rena_gill,"How to fix ""Enter credentials for <my email address> on imap.mail.yahoo.com"", pop-up",https://support.mozilla.org/questions/1577724,,,,,m:yahooemail,,proto:imap,,3,true,5.02,False,
1577745,2026-04-22 16:32:49 -0700,2026-04-22,es,send-and-receive-email,windows-11;thunderbird;send-and-receive-email;,ifevillar,Problema thunderbird,https://support.mozilla.org/questions/1577745,,,,,,,,,1,true,7.77,False,
1577751,2026-04-22 16:39:34 -0700,2026-04-22,nl,reset-passwords,thunderbird;reset-passwords;,Jooske,Ik ben mijn thunderbird wachtwoord vergeten,https://support.mozilla.org/questions/1577751,,,,,,,,,1,true,18.44,False,
1577758,2026-04-22 17:13:15 -0700,2026-04-23,en-US,profiles,windows-7;thunderbird;profiles;,StephenHCollings,"All my emails are gone when Thunderbird opens, and I am asked to set up an account - which I do, BUT the same thing happ",https://support.mozilla.org/questions/1577758,os:windows,,,,,,,,1,true,4.85,False,
1577759,2026-04-22 17:15:11 -0700,2026-04-23,en-US,attachments,windows-11;thunderbird;attachments;,jim519,Image displays as broken in email body. cid with image has brackets,https://support.mozilla.org/questions/1577759,,,,,,,,,1,false,,False,
1577764,2026-04-22 17:38:42 -0700,2026-04-23,en-US,account-management,windows-1011;thunderbird;account-management;,greatfish57,‘how do i get thunderbird to stop asking for log-in credentials to an account that i removed from thunderbird?,https://support.mozilla.org/questions/1577764,,,,,,,,,10,true,1.19,True,rednoise
1577772,2026-04-22 18:37:26 -0700,2026-04-23,en-US,send-and-receive-email,windows-11;thunderbird;send-and-receive-email;,li.lindfors,I have an automatic reply. Now I can not find how to close it.,https://support.mozilla.org/questions/1577772,,,,,,,,,1,true,0.43,False,
1577777,2026-04-22 19:17:16 -0700,2026-04-23,en-US,email-and-messaging,thunderbird;email-and-messaging;,grahamjcresswell,I can no longer drag and drop emails from my inbox to an archive folder.  Is this a bug in eclipse 150.0,https://support.mozilla.org/questions/1577777,,,,,,,,,0,false,,False,
1577787,2026-04-22 20:02:43 -0700,2026-04-23,en-US,send-and-receive-email,windows-1011;thunderbird;send-and-receive-email;,n2zrc,Get Messages Not Working,https://support.mozilla.org/questions/1577787,os:windows,,,,,,,,4,true,0.23,False,
1577801,2026-04-22 21:18:00 -0700,2026-04-23,en-US,customization,windows-11;thunderbird;customization;,romcinsam,Thank you for returning the move to drop down list,https://support.mozilla.org/questions/1577801,,,,,,,,,1,true,39.61,True,davidsk
1577821,2026-04-22 22:45:49 -0700,2026-04-23,en-US,attachments,windows-11;thunderbird;attachments;,taspittler,Mails with no attachments are bigger than 32 MB,https://support.mozilla.org/questions/1577821,,,,,m:microsoftemail,,,,0,false,,False,
1577825,2026-04-22 22:52:53 -0700,2026-04-23,en-US,email-and-messaging,windows-11;thunderbird;email-and-messaging;,tkrk,i am at the Synchronization Log: Synchronizing Mailbox X@sbcglobal.net.,https://support.mozilla.org/questions/1577825,,,,,m:microsoftemail;m:yahooemail,isp:att,,,0,false,,False,
1577839,2026-04-22 23:54:30 -0700,2026-04-23,en-US,account-management,windows-11;thunderbird;account-management;,Rodney.III,Alter the email list,https://support.mozilla.org/questions/1577839,,,,,,,,,1,true,6.37,False,
1577841,2026-04-22 23:59:50 -0700,2026-04-23,en-US,import-and-export-settings,windows-11;thunderbird;import-and-export-settings;,Rodney.III,Export to Mobile function Not Working,https://support.mozilla.org/questions/1577841,,,,,,,,,1,true,0.48,False,
1577845,2026-04-23 00:24:03 -0700,2026-04-23,en-US,account-management,windows-11;thunderbird;account-management;,linda535,I'm trying to dump MS Outlook.,https://support.mozilla.org/questions/1577845,,,,,m:microsoftemail,,,,8,true,8.42,True,davidsk
1577846,2026-04-23 00:33:06 -0700,2026-04-23,en-US,customization,linux;thunderbird;customization;,andrew305,Is it possible to create a Thunderbird based on a single character in the message body?,https://support.mozilla.org/questions/1577846,,,,,,,,,4,true,8.23,False,
1577847,2026-04-23 00:37:16 -0700,2026-04-23,en-US,passwords-and-sign-in,firefox-1500;windows-1011;thunderbird;passwords-and-sign-in;needsinfo;,nmartin60,the mail program will not sign in with password,https://support.mozilla.org/questions/1577847,,,,,,,,,1,true,4.07,False,
1577850,2026-04-23 01:13:05 -0700,2026-04-23,en-US,email-and-messaging,windows-11;thunderbird;email-and-messaging;,gtobeg,I need to automatically apply message filters on messages when copied in a subfolder in Local Folders with other filters,https://support.mozilla.org/questions/1577850,,,,,,,,,1,true,3.44,False,
1577853,2026-04-23 01:26:06 -0700,2026-04-23,en-US,customization,windows-10;thunderbird;customization;,rich91,preview of email,https://support.mozilla.org/questions/1577853,,,,,,,,,1,true,3.18,False,
1577857,2026-04-23 01:51:32 -0700,2026-04-23,en-US,account-management,windows-1011;thunderbird;account-management;,cedarpennarts,I want to make an additional email on my Thunderbird account.,https://support.mozilla.org/questions/1577857,,,,,,,,,1,true,0.99,False,
1577865,2026-04-23 02:41:25 -0700,2026-04-23,en-US,events,windows-11;thunderbird;events;,Rodney.III,How to create a Zoom meeting with Thunderbird Calendar?,https://support.mozilla.org/questions/1577865,,,,,,,,,1,true,1.89,False,
1577866,2026-04-23 03:02:39 -0700,2026-04-23,en-US,email-and-messaging,windows-10;thunderbird;email-and-messaging;,bentianxiaochun314,メールの受信・送信ができない。アカウントの追加ができない。,https://support.mozilla.org/questions/1577866,,,,,,,,,1,true,9.41,False,
1577871,2026-04-23 04:04:13 -0700,2026-04-23,en-US,connectivity,windows-11;thunderbird;connectivity;,Rodney.III,SMTP Timeout,https://support.mozilla.org/questions/1577871,,,,,m:microsoftemail,,proto:smtp,,0,false,,False,
1577878,2026-04-23 05:44:51 -0700,2026-04-23,en-US,crashing-and-slow-performance,windows-11;thunderbird;crashing-and-slow-performance;,jcder,"delay during ""move to""",https://support.mozilla.org/questions/1577878,,,,,,,,,1,true,5.98,False,
1577879,2026-04-23 05:46:26 -0700,2026-04-23,en-US,crashing-and-slow-performance,windows-11;thunderbird;crashing-and-slow-performance;,jcder,"delay during ""move to""",https://support.mozilla.org/questions/1577879,,,,,,,,,8,true,5.07,False,
1577885,2026-04-23 06:23:51 -0700,2026-04-23,en-US,accounts,windows-11;thunderbird;accounts;,Furneaux,Mozella Thunderbird recovery,https://support.mozilla.org/questions/1577885,,,,,,,,,0,false,,False,
1577909,2026-04-23 09:05:46 -0700,2026-04-23,en-US,customization,windows-10;thunderbird;customization;,chet1ra55,Changing the folder order,https://support.mozilla.org/questions/1577909,,,,,,,,,0,false,,False,
1577910,2026-04-23 09:30:51 -0700,2026-04-23,en-US,send-and-receive-email,windows-11;thunderbird;send-and-receive-email;,dvquirk,TB 150.0 not downloading office365 folders,https://support.mozilla.org/questions/1577910,,,,,m:microsoftemail,,proto:oauth,,0,false,,False,
1577911,2026-04-23 09:33:46 -0700,2026-04-23,en-US,passwords-and-sign-in,windows-11;thunderbird;passwords-and-sign-in;,louis_aime,Thunderbird denies access to Google account,https://support.mozilla.org/questions/1577911,,,,,,,,,1,false,,True,louis_aime
1577915,2026-04-23 09:55:03 -0700,2026-04-23,en-US,instant-messaging,windows-7;thunderbird;instant-messaging;,wodogorov@gmail.com,Is a Freenode network reliable?,https://support.mozilla.org/questions/1577915,,,,,,,,,5,true,1.01,False,
1577934,2026-04-23 11:21:59 -0700,2026-04-23,en-US,accessibility,windows-10;thunderbird;accessibility;,nizam.khan,i use thunderbird-problem :i can receive email but cannot send.,https://support.mozilla.org/questions/1577934,,,,,,,,,1,true,25.49,False,
1577954,2026-04-23 13:49:48 -0700,2026-04-23,en-US,send-and-receive-email,windows-11;thunderbird;send-and-receive-email;,pongo3,kan ikke sende en mail,https://support.mozilla.org/questions/1577954,os:windows,,,,,,,,3,true,2.43,True,davidsk
1577958,2026-04-23 13:59:04 -0700,2026-04-23,it,profiles,thunderbird;profiles;needsinfo;,amministrazionepaci,Account e Mail spariti dopo aggiornamento,https://support.mozilla.org/questions/1577958,,,,,,,,,1,true,0.83,False,
1577963,2026-04-23 14:47:46 -0700,2026-04-23,en-US,send-and-receive-email,windows-7;thunderbird;send-and-receive-email;,ffontjunkie,I can't get email. When I try a window comes up saying sign in and when I click on it the next window says error 400 and,https://support.mozilla.org/questions/1577963,,,,,,,,,1,true,3.28,False,
1577981,2026-04-23 15:54:43 -0700,2026-04-23,en-US,import-and-export-email,windows-11;thunderbird;import-and-export-email;,gilbertson4,How to transfer my thunderbird email with all folders to another computer after computer with email folders won't boot u,https://support.mozilla.org/questions/1577981,,,,,,,,,15,true,0.28,False,
1577986,2026-04-23 16:10:11 -0700,2026-04-23,it,attachments,windows-10;thunderbird;attachments;,giuvava2,Allegati,https://support.mozilla.org/questions/1577986,,,,,,,,,1,true,0.15,False,
1577989,2026-04-23 16:34:54 -0700,2026-04-23,en-US,import-and-export-email,windows-11;thunderbird;import-and-export-email;,kfnpemai,Moving local folders from New Outlook to Thunderbird,https://support.mozilla.org/questions/1577989,os:windows,,,,m:microsoftemail,,,,1,true,20.26,False,
1577999,2026-04-23 17:02:35 -0700,2026-04-24,it,import-and-export-settings,firefox-1500;windows-1011;thunderbird;import-and-export-settings;,giuvava2,Impoortare account,https://support.mozilla.org/questions/1577999,,,,,,,,,1,true,14.93,False,
1578000,2026-04-23 17:04:10 -0700,2026-04-24,it,email-and-messaging,windows-11;thunderbird;email-and-messaging;needsinfo;,fabriziacangemi,cancellazione per errore delle pec,https://support.mozilla.org/questions/1578000,,,,,,,,,1,true,1.88,False,
1578021,2026-04-23 19:09:44 -0700,2026-04-24,it,profiles,thunderbird;profiles;,r.b.,sparito account thunderbird e tutta la posta,https://support.mozilla.org/questions/1578021,os:windows,,,,,,proto:pop,,5,true,12.74,True,r.b.
1578028,2026-04-23 20:01:32 -0700,2026-04-24,tr,customization,windows-11;thunderbird;customization;,onur.gul.1903,Konuya göre gruplama sonrasında;  tarih/saat sıralaması hatası,https://support.mozilla.org/questions/1578028,,,,,,,,,1,true,42.55,False,
1578034,2026-04-23 20:22:19 -0700,2026-04-24,nl,undefined,windows-11;thunderbird;undefined;,sandersieswerda,Ik wil mijn Thunderbird abonnement en donaties stopzetten,https://support.mozilla.org/questions/1578034,,,,,,,,,1,true,14.07,False,
1578040,2026-04-23 20:57:47 -0700,2026-04-24,en-US,email-and-messaging,windows-11;thunderbird;email-and-messaging;,mgquatt,canot delete Local Folders in Thunderbird,https://support.mozilla.org/questions/1578040,os:windows,,,,,,,,0,false,,False,
1578046,2026-04-23 21:43:41 -0700,2026-04-24,en-US,profiles,windows-7;thunderbird;profiles;,hostetter,"Can't find stored files I have had for many years,",https://support.mozilla.org/questions/1578046,os:windows,,,,,isp:centurylink,proto:pop,,3,true,12.04,False,
1578063,2026-04-23 23:41:55 -0700,2026-04-24,en-US,send-and-receive-email,windows-11;thunderbird;send-and-receive-email;,seneratmacaoglu,Program do not check for e-mails on startup,https://support.mozilla.org/questions/1578063,,,,,,,proto:pop,,1,true,27.96,False,
1578070,2026-04-24 00:30:37 -0700,2026-04-24,en-US,send-and-receive-email,windows-1011;thunderbird;send-and-receive-email;,christiane20,Missing Mail,https://support.mozilla.org/questions/1578070,,,,,,,,,10,true,3.62,True,christiane20
1578071,2026-04-24 00:48:50 -0700,2026-04-24,en-US,languages,windows-11;thunderbird;languages;,Arvidd,Sudden Keyboard Malfunction,https://support.mozilla.org/questions/1578071,os:windows,,,,,,,,3,true,2.17,False,
1578088,2026-04-24 03:12:58 -0700,2026-04-24,en-US,events,windows-11;thunderbird;events;,anild,I no longer get event/task REMINDERS,https://support.mozilla.org/questions/1578088,,,,,,,,,0,false,,False,
1578135,2026-04-24 09:45:31 -0700,2026-04-24,en-US,customization,windows-11;thunderbird;customization;,claus-wunderlich,Underscores above the signature text.,https://support.mozilla.org/questions/1578135,,,,,,,,,1,true,1.2,False,
1578153,2026-04-24 11:16:56 -0700,2026-04-24,en-US,privacy-and-security,windows-11;thunderbird;privacy-and-security_1;,tlumaczenia1,"I would like to support M with a donation, but I can't use the credit card, I can do it with a simple bank transfer",https://support.mozilla.org/questions/1578153,,,,,,,,,1,true,13.43,False,
1578155,2026-04-24 11:46:29 -0700,2026-04-24,en-US,profiles,windows-11;thunderbird;profiles;,jenniferkav,accessing my thunderbird files on a new computer,https://support.mozilla.org/questions/1578155,,,,,,,,,3,true,0.99,False,
1578175,2026-04-24 14:26:31 -0700,2026-04-24,en-US,email-and-messaging,windows-11;thunderbird;email-and-messaging;,starkwolf,All emails from folder missing,https://support.mozilla.org/questions/1578175,,,,,,,proto:pop,,3,true,1.86,False,
1578180,2026-04-24 14:39:57 -0700,2026-04-24,nl,email-and-messaging,windows-11;thunderbird;email-and-messaging;,RobAmsterdam,schrijfrechten hebt op het bestandssysteem en dat u genoeg schijfruimte hebt om de postbus te kopiëren.,https://support.mozilla.org/questions/1578180,,,,,,,,,2,true,24.08,True,RobAmsterdam
1578181,2026-04-24 14:45:48 -0700,2026-04-24,en-US,connectivity,windows-11;thunderbird;connectivity;,w27,Connection to server Was Reset  (continually),https://support.mozilla.org/questions/1578181,os:windows,,,,,,proto:pop,,6,true,2.5,True,w27
1578204,2026-04-24 16:05:04 -0700,2026-04-24,nl,crashing-and-slow-performance,windows-1011;thunderbird;crashing-and-slow-performance;,glenn.daelman,Paneel vandaag kinppert bij open thunderbird,https://support.mozilla.org/questions/1578204,os:windows,,,,,,,,1,true,163.23,False,
1578206,2026-04-24 16:12:51 -0700,2026-04-24,hu,undefined,windows-10;thunderbird;undefined;,romhany.a,számla vagy nyugta kérése kifizetett támogatásról,https://support.mozilla.org/questions/1578206,,,,,,,,,1,true,16.26,False,
1578220,2026-04-24 16:58:34 -0700,2026-04-24,en-US,contacts,windows-11;thunderbird;contacts;,mchladdison,"Addressing an email, how do I get my cardbook contacts to appear",https://support.mozilla.org/questions/1578220,,,,,m:microsoftemail,,,,2,true,0.21,False,
1578250,2026-04-24 18:31:00 -0700,2026-04-25,en-US,customization,windows-11;thunderbird;customization;,gredden,"""Run Now"" is greyed out when using filters",https://support.mozilla.org/questions/1578250,,,,,,,,,3,true,31.08,False,
1578285,2026-04-24 21:18:27 -0700,2026-04-25,en-US,account-management,thunderbird;account-management;,michael.moon1,My Thunderbird isn't accepting email providers,https://support.mozilla.org/questions/1578285,,,,,m:gmail;m:microsoftemail,isp:spectrum,,,0,false,,False,
1578299,2026-04-24 23:26:54 -0700,2026-04-25,en-US,customization,windows-11;thunderbird;customization;,prowat1,"Restore toolbars, send button doesn't work, other buttons missing",https://support.mozilla.org/questions/1578299,,,,,,,,,1,true,8.36,False,
1578304,2026-04-24 23:52:37 -0700,2026-04-25,en-US,send-and-receive-email,windows-11;thunderbird;send-and-receive-email;,dave-sue,After using e-mail client for some years it will no longer allow me to send e-mails,https://support.mozilla.org/questions/1578304,,,,,,,,,3,true,3.89,False,
1578328,2026-04-25 03:47:32 -0700,2026-04-25,en-US,customization,thunderbird;customization;,alphaa10000,how to turn OFF the message preview when I single-click on message?,https://support.mozilla.org/questions/1578328,,,,,,,,,9,true,4.13,False,
1578331,2026-04-25 04:05:49 -0700,2026-04-25,en-US,import-and-export-email,thunderbird;import-and-export-email;,lilgin1990,Read google takeout file,https://support.mozilla.org/questions/1578331,,,,,,,,,1,true,3.63,False,
1578333,2026-04-25 04:26:12 -0700,2026-04-25,en-US,customization,windows-11;thunderbird;customization;,elena98365,How to leave messages bold to indicate unread,https://support.mozilla.org/questions/1578333,,,,,,,,,1,true,3.57,False,
1578350,2026-04-25 08:35:32 -0700,2026-04-25,en-US,passwords-and-sign-in,windows-11;thunderbird;passwords-and-sign-in;,ukanruri.55,パスワードの入力画面に移るにはどうすればよいか？,https://support.mozilla.org/questions/1578350,,,,,m:gmail,,,,1,true,1.05,False,
1578354,2026-04-25 08:54:04 -0700,2026-04-25,en-US,import-and-export-settings,linux;thunderbird;import-and-export-settings;,dewatson1,How to repllace a thunderbird profile on linux with a thunderbird profile on window,https://support.mozilla.org/questions/1578354,os:linux,,,,,,,,5,true,3.2,True,davidsk
1578364,2026-04-25 10:37:18 -0700,2026-04-25,en-US,send-and-receive-email,windows-11;thunderbird;send-and-receive-email;,krhacker,vocal notification for new message received worked fine before frontier moved mail support to yahoo (locked duplicate),https://support.mozilla.org/questions/1578364,,,,,m:yahooemail,isp:frontier,,,2,true,14.86,False,
1578382,2026-04-25 13:27:13 -0700,2026-04-25,en-US,events,windows;thunderbird;events;,plomhoff,How do I sync tasks from my Windows desktop to my Android phone?,https://support.mozilla.org/questions/1578382,,,,,,,,,0,false,,False,
1578389,2026-04-25 14:00:24 -0700,2026-04-25,en-US,encryption,thunderbird;encryption;,T.M.N.Irish,S/MIME Class 1,https://support.mozilla.org/questions/1578389,,,,,,,,,3,true,11.38,False,
1578400,2026-04-25 15:09:44 -0700,2026-04-25,en-US,send-and-receive-email,windows-11;thunderbird;send-and-receive-email;,bk913,New install with previous profile disconnects email address from local folder,https://support.mozilla.org/questions/1578400,,,,,m:gmail,isp:freenet,,,2,true,10.07,True,MattAuSupport
1578401,2026-04-25 15:14:13 -0700,2026-04-25,en-US,update,windows-10;thunderbird;update;,timbernie,F5 and Shift F5 appear not to work after last update.???,https://support.mozilla.org/questions/1578401,,,,,,,,,11,true,9.94,False,
1578403,2026-04-25 15:32:27 -0700,2026-04-25,en-US,customization,windows-11;thunderbird;customization;,dcal53,Sent & Drafts Items switched to Local folders,https://support.mozilla.org/questions/1578403,,,,,,,,,1,true,9.58,False,
1578407,2026-04-25 16:02:39 -0700,2026-04-25,en-US,send-and-receive-email,firefox-140100;firefox-14010_1;mac-os-x-1015;thunderbird;send-and-receive-email;,roadspnr1,Thunderbird can no longer get my email from yahoo,https://support.mozilla.org/questions/1578407,,,,,m:yahooemail,,,,1,true,9.23,False,
1578413,2026-04-25 17:11:22 -0700,2026-04-26,en-US,import-and-export-settings,windows-11;thunderbird;import-and-export-settings;,adbeng,"Trying to import T-Bird accounts & data into a new computer. I'm not a techie, so how can I invent a host domain? Gamil ",https://support.mozilla.org/questions/1578413,,,,,m:gmail;m:microsoftemail,,,,2,true,14.58,True,mozilla98
1578426,2026-04-25 18:48:56 -0700,2026-04-26,en-US,import-and-export-email,windows-11;thunderbird;import-and-export-email;,y112,.eml files in Explorer :  messages invisible in client,https://support.mozilla.org/questions/1578426,,,,,,,,,1,true,6.1,False,
1578427,2026-04-25 18:54:44 -0700,2026-04-26,en-US,email-and-messaging,thunderbird;email-and-messaging;,dwain0,some subfolders not visible in thunderbird 140.10,https://support.mozilla.org/questions/1578427,,,,,,,proto:pop,,6,true,22.5,False,
1578437,2026-04-25 20:20:01 -0700,2026-04-26,en-US,email-and-messaging,windows-11;thunderbird;email-and-messaging;,BigAlBat,Thunderbird wiped out all my folders,https://support.mozilla.org/questions/1578437,,,,,m:yahooemail,isp:comcast,,,2,true,2.6,True,BigAlBat
1578450,2026-04-25 21:37:43 -0700,2026-04-26,es,update,firefox-1500;android;thunderbird;update;needsinfo;,fjaviermtapias,Thunderbird,https://support.mozilla.org/questions/1578450,,,,,,,,,1,true,55.55,False,
1578455,2026-04-25 22:07:23 -0700,2026-04-26,en-US,events,windows-11;thunderbird;events;,wongi,Thunderbird Calendar Sync issues with Apple Calendar using version 150.0 (64 bit),https://support.mozilla.org/questions/1578455,os:windows,,,,,,,,0,false,,False,
1578466,2026-04-25 23:59:09 -0700,2026-04-26,en-US,email-and-messaging,windows-11;thunderbird;email-and-messaging;,JonWeissman,Why did subfolders disappear when I renamed their parent?,https://support.mozilla.org/questions/1578466,,,,,,,,,10,true,7.54,True,JonWeissman
1578471,2026-04-26 00:29:04 -0700,2026-04-26,en-US,account-management,windows-11;thunderbird;account-management;,cascade3,Thunderbird keeps asking me for password to an account that doesn't exist at my server.,https://support.mozilla.org/questions/1578471,,,,,,,proto:imap,,1,true,0.93,False,
1578474,2026-04-26 01:13:02 -0700,2026-04-26,en-US,customization,windows-11;thunderbird;customization;,jonsalton66,Can I set the entire color of calendar events to be that of the category assigned to it rather than just having a tiny c,https://support.mozilla.org/questions/1578474,,,,,,,,,1,true,19.57,False,
1578497,2026-04-26 05:58:04 -0700,2026-04-26,en-US,email-and-messaging,windows-11;thunderbird;email-and-messaging;,michael.gerkens,"Recover Emails that have been removed by ""Expunge""",https://support.mozilla.org/questions/1578497,,,,,m:gmx,,,,3,true,1.53,False,
1578512,2026-04-26 09:20:30 -0700,2026-04-26,it,send-and-receive-email,thunderbird;send-and-receive-email;,paolo.claus,"Come cambiare il colore del testo di alcune parole,nelle email",https://support.mozilla.org/questions/1578512,,,,,,,,,1,true,0.23,False,
1578516,2026-04-26 09:55:45 -0700,2026-04-26,en-US,junk-mail-and-spam,windows-11;thunderbird;junk-mail-and-spam;,post567,Update trash bin status,https://support.mozilla.org/questions/1578516,,,,,,,,,0,false,,False,
1578518,2026-04-26 10:49:01 -0700,2026-04-26,en-US,install,linux;thunderbird;install;,lorebett2002,No download available for Linux ARM (aarch64)?,https://support.mozilla.org/questions/1578518,os:linux,,,,,,,,0,false,,False,
1578523,2026-04-26 11:26:58 -0700,2026-04-26,en-US,send-and-receive-email,windows-1011;thunderbird;send-and-receive-email;,robinhaas,Nachrichten konnten nicht in die Mailbox-Datei geschrieben werden.,https://support.mozilla.org/questions/1578523,os:windows,,,,,,,,3,true,0.14,False,
1578533,2026-04-26 13:27:33 -0700,2026-04-26,en-US,send-and-receive-email,windows-10;thunderbird;send-and-receive-email;,john391,Wrong sender's name,https://support.mozilla.org/questions/1578533,,,,,,,,,10,true,30.73,True,davidsk
1578537,2026-04-26 13:42:27 -0700,2026-04-26,en-US,tags,windows-11;thunderbird;tags;,fkg8z5sb8z,How to use the tag?,https://support.mozilla.org/questions/1578537,,,,,,,,,0,false,,False,
1578545,2026-04-26 14:42:29 -0700,2026-04-26,en-US,import-and-export-email,windows-1011;thunderbird;import-and-export-email;,derickjac1,Copy Profile Over 2GB - Can I just copy the entire profile folder or do I have to copy the contents of the folder?,https://support.mozilla.org/questions/1578545,,,,,,,,,1,true,1.67,False,
1578581,2026-04-26 19:12:38 -0700,2026-04-27,en-US,customization,windows-10;thunderbird;customization;,cavourite,Local Folders sort order,https://support.mozilla.org/questions/1578581,os:windows,,,,,,,,1,true,0.32,False,
1578609,2026-04-26 21:14:08 -0700,2026-04-27,en-US,email-and-messaging,windows-11;thunderbird;email-and-messaging;,P.A.G,Email older than several weeks in mail subfolders blank in Thunderbird and looks like binary under \Profiles\dq1ljd8g.de,https://support.mozilla.org/questions/1578609,,,,,,,,,0,false,,False,
1578613,2026-04-26 21:57:30 -0700,2026-04-27,en-US,attachments,windows-10;thunderbird;attachments;,mdm54,remove yellow boxes in remote and  drafts  i keep ghetting yellow boxes in my Thunderbird,https://support.mozilla.org/questions/1578613,,,,,,,,,0,false,,False,
1578620,2026-04-26 23:19:42 -0700,2026-04-27,en-US,send-and-receive-email,windows-81;thunderbird;send-and-receive-email;,sasiagfashionaccessories,AUTH error logging in,https://support.mozilla.org/questions/1578620,,,,,m:gmail,,proto:pop,,2,true,8.61,False,
1578621,2026-04-26 23:34:06 -0700,2026-04-27,en-US,installation-and-updates,windows;thunderbird;installation-and-updates;,johnp7,QR co scan?,https://support.mozilla.org/questions/1578621,,,,,,,,,1,true,7.71,False,
1578627,2026-04-27 00:05:51 -0700,2026-04-27,en-US,installation-and-updates,thunderbird;installation-and-updates;,johnp7,How to install thunderbird on android?,https://support.mozilla.org/questions/1578627,,,,,,,,,2,true,15.42,False,
1578628,2026-04-27 00:08:06 -0700,2026-04-27,en-US,installation-and-updates,android;thunderbird;installation-and-updates;,johnp7,How to install thunderbird on android?,https://support.mozilla.org/questions/1578628,,,,,,,,,1,true,7.09,False,
1578655,2026-04-27 06:19:09 -0700,2026-04-27,en-US,passwords-and-sign-in,windows-11;thunderbird;passwords-and-sign-in;,tulasahadm,Thunderbird не подключается к почте Gmail,https://support.mozilla.org/questions/1578655,,,,,m:gmail,,,,5,true,1.57,False,
1578665,2026-04-27 08:07:47 -0700,2026-04-27,it,customization,thunderbird;customization;,maddybybirth,Come posso fare per visualizzare tutti i messaggi ricevuti?,https://support.mozilla.org/questions/1578665,,,,,,,,,3,true,0.75,False,
1578666,2026-04-27 08:33:26 -0700,2026-04-27,en-US,account-management,windows-11;thunderbird;account-management;,cimavax,Deleting Gmail email from Thunderbird issues,https://support.mozilla.org/questions/1578666,,,,,m:gmail,,,,0,false,,False,
1578668,2026-04-27 09:03:01 -0700,2026-04-27,en-US,security,linux;thunderbird;security;,mijninternet2016,I see https+++www.googletagmanager.com as folder in my Thunderbird settings folder,https://support.mozilla.org/questions/1578668,os:linux,,,,,,,,0,false,,False,
1578671,2026-04-27 09:36:12 -0700,2026-04-27,it,send-and-receive-email,windows-11;thunderbird;send-and-receive-email;needsinfo;,gabrielesalsi,Posta in arrivo non funzionante in un account,https://support.mozilla.org/questions/1578671,os:windows,,,,,,,,1,true,2.91,False,
1578672,2026-04-27 09:38:48 -0700,2026-04-27,en-US,send-and-receive-email,android;thunderbird;send-and-receive-email;,s.sierdsma,Add support for snoozing emails similar to gmail and outlook,https://support.mozilla.org/questions/1578672,,,,,m:gmail;m:microsoftemail,,,,1,true,7.04,False,
1578679,2026-04-27 10:55:13 -0700,2026-04-27,en-US,account-management,windows-11;thunderbird;account-management;,leedongjin919,Thunderbird Continues to Prompt Login After Account Deletion,https://support.mozilla.org/questions/1578679,,,,,m:gmail,,,,1,true,7.57,False,
1578684,2026-04-27 11:49:11 -0700,2026-04-27,nl,encryption,windows-11;thunderbird;encryption;,louck2,De Thunderbird/Proton Mail combinatie wordt regelmatig verstoord door een zogenaamd ongeldig certificaat.,https://support.mozilla.org/questions/1578684,,,,,,,,,1,true,95.21,False,
1578694,2026-04-27 13:07:05 -0700,2026-04-27,en-US,email-and-messaging,windows-10;thunderbird;email-and-messaging;,ButchParks44,Calendar and Address book import failures,https://support.mozilla.org/questions/1578694,,,,,,,,,0,false,,False,
1578702,2026-04-27 13:50:13 -0700,2026-04-27,en-US,customization,windows-11;thunderbird;customization;,erncas,"As a low tech user, I only have 14 days of inbox messages listed and need to keep more.",https://support.mozilla.org/questions/1578702,,,,,,,,,0,false,,False,
1578708,2026-04-27 14:19:19 -0700,2026-04-27,en-US,email-and-messaging,windows-11;thunderbird;email-and-messaging;,ian.watkinson,Thunderbird is not autosaving.,https://support.mozilla.org/questions/1578708,,,,,,,,,0,false,,False,
1578710,2026-04-27 14:20:55 -0700,2026-04-27,en-US,install,thunderbird;install;,alan.lagrone.home,Thunderbird keeps trying to install a new helper tool and never opens.,https://support.mozilla.org/questions/1578710,,,,,,,,,6,true,2.39,False,
1578711,2026-04-27 14:33:17 -0700,2026-04-27,en-US,app-crash,windows-11;thunderbird;app-crash;,BenjaminHopkinson,Why does my Thunderbird continually fail after a few minutes saying Thunderbird is not responding.,https://support.mozilla.org/questions/1578711,,,,,,,,,0,false,,False,
1578713,2026-04-27 14:39:33 -0700,2026-04-27,en-US,passwords-and-sign-in,windows-11;thunderbird;passwords-and-sign-in;,ted36,Primary Password is a pain,https://support.mozilla.org/questions/1578713,,,,,,,,,5,true,1.36,True,davidsk
1578720,2026-04-27 14:56:32 -0700,2026-04-27,nl,email-and-messaging,windows-1011;thunderbird;email-and-messaging;,e.m.hartog,Spookmappen Thunderbird niet te verwijderen,https://support.mozilla.org/questions/1578720,,,,,,,,,5,true,92.23,True,Mozilla-assistent
1578725,2026-04-27 15:19:29 -0700,2026-04-27,en-US,app-crash,windows-11;thunderbird;app-crash;,BenjaminHopkinson,Thunderbird continually crashes; would it help if I downloaded Firefox?,https://support.mozilla.org/questions/1578725,os:windows,,,,,,,,1,true,1.7,False,
1578728,2026-04-27 15:35:52 -0700,2026-04-27,en-US,email-and-messaging,thunderbird;email-and-messaging;,linsee,"I have an email X@plethora.net, which I read on Thunderbird. I would separate windows for two other email addresses",https://support.mozilla.org/questions/1578728,,,,,m:gmail,,,,6,true,44.47,False,
1578731,2026-04-27 15:53:26 -0700,2026-04-27,en-US,passwords-and-sign-in,thunderbird;passwords-and-sign-in;,terryhdavies258,I am having an Installation problem with Thunderbird to my Imac.,https://support.mozilla.org/questions/1578731,,,,,m:gmail;m:microsoftemail,,,,1,true,44.25,False,
1578735,2026-04-27 15:59:32 -0700,2026-04-27,en-US,connectivity,windows-11;thunderbird;connectivity;,danielf1216,Thunderbird - Sending e-mails stopped working,https://support.mozilla.org/questions/1578735,,,,,m:microsoftemail,,proto:smtp,,0,false,,False,
1578741,2026-04-27 16:45:46 -0700,2026-04-27,en-US,tags,thunderbird;tags;,thearborist,Adding a (searchable) comment to incoming emails.,https://support.mozilla.org/questions/1578741,,,,,,,,,1,true,0.5,False,
1578743,2026-04-27 16:58:03 -0700,2026-04-27,en-US,profiles,windows-11;thunderbird;profiles;,samorner,Multiple accounts,https://support.mozilla.org/questions/1578743,,,,,,,,,3,true,0.14,False,
1578749,2026-04-27 17:13:58 -0700,2026-04-28,en-US,import-and-export-settings,windows-1011;thunderbird;import-and-export-settings;,saroj3,Best practice using Thunderbird on 2 computers with Linux.,https://support.mozilla.org/questions/1578749,os:linux,,,,,,,,3,true,18.94,False,
1578769,2026-04-27 18:32:44 -0700,2026-04-28,en-US,customization,windows-11;thunderbird;customization;,wgerst,Is there a different format available to receive emails - mine have changed to small lines of words not very readable.,https://support.mozilla.org/questions/1578769,,,,,m:yahooemail,,,,4,true,0.3,True,rednoise
1578789,2026-04-27 20:25:26 -0700,2026-04-28,en-US,install,linux;thunderbird;install;,lyle.beaman,Thunderbird icon missing (Version 150.0 on Ubuntu 24.04),https://support.mozilla.org/questions/1578789,os:linux,,,,m:microsoftemail,,,,1,false,,True,lyle.beaman
1578791,2026-04-27 20:43:19 -0700,2026-04-28,en-US,send-and-receive-email,windows-11;thunderbird;send-and-receive-email;,dmurley1,Connection to pop.gvtc.com was reset,https://support.mozilla.org/questions/1578791,os:linux,,,,,,proto:smtp;proto:pop,,0,false,,False,
1578792,2026-04-27 20:52:18 -0700,2026-04-28,en-US,send-and-receive-email,windows-11;thunderbird;send-and-receive-email;,charlie3451,All of a sudden Thunderbird won't get my incoming emails from att.net. How to fix?,https://support.mozilla.org/questions/1578792,,,,,m:yahooemail,isp:att,,,1,true,4.62,False,
1578797,2026-04-27 21:28:06 -0700,2026-04-28,pt-BR,send-and-receive-email,windows-11;thunderbird;send-and-receive-email;,frank348,Problem SMTP / kinghost,https://support.mozilla.org/questions/1578797,,,,,m:gmail,,proto:smtp,,0,false,,False,
1578805,2026-04-27 23:25:28 -0700,2026-04-28,en-US,email-and-messaging,thunderbird;email-and-messaging;,dmillert,"With newly updated thunderbird on m4 airlock: Subject doesn't match message panel, and correspondents are sometime rando",https://support.mozilla.org/questions/1578805,,,,,,,,,0,false,,False,
1578806,2026-04-27 23:26:11 -0700,2026-04-28,en-US,email-and-messaging,thunderbird;email-and-messaging;,dmillert,"With newly updated thunderbird on m4 airlock: Subject doesn't match message panel, and correspondents are sometime rando",https://support.mozilla.org/questions/1578806,,,,,,,,,1,true,11.02,False,
1578810,2026-04-28 00:37:51 -0700,2026-04-28,en-US,import-and-export-email,windows-10;thunderbird;import-and-export-email;,lin.may60,From 9.5.26 moving to new provider of email messaging will my messages continue through Mozilla successfully and automat,https://support.mozilla.org/questions/1578810,,,,,,,,,1,true,0.6,False,
1578811,2026-04-28 00:41:01 -0700,2026-04-28,it,send-and-receive-email,android;thunderbird;send-and-receive-email;,flvgiovani,Inviare mail dal proprio account duck.com,https://support.mozilla.org/questions/1578811,,,,,,,,,1,true,6.92,False,
1578824,2026-04-28 03:10:31 -0700,2026-04-28,en-US,account-management,thunderbird;account-management;,aball2,"I deleted an email account ***@gmail.com I am no longer authorized to use. I persistently receive Google ""Verification"" ",https://support.mozilla.org/questions/1578824,,,,,m:gmail,,,,1,true,8.91,False,
1578837,2026-04-28 05:23:21 -0700,2026-04-28,en-US,customization,windows-11;thunderbird;customization;,amprince49,Number of new emails in taskbar icon,https://support.mozilla.org/questions/1578837,,,,,,,,,1,true,8.04,False,
1578849,2026-04-28 07:52:04 -0700,2026-04-28,en-US,crashing-and-slow-performance,windows-11;thunderbird;crashing-and-slow-performance;,hsny7743,メールボックスにメールを書き込めませんでした。ファイルシステムに書き込み権限があるか、ディスクに十分な空き容量があるか確認してください。の警告が出て、メールのダウンロードが出来ない。解除の仕方を教えて下さい,https://support.mozilla.org/questions/1578849,,,,,,,,,0,false,,False,
1578850,2026-04-28 08:08:11 -0700,2026-04-28,nl,events,windows-11;thunderbird;events;,digipostben,een e-mail converteren naar een gebeurtenis - datum,https://support.mozilla.org/questions/1578850,,,,,,,,,1,true,1.26,False,
1578857,2026-04-28 09:08:03 -0700,2026-04-28,es,reset-passwords,windows-10;thunderbird;reset-passwords;needsinfo;,anna34,He olvidado mi contraseña y no puedo iniciar sesión en thunderbird,https://support.mozilla.org/questions/1578857,,,,,,,,,1,true,14.38,False,
1578862,2026-04-28 09:35:31 -0700,2026-04-28,en-US,import-and-export-email,windows-11;thunderbird;import-and-export-email;,wolvercote-john,Recovering Thunderbird off broken laptop,https://support.mozilla.org/questions/1578862,,,,,,,,,1,true,2.44,False,
1578864,2026-04-28 09:40:26 -0700,2026-04-28,en-US,customization,linux;thunderbird;customization;,Shad.ibna,Feature Request: A native system tray (AppIndicator) integration,https://support.mozilla.org/questions/1578864,os:linux,,,,,,,,2,true,0.74,False,
1578872,2026-04-28 10:04:24 -0700,2026-04-28,en-US,events,windows-11;thunderbird;events;,digipostben,Visible date,https://support.mozilla.org/questions/1578872,,,,,,,,,0,false,,False,
1578876,2026-04-28 10:43:34 -0700,2026-04-28,es,passwords-and-sign-in,windows-11;thunderbird;passwords-and-sign-in;needsinfo;,info13984,me da error al poner la contraseña del mail de mi pagina web,https://support.mozilla.org/questions/1578876,,,,,,,,,1,true,37.85,False,
1578884,2026-04-28 11:50:18 -0700,2026-04-28,en-US,connectivity,windows-10;thunderbird;connectivity;,juergengoering,Aktiver Ordner im Smartphone wird im Laptop gesperrt dargestellt.,https://support.mozilla.org/questions/1578884,,,,,,,,,0,false,,False,
1578888,2026-04-28 12:22:47 -0700,2026-04-28,en-US,account-management,thunderbird;account-management;,sangram.aglave,I am unable to add outlook.com using new account hub,https://support.mozilla.org/questions/1578888,,,,,m:microsoftemail,,,,3,true,1.4,True,Fylvara
1578890,2026-04-28 12:33:13 -0700,2026-04-28,it,attachments,windows-10;thunderbird;attachments;,domenicorosati,lettura delle PEC,https://support.mozilla.org/questions/1578890,,,,,,,,,4,true,0.45,True,@next
1578899,2026-04-28 13:50:04 -0700,2026-04-28,pt-BR,email-and-messaging,windows-11;thunderbird;email-and-messaging;,victoralves2014,Uma pasta despareceu,https://support.mozilla.org/questions/1578899,,,,,,,,,0,false,,False,
1578901,2026-04-28 13:58:24 -0700,2026-04-28,en-US,customization,windows-11;thunderbird;customization;,yankj491,How do I turn on Smart Quotes for my emails?,https://support.mozilla.org/questions/1578901,,,,,,,,,3,true,0.55,True,davidsk
1578906,2026-04-28 14:19:10 -0700,2026-04-28,en-US,connectivity,thunderbird;connectivity;,dzsy2m5pkm,After update Thunderbird 140esr and 150 under MAC OS 12.7.5 and also under Yahoo doesn't connect to provider.,https://support.mozilla.org/questions/1578906,os:macos,,,,m:yahooemail,,,,0,false,,False,
1578910,2026-04-28 14:37:45 -0700,2026-04-28,en-US,send-and-receive-email,windows-10;thunderbird;send-and-receive-email;,rziwani,Cannot send emails from Sympatico with T-bird anymore....,https://support.mozilla.org/questions/1578910,,,,,m:microsoftemail,isp:bell,proto:smtp,,8,true,5.78,False,
1578912,2026-04-28 14:42:38 -0700,2026-04-28,en-US,contacts,windows-11;thunderbird;contacts;,treasurer20,Importing contact list,https://support.mozilla.org/questions/1578912,,,,,,,,,1,true,0.63,False,
1578918,2026-04-28 15:02:08 -0700,2026-04-28,en-US,account-management,windows-11;thunderbird;account-management;,fso1985,"the new ""experimental"" account center doesn't work (version 150.0)",https://support.mozilla.org/questions/1578918,,,,,,,,,4,true,0.29,False,
1578925,2026-04-28 15:26:15 -0700,2026-04-28,en-US,update,firefox-1500;windows-11;thunderbird;update;,micronpcowner,Thunderbird won't download update even though it shows a new version available,https://support.mozilla.org/questions/1578925,,,,,,,,,4,true,0.28,False,
1578927,2026-04-28 15:32:47 -0700,2026-04-28,en-US,email-and-messaging,linux;thunderbird;email-and-messaging;,LouisWAdamsJr,Lost Thunderbird Local Folder,https://support.mozilla.org/questions/1578927,os:linux,,,,,,proto:pop,,2,true,3.97,True,LouisWAdamsJr
1578928,2026-04-28 15:35:24 -0700,2026-04-28,en-US,email-and-messaging,windows-11;thunderbird;email-and-messaging;,leanapache,"deleted items do not go to trash, sent items do not go to sent folder",https://support.mozilla.org/questions/1578928,,,,,,,,,1,true,0.76,False,
1578936,2026-04-28 16:36:51 -0700,2026-04-28,en-US,send-and-receive-email,windows-11;thunderbird;send-and-receive-email;,rich111,messages  don't load up all the time,https://support.mozilla.org/questions/1578936,,,,,,,,,0,false,,False,
1578938,2026-04-28 16:39:35 -0700,2026-04-28,en-US,email-and-messaging,thunderbird;email-and-messaging;,bsavich,Unable to add Outlook email account to Thunderbird,https://support.mozilla.org/questions/1578938,,,,,m:gmail;m:microsoftemail,,,,2,true,0.09,True,Fylvara
1578939,2026-04-28 16:56:39 -0700,2026-04-28,it,app-crash,windows-11;thunderbird;app-crash;needsinfo;,itriano.cubeddu,ho perso quasi 30 anni di mail,https://support.mozilla.org/questions/1578939,,,,,m:gmail,,,,1,true,14.46,True,@next
1578950,2026-04-28 17:45:13 -0700,2026-04-29,en-US,customization,windows-11;thunderbird;customization;,dennisrling,how to place the contents of emails below the email list,https://support.mozilla.org/questions/1578950,,,,,,,,,8,true,0.16,False,
1578952,2026-04-28 17:51:24 -0700,2026-04-29,en-US,connectivity,windows-11;thunderbird;connectivity;,paulgaynor,Installation issue,https://support.mozilla.org/questions/1578952,,,,,,,,,1,true,0.57,False,
1578968,2026-04-28 19:53:55 -0700,2026-04-29,en-US,customization,windows-11;thunderbird;customization;,Rickhart,"I have split viwing pane, but the preview on the right has an overlap so I can't see / preview the email.",https://support.mozilla.org/questions/1578968,,,,,,,,,1,true,0.42,False,
1578977,2026-04-28 21:51:54 -0700,2026-04-29,en-US,update,windows-11;thunderbird;update;,JonathanWexler,"bored with getting ""You have launched an older version...""",https://support.mozilla.org/questions/1578977,os:windows,,,,,,proto:pop,,2,true,4.14,False,
1578978,2026-04-28 22:00:28 -0700,2026-04-29,en-US,passwords-and-sign-in,windows-11;thunderbird;passwords-and-sign-in;,gsmcq,I am unable to add any of my accounts.  Thunderbird doesn't recognize password,https://support.mozilla.org/questions/1578978,,,,,,,,,1,true,4.27,False,
1578982,2026-04-28 22:19:57 -0700,2026-04-29,en-US,crashing-and-slow-performance,linux;thunderbird;crashing-and-slow-performance;,FirefoxSync96,High CPU Usage on Linux,https://support.mozilla.org/questions/1578982,os:linux,,,,,,,,0,false,,False,
1579004,2026-04-29 01:27:50 -0700,2026-04-29,en-US,send-and-receive-email,windows-11;thunderbird;send-and-receive-email;,bkjc56,Thunderbird will not login to Optimum mail,https://support.mozilla.org/questions/1579004,,,,,,isp:optimum,,,1,true,0.3,False,
1579007,2026-04-29 01:58:03 -0700,2026-04-29,en-US,send-and-receive-email,windows-11;thunderbird;send-and-receive-email;,rich111,Thunderbired mail will not  load up,https://support.mozilla.org/questions/1579007,,,,,,,,,0,false,,False,
1579013,2026-04-29 02:42:16 -0700,2026-04-29,en-US,encryption,windows-11;thunderbird;encryption;,willma.waswissen,"Digital signing and encrypting : Where can I see/read what EXACTLY causes an ""Invalid Signature"" of/in an received mail ",https://support.mozilla.org/questions/1579013,,,,,m:microsoftemail,,,,4,true,0.68,False,
1579018,2026-04-29 03:13:13 -0700,2026-04-29,en-US,junk-mail-and-spam,windows-11;thunderbird;junk-mail-and-spam;,don187,Anti-spam program that learns,https://support.mozilla.org/questions/1579018,,,,,,,,,5,true,8.38,True,don187
1579026,2026-04-29 04:10:18 -0700,2026-04-29,en-US,installation-and-updates,thunderbird;installation-and-updates;,clintoconner2,TB for Mac - lost connection to all my email accounts and all my email records,https://support.mozilla.org/questions/1579026,,,,,,,,,17,true,7.39,True,Mapenzi
1579027,2026-04-29 04:16:41 -0700,2026-04-29,en-US,send-and-receive-email,windows-11;thunderbird;send-and-receive-email;,formbyd,"I tried to send an email to 12 recients and got a message ""to many recipents"";",https://support.mozilla.org/questions/1579027,,,,,,,,,2,true,7.42,False,
1579033,2026-04-29 05:17:42 -0700,2026-04-29,en-US,send-and-receive-email,windows-10;thunderbird;send-and-receive-email;,firefox2007,How do I create mail filters with wildcarded parts?,https://support.mozilla.org/questions/1579033,,,,,,,,,3,true,1.71,False,
1579047,2026-04-29 07:25:24 -0700,2026-04-29,en-US,calendar,windows-11;thunderbird;calendar;,st11,Thunderbird does not show icloud Birthday Calender,https://support.mozilla.org/questions/1579047,,,,,,,,,0,false,,False,
1579052,2026-04-29 08:23:24 -0700,2026-04-29,en-US,junk-mail-and-spam,linux;thunderbird;junk-mail-and-spam;,Andrew3142,[SPAM] ending up not marked as Junk so TB not learning what's Junk,https://support.mozilla.org/questions/1579052,,,,,,,,,0,false,,False,
1579056,2026-04-29 08:42:23 -0700,2026-04-29,en-US,accessibility,android;thunderbird;accessibility;,pete.sewell,"Trying to start using this on desktop and android, but cant get past this error",https://support.mozilla.org/questions/1579056,,,,,,,,,6,true,2.81,False,
1579060,2026-04-29 10:17:57 -0700,2026-04-29,en-US,send-and-receive-email,windows-11;thunderbird;send-and-receive-email;,GRM39,A new lap top will send but not recieve on thunderbird,https://support.mozilla.org/questions/1579060,,,,,m:gmail;m:microsoftemail,,proto:pop,,0,false,,False,
1579068,2026-04-29 11:30:07 -0700,2026-04-29,en-US,customization,linux;thunderbird;customization;,mozmos,How can I make my reply to appear on top of original one instead of underneath?,https://support.mozilla.org/questions/1579068,,,,,,,,,12,true,0.06,False,
1579079,2026-04-29 12:48:27 -0700,2026-04-29,es,send-and-receive-email,android;thunderbird;send-and-receive-email;needsinfo;,marayhada57,No llegan mails si no actualizo,https://support.mozilla.org/questions/1579079,,,,,,,,,5,true,57.99,False,
1579080,2026-04-29 12:50:26 -0700,2026-04-29,en-US,send-and-receive-email,windows-11;thunderbird;send-and-receive-email;,dbsoccer,I can't connect to the outgoing server.,https://support.mozilla.org/questions/1579080,,,,,,,,,0,false,,False,
1579083,2026-04-29 13:05:57 -0700,2026-04-29,en-US,email-and-messaging,windows-11;thunderbird;email-and-messaging;,bshonbeck,No longer can drag and drop multiple local folders,https://support.mozilla.org/questions/1579083,os:windows,,,,,,,,0,false,,False,
1579092,2026-04-29 13:51:55 -0700,2026-04-29,en-US,send-and-receive-email,windows-11;thunderbird;send-and-receive-email;,susanne34,How can I send emails on behalf of someone else?,https://support.mozilla.org/questions/1579092,,,,,,,,,0,false,,False,
1579093,2026-04-29 13:52:15 -0700,2026-04-29,en-US,update,windows-11;thunderbird;update;,adapsteve,cannot open thunderbird since last update,https://support.mozilla.org/questions/1579093,,,,,,,,av:malwarebytes,0,false,,False,
1579098,2026-04-29 14:02:40 -0700,2026-04-29,en-US,customization,windows-1011;thunderbird;customization;,relativevalue1,customize reading pane tools in v 150,https://support.mozilla.org/questions/1579098,,,,,,,,,3,true,6.17,True,relativevalue1
1579101,2026-04-29 14:16:34 -0700,2026-04-29,en-US,send-and-receive-email,windows-10;thunderbird;send-and-receive-email;,elliot15,"How do I view the messages referenced by the dialogue asking me ""Do you want to send your unsent messages now?""",https://support.mozilla.org/questions/1579101,,,,,,,,,4,true,17.74,True,siffemoz
1579102,2026-04-29 14:16:50 -0700,2026-04-29,nl,profiles,windows-11;thunderbird;profiles;,IngridW,Import Thunderbird profile back-up doesn't work,https://support.mozilla.org/questions/1579102,,,,,,,,,1,true,1.03,False,
1579107,2026-04-29 14:42:29 -0700,2026-04-29,en-US,email-and-messaging,windows-11;thunderbird;email-and-messaging;,ideas1,My inbox Sub Folders have disappeared on one computer only (Windows 11),https://support.mozilla.org/questions/1579107,os:windows,,,,,,,,0,false,,False,
1579112,2026-04-29 15:15:52 -0700,2026-04-29,en-US,account-management,windows-11;thunderbird;account-management;,bufordoftexas,Can not remove email account no longer using.,https://support.mozilla.org/questions/1579112,,,,,m:gmail,,,,3,true,4.74,False,
1579114,2026-04-29 15:35:05 -0700,2026-04-29,en-US,passwords-and-sign-in,windows-11;thunderbird;passwords-and-sign-in;,peter.petropoulos1,Always see my passwords,https://support.mozilla.org/questions/1579114,,,,,,,,,1,true,18.63,False,
1579115,2026-04-29 15:35:14 -0700,2026-04-29,en-US,passwords-and-sign-in,windows-11;thunderbird;passwords-and-sign-in;,mjdavis1,can't access aol after thunderbird upgrade,https://support.mozilla.org/questions/1579115,,,,,,,,,0,false,,False,
1579118,2026-04-29 15:52:08 -0700,2026-04-29,en-US,customization,windows-10;thunderbird;customization;,mummy179,I can't open links in any of my emails.,https://support.mozilla.org/questions/1579118,,,,,,,,,0,false,,False,
1579119,2026-04-29 15:56:14 -0700,2026-04-29,en-US,connectivity,thunderbird;connectivity;,mozilla.recolor097,502 Bad Gateway nginx/1.29.8 Error after authorizing Google permissions,https://support.mozilla.org/questions/1579119,,,,,,,,,0,false,,False,
1579120,2026-04-29 15:59:16 -0700,2026-04-29,it,email-and-messaging,windows-10;thunderbird;email-and-messaging;,domenicorosati,Cartella non si cancella,https://support.mozilla.org/questions/1579120,,,,,,,,,3,true,0.67,False,
1579125,2026-04-29 16:16:31 -0700,2026-04-29,en-US,send-and-receive-email,thunderbird-1500;windows-11;thunderbird;send-and-receive-email;,logsafe,'Unable to connect'!!!,https://support.mozilla.org/questions/1579125,,,,,,,,,6,true,0.32,False,
1579138,2026-04-29 17:25:52 -0700,2026-04-30,pt-BR,customization,thunderbird-1500;windows-10;thunderbird;customization;,caio2211,"Notificações de emails - mesmo com o programa ""fechado""",https://support.mozilla.org/questions/1579138,,,,,,,,,0,false,,False,
1579144,2026-04-29 17:47:27 -0700,2026-04-30,it,email-and-messaging,thunderbird-14091;thunderbird-1409;thunderbird;email-and-messaging;needsinfo;,elenascolari,come recuperare un account cancellato?,https://support.mozilla.org/questions/1579144,,,,,,,,,1,true,2.74,False,
1579151,2026-04-29 18:04:28 -0700,2026-04-30,en-US,search,thunderbird-1400;windows-11;thunderbird;search;,kanlukasz,How to create Quick filter by sender,https://support.mozilla.org/questions/1579151,,,,,,,,,4,true,8.36,False,
1579154,2026-04-29 18:14:39 -0700,2026-04-30,en-US,import-and-export-email,thunderbird-1500;thunderbird;import-and-export-email;,mhmholdings2026,It seems to stop transferring data from the old email to the new one intermittently,https://support.mozilla.org/questions/1579154,,,,,,,,,1,true,23.88,False,
1579156,2026-04-29 18:20:40 -0700,2026-04-30,en-US,passwords-and-sign-in,firefox-1500;windows-11;thunderbird;passwords-and-sign-in;,mortganeles,mozilla authentication failure,https://support.mozilla.org/questions/1579156,,,,,,,,,1,true,0.58,False,
1579160,2026-04-29 18:29:30 -0700,2026-04-30,en-US,junk-mail-and-spam,thunderbird-140100;thunderbird-14010;windows-11;thunderbird;junk-mail-and-spam;,mozilla830,All incoming mail now gets marked as SPAM in Thunderbird,https://support.mozilla.org/questions/1579160,os:windows,,,,,,proto:imap,,4,true,0.48,False,
1579202,2026-04-29 22:27:14 -0700,2026-04-30,en-US,calendar,thunderbird-1470;windows-10;thunderbird;calendar;,R1B3a,can thunderbird calendar show time of day,https://support.mozilla.org/questions/1579202,,,,,,,,,1,true,3.79,True,sfhowes
1579209,2026-04-29 23:10:35 -0700,2026-04-30,en-US,update,thunderbird-1500;windows-11;unsupported-locale;thunderbird;update;,smw.isaev,Почему при регистрации нескольких учетных записей появляется ошибка ВАШ БРАУЗЕР УСТАРЕЛ ?,https://support.mozilla.org/questions/1579209,,,,,,,,,1,true,34.92,False,
1579221,2026-04-30 00:25:05 -0700,2026-04-30,en-US,junk-mail-and-spam,thunderbird;junk-mail-and-spam;,gjknowles,Why is Thunderbird deleting e-mails in junk folder in front of my eyes and have them completely disappear from all my Th,https://support.mozilla.org/questions/1579221,,,,,,,,,3,true,16.53,False,
1579249,2026-04-30 07:06:25 -0700,2026-04-30,en-US,calendar,thunderbird-1500;windows-11;thunderbird;calendar;,markus.fehn,Completed todos disappear in Tasks list of CalDAV calendar (TB 150.0),https://support.mozilla.org/questions/1579249,,,,,m:gmx,,proto:caldav,,0,false,,False,
1579253,2026-04-30 07:32:22 -0700,2026-04-30,en-US,passwords-and-sign-in,thunderbird-1400;linux;thunderbird;passwords-and-sign-in;,ibahnasy1,Feature Request: Use passkey to unlock stored accounts,https://support.mozilla.org/questions/1579253,,,,,,,,,1,true,10.1,False,
1579255,2026-04-30 07:41:33 -0700,2026-04-30,en-US,passwords-and-sign-in,windows-11;thunderbird;passwords-and-sign-in;,jbrown144,Thunderbird is not recognising my BT account password,https://support.mozilla.org/questions/1579255,os:linux,,,,m:gmail,isp:btinternet,,,1,true,25.86,False,
1579261,2026-04-30 08:30:12 -0700,2026-04-30,en-US,send-and-receive-email,thunderbird-14902;thunderbird-1490;windows-11;thunderbird;send-and-receive-email;,sergeyscd,after the last update I can't send emails.,https://support.mozilla.org/questions/1579261,,,,,m:gmail,,proto:smtp,,2,true,9.05,False,
1579264,2026-04-30 08:48:38 -0700,2026-04-30,en-US,send-and-receive-email,thunderbird;send-and-receive-email;,herzog.nora,Send Message Error only when sending mail using a SoGO acount,https://support.mozilla.org/questions/1579264,,,,,,,,,1,true,8.73,False,
1579268,2026-04-30 09:04:58 -0700,2026-04-30,it,reset-passwords,thunderbird-140100;thunderbird-14010;thunderbird;reset-passwords;,carioni.crema,Gestione password,https://support.mozilla.org/questions/1579268,,,,,,,,,5,true,0.17,False,
1579274,2026-04-30 10:13:50 -0700,2026-04-30,it,events,thunderbird-140100;thunderbird-14010;windows-10;thunderbird;events;,info13998,Problema scadenze calendario locale,https://support.mozilla.org/questions/1579274,,,,,,,,,0,false,,False,
1579283,2026-04-30 11:51:11 -0700,2026-04-30,en-US,import-and-export-email,thunderbird-1500;windows-11;thunderbird;import-and-export-email;,rmsiyer,downloading approximately 35 gb of emails with attachments in yahoo.,https://support.mozilla.org/questions/1579283,,,,,m:yahooemail,,,,3,true,0.83,False,
1579290,2026-04-30 12:46:23 -0700,2026-04-30,it,email-and-messaging,thunderbird-140100;thunderbird-14010;windows-11;thunderbird;email-and-messaging;needsinfo;,AMMINISTRAZIONE109,sono scomparse tutte le cartelle da me create per posta inviate e ricevuta,https://support.mozilla.org/questions/1579290,,,,,,,,,1,true,19.44,False,
1579295,2026-04-30 13:16:06 -0700,2026-04-30,en-US,send-and-receive-email,thunderbird-50;windows-1011;thunderbird;send-and-receive-email;,bobwil200,I am deleting emails and they reappear,https://support.mozilla.org/questions/1579295,,,,,m:gmail,,,,2,true,4.21,False,
1579296,2026-04-30 13:18:20 -0700,2026-04-30,en-US,themes,windows-11;thunderbird;themes;,loopygram1,A Theme is causing problems,https://support.mozilla.org/questions/1579296,,,,,,,,,6,true,18.96,True,davidsk
1579300,2026-04-30 13:28:44 -0700,2026-04-30,en-US,send-and-receive-email,windows-11;thunderbird;send-and-receive-email;,jessicackillian,I need Thunderbird assistance.,https://support.mozilla.org/questions/1579300,,,,,,,,,3,true,1.54,False,
1579308,2026-04-30 14:16:28 -0700,2026-04-30,en-US,email-and-messaging,thunderbird-140100;thunderbird-14010;linux;thunderbird;email-and-messaging;,LouisW,I don't understand what has happened to my Thunderbird email. It all changed and I can't even find or read messange. Mor,https://support.mozilla.org/questions/1579308,,,,,,,,,1,true,52.79,False,
1579311,2026-04-30 14:28:34 -0700,2026-04-30,nl,customization,windows-11;thunderbird;customization;,robdv10,"Goedendag, ik hebt problemen met iets uitprinten van e-mails vanuit Thunderbird, ik krijg allemaal regels die niet gepri",https://support.mozilla.org/questions/1579311,,,,,,,,,1,true,18.29,True,markh2
1579312,2026-04-30 14:41:46 -0700,2026-04-30,en-US,send-and-receive-email,thunderbird-140100;thunderbird-14010;windows-11;thunderbird;send-and-receive-email;,prepress4,Keep getting an error message when mail comes into my inbox,https://support.mozilla.org/questions/1579312,,,,,,,,,1,true,2.67,False,
1579313,2026-04-30 14:44:42 -0700,2026-04-30,en-US,send-and-receive-email,thunderbird-14902;thunderbird-1490;windows-11;thunderbird;send-and-receive-email;,steenkh,"Can't get mail anymore because of ""Unable to write the email to the mailbox"".",https://support.mozilla.org/questions/1579313,,,,,,,proto:pop,,5,true,2.54,True,MattAuSupport
1579315,2026-04-30 14:49:01 -0700,2026-04-30,en-US,import-and-export-email,thunderbird-1500;windows-11;thunderbird;import-and-export-email;,floyd6789,I need to restore my Thunderbird Locals from an Acronis cloud backup from my crashed computer to a new computer with Thu,https://support.mozilla.org/questions/1579315,os:windows,,,,,,,,3,true,0.16,False,
1579329,2026-04-30 16:03:16 -0700,2026-04-30,en-US,undefined,windows-11;thunderbird;undefined;,jack.mckay81,How to stop monthly donations to Thunderbird,https://support.mozilla.org/questions/1579329,,,,,,,,,12,true,0.23,True,wsmwk
