id,created,created_date,locale,topic,tags,creator,title,question_url,os,os_raw,macos_release,tb_version,tb_version_major,mail_provider,protocol,av,num_answers,is_answered,first_answer_hours,is_solved,solved_by
1579394,2026-05-01T01:09:03.655614Z,2026-05-01,en-US,email-and-messaging,thunderbird;windows-10;email-and-messaging;thunderbird-1500;,n4aof,"Thunderbird has suddenly gone insane -- ""From"" information wrong in the header pane",https://support.mozilla.org/questions/1579394,os:windows,Windows 10,,150.0,150,,,,3,true,141.77,True,rednoise
1579404,2026-05-01T03:14:40.850906Z,2026-05-01,en-US,customization,thunderbird;customization;windows-11;,jlchampion,After last update email does not open as html,https://support.mozilla.org/questions/1579404,os:windows,Windows 11,,I think it is the,,,,,0,false,,False,
1579412,2026-05-01T05:25:59.902565Z,2026-05-01,en-US,send-and-receive-email,thunderbird;windows-10;send-and-receive-email;thunderbird-14010;thunderbird-140101;,almudena2,Thunderbird not receiving new emails,https://support.mozilla.org/questions/1579412,os:windows,Windows 10,,140.10.1esr,140,,,,0,false,,False,
1579419,2026-05-01T06:56:37.322556Z,2026-05-01,en-US,calendar,thunderbird;calendar;windows-11;thunderbird-1500;thunderbird-15001;,KJS-LES,Is it possible to have the calendar run as a separate app?,https://support.mozilla.org/questions/1579419,os:windows,Windows 11,,150.0.1,150,,,,0,false,,False,
1579422,2026-05-01T07:21:57.271179Z,2026-05-01,tr,customization,thunderbird;customization;windows-11;thunderbird-1500;thunderbird-15001;,harun482,SÜTUN UZUNLUKLARI,https://support.mozilla.org/questions/1579422,os:windows,Windows 11,,150.0.1,150,,,,0,false,,False,
1579425,2026-05-01T07:37:58.820932Z,2026-05-01,en-US,customization,linux;thunderbird;customization;thunderbird-140100;thunderbird-14010;,pcooper2,cant  resize T'bird window,https://support.mozilla.org/questions/1579425,os:linux,Linux,,140.10.0esr,140,,,,1,false,,False,
1579438,2026-05-01T09:40:14.871089Z,2026-05-01,en-US,email-and-messaging,thunderbird;windows-11;email-and-messaging;thunderbird-140100;thunderbird-14010;,peter298,New email account set up fails,https://support.mozilla.org/questions/1579438,os:windows,Windows 11,,140.10.0esr,140,,,,0,false,,False,
1579442,2026-05-01T09:54:00.165652Z,2026-05-01,en-US,send-and-receive-email,linux;thunderbird;send-and-receive-email;thunderbird-1490;thunderbird-14901;,gwahl2,several IMAP accounts,https://support.mozilla.org/questions/1579442,os:linux,Linux,,149.0.1esr,149,,proto:imap,,0,false,,False,
1579444,2026-05-01T09:57:52.454304Z,2026-05-01,en-US,send-and-receive-email,windows-7;thunderbird;send-and-receive-email;thunderbird-115180;thunderbird-11518;,ericathroll,authentication failure while connecting to server imap.gmail.com,https://support.mozilla.org/questions/1579444,os:windows,Windows 7,,115.18.0 64-bit,115,m:gmail,proto:imap,,0,false,,False,
1579447,2026-05-01T10:43:09.117273Z,2026-05-01,en-US,junk-mail-and-spam,thunderbird;junk-mail-and-spam;windows-1011;firefox-140100;firefox-14010_1;,ivorellis,How can I stop a certain sender's email going to Junk?,https://support.mozilla.org/questions/1579447,os:windows,Windows 10/11,,,,,,,1,true,0.74,False,
1579457,2026-05-01T11:38:16.741879Z,2026-05-01,nl,send-and-receive-email,thunderbird;needsinfo;send-and-receive-email;,maartenkouwenhoven,Waar zijn mijn berichten,https://support.mozilla.org/questions/1579457,os:other,4444,,333333,,,,,1,true,0.74,True,Mozilla-assistent
1579461,2026-05-01T12:08:32.356306Z,2026-05-01,en-US,customization,linux;thunderbird;customization;thunderbird-1500;,spartanhooah,Why does one account have a different color in the left panel?,https://support.mozilla.org/questions/1579461,os:linux,Linux,,150,150,m:gmail;m:microsoftemail,,,3,true,30.79,True,Mapenzi
1579464,2026-05-01T12:41:05.245078Z,2026-05-01,pt-BR,passwords-and-sign-in,thunderbird;passwords-and-sign-in;thunderbird-140100;thunderbird-14010;,flpchagas,Erro ao tentar adicionar contas no Thunderbird,https://support.mozilla.org/questions/1579464,os:linux,"Linux, Fedora 43 KDE",,140.10.0esr,140,m:microsoftemail,,,0,false,,False,
1579467,2026-05-01T13:31:46.036173Z,2026-05-01,en-US,contacts,linux;thunderbird;contacts;thunderbird-140100;thunderbird-14010;,henkh1,In searchresults i get a wrong to adress,https://support.mozilla.org/questions/1579467,os:linux,Linux,,140.10.0esr,140,,,,0,false,,False,
1579471,2026-05-01T13:45:44.182868Z,2026-05-01,en-US,send-and-receive-email,beta;thunderbird;send-and-receive-email;thunderbird-1500;,mihail140104,"How to solve the problem with the constant message ""No new messages to download""?",https://support.mozilla.org/questions/1579471,os:windows,"Windows 10,11",,150.0b1,150,,,,0,false,,False,
1579483,2026-05-01T16:13:47.160388Z,2026-05-01,en-US,customization,thunderbird;customization;windows-11;thunderbird-14010;thunderbird-140101;,ralphbs,I recently moved thunderbird from my Win 7 laptop to a new laptop with Win11. Folders are no longer in alphbetical order,https://support.mozilla.org/questions/1579483,os:windows,Windows 11,,140.10.1esr,140,,,,4,true,1.47,False,
1579493,2026-05-01T17:59:34.021153Z,2026-05-01,en-US,send-and-receive-email,thunderbird;send-and-receive-email;,fefortune972,Pourquoi je peux pas envoyer de mails ?..,https://support.mozilla.org/questions/1579493,,,,,,,,,1,true,24.99,False,
1579503,2026-05-01T18:44:20.811429Z,2026-05-01,en-US,customization,thunderbird;customization;windows-11;thunderbird-1500;thunderbird-15001;,mar16cha,I cannot find Unified Inbox anywhere in my Thunderbird mailbox,https://support.mozilla.org/questions/1579503,os:windows,Windows 11,,150.0.1,150,,,,2,true,0.56,False,
1579519,2026-05-01T20:23:01.099994Z,2026-05-01,en-US,email-and-messaging,thunderbird;email-and-messaging;windows-1011;,ccctriplec,Converting Outlook 365 Exchange account that used Owl Exchange to Thunderbird EWS,https://support.mozilla.org/questions/1579519,os:windows,Windows 10/11,,150.1,150,m:microsoftemail,proto:imap;proto:ews,,0,false,,False,
1579522,2026-05-01T20:53:46.487717Z,2026-05-01,en-US,crashing-and-slow-performance,thunderbird;windows-10;crashing-and-slow-performance;thunderbird-14010;thunderbird-140101;,signedbooks,Blank Tabs on top of page,https://support.mozilla.org/questions/1579522,os:windows,Windows 10,,140.10.1esr 32-bit,140,,,,1,true,10.99,False,
1579532,2026-05-01T21:58:18.661162Z,2026-05-01,en-US,import-and-export-email,thunderbird;windows-11;import-and-export-email;thunderbird-115101;thunderbird-11510;,marullo33,Help recovering emails and my folders after changing server settings,https://support.mozilla.org/questions/1579532,os:windows,Windows 11,,115.10.1,115,,,,3,true,12.69,False,
1579540,2026-05-01T23:16:36.791860Z,2026-05-01,en-US,junk-mail-and-spam,thunderbird;windows-11;junk-mail-and-spam;thunderbird-1500;thunderbird-15001;,jennifermcclellan53,"when I delete an email from my inbox, it disappears, it does not go in my trash folder",https://support.mozilla.org/questions/1579540,os:windows,Windows 11,,150.0.1,150,,,,1,true,5.45,True,rednoise
1579546,2026-05-02T00:04:29.519977Z,2026-05-02,en-US,account-management,thunderbird;windows-11;account-management;thunderbird-1500;thunderbird-15001;,mwkolber,I'm having trouble setting up a new email in Thunderbird,https://support.mozilla.org/questions/1579546,os:windows,Windows 11,,150.0.1,150,m:zoho,,,1,true,0.6,False,
1579552,2026-05-02T01:15:49.708774Z,2026-05-02,en-US,contacts,thunderbird;windows-11;contacts;thunderbird-1500;thunderbird-15001;,wdefour,email address are not showing up in new email when you type in the name,https://support.mozilla.org/questions/1579552,os:windows,Windows 11,,150.0.1,150,,,,1,true,3.93,True,rednoise
1579556,2026-05-02T02:46:05.097473Z,2026-05-02,en-US,extensions,thunderbird;windows-11;extensions;thunderbird-1500;,Rodney.III,zoom meeting add-on not working,https://support.mozilla.org/questions/1579556,os:windows,Windows 11,,150.0,150,,,,4,true,1.57,False,
1579563,2026-05-02T04:08:55.485685Z,2026-05-02,en-US,encryption,thunderbird;windows-11;encryption;thunderbird-14010;thunderbird-140101;,shirokuma,I can't click the green lock icon in the URL bar of the web browser that launches within Thunderbird.,https://support.mozilla.org/questions/1579563,os:windows,Windows 11,,140.10.1esr 64bit,140,,proto:oauth,,6,true,3.73,True,siffemoz
1579573,2026-05-02T07:09:27.254320Z,2026-05-02,en-US,account-management,thunderbird;account-management;thunderbird-140100;thunderbird-14010;,seth.pylad,Why is login credentials suddenly asked for?,https://support.mozilla.org/questions/1579573,os:linux,Linux Mint 22.3 (Cinnamon),,140.10.0esr,140,,,,1,false,,True,seth.pylad
1579578,2026-05-02T07:33:55.245474Z,2026-05-02,en-US,update,thunderbird;windows-11;update;thunderbird-1500;,vk7rb,With 150.0 when I go Help/About it comes up with restart to update and when clicked on it restarts but does not update a,https://support.mozilla.org/questions/1579578,os:windows,Windows 11,,150.0,150,,,,3,true,0.28,True,vk7rb
1579583,2026-05-02T08:35:57.894840Z,2026-05-02,en-US,junk-mail-and-spam,thunderbird;windows-10;junk-mail-and-spam;thunderbird-1500;thunderbird-15001;,pietro.borgogno,Spam Filter Issue,https://support.mozilla.org/questions/1579583,os:windows,Windows 10,,150.0.1,150,,,,1,true,2.54,False,
1579600,2026-05-02T10:46:29.176327Z,2026-05-02,en-US,import-and-export-email,thunderbird;import-and-export-email;,dropmenu,Thunderbird not reading links after update,https://support.mozilla.org/questions/1579600,os:linux,Linux mint 22.3,,140.10,140,,,,3,true,1.99,True,dropmenu
1579613,2026-05-02T13:27:12.157901Z,2026-05-02,en-US,passwords-and-sign-in,thunderbird;windows-11;passwords-and-sign-in;thunderbird-14010;thunderbird-140101;,TLRS,Thunderbird keeps asking for a password that has been saved in the Password Manager,https://support.mozilla.org/questions/1579613,os:windows,Windows 11,,140.10.1esr,140,,,,0,false,,False,
1579619,2026-05-02T14:17:00.504985Z,2026-05-02,en-US,email-and-messaging,thunderbird;windows-11;email-and-messaging;thunderbird-1500;thunderbird-15001;,tipton.harrier,Linkage to an outlook account,https://support.mozilla.org/questions/1579619,os:windows,Windows 11,,150.0.1,150,m:gmail;m:microsoftemail;m:yahooemail,,,15,true,0.92,False,
1579627,2026-05-02T15:02:24.012648Z,2026-05-02,it,junk-mail-and-spam,thunderbird;offtopic;windows-11;junk-mail-and-spam;,soldisoldiarredamentisrl,invio posta nello spam,https://support.mozilla.org/questions/1579627,os:windows,Windows 11,,Version 146.0.1,146,,,,1,true,0.04,False,
1579634,2026-05-02T15:53:00.463846Z,2026-05-02,en-US,send-and-receive-email,thunderbird;windows-11;send-and-receive-email;firefox-1500;firefox-15001;,tj28,"using thunderbird --under file tab is ""email link"" -- nolonger works with Windows 11",https://support.mozilla.org/questions/1579634,os:windows,Windows 11,,,,m:optimum,,,5,true,0.48,False,
1579654,2026-05-02T19:55:36.810688Z,2026-05-02,en-US,events,linux;thunderbird;events;thunderbird-140100;thunderbird-14010;,montro_sela,calendar import sets up but doesn't initiate,https://support.mozilla.org/questions/1579654,os:linux,Linux,,140.10.0esr,140,,,,0,false,,False,
1579664,2026-05-02T21:03:13.961113Z,2026-05-02,en-US,connectivity,thunderbird;windows-10;connectivity;thunderbird-1500;thunderbird-15001;,dsdman256,Thunderbird and connecting to hotmail very shaky and mostly unsuccessful,https://support.mozilla.org/questions/1579664,os:windows,Windows 10,,150.0.1,150,m:gmail;m:microsoftemail;m:yahooemail,,av:avast;av:comodo,1,true,4.63,False,
1579676,2026-05-03T00:41:50.315845Z,2026-05-03,en-US,customization,thunderbird;customization;windows-11;thunderbird-1500;,drlarry,"I see others in their email, have a standard ending with their credentials per se, like a ""footer"" if you will,is it pos",https://support.mozilla.org/questions/1579676,os:windows,Windows 11,,150,150,,,,2,true,0.57,False,
1579687,2026-05-03T03:23:10.745074Z,2026-05-03,en-US,customization,thunderbird;customization;thunderbird-1490;thunderbird-14901;,me511,Consitent font size across HTML mail and signature in Thunderbird,https://support.mozilla.org/questions/1579687,os:macos,Mac OS 15.7.3,,149.0.1,149,,,,5,true,7.63,True,davidsk
1579690,2026-05-03T03:43:03.331832Z,2026-05-03,en-US,email-and-messaging,thunderbird;windows-10;email-and-messaging;thunderbird-14010;thunderbird-140101;,london66,Problems adding new hotmail accounts.,https://support.mozilla.org/questions/1579690,os:windows,Windows 10,,140.10.1esr 32bit,140,m:microsoftemail,proto:imap;proto:smtp,,3,true,3.43,True,sfhowes
1579699,2026-05-03T05:10:04.817862Z,2026-05-03,en-US,account-management,thunderbird;windows-11;account-management;thunderbird-1500;thunderbird-15001;,ldeit163,"I am attempting to add an email from ""roadrunner.com"" into thunderbird.  Help  150.0.1",https://support.mozilla.org/questions/1579699,os:windows,Windows 11,,150.0.1,150,m:spectrum,,,1,true,8.43,False,
1579713,2026-05-03T07:34:11.263422Z,2026-05-03,en-US,passwords-and-sign-in,thunderbird;passwords-and-sign-in;thunderbird-140100;thunderbird-14010;,peter.wolfram2,Thunderbird: Mail account setup is failing despite correct credentials auto-detection of server profiles,https://support.mozilla.org/questions/1579713,os:linux,Linux Ubuntu 24.04.4 LTS,,140.10.0esr,140,m:gmx,,,1,true,3.79,False,
1579737,2026-05-03T11:58:02.410770Z,2026-05-03,en-US,send-and-receive-email,thunderbird;windows-11;send-and-receive-email;thunderbird-1500;thunderbird-15001;,euansuzi,holiday response,https://support.mozilla.org/questions/1579737,os:windows,Windows 11,,150.0.1,150,,,,3,true,0.15,False,
1579750,2026-05-03T14:31:45.263117Z,2026-05-03,en-US,customization,thunderbird;customization;windows-11;,guybo,stop getting the pay screen,https://support.mozilla.org/questions/1579750,os:windows,Windows 11,,newest,,,,,1,true,5.94,False,
1579753,2026-05-03T14:55:14.309305Z,2026-05-03,it,passwords-and-sign-in,thunderbird;windows-11;passwords-and-sign-in;thunderbird-1500;thunderbird-15001;,xgimon1468,Non riesco ad aggiungere l'account di gmail.com mi appare errore 400,https://support.mozilla.org/questions/1579753,os:windows,Windows 11,,150.0.1,150,m:gmail,,,2,true,2.82,True,'@next
1579758,2026-05-03T15:29:41.955647Z,2026-05-03,en-US,customization,thunderbird;customization;windows-11;thunderbird-1500;,kurero,How can I stop the synchronisation of the source email to Thunderbird desktop email?,https://support.mozilla.org/questions/1579758,os:windows,Windows 11,,150.0 64 bit,150,,,,3,true,0.75,False,
1579761,2026-05-03T15:33:18.813189Z,2026-05-03,en-US,connectivity,thunderbird;windows-10;connectivity;thunderbird-1500;thunderbird-15001;,bonniecrestlandscaping,Why am I getting this message when I try and send an email from my Mozilla email client:  Sending of the message failed.,https://support.mozilla.org/questions/1579761,os:windows,Windows 10,,150.0.1,150,m:gmail,proto:smtp,,1,true,0.64,False,
1579766,2026-05-03T16:00:35.368543Z,2026-05-03,en-US,crashing-and-slow-performance,thunderbird;crashing-and-slow-performance;thunderbird-140100;thunderbird-14010;,v.werling,"Significant issue: When Thunderbird has very little disk space left, it starts deleting stored emails!",https://support.mozilla.org/questions/1579766,os:macos,macOS 26.2,,140.10.0esr,140,,,,5,true,0.56,False,
1579775,2026-05-03T16:25:43.332738Z,2026-05-03,en-US,send-and-receive-email,thunderbird;windows-11;send-and-receive-email;thunderbird-1500;,mortensens,"Thunderbird and YouSee cannot work together, neither imap nor pop3",https://support.mozilla.org/questions/1579775,os:windows,Windows 11,,"150,0",150,,proto:imap;proto:pop,,1,true,22.6,False,
1579779,2026-05-03T16:59:53.959968Z,2026-05-03,en-US,email-and-messaging,thunderbird;windows-11;email-and-messaging;,dcal53,Sent & Draft items saved in Local Folders,https://support.mozilla.org/questions/1579779,os:windows,Windows 11,,159.0.1 64,159,,,,7,true,1.01,True,davidsk
1579780,2026-05-03T17:12:33.334453Z,2026-05-03,en-US,passwords-and-sign-in,thunderbird;android;passwords-and-sign-in;,ondate24,Password update,https://support.mozilla.org/questions/1579780,os:android,Android,,18.0,,,,,2,true,12.81,True,rednoise
1579784,2026-05-03T17:37:18.263171Z,2026-05-03,en-US,junk-mail-and-spam,thunderbird;windows-11;junk-mail-and-spam;thunderbird-11530;thunderbird-1153;,sprung,Red text fraud warnings inserted in emails,https://support.mozilla.org/questions/1579784,os:windows,Windows 11,,115.3.0,115,,,,3,true,2.53,False,
1579790,2026-05-03T18:02:11.854086Z,2026-05-03,en-US,send-and-receive-email,thunderbird;windows-11;send-and-receive-email;thunderbird-1500;,bk913,won't save drafts,https://support.mozilla.org/questions/1579790,os:windows,Windows 11,,150.0,150,,,,3,true,1.91,True,rednoise
1579812,2026-05-03T21:35:29.130244Z,2026-05-03,nl,send-and-receive-email,thunderbird;windows-11;send-and-receive-email;,baars.1,Bij doorgestuurd bericht is de nieuwe tekst niet te lezen,https://support.mozilla.org/questions/1579812,os:windows,Windows 11,,Versie 150.0.1 (64,150,,,,4,true,105.25,True,Mozilla-assistent
1579822,2026-05-03T23:12:13.922350Z,2026-05-03,en-US,update,thunderbird;windows-11;update;thunderbird-1500;thunderbird-15001;,aprock1r,Updated Thunderbird on my new Android. Checked on PC version update. Did that and it crashed.,https://support.mozilla.org/questions/1579822,os:windows,Windows 11,,150.0.1,150,m:microsoftemail,,,1,true,2.63,False,
1579842,2026-05-04T03:23:38.816468Z,2026-05-04,en-US,customization,thunderbird;customization;thunderbird-140100;thunderbird-14010;,condobloke1,Unable to open Thunderbird emails via Waterfox browser,https://support.mozilla.org/questions/1579842,os:linux,Linux Mint 22.3 cinnamon,,140.10.0esr 64-bit,140,,,,19,true,4.0,True,davidsk
1579844,2026-05-04T03:48:32.830221Z,2026-05-04,en-US,junk-mail-and-spam,thunderbird;needsinfo;windows-11;junk-mail-and-spam;thunderbird-1500;,nhwaters,Why can't I forward links from Youtube,https://support.mozilla.org/questions/1579844,os:windows,Windows 11,,150,150,,,,1,true,1.93,False,
1579858,2026-05-04T07:32:55.531016Z,2026-05-04,it,email-and-messaging,beta;thunderbird;needsinfo;windows-11;email-and-messaging;thunderbird-1510;,carbone15,Problemi con visualizzazione messaggi HTML,https://support.mozilla.org/questions/1579858,os:windows,Windows 11,,151.0b2 64 bit,151,,,,1,true,0.27,False,
1579862,2026-05-04T08:01:32.365564Z,2026-05-04,en-US,customization,thunderbird;customization;windows-11;thunderbird-14902;thunderbird-1490;,moz34,Emails set to wromg time zone,https://support.mozilla.org/questions/1579862,os:windows,Windows 11,,149.0.2,149,,,,0,false,,False,
1579880,2026-05-04T11:00:29.414178Z,2026-05-04,en-US,junk-mail-and-spam,thunderbird;windows-11;junk-mail-and-spam;,andy.cox35,my gmail emails are bounced or go into spam for all bt (btopenworld & btinternet) addresses. Is there anything I can do ,https://support.mozilla.org/questions/1579880,os:windows,Windows 11,,150.1,150,m:gmail;m:microsoftemail;m:btinternet,,,3,true,3.9,True,davidsk
1579885,2026-05-04T11:26:59.445565Z,2026-05-04,en-US,app-crash,thunderbird;windows-11;app-crash;,Solomina456,Felkod XPCOM,https://support.mozilla.org/questions/1579885,os:windows,Windows 11,,vet inte.,,,,,1,true,1.79,False,
1579887,2026-05-04T11:41:42.807542Z,2026-05-04,en-US,send-and-receive-email,thunderbird;send-and-receive-email;thunderbird-115101;thunderbird-11510;,h.malmqvist,Mixup between content and subject in e-mail,https://support.mozilla.org/questions/1579887,os:windows,Windows 10 with ESU,,115.10.1,115,,,,4,true,6.54,True,sfhowes
1579901,2026-05-04T13:28:17.476535Z,2026-05-04,en-US,reset-passwords,thunderbird;windows-10;reset-passwords;,andrew.webb33,Cannot login to Thunderbird,https://support.mozilla.org/questions/1579901,os:windows,Windows 10,,Newest,,m:microsoftemail,,,1,true,0.91,False,
1579917,2026-05-04T14:41:01.212534Z,2026-05-04,it,import-and-export-email,thunderbird;needsinfo;windows-11;import-and-export-email;thunderbird-14010;thunderbird-140101;,angela70gadaleta,non riesco ad importare le mie cartelle da file backup,https://support.mozilla.org/questions/1579917,os:windows,Windows 11,,140.10.1esr (64bit,140,,,,1,true,25.14,False,
1579922,2026-05-04T15:11:39.175362Z,2026-05-04,en-US,crashing-and-slow-performance,thunderbird;crashing-and-slow-performance;,sallymorganpt,Hi I am locked out of my thuundebird account now for over a week. I tried forced shut down restart  start I’m safe mode ,https://support.mozilla.org/questions/1579922,os:other,Ppl,,Do not know,,,,,1,true,2.18,False,
1579923,2026-05-04T15:26:46.865073Z,2026-05-04,nl,email-and-messaging,thunderbird;windows-11;email-and-messaging;thunderbird-14010;thunderbird-140101;,pvanbreugel01,hoe tweede emailadres instellen,https://support.mozilla.org/questions/1579923,os:windows,Windows 11,,140.10.1 esr,140,,,,1,true,17.34,True,markh2
1579925,2026-05-04T15:33:41.130920Z,2026-05-04,it,send-and-receive-email,thunderbird;needsinfo;windows-11;send-and-receive-email;,info14019,ci vengono rese le mail inviate,https://support.mozilla.org/questions/1579925,os:windows,Windows 11,,AIUTO,,,,,1,true,24.3,False,
1579926,2026-05-04T15:36:13.827820Z,2026-05-04,nl,email-and-messaging,thunderbird;email-and-messaging;thunderbird-14010;thunderbird-140101;,nellie.roefs,Hoe kan ik een submap terug zetten naar hoofdmap?,https://support.mozilla.org/questions/1579926,,,,140.10.1esr,140,,,,1,true,17.2,False,
1579927,2026-05-04T15:37:30.899924Z,2026-05-04,en-US,customization,thunderbird;customization;windows-11;thunderbird-1500;thunderbird-15001;,alangjones,How to stop Thunderbird printing my emails,https://support.mozilla.org/questions/1579927,os:windows,Windows 11,,150.0.1 [64-bit],150,,,,14,true,1.05,True,davidsk
1579929,2026-05-04T15:57:42.861029Z,2026-05-04,en-US,customization,thunderbird;customization;windows-11;thunderbird-1500;,cydfra,"I've got Thunderbird 150 on a new laptop. I really miss the ""message preview"" option. How can I get it back?",https://support.mozilla.org/questions/1579929,os:windows,Windows 11,,150.0,150,,,,3,true,0.61,True,rednoise
1579943,2026-05-04T17:19:23.597545Z,2026-05-04,nl,email-and-messaging,thunderbird;windows-11;email-and-messaging;thunderbird-1500;,advies1,"Ik probeer mijn zakelijke e-mail op mijn nieuwe laptop te installeren, mijn prive-email werkt gewoon goed'",https://support.mozilla.org/questions/1579943,os:windows,Windows 11,,150,150,,,,1,true,15.49,False,
1579947,2026-05-04T17:27:31.882065Z,2026-05-04,en-US,undefined,thunderbird;windows-11;undefined;firefox-1500;firefox-15001;,melanie.white,link to gifted article doesn't show up in email when I paste it,https://support.mozilla.org/questions/1579947,os:windows,Windows 11,,,,,,,2,true,5.98,False,
1579957,2026-05-04T18:03:19.798984Z,2026-05-04,en-US,passwords-and-sign-in,thunderbird;windows-11;passwords-and-sign-in;thunderbird-1500;thunderbird-15001;,dydxlaw,After moving my Thunderbird profile to a new computer none of my accounts can authenticate,https://support.mozilla.org/questions/1579957,os:windows,Windows 11,,150.0.1,150,,proto:oauth,,3,true,0.39,True,dydxlaw
1579958,2026-05-04T18:03:27.424472Z,2026-05-04,en-US,calendar,thunderbird;calendar;mac-os-x-1012;thunderbird-115180;thunderbird-11518;,mozzzz,Thunderbird - Calendars disappeared - I was sizing the screen and it sized them all the way to the right.,https://support.mozilla.org/questions/1579958,os:macos,Mac OS x 10.12,,115.18.0,115,,,,3,true,0.78,False,
1579969,2026-05-04T19:23:02.480937Z,2026-05-04,en-US,send-and-receive-email,thunderbird;windows-11;send-and-receive-email;thunderbird-1500;thunderbird-15001;,business3,Can receive e-mail but can't send,https://support.mozilla.org/questions/1579969,os:windows,Windows 11,,150.0.1,150,,proto:smtp,,3,true,1.66,True,davidsk
1579984,2026-05-04T21:45:48.817350Z,2026-05-04,en-US,customization,linux;thunderbird;customization;thunderbird-1490;,bullishbob,in typing email message how do i get single line spacing instead of two line spacing,https://support.mozilla.org/questions/1579984,os:linux,Linux,,149,149,,,,1,true,6.93,False,
1579985,2026-05-04T21:48:21.753484Z,2026-05-04,nl,send-and-receive-email,thunderbird;windows-11;send-and-receive-email;thunderbird-1490;,c.stoffels3,Hoe zet ik de optie VERZENDEN terug in plaats van LATER VERZENDEN?,https://support.mozilla.org/questions/1579985,os:windows,Windows 11,,149.0,149,,,,2,true,11.06,False,
1579986,2026-05-04T22:02:53.053681Z,2026-05-04,en-US,email-and-messaging,linux;thunderbird;email-and-messaging;thunderbird-1490;,bullishbob,my emails look perfect and then i send them and they get spread out,https://support.mozilla.org/questions/1579986,os:linux,Linux,,149,149,,,,1,true,3.27,False,
1579996,2026-05-05T00:35:42.942354Z,2026-05-05,en-US,import-and-export-email,thunderbird;windows-11;import-and-export-email;thunderbird-1500;thunderbird-15001;,jan.domney,Import more outlook accounts into the local folder in thunderbird,https://support.mozilla.org/questions/1579996,os:windows,Windows 11,,150.0.1,150,m:microsoftemail,proto:imap;proto:pop,,1,true,15.84,False,
1580004,2026-05-05T01:43:32.333726Z,2026-05-05,en-US,email-and-messaging,thunderbird;email-and-messaging;thunderbird-1500;thunderbird-15001;,inspiredmac1,Add New Folder,https://support.mozilla.org/questions/1580004,os:macos,Mac OS x 26.3.1 Tahoe,,150.0.1,150,,proto:imap,,0,false,,False,
1580007,2026-05-05T02:10:31.210742Z,2026-05-05,en-US,account-management,thunderbird;windows-11;account-management;thunderbird-1500;thunderbird-15001;,teeshcoulton,Change pop 3 to IMAP,https://support.mozilla.org/questions/1580007,os:windows,Windows 11,,150.0.1,150,,proto:imap;proto:pop,,4,true,0.08,True,teeshcoulton
1580014,2026-05-05T02:48:07.937358Z,2026-05-05,en-US,import-and-export-settings,thunderbird;windows-11;import-and-export-settings;thunderbird-1500;thunderbird-15001;,austoniac,Import does not work,https://support.mozilla.org/questions/1580014,os:windows,Windows 11,,150.0.1,150,,,,9,true,13.56,True,davidsk
1580021,2026-05-05T04:22:11.591215Z,2026-05-05,en-US,contacts,thunderbird;windows-10;contacts;thunderbird-140100;thunderbird-14010;,mrBo,The carddav address book is not syncing.,https://support.mozilla.org/questions/1580021,os:windows,Windows 10,,140.10.0esr,140,,proto:carddav,,0,false,,False,
1580036,2026-05-05T06:44:01.198921Z,2026-05-05,en-US,security,thunderbird;security;thunderbird-1500;,mikael.k.adolfsson,Thunderbird for Android security,https://support.mozilla.org/questions/1580036,os:android,Android 16,,150.0,150,m:gmail,,,1,true,4.48,True,Googlethunderbird.
1580037,2026-05-05T06:47:08.846600Z,2026-05-05,hu,customization,thunderbird;customization;windows-11;,szerviz,Moving emails to recent folders now has less options,https://support.mozilla.org/questions/1580037,os:windows,Windows 11,,150.01,150,,,,1,false,,True,szerviz
1580052,2026-05-05T10:28:56.636020Z,2026-05-05,en-US,send-and-receive-email,thunderbird;windows-10;send-and-receive-email;thunderbird-14010;thunderbird-140101;,AlanGallon,I am trying to add my outlook.com e-mail to Thunderbird.,https://support.mozilla.org/questions/1580052,os:windows,Windows 10,,140.10.1esr,140,m:microsoftemail,,,10,true,5.49,True,christ1
1580061,2026-05-05T11:08:18.666072Z,2026-05-05,en-US,send-and-receive-email,thunderbird;windows-10;send-and-receive-email;thunderbird-1500;thunderbird-15001;,awakum0v.sergey,I can't send a message from a shared email,https://support.mozilla.org/questions/1580061,os:windows,Windows 10,,150.0.1,150,,,,4,true,5.36,True,davidsk
1580062,2026-05-05T11:16:31.226507Z,2026-05-05,en-US,customization,thunderbird;customization;windows-11;thunderbird-14010;thunderbird-140101;,cecece17,Wehere is the settings to not select the next email and mark as read after deleting the currently opened email?,https://support.mozilla.org/questions/1580062,os:windows,Windows 11,,140.10.1esr,140,,,,11,true,5.19,False,
1580072,2026-05-05T12:20:30.859644Z,2026-05-05,en-US,send-and-receive-email,thunderbird;windows-11;send-and-receive-email;thunderbird-1500;thunderbird-15001;,frankfischermusik,in den Ordnern veschwinden die mails,https://support.mozilla.org/questions/1580072,os:windows,Windows 11,,150.0.1 64 bit,150,m:gmail;m:vodafone,,,0,false,,False,
1580081,2026-05-05T12:31:05.838609Z,2026-05-05,en-US,encryption,thunderbird;needsinfo;windows-10;encryption;,ratzleone,"why and I getting the message ""the certificate for imap.gmail.com does not come from a trusted source""",https://support.mozilla.org/questions/1580081,os:windows,Windows 10,,I don't know,,m:gmail,proto:imap,,1,true,2.77,True,meskobalazs
1580084,2026-05-05T12:40:21.044960Z,2026-05-05,fi,send-and-receive-email,thunderbird;windows-11;send-and-receive-email;thunderbird-1500;,erkki.tuppurainen,Why does Thunderbird not send messages,https://support.mozilla.org/questions/1580084,os:windows,Windows 11,,150.0,150,,,,0,false,,False,
1580085,2026-05-05T12:43:32.616418Z,2026-05-05,en-US,junk-mail-and-spam,thunderbird;windows-11;junk-mail-and-spam;,dagmarbuse,"my emails disappear for no reason, and trash can't be emptied. Why?",https://support.mozilla.org/questions/1580085,os:windows,Windows 11,,150.01,150,,,,0,false,,False,
1580088,2026-05-05T13:12:59.488552Z,2026-05-05,en-US,send-and-receive-email,thunderbird;windows-10;send-and-receive-email;thunderbird-14010;thunderbird-140101;,rifleman.milford,TB tries to send email from the wrong server  and the wrong email address,https://support.mozilla.org/questions/1580088,os:windows,Windows 10,,140.10.1esr (64-bi,140,m:gmail;m:yahooemail;m:verizon,proto:smtp,,2,true,2.82,True,Toad-Hall
1580102,2026-05-05T14:01:40.444844Z,2026-05-05,en-US,send-and-receive-email,thunderbird;windows-11;send-and-receive-email;,david1102,"When I have sent an email is there anywhere I can see what I have sent, including blind copy recipients?",https://support.mozilla.org/questions/1580102,os:windows,Windows 11,,N/a,,,,,2,true,0.91,True,davidsk
1580103,2026-05-05T14:04:38.828090Z,2026-05-05,en-US,search,thunderbird;windows-11;search;,david1102,All emails from/to one address,https://support.mozilla.org/questions/1580103,os:windows,Windows 11,,N/a,,,,,8,true,0.84,True,davidsk
1580106,2026-05-05T14:14:25.824622Z,2026-05-05,en-US,send-and-receive-email,windows-7;thunderbird;send-and-receive-email;thunderbird-115180;thunderbird-11518;,william67,I want Thunderbird to not include previous emails when I reply,https://support.mozilla.org/questions/1580106,os:windows,Windows 7,,115.18.0,115,,,,1,true,0.63,False,
1580119,2026-05-05T15:38:34.754900Z,2026-05-05,it,send-and-receive-email,thunderbird;windows-10;send-and-receive-email;thunderbird-1500;thunderbird-15001;,per.loris,perché riesco più a visualizzare la mia posta?,https://support.mozilla.org/questions/1580119,os:windows,Windows 10,,150.0.1,150,,,,1,true,0.43,False,
1580121,2026-05-05T15:48:22.402716Z,2026-05-05,en-US,send-and-receive-email,thunderbird;windows-11;send-and-receive-email;thunderbird-1500;thunderbird-15001;,damurrs,Stop downloading archived gmails to thunderbird POP,https://support.mozilla.org/questions/1580121,os:windows,Windows 11,,150.0.1 32bit,150,m:gmail,proto:imap;proto:pop,,13,true,3.15,False,
1580135,2026-05-05T17:07:09.265793Z,2026-05-05,en-US,customization,thunderbird;customization;windows-11;thunderbird-1500;thunderbird-15001;,arunas2,Order of manually sorted folders keeps changing after restarting Thunderbird.,https://support.mozilla.org/questions/1580135,os:windows,Windows 11,,150.0.1,150,,,,6,true,14.49,False,
1580138,2026-05-05T17:16:25.532540Z,2026-05-05,en-US,send-and-receive-email,thunderbird;windows-11;send-and-receive-email;,bensrosen,Is Thunderbird designed to work well with iCloud Mail on Windows 11 PC ?,https://support.mozilla.org/questions/1580138,os:windows,Windows 11,,n/a,,m:icloud,,,0,false,,False,
1580139,2026-05-05T17:16:32.752594Z,2026-05-05,en-US,import-and-export-email,thunderbird;windows-11;import-and-export-email;thunderbird-1500;thunderbird-15001;,dcal53,Can I backup my Local Folders?,https://support.mozilla.org/questions/1580139,os:windows,Windows 11,,150.0.1 64-bit,150,,,,2,true,0.21,True,dcal53
1580156,2026-05-05T18:36:12.830308Z,2026-05-05,en-US,customization,linux;thunderbird;customization;thunderbird-14010;thunderbird-140101;,nedj10,Is there a way to assign tabs in the tool bar to specific inbox folders similar to how Gmail USED to do it?,https://support.mozilla.org/questions/1580156,os:linux,Linux,,140.10.1esr 64b,140,m:gmail,,,1,true,220.38,False,
1580158,2026-05-05T18:42:37.954220Z,2026-05-05,en-US,account-management,thunderbird;windows-11;account-management;thunderbird-140100;thunderbird-14010;,tonymnace,Can't Remove Unused Accounts,https://support.mozilla.org/questions/1580158,os:windows,Windows 11,,140.10.0esr 64-bit,140,,,,3,true,0.6,False,
1580162,2026-05-05T19:09:18.860079Z,2026-05-05,en-US,email-and-messaging,thunderbird;windows-11;email-and-messaging;thunderbird-1500;,gjveerman,Hoe krijg ik de verdwenen mappen onder Postvak IN terug?,https://support.mozilla.org/questions/1580162,os:windows,Windows 11,,150,150,,,,1,true,2.88,False,
1580165,2026-05-05T19:22:31.715239Z,2026-05-05,en-US,email-and-messaging,thunderbird;windows-11;email-and-messaging;,lpvmc,"Deleted folder, containing subfolders, from Local Folders",https://support.mozilla.org/questions/1580165,os:windows,Windows 11,,Th 150.0.1,150,,,,17,true,1.41,True,lpvmc
1580171,2026-05-05T20:00:58.684712Z,2026-05-05,en-US,customization,thunderbird;customization;,al.bert,"thunderbird, multiple mailbox by manual configuration, (under linux mint)",https://support.mozilla.org/questions/1580171,os:linux,"Linux Mint, Mozilla Thunderbird Flatpak en-US thunderbird-flatpak - 1.0",,ver. 140.10.1esr,140,,proto:smtp;proto:pop,,2,true,0.94,False,
1580176,2026-05-05T20:40:40.779159Z,2026-05-05,en-US,send-and-receive-email,beta;thunderbird;windows-10;send-and-receive-email;thunderbird-1500;,genea692,"i try to delete email from my folders and all mails but they wont delete, plus one account to full and cant receive any ",https://support.mozilla.org/questions/1580176,os:windows,Windows 10,,150.0b1,150,,,,1,true,9.44,False,
1580181,2026-05-05T21:28:50.896153Z,2026-05-05,en-US,send-and-receive-email,thunderbird;mac-os-x-1015;send-and-receive-email;thunderbird-1500;thunderbird-15001;,rosemarierussell33,Login fails on one of my accounts. It was working before.,https://support.mozilla.org/questions/1580181,os:macos,Mac OS x 10.15,,150.0.1,150,m:yahooemail,,,1,false,,False,
1580187,2026-05-05T21:57:18.190156Z,2026-05-05,en-US,connectivity,thunderbird;windows-11;connectivity;thunderbird-1500;thunderbird-15001;,sunphoenix,"Adding hotmail (live, outlook) accounts to Thunderbird",https://support.mozilla.org/questions/1580187,os:windows,Windows 11,,150.0.1,150,m:gmail;m:microsoftemail,proto:imap;proto:oauth,,4,true,10.54,False,
1580192,2026-05-05T22:17:37.027522Z,2026-05-05,en-US,email-and-messaging,thunderbird;email-and-messaging;thunderbird-14902;thunderbird-1490;,4nz4js6zkh,Thunderbird trashed my inbox emails on iMac Sonoma. Need to recover Inbox.,https://support.mozilla.org/questions/1580192,os:macos,Mac OS x 114.8.5,macos:sonoma,149.0.2,149,,,,0,false,,False,
1580203,2026-05-06T00:57:04.372721Z,2026-05-06,en-US,import-and-export-settings,thunderbird;import-and-export-settings;thunderbird-1500;thunderbird-15001;,SpaceCrawler,Cannot transfer profile/emails from one computer to another,https://support.mozilla.org/questions/1580203,os:macos,mac os Tahoe 26.3.1,,150.0.1,150,,,,3,true,4.59,False,
1580207,2026-05-06T01:30:21.184697Z,2026-05-06,es,customization,thunderbird;customization;windows-11;thunderbird-1500;thunderbird-15001;,alessandra.tiribocchi,Customización de la bandeja de entrada,https://support.mozilla.org/questions/1580207,os:windows,Windows 11,,150.0.1,150,,,,1,true,71.68,False,
1580225,2026-05-06T06:08:48.141506Z,2026-05-06,it,send-and-receive-email,beta;thunderbird;offtopic;windows-11;send-and-receive-email;thunderbird-1500;,pino.moroni,errore in Invio Posta,https://support.mozilla.org/questions/1580225,os:windows,Windows 11,,150.0b1.,150,,proto:smtp;proto:pop,,1,true,1.16,False,
1580235,2026-05-06T06:57:49.861067Z,2026-05-06,en-US,send-and-receive-email,thunderbird;windows-11;send-and-receive-email;thunderbird-14010;thunderbird-140101;,ajbouman18,I have 2 accounts: a reply on a mail from account A comes in acount B,https://support.mozilla.org/questions/1580235,os:windows,Windows 11,,140.10.1esr,140,,,,4,true,4.9,False,
1580240,2026-05-06T07:46:13.227564Z,2026-05-06,en-US,settings,linux;thunderbird;settings;needsinfo;thunderbird-1490;thunderbird-14901;,theking2,Where can I find documentation how this works?,https://support.mozilla.org/questions/1580240,os:linux,Linux,,149.0.1,149,,,,8,true,0.16,False,
1580247,2026-05-06T08:50:00.703617Z,2026-05-06,en-US,encryption,thunderbird;windows-11;encryption;thunderbird-1500;thunderbird-15001;,peter.orzewski,"New Security Codes for vodafonemail.de, TLS Code not in Thunderbird available",https://support.mozilla.org/questions/1580247,os:windows,Windows 11,,150.0.1,150,m:vodafone,proto:imap;proto:smtp,,5,true,0.58,True,peter.orzewski
1580249,2026-05-06T09:08:13.165410Z,2026-05-06,en-US,send-and-receive-email,thunderbird;send-and-receive-email;thunderbird-1500;thunderbird-15001;,zoe12,Why have all my folders disappeared apart from my inbox?,https://support.mozilla.org/questions/1580249,os:macos,Mac OS Tahoe 26.2,,150.0.1,150,,,,1,true,60.08,False,
1580256,2026-05-06T10:06:11.060910Z,2026-05-06,en-US,account-management,thunderbird;windows-10;account-management;thunderbird-100;,opsworldmarine,i need thunderbird account setting please help me i hope,https://support.mozilla.org/questions/1580256,os:windows,Windows 10,,10 & 11,,,,,1,true,0.96,True,christ1
1580258,2026-05-06T10:28:39.970988Z,2026-05-06,cs,email-and-messaging,thunderbird;windows-11;email-and-messaging;thunderbird-1500;,marekruzicka90,Problém s Archivovanou poštou.,https://support.mozilla.org/questions/1580258,os:windows,Windows 11,,150,150,,,,1,true,27.07,False,
1580262,2026-05-06T11:10:39.150527Z,2026-05-06,en-US,settings,thunderbird;settings;windows-10;thunderbird-115110;thunderbird-11511;,cavern,welche dateien müssen beim umzug auf eine neuere Version von thunderbird portable kopiert werden? -  Which files need to,https://support.mozilla.org/questions/1580262,os:windows,Windows 10,,115.11.0,115,,,,1,true,20.4,False,
1580263,2026-05-06T11:26:50.763532Z,2026-05-06,en-US,send-and-receive-email,thunderbird;windows-11;send-and-receive-email;thunderbird-1500;thunderbird-15001;,roger197,Sending of the message failed. ... Relay access denied.,https://support.mozilla.org/questions/1580263,os:windows,Windows 11,,150.0.1,150,,,,1,true,0.22,True,davidsk
1580274,2026-05-06T12:28:26.757221Z,2026-05-06,nl,email-and-messaging,thunderbird;windows-11;email-and-messaging;,rvdplas,"hoe los ik ""edit conflicts"" op",https://support.mozilla.org/questions/1580274,os:windows,Windows 11,,Thunderbird 150.0.,150,,,,5,true,2.54,True,Mozilla-assistent
1580277,2026-05-06T12:35:24.498513Z,2026-05-06,en-US,calendar,thunderbird;calendar;windows-1011;thunderbird-14010;thunderbird-140101;,lehoux,"Calendar sync error: ""status.Settings.138""",https://support.mozilla.org/questions/1580277,os:windows,Windows 10/11,,140.10.1,140,m:gmail;m:microsoftemail,,,2,true,5.87,True,lehoux
1580280,2026-05-06T13:22:21.203087Z,2026-05-06,en-US,accounts,thunderbird;accounts;windows-11;,troyconnor531962vet,thunderbird will not verify a new account keeps saying that the account and password are incorrect,https://support.mozilla.org/questions/1580280,os:windows,Windows 11,,150.0.01,150,m:microsoftemail,,,1,true,93.46,False,
1580282,2026-05-06T13:29:26.314850Z,2026-05-06,it,send-and-receive-email,thunderbird;windows-11;send-and-receive-email;thunderbird-1500;thunderbird-15001;,claudiobosco1956,messaggio di errore,https://support.mozilla.org/questions/1580282,os:windows,Windows 11,,150.0.1,150,,proto:smtp,,1,true,1.23,False,
1580285,2026-05-06T13:51:27.211960Z,2026-05-06,en-US,account-management,thunderbird;windows-11;account-management;thunderbird-1500;thunderbird-15001;,ssbarning,Synchronization & Storage settings for EWS accounts,https://support.mozilla.org/questions/1580285,os:windows,Windows 11,,150.0.1,150,m:microsoftemail,proto:ews,,2,true,5.1,False,
1580293,2026-05-06T14:19:36.797319Z,2026-05-06,en-US,contacts,thunderbird;windows-11;contacts;,je01,Continually get message from Thunderbird:  https://p123-contacts.icloud.com is requesting your username and password.,https://support.mozilla.org/questions/1580293,os:windows,Windows 11,,unknown,,m:icloud,,,0,false,,False,
1580299,2026-05-06T14:47:08.461508Z,2026-05-06,en-US,send-and-receive-email,thunderbird;windows-11;send-and-receive-email;thunderbird-1500;thunderbird-15001;,wolfepackfarm,Imcoming emails are not displayed correctly and links don't work.,https://support.mozilla.org/questions/1580299,os:windows,Windows 11,,150.0.1 64 bit,150,m:gmail,,,5,true,0.28,True,wolfepackfarm
1580300,2026-05-06T14:56:21.616074Z,2026-05-06,en-US,email-and-messaging,thunderbird;mac-os-x-1014;email-and-messaging;thunderbird-115101;thunderbird-11510;,Divedeputy,Where do Draft messages go when they are (accidentally) deleted?,https://support.mozilla.org/questions/1580300,os:macos,Mac OS x 10.14,,115.10.1 64 bit,115,,,,6,true,1.22,True,mozilla98
1580301,2026-05-06T15:09:22.103166Z,2026-05-06,en-US,profiles,thunderbird;needsinfo;profiles;windows-1011;thunderbird-14080;thunderbird-1408;,videojockey2002,Mailboxes Catastrophically Deleted If Thunderbird Opened In Offline Mode After Profile Location Change,https://support.mozilla.org/questions/1580301,os:windows,Windows 10/11,,140.8.0esr (64-bit,140,m:gmail;m:microsoftemail,proto:imap,,2,true,91.64,False,
1580306,2026-05-06T15:28:30.225495Z,2026-05-06,en-US,customization,thunderbird;customization;windows-11;thunderbird-1500;thunderbird-15001;,jfadams52,Inbox folder has moved from top position.,https://support.mozilla.org/questions/1580306,os:windows,Windows 11,,150.0.1,150,,,,10,true,0.36,False,
1580308,2026-05-06T15:41:37.281208Z,2026-05-06,en-US,customization,thunderbird;customization;windows-11;,paul.riter.bronx.ny,Why won't my filter ignore Re in Subject,https://support.mozilla.org/questions/1580308,os:windows,Windows 11,,Don't know,,,,,3,true,89.14,False,
1580317,2026-05-06T16:36:30.171356Z,2026-05-06,it,email-and-messaging,thunderbird;windows-10;email-and-messaging;thunderbird-1500;thunderbird-15001;,per.loris,non riesco ad aprire le directory di posta in arrivo,https://support.mozilla.org/questions/1580317,os:windows,Windows 10,,150.0.1,150,,,,1,true,13.85,False,
1580322,2026-05-06T16:47:12.655641Z,2026-05-06,en-US,send-and-receive-email,thunderbird;windows-11;send-and-receive-email;thunderbird-1500;thunderbird-15001;,mragir,"In one email account the arriving messages arrive shown as ""read"".  before they showed ""unread"" and were bold.  I've tri",https://support.mozilla.org/questions/1580322,os:windows,Windows 11,,150.0.1,150,,,,1,true,87.92,False,
1580325,2026-05-06T17:28:06.720316Z,2026-05-06,en-US,contacts,thunderbird;windows-11;contacts;thunderbird-1500;,nancy9,I'm getting the wrong correspondent listed for some emails.,https://support.mozilla.org/questions/1580325,os:windows,Windows 11,,150.0,150,,,,4,true,0.48,False,
1580326,2026-05-06T17:33:46.351864Z,2026-05-06,en-US,passwords-and-sign-in,thunderbird;windows-11;passwords-and-sign-in;thunderbird-1500;thunderbird-15001;,elke_surf,"I installed thunderbird 150 and get always an authentication error, when adding a new account",https://support.mozilla.org/questions/1580326,os:windows,Windows 11,,150.0.1,150,,proto:imap;proto:smtp,,3,true,0.37,True,elke_surf
1580327,2026-05-06T17:41:26.470470Z,2026-05-06,nl,customization,thunderbird;customization;,rudall,Thunderbird for Android gecombineerd postvakken-in,https://support.mozilla.org/questions/1580327,os:android,Android 15,,18.0,,,,,1,true,12.38,False,
1580352,2026-05-06T19:26:43.164510Z,2026-05-06,en-US,send-and-receive-email,thunderbird;windows-11;send-and-receive-email;thunderbird-1500;thunderbird-15001;,matosdejuan,"i can receive emails but cannot sent, password problem",https://support.mozilla.org/questions/1580352,os:windows,Windows 11,,150.0.1,150,m:gmail,proto:smtp;proto:pop,,1,true,0.81,False,
1580355,2026-05-06T19:35:36.166797Z,2026-05-06,en-US,send-and-receive-email,thunderbird;send-and-receive-email;thunderbird-14010;thunderbird-140101;,rachelb2,Thunderbird will no longer save copies of send emails if they contain anything other than simple text.,https://support.mozilla.org/questions/1580355,os:windows,Windows 11 Pro,,140.10.1esr,140,,,,3,true,0.63,False,
1580361,2026-05-06T20:15:19.606059Z,2026-05-06,en-US,encryption,thunderbird;windows-11;encryption;thunderbird-1500;thunderbird-15001;,assprofevil,Problem using public key for s/mime,https://support.mozilla.org/questions/1580361,os:windows,Windows 11,,150.0.1,150,,,,0,false,,False,
1580362,2026-05-06T20:16:04.622550Z,2026-05-06,en-US,send-and-receive-email,thunderbird;windows-11;send-and-receive-email;thunderbird-1500;thunderbird-15001;,leifsvensen,cannot send out email to new Yahoo server and thunderbird does not ask for a password when I open it up.,https://support.mozilla.org/questions/1580362,os:windows,Windows 11,,150.0.1,150,m:yahooemail;m:comcast,proto:smtp,,2,true,83.44,False,
1580363,2026-05-06T20:18:50.892466Z,2026-05-06,en-US,send-and-receive-email,thunderbird;windows-11;send-and-receive-email;,wolf-schindler,"income messages take a long time, pop up in folder for a glimpse or short time, suddenly the folder is totally empty, al",https://support.mozilla.org/questions/1580363,os:windows,Windows 11,,140.8 .0esr,140,m:vodafone,,,1,true,39.09,True,Mapenzi
1580364,2026-05-06T20:26:57.280276Z,2026-05-06,en-US,attachments,thunderbird;windows-11;attachments;firefox-1500;firefox-15001;,bonniehazelett,"I have an email attachment that I can't open, it is from a reliable source, last part is rs6.net",https://support.mozilla.org/questions/1580364,os:windows,Windows 11,,,,,,,1,true,1.08,False,
1580365,2026-05-06T20:50:56.654964Z,2026-05-06,pt-BR,passwords-and-sign-in,thunderbird;windows-10;passwords-and-sign-in;thunderbird-9120;thunderbird-912;,deivid.678,estou tentado acessar o programa qndo pede a senha das credenciais aparece uma nova pagina escrito about:blanck,https://support.mozilla.org/questions/1580365,os:windows,Windows 10,,91.2.0,,m:yahooemail,,,0,false,,False,
1580366,2026-05-06T20:56:09.506952Z,2026-05-06,en-US,contacts,thunderbird;windows-11;contacts;thunderbird-1500;thunderbird-15001;,mlcrsc,How to add a contact to a mailing list,https://support.mozilla.org/questions/1580366,os:windows,Windows 11,,150.0.1,150,,,,1,true,0.05,False,
1580369,2026-05-06T21:18:32.684218Z,2026-05-06,nl,calendar,thunderbird;calendar;windows-11;thunderbird-1500;thunderbird-15001;,josvdh,Agenda Thunderbird zegt dat mijn synology kalender momenteel niet beschikbaar is,https://support.mozilla.org/questions/1580369,os:windows,Windows 11,,150.0.1,150,m:microsoftemail,,,8,true,8.79,False,
1580374,2026-05-06T21:49:46.308115Z,2026-05-06,en-US,account-management,thunderbird;windows-11;account-management;,reeseandbarb671,How do I get rid of a pop up window,https://support.mozilla.org/questions/1580374,os:windows,Windows 11,,140.10,140,m:gmail,,,1,true,1.42,False,
1580383,2026-05-06T22:51:02.847990Z,2026-05-06,en-US,send-and-receive-email,thunderbird;windows-10;send-and-receive-email;firefox-1490;,mat5,thunderbird will not send emails,https://support.mozilla.org/questions/1580383,os:windows,Windows 10,,,,,,,1,true,80.83,False,
1580385,2026-05-07T00:04:46.540291Z,2026-05-07,en-US,send-and-receive-email,thunderbird;windows-10;send-and-receive-email;thunderbird-14010;thunderbird-140101;,adamf1,My sent e-mails are going in to sent box of a different e-mail address I have,https://support.mozilla.org/questions/1580385,os:windows,Windows 10,,140.10.1esr (32 bi,140,,,,6,true,10.25,False,
1580386,2026-05-07T01:07:11.885772Z,2026-05-07,en-US,email-and-messaging,thunderbird;windows-11;email-and-messaging;thunderbird-1500;thunderbird-15001;,info12868,送受信メールが消えた - Sent and received emails have disappeared,https://support.mozilla.org/questions/1580386,os:windows,Windows 11,,150.0.1,150,,,,1,true,81.63,False,
1580403,2026-05-07T05:34:49.364453Z,2026-05-07,en-US,attachments,thunderbird;windows-10;attachments;thunderbird-1500;thunderbird-15001;,25282,Attached emails in eml format sent from Yandex Mail are not opened.,https://support.mozilla.org/questions/1580403,os:windows,Windows 10,,150.0.1,150,m:gmail;m:yandex,,,3,true,69.44,True,25282
1580409,2026-05-07T06:18:33.714755Z,2026-05-07,en-US,passwords-and-sign-in,thunderbird;windows-11;passwords-and-sign-in;thunderbird-140100;thunderbird-14010;,humphries.edwin,Repeated Google Auth requests,https://support.mozilla.org/questions/1580409,os:windows,Windows 11,,140.10.0esr-bb21,140,m:gmail,,,1,true,67.77,False,
1580411,2026-05-07T06:39:33.234650Z,2026-05-07,it,passwords-and-sign-in,thunderbird;needsinfo;windows-10;passwords-and-sign-in;,axeralfa,apertura account non riuscito,https://support.mozilla.org/questions/1580411,os:windows,Windows 10,,,,,,,1,true,0.3,True,'@next
1580416,2026-05-07T07:16:17.839098Z,2026-05-07,en-US,events,linux;thunderbird;events;thunderbird-140100;thunderbird-14010;,lilly,Lightning calendar converts single RDATE to multiple and does not consider PERIOD,https://support.mozilla.org/questions/1580416,os:linux,Linux,,140.10.0esr,140,,,,0,false,,False,
1580419,2026-05-07T07:39:45.049756Z,2026-05-07,en-US,send-and-receive-email,thunderbird;windows-10;send-and-receive-email;thunderbird-1500;thunderbird-15001;,jenny11,Compose email or reply email with funny character,https://support.mozilla.org/questions/1580419,os:windows,Windows 10,,150.0.1,150,,,,1,true,11.68,True,sfhowes
1580422,2026-05-07T08:04:22.671434Z,2026-05-07,en-US,attachments,thunderbird;windows-11;attachments;thunderbird-1500;thunderbird-15001;,hertfelder0911,Fehler beim herunterladen von PDF Dateien,https://support.mozilla.org/questions/1580422,os:windows,Windows 11,,150.0.1 64 bit,150,m:tonline,,,1,true,71.54,False,
1580423,2026-05-07T08:14:02.535784Z,2026-05-07,en-US,send-and-receive-email,thunderbird;windows-10;send-and-receive-email;thunderbird-115180;thunderbird-11518;,bill393,Vanishing emails,https://support.mozilla.org/questions/1580423,os:windows,Windows 10,,115.18.0,115,,,,1,true,52.2,False,
1580428,2026-05-07T09:09:27.015137Z,2026-05-07,en-US,send-and-receive-email,thunderbird;windows-10;send-and-receive-email;,rummel.hans,"Ich empfange seit kurzem keine E-Mails mehr auf meinem Thunderbird Programm, bitte helfen sie mir, Danke.",https://support.mozilla.org/questions/1580428,os:windows,Windows 10,,Unbekannt !,,,,,1,true,0.92,False,
1580432,2026-05-07T09:36:07.752568Z,2026-05-07,it,send-and-receive-email,thunderbird;send-and-receive-email;thunderbird-1500;thunderbird-15001;,depaoliale,Invio Pec in stato di avanzamento,https://support.mozilla.org/questions/1580432,os:windows,Windows 11 PRO,,150.0.1,150,,proto:imap,,1,true,4.64,False,
1580436,2026-05-07T10:45:51.664792Z,2026-05-07,nl,send-and-receive-email,thunderbird;windows-11;send-and-receive-email;thunderbird-14010;thunderbird-140101;,anthonydutch,Hoe gehele Yahoo webmail Postvak IN in Mozilla Thunderbird downloaden? (nu slechts 10000 van 155000 mails in Mozilla bin,https://support.mozilla.org/questions/1580436,os:windows,Windows 11,,140.10.1esr,140,m:yahooemail,,,2,true,3.63,False,
1580444,2026-05-07T11:49:15.110980Z,2026-05-07,it,send-and-receive-email,thunderbird;windows-11;send-and-receive-email;,catiniki,Non trovo più tantissimi messaggi di posta ricevuti; li vedo solo dal 30 marzo  2026.,https://support.mozilla.org/questions/1580444,os:windows,Windows 11,,MSIX-1.0,,,,,5,true,0.58,False,
1580452,2026-05-07T12:39:24.662620Z,2026-05-07,en-US,update,thunderbird;windows-11;update;thunderbird-1500;thunderbird-15001;,wizardorder,Thunderbird completely changes format with each update and loses my receipts,https://support.mozilla.org/questions/1580452,os:windows,Windows 11,,150.0.1,150,,,,5,true,1.63,False,
1580453,2026-05-07T13:06:18.551585Z,2026-05-07,en-US,import-and-export-settings,thunderbird;import-and-export-settings;windows-1011;thunderbird-1500;thunderbird-15001;,Alan37,Unexpected Backup Behaviour,https://support.mozilla.org/questions/1580453,os:windows,Windows 10/11,,150.0.1,150,,,,3,true,1.08,True,davidsk
1580456,2026-05-07T13:25:48.336407Z,2026-05-07,nl,passwords-and-sign-in,thunderbird;passwords-and-sign-in;thunderbird-1500;thunderbird-15001;,janvanderplank,"Het teken ""verwijderen"" blijft rood na het invullen van alle gegevens",https://support.mozilla.org/questions/1580456,os:other,W11,,150.0.1,150,,,,1,true,16.63,False,
1580460,2026-05-07T13:55:03.944641Z,2026-05-07,en-US,customization,thunderbird;customization;windows-11;thunderbird-1500;thunderbird-15001;,Alan37,Message Filters Poltergeist,https://support.mozilla.org/questions/1580460,os:windows,Windows 11,,150.0.1,150,,proto:imap,,6,true,3.27,True,Googlethunderbird.
1580478,2026-05-07T15:34:50.624387Z,2026-05-07,en-US,send-and-receive-email,thunderbird;windows-11;send-and-receive-email;thunderbird-1500;thunderbird-15001;,leegold,can't send mail,https://support.mozilla.org/questions/1580478,os:windows,Windows 11,,150.0.1,150,,,,10,true,0.45,False,
1580486,2026-05-07T16:09:56.410783Z,2026-05-07,en-US,email-and-messaging,thunderbird;email-and-messaging;thunderbird-100;,opsworldmarine,we are looking for my Mozilla thunderbird email account complete doing it i need,https://support.mozilla.org/questions/1580486,os:other,I need mozilla thunderbird email account complete setting need,,10 & 11,,,,,1,true,0.34,False,
1580494,2026-05-07T16:50:12.263970Z,2026-05-07,en-US,send-and-receive-email,thunderbird;windows-11;send-and-receive-email;thunderbird-1500;thunderbird-15001;,sharper3,Help configuring alternate/secondary identities,https://support.mozilla.org/questions/1580494,os:windows,Windows 11,,150.0.1,150,m:gmail,,,3,true,45.0,True,sharper3
1580497,2026-05-07T17:01:06.116879Z,2026-05-07,en-US,settings,thunderbird;settings;windows-11;thunderbird-14010;thunderbird-140101;,suttonpothier,140.10.1esr on Windows 11 Has Major Issues with Interface,https://support.mozilla.org/questions/1580497,os:windows,Windows 11,,140.10.1esr,140,,,,1,true,0.4,False,
1580512,2026-05-07T18:27:30.810060Z,2026-05-07,en-US,send-and-receive-email,thunderbird;send-and-receive-email;thunderbird-14010;thunderbird-140101;,norisezp2,Thunderbird 150 not supporting comcast.net account with yahoo backing.,https://support.mozilla.org/questions/1580512,os:windows,Linux & Windows 11,,140.10.1 & 150.0.1,140,m:gmail;m:yahooemail;m:comcast,,,1,true,48.05,False,
1580514,2026-05-07T18:45:20.669954Z,2026-05-07,it,account-management,thunderbird;account-management;,provamatteo64,Need help for removing one email from my thunderbird account (keep asking password),https://support.mozilla.org/questions/1580514,os:macos,Mac OS x 10_15_7,,150.01,150,,,,4,true,44.27,False,
1580525,2026-05-07T19:28:09.575860Z,2026-05-07,en-US,passwords-and-sign-in,thunderbird;windows-11;passwords-and-sign-in;thunderbird-1500;thunderbird-15001;,weswrit,Thunderbird will not like with Gmail acct after Google password change,https://support.mozilla.org/questions/1580525,os:windows,Windows 11,,150.0.1,150,m:gmail,proto:imap,,2,true,0.74,True,rednoise
1580537,2026-05-07T21:10:05.535886Z,2026-05-07,en-US,search,thunderbird;search;windows-1011;thunderbird-14010;thunderbird-140101;,joerauh,large email database search hangs,https://support.mozilla.org/questions/1580537,os:windows,Windows 10/11,,140.10.1esr,140,,,,1,true,0.25,False,
1580539,2026-05-07T21:39:27.280364Z,2026-05-07,en-US,app-crash,thunderbird;windows-10;app-crash;,mike.knowles,"I have accidentally opened up hundreds of mail I meant to delete. I cannot access my emails, Thunderbird keeps failing t",https://support.mozilla.org/questions/1580539,os:windows,Windows 10,,Latest,,,,,2,true,1.8,True,rednoise
1580551,2026-05-07T23:53:05.537386Z,2026-05-07,en-US,update,thunderbird;update;thunderbird-1400;,paul.warner.5dogs,latest  version of thunderbird for Linux mint??,https://support.mozilla.org/questions/1580551,os:linux,Linux Mint,,140,140,m:microsoftemail,,,3,true,11.7,False,
1580556,2026-05-08T00:42:50.473153Z,2026-05-08,en-US,customization,thunderbird;windows-10;customization;thunderbird-1500;thunderbird-15001;,theoryshaw,Turn off red email count on the taskbar icon,https://support.mozilla.org/questions/1580556,os:windows,Windows 10,,150.0.1,150,,,,3,true,10.54,False,
1580558,2026-05-08T00:55:24.493740Z,2026-05-08,en-US,profiles,thunderbird;needsinfo;windows-11;profiles;thunderbird-140100;thunderbird-14010;,Art74,moved to a different disk drive,https://support.mozilla.org/questions/1580558,os:windows,Windows 11,,140.10.0esr (64-bi,140,,,,13,true,10.24,True,davidsk
1580568,2026-05-08T03:24:15.355112Z,2026-05-08,en-US,update,thunderbird;update;thunderbird-14010;thunderbird-140101;,madmikie70,got an update for thunderbird now have a different program removed all settings,https://support.mozilla.org/questions/1580568,os:linux,Linux Lmde 6 debian,,140.10.1esr (64bit,140,,,,2,true,7.41,False,
1580570,2026-05-08T04:01:35.124204Z,2026-05-08,en-US,customization,thunderbird;windows-10;customization;thunderbird-1500;thunderbird-15001;,n4aof,Which installed fonts will Thunderbird actually use?,https://support.mozilla.org/questions/1580570,os:windows,Windows 10,,150.0.1,150,,,,3,true,6.62,True,MattAuSupport
1580585,2026-05-08T07:18:49.304405Z,2026-05-08,it,reset-passwords,thunderbird;windows-10;reset-passwords;,osvapira,ho dimenticato la mia password principale,https://support.mozilla.org/questions/1580585,os:windows,windows 10,,non lo so,,,,,1,true,1.94,False,
1580588,2026-05-08T08:24:59.785297Z,2026-05-08,en-US,send-and-receive-email,thunderbird;windows-11;send-and-receive-email;thunderbird-1500;,tamgoog,"Using TB, I get a message saying ""no messages to download"" yet I know there messages on the website",https://support.mozilla.org/questions/1580588,os:windows,Windows 11,,150.0,150,,,,1,true,28.18,False,
1580595,2026-05-08T09:23:52.932363Z,2026-05-08,en-US,account-management,thunderbird;windows-11;account-management;thunderbird-1500;thunderbird-15001;,can.deniz8080,Fehlermeldung bei der Authentifizierung,https://support.mozilla.org/questions/1580595,os:windows,Windows 11,,150.0.1,150,,,,1,true,26.95,False,
1580601,2026-05-08T10:50:14.965203Z,2026-05-08,es,import-and-export-email,thunderbird;windows-11;import-and-export-email;,antonio.fueyorodriguez,Import a pst file,https://support.mozilla.org/questions/1580601,os:windows,Windows 11,,La última,,m:gmail;m:microsoftemail,,,3,true,13.31,True,pcp04
1580613,2026-05-08T11:39:20.462479Z,2026-05-08,en-US,send-and-receive-email,thunderbird;send-and-receive-email;windows-1011;thunderbird-1500;thunderbird-15001;,aveleks.tagil,не отправляются письма gmail.com,https://support.mozilla.org/questions/1580613,os:windows,Windows 10/11,,150.0.1,150,m:gmail,,,1,true,0.87,False,
1580622,2026-05-08T12:41:34.297307Z,2026-05-08,en-US,send-and-receive-email,linux;thunderbird;send-and-receive-email;thunderbird-14080;thunderbird-1408;,britman1,Scheduled checking of emails for some accounts only on certain days,https://support.mozilla.org/questions/1580622,os:linux,Linux,,140.8.0esr (64-bit,140,,,,7,true,3.31,False,
1580627,2026-05-08T13:31:14.323717Z,2026-05-08,it,account-management,thunderbird;account-management;windows-1011;,adariva0021,come cancellare un account thunderbind,https://support.mozilla.org/questions/1580627,os:windows,Windows 10/11,,,,,,,1,true,2.16,False,
1580628,2026-05-08T13:31:20.802975Z,2026-05-08,it,account-management,thunderbird;account-management;windows-1011;,adariva0021,come cancellare un account thunderbind,https://support.mozilla.org/questions/1580628,os:windows,Windows 10/11,,,,,,,1,true,2.18,False,
1580640,2026-05-08T14:27:22.620899Z,2026-05-08,en-US,send-and-receive-email,thunderbird;windows-11;send-and-receive-email;thunderbird-14010;thunderbird-140101;,tonipuerstling,"Wie kann ich vermeiden, dass Thunderbird bei jedem Start erneut alle Mails vom Server abruft?",https://support.mozilla.org/questions/1580640,os:windows,Windows 11,,140.10.1esr,140,m:vodafone,proto:imap,,1,true,3.3,True,christ1
1580641,2026-05-08T14:29:20.523834Z,2026-05-08,en-US,extensions,thunderbird;windows-10;extensions;thunderbird-1500;thunderbird-15002;,daveed1,(Revisted) Thunderbird is being managed by your organisation CAUSE: Bitdefender,https://support.mozilla.org/questions/1580641,os:windows,Windows 10,,150.0.2,150,,,av:bitdefender,1,true,17.84,False,
1580643,2026-05-08T14:48:43.172520Z,2026-05-08,en-US,install,thunderbird;windows-11;install;thunderbird-14080;thunderbird-1408;,smeets15,"ich habe schon immerThunderbird gehabt ,ich wil der neueste Thunderbird jetzt haben . Danke",https://support.mozilla.org/questions/1580643,os:windows,Windows 11,,140.8.0esr,140,,,,1,true,1.11,False,
1580645,2026-05-08T15:05:02.649538Z,2026-05-08,en-US,customization,thunderbird;windows-10;customization;,madrene13,How do I get email to displace at bottom of screen,https://support.mozilla.org/questions/1580645,os:windows,Windows 10,,updated this morni,,,,,1,true,0.28,False,
1580656,2026-05-08T15:37:56.764182Z,2026-05-08,it,junk-mail-and-spam,thunderbird;junk-mail-and-spam;windows-1011;thunderbird-1490;,paolo.dalla.torre,Come evitare che un mittente sia considerato come spam ?,https://support.mozilla.org/questions/1580656,os:windows,Windows 10/11,,149.0,149,,,,1,true,0.14,False,
1580665,2026-05-08T16:21:50.981350Z,2026-05-08,en-US,send-and-receive-email,thunderbird;send-and-receive-email;windows-1011;thunderbird-14010;thunderbird-140102;,gregverena,thunderbird won't download new emails but keeps downloading the same ones I already deleted,https://support.mozilla.org/questions/1580665,os:windows,Windows 10/11,,140.10.2esr (64-bi,140,,,,6,true,17.75,True,gregverena
1580666,2026-05-08T16:26:06.912629Z,2026-05-08,en-US,email-and-messaging,thunderbird;windows-11;email-and-messaging;thunderbird-1500;thunderbird-15001;,GaryWheeler,"I changed my email password and can access my email on webmail, but not using my thunderbird app.",https://support.mozilla.org/questions/1580666,os:windows,Windows 11,,150.0.1,150,,,,1,true,1.37,False,
1580683,2026-05-08T17:41:09.065116Z,2026-05-08,en-US,email-and-messaging,thunderbird;windows-11;email-and-messaging;thunderbird-14010;thunderbird-140102;,joemrx08,When I delete  a message TB automatically deletes 2 or 3 others at same time.,https://support.mozilla.org/questions/1580683,os:windows,Windows 11,,140.10.2esr (64-bi,140,,,,3,true,33.3,False,
1580684,2026-05-08T17:44:35.483675Z,2026-05-08,en-US,customization,thunderbird;windows-10;customization;,dbkfirefox,New email notification box is showing up on wrong monitor,https://support.mozilla.org/questions/1580684,os:windows,Windows 10,,150.01,150,,,,4,true,14.46,False,
1580692,2026-05-08T18:25:27.584518Z,2026-05-08,en-US,send-and-receive-email,thunderbird;windows-11;send-and-receive-email;thunderbird-14010;thunderbird-140101;,mrtonytlc,I cannot reset my password for an Outlook account I was previously using with Owl,https://support.mozilla.org/questions/1580692,os:windows,Windows 11,,140.10.1esr (32-bi,140,m:microsoftemail,,,1,true,15.65,False,
1580696,2026-05-08T19:04:48.453139Z,2026-05-08,en-US,email-and-messaging,thunderbird;windows-11;email-and-messaging;thunderbird-1500;,nancy9,My correspondents are getting misapplied to emails in inbox. Repair folder doesn't work very long.,https://support.mozilla.org/questions/1580696,os:windows,Windows 11,,150.0,150,,,,2,true,14.82,False,
1580698,2026-05-08T19:13:24.194788Z,2026-05-08,en-US,events,thunderbird;windows-11;events;thunderbird-1500;thunderbird-15002;,CharlieP,Recently I have been getting unwanted reminders for events on my Google calendar.,https://support.mozilla.org/questions/1580698,os:windows,Windows 11,,150.0.2,150,,,,1,true,1.55,False,
1580701,2026-05-08T19:43:53.528682Z,2026-05-08,en-US,passwords-and-sign-in,thunderbird;windows-11;passwords-and-sign-in;,rws.pgh,Thunderbird has become unusable,https://support.mozilla.org/questions/1580701,os:windows,Windows 11,,,,m:gmail,,,4,true,0.71,False,
1580704,2026-05-08T20:19:44.985806Z,2026-05-08,en-US,customization,thunderbird;customization;windows-11;thunderbird-1500;,TbirdUser53,In viewing a message folder the Subject column alignment differs although it appears out of user control,https://support.mozilla.org/questions/1580704,os:windows,Windows 11,,150.0,150,,,,6,true,13.55,True,mozilla98
1580707,2026-05-08T20:31:04.500388Z,2026-05-08,en-US,contacts,thunderbird;windows-10;contacts;,marshahuck12,"I'm locked out of my prior email account since I got a new internet provider, how do I access my contact list so I can g",https://support.mozilla.org/questions/1580707,os:windows,Windows 10,,I don't know,,,,,1,true,0.38,False,
1580709,2026-05-08T20:52:13.063339Z,2026-05-08,nl,send-and-receive-email,thunderbird;windows-11;send-and-receive-email;thunderbird-1500;thunderbird-15001;,firefox@vangelder.nl,de header wordt volledig meegestuurd bij doorsturen. Hoe voorkom ik dit,https://support.mozilla.org/questions/1580709,os:windows,Windows 11,,150.0.1,150,,,,3,true,47.33,False,
1580714,2026-05-08T22:16:33.744593Z,2026-05-08,en-US,customization,thunderbird;customization;windows-11;thunderbird-1500;thunderbird-15002;,llawson3967,Newest update moved Inbox from top to alpha order,https://support.mozilla.org/questions/1580714,os:windows,Windows 11,,150.0.2,150,m:microsoftemail,,,3,true,13.69,False,
1580716,2026-05-08T22:34:05.438363Z,2026-05-08,en-US,installation-and-updates,thunderbird;needsinfo;windows-11;installation-and-updates;thunderbird-1500;thunderbird-15002;,scamp1,I entered Thunderbird to a new computer and there are a lot less emails than are on my old computer.,https://support.mozilla.org/questions/1580716,os:windows,Windows 11,,150.0.2,150,,,,3,true,3.41,False,
1580726,2026-05-09T00:01:24.221556Z,2026-05-09,en-US,instant-messaging,thunderbird;instant-messaging;thunderbird-14010;thunderbird-140101;,rte66,How can I import chat history for XMPP?,https://support.mozilla.org/questions/1580726,os:linux,Pop!_OS (Ubuntu),,140.10.1esr,140,,,,2,true,32.67,True,MattAuSupport
1580732,2026-05-09T01:11:14.418088Z,2026-05-09,en-US,connectivity,thunderbird;windows-11;connectivity;thunderbird-1500;thunderbird-15002;,,"im unable to set up my thunderbird, my password is correct",https://support.mozilla.org/questions/1580732,os:windows,Windows 11,,150.0.2,150,,,,1,true,11.47,False,
1580733,2026-05-09T01:27:00.058931Z,2026-05-09,en-US,customization,thunderbird;windows-10;customization;thunderbird-14010;thunderbird-140102;,WebDev,How do I correct a wrong entry in my Thunderbird spelling dictionary?,https://support.mozilla.org/questions/1580733,os:windows,Windows 10,,140.10.2esr 64bit,140,,,,5,true,0.21,True,WebDev
1580735,2026-05-09T02:04:33.674781Z,2026-05-09,en-US,passwords-and-sign-in,thunderbird;passwords-and-sign-in;thunderbird-1500;thunderbird-15002;,thienbao31520,I can't log in to Thunderbird.,https://support.mozilla.org/questions/1580735,os:windows,Window,,150.0.2,150,,,,1,true,4.88,False,
1580744,2026-05-09T03:32:47.159310Z,2026-05-09,en-US,contacts,thunderbird;windows-10;contacts;,monterey8861,my address book did not load with new Thunderbird download afters windows crash,https://support.mozilla.org/questions/1580744,os:windows,Windows 10,,1580.0.2,,,,,1,true,3.21,False,
1580777,2026-05-09T08:53:32.495844Z,2026-05-09,en-US,extensions,thunderbird;extensions;thunderbird-1500;thunderbird-15001;,einkauf-js,"Thunderbird don't work properly with Add-On ""German Dictionary"" and ""ImportExport Tools""",https://support.mozilla.org/questions/1580777,os:macos,Mac OS x 13.7.8,,150.0.1,150,,,,4,true,0.85,True,Googlethunderbird.
1580778,2026-05-09T08:59:00.806961Z,2026-05-09,it,customization,thunderbird;needsinfo;customization;windows-11;thunderbird-14010;thunderbird-140102;,avv.eugeniosperanza,Non riesco a mettere in ordine alfabetico le sottocartelle della posta in arrivo. Avete una soluzione?,https://support.mozilla.org/questions/1580778,os:windows,Windows 11,,140.10.2esr,140,,,,1,true,101.22,False,
1580802,2026-05-09T13:07:54.875506Z,2026-05-09,en-US,installation-and-updates,thunderbird;windows-11;installation-and-updates;thunderbird-1500;thunderbird-15002;,singjai,Having trouble removing Thunderbird (desktop) need product code,https://support.mozilla.org/questions/1580802,os:windows,Windows 11,,150.0.2,150,,,,4,true,3.84,False,
1580811,2026-05-09T13:36:29.405980Z,2026-05-09,en-US,send-and-receive-email,thunderbird;windows-11;send-and-receive-email;,ku-kratz,Ich kann seit mehreren Tagen keine Emails mehr empfangen und Öffnen,https://support.mozilla.org/questions/1580811,os:windows,Windows 11,,150.02,150,,,,1,true,3.9,False,
1580817,2026-05-09T14:10:07.340003Z,2026-05-09,en-US,import-and-export-settings,thunderbird;windows-11;import-and-export-settings;,vivisectvi86,Import settings from Mozilla mobile to mozilla desktop,https://support.mozilla.org/questions/1580817,os:windows,Windows 11,,18.0,,,,,1,true,1.52,False,
1580822,2026-05-09T14:41:59.794487Z,2026-05-09,en-US,junk-mail-and-spam,thunderbird;junk-mail-and-spam;windows-1011;thunderbird-14902;thunderbird-1490;,Techless,How do I report spam emails?,https://support.mozilla.org/questions/1580822,os:windows,Windows 10/11,,149.0.2,149,,,,1,true,2.18,True,davidsk
1580823,2026-05-09T14:56:22.185973Z,2026-05-09,en-US,app-crash,beta;thunderbird;windows-11;app-crash;thunderbird-1500;,annk2021,"TB slow to download emails, now locks up when I click to open one",https://support.mozilla.org/questions/1580823,os:windows,Windows 11,,150.0b1,150,,,av:defender,18,true,0.72,False,
1580826,2026-05-09T15:31:11.810404Z,2026-05-09,en-US,send-and-receive-email,thunderbird;windows-11;send-and-receive-email;thunderbird-1500;thunderbird-15002;,leftyslockers,Email will not send.,https://support.mozilla.org/questions/1580826,os:windows,Windows 11,,150.0.2,150,,,,10,true,0.84,True,MattAuSupport
1580829,2026-05-09T16:22:40.491957Z,2026-05-09,en-US,customization,thunderbird;customization;thunderbird-14010;thunderbird-140102;,RickRobinson2009,how do print a 1 page email on 1 piece of paper?,https://support.mozilla.org/questions/1580829,os:windows,Windows 11 Pro,,140.10.2esr (64-bi,140,,,,4,true,9.65,True,MattAuSupport
1580842,2026-05-09T17:54:07.486134Z,2026-05-09,en-US,email-and-messaging,windows-7;thunderbird;email-and-messaging;,310jupiter1,I am trying to reinstall Thunderbird but cannot re-enter my Emails because Google is taking over,https://support.mozilla.org/questions/1580842,os:windows,Windows 7,,115.180,115,,,,5,true,0.54,False,
1580856,2026-05-09T20:01:23.923762Z,2026-05-09,en-US,account-management,thunderbird;windows-10;account-management;thunderbird-1500;thunderbird-15002;,sarima,"I have, in effect, installed Thundebird on a new computer, but my attempts to setup my account aren't working.",https://support.mozilla.org/questions/1580856,os:windows,Windows 10,,150.0.2,150,,proto:smtp,,8,true,0.56,False,
1580858,2026-05-09T20:06:11.667030Z,2026-05-09,en-US,connectivity,thunderbird;windows-11;connectivity;thunderbird-14010;thunderbird-140102;,Bartholo,"""Thunderbird can't connect to the server""",https://support.mozilla.org/questions/1580858,os:windows,Windows 11,,140.10.2esr 32 bit,140,m:spectrum,,,11,true,0.46,False,
1580861,2026-05-09T20:38:36.718471Z,2026-05-09,en-US,send-and-receive-email,thunderbird;send-and-receive-email;thunderbird-1500;thunderbird-15002;,jjflynn,I am gettint error 10060 can't connect to smpt,https://support.mozilla.org/questions/1580861,os:windows,Windows 10  jjflynn50@twc.com,,150.0.2 64 bit,150,,,,1,true,0.04,False,
1580862,2026-05-09T20:52:47.041051Z,2026-05-09,en-US,send-and-receive-email,thunderbird;send-and-receive-email;,jawarters,Two distinct IMAP profiles are downloading from one acount (AOL),https://support.mozilla.org/questions/1580862,os:windows,"Windows 11 Pro, 64 bit",,Thunderbird 128.14,128,m:gmail;m:microsoftemail;m:yahooemail;m:verizon,proto:imap;proto:smtp,,2,true,6.06,True,MattAuSupport
1580863,2026-05-09T21:04:30.769641Z,2026-05-09,en-US,connectivity,thunderbird;connectivity;windows-1011;thunderbird-1500;thunderbird-15001;,arlener,Connection was refused,https://support.mozilla.org/questions/1580863,os:windows,Windows 10/11,,150.0.1,150,m:spectrum,,,2,true,5.65,True,arlener
1580864,2026-05-09T21:17:26.762260Z,2026-05-09,en-US,send-and-receive-email,thunderbird;windows-11;send-and-receive-email;thunderbird-1500;thunderbird-15002;,MKS1,Lost my email and don't have incoming,https://support.mozilla.org/questions/1580864,os:windows,Windows 11,,150.0.2,150,m:comcast,proto:imap,,9,true,10.26,False,
1580867,2026-05-09T21:33:48.934900Z,2026-05-09,en-US,connectivity,thunderbird;windows-11;connectivity;,illinichip,Lost Thunderbird connectivity on Spectrum today 5/9/26,https://support.mozilla.org/questions/1580867,os:windows,Windows 11,,Version 150.0.2 (6,150,m:spectrum,proto:pop,,2,true,6.96,False,
1580869,2026-05-09T21:53:36.366140Z,2026-05-09,en-US,passwords-and-sign-in,thunderbird;windows-11;passwords-and-sign-in;thunderbird-1500;thunderbird-15002;,piyaupiyau,yahoomailのアカウント設定でパスワードを入力してもその先に進めない,https://support.mozilla.org/questions/1580869,os:windows,Windows 11,,150.0.2,150,m:yahooemail,,,0,false,,False,
1580871,2026-05-09T22:21:07.602316Z,2026-05-09,en-US,send-and-receive-email,thunderbird;windows-11;send-and-receive-email;,gcorreia,"New update Version 140.10.2esr | Released May 8, 2026.  Today I cannot send email using Thunderbird.",https://support.mozilla.org/questions/1580871,os:windows,Windows 11,,Version 140.10.2es,140,m:spectrum,proto:smtp,,10,true,4.36,False,
1580874,2026-05-09T22:35:55.349845Z,2026-05-09,en-US,import-and-export-email,thunderbird;import-and-export-email;thunderbird-1500;thunderbird-15002;,clintoconner2,I just deleted all my email archives,https://support.mozilla.org/questions/1580874,os:macos,Mac OS x 10_15_7,,150.0.2,150,,,,8,true,8.02,True,rednoise
1580877,2026-05-09T23:14:35.986109Z,2026-05-09,en-US,connectivity,thunderbird;connectivity;thunderbird-115180;thunderbird-11518;,miller152,Cannot send or receive email in thunderbird,https://support.mozilla.org/questions/1580877,os:windows,Windows 7 and 11,,115.18.0,115,m:spectrum,proto:smtp,,4,true,3.24,False,
1580884,2026-05-09T23:55:44.117868Z,2026-05-09,en-US,junk-mail-and-spam,thunderbird;windows-11;junk-mail-and-spam;thunderbird-14010;thunderbird-140102;,davet354tfd,Showing junk mail in empty folder,https://support.mozilla.org/questions/1580884,os:windows,Windows 11,,140.10.2esr,140,,,,2,true,2.05,True,davet354tfd
1580895,2026-05-10T02:08:48.500109Z,2026-05-10,en-US,app-crash,thunderbird;windows-11;app-crash;,stormyrocks1967,"When typing on a document or letter, Thunderbird frequently hangs and won't do anything.",https://support.mozilla.org/questions/1580895,os:windows,Windows 11,,Can't find this,,,,,5,true,5.03,False,
1580909,2026-05-10T05:49:27.691562Z,2026-05-10,en-US,security,thunderbird;windows-11;security;thunderbird-1500;,dorothywilson05,lost my email acount rang and the the man asked for $500 or 250 to get it back so deleted it,https://support.mozilla.org/questions/1580909,os:windows,Windows 11,,150,150,m:bigpond,,,1,true,1.53,False,
1580925,2026-05-10T08:51:27.560528Z,2026-05-10,en-US,settings,thunderbird;settings;windows-10;thunderbird-1500;thunderbird-15002;,Prashantsavaj3975,Mozilla Account,https://support.mozilla.org/questions/1580925,os:windows,Windows 10,,150.0.2,150,,,,1,true,0.4,False,
1580936,2026-05-10T10:08:15.071487Z,2026-05-10,en-US,contacts,thunderbird;contacts;windows-1011;firefox-1500;,raymond_j_markiewicz,‘How to move People All contacts list back to email Send To contact list? Firefox screwed up!!!!!!!!!!’,https://support.mozilla.org/questions/1580936,os:windows,Windows 10/11,,,,,,,8,true,0.54,True,raymond_j_markiewicz
1580945,2026-05-10T11:21:50.301867Z,2026-05-10,en-US,account-management,windows-7;thunderbird;account-management;thunderbird-115180;thunderbird-11518;,timdcairns,"I have 7 email addresses, all with aol - 2 addresses appear to be linked.",https://support.mozilla.org/questions/1580945,os:windows,Windows 7,,115.18.0,115,m:yahooemail,,,3,true,1.15,False,
1580954,2026-05-10T12:54:36.573015Z,2026-05-10,en-US,email-and-messaging,thunderbird;windows-11;email-and-messaging;thunderbird-1500;thunderbird-15001;,troyconnor531962vet,adding an email,https://support.mozilla.org/questions/1580954,os:windows,Windows 11,,150.0.1,150,m:microsoftemail,,,1,true,54.09,False,
1580957,2026-05-10T14:39:28.686419Z,2026-05-10,en-US,profiles,thunderbird;windows-10;profiles;,jjflynn,lost all email accounts and address book,https://support.mozilla.org/questions/1580957,os:windows,Windows 10,,150.02 64 bit,150,,,,5,true,1.34,False,
1580960,2026-05-10T14:57:33.101556Z,2026-05-10,en-US,send-and-receive-email,thunderbird;windows-11;send-and-receive-email;thunderbird-1500;thunderbird-15002;,athegn,Cannot add 123 Hosting to Thunderbird,https://support.mozilla.org/questions/1580960,os:windows,Windows 11,,150.0.2,150,,proto:smtp,,3,true,2.68,True,davidsk
1580965,2026-05-10T16:17:46.473501Z,2026-05-10,en-US,reset-passwords,thunderbird;windows-11;reset-passwords;,fswanson,Password,https://support.mozilla.org/questions/1580965,os:windows,Windows 11,,Cannot access,,,,,2,true,0.4,False,
1580968,2026-05-10T16:46:48.809485Z,2026-05-10,en-US,customization,thunderbird;windows-10;customization;thunderbird-1500;,postiauxc,changer directement la couleur de l'icône de Thunderbird spécifique à un onglet dans la barre des tâches de Windows,https://support.mozilla.org/questions/1580968,os:windows,Windows 10,,150.0,150,,,,2,true,1.58,False,
1580978,2026-05-10T17:47:08.825603Z,2026-05-10,en-US,customization,thunderbird;android;customization;,tlthomas,How do I get Thunderbird to show all images?,https://support.mozilla.org/questions/1580978,os:android,Android,,I don't know.,,,,,3,true,0.94,True,davidsk
1580980,2026-05-10T18:06:37.576148Z,2026-05-10,en-US,connectivity,thunderbird;windows-11;connectivity;thunderbird-1500;thunderbird-15002;,JamesJ,Am I the Only One Having Issues Connecting to my Email Accounts,https://support.mozilla.org/questions/1580980,os:windows,Windows 11,,150.0.2,150,m:gmail;m:microsoftemail;m:spectrum,proto:imap;proto:pop,,1,true,6.64,False,
1580985,2026-05-10T18:25:45.647121Z,2026-05-10,en-US,email-and-messaging,thunderbird;windows-11;email-and-messaging;thunderbird-1500;thunderbird-15002;,La_Sombra,Thunderbird wiped out a local mail folder,https://support.mozilla.org/questions/1580985,os:windows,Windows 11,,150.0.2,150,m:gmail,,,12,true,5.69,True,rednoise
1580988,2026-05-10T18:28:31.404405Z,2026-05-10,en-US,customization,thunderbird;windows-10;customization;thunderbird-14902;thunderbird-1490;,john358,How do I make Thunderbird automatically close the 'original' message when I click Reply or Forward?,https://support.mozilla.org/questions/1580988,os:windows,Windows 10,,149.0.2,149,m:microsoftemail,,,3,true,67.88,False,
1580990,2026-05-10T18:54:29.025785Z,2026-05-10,en-US,junk-mail-and-spam,thunderbird;windows-10;junk-mail-and-spam;thunderbird-11550;thunderbird-1155;,Don_CC12,Mail to Gmail Accounts Goes To Spam Folder,https://support.mozilla.org/questions/1580990,os:windows,Windows 10,,115.5.0,115,m:gmail,,,12,true,68.26,False,
1580995,2026-05-10T19:21:33.406729Z,2026-05-10,en-US,customization,thunderbird;customization;windows-11;thunderbird-1500;thunderbird-15002;,AverillB,New mail notifications showing on wrong monitor,https://support.mozilla.org/questions/1580995,os:windows,Windows 11,,150.0.2,150,,,,7,true,12.78,False,
1580997,2026-05-10T20:04:29.369590Z,2026-05-10,en-US,undefined,thunderbird;windows-11;undefined;thunderbird-1500;thunderbird-15002;,firefox@vangelder.nl,how the hell can I find my questions and see if somebody answered,https://support.mozilla.org/questions/1580997,os:windows,Windows 11,,150.0.2,150,,,,3,true,0.06,False,
1581001,2026-05-10T21:13:27.494491Z,2026-05-10,en-US,send-and-receive-email,thunderbird;windows-10;send-and-receive-email;thunderbird-14010;thunderbird-140102;,wquatan,Filter Problem,https://support.mozilla.org/questions/1581001,os:windows,Windows 10,,140.10.2esr,140,,,,6,true,10.81,False,
1581009,2026-05-10T22:03:39.871847Z,2026-05-10,en-US,email-and-messaging,linux;thunderbird;email-and-messaging;thunderbird-1480;,mistya59,In Thunderbird can archived messages be sorted by date archived?,https://support.mozilla.org/questions/1581009,os:linux,Linux,,148.0,148,,,,0,false,,False,
1581010,2026-05-10T22:04:12.577616Z,2026-05-10,en-US,contacts,thunderbird;contacts;,marysteil1725,"My Thunderbird emails loaded into Linux Mint on my laptop, but the address bookdidn'tdidn'tse didn't.",https://support.mozilla.org/questions/1581010,os:linux,,,18,,,,,4,true,1.6,False,
1581013,2026-05-10T22:19:41.616015Z,2026-05-10,en-US,crashing-and-slow-performance,thunderbird;needsinfo;windows-11;crashing-and-slow-performance;thunderbird-1500;thunderbird-15002;,raythathatravelorganizers,UNABLE TO OPEN NEW EMAIL,https://support.mozilla.org/questions/1581013,os:windows,Windows 11,,150.0.2,150,,,,1,true,1.49,False,
1581022,2026-05-11T01:42:48.800842Z,2026-05-11,en-US,import-and-export-email,thunderbird;windows-11;import-and-export-email;firefox-1500;firefox-15002;,Patrickfilmer,"Dear invaluable Mozilla Community, I am about to download all my Hotmail/Outlook content (over 20 years worth!) to local",https://support.mozilla.org/questions/1581022,os:windows,Windows 11,,,,m:microsoftemail,,,1,true,8.31,False,
1581038,2026-05-11T03:43:54.554368Z,2026-05-11,en-US,contacts,thunderbird;windows-11;contacts;,adamsrob222,Thunderbird misspells email with Auto-complete,https://support.mozilla.org/questions/1581038,os:windows,Windows 11,,thunderbird-MSIX,,m:microsoftemail,,,5,true,9.36,False,
1581057,2026-05-11T08:34:37.048210Z,2026-05-11,en-US,send-and-receive-email,thunderbird;send-and-receive-email;thunderbird-1500;thunderbird-15002;,marita.wilczek,Thunderbird.Only Shows. Der E-Mails of the Past to Three Weeks on My Mobile Phone and on my laptop. Alle Mails kennen On,https://support.mozilla.org/questions/1581057,,,,150.0.2 (64-Bit(,150,m:vodafone,,,0,false,,False,
1581063,2026-05-11T09:41:53.420875Z,2026-05-11,en-US,update,thunderbird;windows-11;update;thunderbird-14010;thunderbird-140101;,jmoandlou,Update could not be installed ( patch apply failed),https://support.mozilla.org/questions/1581063,os:windows,Windows 11,,140.10.1 (20260429,140,,,,1,true,1.38,False,
1581087,2026-05-11T13:00:30.271152Z,2026-05-11,en-US,passwords-and-sign-in,thunderbird;passwords-and-sign-in;thunderbird-1400;,roger.clarkson,password not recognised,https://support.mozilla.org/questions/1581087,os:macos,Mac OS x 10_15_7,,140,140,,,,1,true,1.43,False,
1581089,2026-05-11T13:23:12.756559Z,2026-05-11,en-US,send-and-receive-email,thunderbird;windows-10;send-and-receive-email;thunderbird-1500;thunderbird-15002;,sarima,Cannot send e-mail after reinstalling Thunderbird,https://support.mozilla.org/questions/1581089,os:windows,Windows 10,,150.0.2,150,,,,1,false,,True,sarima
1581092,2026-05-11T13:31:58.853039Z,2026-05-11,pt-BR,junk-mail-and-spam,thunderbird;windows-11;junk-mail-and-spam;thunderbird-1500;thunderbird-15002;,luciana3,PROBLEMA COM ENVIO DE E-MAILS,https://support.mozilla.org/questions/1581092,os:windows,Windows 11,,150.0.2,150,,,,0,false,,False,
1581096,2026-05-11T13:51:36.253137Z,2026-05-11,en-US,send-and-receive-email,thunderbird;windows-10;send-and-receive-email;thunderbird-1500;thunderbird-15002;,mysz.lesna,Mail filters for custom headers do not work on the Yahoo! IMAP account,https://support.mozilla.org/questions/1581096,os:windows,Windows 10,,150.0.2,150,m:yahooemail;m:wppl,proto:imap,,9,true,6.56,False,
1581099,2026-05-11T14:01:29.774565Z,2026-05-11,en-US,install,thunderbird;windows-11;install;,jonathanjaeschke,"A long time user of (2) computers, both running (2) separate accounts until now, but after having to re-install a fresh ",https://support.mozilla.org/questions/1581099,os:windows,Windows 11,,I haven't loaded .,,,,,1,true,6.42,False,
1581100,2026-05-11T14:04:25.229363Z,2026-05-11,en-US,calendar,thunderbird;calendar;windows-11;,drister,thunderbird/lightning calendar access gone from Firefox,https://support.mozilla.org/questions/1581100,os:windows,Windows 11,,Don't know,,,,,2,true,0.14,False,
1581104,2026-05-11T14:16:53.732500Z,2026-05-11,en-US,import-and-export-settings,thunderbird;windows-10;import-and-export-settings;thunderbird-1500;thunderbird-15002;,sarima,I need to get my e-mail filters from my old machine,https://support.mozilla.org/questions/1581104,os:windows,Windows 10,,150.0.2,150,,,,7,true,3.45,False,
1581107,2026-05-11T14:42:20.511388Z,2026-05-11,en-US,attachments,linux;thunderbird;attachments;thunderbird-1500;thunderbird-15001;,spartanhooah,Send email and open attachment hotkeys conflict,https://support.mozilla.org/questions/1581107,os:linux,Linux,,150.0.1,150,,,,4,true,52.04,False,
1581115,2026-05-11T15:38:57.463826Z,2026-05-11,en-US,email-and-messaging,thunderbird;windows-11;email-and-messaging;,ziringer,when I go to sign in to mozilla it come up blacklisted,https://support.mozilla.org/questions/1581115,os:windows,Windows 11,,e.g.140.8,140,,,,1,true,8.54,True,rednoise
1581130,2026-05-11T17:06:54.734328Z,2026-05-11,en-US,send-and-receive-email,thunderbird;windows-10;send-and-receive-email;thunderbird-14010;thunderbird-140102;,b22schmidt,Emails on computer show date and time as the date and time I opened Thunderbird and not the actuals,https://support.mozilla.org/questions/1581130,os:windows,Windows 10,,140.10.2esr,140,,,,1,true,0.51,False,
1581135,2026-05-11T17:33:08.873198Z,2026-05-11,en-US,send-and-receive-email,thunderbird;windows-11;send-and-receive-email;thunderbird-14010;thunderbird-140101;,sghalliday,Forward an email using filters,https://support.mozilla.org/questions/1581135,os:windows,Windows 11,,140.10.1,140,,,,4,true,1.7,False,
1581138,2026-05-11T17:49:46.322683Z,2026-05-11,nl,customization,thunderbird;customization;windows-11;,samnijk,Hoe de spatie tussen 2 regels van een email bericht te verkleinen,https://support.mozilla.org/questions/1581138,os:windows,Windows 11,,,,,,,3,true,17.15,False,
1581141,2026-05-11T18:17:14.564359Z,2026-05-11,en-US,customization,thunderbird;customization;windows-11;thunderbird-1500;thunderbird-15002;,lm.astudillo,Multiple email signatures for an account,https://support.mozilla.org/questions/1581141,os:windows,Windows 11,,150.0.2,150,,,,1,true,0.6,False,
1581144,2026-05-11T18:33:56.668158Z,2026-05-11,en-US,send-and-receive-email,thunderbird;send-and-receive-email;thunderbird-14010;thunderbird-140102;,jvanhout,Signature does not appear on reply emails. Have to open settings and select the signature file each morning and then it ,https://support.mozilla.org/questions/1581144,os:macos,Mac OS x 10_15_7,,140.10.2,140,,,,5,true,0.37,False,
1581146,2026-05-11T18:41:44.942270Z,2026-05-11,en-US,extensions,thunderbird;extensions;thunderbird-1500;thunderbird-15002;,mlandyanderson1,Is there a way to flag messages to be imported in task apps?,https://support.mozilla.org/questions/1581146,os:windows,Windows 11 Home Version 25H2 Build 26200.8246,,150.0.2,150,m:gmail;m:microsoftemail,,,0,false,,False,
1581147,2026-05-11T18:43:58.315904Z,2026-05-11,nl,privacy-and-security,thunderbird;privacy-and-security_1;windows-11;thunderbird-14010;thunderbird-140102;,r.meer74,Ik heb twee email namen op 1 account en wil er één van verwijderen,https://support.mozilla.org/questions/1581147,os:windows,Windows 11,,140.10.2.esr,140,,,,1,true,18.95,True,Mozilla-assistent
1581152,2026-05-11T19:15:30.631595Z,2026-05-11,en-US,account-management,linux;thunderbird;account-management;,roberthughcastles,I can't get Thunderbird to stop billing my credit card for monthly contribution,https://support.mozilla.org/questions/1581152,os:linux,Linux,,Can't access it,,,,,1,true,0.93,False,
1581154,2026-05-11T19:27:11.345505Z,2026-05-11,it,account-management,linux;thunderbird;account-management;thunderbird-14010;thunderbird-140101;,paolobenve,c'è maniera di cambiare l'ordine degli account?,https://support.mozilla.org/questions/1581154,os:linux,Linux,,140.10.1esr,140,,,,1,true,11.67,True,'@next
1581160,2026-05-11T19:58:37.333261Z,2026-05-11,en-US,tags,linux;thunderbird;tags;thunderbird-140100;thunderbird-14010;,bugcsilla,tags summary has disappeared,https://support.mozilla.org/questions/1581160,os:linux,Linux,,140.10.0esr,140,,,,6,true,0.11,False,
1581175,2026-05-11T21:57:09.573758Z,2026-05-11,en-US,email-and-messaging,thunderbird;windows-11;email-and-messaging;thunderbird-1500;thunderbird-15002;,sammarlow,How to setup IMAP,https://support.mozilla.org/questions/1581175,os:windows,Windows 11,,150.0.2,150,,proto:imap,,1,true,2.09,False,
1581178,2026-05-11T23:09:18.398701Z,2026-05-11,nl,undefined,thunderbird;windows-11;undefined;thunderbird-14010;thunderbird-140102;,r.meer74,"Ik stelde de vraag hoe ik een alias kan verwijderen, maar dit is nu opgelost.",https://support.mozilla.org/questions/1581178,os:windows,Windows 11,,140.10.2.esr,140,,,,0,false,,False,
1581180,2026-05-11T23:29:31.304788Z,2026-05-11,en-US,passwords-and-sign-in,thunderbird;windows-11;passwords-and-sign-in;,lindajanedennis,exchange auth error,https://support.mozilla.org/questions/1581180,os:windows,Windows 11,,latest,,m:microsoftemail,,,1,true,8.83,False,
1581184,2026-05-12T00:20:48.070279Z,2026-05-12,en-US,customization,thunderbird;customization;thunderbird-1500;thunderbird-15002;,hill4,"Problem Creating ""New SubFolder"" and ""New Folder""",https://support.mozilla.org/questions/1581184,os:macos,macOS 26.5,macos:tahoe,150.0.2 64-bit,150,,proto:imap,,2,true,0.89,False,
1581193,2026-05-12T01:31:05.401770Z,2026-05-12,en-US,installation-and-updates,thunderbird;windows-10;installation-and-updates;,pdanos51,Mozilla Thunderbird,https://support.mozilla.org/questions/1581193,os:windows,Windows 10,,Cannot retrieve it,,m:gmail,,,0,false,,False,
1581199,2026-05-12T02:52:16.183964Z,2026-05-12,en-US,send-and-receive-email,thunderbird;windows-10;send-and-receive-email;thunderbird-14010;thunderbird-140102;,eacott,Correct set up for outgoing mail but server will not process sending,https://support.mozilla.org/questions/1581199,os:windows,Windows 10,,140.10.2,140,,,,1,true,5.34,False,
1581203,2026-05-12T03:12:18.735356Z,2026-05-12,en-US,install,windows-7;thunderbird;install;,telebob1,Migrating to Thunderbird from WLM on a Win 7 machine. Will eventually move to Win 11. i See Thunderbird not supported on,https://support.mozilla.org/questions/1581203,os:windows,Windows 7,,new user,,,,,9,true,2.24,False,
1581216,2026-05-12T06:35:14.624890Z,2026-05-12,en-US,contacts,thunderbird;contacts;windows-1011;firefox-1500;,raymond_j_markiewicz,Move Firefox PEOPLE folder email list back to the NEW EMAIL ADD RECIPIENT folder which disappeared.,https://support.mozilla.org/questions/1581216,os:windows,Windows 10/11,,,,,,,1,true,1.54,False,
1581222,2026-05-12T07:05:04.779624Z,2026-05-12,en-US,send-and-receive-email,thunderbird;windows-11;send-and-receive-email;,alansquire,I AM NOT ABLE TO SEND EMAILS,https://support.mozilla.org/questions/1581222,os:windows,Windows 11,,140.8 oesr,140,,,,1,true,2.03,False,
1581240,2026-05-12T09:46:28.477534Z,2026-05-12,en-US,connectivity,thunderbird;connectivity;thunderbird-14010;thunderbird-140102;,simon234,Thunderbird does not fetch all RSS feeds,https://support.mozilla.org/questions/1581240,os:linux,Fedora Linux 43 (Workstation Edition),,140.10.2esr,140,,,,2,true,693.71,False,
1581242,2026-05-12T09:53:20.977507Z,2026-05-12,en-US,customization,thunderbird;customization;windows-11;thunderbird-1500;thunderbird-15002;,zbyn39,Thunderbird UI glitch - toolbar above message preview disappears / corrupts repeatedly,https://support.mozilla.org/questions/1581242,os:windows,Windows 11,,150.0.2,150,,,,1,true,2.15,False,
1581250,2026-05-12T10:17:56.727775Z,2026-05-12,en-US,events,thunderbird;windows-11;events;thunderbird-1500;thunderbird-15002;,pnagyvok,Can't set event reminder date/time,https://support.mozilla.org/questions/1581250,os:windows,Windows 11,,150.0.2,150,,,,1,true,25.41,False,
1581251,2026-05-12T10:20:45.016222Z,2026-05-12,cs,send-and-receive-email,thunderbird;windows-11;send-and-receive-email;thunderbird-1500;thunderbird-15002;,john.doghaus,V Mozzila Thunderbird 150.0.2 nefunguje pro Gmail odchozí server,https://support.mozilla.org/questions/1581251,os:windows,Windows 11,,150.0.2,150,m:gmail,proto:smtp;proto:oauth,,1,true,3.94,False,
1581252,2026-05-12T10:22:06.843177Z,2026-05-12,nl,install,thunderbird;windows-11;install;,indebetouw1,Bij thunderbird wordt het wachtwoord niet geaccepteerd,https://support.mozilla.org/questions/1581252,os:windows,Windows 11,,?,,,,,1,true,0.69,False,
1581253,2026-05-12T10:24:46.428615Z,2026-05-12,en-US,import-and-export-email,thunderbird;import-and-export-email;thunderbird-14010;thunderbird-140102;,donlf,Unable to determine if mbox files input from Google Take Out are all automatically integrated into one email listing,https://support.mozilla.org/questions/1581253,os:macos,Mac OS Sonoma 14.4.1,,140.10.2esr (aarch,140,,,,4,true,25.86,False,
1581254,2026-05-12T10:30:01.199658Z,2026-05-12,en-US,events,thunderbird;windows-11;events;thunderbird-1500;thunderbird-15002;,pnagyvok,"""Show Timezones"" button logic is reversed if it was already turned on in New Event window",https://support.mozilla.org/questions/1581254,os:windows,Windows 11,,150.0.2,150,,,,0,false,,False,
1581265,2026-05-12T13:39:51.238337Z,2026-05-12,en-US,account-management,thunderbird;windows-11;account-management;thunderbird-14010;thunderbird-140102;,betsyfeick,I want Thunderbird to load emails from my gmail account as well as my existing bf at betsyfeick dot com account.,https://support.mozilla.org/questions/1581265,os:windows,Windows 11,,140.10.2esr 32-bit,140,m:gmail,,,1,true,4.23,False,
1581266,2026-05-12T13:41:03.631987Z,2026-05-12,en-US,install,thunderbird;windows-10;install;thunderbird-1420;,rafael.egloff,I want install Mozilla version 142 but the system downloads version 150 - what can I do?,https://support.mozilla.org/questions/1581266,os:windows,Windows 10,,142,142,,,,2,true,1.34,False,
1581273,2026-05-12T14:43:42.238487Z,2026-05-12,en-US,email-and-messaging,thunderbird;email-and-messaging;thunderbird-1500;thunderbird-15002;,existentialflow369,Unable to add personal Hotmail/Outlook.com 🥹 _ Any help is appreciated❤️,https://support.mozilla.org/questions/1581273,os:macos,macOS Sequoia 15.6.1,macos:sequoia,150.0.2,150,m:microsoftemail,proto:imap;proto:smtp;proto:oauth,,1,true,3.54,False,
1581274,2026-05-12T14:52:52.270037Z,2026-05-12,en-US,customization,thunderbird;customization;windows-11;thunderbird-115180;thunderbird-11518;,jdp6,Remove all threads in all folders,https://support.mozilla.org/questions/1581274,os:windows,Windows 11,,115.18.0,115,,,,1,true,2.17,False,
1581275,2026-05-12T14:53:19.419551Z,2026-05-12,en-US,send-and-receive-email,thunderbird;windows-11;send-and-receive-email;thunderbird-1500;thunderbird-15002;,steen.jurs,Deleted mails are not removed from Gmail All Mails folder even though I transfer to Trash and empty the trash folder .,https://support.mozilla.org/questions/1581275,os:windows,Windows 11,,150.0.2,150,m:gmail,proto:imap,,4,true,0.16,False,
1581277,2026-05-12T15:02:35.339601Z,2026-05-12,en-US,junk-mail-and-spam,thunderbird;windows-10;junk-mail-and-spam;thunderbird-1500;thunderbird-15002;,leclaw,"I'm receiving numerous emails unrelated to anything I am doing, how can I get rid of them in batches without having to r",https://support.mozilla.org/questions/1581277,os:windows,windows 10,,150.0.2,150,,,,1,true,4.27,False,
1581279,2026-05-12T15:06:51.583573Z,2026-05-12,en-US,send-and-receive-email,thunderbird;send-and-receive-email;windows-1011;thunderbird-1500;thunderbird-15002;,OverstreetENGR1,Sending of the message failed. The message could not be sent because the connection to Outgoing server (SMTP) smtp.juno.,https://support.mozilla.org/questions/1581279,os:windows,Windows 10/11,,150.0.2,150,,proto:imap;proto:smtp;proto:pop,,1,true,2.74,False,
1581281,2026-05-12T15:21:13.051130Z,2026-05-12,en-US,import-and-export-email,thunderbird;windows-11;import-and-export-email;thunderbird-14010;thunderbird-140102;,botto997,"TDS my email service provider is dropping support for email, what does this mean for my current data?",https://support.mozilla.org/questions/1581281,os:windows,Windows 11,,140.10.2esr (32-bi,140,,,,3,true,0.98,True,davidsk
1581286,2026-05-12T15:46:32.449595Z,2026-05-12,en-US,send-and-receive-email,windows-7;thunderbird;send-and-receive-email;thunderbird-11580;thunderbird-1158;,pauldfixr,"When I move all messages from a search folder to a mail folder, they all return to the search folder.",https://support.mozilla.org/questions/1581286,os:windows,Windows 7,,115.8.0,115,m:yahooemail,,,4,true,21.53,False,
1581289,2026-05-12T15:48:08.643962Z,2026-05-12,en-US,send-and-receive-email,thunderbird;windows-11;send-and-receive-email;thunderbird-1500;thunderbird-15002;,csamfarler,Same incoming message reloaded in endless loop,https://support.mozilla.org/questions/1581289,os:windows,Windows 11,,150.0.2,150,,,,2,true,8.32,True,rednoise
1581290,2026-05-12T15:48:24.544336Z,2026-05-12,nl,account-management,thunderbird;windows-11;account-management;thunderbird-1500;,vandenberghe.jo,hoe kan ik het primair email adres wijzigen naar mijn naam ( echtgenoot overleden),https://support.mozilla.org/questions/1581290,os:windows,Windows 11,,150,150,,,,1,true,15.32,True,Mozilla-assistent
1581298,2026-05-12T16:23:46.780060Z,2026-05-12,en-US,email-and-messaging,thunderbird;windows-11;email-and-messaging;thunderbird-1500;thunderbird-15002;,mooredj19,Insert today's date in body of message,https://support.mozilla.org/questions/1581298,os:windows,Windows 11,,150.0.2,150,,,,1,true,1.88,False,
1581300,2026-05-12T16:40:40.514474Z,2026-05-12,it,junk-mail-and-spam,thunderbird;windows-11;junk-mail-and-spam;thunderbird-14010;thunderbird-140102;,luigicava61,"non c'e' la cartella spam nella posta,c'è solo quella indesiderata dove seleziono io quelle da mettere. Come faccio a ve",https://support.mozilla.org/questions/1581300,os:windows,Windows 11,,140.10.2esr,140,,,,3,true,21.48,False,
1581303,2026-05-12T16:54:12.704913Z,2026-05-12,en-US,email-and-messaging,thunderbird;email-and-messaging;thunderbird-1500;thunderbird-15002;,tmp003,"Cannot delete or move a message from Inbox - macOS, Exchange server, Tbird 150.0.2 (aarch64)",https://support.mozilla.org/questions/1581303,os:macos,Mac OS 26.4.1 (Tahoe),,150.0.2,150,m:microsoftemail,,,4,true,0.69,True,rednoise
1581305,2026-05-12T17:15:36.135859Z,2026-05-12,en-US,customization,thunderbird;customization;windows-11;thunderbird-1500;thunderbird-15002;,JamesJ,Disable 'Welcome to Freedom',https://support.mozilla.org/questions/1581305,os:windows,Windows 11,,150.0.2,150,,,,1,true,0.08,False,
1581322,2026-05-12T19:12:23.074910Z,2026-05-12,en-US,app-crash,thunderbird;windows-10;app-crash;thunderbird-1500;thunderbird-15002;,life777eternal,thunderbird.exe - Bad Image,https://support.mozilla.org/questions/1581322,os:windows,Windows 10,,150.0.2.0,150,,,,1,true,0.35,False,
1581351,2026-05-12T22:19:43.969100Z,2026-05-12,en-US,send-and-receive-email,thunderbird;windows-10;send-and-receive-email;thunderbird-1500;thunderbird-15002;,JohnsonDW,Pages of code when I write,https://support.mozilla.org/questions/1581351,os:windows,Windows 10,,150.0.2,150,,,,1,true,2.53,False,
1581353,2026-05-12T23:14:30.378777Z,2026-05-12,en-US,profiles,thunderbird;profiles;,floyd6789,Computer failure - loss of thunderbird emails - recovery of Thunderbird on much newer desktop windows 11 computer,https://support.mozilla.org/questions/1581353,os:windows,Windows 11 Pro,,Not installed yet,,m:yahooemail,,,1,true,1.33,False,
1581355,2026-05-12T23:37:01.175647Z,2026-05-12,en-US,account-management,thunderbird;windows-10;account-management;thunderbird-1500;thunderbird-15002;,Tom.Thornton,"Migrating from Outlook Classic to IMAP Server, but unable to reconfigure to IMAP server, with emails and folders already",https://support.mozilla.org/questions/1581355,os:windows,Windows 10,,150.0.2,150,m:microsoftemail,proto:imap,,3,true,11.97,False,
1581357,2026-05-12T23:50:38.224977Z,2026-05-12,en-US,calendar,thunderbird;calendar;windows-10;thunderbird-1500;thunderbird-15001;,haigster1,How do I delete completed tasks in the task tab?,https://support.mozilla.org/questions/1581357,os:windows,Windows 10,,150.0.1,150,,,,0,false,,False,
1581362,2026-05-13T00:12:27.285376Z,2026-05-13,en-US,passwords-and-sign-in,thunderbird;windows-11;passwords-and-sign-in;thunderbird-1500;thunderbird-15002;,gcoote67,"""Exchange auth error"" when trying to add Outlook or Gmail accounts to Mozilla Thunderbird",https://support.mozilla.org/questions/1581362,os:windows,Windows 11,,150.0.2,150,m:gmail;m:microsoftemail,,,0,false,,False,
1581363,2026-05-13T00:20:22.519232Z,2026-05-13,en-US,customization,thunderbird;customization;windows-11;thunderbird-1500;thunderbird-15002;,JamesJ,Understanding the 'Folder' Menu,https://support.mozilla.org/questions/1581363,os:windows,Windows 11,,150.0.2,150,,,,1,true,14.56,False,
1581365,2026-05-13T01:07:33.416367Z,2026-05-13,en-US,account-management,thunderbird;windows-11;account-management;thunderbird-1500;thunderbird-15002;,tjuchemcr,Unable to add new account by POP,https://support.mozilla.org/questions/1581365,os:windows,Windows 11,,150.0.2,150,,proto:pop,,5,true,0.26,False,
1581376,2026-05-13T02:26:46.727975Z,2026-05-13,en-US,passwords-and-sign-in,thunderbird;windows-11;passwords-and-sign-in;,jim.murray,Authentification Error,https://support.mozilla.org/questions/1581376,os:windows,Windows 11,,150.0.02 64 bit,150,m:btinternet,proto:pop,,0,false,,False,
1581404,2026-05-13T07:08:51.807047Z,2026-05-13,en-US,accounts,thunderbird;accounts;windows-11;unsupported-locale;russian-locale;,nastasiya.sochi,"Не получается зайти в почту mail.ru, пишет браузер устарел",https://support.mozilla.org/questions/1581404,os:windows,Windows 11,,150.0.2,150,m:mailru,,,1,true,8.16,False,
1581406,2026-05-13T07:25:46.069880Z,2026-05-13,en-US,connectivity,thunderbird;needsinfo;windows-10;connectivity;thunderbird-1500;thunderbird-15002;,smkkras,the problem with connecting to gmail.com,https://support.mozilla.org/questions/1581406,os:windows,Windows 10,,150.0.2 (64-разряд,150,m:gmail,,,4,true,5.15,False,
1581411,2026-05-13T07:38:09.604416Z,2026-05-13,en-US,contacts,thunderbird;contacts;windows-1011;firefox-1500;,raymond_j_markiewicz,The New Email Add Recipient folder is empty and contents moved to People Folder.  Need to move them back!,https://support.mozilla.org/questions/1581411,os:windows,Windows 10/11,,,,,,,3,true,3.36,False,
1581418,2026-05-13T08:30:37.310160Z,2026-05-13,en-US,junk-mail-and-spam,thunderbird;windows-10;junk-mail-and-spam;thunderbird-1500;thunderbird-15002;,juergen.plenske,Wie lösche ich eine defekten Spam / Junk Ordner im Konto (Pfad falsch) ?,https://support.mozilla.org/questions/1581418,os:windows,Windows 10,,150.0.2,150,m:tonline,proto:imap,,4,true,3.31,True,Mapenzi
1581426,2026-05-13T09:24:07.453578Z,2026-05-13,nl,connectivity,thunderbird;windows-10;connectivity;,corry.bakker,"Computer gecrasht, opnieuw geinstaleerd, thunderbird  krijg  geen verbinding meer. Hoe krijg ik weer verbinding",https://support.mozilla.org/questions/1581426,os:windows,Windows 10,,bv 140?,140,m:kpn,,,1,true,0.71,False,
1581455,2026-05-13T13:34:34.596683Z,2026-05-13,en-US,import-and-export-email,linux;thunderbird;import-and-export-email;,PelleVe,How to safely copy more emails from backup to the new profile created with a Ubuntu reinstall,https://support.mozilla.org/questions/1581455,os:linux,Linux,,Version 140.10.0es,140,,,,3,true,0.99,False,
1581459,2026-05-13T14:02:52.066867Z,2026-05-13,en-US,email-and-messaging,thunderbird;email-and-messaging;thunderbird-1500;thunderbird-15002;,jjn6542,Account hub not showing Exchange options,https://support.mozilla.org/questions/1581459,os:linux,Linux Ubuntu 24.04LTS,,150.0.2,150,m:microsoftemail,,,4,true,1.04,False,
1581461,2026-05-13T14:17:26.683327Z,2026-05-13,en-US,email-and-messaging,thunderbird;windows-10;email-and-messaging;thunderbird-14010;thunderbird-140102;,Purebeads,"Is this ""threading""?",https://support.mozilla.org/questions/1581461,os:windows,Windows 10,,140.10.2esr,140,,,,9,true,0.56,False,
1581470,2026-05-13T15:09:49.035636Z,2026-05-13,nl,send-and-receive-email,thunderbird;windows-11;send-and-receive-email;thunderbird-14010;thunderbird-140102;,aeverstraeten,"door een verkeerde manipulatie in menu of taakbalk is de instructie""verzenden"" verdwenen zowel bij nieuw bericht als bij",https://support.mozilla.org/questions/1581470,os:windows,Windows 11,,140.10.2,140,,,,1,true,0.17,False,
1581472,2026-05-13T15:41:09.810517Z,2026-05-13,en-US,performance-and-connectivity,thunderbird;windows-11;performance-and-connectivity;thunderbird-1500;thunderbird-15002;,michael.herr-ratingen,Thunderbird Mailbox kann sich nicht kopieren.,https://support.mozilla.org/questions/1581472,os:windows,Windows 11,,150.0.2,150,,,,5,true,4.21,True,Mapenzi
1581474,2026-05-13T16:10:03.625127Z,2026-05-13,en-US,send-and-receive-email,thunderbird;windows-11;send-and-receive-email;thunderbird-1500;thunderbird-15002;,hector12,Can’t send email via AT&T account,https://support.mozilla.org/questions/1581474,os:windows,Windows 11,,150.0.2,150,m:yahooemail;m:att,proto:smtp;proto:pop,,0,false,,False,
1581477,2026-05-13T16:21:30.299220Z,2026-05-13,en-US,send-and-receive-email,thunderbird;windows-11;send-and-receive-email;thunderbird-1500;thunderbird-15002;,ccardwel,Unable to write email to mailbox,https://support.mozilla.org/questions/1581477,os:windows,Windows 11,,150.0.2 64bit,150,,proto:pop,av:avast,2,true,3.03,False,
1581481,2026-05-13T16:37:37.210706Z,2026-05-13,en-US,send-and-receive-email,thunderbird;windows-11;send-and-receive-email;thunderbird-14010;thunderbird-140102;,bb_nycuws,Can't access yahoo mail anymore after 4/04/26,https://support.mozilla.org/questions/1581481,os:windows,Windows 11,,140.10.2esr,140,m:yahooemail,proto:smtp;proto:pop,,1,true,0.78,False,
1581486,2026-05-13T17:11:13.723978Z,2026-05-13,en-US,customization,thunderbird;windows-10;customization;thunderbird-1500;thunderbird-15002;,john391,Web hyperlinks aren't working,https://support.mozilla.org/questions/1581486,os:windows,Windows 10,,150.0.2,150,,,,3,true,0.06,True,davidsk
1581503,2026-05-13T18:22:04.994413Z,2026-05-13,en-US,send-and-receive-email,thunderbird;send-and-receive-email;thunderbird-1500;thunderbird-15002;,jallen2,"When sending an email response, it only goes to 70% and stops sending",https://support.mozilla.org/questions/1581503,os:macos,Mac OS x 10_15_7,,150.0.2,150,,,,0,false,,False,
1581504,2026-05-13T18:25:04.834281Z,2026-05-13,en-US,send-and-receive-email,thunderbird;windows-11;send-and-receive-email;thunderbird-14010;thunderbird-140102;,rc.woolfenden,Unable to download emails,https://support.mozilla.org/questions/1581504,os:windows,Windows 11,,140.10.2esr (64bit,140,m:yahooemail;m:verizon,,,0,false,,False,
1581515,2026-05-13T19:30:38.051623Z,2026-05-13,en-US,send-and-receive-email,thunderbird;windows-11;send-and-receive-email;thunderbird-1500;thunderbird-15002;,me558,Is Thunderbird MAPI compatible?,https://support.mozilla.org/questions/1581515,os:windows,Windows 11,,150.0.2,150,,,,6,true,0.57,False,
1581524,2026-05-13T20:27:43.352931Z,2026-05-13,en-US,send-and-receive-email,thunderbird;windows-10;send-and-receive-email;thunderbird-1500;thunderbird-15002;,peteh1944,Thunderbird will not send hotmail.,https://support.mozilla.org/questions/1581524,os:windows,Windows 10,,150.0.2,150,m:microsoftemail,proto:smtp,,0,false,,False,
1581536,2026-05-13T21:59:05.642375Z,2026-05-13,en-US,customization,linux;thunderbird;customization;thunderbird-14010;thunderbird-140102;,marsdenf,Thunderbird won't play sound on new message. (Xubuntu 26.04),https://support.mozilla.org/questions/1581536,os:linux,Linux,,140.10.2esr 64 bit,140,,,,3,true,1.9,False,
1581539,2026-05-13T22:43:03.811797Z,2026-05-13,en-US,contacts,thunderbird;contacts;windows-1011;firefox-1500;,raymond_j_markiewicz,Move email contacts from People folder back to New Email Add Recipient folder do to Mozilla update error.,https://support.mozilla.org/questions/1581539,os:windows,Windows 10/11,,,,,,,3,true,0.98,False,
1581543,2026-05-13T23:14:24.910091Z,2026-05-13,en-US,passwords-and-sign-in,thunderbird;passwords-and-sign-in;thunderbird-140100;thunderbird-14010;,michael.moon1,Thunderbird is not accepting password for emailing my family that it used to.,https://support.mozilla.org/questions/1581543,,,,140.10.0esr,140,m:spectrum,,,1,true,17.05,False,
1581574,2026-05-14T05:08:08.619466Z,2026-05-14,en-US,send-and-receive-email,thunderbird;windows-10;send-and-receive-email;thunderbird-1500;thunderbird-15002;,ss19,почему при открытии сообщения в папке входящие предлагается сразу отправить сообщение на входящий адрес,https://support.mozilla.org/questions/1581574,os:windows,Windows 10,,150.0.2,150,,,,1,true,4.28,False,
1581581,2026-05-14T05:44:55.159807Z,2026-05-14,en-US,import-and-export-email,thunderbird;windows-10;import-and-export-email;thunderbird-14010;thunderbird-140102;,raybright2017,Thunderbird Local Files - Saving to USB and open on another Device,https://support.mozilla.org/questions/1581581,os:windows,Windows 10,,140.10.2 esr,140,,,,1,true,5.23,False,
1581582,2026-05-14T05:59:08.376655Z,2026-05-14,nl,accessibility,thunderbird;accessibility;thunderbird-android;,patricia10,Bijlages kan ik niet openen en links worden weergegeven als veel tekst,https://support.mozilla.org/questions/1581582,,,,18.0,,,,,0,false,,False,
1581589,2026-05-14T07:14:26.631715Z,2026-05-14,en-US,customization,thunderbird;customization;windows-11;thunderbird-1500;thunderbird-15002;,markcollings,How do I highlight selected text so it stands out?,https://support.mozilla.org/questions/1581589,os:windows,Windows 11,,150.0.2,150,,,,1,true,0.88,False,
1581591,2026-05-14T07:31:16.450740Z,2026-05-14,en-US,send-and-receive-email,thunderbird;windows-11;send-and-receive-email;thunderbird-1500;thunderbird-15002;,spike24359,cannot send emails,https://support.mozilla.org/questions/1581591,os:windows,Windows 11,,150.0.2 [64 bit],150,m:microsoftemail,,,1,true,0.41,False,
1581596,2026-05-14T08:07:53.426767Z,2026-05-14,en-US,events,thunderbird;windows-11;events;firefox-1500;firefox-15003;,b.serong,Thunderbird: Geburtstage nicht im Kalender,https://support.mozilla.org/questions/1581596,os:windows,Windows 11,,,,,,,3,true,3.91,False,
1581600,2026-05-14T09:01:25.613296Z,2026-05-14,en-US,connectivity,thunderbird;connectivity;thunderbird-1500;thunderbird-15002;,ujiie5322,接続エラー,https://support.mozilla.org/questions/1581600,,,,150.0.2,150,,,,1,true,0.28,False,
1581607,2026-05-14T09:51:21.295808Z,2026-05-14,en-US,extensions,thunderbird;windows-11;extensions;thunderbird-1500;thunderbird-15002;,sw1,I can't find a Copernic add-on. It used to be there but has now disappeared.,https://support.mozilla.org/questions/1581607,os:windows,Windows 11,,150.0.2,150,,,,3,true,0.53,False,
1581623,2026-05-14T11:44:13.267658Z,2026-05-14,en-US,passwords-and-sign-in,thunderbird;windows-11;passwords-and-sign-in;,attica22687ret,can't add my new GMX account to Thunderbird,https://support.mozilla.org/questions/1581623,os:windows,Windows 11,,150.02,150,m:microsoftemail;m:gmx,,,3,true,1.82,True,davidsk
1581629,2026-05-14T13:09:47.555553Z,2026-05-14,en-US,email-and-messaging,thunderbird;email-and-messaging;,cpliechty,"cannot add one of three email addresses, using verified address, user name, and PW.",https://support.mozilla.org/questions/1581629,os:windows,Windows 11 Pro,,latest version,,m:gmail;m:spectrum,,,1,true,2.9,False,
1581632,2026-05-14T13:22:35.814972Z,2026-05-14,it,send-and-receive-email,thunderbird;send-and-receive-email;thunderbird-1500;thunderbird-15002;,brotherjakepic,non riesco a mandare via la posta.,https://support.mozilla.org/questions/1581632,os:macos,Mac OS x 10_15_7,macos:sequoia,150.0.2,150,,,,4,true,0.71,True,brotherjakepic
1581643,2026-05-14T14:40:45.773662Z,2026-05-14,es,send-and-receive-email,thunderbird;needsinfo;windows-11;send-and-receive-email;thunderbird-1500;thunderbird-15002;,farides.meneses,Thunderbird no envía correos con Outlook/Office365: error STARTTLS smtp.office365.com,https://support.mozilla.org/questions/1581643,os:windows,Windows 11,,150.0.2,150,m:microsoftemail,proto:smtp;proto:oauth,,1,true,54.99,False,
1581655,2026-05-14T16:23:39.433869Z,2026-05-14,en-US,email-and-messaging,thunderbird;windows-11;email-and-messaging;thunderbird-1500;thunderbird-15002;,hertzfl2,my email for saved personal emails has disappeared,https://support.mozilla.org/questions/1581655,os:windows,Windows 11,,150.0.2,150,m:yahooemail,,,0,false,,False,
1581659,2026-05-14T16:43:19.133964Z,2026-05-14,en-US,passwords-and-sign-in,thunderbird;passwords-and-sign-in;thunderbird-78140;thunderbird-7814;,peanut,Unable to “Accept Permissions” after password update,https://support.mozilla.org/questions/1581659,os:macos,Mac OS x 10_11_6,,78.14.0,,,proto:oauth,,14,true,0.33,False,
1581665,2026-05-14T17:34:13.645323Z,2026-05-14,en-US,account-management,thunderbird;account-management;thunderbird-14010;thunderbird-140102;,michael.moon1,How do I post server settings and SMTP outgoing server settings in Thunderbird?,https://support.mozilla.org/questions/1581665,,,,140.10.2esr,140,,proto:smtp,,1,true,0.37,False,
1581669,2026-05-14T18:12:39.169985Z,2026-05-14,en-US,email-and-messaging,thunderbird;email-and-messaging;thunderbird-14080;thunderbird-1408;,sue54,Open in conversation issues,https://support.mozilla.org/questions/1581669,os:windows,Windows 10 pro,,140.8.0es,140,,,,1,true,35.19,False,
1581677,2026-05-14T19:25:34.085212Z,2026-05-14,en-US,send-and-receive-email,thunderbird;windows-11;send-and-receive-email;thunderbird-1500;,jctmoran9,Mail not downloading and name of account is now in red,https://support.mozilla.org/questions/1581677,os:windows,Windows 11,,150.0.b1,150,,,,0,false,,False,
1581688,2026-05-14T20:40:02.516389Z,2026-05-14,en-US,customization,thunderbird;customization;windows-11;thunderbird-1500;,Rickhart,Line throught emails.,https://support.mozilla.org/questions/1581688,os:windows,Windows 11,,150.0,150,m:microsoftemail,,,1,true,9.16,False,
1581690,2026-05-14T20:43:40.794199Z,2026-05-14,en-US,customization,thunderbird;customization;windows-11;thunderbird-1500;thunderbird-15002;,joelhornstein,unread emails no longer in boldface,https://support.mozilla.org/questions/1581690,os:windows,Windows 11,,150.0.2,150,m:att,,,1,true,9.22,False,
1581697,2026-05-14T21:38:33.128169Z,2026-05-14,en-US,passwords-and-sign-in,thunderbird;windows-10;passwords-and-sign-in;thunderbird-14010;thunderbird-140102;,Hardip.Pannu,"Thunderbird fails to complete setup for GMAIL account on Windows or MAC, says invalid username or password.",https://support.mozilla.org/questions/1581697,os:windows,Windows 10,,140.10.2esr (64-bi,140,m:gmail,,,2,true,1.66,False,
1581708,2026-05-15T00:29:59.847094Z,2026-05-15,en-US,junk-mail-and-spam,thunderbird;windows-11;junk-mail-and-spam;firefox-1500;firefox-15003;,elgrabaum,"When trying to block spam emails, the prompt does not appear.",https://support.mozilla.org/questions/1581708,os:windows,Windows 11,,,,,,,4,true,4.21,True,MattAuSupport
1581717,2026-05-15T02:39:21.153119Z,2026-05-15,en-US,email-and-messaging,thunderbird;windows-11;email-and-messaging;thunderbird-14010;thunderbird-140102;,enquiries39,Have transferred my website to Crazy Domains and they need DNS records for email in order to setup my email on webite,https://support.mozilla.org/questions/1581717,os:windows,Windows 11,,140.10.2esr,140,,,,1,true,2.04,False,
1581718,2026-05-15T02:57:19.246102Z,2026-05-15,en-US,connectivity,thunderbird;windows-10;connectivity;,maric52,Namechw  + cPanewl + Thunderbirs,https://support.mozilla.org/questions/1581718,os:windows,Windows 10,,Vesrsion 150.0.2,150,,,,2,true,26.34,True,MattAuSupport
1581727,2026-05-15T04:33:57.237825Z,2026-05-15,en-US,profiles,thunderbird;windows-10;profiles;thunderbird-14010;thunderbird-140102;,AuntieDiva,Where is my Thunderbird profile file (please read the entire explanation--if it were just a matter of reading and follow,https://support.mozilla.org/questions/1581727,os:windows,Windows 10,,140.10.2esr,140,,,,7,true,0.11,True,davidsk
1581733,2026-05-15T05:40:50.898768Z,2026-05-15,en-US,autofill,thunderbird;windows-11;autofill;thunderbird-1500;thunderbird-15002;,bazire,cannot send emails thunderbird changes dot into dash in the address bar,https://support.mozilla.org/questions/1581733,os:windows,Windows 11,,150.0.2,150,,,,0,false,,False,
1581747,2026-05-15T08:09:06.385169Z,2026-05-15,en-US,send-and-receive-email,thunderbird;windows-11;send-and-receive-email;thunderbird-14010;thunderbird-140102;,cadmaster,Frequent errors with account access,https://support.mozilla.org/questions/1581747,os:windows,Windows 11,,140.10.2esr,140,,,,1,true,9.09,False,
1581748,2026-05-15T08:09:10.759303Z,2026-05-15,es,email-and-messaging,linux;thunderbird;email-and-messaging;thunderbird-14010;thunderbird-140101;,reca6000,sort the subfolders alphabetically?,https://support.mozilla.org/questions/1581748,os:linux,Linux,,140.10.1esr 674 bi,140,m:gmail,,,5,true,85.66,True,pcp04
1581751,2026-05-15T08:42:33.140967Z,2026-05-15,en-US,passwords-and-sign-in,thunderbird;windows-11;passwords-and-sign-in;thunderbird-1500;thunderbird-15002;,ken.gus,cannot set password for outgoing email,https://support.mozilla.org/questions/1581751,os:windows,Windows 11,,150.0.2,150,,,,6,true,0.5,True,ken.gus
1581762,2026-05-15T10:50:36.053112Z,2026-05-15,it,send-and-receive-email,thunderbird;windows-11;send-and-receive-email;thunderbird-14010;thunderbird-140102;,informazioni.contatti,Non scarico alcuni messaggi da uno dei miei account gmail,https://support.mozilla.org/questions/1581762,os:windows,Windows 11,,140.10.2esr (64bit,140,m:gmail;m:microsoftemail;m:libero,proto:imap;proto:pop,,2,true,2.58,True,informazioni.contatti
1581763,2026-05-15T11:16:30.674160Z,2026-05-15,en-US,email-and-messaging,thunderbird;windows-10;email-and-messaging;thunderbird-1500;thunderbird-15002;,p.socha,SIMPLIFY THUNDERBIRD. IT IS FAR TOO OVERCOMPLEX.,https://support.mozilla.org/questions/1581763,os:windows,Windows 10,,150.0.2,150,,,,1,true,5.83,False,
1581764,2026-05-15T11:32:15.427326Z,2026-05-15,en-US,send-and-receive-email,thunderbird;windows-10;send-and-receive-email;,thompsoncourtreporting,Using 140.10.2esr send issue,https://support.mozilla.org/questions/1581764,os:windows,Windows 10,,Using 140.10.2esr,140,,,,4,true,5.09,True,thompsoncourtreporting
1581770,2026-05-15T12:18:04.167486Z,2026-05-15,pt-BR,send-and-receive-email,thunderbird;windows-11;send-and-receive-email;,luciana3,PROBLEMA PARA ENVIO DE E-MAILS,https://support.mozilla.org/questions/1581770,os:windows,Windows 11,,550 Connection Rej,,,,,0,false,,False,
1581773,2026-05-15T12:38:51.707115Z,2026-05-15,en-US,import-and-export-email,thunderbird;mac-os-x-1015;import-and-export-email;thunderbird-1500;thunderbird-15002;,'@-my-wits-end,"Help please, trying to do Yahoo Mail backup to Mac",https://support.mozilla.org/questions/1581773,os:macos,Mac OS x 10.15,macos:catalina,150.0.2,150,m:yahooemail,proto:imap;proto:pop,,3,true,4.52,False,
1581778,2026-05-15T13:09:52.649376Z,2026-05-15,pt-BR,email-and-messaging,thunderbird;windows-11;email-and-messaging;thunderbird-1500;thunderbird-15002;,guictr88,"Ao tentar inserir uma imagem em uma resposta, a imagem é inserida sobre o conteúdo da mensagem à qual estou respondendo",https://support.mozilla.org/questions/1581778,os:windows,Windows 11,,150.0.2,150,,,,0,false,,False,
1581785,2026-05-15T13:59:44.605871Z,2026-05-15,en-US,encryption,thunderbird;windows-11;encryption;,carolw19581944,how do I get rid of the pop up - you are about to override how Thunderbid identifies this site - for a deleted mail.co.u,https://support.mozilla.org/questions/1581785,os:windows,Windows 11,,150.02,150,,,,4,true,2.61,False,
1581790,2026-05-15T14:16:31.117340Z,2026-05-15,en-US,contacts,thunderbird;mac-os-x-1015;contacts;,HBassman,when I receive messages in the From - To - Subject. The To: wrong name always comes in with a wrong name.,https://support.mozilla.org/questions/1581790,os:macos,Mac OS x 10.15,,I don't know,,,,,2,true,2.16,False,
1581805,2026-05-15T15:06:15.456811Z,2026-05-15,en-US,search,thunderbird;search;thunderbird-14010;thunderbird-140102;,colgate2004,Thunderbird not indexing folders (already rebuilt GloDa),https://support.mozilla.org/questions/1581805,os:macos,Mac OS x 10_15_7,,140.10.2esr,140,,,,5,true,1.21,True,rednoise
1581806,2026-05-15T15:17:11.860124Z,2026-05-15,en-US,connectivity,thunderbird;windows-10;connectivity;thunderbird-140100;thunderbird-14010;,jdurand10,Thunderbird will not send message with vpn turned on,https://support.mozilla.org/questions/1581806,os:windows,Windows 10,,140.10.0esr (64-bi,140,,,,2,true,0.8,True,jdurand10
1581807,2026-05-15T15:25:30.852513Z,2026-05-15,en-US,passwords-and-sign-in,thunderbird;windows-11;passwords-and-sign-in;thunderbird-1500;thunderbird-15002;,zbadger,login failure on reinstalled windows desktop,https://support.mozilla.org/questions/1581807,os:windows,Windows 11,,150.0.2,150,,,,10,true,0.65,False,
1581809,2026-05-15T15:28:41.315959Z,2026-05-15,en-US,connectivity,thunderbird;windows-11;connectivity;thunderbird-1500;thunderbird-15002;,admin699,Unable to open links in emails,https://support.mozilla.org/questions/1581809,os:windows,Windows 11,,150.0.2,150,,,av:defender,7,true,0.18,False,
1581815,2026-05-15T15:49:40.841441Z,2026-05-15,es,email-and-messaging,thunderbird;windows-10;email-and-messaging;thunderbird-14010;thunderbird-140102;,fajazas,recuperar mensajes,https://support.mozilla.org/questions/1581815,os:windows,Windows 10,,140.10.2esr(64bits,140,,,,1,true,37.37,False,
1581817,2026-05-15T15:57:35.086648Z,2026-05-15,en-US,import-and-export-email,thunderbird;windows-11;import-and-export-email;thunderbird-1500;thunderbird-15001;,bruce_c,"How do I Read or Merge a year old ""inbox.file"" with my present profile in Thunderbird",https://support.mozilla.org/questions/1581817,os:windows,Windows 11,,150.0.1,150,,,,1,true,0.05,False,
1581825,2026-05-15T16:44:20.906440Z,2026-05-15,en-US,app-crash,thunderbird;windows-11;app-crash;thunderbird-1470;thunderbird-14702;,rayz55,Thunderbird wont't start (immediate crash) after latest Windows 11 update,https://support.mozilla.org/questions/1581825,os:windows,Windows 11,,147.0.2.0,147,,,,4,true,12.51,True,MattAuSupport
1581832,2026-05-15T17:25:42.793934Z,2026-05-15,en-US,accounts,thunderbird;accounts;windows-11;thunderbird-1500;,norisezp,What is the latest on Thunderbird account setup issues?,https://support.mozilla.org/questions/1581832,os:windows,WINDOWS 11,,150,150,,,,1,true,0.88,False,
1581834,2026-05-15T17:42:53.257961Z,2026-05-15,en-US,send-and-receive-email,linux;thunderbird;send-and-receive-email;thunderbird-14071;thunderbird-1407;,dee3,"There used to be a way to block sending an e-mail to a particular recipient, how can I do this now?",https://support.mozilla.org/questions/1581834,os:linux,Linux,,140.7.1esr (64-bit,140,,,,0,false,,False,
1581835,2026-05-15T17:43:26.145674Z,2026-05-15,en-US,customization,thunderbird;customization;windows-11;thunderbird-1500;thunderbird-15002;,junk-it,How do I change Thunderbird's icon back to the older version?  The new version looks a lot like Signal's icon.,https://support.mozilla.org/questions/1581835,os:windows,Windows 11,,150.0.2 64-bit,150,,,,3,true,0.71,True,junk-it
1581844,2026-05-15T18:45:41.495205Z,2026-05-15,en-US,send-and-receive-email,linux;thunderbird;send-and-receive-email;thunderbird-1500;thunderbird-15002;,saintjaved,I can't send emails via Thunderbird in Ubuntu 24.04,https://support.mozilla.org/questions/1581844,os:linux,Linux,,150.0.2,150,m:microsoftemail,,,0,false,,False,
1581848,2026-05-15T19:32:05.364987Z,2026-05-15,en-US,send-and-receive-email,thunderbird;windows-11;send-and-receive-email;thunderbird-1500;thunderbird-15002;,jaewonleee333,There is two of the exact same email delievered to the same email address,https://support.mozilla.org/questions/1581848,os:windows,Windows 11,,150.0.2,150,,,,0,false,,False,
1581858,2026-05-15T20:33:01.717473Z,2026-05-15,en-US,passwords-and-sign-in,beta;thunderbird;passwords-and-sign-in;thunderbird-1500;,jvdfedie,How do I find the correct password to sign in to my Thunderbird email?,https://support.mozilla.org/questions/1581858,,,,150.0b1,150,,,,1,true,0.47,False,
1581869,2026-05-15T21:55:45.171202Z,2026-05-15,en-US,attachments,thunderbird;windows-11;attachments;thunderbird-1500;thunderbird-15002;,february53,Is there a way to report a problem with printing color PDF files?,https://support.mozilla.org/questions/1581869,os:windows,Windows 11,,150.0.2,150,,,,1,true,9.41,False,
1581871,2026-05-15T22:01:17.602463Z,2026-05-15,en-US,passwords-and-sign-in,thunderbird;passwords-and-sign-in;thunderbird-140100;thunderbird-14010;,michael.moon1,I tried deleting my old password,https://support.mozilla.org/questions/1581871,,,,140.10.0esr,140,,proto:oauth,,1,true,41.28,False,
1581875,2026-05-15T23:01:02.729814Z,2026-05-15,en-US,import-and-export-email,thunderbird;windows-11;import-and-export-email;thunderbird-1500;,carole19,I had thunderbird email over one year ago and liked it now want to reinstall and cant remember my password,https://support.mozilla.org/questions/1581875,os:windows,Windows 11,,150,150,,,,1,true,40.26,False,
1581876,2026-05-15T23:15:23.957452Z,2026-05-15,en-US,send-and-receive-email,thunderbird;windows-11;send-and-receive-email;thunderbird-1500;thunderbird-15002;,rrdein,Thunderbird downloading new e-mails but they don't show in the Inbox message list,https://support.mozilla.org/questions/1581876,os:windows,Windows 11,,150.0.2,150,,,,0,false,,False,
1581890,2026-05-16T01:19:15.274640Z,2026-05-16,en-US,email-and-messaging,thunderbird;email-and-messaging;,guenat,Störung beim Email-Empfang auf dem IPhone,https://support.mozilla.org/questions/1581890,,,,150.0.3,150,,,,0,false,,False,
1581894,2026-05-16T01:58:40.866620Z,2026-05-16,en-US,send-and-receive-email,thunderbird;send-and-receive-email;thunderbird-14010;thunderbird-140101;,bier23,Thunderbird stopped sending messages,https://support.mozilla.org/questions/1581894,os:windows,Windows 11 Education,,140.10.1esr,140,,proto:imap;proto:oauth,,2,true,37.36,False,
1581899,2026-05-16T02:44:57.187359Z,2026-05-16,en-US,customization,thunderbird;windows-10;customization;thunderbird-14010;thunderbird-140102;,stepali,How to increasereading pane font,https://support.mozilla.org/questions/1581899,os:windows,Windows 10,,140.10.2esr,140,,,,2,true,11.14,True,davidsk
1581906,2026-05-16T04:14:41.509837Z,2026-05-16,en-US,customization,thunderbird;customization;thunderbird-14010;thunderbird-140102;,linusr,browser buttons gone,https://support.mozilla.org/questions/1581906,os:windows,Windows 11pro,,140.10.2esr,140,,,,1,true,12.51,True,norhorn
1581912,2026-05-16T05:43:59.896086Z,2026-05-16,it,account-management,thunderbird;windows-11;account-management;thunderbird-1500;thunderbird-15002;,forzamaggiore,il sistema chiede autenticazione anche se l'account è stato cancellato,https://support.mozilla.org/questions/1581912,os:windows,Windows 11,,150.0.2,150,,,,7,true,1.68,True,forzamaggiore
1581929,2026-05-16T08:56:57.149765Z,2026-05-16,en-US,send-and-receive-email,thunderbird;windows-11;send-and-receive-email;,ruth9,unable to send emails due to not connecting to outgoing server,https://support.mozilla.org/questions/1581929,os:windows,Windows 11,,don't know,,m:ionos,proto:smtp,,1,true,30.41,False,
1581931,2026-05-16T09:28:49.063434Z,2026-05-16,it,customization,thunderbird;customization;windows-11;thunderbird-1500;thunderbird-15002;,studiomedicoprina,errore avvio,https://support.mozilla.org/questions/1581931,os:windows,Windows 11,,150.0.2,150,,,,5,true,2.09,False,
1581933,2026-05-16T09:41:23.534119Z,2026-05-16,en-US,send-and-receive-email,thunderbird;mac-os-x-1015;send-and-receive-email;firefox-1500;firefox-15003;,lgbwi,All of a sudden I keep getting Mailer Daemon messages to all my outgoing emails on AOL.,https://support.mozilla.org/questions/1581933,os:macos,Mac OS x 10.15,,,,m:yahooemail,,,1,true,5.67,False,
1581946,2026-05-16T11:43:46.079573Z,2026-05-16,en-US,account-management,thunderbird;windows-10;account-management;thunderbird-140100;thunderbird-14010;,Purebeads,Does deleting an email account delete the associated emails?,https://support.mozilla.org/questions/1581946,os:windows,Windows 10,,140.10.0esr,140,,,,9,true,2.92,True,Purebeads
1581952,2026-05-16T12:44:31.653425Z,2026-05-16,pt-BR,update,linux;thunderbird;update;thunderbird-1500;thunderbird-15002;,luigi3,Repositório,https://support.mozilla.org/questions/1581952,os:linux,Linux,,150.0.2,150,,,,0,false,,False,
1581960,2026-05-16T13:15:46.424257Z,2026-05-16,en-US,send-and-receive-email,thunderbird;windows-11;send-and-receive-email;,troyconnor531962vet,new account setup failure,https://support.mozilla.org/questions/1581960,os:windows,Windows 11,,Version 150.0.2,150,m:microsoftemail,proto:pop,,1,true,0.7,False,
1581963,2026-05-16T14:03:18.234166Z,2026-05-16,nl,send-and-receive-email,thunderbird;windows-11;send-and-receive-email;,aeverstraeten,de instructie verzenden is verdwenen zowel bij nieuw bericht als bij een conceptbericht. kan geen mails sturen!,https://support.mozilla.org/questions/1581963,os:windows,Windows 11,,150.02,150,,,,1,true,40.77,False,
1581965,2026-05-16T14:25:56.094751Z,2026-05-16,en-US,send-and-receive-email,thunderbird;windows-11;send-and-receive-email;,pete-peg1,anything I can do to fix a delivery failure notice?,https://support.mozilla.org/questions/1581965,os:windows,Windows 11,,,,m:microsoftemail;m:rogers,,,6,true,0.13,False,
1581968,2026-05-16T14:49:42.935787Z,2026-05-16,en-US,install,thunderbird;windows-11;install;,hrgreen,instal Thunderbird on comcast/xfinity mail,https://support.mozilla.org/questions/1581968,os:windows,Windows 11,,latest version,,m:yahooemail;m:comcast,,,2,true,0.33,False,
1581981,2026-05-16T15:44:30.868229Z,2026-05-16,en-US,crashing-and-slow-performance,thunderbird;crashing-and-slow-performance;thunderbird-14010;thunderbird-140102;,colgate2004,Indexing hangs - any way to fix?,https://support.mozilla.org/questions/1581981,os:macos,Mac OS x 10_15_7,,140.10.2esr,140,,,,3,true,10.39,False,
1581986,2026-05-16T16:07:09.994316Z,2026-05-16,en-US,import-and-export-email,thunderbird;import-and-export-email;thunderbird-14010;thunderbird-140102;,hemccray,"How to merge POP emails to new IMAP account; How to move ""Drafts and Sent Mail"" as well",https://support.mozilla.org/questions/1581986,os:macos,Mac OS  Tahoe 26.4.1,,140.10.2esr,140,,proto:imap;proto:pop,,3,true,1.05,False,
1581989,2026-05-16T16:35:50.665846Z,2026-05-16,cs,email-and-messaging,windows-7;thunderbird;email-and-messaging;firefox-11535;firefox-115352;,forejtova.m,Jak odstranit omylem vytvořenou novou složku v poště?,https://support.mozilla.org/questions/1581989,os:windows,Windows 7,,,,,,,1,true,2.29,False,
1581995,2026-05-16T17:08:32.288499Z,2026-05-16,en-US,send-and-receive-email,thunderbird;windows-11;send-and-receive-email;thunderbird-1500;thunderbird-15002;,orders111,Emails auto marked as read,https://support.mozilla.org/questions/1581995,os:windows,Windows 11,,150.0.2,150,m:microsoftemail,,,3,true,8.68,False,
1582004,2026-05-16T17:45:51.694798Z,2026-05-16,en-US,customization,thunderbird;customization;windows-11;thunderbird-1500;thunderbird-15002;,adam130,New Folder goes into Unified Inbox,https://support.mozilla.org/questions/1582004,os:windows,Windows 11,,150.0.2,150,,,,3,true,0.75,False,
1582011,2026-05-16T18:35:26.229725Z,2026-05-16,en-US,account-management,thunderbird;windows-10;account-management;thunderbird-1500;thunderbird-15002;,1stwicavcpl,What has happened to Thunderbird??,https://support.mozilla.org/questions/1582011,os:windows,Windows 10,,150.0.2,150,m:gmail;m:comcast,proto:smtp,,5,true,7.17,False,
1582014,2026-05-16T18:43:53.882061Z,2026-05-16,en-US,app-crash,linux;thunderbird;app-crash;,pierre.rothenburger,well installed thunderbird doesn't start,https://support.mozilla.org/questions/1582014,os:linux,Linux,,unknown,,,,,1,true,8.72,False,
1582015,2026-05-16T18:46:29.378444Z,2026-05-16,en-US,account-management,thunderbird;windows-11;account-management;thunderbird-1500;thunderbird-15002;,cdnhermit,Thunderbird has already imported my Hotmail account. How do I import my Outlook.com account?,https://support.mozilla.org/questions/1582015,os:windows,Windows 11,,150.0.2,150,m:microsoftemail,,,2,true,6.69,True,MattAuSupport
1582019,2026-05-16T19:47:19.120613Z,2026-05-16,en-US,email-and-messaging,linux;thunderbird;email-and-messaging;thunderbird-14010;thunderbird-140102;,kevlaz5,adding earthlink email account,https://support.mozilla.org/questions/1582019,os:linux,Linux,,140.10.2esr,140,m:earthlink,,,2,true,6.02,False,
1582030,2026-05-16T21:08:38.415595Z,2026-05-16,en-US,passwords-and-sign-in,thunderbird;windows-11;passwords-and-sign-in;,alaskacrazy,Attempting to install Thunderbird on an additional desktop using same address as my original computer has.,https://support.mozilla.org/questions/1582030,os:windows,Windows 11,,I can't locate,,,,,1,true,6.81,False,
1582042,2026-05-16T23:04:10.438340Z,2026-05-16,en-US,send-and-receive-email,linux;thunderbird;send-and-receive-email;,redleader55,Sending email gives the below error message. I can work around by using the FWD message selection.,https://support.mozilla.org/questions/1582042,os:linux,Linux,,??,,m:gmail;m:microsoftemail,proto:smtp,,1,true,2.36,False,
1582047,2026-05-16T23:39:49.069013Z,2026-05-16,en-US,send-and-receive-email,thunderbird;send-and-receive-email;,osuarez770,Cannot create my account because there is always an error message complaining about the server etc..,https://support.mozilla.org/questions/1582047,os:macos,Mac OS x 10_15_7,,150.02.0,150,m:yahooemail;m:zoho;m:tutanota,,,1,false,,False,
1582077,2026-05-17T06:55:14.432609Z,2026-05-17,it,passwords-and-sign-in,thunderbird;passwords-and-sign-in;thunderbird-1490;thunderbird-14901;,fabriziolallilalli,Account Gmail,https://support.mozilla.org/questions/1582077,os:linux,Linux fedora 45,,149.0.1 64 bit,149,m:gmail,,,9,true,0.31,True,fabriziolallilalli
1582078,2026-05-17T07:02:18.265679Z,2026-05-17,en-US,send-and-receive-email,thunderbird;send-and-receive-email;,esakkip520,"I have Thunderbird mail access on my work place, with 1000 mail and 300 send mail  its very important recorded for my us",https://support.mozilla.org/questions/1582078,,,,Thunderbird,,,,,1,true,8.16,False,
1582101,2026-05-17T10:10:42.089613Z,2026-05-17,en-US,email-and-messaging,thunderbird;mac-os-x-1015;email-and-messaging;thunderbird-14010;thunderbird-140102;,helenbanks,'Local folders' no longer appears in the side bar (Mac).,https://support.mozilla.org/questions/1582101,os:macos,Mac OS x 10.15,,140.10.2esr,140,,,,3,true,11.21,True,Mapenzi
1582104,2026-05-17T10:18:33.967498Z,2026-05-17,it,passwords-and-sign-in,thunderbird;needsinfo;windows-10;passwords-and-sign-in;,paoloferrari.modena,"Durante creazione di account non riconosce credenziali, ritestate  giuste",https://support.mozilla.org/questions/1582104,os:windows,Windows 10,,Version 150.0.2,150,,,,1,true,1.34,True,'@next
1582105,2026-05-17T10:19:57.032096Z,2026-05-17,en-US,send-and-receive-email,thunderbird;send-and-receive-email;,patchteddykiller,Can I get all new emails from 2 or more accounts to show in 1 inbox or folder?,https://support.mozilla.org/questions/1582105,os:macos,Mac OS x 10_15_7,,thunderbird 150.0.,150,,,,1,true,4.39,False,
1582115,2026-05-17T12:54:45.095603Z,2026-05-17,nl,passwords-and-sign-in,thunderbird;windows-11;passwords-and-sign-in;thunderbird-1500;thunderbird-15002;,omadeen,Ik krijg een fout 400 wanneer ik in Thunderbird mijn Gmail account wil openen. Hoe los ik dit op?,https://support.mozilla.org/questions/1582115,os:windows,Windows 11,,150.0.2,150,m:gmail,,,1,true,18.01,False,
1582118,2026-05-17T13:01:51.262902Z,2026-05-17,en-US,send-and-receive-email,thunderbird;windows-11;send-and-receive-email;thunderbird-1500;thunderbird-15002;,jds5,How to manually connect thunderbird to my email service provider: smartmail.buz.net,https://support.mozilla.org/questions/1582118,os:windows,Windows 11,,150.0.2,150,,,,3,true,2.15,False,
1582122,2026-05-17T13:15:07.665198Z,2026-05-17,nl,send-and-receive-email,thunderbird;windows-11;send-and-receive-email;,r.merkesteyn,mijn gmail krijgt geen mails meer binnen,https://support.mozilla.org/questions/1582122,os:windows,Windows 11,,Help>???,,m:gmail,,,7,true,17.65,True,Mozilla-assistent
1582136,2026-05-17T15:45:43.426524Z,2026-05-17,en-US,email-and-messaging,thunderbird;windows-11;email-and-messaging;thunderbird-1500;thunderbird-15002;,bn1,Slettede mails vises med flag som der stadig er en ulæst mails,https://support.mozilla.org/questions/1582136,os:windows,Windows 11,,150.0.2,150,,,,0,false,,False,
1582139,2026-05-17T16:03:55.423563Z,2026-05-17,en-US,customization,thunderbird;windows-10;customization;thunderbird-1500;thunderbird-15002;,dryodryo,change the font weight of unread messages,https://support.mozilla.org/questions/1582139,os:windows,Windows 10,,150.0.2,150,,,,3,true,2.11,True,dryodryo
1582141,2026-05-17T16:20:41.519047Z,2026-05-17,en-US,accessibility,thunderbird;accessibility;windows-10;thunderbird-1500;thunderbird-15002;,dryodryo,"message as actual plain text, ignoring any markup in the message",https://support.mozilla.org/questions/1582141,os:windows,Windows 10,,150.0.2,150,,,,3,true,1.35,False,
1582147,2026-05-17T16:40:53.733700Z,2026-05-17,en-US,send-and-receive-email,thunderbird;windows-10;send-and-receive-email;,h.w.l,I have composed an email but there is no facility to send it,https://support.mozilla.org/questions/1582147,os:windows,Windows 10,,not sure,,,,,1,true,0.24,False,
1582152,2026-05-17T17:04:55.707156Z,2026-05-17,it,customization,thunderbird;windows-10;customization;thunderbird-1500;thunderbird-15002;,ashuat,Cartelle unificate: non vedo tutti gli account. help!!,https://support.mozilla.org/questions/1582152,os:windows,Windows 10,,150.0.2,150,,,,1,true,38.3,False,
1582159,2026-05-17T17:30:31.898765Z,2026-05-17,en-US,save-passwords,thunderbird;save-passwords;thunderbird-140100;thunderbird-14010;,michael.moon1,How do I delete my old password?,https://support.mozilla.org/questions/1582159,,,,140.10.0esr,140,,,,1,true,0.13,False,
1582160,2026-05-17T18:06:28.491561Z,2026-05-17,en-US,save-passwords,thunderbird;save-passwords;thunderbird-140100;thunderbird-14010;,michael.moon1,"How do I turn on the ""Show Passwords"" button?",https://support.mozilla.org/questions/1582160,,,,140.10.0esr,140,,,,1,true,3.73,True,rednoise
1582166,2026-05-17T18:38:38.376255Z,2026-05-17,nl,passwords-and-sign-in,thunderbird;windows-11;passwords-and-sign-in;thunderbird-1500;thunderbird-15002;,frank.reggers,ik krijg de mail niet geinstalleerd,https://support.mozilla.org/questions/1582166,os:windows,Windows 11,,150.0.2.exe,150,,,,1,true,12.21,False,
1582169,2026-05-17T18:53:42.364405Z,2026-05-17,en-US,customization,thunderbird;customization;windows-11;thunderbird-1500;thunderbird-15002;,gtoddmccoy,"In Mozilla Thunderbird, How do I change theme from dark to light",https://support.mozilla.org/questions/1582169,os:windows,Windows 11,,150.0.2,150,,,,1,true,2.59,False,
1582172,2026-05-17T19:19:45.321684Z,2026-05-17,en-US,app-crash,thunderbird;app-crash;,770lotkin,my computer is not allowing me to open thunderbird desktop,https://support.mozilla.org/questions/1582172,os:macos,Mac OS x 10_15_7,,Thunderbird 45.5.1,,,,,2,true,2.35,False,
1582175,2026-05-17T20:33:22.664368Z,2026-05-17,en-US,send-and-receive-email,thunderbird;send-and-receive-email;thunderbird-1490;thunderbird-14901;,klaus79,cannot send mail after upgrade to 149,https://support.mozilla.org/questions/1582175,os:linux,Linux - Fedora 44 KDE spin,,149.0.1,149,,,,2,true,47.73,False,
1582179,2026-05-17T21:09:50.942658Z,2026-05-17,en-US,send-and-receive-email,thunderbird;windows-11;send-and-receive-email;thunderbird-14010;thunderbird-140102;,4carolee,My thunderbird imbox has not been recieving emails since the 5th of may,https://support.mozilla.org/questions/1582179,os:windows,Windows 11,,140.10.2esr,140,,,,1,true,0.84,False,
1582185,2026-05-17T22:10:41.439497Z,2026-05-17,en-US,email-and-messaging,thunderbird;email-and-messaging;windows-1011;,kate26,Using Thunderbird in our small office,https://support.mozilla.org/questions/1582185,os:windows,Windows 10/11,,will complete late,,m:gmail;m:microsoftemail,proto:imap,,5,true,8.46,False,
1582186,2026-05-17T22:26:28.573721Z,2026-05-17,en-US,send-and-receive-email,thunderbird;windows-11;send-and-receive-email;,alaskacrazy,Attempting to install Thunderbird on an additional desktop using same address as my original computer has.,https://support.mozilla.org/questions/1582186,os:windows,Windows 11,,unknown,,,,,15,true,12.64,False,
1582189,2026-05-17T23:41:09.322819Z,2026-05-17,en-US,passwords-and-sign-in,thunderbird;passwords-and-sign-in;thunderbird-14010;thunderbird-140102;,michael.moon1,"How do I turn on ""Show Password"" button?",https://support.mozilla.org/questions/1582189,,,,140.10.2esr,140,,,,1,true,11.41,False,
1582198,2026-05-18T00:25:39.383653Z,2026-05-18,en-US,passwords-and-sign-in,thunderbird;passwords-and-sign-in;thunderbird-14010;thunderbird-140102;,michael.moon1,"How do I turn on ""Show Passwords"" button?",https://support.mozilla.org/questions/1582198,os:windows,Windows Desktop,,140.10.2esr,140,,,,1,true,0.27,True,rednoise
1582202,2026-05-18T00:59:58.532663Z,2026-05-18,en-US,send-and-receive-email,thunderbird;windows-11;send-and-receive-email;thunderbird-1500;thunderbird-15002;,charlio7,changing imap protocol to  pop3 default protocol  to download mail does not use pop3,https://support.mozilla.org/questions/1582202,os:windows,Windows 11,,150.0.2,150,,proto:imap;proto:pop,,5,true,7.22,True,siffemoz
1582212,2026-05-18T02:09:37.570169Z,2026-05-18,en-US,save-passwords,thunderbird;save-passwords;thunderbird-14010;thunderbird-140102;,michael.moon1,Thank you.,https://support.mozilla.org/questions/1582212,os:windows,Windows Desktop,,140.10.2esr,140,,,,2,true,9.42,True,davidsk
1582214,2026-05-18T02:24:41.704824Z,2026-05-18,en-US,import-and-export-email,thunderbird;windows-11;import-and-export-email;thunderbird-14010;thunderbird-140102;,kayen11,I am missing a folder under Local Folders. How do I restore it from the saved backup file,https://support.mozilla.org/questions/1582214,os:windows,Windows 11,,140.10.2est,140,,,,2,true,8.42,False,
1582218,2026-05-18T03:04:41.031266Z,2026-05-18,it,email-and-messaging,thunderbird;needsinfo;windows-11;email-and-messaging;thunderbird-14010;thunderbird-140102;,saraceni.stefano,sparizione email,https://support.mozilla.org/questions/1582218,os:windows,Windows 11,,140.10.2esr,140,,,,1,true,5.29,False,
1582226,2026-05-18T07:03:25.814034Z,2026-05-18,en-US,encryption,linux;thunderbird;encryption;thunderbird-1500;thunderbird-15002;,bigfoot,TLS Certificate as Authentication for SMTP,https://support.mozilla.org/questions/1582226,os:linux,Linux,,150.0.2,150,,proto:imap;proto:smtp,,0,false,,False,
1582252,2026-05-18T09:26:32.897993Z,2026-05-18,en-US,email-and-messaging,thunderbird;email-and-messaging;thunderbird-1500;thunderbird-15002;,mikebrittan,Thunderbird and Yahoo mail not syncing,https://support.mozilla.org/questions/1582252,os:macos,Mac - Tahoe 26.4.1,,150.0.2,150,m:yahooemail,,,3,true,105.25,False,
1582259,2026-05-18T10:50:12.716668Z,2026-05-18,en-US,send-and-receive-email,beta;thunderbird;windows-11;send-and-receive-email;thunderbird-1510;,Leo.Levosky,Why is TB downloading all my messages again and how to stop it,https://support.mozilla.org/questions/1582259,os:windows,Windows 11,,151.0b2,151,,proto:pop,,7,true,0.85,False,
1582260,2026-05-18T10:57:08.745820Z,2026-05-18,nl,send-and-receive-email,thunderbird;windows-11;send-and-receive-email;,h.roelofs26,Kan emails niet door sturen zonder Authenticatie,https://support.mozilla.org/questions/1582260,os:windows,Windows 11,,Weet ik niet,,,proto:smtp,,1,true,0.94,True,Mozilla-assistent
1582287,2026-05-18T13:29:52.862460Z,2026-05-18,en-US,customization,linux;thunderbird;customization;thunderbird-14091;thunderbird-1409;,capnfishy1,Threading,https://support.mozilla.org/questions/1582287,os:linux,Linux,,140.9.1esr,140,,,,3,true,0.72,False,
1582293,2026-05-18T13:59:50.568776Z,2026-05-18,en-US,passwords-and-sign-in,thunderbird;windows-11;passwords-and-sign-in;,mgward608,Thunderbird won't accept my password so I can open my email,https://support.mozilla.org/questions/1582293,os:windows,Windows 11,,Omni book 5,,,,,1,true,0.33,False,
1582299,2026-05-18T14:34:23.671443Z,2026-05-18,nl,email-and-messaging,thunderbird;email-and-messaging;thunderbird-14010;thunderbird-140102;,fplantinga,Gekozen tekstkleur in nieuwe mails blijven altijd zwart....,https://support.mozilla.org/questions/1582299,os:linux,Linux Zorin-18,,140.10.2esr (64-bi,140,,,,0,false,,False,
1582310,2026-05-18T15:30:56.233272Z,2026-05-18,en-US,email-and-messaging,thunderbird;windows-11;email-and-messaging;thunderbird-1500;thunderbird-15002;,somewhere95,Need urgent help setting up problematic IMAP account Please?,https://support.mozilla.org/questions/1582310,os:windows,Windows 11,,150.0.2,150,m:microsoftemail,proto:imap,,10,true,5.5,False,
1582314,2026-05-18T15:57:57.039474Z,2026-05-18,en-US,update,thunderbird;windows-10;update;thunderbird-14010;thunderbird-140102;,RobFrankham,Having problems updating Thunderbird to the latest version.,https://support.mozilla.org/questions/1582314,os:windows,Windows 10,,140.10.2 esr (32bi,140,m:microsoftemail,,,8,true,0.96,False,
1582319,2026-05-18T16:15:36.794564Z,2026-05-18,en-US,security,thunderbird;windows-11;security;thunderbird-1500;thunderbird-15002;,newiams,"I always get: ""newmsg Trojan:WIN/SuspiciousAttachmentScript.a""",https://support.mozilla.org/questions/1582319,os:windows,Windows 11,,150.0.2,150,,,av:mcafee,2,true,0.6,False,
1582331,2026-05-18T17:32:41.643475Z,2026-05-18,en-US,email-and-messaging,thunderbird;windows-11;email-and-messaging;,laurenmb5678,Messages from local folder seem to be deleted - help,https://support.mozilla.org/questions/1582331,os:windows,Windows 11,,Version 150.0.2,150,,,,2,true,3.58,False,
1582341,2026-05-18T18:10:26.269782Z,2026-05-18,en-US,security,thunderbird;windows-11;security;thunderbird-1500;thunderbird-15002;,operaflute,RE-block remote content for individual message,https://support.mozilla.org/questions/1582341,os:windows,Windows 11,,150.0.2 64bit,150,,,,6,true,2.72,False,
1582348,2026-05-18T18:42:55.315537Z,2026-05-18,en-US,app-crash,thunderbird;windows-11;app-crash;thunderbird-1500;thunderbird-15002;,nina.gettler,"After latest update, Thunderbird crashes immediately when trying to start it",https://support.mozilla.org/questions/1582348,os:windows,Windows 11,,150.0.2,150,,proto:pop,,0,false,,False,
1582352,2026-05-18T19:24:26.981247Z,2026-05-18,en-US,connectivity,thunderbird;connectivity;thunderbird-1500;thunderbird-15002;,jdetconsulting,I keep getting an Authentication Required window after deleting an account and making sure that password is not among th,https://support.mozilla.org/questions/1582352,os:other,Tahoe 26.5,,150.0.2,150,,,,1,true,4.31,False,
1582355,2026-05-18T19:52:01.684715Z,2026-05-18,nl,send-and-receive-email,thunderbird;send-and-receive-email;thunderbird-14010;thunderbird-140102;,daniellansbergen,"Thunderbird download niet alle mails uit mijn mailbox, op de webmail server zijn deze mails wel nog te vinden",https://support.mozilla.org/questions/1582355,os:windows,Windows 11 pro,,140.10.2esr,140,,,,1,true,11.71,False,
1582358,2026-05-18T20:12:54.431500Z,2026-05-18,en-US,send-and-receive-email,linux;thunderbird;send-and-receive-email;thunderbird-14071;thunderbird-1407;,johnrlawson1,unable to send or recieve emails from roadrunner,https://support.mozilla.org/questions/1582358,os:linux,Linux,macos:sonoma,140.7.1esr,140,m:spectrum,,,2,true,2.9,False,
1582372,2026-05-18T21:33:35.965591Z,2026-05-18,en-US,email-and-messaging,linux;thunderbird;email-and-messaging;thunderbird-14071;thunderbird-1407;,industrialsinx,Help setting up first email account (protonmail.com),https://support.mozilla.org/questions/1582372,os:linux,Linux,,140.7.1esr (64-bit,140,m:protonmail,,,1,true,0.41,False,
1582382,2026-05-18T22:35:19.064383Z,2026-05-18,en-US,import-and-export-email,linux;beta;thunderbird;import-and-export-email;thunderbird-1500;,Hec99,How can I dupicate email accounts and folders on multiple CPUs using TB,https://support.mozilla.org/questions/1582382,os:linux,Linux,,150.0b1.,150,,,,1,true,0.31,False,
1582383,2026-05-18T22:55:37.976889Z,2026-05-18,en-US,junk-mail-and-spam,thunderbird;windows-11;junk-mail-and-spam;thunderbird-1490;,waco31672,how to stop e-mails that are spam,https://support.mozilla.org/questions/1582383,os:windows,Windows 11,,149.0,149,,,,5,true,0.92,False,
1582385,2026-05-18T23:17:06.641985Z,2026-05-18,en-US,account-management,thunderbird;windows-11;account-management;thunderbird-1500;,broensch01,Cannot connect to hotmail account,https://support.mozilla.org/questions/1582385,os:windows,Windows 11,,150,150,m:gmail;m:microsoftemail,,,0,false,,False,
1582390,2026-05-19T00:30:41.986779Z,2026-05-19,en-US,account-management,thunderbird;account-management;thunderbird-1500;thunderbird-15002;,xplr10,new accout but Thunderbird doesn't recognize my email addres,https://support.mozilla.org/questions/1582390,os:macos,Mac OS Tahoe 26.3,,150.0.2,150,,,,2,true,10.64,False,
1582394,2026-05-19T01:16:56.103721Z,2026-05-19,en-US,connectivity,thunderbird;windows-11;connectivity;thunderbird-14010;thunderbird-140102;,pennypincher,won't send,https://support.mozilla.org/questions/1582394,os:windows,Windows 11,,140.10.2,140,,,,14,true,10.93,False,
1582421,2026-05-19T04:11:46.641033Z,2026-05-19,en-US,send-and-receive-email,thunderbird;windows-11;send-and-receive-email;thunderbird-1500;thunderbird-15002;,quiltjunkie2002,Not accessing my mail server,https://support.mozilla.org/questions/1582421,os:windows,Windows 11,,150.0.2,150,m:spectrum,,,1,false,,False,
1582426,2026-05-19T04:56:49.689860Z,2026-05-19,en-US,connectivity,thunderbird;windows-10;connectivity;thunderbird-1500;thunderbird-15002;,aigarashi.hibinosekkei,"After updating Thunderbird to version 150.0.2, I can no longer connect to my lolipop.jp mail servers.",https://support.mozilla.org/questions/1582426,os:windows,Windows 10,,150.0.2,150,,proto:imap;proto:smtp,av:norton,0,false,,False,
1582444,2026-05-19T07:42:30.100578Z,2026-05-19,en-US,connectivity,thunderbird;windows-10;connectivity;thunderbird-1500;thunderbird-15002;,dreamphaserx,Can't connect to server / Authentication error,https://support.mozilla.org/questions/1582444,os:windows,Windows 10,,150.0.2,150,m:microsoftemail,,,0,false,,False,
1582448,2026-05-19T08:16:13.963536Z,2026-05-19,en-US,send-and-receive-email,thunderbird;windows-11;send-and-receive-email;thunderbird-1500;thunderbird-15002;,keith.stevenson,cannot reply to messages,https://support.mozilla.org/questions/1582448,os:windows,Windows 11,,150.0.2,150,,,,0,false,,False,
1582451,2026-05-19T08:31:09.858539Z,2026-05-19,en-US,customization,thunderbird;windows-10;customization;thunderbird-1500;thunderbird-15002;,ashuat,"Problem displaying unified folders: I don't see all the accounts. help""!",https://support.mozilla.org/questions/1582451,os:windows,Windows 10,,150.0.2,150,,,,10,true,2.38,False,
1582467,2026-05-19T10:55:55.692265Z,2026-05-19,nl,junk-mail-and-spam,thunderbird;windows-11;junk-mail-and-spam;thunderbird-1400;,r.merkesteyn,Mijn gmail gaat direct naar de spam ipv postvak in,https://support.mozilla.org/questions/1582467,os:windows,Windows 11,,140 snap vraag nie,140,m:gmail,,,8,true,1.2,False,
1582480,2026-05-19T12:54:14.920968Z,2026-05-19,en-US,junk-mail-and-spam,thunderbird;junk-mail-and-spam;windows-1011;thunderbird-14010;thunderbird-140102;,dunk1,delete email from inbox,https://support.mozilla.org/questions/1582480,os:windows,Windows 10/11,,140.10.2esr,140,,,av:norton,2,true,6.37,True,rednoise
1582489,2026-05-19T13:32:28.402256Z,2026-05-19,en-US,send-and-receive-email,thunderbird;send-and-receive-email;,e_havelin,Can’t access important family email,https://support.mozilla.org/questions/1582489,,,,,,,,,1,true,5.54,False,
1582494,2026-05-19T14:19:18.145204Z,2026-05-19,en-US,customization,thunderbird;customization;thunderbird-14010;thunderbird-140102;,davesrepaircom,Autokey pasting into Tbird (only) causing typos (Linux Mint),https://support.mozilla.org/questions/1582494,os:linux,Linux Mint 22.3,,140.10.2esr (64-bi,140,,,,0,false,,False,
1582495,2026-05-19T14:19:55.599776Z,2026-05-19,en-US,passwords-and-sign-in,thunderbird;windows-11;passwords-and-sign-in;thunderbird-1500;thunderbird-15002;,picket2,"Tbird will not accept my password for pop.verizon,net and I cannot start using Tbird.",https://support.mozilla.org/questions/1582495,os:windows,Windows 11,,150.0.2,150,m:verizon,proto:pop,,0,false,,False,
1582504,2026-05-19T14:57:24.399126Z,2026-05-19,cs,email-and-messaging,thunderbird;windows-11;email-and-messaging;thunderbird-1500;thunderbird-15002;,musils,Proč mi nejde do textu e-mailu vložit odkaz na mapu z mapy.com když na jiných počítačích to funguje?,https://support.mozilla.org/questions/1582504,os:windows,Windows 11,,150.0.2,150,,,,1,true,2.68,True,Ansamb
1582505,2026-05-19T14:59:47.189432Z,2026-05-19,en-US,attachments,linux;thunderbird;attachments;thunderbird-14010;thunderbird-140102;,nelis1,Thunderbird changes time stamp of previously saved attachments,https://support.mozilla.org/questions/1582505,os:linux,Linux,,140.10.2esr,140,,,,2,true,0.99,False,
1582506,2026-05-19T15:06:18.590273Z,2026-05-19,en-US,performance-and-connectivity,thunderbird;windows-11;performance-and-connectivity;,anchor1,MESSAGES IN 'INFOLDER' ARE DELETED AFTER ABOUT 5-7 DAYS,https://support.mozilla.org/questions/1582506,os:windows,Windows 11,,150.0.3,150,m:spectrum,,,10,true,5.9,False,
1582510,2026-05-19T15:29:41.239341Z,2026-05-19,en-US,import-and-export-email,thunderbird;import-and-export-email;thunderbird-14010;thunderbird-140102;,hemccray,How to move folders Drafts and Sent Emails from old POP account to new IMAP account,https://support.mozilla.org/questions/1582510,os:other,Tahoe 26.5,,140.10.2esr,140,,proto:imap;proto:pop,,2,true,1.13,True,davidsk
1582518,2026-05-19T16:24:03.923734Z,2026-05-19,en-US,passwords-and-sign-in,thunderbird;windows-10;passwords-and-sign-in;,lbrieaddy,Unable to open my account in Thunderbird,https://support.mozilla.org/questions/1582518,os:windows,Windows 10,,150.0.02,150,,,,1,true,51.56,False,
1582533,2026-05-19T17:28:44.571014Z,2026-05-19,it,send-and-receive-email,thunderbird;needsinfo;windows-11;send-and-receive-email;,arch.lauria,thunderbird scarica le email su un pc ma non su un altro che ha le stesse impostazioni,https://support.mozilla.org/questions/1582533,os:windows,Windows 11,,151.0,151,,proto:pop,,1,true,14.01,False,
1582537,2026-05-19T17:50:06.558768Z,2026-05-19,en-US,send-and-receive-email,thunderbird;windows-11;send-and-receive-email;thunderbird-14010;thunderbird-140102;,mdouglas3,Thunderbird suddenly can't connect with my email server to send outgoing messages.,https://support.mozilla.org/questions/1582537,os:windows,Windows 11,,140.10.2esr (64 bi,140,m:spectrum,,,0,false,,False,
1582543,2026-05-19T18:36:00.677463Z,2026-05-19,en-US,passwords-and-sign-in,thunderbird;windows-11;passwords-and-sign-in;thunderbird-14010;thunderbird-140102;,gwrex,I need to change the password Mozilla uses to access my Earthlink account.,https://support.mozilla.org/questions/1582543,os:windows,Windows 11,,140.10.2esr (64 bi,140,m:earthlink,,,5,true,0.37,True,rednoise
1582554,2026-05-19T19:11:30.329668Z,2026-05-19,en-US,passwords-and-sign-in,thunderbird;windows-11;passwords-and-sign-in;thunderbird-1510;,lwoodworth0203,Secondary (gmail) Account Works on Android App But Not On Win Desktop App,https://support.mozilla.org/questions/1582554,os:windows,Windows 11,,151.0,151,m:gmail,proto:oauth,,7,true,16.39,False,
1582556,2026-05-19T19:35:04.248555Z,2026-05-19,en-US,customization,linux;thunderbird;customization;thunderbird-14010;thunderbird-140102;,pandeero,How to see the messages that are hidden behind the border?,https://support.mozilla.org/questions/1582556,os:linux,Linux,,140.10.2esr (64-bi,140,,,,3,true,0.86,False,
1582576,2026-05-19T21:58:42.080605Z,2026-05-19,en-US,events,thunderbird;windows-11;events;thunderbird-1500;thunderbird-15002;,robwms1,Import backup local.sqlite file,https://support.mozilla.org/questions/1582576,os:windows,Windows 11,,150.0.2,150,,,,1,true,1.69,False,
1582580,2026-05-19T22:39:34.673083Z,2026-05-19,en-US,import-and-export-email,thunderbird;windows-11;import-and-export-email;thunderbird-1510;,vonfoto,How can I retrieve archived e-mails from a previous version of Thunderbird after the newest version wiped out my previou,https://support.mozilla.org/questions/1582580,os:windows,Windows 11,,151.0,151,,,,5,true,0.82,False,
1582585,2026-05-19T23:09:27.606544Z,2026-05-19,en-US,calendar,thunderbird;calendar;thunderbird-14010;thunderbird-140101;,tails618,Calendar wider than screen,https://support.mozilla.org/questions/1582585,os:linux,Linux (Aurora 44),,140.10.1esr-bb22,140,,,,0,false,,False,
1582623,2026-05-20T03:17:11.234642Z,2026-05-20,en-US,send-and-receive-email,thunderbird;send-and-receive-email;thunderbird-14010;thunderbird-140102;,Trey.Howard08,"Unable to log in at server, Probably wrong configuration, username or password",https://support.mozilla.org/questions/1582623,os:linux,Linux - Kubuntu 24.04,,140.10.2esr,140,m:yahooemail,proto:imap;proto:oauth,,0,false,,False,
1582648,2026-05-20T06:28:07.089933Z,2026-05-20,en-US,send-and-receive-email,thunderbird;windows-10;send-and-receive-email;,OverstreetENGR1,Installed Tbird 102 on 2 Machines - Issues with In/Out Servers,https://support.mozilla.org/questions/1582648,os:windows,Windows 10,,Tbird 102,102,,,,1,false,,False,
1582660,2026-05-20T08:09:05.088791Z,2026-05-20,en-US,send-and-receive-email,thunderbird;windows-11;send-and-receive-email;thunderbird-1500;thunderbird-15002;,jens95,TB prints/shows unwanted text/information,https://support.mozilla.org/questions/1582660,os:windows,Windows 11,,150.0.2,150,,,,4,true,3.33,True,davidsk
1582663,2026-05-20T08:20:32.781753Z,2026-05-20,it,security,thunderbird;windows-11;security;thunderbird-140110;thunderbird-14011;,st.leg.reali,Password principale facilmente aggirabile cliccando su ANNULLA,https://support.mozilla.org/questions/1582663,os:windows,Windows 11,,140.11.0esr 64bit,140,,,,1,true,0.51,False,
1582664,2026-05-20T08:33:55.714855Z,2026-05-20,en-US,email-and-messaging,thunderbird;email-and-messaging;thunderbird-14010;thunderbird-140101;,paulatz,Unsubscribe specific folder does not work,https://support.mozilla.org/questions/1582664,os:linux,Linux Fedora,,140.10.1esr,140,,proto:imap,,3,true,11.62,False,
1582665,2026-05-20T09:11:02.427881Z,2026-05-20,en-US,events,linux;thunderbird;events;thunderbird-14010;thunderbird-140102;,haui37,Calendar does not create event when Accepting Invitation from subscribed calendar (on linux),https://support.mozilla.org/questions/1582665,os:linux,Linux,,140.10.2esr,140,,,,1,false,,False,
1582677,2026-05-20T10:55:08.668962Z,2026-05-20,en-US,search,thunderbird;windows-11;search;thunderbird-1510;,j.abr,Quick Filter shows only a few results.,https://support.mozilla.org/questions/1582677,os:windows,Windows 11,,151,151,,,,0,false,,False,
1582679,2026-05-20T10:57:20.436291Z,2026-05-20,en-US,connectivity,thunderbird;windows-10;connectivity;thunderbird-128140;thunderbird-12814;,parrottoyangels,IMAP connection times out,https://support.mozilla.org/questions/1582679,os:windows,Windows 10,,128.14.0esr 64 bit,128,m:gmail,proto:imap;proto:pop,,13,true,124.93,False,
1582681,2026-05-20T11:04:42.506431Z,2026-05-20,it,crashing-and-slow-performance,thunderbird;windows-11;crashing-and-slow-performance;thunderbird-1510;,gabonik46,Avvio di Thunderbird strano,https://support.mozilla.org/questions/1582681,os:windows,Windows 11,,151.0,151,,,,3,true,5.11,True,'@next
1582691,2026-05-20T11:49:43.841908Z,2026-05-20,en-US,connectivity,linux;thunderbird;connectivity;thunderbird-1500;thunderbird-15002;,miha3,EWS NTLM often whines that password is not correct,https://support.mozilla.org/questions/1582691,os:linux,Linux,,150.0.2,150,,proto:ews,,1,false,,False,
1582698,2026-05-20T12:11:25.832345Z,2026-05-20,it,customization,thunderbird;customization;windows-11;thunderbird-140110;thunderbird-14011;,d.barsotti,Le mail nella cartella posta in arrivo e in tutte le sottocartelle si comportano come modelli,https://support.mozilla.org/questions/1582698,os:windows,Windows 11,,140.11.0esr,140,,,,14,true,4.01,True,d.barsotti
1582702,2026-05-20T12:44:12.010563Z,2026-05-20,en-US,calendar,thunderbird;calendar;windows-11;thunderbird-1510;,tmccaffery,Outlook Calendar Support for Version 151,https://support.mozilla.org/questions/1582702,os:windows,Windows 11,,151,151,m:microsoftemail,,,0,false,,False,
1582713,2026-05-20T13:40:16.331466Z,2026-05-20,en-US,customization,thunderbird;customization;windows-11;thunderbird-1510;,ad.m,Message list background turned full black after 151.0 update,https://support.mozilla.org/questions/1582713,os:windows,Windows 11,,151.0,151,,,,15,true,2.72,False,
1582715,2026-05-20T13:50:16.135223Z,2026-05-20,nl,send-and-receive-email,thunderbird;windows-11;send-and-receive-email;thunderbird-1500;,deenphj,"Fout 400 als ik gmail wil bekijken, hoe los ik dit op",https://support.mozilla.org/questions/1582715,os:windows,Windows 11,,150.0,150,m:gmail,,,7,true,16.86,False,
1582719,2026-05-20T14:02:21.197834Z,2026-05-20,en-US,send-and-receive-email,thunderbird;windows-11;send-and-receive-email;thunderbird-14010;thunderbird-140102;,e.c.vansteijn,Received mail not shown,https://support.mozilla.org/questions/1582719,os:windows,Windows 11,,140.10.2esr,140,,,,3,true,10.02,True,mozilla98
1582728,2026-05-20T14:49:59.116659Z,2026-05-20,en-US,connectivity,thunderbird;windows-10;connectivity;,petehayselden,password problem,https://support.mozilla.org/questions/1582728,os:windows,Windows 10,,151.0932-bit),151,,,,1,true,2.24,False,
1582731,2026-05-20T15:08:41.491449Z,2026-05-20,it,profiles,thunderbird;needsinfo;windows-11;profiles;,cristiancorsini,"configurando un nuovo account su thunderbird, tutto funziona ma quando chiudo il programma e poi lo riapro il nuovo acco",https://support.mozilla.org/questions/1582731,os:windows,Windows 11,,Version 151.0,151,,,,1,true,0.98,False,
1582735,2026-05-20T15:12:53.894419Z,2026-05-20,en-US,email-and-messaging,thunderbird;mac-os-x-1015;email-and-messaging;thunderbird-14902;thunderbird-1490;,agianni,Folders not Syncing to Webmail,https://support.mozilla.org/questions/1582735,os:macos,Mac OS x 10.15,,149.0.2,149,,proto:imap,,1,true,0.96,False,
1582737,2026-05-20T15:21:00.485275Z,2026-05-20,en-US,send-and-receive-email,thunderbird;windows-11;send-and-receive-email;thunderbird-1500;thunderbird-15002;,mbhaupt,"I cannot install 2 old mail accounts in Thunderbird, they are not approved",https://support.mozilla.org/questions/1582737,os:windows,Windows 11,,150.0.2,150,m:microsoftemail,proto:oauth,,0,false,,False,
1582753,2026-05-20T16:10:40.756219Z,2026-05-20,en-US,send-and-receive-email,thunderbird;windows-11;send-and-receive-email;thunderbird-1510;,LarsErikOsterud,"Clicking the ""cloud icon"" (""get all new messages"") does not get all accounts",https://support.mozilla.org/questions/1582753,os:windows,Windows 11,,151,151,,,,2,true,0.68,False,
1582754,2026-05-20T16:19:41.635515Z,2026-05-20,en-US,account-management,beta;thunderbird;windows-10;account-management;thunderbird-1500;,martinwea,Difficulty changing e-mail providers,https://support.mozilla.org/questions/1582754,os:windows,Windows 10,,150.0b1,150,m:rogers,,,4,true,0.59,True,davidsk
1582757,2026-05-20T16:35:35.484738Z,2026-05-20,it,accounts,windows-7;thunderbird;accounts;thunderbird-1500;thunderbird-15001;,g.faroni,non si aprono account,https://support.mozilla.org/questions/1582757,os:windows,Windows 7,,150.0.1,150,,,,1,true,1.01,False,
1582763,2026-05-20T16:56:32.007789Z,2026-05-20,en-US,account-management,thunderbird;windows-11;account-management;thunderbird-1500;thunderbird-15002;,aidan2,How can I find out which email servers are linked to my Thunderbird app?,https://support.mozilla.org/questions/1582763,os:windows,Windows 11,,150.0.2,150,m:gmail,,,2,true,0.44,False,
1582768,2026-05-20T17:09:13.710108Z,2026-05-20,en-US,customization,thunderbird;customization;mac-os-x-1015;thunderbird-1510;,mozilla838,How do I remove Archives and Templates from the Unified Folder View OSX app?,https://support.mozilla.org/questions/1582768,os:macos,Mac OS x 10.15,,151.0,151,,proto:imap,,5,true,26.26,False,
1582776,2026-05-20T17:52:15.838788Z,2026-05-20,en-US,import-and-export-settings,thunderbird;windows-11;import-and-export-settings;,ALANS9993,Thunderbird profile on new computer not getting updated when transferring from old computer,https://support.mozilla.org/questions/1582776,os:windows,Windows 11,,150.1,150,,,,6,true,1.0,True,ALANS9993
1582781,2026-05-20T18:34:16.550229Z,2026-05-20,en-US,passwords-and-sign-in,thunderbird;windows-11;passwords-and-sign-in;thunderbird-1500;thunderbird-15002;,peterray,Cannot log into new installation of thunderbird on my laptop,https://support.mozilla.org/questions/1582781,os:windows,Windows 11,,150.0.2 (64-bit,150,m:microsoftemail,,,0,false,,False,
1582786,2026-05-20T18:56:19.629604Z,2026-05-20,pt-BR,import-and-export-email,thunderbird;windows-11;import-and-export-email;,dannylo.dias,Migração e-mail ThunderBird (POP) para Outlook (PST) | Migrating Thunderbird email (POP) to Outlook (PST),https://support.mozilla.org/questions/1582786,os:windows,Windows 11,,.,,m:microsoftemail,proto:pop,,0,false,,False,
1582799,2026-05-20T20:06:17.756148Z,2026-05-20,en-US,send-and-receive-email,thunderbird;windows-10;send-and-receive-email;thunderbird-1510;,spacegardenuniverse,Authentication errors when trying to send outgoing messages,https://support.mozilla.org/questions/1582799,os:windows,Windows 10,,151.0,151,,proto:smtp,,9,true,0.62,False,
1582808,2026-05-20T20:47:09.504952Z,2026-05-20,en-US,calendar,thunderbird;calendar;windows-11;thunderbird-1510;,tmccaffery,TB151.0 Link to Outlook Calendar,https://support.mozilla.org/questions/1582808,os:windows,Windows 11,,151.0,151,m:microsoftemail,,,0,false,,False,
1582835,2026-05-20T22:57:30.858523Z,2026-05-20,en-US,installation-and-updates,thunderbird;windows-10;installation-and-updates;thunderbird-1510;,DanRaymer,moving T-Bird to another computer trashed my installation,https://support.mozilla.org/questions/1582835,os:windows,Windows 10,,151.0,151,,,,2,true,5.75,False,
1582876,2026-05-21T04:04:04.641108Z,2026-05-21,en-US,passwords-and-sign-in,linux;thunderbird;passwords-and-sign-in;thunderbird-115180;thunderbird-11518;,PaulScesniak,I cannot remember my email password.,https://support.mozilla.org/questions/1582876,os:linux,Linux,,115.18.0,115,,,,3,true,0.53,True,rednoise
1582899,2026-05-21T07:14:59.811338Z,2026-05-21,en-US,customization,thunderbird;customization;windows-1011;thunderbird-1510;,adam.anon,Thunderbird 151 message list in table view now has awful pitch black background (bug2041889),https://support.mozilla.org/questions/1582899,os:windows,Windows 10/11,,151.0,151,,,,4,true,336.21,False,
1582910,2026-05-21T08:56:18.360900Z,2026-05-21,en-US,send-and-receive-email,thunderbird;windows-11;send-and-receive-email;,mary35,"I am using a new computer, have duplicated all the Thunderbird setting, but cannot send an email",https://support.mozilla.org/questions/1582910,os:windows,Windows 11,,"Just downloaded,",,,,,1,true,1.41,False,
1582914,2026-05-21T09:40:44.395163Z,2026-05-21,en-US,import-and-export-email,thunderbird;windows-11;import-and-export-email;thunderbird-1510;,estimatingsoftwareservice,import from old outlook,https://support.mozilla.org/questions/1582914,os:windows,Windows 11,,151.0,151,m:microsoftemail,,,3,true,12.91,False,
1582920,2026-05-21T10:20:54.428974Z,2026-05-21,it,send-and-receive-email,thunderbird;windows-10;send-and-receive-email;thunderbird-1510;,alenzo,Posta inviata ma non compare in inviata,https://support.mozilla.org/questions/1582920,os:windows,Windows 10,,151.0,151,,,,5,true,5.29,False,
1582921,2026-05-21T10:21:29.976637Z,2026-05-21,en-US,crashing-and-slow-performance,thunderbird;needsinfo;crashing-and-slow-performance;thunderbird-1500;thunderbird-15002;,gbanerjee,Abnormal App opening time - 1.5 minutes - on Mac,https://support.mozilla.org/questions/1582921,os:other,Tahoe 26.5,macos:tahoe,150.0.2 .,150,,,,11,true,0.93,False,
1582934,2026-05-21T12:18:16.374618Z,2026-05-21,en-US,send-and-receive-email,thunderbird;windows-11;send-and-receive-email;,richardarosenzweigesq,"when i get the notice that an email has arrived, ie the counter shows how many emails are unread, then i read them, but ",https://support.mozilla.org/questions/1582934,os:windows,Windows 11,,just updated,,,,,0,false,,False,
1582939,2026-05-21T12:52:13.804666Z,2026-05-21,en-US,email-and-messaging,thunderbird;windows-11;email-and-messaging;thunderbird-12833;thunderbird-1283;,bespra49,Server rejects  additional mail.de account,https://support.mozilla.org/questions/1582939,os:windows,Windows 11,,128.3.3esr (64-Bit,128,m:thundermail,,,0,false,,False,
1582947,2026-05-21T13:52:27.706023Z,2026-05-21,en-US,send-and-receive-email,thunderbird;windows-11;send-and-receive-email;thunderbird-14010;thunderbird-140101;,tperk100,Why are urls to places in the same received message unresponsive?,https://support.mozilla.org/questions/1582947,os:windows,Windows 11,,140.10.1esr,140,,,,5,true,3.12,True,rednoise
1582948,2026-05-21T14:04:16.411871Z,2026-05-21,en-US,passwords-and-sign-in,thunderbird;windows-10;passwords-and-sign-in;thunderbird-1510;,paulbeckers404,Why am I getting google sign in and authentication error when setting up thunderbird?,https://support.mozilla.org/questions/1582948,os:windows,Windows 10,,151,151,,,,1,true,2.54,False,
1582967,2026-05-21T15:33:27.643653Z,2026-05-21,it,import-and-export-email,thunderbird;needsinfo;windows-11;import-and-export-email;,farmacia.daidone,Problemi con importazione profilo con account Tiscali,https://support.mozilla.org/questions/1582967,os:windows,Windows 11,,Version 151.0,151,m:tiscali,proto:imap,,1,true,0.42,False,
1582971,2026-05-21T15:59:31.076194Z,2026-05-21,en-US,send-and-receive-email,thunderbird;windows-11;send-and-receive-email;thunderbird-140110;thunderbird-14011;,mcmillan5128,Email stopped working,https://support.mozilla.org/questions/1582971,os:windows,Windows 11,,140.11.0esr,140,,,,0,false,,False,
1582976,2026-05-21T16:21:24.207254Z,2026-05-21,en-US,connectivity,thunderbird;windows-11;connectivity;thunderbird-1500;,grub71by,cannot send or receive email with express vpn active,https://support.mozilla.org/questions/1582976,os:windows,Windows 11,,150,150,,,,1,true,3.01,False,
1582984,2026-05-21T16:53:01.145945Z,2026-05-21,en-US,send-and-receive-email,thunderbird;mac-os-x-1015;send-and-receive-email;firefox-1510;,rbroniec,"Suddenly, new emails are not being marked as new (They are marked as 'read')  What's going on and how do I fix this?",https://support.mozilla.org/questions/1582984,os:macos,Mac OS x 10.15,,,,,,,9,true,2.46,False,
1582994,2026-05-21T17:39:53.023165Z,2026-05-21,en-US,customization,linux;thunderbird;customization;thunderbird-140110;thunderbird-14011;,kscarlettmail,When I try to re-order folders in the folder pane it only works sometimes,https://support.mozilla.org/questions/1582994,os:linux,Linux,,140.11.0esr,140,,,,6,true,3.42,False,
1583001,2026-05-21T17:56:51.741146Z,2026-05-21,en-US,email-and-messaging,thunderbird;windows-11;email-and-messaging;,bassoonn1,installing T-bird on new computer and hostname rejected,https://support.mozilla.org/questions/1583001,os:windows,Windows 11,,new download,,,,,1,true,1.33,False,
1583006,2026-05-21T18:33:09.870402Z,2026-05-21,en-US,account-management,thunderbird;windows-11;account-management;thunderbird-1510;,sunphoenix,"How to delete ""Local folders"" and the ""local account""",https://support.mozilla.org/questions/1583006,os:windows,Windows 11,,151,151,,proto:imap;proto:pop,,5,true,0.77,True,davidsk
1583009,2026-05-21T18:52:06.730599Z,2026-05-21,en-US,attachments,thunderbird;windows-11;attachments;firefox-1510;,jas13,Attachments are not visible from the message display pane in incoming emails in Thunderbird.,https://support.mozilla.org/questions/1583009,os:windows,Windows 11,,,,,,,1,true,7.11,False,
1583013,2026-05-21T19:29:55.576759Z,2026-05-21,en-US,connectivity,thunderbird;windows-11;connectivity;thunderbird-1470;thunderbird-14701;,mewright95,Thunderbird set up problem,https://support.mozilla.org/questions/1583013,os:windows,Windows 11,,147.0.1,147,m:spectrum,proto:imap,,0,false,,False,
1583014,2026-05-21T19:34:44.090456Z,2026-05-21,cs,reset-passwords,thunderbird;windows-11;reset-passwords;thunderbird-1500;thunderbird-15002;,vlado.riisa,při pádu počítče jsem přišel o heslo do Thuderbirdu,https://support.mozilla.org/questions/1583014,os:windows,Windows 11,,150.0.2.,150,,,,1,true,0.64,True,Ansamb
1583016,2026-05-21T20:23:19.038147Z,2026-05-21,en-US,accessibility,thunderbird;accessibility;windows-10;,sondimoore,"The company I am using for my database, etc is leaving at end of May. How can I become a member and what do you offer?",https://support.mozilla.org/questions/1583016,os:windows,Windows 10,,Unknown,,,,,1,true,4.88,False,
1583017,2026-05-21T20:28:33.341828Z,2026-05-21,en-US,accessibility,thunderbird;accessibility;windows-10;,sondimoore,"The company I am using for my database, etc is leaving at end of May. How can I become a member and what do you offer?",https://support.mozilla.org/questions/1583017,os:windows,Windows 10,,Unknown,,,,,1,true,0.05,False,
1583021,2026-05-21T20:36:27.825930Z,2026-05-21,en-US,contacts,thunderbird;windows-10;contacts;thunderbird-140110;thunderbird-14011;,Will1946,How do I create a mailing list in Thunderbird 140.11.0esr?,https://support.mozilla.org/questions/1583021,os:windows,Windows 10,,140.11.0esr,140,,,,11,true,3.07,True,rednoise
1583026,2026-05-21T20:58:11.362687Z,2026-05-21,en-US,send-and-receive-email,thunderbird;windows-11;send-and-receive-email;,popsgmf,"I am getting a ""certificate for XXXXX expired"" notice and my email won't download",https://support.mozilla.org/questions/1583026,os:windows,Windows 11,,,,,proto:imap,,2,true,2.02,False,
1583028,2026-05-21T21:00:31.346049Z,2026-05-21,en-US,connectivity,thunderbird;windows-11;connectivity;thunderbird-1510;,mrwayyne,Xfinity Splash screen preventing me from accessing email. Need advice.,https://support.mozilla.org/questions/1583028,os:windows,Windows 11,,151.0,151,m:comcast,,,2,true,1.33,False,
1583030,2026-05-21T21:05:18.901409Z,2026-05-21,en-US,contacts,thunderbird;windows-11;contacts;thunderbird-1510;,RalphSimon,anniversary not saving,https://support.mozilla.org/questions/1583030,os:windows,Windows 11,,151.0,151,,,,0,false,,False,
1583033,2026-05-21T21:24:05.972568Z,2026-05-21,en-US,connectivity,thunderbird;windows-11;connectivity;thunderbird-1500;thunderbird-15002;,logsafe,I continue to get the 'Unable to Connect' message.,https://support.mozilla.org/questions/1583033,os:windows,Windows 11,,150.0.2 32-bit,150,m:microsoftemail,,,2,true,4.51,False,
1583041,2026-05-21T22:01:56.005822Z,2026-05-21,nl,email-and-messaging,thunderbird;windows-11;email-and-messaging;firefox-1510;firefox-15101;,EgbertiB,"Filteren is mijn probleem, slechts enkele berichten zijn naar de gewenste lokale map verhuist, maar de meeste blijven in",https://support.mozilla.org/questions/1583041,os:windows,Windows 11,,,,,,,0,false,,False,
1583046,2026-05-21T22:28:03.158117Z,2026-05-21,en-US,customization,thunderbird;windows-10;customization;thunderbird-1510;,TomD58,Email disappeared form inbox,https://support.mozilla.org/questions/1583046,os:windows,Windows 10,,151.0,151,,,,6,true,0.29,True,rednoise
1583048,2026-05-21T22:56:35.915759Z,2026-05-21,en-US,customization,thunderbird;windows-10;customization;thunderbird-14902;thunderbird-1490;,firefox2007,How to toggle body text to a fixed lenght font with a single click ?,https://support.mozilla.org/questions/1583048,os:windows,Windows 10,,149.0.2,149,,,,1,true,0.59,False,
1583053,2026-05-21T23:33:48.534525Z,2026-05-21,en-US,accessibility,linux;thunderbird;accessibility;,bobleistner,how to get to my mailbox,https://support.mozilla.org/questions/1583053,os:linux,Linux,,I have no idea,,m:yahooemail,,,22,true,15.91,False,
1583055,2026-05-21T23:36:30.466452Z,2026-05-21,en-US,email-and-messaging,thunderbird;windows-11;email-and-messaging;,nuffsaid1,E-mails not deleted after a download,https://support.mozilla.org/questions/1583055,os:windows,Windows 11,,Version 151.0 (64-,151,,,,1,true,12.41,False,
1583059,2026-05-21T23:51:59.739132Z,2026-05-21,en-US,customization,thunderbird;windows-10;customization;thunderbird-140110;thunderbird-14011;,fhkolwicz1,Thunderbird version 140.11.0esr (64-bit): I can't make new message filters,https://support.mozilla.org/questions/1583059,os:windows,Windows 10,,140.11.0esr (64-bi,140,,,,5,true,0.91,True,rednoise
1583069,2026-05-22T02:25:11.163145Z,2026-05-22,en-US,connectivity,thunderbird;windows-11;connectivity;thunderbird-1510;,jterranova5,Thunderbird won't download messages from Yahoo webmail,https://support.mozilla.org/questions/1583069,os:windows,Windows 11,,151.0,151,m:yahooemail,proto:pop,,4,true,6.2,False,
1583070,2026-05-22T02:35:05.455451Z,2026-05-22,en-US,customization,thunderbird;customization;windows-11;thunderbird-1510;,estimatingsoftwareservice,How to save signiture and insert into email,https://support.mozilla.org/questions/1583070,os:windows,Windows 11,,151.0,151,m:microsoftemail,,,2,true,3.54,False,
1583077,2026-05-22T03:44:08.985787Z,2026-05-22,hu,send-and-receive-email,thunderbird;windows-10;send-and-receive-email;thunderbird-1510;,hartvanyi,o365 e-mail fiók kezelési probléma,https://support.mozilla.org/questions/1583077,os:windows,Windows 10,,151.0,151,m:microsoftemail,,,0,false,,False,
1583094,2026-05-22T05:51:22.542991Z,2026-05-22,en-US,import-and-export-email,thunderbird;windows-11;import-and-export-email;thunderbird-1510;,BobbyBobBob,Help! Can't Get Accounts or Emails Into New Thunderbird Installation After Win 11 Reset And Profile File Deletions,https://support.mozilla.org/questions/1583094,os:windows,Windows 11,,151.0,151,,,,3,true,6.1,False,
1583095,2026-05-22T05:52:10.897825Z,2026-05-22,en-US,email-and-messaging,thunderbird;email-and-messaging;thunderbird-115180;thunderbird-11518;,chevydrive97,Need help accessing emails,https://support.mozilla.org/questions/1583095,,,,115.18.0,115,,,,1,true,56.8,True,davidsk
1583106,2026-05-22T07:29:46.033169Z,2026-05-22,it,crashing-and-slow-performance,windows-7;thunderbird;crashing-and-slow-performance;thunderbird-115180;thunderbird-11518;,borasulmare,Schede bianche e vuote,https://support.mozilla.org/questions/1583106,os:windows,Windows 7,,115.18.0,115,,,,4,true,0.56,False,
1583119,2026-05-22T10:05:15.048957Z,2026-05-22,en-US,account-management,thunderbird;windows-10;account-management;,ashuat,Why Thunderbird doesn't like yahoo accounts?,https://support.mozilla.org/questions/1583119,os:windows,Windows 10,,latest,,m:yahooemail,,,5,true,2.13,True,davidsk
1583125,2026-05-22T10:33:51.209442Z,2026-05-22,it,send-and-receive-email,thunderbird;needsinfo;windows-11;send-and-receive-email;thunderbird-1500;,vincenzotrocchia,perché non riesco a inviare posta co thunderbird,https://support.mozilla.org/questions/1583125,os:windows,Windows 11,,150.ob1,150,,,,1,true,0.17,True,'@next
1583127,2026-05-22T10:50:58.817489Z,2026-05-22,it,encryption,beta;thunderbird;needsinfo;windows-11;encryption;thunderbird-1500;,vincenzotrocchia,cosa vuol dire Il certificato per mail.tin.it:587 non proviene da una fonte attendibile,https://support.mozilla.org/questions/1583127,os:windows,Windows 11,,150.0b1,150,m:virgilio,,,1,true,0.11,False,
1583141,2026-05-22T12:17:58.195443Z,2026-05-22,en-US,email-and-messaging,thunderbird;windows-11;email-and-messaging;thunderbird-140110;thunderbird-14011;,csrasor,CAnnot move a subfolder to a folder and it (the folder) is in Italic display,https://support.mozilla.org/questions/1583141,os:windows,Windows 11,,140.11.0esr (32-bi,140,,,,1,true,4.06,False,
1583165,2026-05-22T14:59:55.207349Z,2026-05-22,en-US,app-crash,thunderbird;windows-11;app-crash;,Nasshorn,Email Frozen,https://support.mozilla.org/questions/1583165,os:windows,Windows 11,,unknown,,m:gmail,,,6,true,48.55,True,Nasshorn
1583171,2026-05-22T15:31:45.612205Z,2026-05-22,en-US,send-and-receive-email,thunderbird;windows-11;send-and-receive-email;thunderbird-140110;thunderbird-14011;,Ricky-Yates,A business claim to have sent me several emails but they never arrive.,https://support.mozilla.org/questions/1583171,os:windows,Windows 11,,140.11.0esr,140,,,,1,true,0.77,False,
1583176,2026-05-22T15:51:23.343483Z,2026-05-22,it,send-and-receive-email,thunderbird;needsinfo;windows-10;send-and-receive-email;thunderbird-140110;thunderbird-14011;,fabio.sfravara,Tund non mi scarica più i messaggi della pec mi da il codice di errore (inserisco screen-shot in allegato),https://support.mozilla.org/questions/1583176,os:windows,Windows 10,,140.11.0esr 64 bit,140,,,,3,true,0.86,False,
1583184,2026-05-22T16:36:50.471451Z,2026-05-22,en-US,send-and-receive-email,thunderbird;windows-11;send-and-receive-email;thunderbird-1510;,lemon1704,having problems configuring Thunderbird for use on videotron,https://support.mozilla.org/questions/1583184,os:windows,Windows 11,,151.0,151,,proto:smtp,,2,true,9.2,False,
1583186,2026-05-22T16:40:13.355282Z,2026-05-22,en-US,send-and-receive-email,thunderbird;windows-11;send-and-receive-email;thunderbird-1500;thunderbird-15002;,jtblazek,Outgoing Spectrum (wi.rr.com) emails sometimes not processing.,https://support.mozilla.org/questions/1583186,os:windows,Windows 11,,150.0.2,150,m:spectrum,,,0,false,,False,
1583205,2026-05-22T18:43:50.121310Z,2026-05-22,en-US,settings,thunderbird;settings;windows-11;thunderbird-140110;thunderbird-14011;,adrian_b_fisher,Where is config editor,https://support.mozilla.org/questions/1583205,os:windows,Windows 11,,140.11.0esr,140,,,,1,true,4.92,False,
1583206,2026-05-22T18:46:26.697395Z,2026-05-22,en-US,customization,thunderbird;customization;windows-11;thunderbird-140110;thunderbird-14011;,adrian_b_fisher,Where is Config Editor,https://support.mozilla.org/questions/1583206,os:windows,Windows 11,,140.11.0esr,140,,,,6,true,1.05,False,
1583218,2026-05-22T19:51:28.460066Z,2026-05-22,en-US,email-and-messaging,thunderbird;windows-10;email-and-messaging;,westief,I can't find the location of a folder that might have been moved accidentally to another folder.,https://support.mozilla.org/questions/1583218,os:windows,Windows 10,,151.0.1,151,,,,3,true,1.2,True,rednoise
1583222,2026-05-22T20:17:46.570410Z,2026-05-22,en-US,send-and-receive-email,thunderbird;windows-11;send-and-receive-email;,ndbrill,"""Automatically follow detected online state"" does not work for Yahoo SMTP server",https://support.mozilla.org/questions/1583222,os:windows,Windows 11,,Latest Windows,,m:yahooemail,proto:imap;proto:smtp,,0,false,,False,
1583227,2026-05-22T20:52:54.078197Z,2026-05-22,en-US,passwords-and-sign-in,thunderbird;passwords-and-sign-in;windows-1011;thunderbird-140110;thunderbird-14011;,cai1,I have deleted my out-of-date password for Spectrum but when I restart Thunderbird it does not ask me for the new passwo,https://support.mozilla.org/questions/1583227,os:windows,Windows 10/11,,140.11.0esr (64-bi,140,m:spectrum,,,4,true,0.37,False,
1583229,2026-05-22T20:58:18.685187Z,2026-05-22,en-US,customization,thunderbird;customization;windows-11;thunderbird-1510;,afolland716,"Odd message in Settings:  ""Thunderbird is being managed by your organization.""",https://support.mozilla.org/questions/1583229,os:windows,Windows 11,,151.0,151,,,,3,true,0.64,False,
1583231,2026-05-22T21:04:17.952625Z,2026-05-22,en-US,contacts,thunderbird;windows-11;contacts;thunderbird-1500;thunderbird-15002;,stephen.salisbury,how to use complete address books as email addressees,https://support.mozilla.org/questions/1583231,os:windows,Windows 11,,150.0.2,150,,,,1,true,0.46,False,
1583239,2026-05-22T21:48:41.366690Z,2026-05-22,en-US,import-and-export-settings,linux;thunderbird;import-and-export-settings;,ajo2,how to migrate thunderbird accounts from ver 68.10 on old ubuntu computer to ver 140.10.2 on new mint computer,https://support.mozilla.org/questions/1583239,os:linux,Linux,,"68.10, 140.10.2esr",140,,,,4,true,18.97,True,ajo2
1583245,2026-05-22T22:19:15.197012Z,2026-05-22,en-US,connectivity,thunderbird;windows-10;connectivity;,pixelmoses,Authentication Errors on Launch,https://support.mozilla.org/questions/1583245,os:windows,Windows 10,,153.0a1,153,m:gmail,proto:imap,,2,true,3.15,False,
1583256,2026-05-23T00:14:49.707530Z,2026-05-23,en-US,profiles,thunderbird;windows-11;profiles;thunderbird-1510;,jmcla,"Clean install of thunderbird but no profile found in usual location. I put in some old profiles, but still doesn't recog",https://support.mozilla.org/questions/1583256,os:windows,Windows 11,,151.0,151,,,,6,true,0.53,True,davidsk
1583261,2026-05-23T00:35:10.757708Z,2026-05-23,en-US,send-and-receive-email,thunderbird;send-and-receive-email;,david955,"My default domain with three email accounts works fine, how do I setup an email account that uses a second domain?",https://support.mozilla.org/questions/1583261,os:macos,Mac OS x 10_15_7,,e.g. 150.0.2,150,,,,3,true,17.67,True,davidsk
1583267,2026-05-23T02:04:22.128529Z,2026-05-23,en-US,install,thunderbird;windows-11;install;thunderbird-14601;thunderbird-1460;,kevin999,Is there a Portable Apps version of Thunderbird for Windows 11 - my version from my windows 10 computer won't run.'t,https://support.mozilla.org/questions/1583267,os:windows,Windows 11,,146.0.1,146,,,,1,true,0.15,False,
1583271,2026-05-23T02:42:30.824038Z,2026-05-23,en-US,customization,thunderbird;customization;windows-11;thunderbird-1510;,marksaul,I cannot turn off 'threading' of messages. Ugh.,https://support.mozilla.org/questions/1583271,os:windows,Windows 11,,151.0 (64-bit,151,,,,1,true,1.24,False,
1583277,2026-05-23T03:25:47.600518Z,2026-05-23,en-US,send-and-receive-email,thunderbird;windows-11;send-and-receive-email;,Lindsay13Graham,Using Thunderbird/Gmail on 2 computers,https://support.mozilla.org/questions/1583277,os:windows,Windows 11,,See above,,m:gmail,,,1,true,2.09,False,
1583278,2026-05-23T03:44:38.061138Z,2026-05-23,en-US,junk-mail-and-spam,thunderbird;windows-11;junk-mail-and-spam;,paul.farr6,Include email source data when forwarding spam to [Agency/Gov] reporting addresses,https://support.mozilla.org/questions/1583278,os:windows,Windows 11,,15.1.0,,,,,2,true,9.51,True,paul.farr6
1583289,2026-05-23T05:52:02.611367Z,2026-05-23,en-US,send-and-receive-email,thunderbird;windows-10;send-and-receive-email;,gioangelopoulos,Messages of sent folder are disappeared,https://support.mozilla.org/questions/1583289,os:windows,Windows 10,,Thunderbird 151.0,151,m:microsoftemail,,,3,true,4.87,True,Mapenzi
1583336,2026-05-23T13:09:27.654798Z,2026-05-23,en-US,junk-mail-and-spam,thunderbird;windows-10;junk-mail-and-spam;thunderbird-1510;,blhalteman,why are suddenly are all my emails going right to my trash bin?,https://support.mozilla.org/questions/1583336,os:windows,Windows 10,,151.0,151,,,,0,false,,False,
1583352,2026-05-23T14:29:48.574299Z,2026-05-23,en-US,send-and-receive-email,thunderbird;windows-11;send-and-receive-email;firefox-1510;firefox-15101;,pennyfinerty,Delivere all new emails to In box,https://support.mozilla.org/questions/1583352,os:windows,Windows 11,,,,,,,1,true,9.35,False,
1583381,2026-05-23T17:06:31.957564Z,2026-05-23,en-US,customization,thunderbird;customization;windows-11;thunderbird-1510;,claude.blanchard50,Need help to have icon thunderbird on the tasbar.,https://support.mozilla.org/questions/1583381,os:windows,Windows 11,,151.0,151,,,,5,true,1.18,False,
1583384,2026-05-23T17:37:07.846483Z,2026-05-23,en-US,send-and-receive-email,thunderbird;windows-11;send-and-receive-email;thunderbird-1510;,edhaser,"Desktop Thunderbird no longer downloading from Yahoo email account to Inbox, but does Send messages out",https://support.mozilla.org/questions/1583384,os:windows,Windows 11,,151.0,151,m:yahooemail,proto:oauth,,3,true,160.04,True,edhaser
1583393,2026-05-23T18:42:10.081989Z,2026-05-23,en-US,email-and-messaging,thunderbird;email-and-messaging;thunderbird-1510;,forestbilt1,I  had several folders under one of my email addresses. I had saved some important emails in it. It has vanished. How do,https://support.mozilla.org/questions/1583393,os:macos,Mac OS Tahoe 26.3.1 (a),,151.0,151,,,,1,true,6.92,False,
1583395,2026-05-23T19:07:58.608370Z,2026-05-23,en-US,import-and-export-email,thunderbird;windows-11;import-and-export-email;thunderbird-1510;,aszwarz,Missing all local folders created and missing emails prior to May 1,https://support.mozilla.org/questions/1583395,os:windows,Windows 11,,151.0,151,,,,9,true,17.19,True,Mapenzi
1583396,2026-05-23T19:08:50.525164Z,2026-05-23,en-US,junk-mail-and-spam,thunderbird;windows-11;junk-mail-and-spam;thunderbird-140110;thunderbird-14011;,Burgemeester,How to import/paste a list of email addressess into a filter,https://support.mozilla.org/questions/1583396,os:windows,Windows 11,,140.11.0esr,140,,,,1,true,1.27,False,
1583421,2026-05-23T22:07:53.363852Z,2026-05-23,en-US,connectivity,thunderbird;windows-11;connectivity;thunderbird-14010;thunderbird-140102;,Bartholo,"""Thunderbird can't connect to the server"" Part 2",https://support.mozilla.org/questions/1583421,os:windows,Windows 11,,140.10.2esr 64 bit,140,m:spectrum,,av:malwarebytes;av:defender,3,true,29.34,False,
1583424,2026-05-23T22:41:06.541644Z,2026-05-23,en-US,import-and-export-email,thunderbird;windows-10;import-and-export-email;firefox-1510;firefox-15101;,janchelf,All Thunderbird  files and emails lost with windows 10 reset,https://support.mozilla.org/questions/1583424,os:windows,Windows 10,,undefined,,m:earthlink,,,2,true,0.88,False,
1583438,2026-05-24T01:09:38.297460Z,2026-05-24,en-US,send-and-receive-email,thunderbird;windows-11;send-and-receive-email;thunderbird-1510;,col.brokey,Ddelete mail from the server.,https://support.mozilla.org/questions/1583438,os:windows,Windows 11,,151.0,151,,,,4,true,12.27,True,Googlethunderbird.
1583449,2026-05-24T02:35:20.640962Z,2026-05-24,en-US,connectivity,thunderbird;windows-11;connectivity;,holmes2jp,Thunderbird won't accept my password to internet provider even though I have verified it with hctc.net.  What do I do?  ,https://support.mozilla.org/questions/1583449,os:windows,Windows 11,,140.80esr,140,,,,3,true,10.78,False,
1583456,2026-05-24T03:15:38.154395Z,2026-05-24,en-US,send-and-receive-email,thunderbird;windows-11;send-and-receive-email;thunderbird-14010;thunderbird-140102;,Lindsay13Graham,"How to get sent emails in the Inbox, not in Sent",https://support.mozilla.org/questions/1583456,os:windows,Windows 11,,140.10.2esr,140,,,,1,true,4.83,False,
1583463,2026-05-24T04:42:54.052263Z,2026-05-24,en-US,email-and-messaging,thunderbird;email-and-messaging;windows-1011;thunderbird-1510;,tannedtheta,Does clearing up disk space from this option delete the emails from server as well?,https://support.mozilla.org/questions/1583463,os:windows,Windows 10/11,,151.0,151,,,,1,true,5.46,False,
1583477,2026-05-24T07:52:16.405213Z,2026-05-24,en-US,send-and-receive-email,thunderbird;windows-11;send-and-receive-email;thunderbird-1510;,pldhort,"What does this mean - ""Sending of the message failed. The message was not sent due to exceeding the allowed number of re",https://support.mozilla.org/questions/1583477,os:windows,Windows 11,,151.0,151,,,,1,true,0.3,False,
1583486,2026-05-24T08:49:40.907297Z,2026-05-24,en-US,connectivity,thunderbird;windows-11;connectivity;thunderbird-1510;,akarinliu,Thunderbird Login Outlook.com Mailbox Port Clash Bug,https://support.mozilla.org/questions/1583486,os:windows,Windows 11,,151.0,151,m:microsoftemail,,,1,false,,False,
1583493,2026-05-24T09:44:55.882527Z,2026-05-24,nl,account-management,thunderbird;windows-11;account-management;thunderbird-1510;,deenphj,geen mail van gmail,https://support.mozilla.org/questions/1583493,os:windows,Windows 11,,151.0,151,m:gmail,,,5,true,98.0,False,
1583497,2026-05-24T10:22:57.087528Z,2026-05-24,en-US,import-and-export-email,thunderbird;windows-10;import-and-export-email;,chrissierossmann,email address cancelled 2023 and I am trying to retrieve old email .,https://support.mozilla.org/questions/1583497,os:windows,Windows 10,,no idea,,m:gmail,,,1,true,2.91,False,
1583528,2026-05-24T14:15:30.477139Z,2026-05-24,en-US,customization,thunderbird;windows-10;customization;,bermanart,How to get rid of threads,https://support.mozilla.org/questions/1583528,os:windows,Windows 10,,1160,,,,,3,true,0.34,False,
1583530,2026-05-24T14:16:34.089183Z,2026-05-24,en-US,send-and-receive-email,windows-xp;thunderbird;send-and-receive-email;,dfarns321,"email account is stuck on ""loading messages""",https://support.mozilla.org/questions/1583530,os:windows,Windows XP,,44.0,,,proto:imap;proto:pop,,3,true,25.51,False,
1583531,2026-05-24T14:20:32.754612Z,2026-05-24,en-US,send-and-receive-email,thunderbird;windows-11;send-and-receive-email;thunderbird-1510;,arw2104,Filter running twice?,https://support.mozilla.org/questions/1583531,os:windows,Windows 11,,151.0,151,,,,2,true,11.4,False,
1583538,2026-05-24T14:51:05.358394Z,2026-05-24,en-US,customization,thunderbird;customization;windows-11;thunderbird-1500;,B.O.,Trash folder deletes my deleted emails,https://support.mozilla.org/questions/1583538,os:windows,Windows 11,,150.0,150,,,,16,true,1.04,True,Toad-Hall
1583539,2026-05-24T14:57:08.321567Z,2026-05-24,en-US,send-and-receive-email,thunderbird;windows-11;send-and-receive-email;thunderbird-1500;thunderbird-15002;,rellison,Filters not working all of the time to outlook,https://support.mozilla.org/questions/1583539,os:windows,Windows 11,,150.0.2,150,m:microsoftemail,,,0,false,,False,
1583541,2026-05-24T15:14:54.304713Z,2026-05-24,en-US,customization,thunderbird;windows-10;customization;thunderbird-14010;thunderbird-140101;,mikealte135,Tb saves msg to wrong folder.,https://support.mozilla.org/questions/1583541,os:windows,Windows 10,,140.10.1esr (64-bi,140,,,,7,true,4.58,False,
1583542,2026-05-24T15:21:40.793408Z,2026-05-24,nl,import-and-export-email,thunderbird;import-and-export-email;thunderbird-1500;thunderbird-15002;,roberts2,Mappen verplaatsen tussen email accounts,https://support.mozilla.org/questions/1583542,,,,150.0.2,150,m:kpn,,,1,true,142.19,False,
1583554,2026-05-24T16:53:58.268820Z,2026-05-24,en-US,send-and-receive-email,thunderbird;windows-10;send-and-receive-email;thunderbird-14010;thunderbird-140102;,RHall,Tbird fails accessing MS outlook.com email,https://support.mozilla.org/questions/1583554,os:windows,Windows 10,,140.10.2esr,140,m:microsoftemail,,,2,true,136.62,False,
1583563,2026-05-24T17:45:11.903928Z,2026-05-24,en-US,profiles,thunderbird;windows-11;profiles;thunderbird-140110;thunderbird-14011;,Toby99,Question on Profiles,https://support.mozilla.org/questions/1583563,os:windows,Windows 11,,140.11.0esr,140,m:microsoftemail;m:windstream,proto:pop,,6,true,2.76,False,
1583564,2026-05-24T17:45:58.719846Z,2026-05-24,en-US,contacts,thunderbird;windows-11;contacts;thunderbird-1510;,pike42begap,There is no SAVE option visible when editing an address book entry,https://support.mozilla.org/questions/1583564,os:windows,Windows 11,,151.0,151,,,,3,true,0.36,True,davidsk
1583567,2026-05-24T18:07:31.575628Z,2026-05-24,en-US,customization,thunderbird;customization;windows-11;thunderbird-1510;,marksaul,How can I turn of 'threading' for all messages in any context forever?,https://support.mozilla.org/questions/1583567,os:windows,Windows 11,,151.0,151,,,,1,true,0.07,False,
1583580,2026-05-24T19:19:54.410324Z,2026-05-24,en-US,customization,thunderbird;windows-10;customization;thunderbird-140110;thunderbird-14011;,Highlander009,No new messages alert,https://support.mozilla.org/questions/1583580,os:windows,Windows 10,,140.11.0esr (64-bi,140,,,,0,false,,False,
1583586,2026-05-24T19:49:26.539518Z,2026-05-24,en-US,customization,thunderbird;customization;windows-11;,altus2,Windows 11. How do I revise the siguature file?,https://support.mozilla.org/questions/1583586,os:windows,Windows 11,,I don't kow.,,,,,1,true,5.42,False,
1583592,2026-05-24T20:40:53.864649Z,2026-05-24,en-US,customization,thunderbird;customization;windows-11;,altus2,Windows 11. Where do I revise signature file?,https://support.mozilla.org/questions/1583592,os:windows,Windows 11,,I cannot find.,,,,,1,true,1.77,False,
1583596,2026-05-24T21:20:46.365029Z,2026-05-24,en-US,send-and-receive-email,thunderbird;send-and-receive-email;thunderbird-115180;thunderbird-11518;,mindimindy,Why is Thunderbird suddenly not receiving messages (I already checked my password settings)?,https://support.mozilla.org/questions/1583596,os:macos,Mac OS x 10.12.6,,115.18.0,115,m:earthlink,,,34,true,17.57,False,
1583610,2026-05-24T23:59:49.906369Z,2026-05-24,en-US,calendar,thunderbird;calendar;windows-11;thunderbird-1510;,pike42begap,Cannot print event selected from calendar (using Ctrl-P).  Prints first event in the week instead of selected event,https://support.mozilla.org/questions/1583610,os:windows,Windows 11,,151.0,151,,,,0,false,,False,
1583611,2026-05-25T00:02:58.193758Z,2026-05-25,en-US,events,thunderbird;windows-11;events;thunderbird-1510;,pike42begap,How to turn on <tab> usage?,https://support.mozilla.org/questions/1583611,os:windows,Windows 11,,151.0,151,,,,1,true,2.65,False,
1583617,2026-05-25T01:23:01.228933Z,2026-05-25,en-US,send-and-receive-email,thunderbird;windows-11;send-and-receive-email;thunderbird-1500;thunderbird-15002;,DHINOJA,Send message error,https://support.mozilla.org/questions/1583617,os:windows,Windows 11,,150.0.2.0,150,,,,3,true,10.92,False,
1583640,2026-05-25T05:31:04.159135Z,2026-05-25,en-US,crashing-and-slow-performance,thunderbird;mac-os-x-1015;crashing-and-slow-performance;thunderbird-1510;,zoran9,Thunderbird has slowed down significantly,https://support.mozilla.org/questions/1583640,os:macos,Mac OS x 10.15,macos:sequoia,151,151,,,,1,true,10.17,False,
1583652,2026-05-25T06:59:19.167655Z,2026-05-25,en-US,email-and-messaging,thunderbird;windows-11;email-and-messaging;,makotox1g,Could you please advise how to resolve the discrepancy in displayed emails between the PC and mobile versions of Thunder,https://support.mozilla.org/questions/1583652,os:windows,Windows 11,,android Ver18.0,,,proto:pop,,3,true,5.2,False,
1583660,2026-05-25T08:17:51.046980Z,2026-05-25,es,send-and-receive-email,thunderbird;windows-11;send-and-receive-email;thunderbird-140110;thunderbird-14011;,jose.r.madrid,"Mensaje bloqueado en bandeja de salida, ¿cómo eliminarlo?",https://support.mozilla.org/questions/1583660,os:windows,Windows 11,,140.11.0esr,140,,,,7,true,11.26,True,pcp04
1583664,2026-05-25T08:36:27.007337Z,2026-05-25,en-US,customization,thunderbird;customization;,sandysandaver,In Thunderbird on my Mac there appears to be no way of restoring alphabetical order to Folders,https://support.mozilla.org/questions/1583664,os:macos,Mac OS x 10_15_7,,140.11 Oesr,140,,,,11,true,7.37,False,
1583683,2026-05-25T11:41:05.506180Z,2026-05-25,en-US,update,thunderbird;windows-11;update;thunderbird-1510;,barry118,Have just been upgraded to Thunderbird Release 151.0 and cannot receive or send emails.,https://support.mozilla.org/questions/1583683,os:windows,Windows 11,,151.0,151,,,,1,true,0.39,False,
1583686,2026-05-25T12:03:17.295190Z,2026-05-25,en-US,customization,thunderbird;customization;windows-11;thunderbird-1510;,nickhumphris,Preventing treading and reloading all my emails,https://support.mozilla.org/questions/1583686,os:windows,Windows 11,,151.0,151,,,,1,true,0.09,False,
1583691,2026-05-25T12:45:12.877736Z,2026-05-25,en-US,import-and-export-email,thunderbird;windows-11;import-and-export-email;,artnor4343,"In my .CSV extract I'm failing to get the email body through alongside date time sender etc so Q, where do I set this?",https://support.mozilla.org/questions/1583691,os:windows,Windows 11,,14.1.18,,,,,7,true,0.79,False,
1583692,2026-05-25T12:49:03.687532Z,2026-05-25,en-US,junk-mail-and-spam,thunderbird;windows-11;junk-mail-and-spam;thunderbird-14010;thunderbird-140102;,magnus37,Marking senders as not spam,https://support.mozilla.org/questions/1583692,os:windows,Windows 11,,140.10.2esr (64-bi,140,,,av:fsecure,1,true,0.79,False,
1583699,2026-05-25T14:02:38.431165Z,2026-05-25,en-US,send-and-receive-email,thunderbird;windows-10;send-and-receive-email;,diemer1,Not receiving emails,https://support.mozilla.org/questions/1583699,os:windows,Windows 10,,150.02,150,m:bell,,,1,true,116.84,True,christ1
1583707,2026-05-25T15:21:25.560626Z,2026-05-25,en-US,email-and-messaging,thunderbird;email-and-messaging;windows-1011;thunderbird-1510;,JACK,multiple selection is pointless,https://support.mozilla.org/questions/1583707,os:windows,Windows 10/11,,151.0,151,,,,1,true,16.55,False,
1583716,2026-05-25T16:05:24.745834Z,2026-05-25,en-US,update,linux;thunderbird;update;thunderbird-1510;,tzoellner2026,Thunderbird 150 and 151 under Linux Arch; empty Folder thunderbird in personal Folder,https://support.mozilla.org/questions/1583716,os:linux,Linux,,151.0,151,,,,2,true,114.72,False,
1583721,2026-05-25T16:20:54.245313Z,2026-05-25,it,send-and-receive-email,thunderbird;windows-10;send-and-receive-email;,paolo.rosastro,I would like to send a certified email,https://support.mozilla.org/questions/1583721,os:windows,Windows 10,,,,,,,1,true,1.51,False,
1583731,2026-05-25T17:07:14.086027Z,2026-05-25,it,attachments,thunderbird;windows-11;attachments;thunderbird-1510;,dibarileonardo1,Un allegato PDF non viene visualizzato,https://support.mozilla.org/questions/1583731,os:windows,Windows 11,,151.0,151,,,,1,true,0.76,False,
1583732,2026-05-25T17:09:55.558336Z,2026-05-25,en-US,junk-mail-and-spam,thunderbird;windows-11;junk-mail-and-spam;,bartfincke,how can i easily block certain spam messages,https://support.mozilla.org/questions/1583732,os:windows,Windows 11,,,,,,,1,true,0.19,False,
1583738,2026-05-25T17:45:01.834532Z,2026-05-25,en-US,email-and-messaging,thunderbird;needsinfo;windows-11;email-and-messaging;,erniec1,controlling writing text size and sent textsize,https://support.mozilla.org/questions/1583738,os:windows,Windows 11,,Version 128.7.1esr,128,,,,9,true,0.21,True,davidsk
1583739,2026-05-25T17:47:47.108890Z,2026-05-25,en-US,email-and-messaging,thunderbird;windows-10;email-and-messaging;firefox-1510;firefox-15101;,kholds,"Every email I have ever opened, but not unread emails have disappeared",https://support.mozilla.org/questions/1583739,os:windows,Windows 10,,,,,,,1,true,1.65,False,
1583741,2026-05-25T18:05:16.478072Z,2026-05-25,en-US,customization,thunderbird;customization;windows-11;,cj23,"After changing some settings, all emails printed as plain text only, even past emails.",https://support.mozilla.org/questions/1583741,os:windows,Windows 11,,May 7 or after. ??,,,,,0,false,,False,
1583744,2026-05-25T18:23:08.966352Z,2026-05-25,en-US,send-and-receive-email,thunderbird;android;send-and-receive-email;,ca.ca,Cloutier728@gmail.com i cant get messages to my email cloutier728@email.com,https://support.mozilla.org/questions/1583744,os:android,Android,,,,m:gmail,,,1,true,21.98,False,
1583747,2026-05-25T18:49:40.222323Z,2026-05-25,en-US,passwords-and-sign-in,thunderbird;passwords-and-sign-in;thunderbird-1510;,jayoung3,I have lost access to my icloud email on Thunderbird.,https://support.mozilla.org/questions/1583747,os:other,OS 14.8.7,,151.0,151,m:icloud,proto:imap,,1,true,0.16,True,rednoise
1583755,2026-05-25T19:58:22.396603Z,2026-05-25,en-US,passwords-and-sign-in,beta;thunderbird;windows-11;passwords-and-sign-in;thunderbird-1500;,jvdfedie,"When trying to sign in to my Thunderbird email, I get the message to use my password, but I don't know of one so how do ",https://support.mozilla.org/questions/1583755,os:windows,Windows 11,,150.0b1,150,,,,1,true,4.53,False,
1583756,2026-05-25T20:05:07.045718Z,2026-05-25,en-US,update,thunderbird;windows-11;update;thunderbird-115101;thunderbird-11510;,moz.defender447,Thunderbird desktop switched to ESR release erroneously. Why?,https://support.mozilla.org/questions/1583756,os:windows,Windows 11,,115.10.1,115,,,,5,true,0.2,True,davidsk
1583757,2026-05-25T20:08:21.274184Z,2026-05-25,en-US,send-and-receive-email,windows-7;thunderbird;send-and-receive-email;thunderbird-115180;thunderbird-11518;,dcran5,Help..  I accidentally trashed files under my email and I would like to get them back? recover them.,https://support.mozilla.org/questions/1583757,os:windows,Windows 7,,115.18.0,115,,,,1,true,17.83,False,
1583772,2026-05-25T21:05:29.858076Z,2026-05-25,en-US,send-and-receive-email,thunderbird;send-and-receive-email;windows-1011;,david957,cant send emails following software update yesterday,https://support.mozilla.org/questions/1583772,os:windows,Windows 10/11,,ersion 140.11.0esr,140,,,,1,true,109.61,False,
1583774,2026-05-25T21:11:52.451846Z,2026-05-25,it,send-and-receive-email,thunderbird;windows-10;send-and-receive-email;thunderbird-1500;thunderbird-15002;,ashuat,Thunderbird no longer sends an account's mail,https://support.mozilla.org/questions/1583774,os:windows,Windows 10,,150.0.2,150,m:gmail,,,1,true,35.57,True,'@next
1583779,2026-05-25T21:25:11.282545Z,2026-05-25,en-US,email-and-messaging,thunderbird;windows-11;email-and-messaging;thunderbird-1510;,geminiguy53,12/31/1969 5:00 pm.  shows up at the bottom of my saved emails.,https://support.mozilla.org/questions/1583779,os:windows,Windows 11,,151.0,151,,,,1,true,2.84,True,rednoise
1583799,2026-05-26T01:11:44.034635Z,2026-05-26,en-US,passwords-and-sign-in,thunderbird;windows-11;passwords-and-sign-in;thunderbird-1510;,nmP264h,Authentication error when migrating Yahoo mail to Thunderbird,https://support.mozilla.org/questions/1583799,os:windows,Windows 11,,151.0,151,m:microsoftemail;m:yahooemail;m:comcast,proto:imap,,1,true,12.21,False,
1583801,2026-05-26T01:39:10.137410Z,2026-05-26,en-US,accounts,thunderbird;windows-10;accounts;,45rpm,"There's a frightening ambiguity in the ""add new account"" page please help",https://support.mozilla.org/questions/1583801,os:windows,Windows 10,,144.0.2,144,,,,27,true,2.02,False,
1583802,2026-05-26T01:41:23.974985Z,2026-05-26,en-US,send-and-receive-email,thunderbird;windows-10;send-and-receive-email;thunderbird-1510;,bigben232323,"thunderbird is doubling my outgoing (sent) email, why?",https://support.mozilla.org/questions/1583802,os:windows,Windows 10,,151.0,151,,,,2,true,1.8,True,wxie2016
1583804,2026-05-26T01:46:20.912266Z,2026-05-26,en-US,junk-mail-and-spam,linux;thunderbird;needsinfo;junk-mail-and-spam;thunderbird-14010;thunderbird-140102;,anthony.williams763,"shall I get rid of you? stop with the we think this is junk crap begging for more money, lmk, i've given more than a yea",https://support.mozilla.org/questions/1583804,os:linux,Linux,,140.10.2esr,140,,,,1,true,11.06,False,
1583810,2026-05-26T02:36:06.804182Z,2026-05-26,en-US,email-and-messaging,linux;thunderbird;email-and-messaging;thunderbird-14010;thunderbird-140102;,saroj3,please direct me to your user guide. I've looked all over and don't see anything close.,https://support.mozilla.org/questions/1583810,os:linux,Linux,,140.10.2esr (64-bi,140,,,,3,true,0.75,False,
1583814,2026-05-26T03:18:09.174516Z,2026-05-26,en-US,send-and-receive-email,thunderbird;needsinfo;windows-11;send-and-receive-email;,cathy.shiner,update to email on 5/19/26 and I am unable to pull new emails past that date. I also get doubles of emails from 5/18 and,https://support.mozilla.org/questions/1583814,os:windows,Windows 11,,140.11.oesr,140,,,,1,true,102.18,False,
1583817,2026-05-26T03:30:07.280234Z,2026-05-26,en-US,calendar,thunderbird;needsinfo;calendar;windows-11;thunderbird-1510;,maxsros,Calendar Unavailable After Import Attempt,https://support.mozilla.org/questions/1583817,os:windows,Windows 11,,151.0,151,,,,2,true,101.96,True,MattAuSupport
1583821,2026-05-26T03:53:20.609995Z,2026-05-26,en-US,send-and-receive-email,thunderbird;windows-11;send-and-receive-email;thunderbird-1500;thunderbird-15002;,ntra9236,cc attached to an email sent to my mechanic that I did not include,https://support.mozilla.org/questions/1583821,os:windows,Windows 11,,150.0.2,150,,,,1,true,101.54,False,
1583826,2026-05-26T04:16:42.871453Z,2026-05-26,en-US,junk-mail-and-spam,thunderbird;windows-11;junk-mail-and-spam;thunderbird-1510;,brisbane59,how to send spam straight to the spam folder,https://support.mozilla.org/questions/1583826,os:windows,Windows 11,,151.0,151,,,,1,true,101.11,False,
1583830,2026-05-26T05:03:13.175288Z,2026-05-26,en-US,reset-passwords,thunderbird;windows-11;reset-passwords;,mbitzl,"Ich komme nicht mehr in mein Thunderbird, da ich die App gelöscht hatte und das Passwort angeblich nicht stimmt.",https://support.mozilla.org/questions/1583830,os:windows,Windows 11,,keine Ahnung,,,,,0,false,,False,
1583831,2026-05-26T05:25:36.833043Z,2026-05-26,it,performance-and-connectivity,thunderbird;windows-11;performance-and-connectivity;thunderbird-1510;,francoitalia51,Provo a configurare Thunderbird ma il quadro e' oltre lo screen senza possibilita' di rimpicciolire.  Cosa fare??,https://support.mozilla.org/questions/1583831,os:windows,Windows 11,,151.0,151,m:yahooemail,,,5,true,0.46,False,
1583833,2026-05-26T05:54:58.773287Z,2026-05-26,it,crashing-and-slow-performance,thunderbird;needsinfo;windows-11;crashing-and-slow-performance;thunderbird-140110;thunderbird-14011;,enricocanel,tunderbirds dopo aver compattato le cartelle e cancellato della posta è diventato molto lento sia nella lettura della po,https://support.mozilla.org/questions/1583833,os:windows,Windows 11,,140.11.0 esr 64bit,140,,,,4,true,26.87,True,a.monge
1583840,2026-05-26T06:53:02.467439Z,2026-05-26,en-US,junk-mail-and-spam,thunderbird;windows-11;junk-mail-and-spam;thunderbird-1510;,rowandow66,How to delete ...,https://support.mozilla.org/questions/1583840,os:windows,Windows 11,,151.0,151,,,,1,true,1.17,False,
1583845,2026-05-26T07:56:38.119052Z,2026-05-26,en-US,email-and-messaging,thunderbird;windows-11;email-and-messaging;thunderbird-140110;thunderbird-14011;,hubert.fratczak,Lost Correspondence in Sub folders,https://support.mozilla.org/questions/1583845,os:windows,Windows 11,,140.11.0esr,140,,,,1,true,0.23,True,yulyabrylk
1583847,2026-05-26T08:18:21.120973Z,2026-05-26,nl,send-and-receive-email,thunderbird;windows-11;send-and-receive-email;,h.roelofs26,Ik kan geen E mails verzenden ivm. Authenticatie,https://support.mozilla.org/questions/1583847,os:windows,Windows 11,,243611,,,,,1,true,51.43,True,Mozilla-assistent
1583852,2026-05-26T09:23:02.309474Z,2026-05-26,en-US,send-and-receive-email,linux;thunderbird;send-and-receive-email;thunderbird-140110;thunderbird-14011;,knightd73,all emails for inbox going to deleted folder,https://support.mozilla.org/questions/1583852,os:linux,Linux,,140.11.0esr,140,m:microsoftemail,,,0,false,,False,
1583853,2026-05-26T09:30:14.679449Z,2026-05-26,nl,send-and-receive-email,thunderbird;windows-11;send-and-receive-email;thunderbird-140110;thunderbird-14011;,h.lautenbach,Probleem met Postvak IN van een specifiek account,https://support.mozilla.org/questions/1583853,os:windows,Windows 11,,140.11.0esr,140,,,,9,true,50.21,False,
1583882,2026-05-26T13:19:28.998454Z,2026-05-26,en-US,passwords-and-sign-in,thunderbird;windows-11;passwords-and-sign-in;thunderbird-1510;,batou1,"With TB 148+, authentication loop with an EWS account",https://support.mozilla.org/questions/1583882,os:windows,Windows 11,,151.0,151,,proto:oauth;proto:ews,,8,true,93.29,False,
1583890,2026-05-26T14:05:42.401000Z,2026-05-26,en-US,junk-mail-and-spam,thunderbird;windows-11;junk-mail-and-spam;thunderbird-1500;thunderbird-15002;,rdhuck,"How do I empty trash in Thunderbird? I tried right clicking on the ""empty trash"" button but nothing happens at all!",https://support.mozilla.org/questions/1583890,os:windows,Windows 11,,150.0.2,150,,,,1,true,1.36,False,
1583895,2026-05-26T14:32:29.816104Z,2026-05-26,it,passwords-and-sign-in,thunderbird;needsinfo;windows-11;passwords-and-sign-in;thunderbird-1510;,riccardo.castiglion,account tin.it non funziona,https://support.mozilla.org/questions/1583895,os:windows,Windows 11,,151.0,151,m:virgilio,,,1,true,3.42,False,
1583896,2026-05-26T14:38:17.464236Z,2026-05-26,en-US,profiles,thunderbird;profiles;,jbassett,Thunderbird keeps re-downloading all email/folders for all accounts,https://support.mozilla.org/questions/1583896,os:windows,Microsoft Windows 11,,151.0.1,151,m:microsoftemail,,,0,false,,False,
1583902,2026-05-26T14:58:15.685351Z,2026-05-26,en-US,send-and-receive-email,thunderbird;windows-11;send-and-receive-email;thunderbird-140110;thunderbird-14011;,JGORGOL,I'm not getting new message downloads,https://support.mozilla.org/questions/1583902,os:windows,Windows 11,,140.11.0esr,140,m:yahooemail,proto:pop,,1,true,91.54,False,
1583908,2026-05-26T15:28:27.708117Z,2026-05-26,en-US,reset-passwords,thunderbird;reset-passwords;thunderbird-140100;thunderbird-14010;,andy.hayward,"Unable to remember user name & email password, how can I reset it (so I can export to mobile)",https://support.mozilla.org/questions/1583908,os:windows,Windows 10 Pro,,140.10.0esr,140,m:gmail;m:virginmedia,,,5,true,0.27,True,davidsk
1583909,2026-05-26T15:29:25.878961Z,2026-05-26,en-US,passwords-and-sign-in,thunderbird;windows-10;passwords-and-sign-in;,bcos50,"trying to put thunderbird on laptop, but keep getting authentication error after entering password",https://support.mozilla.org/questions/1583909,os:windows,Windows 10,,don't know,,,,,15,true,0.27,True,bcos50
1583913,2026-05-26T15:58:12.440166Z,2026-05-26,en-US,customization,thunderbird;customization;windows-11;,sand-aps,Jeg kan ikke få Thunderbird logoen (programmet) i min proces linje - Hjælp!!,https://support.mozilla.org/questions/1583913,os:windows,Windows 11,,Det ved jeg ikke -,,,,,1,true,0.75,False,
1583915,2026-05-26T16:18:54.592011Z,2026-05-26,en-US,send-and-receive-email,thunderbird;windows-10;send-and-receive-email;,artarscal,Ne peut plus envoyer de réponse à un mail reçu,https://support.mozilla.org/questions/1583915,os:windows,Windows 10,,Version 150.0.2,150,,,,1,true,0.32,False,
1583916,2026-05-26T16:22:17.914881Z,2026-05-26,en-US,account-management,thunderbird;account-management;thunderbird-1500;,rockyyt,"Comcast has sent our accounts to yahoo, emal name remains the same.",https://support.mozilla.org/questions/1583916,os:macos,Mac OS x 15.5,,150,150,m:yahooemail;m:comcast,,,1,true,90.06,False,
1583925,2026-05-26T17:02:16.288603Z,2026-05-26,en-US,accessibility,thunderbird;accessibility;windows-11;firefox-1510;firefox-15101;,edballard3,Can I access my Comcast email server via Thunderbird via mozilla VPN?,https://support.mozilla.org/questions/1583925,os:windows,Windows 11,,,,m:comcast,proto:pop,av:norton,2,true,89.17,True,christ1
1583933,2026-05-26T18:00:55.751682Z,2026-05-26,en-US,contacts,thunderbird;windows-11;contacts;thunderbird-1510;,dhempel3588,"In the from column, thunderbird is displaying a different name than who sent the email",https://support.mozilla.org/questions/1583933,os:windows,Windows 11,,151.0,151,,,,1,true,19.43,False,
1583935,2026-05-26T18:12:46.253397Z,2026-05-26,en-US,import-and-export-email,thunderbird;windows-11;import-and-export-email;thunderbird-1510;,judylinklater,Multiple Trash folders,https://support.mozilla.org/questions/1583935,os:windows,Windows 11,,151.0,151,m:gmail,,,1,true,87.06,False,
1583941,2026-05-26T19:04:03.089201Z,2026-05-26,en-US,send-and-receive-email,thunderbird;windows-11;send-and-receive-email;thunderbird-1510;,tomandsue23,Cannot receive email on my primary email account,https://support.mozilla.org/questions/1583941,os:windows,Windows 11,,151.0,151,m:windstream,,,1,true,87.1,False,
1583944,2026-05-26T19:09:02.682508Z,2026-05-26,en-US,customization,thunderbird;windows-10;customization;thunderbird-1510;,hooeygoo,Forward or reply without raw HTML code but not without all formatting,https://support.mozilla.org/questions/1583944,os:windows,Windows 10,,151.0,151,m:gmail,,,1,true,85.56,False,
1583948,2026-05-26T19:47:54.455507Z,2026-05-26,en-US,email-and-messaging,thunderbird;windows-11;email-and-messaging;thunderbird-140110;thunderbird-14011;,rochmike16,"In my subfolders, under All Mail, I had a large file, with many subfolders, full of vital information, thast has disappe",https://support.mozilla.org/questions/1583948,os:windows,Windows 11,,140.11.0esr,140,,,,1,false,,True,rochmike16
1583952,2026-05-26T20:13:49.909488Z,2026-05-26,en-US,email-and-messaging,thunderbird;windows-11;email-and-messaging;,ejstruan,How would I start T0Bird and stop Yahoo?,https://support.mozilla.org/questions/1583952,os:windows,Windows 11,,Not now installed.,,m:yahooemail,,,2,true,84.46,True,MattAuSupport
1583958,2026-05-26T20:58:09.794827Z,2026-05-26,en-US,email-and-messaging,thunderbird;email-and-messaging;thunderbird-1500;thunderbird-15002;,mgh6rcvkbm,E-mails are gone,https://support.mozilla.org/questions/1583958,os:macos,Mac OS x 10_15_7,,150.0.2,150,m:onecom,,,0,false,,False,
1583959,2026-05-26T21:09:10.131383Z,2026-05-26,es,app-crash,thunderbird;windows-11;app-crash;,quitimil,al abrir la aplicación se queda en blanco y pone que no responde. que puede pasar?,https://support.mozilla.org/questions/1583959,os:windows,Windows 11,,no lo se,,,,,2,true,50.68,False,
1583982,2026-05-27T00:42:10.920505Z,2026-05-27,en-US,junk-mail-and-spam,thunderbird;junk-mail-and-spam;windows-1011;thunderbird-1510;,cjgdesigns,"Why is spam from email addesses that are not in my address book, are still getting into my inbox.",https://support.mozilla.org/questions/1583982,os:windows,Windows 10/11,,151.0,151,,,,5,true,10.24,False,
1583986,2026-05-27T01:05:56.925868Z,2026-05-27,en-US,email-and-messaging,windows-7;thunderbird;email-and-messaging;thunderbird-115180;thunderbird-11518;,dcran5,Deleted a folder..  How to get it back?,https://support.mozilla.org/questions/1583986,os:windows,Windows 7,,115.18.0,115,,,,1,true,199.0,False,
1583987,2026-05-27T01:20:44.684119Z,2026-05-27,en-US,send-and-receive-email,thunderbird;windows-11;send-and-receive-email;,judypudy,Unable to receive new emails even after deleting old messages.,https://support.mozilla.org/questions/1583987,os:windows,Windows 11,,151.01,151,,,,28,true,12.56,False,
1583994,2026-05-27T03:52:25.804249Z,2026-05-27,en-US,send-and-receive-email,thunderbird;windows-11;send-and-receive-email;thunderbird-14011;thunderbird-140111;,nje29196,"Would like to change email platform to Telstra, having trouble with thunderbird",https://support.mozilla.org/questions/1583994,os:windows,Windows 11,,140.11.1esr(32-bit,140,m:bigpond,,,1,true,7.3,False,
1584009,2026-05-27T05:43:54.869402Z,2026-05-27,en-US,crashing-and-slow-performance,thunderbird;crashing-and-slow-performance;,RJBuy,Slow Thunderbired email retrieval in Windows 11,https://support.mozilla.org/questions/1584009,os:windows,Windows 11 vs Windows 7,,15.0.3,,,proto:pop,av:norton,3,true,194.76,True,wsmwk
1584013,2026-05-27T06:35:36.620952Z,2026-05-27,en-US,customization,thunderbird;customization;windows-11;thunderbird-14010;thunderbird-140102;,greensong,Can't get filters to function,https://support.mozilla.org/questions/1584013,os:windows,Windows 11,,140.10.2esr (64-bi,140,,,,1,true,4.45,False,
1584022,2026-05-27T08:06:52.715986Z,2026-05-27,it,passwords-and-sign-in,thunderbird;needsinfo;mac-os-x-1015;passwords-and-sign-in;thunderbird-140110;thunderbird-14011;,alberobe1962,dove trovo la password,https://support.mozilla.org/questions/1584022,os:macos,Mac OS x 10.15,,140.11.0esr,140,,,,1,true,0.44,False,
1584025,2026-05-27T08:23:29.139259Z,2026-05-27,nl,events,thunderbird;events;windows-1011;thunderbird-1510;thunderbird-15101;,theking2,Hoe bevestig ik de reminder zonder verwijderen?,https://support.mozilla.org/questions/1584025,os:windows,Windows 10/11,,151.0.1,151,m:bluewin,proto:imap;proto:caldav,av:defender,5,true,27.29,True,theking2
1584031,2026-05-27T09:04:27.754499Z,2026-05-27,en-US,email-and-messaging,thunderbird;windows-10;email-and-messaging;thunderbird-1510;,ashuat,Why Thunderbird hide yohoo accounts in Unufied folders?,https://support.mozilla.org/questions/1584031,os:windows,Windows 10,,151.0,151,m:yahooemail,,,4,true,71.37,True,MattAuSupport
1584035,2026-05-27T09:54:32.336427Z,2026-05-27,en-US,crashing-and-slow-performance,thunderbird;windows-11;crashing-and-slow-performance;,derrickmullard,Thunderbird inbox saying unable to write email to inbox. please can anyone help,https://support.mozilla.org/questions/1584035,os:windows,Windows 11,,140.9,140,,,,0,false,,False,
1584038,2026-05-27T10:14:04.732902Z,2026-05-27,it,email-and-messaging,thunderbird;windows-11;email-and-messaging;thunderbird-14011;thunderbird-140111;,tuttocon75,perdita email dopo compattazione cartelle,https://support.mozilla.org/questions/1584038,os:windows,Windows 11,,140.11.1esr,140,,proto:pop,,4,true,1.91,False,
1584040,2026-05-27T10:44:53.996867Z,2026-05-27,en-US,send-and-receive-email,thunderbird;windows-11;send-and-receive-email;thunderbird-1510;thunderbird-15101;,ronaldmackool,can't receive messages since I updated this morning,https://support.mozilla.org/questions/1584040,os:windows,Windows 11,,151.0.1 64 bit,151,m:comcast,,,0,false,,False,
1584041,2026-05-27T10:51:05.033974Z,2026-05-27,en-US,email-and-messaging,thunderbird;windows-11;email-and-messaging;thunderbird-1510;,pam.brown1,how do you get back to email inbox from an open email without scrolling backward through numerous openings,https://support.mozilla.org/questions/1584041,os:windows,Windows 11,,151-0.1,151,,,,1,true,2.71,False,
1584044,2026-05-27T11:12:49.945721Z,2026-05-27,it,send-and-receive-email,beta;thunderbird;windows-10;send-and-receive-email;thunderbird-1500;,amministrazionedap,quando creo una nuova mail non mi fa vedere la posta inviata,https://support.mozilla.org/questions/1584044,os:windows,Windows 10,,150.0b1,150,,,,1,true,0.88,False,
1584045,2026-05-27T11:20:13.765464Z,2026-05-27,es,send-and-receive-email,thunderbird;windows-11;send-and-receive-email;,driveneochpr,No recibo correos después de la actualización Versión 140.11.1esr (64-bit),https://support.mozilla.org/questions/1584045,os:windows,Windows 11,,Versión 140.11.1es,140,,,,1,true,36.44,False,
1584048,2026-05-27T11:44:27.994310Z,2026-05-27,it,passwords-and-sign-in,thunderbird;needsinfo;passwords-and-sign-in;windows-1011;thunderbird-14011;thunderbird-140111;,giovanni49,"Buongiorno, Non riesco ad aggiungere su Mozilla Thunderbird un account di virgilio.",https://support.mozilla.org/questions/1584048,os:windows,Windows 10/11,,140.11.1esr (32 bi,140,m:virgilio,,,3,true,0.31,False,
1584049,2026-05-27T11:45:03.074947Z,2026-05-27,en-US,send-and-receive-email,thunderbird;windows-10;send-and-receive-email;thunderbird-1510;thunderbird-15101;,flamtour,do not OUTBOX in my Thunderbird email - how do I get that,https://support.mozilla.org/questions/1584049,os:windows,Windows 10,,151.0.1,151,,,,1,false,,False,
1584051,2026-05-27T11:47:45.379476Z,2026-05-27,en-US,send-and-receive-email,thunderbird;windows-10;send-and-receive-email;thunderbird-1510;thunderbird-15101;,flamtour,NO - OUTBOX - how do I access,https://support.mozilla.org/questions/1584051,os:windows,Windows 10,,151.0.1,151,,,,1,true,1.69,False,
1584061,2026-05-27T13:22:02.630288Z,2026-05-27,en-US,calendar,thunderbird;calendar;windows-11;,etavares,Can anyone tell me how to synchronize contact birthdays with calendar?,https://support.mozilla.org/questions/1584061,os:windows,Windows 11,,latest,,m:microsoftemail,,,2,true,66.8,True,MattAuSupport
1584065,2026-05-27T13:38:42.066014Z,2026-05-27,en-US,email-and-messaging,thunderbird;windows-11;email-and-messaging;thunderbird-1510;thunderbird-15101;,edekpu,Disappearing messages,https://support.mozilla.org/questions/1584065,os:windows,Windows 11,,151.0.1,151,,,,3,true,66.69,False,
1584069,2026-05-27T13:56:08.135228Z,2026-05-27,en-US,send-and-receive-email,thunderbird;send-and-receive-email;thunderbird-14011;thunderbird-140111;,service235,Setup a outlook.com in Thunderbird,https://support.mozilla.org/questions/1584069,os:linux,Zorin 18 Pro Linux,,140.11.1esr (64-bi,140,m:microsoftemail,,,2,true,68.15,False,
1584080,2026-05-27T15:06:23.678399Z,2026-05-27,it,import-and-export-email,thunderbird;needsinfo;windows-11;import-and-export-email;thunderbird-1510;thunderbird-15101;,ameippo,importazione cartelal thunderbird,https://support.mozilla.org/questions/1584080,os:windows,Windows 11,,151.0.1. 64 bit,151,,,,1,true,2.41,False,
1584086,2026-05-27T15:36:38.276570Z,2026-05-27,en-US,send-and-receive-email,thunderbird;send-and-receive-email;thunderbird-1510;thunderbird-15101;,george241,Send Message Error,https://support.mozilla.org/questions/1584086,os:macos,Mac OS  Tahoe 26.5,,151.0.1,151,,,,1,true,1.12,False,
1584089,2026-05-27T15:48:55.354704Z,2026-05-27,en-US,connectivity,thunderbird;windows-11;connectivity;thunderbird-1510;,tlsprunger,Thunderbird sporadic connections to tx.rr.com,https://support.mozilla.org/questions/1584089,os:windows,Windows 11,,151.0,151,m:spectrum,proto:pop,,1,true,66.21,False,
1584091,2026-05-27T15:53:29.152131Z,2026-05-27,en-US,email-and-messaging,thunderbird;email-and-messaging;windows-1011;thunderbird-102140;thunderbird-10214;,ckash01,Specific Thunderbird user folder location for specific user emails,https://support.mozilla.org/questions/1584091,os:windows,Windows 10/11,,102.14.0,102,,,,0,false,,False,
1584094,2026-05-27T16:03:11.743212Z,2026-05-27,en-US,app-crash,thunderbird;app-crash;,JHHL,"Thunderbird stopped working overnight, and now refuses to launch.",https://support.mozilla.org/questions/1584094,os:linux,Pop! OS (Ubuntu fork) 21.10,,Unknown,,,,,2,false,,True,JHHL
1584100,2026-05-27T17:13:54.698615Z,2026-05-27,en-US,install,thunderbird;install;thunderbird-1510;thunderbird-15101;,bcbryan2535,"Seeking Thunderbird for macOS 10.12.6 Sierra, and repeated downloads of the only version seemingly available, 151.0.1, a",https://support.mozilla.org/questions/1584100,os:macos,MacOS 10.12.6,macos:sierra,151.0.1,151,,,,3,true,0.17,True,James
1584110,2026-05-27T18:10:36.946975Z,2026-05-27,en-US,send-and-receive-email,thunderbird;send-and-receive-email;,linda56,Sent emails going straight to TRASH folder,https://support.mozilla.org/questions/1584110,,,,no idea,,,,,0,false,,False,
1584115,2026-05-27T18:37:24.417997Z,2026-05-27,it,passwords-and-sign-in,thunderbird;needsinfo;windows-11;passwords-and-sign-in;thunderbird-1510;thunderbird-15101;,lucia.malesardi,perché nella configurazione dell' account mi dice che la password é errata,https://support.mozilla.org/questions/1584115,os:windows,Windows 11,,151.0.1,151,,,,1,true,0.7,False,
1584118,2026-05-27T19:09:04.989914Z,2026-05-27,en-US,encryption,thunderbird;encryption;windows-1011;,yvonbreton,"""the sending of the message failed.""",https://support.mozilla.org/questions/1584118,os:windows,Windows 10/11,,151.01.1,151,,,,2,true,60.98,True,MattAuSupport
1584119,2026-05-27T19:09:55.699406Z,2026-05-27,en-US,install,thunderbird;windows-10;install;firefox-1510;firefox-15102;,don_m25,can not set up thunderbird on windows 10.,https://support.mozilla.org/questions/1584119,os:windows,Windows 10,,,,,,,1,true,15.79,False,
1584127,2026-05-27T19:50:56.886582Z,2026-05-27,en-US,send-and-receive-email,thunderbird;windows-11;send-and-receive-email;,ralph83,Thunderbird is not picking up emails.,https://support.mozilla.org/questions/1584127,os:windows,windows 11,,"most recent, updat",,,,,1,true,60.27,False,
1584134,2026-05-27T20:24:20.963936Z,2026-05-27,en-US,update,linux;thunderbird;update;,hdeeee,BREAKING CHANGES when updating flatpak Thunderbird to v151.0.1,https://support.mozilla.org/questions/1584134,os:linux,Linux,,v151.0.1,,,,,3,true,0.46,False,
1584135,2026-05-27T20:27:35.293287Z,2026-05-27,en-US,accessibility,thunderbird;accessibility;windows-11;firefox-1510;firefox-15102;,cwickler,can't receive or send emails,https://support.mozilla.org/questions/1584135,os:windows,Windows 11,,,,m:spectrum,,,1,true,61.53,False,
1584141,2026-05-27T21:02:57.993530Z,2026-05-27,en-US,connectivity,thunderbird;windows-10;connectivity;,jhart5,Request network authorisation from IT Dept Network Admin.,https://support.mozilla.org/questions/1584141,os:windows,Windows 10,,Cannot check,,m:microsoftemail,,,1,true,13.86,False,
1584142,2026-05-27T21:04:30.822769Z,2026-05-27,en-US,security,thunderbird;windows-11;security;thunderbird-1510;thunderbird-15101;,bluewanderer,Thunderbird keeps inappropriately bringing up UAC,https://support.mozilla.org/questions/1584142,os:windows,Windows 11,,151.0.1,151,,,,4,true,23.77,False,
1584145,2026-05-27T21:32:35.503212Z,2026-05-27,en-US,events,thunderbird;windows-11;events;thunderbird-1510;thunderbird-15101;,bbawt1,Changing Calendar default organizer account,https://support.mozilla.org/questions/1584145,os:windows,Windows 11,,151.0.1,151,m:gmail,,,2,true,60.4,True,christ1
1584156,2026-05-27T22:46:46.956262Z,2026-05-27,en-US,attachments,thunderbird;windows-11;attachments;thunderbird-1510;,andrew310,"error when sending email with PDF attachment, created via brother scan to email,  there was an error attaching xyz.PDF p",https://support.mozilla.org/questions/1584156,os:windows,Windows 11,,151.0,151,,,,3,true,9.48,False,
1584158,2026-05-27T23:32:18.495298Z,2026-05-27,en-US,connectivity,thunderbird;windows-11;connectivity;thunderbird-1510;thunderbird-15101;,branden.bb,Thunderbird suddenly not connecting to gmail imap / setting up new gmail fails,https://support.mozilla.org/questions/1584158,os:windows,Windows 11,,151.0.1,151,m:gmail,proto:imap;proto:oauth,,3,false,,True,branden.bb
1584166,2026-05-28T00:30:41.934287Z,2026-05-28,en-US,security,thunderbird;windows-11;security;thunderbird-1510;thunderbird-15101;,don.girvin,certificate for imap.gmail does not come from a trusted source,https://support.mozilla.org/questions/1584166,os:windows,Windows 11,,151.0.1,151,m:gmail,proto:imap,,4,true,7.58,True,siffemoz
1584173,2026-05-28T01:30:11.127328Z,2026-05-28,en-US,email-and-messaging,thunderbird;android;email-and-messaging;firefox-1510;,rossmorg,email account,https://support.mozilla.org/questions/1584173,os:android,Android,,,,m:gmail,,,1,true,9.54,False,
1584178,2026-05-28T01:51:54.922111Z,2026-05-28,en-US,send-and-receive-email,thunderbird;windows-10;send-and-receive-email;thunderbird-1510;thunderbird-15101;,earthfrequency,I get a message that says my server certificate has expired and I can't send or receive emails.,https://support.mozilla.org/questions/1584178,os:windows,Windows 10,,151.0.1,151,,,,3,true,8.92,True,davidsk
1584183,2026-05-28T03:37:55.490389Z,2026-05-28,en-US,customization,thunderbird;customization;windows-11;thunderbird-1510;,1642787610,Thunderbird在双屏上 怎么控制通知弹窗,https://support.mozilla.org/questions/1584183,os:windows,Windows 11,,151.0,151,,,,1,true,4.43,False,
1584184,2026-05-28T03:41:19.622063Z,2026-05-28,en-US,send-and-receive-email,thunderbird;windows-11;send-and-receive-email;thunderbird-1510;thunderbird-15101;,pankaj.rajput,Emails are not getting downloaded,https://support.mozilla.org/questions/1584184,os:windows,Windows 11,,151.0.1,151,,proto:imap,,1,true,30.98,False,
1584191,2026-05-28T04:50:11.917860Z,2026-05-28,en-US,send-and-receive-email,thunderbird;windows-11;send-and-receive-email;thunderbird-1510;thunderbird-15101;,jbamor,have 4 email addresses my X@optusnet.com.au cannot transmit but only receive,https://support.mozilla.org/questions/1584191,os:windows,Windows 11,,151.0.1 64 bit,151,,,,1,true,5.89,False,
1584204,2026-05-28T06:25:16.911589Z,2026-05-28,en-US,undefined,thunderbird;needsinfo;undefined;,balanga0148,Reset mail,https://support.mozilla.org/questions/1584204,,,,,,,,,1,true,1.49,False,
1584209,2026-05-28T07:02:23.922700Z,2026-05-28,it,connectivity,thunderbird;windows-11;connectivity;thunderbird-14011;thunderbird-140111;,moretticar,NON RIESCO A COLLEGARMI,https://support.mozilla.org/questions/1584209,os:windows,Windows 11,,140.11.1,140,,,,1,true,0.63,False,
1584222,2026-05-28T07:54:27.818732Z,2026-05-28,en-US,update,linux;thunderbird;update;thunderbird-14091;thunderbird-1409;,mozilla40,How does Thunderbird know it's flatpak name is changing?  How do i turn off all auto updates including checking things l,https://support.mozilla.org/questions/1584222,os:linux,Linux,,140.9.1esr,140,,,,1,true,13.5,False,
1584228,2026-05-28T08:32:08.301284Z,2026-05-28,en-US,passwords-and-sign-in,thunderbird;windows-10;passwords-and-sign-in;thunderbird-14011;thunderbird-140111;,carole27,Unable to log in on Mozilla thunderbird password not accepted,https://support.mozilla.org/questions/1584228,os:windows,Windows 10,,140.11.1esr,140,,,,1,true,2.16,False,
1584229,2026-05-28T09:04:47.285253Z,2026-05-28,nl,junk-mail-and-spam,thunderbird;windows-11;junk-mail-and-spam;,vand4640,"Bij het leegmaken van de prullebak is er iets misgegaan, hoe kan ik dit oplossen",https://support.mozilla.org/questions/1584229,os:windows,Windows 11,,140.11,140,,,,3,true,2.56,True,Mozilla-assistent
1584241,2026-05-28T10:43:48.823165Z,2026-05-28,en-US,update,thunderbird;windows-11;update;thunderbird-1510;,dieter70,after updating thunderbird 151.0.1 is not compatible to 151.0,https://support.mozilla.org/questions/1584241,os:windows,Windows 11,,151.0 to 151.0.1,151,,,,1,true,45.37,False,
1584246,2026-05-28T11:07:49.491307Z,2026-05-28,en-US,customization,thunderbird;windows-10;customization;thunderbird-1510;thunderbird-15101;,mdm54,remove blue font  and why  is it doing that,https://support.mozilla.org/questions/1584246,os:windows,Windows 10,,151.0.1,151,,,,20,true,0.91,False,
1584254,2026-05-28T11:37:51.091815Z,2026-05-28,en-US,send-and-receive-email,thunderbird;windows-11;send-and-receive-email;thunderbird-1510;thunderbird-15101;,j-schwenk,why blocks Surfshark VPN mail shipping under Thunderbird,https://support.mozilla.org/questions/1584254,os:windows,Windows 11,,151.0.1,151,,,av:surfshark,3,true,0.16,False,
1584278,2026-05-28T13:12:31.574811Z,2026-05-28,en-US,send-and-receive-email,thunderbird;windows-11;send-and-receive-email;thunderbird-1510;,KhisamievAI,SMTP authentication error,https://support.mozilla.org/questions/1584278,os:windows,Windows 11,,151.0,151,m:microsoftemail;m:yandex,proto:smtp,,10,true,5.25,False,
1584289,2026-05-28T13:58:34.159473Z,2026-05-28,en-US,send-and-receive-email,thunderbird;windows-11;send-and-receive-email;thunderbird-1510;thunderbird-15101;,smarston37381,Thunderbird not showing follow-up email information.,https://support.mozilla.org/questions/1584289,os:windows,Windows 11,,151.0.1,151,m:gmail,,,1,true,1.95,False,
1584306,2026-05-28T15:09:58.548531Z,2026-05-28,nl,passwords-and-sign-in,thunderbird;passwords-and-sign-in;,lexleen,"Thunderbird vraagt na installatie naar wachtwoord, maar reageert met er is iets fout",https://support.mozilla.org/questions/1584306,os:macos,Mac OS x 10_15_7,,151.01,151,,,,1,true,15.5,False,
1584310,2026-05-28T15:34:45.490602Z,2026-05-28,en-US,save-passwords,thunderbird;windows-11;save-passwords;thunderbird-1510;thunderbird-15101;,tcluster,"When I enter SMTP password, and check the ""Use Password Manager to remember this password"", it's not remembered",https://support.mozilla.org/questions/1584310,os:windows,Windows 11,,151.0.1,151,,proto:smtp,,1,true,3.36,False,
1584315,2026-05-28T15:56:27.281572Z,2026-05-28,en-US,customization,beta;thunderbird;customization;windows-11;thunderbird-1520;,james330,Deletion of an email in the middle of the message list pane also caused the next selected emai to be the one at the top ,https://support.mozilla.org/questions/1584315,os:windows,Windows 11,,152.0b2,152,,,,0,false,,False,
1584318,2026-05-28T16:03:35.282066Z,2026-05-28,nl,passwords-and-sign-in,thunderbird;windows-11;passwords-and-sign-in;thunderbird-1510;thunderbird-15101;,leo.tebraake,Na overgang naar Windows11 kunnen mailaccounts van 2 hostingbedrijven niet meer worden geinstalleerd in Thunderbird,https://support.mozilla.org/questions/1584318,os:windows,Windows 11,,151.0.1,151,m:gmail;m:yahooemail;m:ziggo,proto:imap;proto:smtp,,1,true,14.7,False,
1584323,2026-05-28T16:32:52.093892Z,2026-05-28,en-US,import-and-export-email,thunderbird;windows-11;import-and-export-email;thunderbird-150;,justin.c.norman,Tried all methods of import,https://support.mozilla.org/questions/1584323,os:windows,Windows 11,,15,,,,,11,true,0.47,False,
1584329,2026-05-28T16:58:34.408295Z,2026-05-28,en-US,send-and-receive-email,thunderbird;windows-11;send-and-receive-email;thunderbird-1510;,cdnhermit,Will I be able to see my email?,https://support.mozilla.org/questions/1584329,os:windows,Windows 11,,151.0,151,m:gmail;m:microsoftemail,proto:imap,,4,true,0.18,True,davidsk
1584332,2026-05-28T17:10:24.620497Z,2026-05-28,en-US,import-and-export-email,thunderbird;import-and-export-email;thunderbird-1500;thunderbird-15002;,ryzhihekatt9008,Проблема авторизации,https://support.mozilla.org/questions/1584332,os:macos,Mac OS x 10_15_7,,150.0.2,150,,,,3,true,2.47,False,
1584336,2026-05-28T17:36:24.551369Z,2026-05-28,en-US,install,thunderbird;windows-11;install;,ngreene02,Thunderbird is loaded on my Dell laptop (Win 11) twice. How do I delete one and save my messages?,https://support.mozilla.org/questions/1584336,os:windows,Windows 11,,150.02,150,,,,3,true,0.65,False,
1584338,2026-05-28T17:42:03.636030Z,2026-05-28,en-US,send-and-receive-email,thunderbird;windows-11;send-and-receive-email;thunderbird-14011;thunderbird-140111;,kendallconstructioninc,Emails from customers through a third party applications come over with the same same correspondent name.,https://support.mozilla.org/questions/1584338,os:windows,Windows 11,,140.11.1esr,140,,,,4,true,0.64,False,
1584343,2026-05-28T18:42:29.872327Z,2026-05-28,en-US,email-and-messaging,thunderbird;windows-11;email-and-messaging;thunderbird-1510;thunderbird-15101;,dcal53,compacting only certain folders,https://support.mozilla.org/questions/1584343,os:windows,Windows 11,,151.0.1,151,,,,8,true,0.15,False,
1584345,2026-05-28T18:51:35.447350Z,2026-05-28,en-US,contacts,thunderbird;windows-10;contacts;thunderbird-1510;thunderbird-15101;,timbernie,Had to reload Thunderbird. Where is the address book stored?,https://support.mozilla.org/questions/1584345,os:windows,Windows 10,,151.0.1,151,,,,9,true,0.11,True,davidsk
1584350,2026-05-28T19:24:32.778468Z,2026-05-28,es,customization,thunderbird;customization;windows-11;thunderbird-14011;thunderbird-140111;,elevenreturns,Mozilla Thunderbird does not sort folders alphabetically according to the order in which I create them.,https://support.mozilla.org/questions/1584350,os:windows,Windows 11,,140.11.1esr,140,,,,1,true,188.78,False,
1584356,2026-05-28T19:53:34.308127Z,2026-05-28,en-US,customization,thunderbird;windows-10;customization;thunderbird-1510;thunderbird-15101;,bernard.vulliez,Problem of version ?,https://support.mozilla.org/questions/1584356,os:windows,Windows 10,,151.0.1,151,,,,1,true,0.71,False,
1584365,2026-05-28T20:55:50.154067Z,2026-05-28,en-US,customization,thunderbird;customization;windows-11;thunderbird-1510;thunderbird-15101;,175k.wong,"While composing,  unable to see what I am type on the right when over the current window",https://support.mozilla.org/questions/1584365,os:windows,Windows 11,,151.0.1,151,,,,0,false,,False,
1584372,2026-05-28T21:56:12.396483Z,2026-05-28,en-US,junk-mail-and-spam,thunderbird;windows-10;junk-mail-and-spam;thunderbird-1153;thunderbird-11533;,chris.a.miller,My daughter's email somehow ended up in my junk folder and I have not been able to keep it out.,https://support.mozilla.org/questions/1584372,os:windows,Windows 10,,115.3.3,115,,,,5,true,1.01,True,mozilla98
1584374,2026-05-28T22:09:13.570322Z,2026-05-28,en-US,app-crash,thunderbird;windows-10;app-crash;,eronne531,accidentally sorted all mail - 9000 emails. hung the program and I can't get it to stop.,https://support.mozilla.org/questions/1584374,os:windows,Windows 10,,I can't get past,,,,,1,false,,False,
1584376,2026-05-28T22:12:51.747590Z,2026-05-28,en-US,profiles,thunderbird;windows-10;profiles;thunderbird-14011;thunderbird-140111;,clayton.young,I had to log in to Thunderbird and when i did all my folders and previous emails have vanished.,https://support.mozilla.org/questions/1584376,os:windows,Windows 10,,140.11.1esr,140,,,,3,true,12.16,True,Mapenzi
1584378,2026-05-28T22:21:52.903659Z,2026-05-28,en-US,customization,thunderbird;windows-10;customization;thunderbird-1510;,hooeygoo,Raw code is quoted with Reply of Forward,https://support.mozilla.org/questions/1584378,os:windows,Windows 10,,151.0,151,m:gmail,,,6,true,12.24,True,MattAuSupport
1584394,2026-05-28T23:17:17.833061Z,2026-05-28,en-US,send-and-receive-email,thunderbird;send-and-receive-email;windows-1011;thunderbird-140110;thunderbird-14011;,quantumnanotechextinction,Yahoo error: The current operation on 'Inbox' did not succeed. The mail server for account (myaccount)@yahoo.com respond,https://support.mozilla.org/questions/1584394,os:windows,Windows 10/11,,140.11.0esr,140,m:yahooemail,proto:oauth,,0,false,,False,
1584400,2026-05-29T00:33:59.024346Z,2026-05-29,en-US,email-and-messaging,thunderbird;needsinfo;windows-11;email-and-messaging;thunderbird-1510;thunderbird-15101;,wfollett43,Emails in inbox will not drag into sub folders,https://support.mozilla.org/questions/1584400,os:windows,Windows 11,,151.0.1,151,,,,1,true,63.35,False,
1584402,2026-05-29T00:46:03.606529Z,2026-05-29,en-US,email-and-messaging,thunderbird;windows-11;email-and-messaging;thunderbird-1490;thunderbird-14901;,redacted,"Where Do Sent, Draft, Deleted, etcetera Go?",https://support.mozilla.org/questions/1584402,os:windows,Windows 11,,149.0.1,149,,,,12,true,0.47,False,
1584405,2026-05-29T01:06:04.110706Z,2026-05-29,en-US,junk-mail-and-spam,thunderbird;windows-11;junk-mail-and-spam;thunderbird-1510;thunderbird-15101;,judylinklater,Can't delete duplicate Spam folder,https://support.mozilla.org/questions/1584405,os:windows,Windows 11,,151.0.1,151,m:gmail,,,1,true,6.89,False,
1584422,2026-05-29T02:46:58.003424Z,2026-05-29,en-US,send-and-receive-email,thunderbird;send-and-receive-email;thunderbird-14011;thunderbird-140111;,glenron610,Not always receiving email from 1 email address,https://support.mozilla.org/questions/1584422,,,,140.11.1esr(32-bit,140,,,,1,true,7.91,False,
1584425,2026-05-29T03:25:17.243829Z,2026-05-29,en-US,encryption,thunderbird;mac-os-x-1015;encryption;thunderbird-1510;thunderbird-15101;,7w447w4gmg,how can I export the ASCII-armored public key?,https://support.mozilla.org/questions/1584425,os:macos,Mac OS x 10.15,,151.0.1,151,,,,1,true,29.11,False,
1584489,2026-05-29T12:15:25.135437Z,2026-05-29,en-US,attachments,thunderbird;windows-11;attachments;thunderbird-14011;thunderbird-140111;,inesdemascarel,Display attachments at the top of the message,https://support.mozilla.org/questions/1584489,os:windows,Windows 11,,140.11.1esr,140,,,,1,true,4.84,False,
1584490,2026-05-29T12:25:27.331062Z,2026-05-29,en-US,account-management,thunderbird;windows-11;account-management;thunderbird-1510;thunderbird-15101;,trhdawson,Can't set up IMAP account in Thunderbird,https://support.mozilla.org/questions/1584490,os:windows,Windows 11,,151.0.1,151,,proto:imap;proto:pop,av:bitdefender,1,true,5.47,False,
1584491,2026-05-29T12:34:18.824390Z,2026-05-29,en-US,events,thunderbird;windows-11;events;thunderbird-1510;thunderbird-15101;,meetup,tips for better calendar in Thunderbird,https://support.mozilla.org/questions/1584491,os:windows,Windows 11,,151.0.1,151,m:icloud,,,1,false,,True,meetup
1584492,2026-05-29T12:55:24.739034Z,2026-05-29,en-US,events,thunderbird;windows-11;events;thunderbird-1510;thunderbird-15101;,meetup,wish: traveltime in calendar function of Thunderbird,https://support.mozilla.org/questions/1584492,os:windows,Windows 11,,151.0.1,151,m:icloud,,,1,true,19.56,False,
1584502,2026-05-29T14:05:47.124501Z,2026-05-29,en-US,crashing-and-slow-performance,thunderbird;crashing-and-slow-performance;windows-1011;thunderbird-14011;thunderbird-140111;,jl11,Long Latency in Thunderbird,https://support.mozilla.org/questions/1584502,os:windows,Windows 10/11,,140.11.1esr,140,,proto:imap,,4,true,19.23,True,siffemoz
1584508,2026-05-29T14:36:43.508555Z,2026-05-29,en-US,email-and-messaging,thunderbird;macos;email-and-messaging;,mozilla98,Data loss possibly due to maildir format,https://support.mozilla.org/questions/1584508,os:macos,macOS,,140.10esr,140,,proto:imap,,6,true,17.2,False,
1584517,2026-05-29T15:25:39.162334Z,2026-05-29,en-US,crashing-and-slow-performance,windows-xp;thunderbird;crashing-and-slow-performance;,jbclem,"Thunderbird is stuck on ""loading messages"", but only on one of my two identities,",https://support.mozilla.org/questions/1584517,os:windows,Windows XP,,v 44.0,,,,,2,true,16.34,False,
1584519,2026-05-29T15:28:21.207602Z,2026-05-29,en-US,search,thunderbird;windows-10;search;thunderbird-1510;thunderbird-15101;,malcolm.sparey,Why does the Thunderbird search for an email with certain information no longer work?,https://support.mozilla.org/questions/1584519,os:windows,Windows 10,,151.0.1,151,,,,4,true,15.73,False,
1584522,2026-05-29T15:51:20.972876Z,2026-05-29,en-US,send-and-receive-email,thunderbird;windows-10;send-and-receive-email;thunderbird-1510;thunderbird-15101;,john391,Sending a bunch of (existing) emails to someone,https://support.mozilla.org/questions/1584522,os:windows,Windows 10,,151.0.1,151,,,,5,true,1.92,True,davidsk
1584525,2026-05-29T16:04:52.580385Z,2026-05-29,en-US,app-crash,thunderbird;windows-11;app-crash;thunderbird-14011;thunderbird-140111;,herb13,My Thunderbird client install on a PC had a crash and it appears that I have lost my folder structure and sent folder fo,https://support.mozilla.org/questions/1584525,os:windows,Windows 11,,140.11.1esr(64-bit,140,,proto:pop,,1,true,19.96,False,
1584526,2026-05-29T16:07:19.317930Z,2026-05-29,en-US,attachments,thunderbird;windows-11;attachments;thunderbird-14011;thunderbird-140111;,timkelly916,Email attachments have gone missing,https://support.mozilla.org/questions/1584526,os:windows,Windows 11,,140.11.1esr,140,,,,1,true,46.9,False,
1584535,2026-05-29T16:48:25.028305Z,2026-05-29,en-US,customization,thunderbird;customization;windows-11;thunderbird-1510;thunderbird-15101;,tymmythu1,"All Thunderberg setup seems correct, but no alert or notification triggered when an email arrives.",https://support.mozilla.org/questions/1584535,os:windows,Windows 11,,151.0.1,151,,,,1,true,14.3,False,
1584538,2026-05-29T16:56:32.100449Z,2026-05-29,en-US,connectivity,thunderbird;windows-10;connectivity;thunderbird-1510;thunderbird-15101;,peteh1944,Retrieval using the IMAP4 protocol failed for the following message: 18241,https://support.mozilla.org/questions/1584538,os:windows,Windows 10,,151.0.1,151,m:microsoftemail,,,2,true,15.17,False,
1584543,2026-05-29T17:27:40.017354Z,2026-05-29,en-US,app-crash,thunderbird;windows-11;app-crash;thunderbird-1510;thunderbird-15101;,howard.prouty,Downloading my messages hangs up after just a few; then Thunderbird becomes unresponsive.,https://support.mozilla.org/questions/1584543,os:windows,Windows 11,,151.0.1,151,,,,2,true,13.61,False,
1584544,2026-05-29T17:28:16.447203Z,2026-05-29,en-US,send-and-receive-email,thunderbird;windows-11;send-and-receive-email;thunderbird-14011;thunderbird-140111;,tikatoc23,emails from multiple accounts into one inbox,https://support.mozilla.org/questions/1584544,os:windows,Windows 11,,140.11.1esr 64bit,140,m:gmail,,,3,true,0.26,True,davidsk
1584553,2026-05-29T18:10:30.654960Z,2026-05-29,en-US,customization,thunderbird;windows-10;customization;thunderbird-14011;thunderbird-140111;,Hikermann,THUNDERBIRD . Fonts,https://support.mozilla.org/questions/1584553,os:windows,Windows 10,,140.11.1esr (64-bi,140,,,,6,true,0.68,False,
1584561,2026-05-29T19:00:26.572281Z,2026-05-29,en-US,account-management,thunderbird;windows-11;account-management;thunderbird-1510;thunderbird-15101;,,Unable to remove email account after following all steps.,https://support.mozilla.org/questions/1584561,os:windows,Windows 11,,151.0.1,151,m:gmail,,,1,true,11.92,False,
1584576,2026-05-29T20:52:10.997655Z,2026-05-29,en-US,send-and-receive-email,thunderbird;windows-11;send-and-receive-email;thunderbird-1510;thunderbird-15101;,edd.diamond,Cannot send outgoing mail,https://support.mozilla.org/questions/1584576,os:windows,Windows 11,,151.0.1,151,m:yahooemail;m:comcast,,,3,true,9.77,False,
1584579,2026-05-29T21:29:01.005482Z,2026-05-29,en-US,customization,thunderbird;customization;windows-1011;thunderbird-128140;thunderbird-12814;,JohnsonDW,Problem with writing or replying,https://support.mozilla.org/questions/1584579,os:windows,Windows 10/11,,128.14.0esr (32bit,128,,,,1,true,0.48,False,
1584599,2026-05-30T01:43:18.121198Z,2026-05-30,en-US,send-and-receive-email,thunderbird;windows-11;send-and-receive-email;,geeproperties,thunderbird is not downloading emails from yahoo,https://support.mozilla.org/questions/1584599,os:windows,Windows 11,,15.1.0.1,,m:yahooemail,,,6,true,4.99,True,geeproperties
1584606,2026-05-30T04:08:10.592530Z,2026-05-30,en-US,crashing-and-slow-performance,thunderbird;windows-11;crashing-and-slow-performance;thunderbird-14011;thunderbird-140111;,slipknotoo,"Recently, it is taking a significantly  longer time to send an e-mail with an attachment",https://support.mozilla.org/questions/1584606,os:windows,Windows 11,,140.11.1esr,140,,,,6,true,5.03,False,
1584637,2026-05-30T07:48:13.031336Z,2026-05-30,en-US,send-and-receive-email,thunderbird;windows-11;send-and-receive-email;thunderbird-1510;,peter197,"having problems setting up my e mails ,I keep re entering my details .It worked a couplr of years ago but i started usin",https://support.mozilla.org/questions/1584637,os:windows,Windows 11,,151.0,151,m:microsoftemail,proto:pop,,1,true,0.25,False,
1584652,2026-05-30T10:04:12.065016Z,2026-05-30,en-US,send-and-receive-email,thunderbird;windows-11;send-and-receive-email;thunderbird-1510;thunderbird-15101;,ddhpub,Word couldn't send mail because of MAPI failure.,https://support.mozilla.org/questions/1584652,os:windows,Windows 11,,151.0.1,151,,,,1,true,29.24,False,
1584678,2026-05-30T11:59:26.380772Z,2026-05-30,it,install,thunderbird;windows-10;install;thunderbird-1510;thunderbird-15101;,sandra.cerioni,"ho installato Thunderbird ma quando provo ad aprirla il mio pc dice ""IMPOSSIBILE ESEGUIRE QUESTA APP NEL TUO PC. "". Cosa",https://support.mozilla.org/questions/1584678,os:windows,Windows 10,,151.0.1,151,,,,5,true,0.4,True,sandra.cerioni
1584686,2026-05-30T13:48:06.911485Z,2026-05-30,en-US,search,thunderbird;windows-11;search;thunderbird-14011;thunderbird-140111;,freeola,how does one find words with special characters in help page searches e.d List-ID,https://support.mozilla.org/questions/1584686,os:windows,Windows 11,,140.11.1esr (32-bi,140,,,,4,true,12.92,False,
1584699,2026-05-30T14:33:55.085781Z,2026-05-30,en-US,send-and-receive-email,thunderbird;windows-11;send-and-receive-email;thunderbird-14011;thunderbird-140111;,9999slf,New email not downloading,https://support.mozilla.org/questions/1584699,os:windows,Windows 11,,140.11.1esr,140,m:gmail,,,0,false,,False,
1584706,2026-05-30T15:36:09.631002Z,2026-05-30,en-US,install,thunderbird;windows-11;install;,giocarta,quando premo il tasto scarica mi rimanda alla pagina donazioni che ho già fatto,https://support.mozilla.org/questions/1584706,os:windows,Windows 11,,non in possesso pe,,,,,0,false,,False,
1584710,2026-05-30T16:12:28.617347Z,2026-05-30,en-US,passwords-and-sign-in,thunderbird;windows-11;passwords-and-sign-in;thunderbird-1510;thunderbird-15101;,bob436,Google workspace account will not authorize,https://support.mozilla.org/questions/1584710,os:windows,Windows 11,,151.0.1,151,,proto:imap;proto:oauth,,6,true,1.07,True,bob436
1584711,2026-05-30T16:17:30.863914Z,2026-05-30,en-US,junk-mail-and-spam,thunderbird;junk-mail-and-spam;,4hcohen,Permanently delete spam emails,https://support.mozilla.org/questions/1584711,,,,,,,,,1,true,33.66,False,
1584714,2026-05-30T16:25:05.383648Z,2026-05-30,en-US,customization,thunderbird;customization;windows-1011;thunderbird-1510;thunderbird-15101;,pntaylor322,"How do I sort my Inbox, by Sender?",https://support.mozilla.org/questions/1584714,os:windows,Windows 10/11,,151.0.1,151,,,,3,true,0.17,True,davidsk
1584729,2026-05-30T17:10:44.273207Z,2026-05-30,en-US,events,thunderbird;events;,Robert_J_Kelly,There are no reminders for modified events. Can I reset the event to get the reminders back?,https://support.mozilla.org/questions/1584729,os:windows,Windows 10/11 both,,the latest,,,,,0,false,,False,
1584733,2026-05-30T17:45:46.216940Z,2026-05-30,en-US,contacts,linux;thunderbird;contacts;thunderbird-140110;thunderbird-14011;,Hillybilly,cardbook edits not saved,https://support.mozilla.org/questions/1584733,os:linux,Linux,,140.11.0esr (64-bi,140,,,,1,true,23.16,True,davidsk
1584737,2026-05-30T18:08:29.818324Z,2026-05-30,en-US,send-and-receive-email,thunderbird;windows-11;send-and-receive-email;thunderbird-1510;thunderbird-15101;,garyndak,How do I add my Comcast email account to Thunderbird?,https://support.mozilla.org/questions/1584737,os:windows,Windows 11,,151.0.1,151,m:yahooemail;m:comcast,proto:imap;proto:pop,,1,true,15.76,False,
1584747,2026-05-30T19:26:50.388092Z,2026-05-30,en-US,send-and-receive-email,thunderbird;windows-11;send-and-receive-email;thunderbird-14011;thunderbird-140111;,terryr82330,I also use [edited] @sbcglobal.net email suddenly it was uable to send emails though it can still receive emails.,https://support.mozilla.org/questions/1584747,os:windows,Windows 11,,140.11.1esr (64-bi,140,m:att,,,1,true,21.35,False,
1584751,2026-05-30T19:50:04.998573Z,2026-05-30,en-US,extensions,thunderbird;extensions;thunderbird-14040;thunderbird-1404;,ervandpeg,"In wanting to add a new tool to Thunderbird, lack of a pasword makes the program now unable to be opened.",https://support.mozilla.org/questions/1584751,os:macos,Mac OS x 26.5,,140.4.0esr,140,,,,8,true,0.2,True,davidsk
1584753,2026-05-30T20:41:38.820923Z,2026-05-30,en-US,email-and-messaging,thunderbird;email-and-messaging;thunderbird-140110;thunderbird-14011;,robwoodworth,I can't SEE any of my Yahoo Sub Folders in this version of Thunderbird,https://support.mozilla.org/questions/1584753,os:linux,Linux Mint,,140.11.0esr,140,m:yahooemail,,,1,true,11.56,False,
1584757,2026-05-30T21:39:26.374721Z,2026-05-30,en-US,send-and-receive-email,thunderbird;send-and-receive-email;windows-1011;thunderbird-14011;thunderbird-140111;,ewj,When I try to download emails I get a security or system related error,https://support.mozilla.org/questions/1584757,os:windows,Windows 10/11,,140.11.1esr,140,,,,1,true,10.58,False,
1584777,2026-05-31T01:24:03.712647Z,2026-05-31,en-US,email-and-messaging,thunderbird;windows-10;email-and-messaging;thunderbird-14080;thunderbird-1408;,andycon,Archived emails are disappearing,https://support.mozilla.org/questions/1584777,os:windows,Windows 10,,140.8.0esr,140,,,,2,true,1.53,False,
1584812,2026-05-31T07:05:55.342066Z,2026-05-31,en-US,customization,thunderbird;customization;windows-11;thunderbird-1510;thunderbird-15101;,serley,My TB Inbox no longer displays the date and time of incoming emails.,https://support.mozilla.org/questions/1584812,os:windows,Windows 11,,151.0.1,151,,,,4,true,0.36,True,MattAuSupport
1584820,2026-05-31T08:41:01.912085Z,2026-05-31,en-US,send-and-receive-email,thunderbird;windows-11;send-and-receive-email;,fcbarcalove_orange,サンダーバードでヤフーメールが受信できなくなった。,https://support.mozilla.org/questions/1584820,os:windows,Windows 11,,アンインストールした為不明,,m:yahooemail,,,1,true,1.03,False,
1584829,2026-05-31T10:27:11.371439Z,2026-05-31,en-US,security,thunderbird;windows-11;security;thunderbird-1510;thunderbird-15101;,tw13,threat detected when getting messages from sky email,https://support.mozilla.org/questions/1584829,os:windows,Windows 11,,151.0.1,151,m:btinternet,,av:mcafee,3,true,3.87,False,
1584833,2026-05-31T10:49:27.103196Z,2026-05-31,nl,junk-mail-and-spam,thunderbird;windows-11;junk-mail-and-spam;,leanton,I have recently problems that some emails are seen as SPAM in receivers inbox. I can not see any pattern in these cases.,https://support.mozilla.org/questions/1584833,os:windows,Windows 11,,Recently updated.,,,,,2,true,22.04,False,
1584834,2026-05-31T10:53:06.318137Z,2026-05-31,en-US,send-and-receive-email,thunderbird;windows-11;send-and-receive-email;thunderbird-14011;thunderbird-140111;,cycle_paul,No Message found - for inbox with 220460 unread messages,https://support.mozilla.org/questions/1584834,os:windows,Windows 11,,140.11.1esr,140,m:btinternet,,,28,true,3.08,False,
1584848,2026-05-31T12:35:55.013509Z,2026-05-31,nl,send-and-receive-email,thunderbird;windows-10;send-and-receive-email;,natural2,Ik k kan geen mail sturen. Maar wel ontvangen,https://support.mozilla.org/questions/1584848,os:windows,Windows 10,,,,,proto:imap,,1,true,20.4,False,
1584853,2026-05-31T13:34:57.312574Z,2026-05-31,en-US,send-and-receive-email,linux;thunderbird;send-and-receive-email;,pybertrand,Aide pour parametrer THUNDERBIRD,https://support.mozilla.org/questions/1584853,os:linux,Linux,,Version 140.11.0es,140,,,,1,true,14.23,False,
1584863,2026-05-31T14:27:56.475146Z,2026-05-31,en-US,customization,thunderbird;customization;windows-11;thunderbird-1510;thunderbird-15101;,davisawhite,Thunderbird is opening in edge instead of my default browser,https://support.mozilla.org/questions/1584863,os:windows,Windows 11,,151.0.1,151,,,,3,true,2.41,False,
1584864,2026-05-31T14:46:36.572953Z,2026-05-31,en-US,import-and-export-email,thunderbird;windows-10;import-and-export-email;thunderbird-140110;thunderbird-14011;,ian260,Incomplete instructions to move Thunderbird emails to another computer,https://support.mozilla.org/questions/1584864,os:windows,Windows 10,,140.11.0esr,140,,,,3,true,2.07,False,
1584875,2026-05-31T17:08:19.961594Z,2026-05-31,en-US,install,thunderbird;install;thunderbird-140110;thunderbird-14011;,george.zipperlen,Ancient Boomer desparately needs help,https://support.mozilla.org/questions/1584875,os:linux,Linux / BSD / OpenSolaris / OpenVMS ....,,140.11.0esr (64-bi,140,,,,2,true,8.45,True,MattAuSupport
1584880,2026-05-31T17:22:08.943823Z,2026-05-31,it,profiles,thunderbird;windows-11;profiles;thunderbird-1510;thunderbird-15101;,alessandro.carano,"installato da Microsoft Store su Win11 (thunderbird-MSIX - 1.0), ma la cartella del profilo non si trova",https://support.mozilla.org/questions/1584880,os:windows,Windows 11,,151.0.1,151,,,,4,true,14.24,True,'@next
1584884,2026-05-31T18:12:01.864134Z,2026-05-31,en-US,send-and-receive-email,thunderbird;send-and-receive-email;thunderbird-1510;thunderbird-15101;,terryl1991,Help with Thunderbird Intsall on MacBook Air 2017,https://support.mozilla.org/questions/1584884,os:macos,Mac OS Monterey 12.7.6,macos:monterey,151.0.1,151,m:yahooemail,,,0,false,,False,
1584886,2026-05-31T18:26:23.344540Z,2026-05-31,en-US,app-crash,thunderbird;app-crash;,shen13922182533,For the past 3 days whenever I try to log into thunderbird it won't open and I have a spinning ball,https://support.mozilla.org/questions/1584886,os:macos,Mac OS x 10_15_7.7,,unable to open,,,,,0,false,,False,
1584895,2026-05-31T19:00:55.115008Z,2026-05-31,en-US,customization,windows;beta;thunderbird;customization;thunderbird-1500;,rob.faivre,Too many emails open,https://support.mozilla.org/questions/1584895,os:windows,Windows,,150.0b1,150,,,,5,true,0.33,True,Mapenzi
1584910,2026-05-31T20:29:28.392495Z,2026-05-31,en-US,send-and-receive-email,thunderbird;send-and-receive-email;windows-1011;,dixieslope1827,I changed something and lost the key/block/box which open blank message for sending and sympol to check for incoming ema,https://support.mozilla.org/questions/1584910,os:windows,Windows 10/11,,151.02  64 bit,151,,,,1,true,5.19,False,
1584921,2026-05-31T23:27:25.513257Z,2026-05-31,en-US,customization,thunderbird;customization;windows-11;thunderbird-1510;thunderbird-15101;,serley,Thunderbird won't show date received in the inbox list.,https://support.mozilla.org/questions/1584921,os:windows,Windows 11,,151.0.1,151,,,,3,true,21.21,False,
1584922,2026-05-31T23:29:04.608919Z,2026-05-31,en-US,encryption,thunderbird;windows-10;encryption;firefox-1510;firefox-15102;,ronlorraine46,Certificate expired..??,https://support.mozilla.org/questions/1584922,os:windows,Windows 10,,,,,,,1,true,1.48,False,
