id,created,created_date,locale,topic,tags,creator,title,question_url,os,os_raw,macos_release,tb_version,tb_version_major,mail_provider,protocol,av,num_answers,is_answered,first_answer_hours,is_solved,solved_by
1563325,2026-02-01T03:38:21.963810Z,2026-02-01,en-US,send-and-receive-email,thunderbird;windows-10;send-and-receive-email;,victor.J,Outgoing emails not saving to Send folder,https://support.mozilla.org/questions/1563325,os:windows,Windows 10,,,,,proto:imap;proto:smtp;proto:pop,,4,true,9.19,False,
1563336,2026-02-01T07:57:26.673836Z,2026-02-01,en-US,junk-mail-and-spam,thunderbird;junk-mail-and-spam;,Xenu,"How to undo ""Run Spam Controls on Folder""",https://support.mozilla.org/questions/1563336,,,,,,,,,2,true,2.82,True,christ1
1563343,2026-02-01T09:10:09.622077Z,2026-02-01,en-US,send-and-receive-email,thunderbird;windows-10;send-and-receive-email;,liormic,Getting new messages,https://support.mozilla.org/questions/1563343,os:windows,Windows 10,,,,m:yahooemail,,,1,true,9.11,False,
1563344,2026-02-01T09:11:56.448356Z,2026-02-01,en-US,junk-mail-and-spam,thunderbird;junk-mail-and-spam;,chipmess,Junk mail,https://support.mozilla.org/questions/1563344,os:other,LMDE 6 Faye,,,,m:microsoftemail,,,1,true,85.11,False,
1563357,2026-02-01T12:05:49.368358Z,2026-02-01,en-US,send-and-receive-email,thunderbird;send-and-receive-email;,michael.royce,Sent folder,https://support.mozilla.org/questions/1563357,os:windows,Windows 11 DeskTop.,,,,,,,1,true,0.58,False,
1563358,2026-02-01T12:19:41.573108Z,2026-02-01,en-US,import-and-export-email,thunderbird;import-and-export-email;,johnmlovell,Copy mail,https://support.mozilla.org/questions/1563358,,,,,,,,,4,true,0.31,False,
1563370,2026-02-01T14:17:58.965307Z,2026-02-01,en-US,crashing-and-slow-performance,mac-os;thunderbird;crashing-and-slow-performance;,robcabo-web,"Delete multiple messages and then can't read any others, have you noticed?",https://support.mozilla.org/questions/1563370,os:macos,Mac OS,,,,,,,2,true,6.03,True,Mapenzi
1563377,2026-02-01T14:55:21.347423Z,2026-02-01,en-US,customization,thunderbird;customization;windows-11;,Rickz,How can I get TB to read mail from local file instead of always going to the server?,https://support.mozilla.org/questions/1563377,os:windows,windows 11,,,,,,,0,false,,False,
1563381,2026-02-01T15:12:16.117296Z,2026-02-01,en-US,send-and-receive-email,thunderbird;send-and-receive-email;,Kemet,sending messages,https://support.mozilla.org/questions/1563381,os:macos,"Mac, Tahoe 26.2",,,,,proto:smtp,,1,true,2.83,True,davidsk
1563387,2026-02-01T15:45:13.265820Z,2026-02-01,en-US,junk-mail-and-spam,thunderbird;windows-10;junk-mail-and-spam;,joseph-rowland,Junk email,https://support.mozilla.org/questions/1563387,os:windows,Windows 10,,,,,,,8,true,2.23,True,davidsk
1563389,2026-02-01T15:49:47.541805Z,2026-02-01,en-US,email-and-messaging,thunderbird;email-and-messaging;,murdock312,Thunderbird not Working correctly anymore,https://support.mozilla.org/questions/1563389,,,,,,,,,1,false,,False,
1563402,2026-02-01T17:07:07.796907Z,2026-02-01,en-US,connectivity,thunderbird;connectivity;,user4574,Time Out Erro,https://support.mozilla.org/questions/1563402,os:windows,Window 11,,,,m:gmail;m:yahooemail,,,0,false,,False,
1563404,2026-02-01T17:10:45.779403Z,2026-02-01,en-US,contacts,thunderbird;contacts;,h2ofaull,Accidentally  deleted  my Thunderbird  Address Book,https://support.mozilla.org/questions/1563404,os:windows,windows  10,,,,,,,2,true,0.69,False,
1563412,2026-02-01T17:51:03.592556Z,2026-02-01,en-US,send-and-receive-email,thunderbird;windows-11;send-and-receive-email;,stephen.driver,Sending email has problem with using SMTP password during a session,https://support.mozilla.org/questions/1563412,os:windows,Windows 11,,,,,proto:smtp,,0,false,,False,
1563418,2026-02-01T18:18:22.787230Z,2026-02-01,en-US,import-and-export-email,thunderbird;windows-11;import-and-export-email;,dubbls,folder,https://support.mozilla.org/questions/1563418,os:windows,Windows 11,,,,,,,32,true,0.14,False,
1563427,2026-02-01T18:40:52.407084Z,2026-02-01,en-US,passwords-and-sign-in,thunderbird;passwords-and-sign-in;,ajpapics,Demande de mot de passe soudain pour une adresse orange,https://support.mozilla.org/questions/1563427,os:windows,Windows 10 Professionel version 22H2 installé le 16/03/2023 build 19045.6466,,,,m:gmail;m:orange,,,6,true,3.48,True,ajpapics
1563431,2026-02-01T19:20:11.485742Z,2026-02-01,en-US,email-and-messaging,thunderbird;windows-11;email-and-messaging;,guyrobinggl,COMMANDE INSERER ET ENREGISTRER,https://support.mozilla.org/questions/1563431,os:windows,Windows 11,,,,,,,1,true,1.87,False,
1563435,2026-02-01T20:10:15.872416Z,2026-02-01,en-US,send-and-receive-email,thunderbird;send-and-receive-email;,mhtracy,How do I restore the send button on my email program?,https://support.mozilla.org/questions/1563435,os:other,new Dell PC,,,,,,,3,true,0.34,False,
1563439,2026-02-01T20:23:06.638481Z,2026-02-01,en-US,performance-and-connectivity,thunderbird;windows-11;performance-and-connectivity;,sally36,Thunderbird will not open after 01/20/26 Windows update,https://support.mozilla.org/questions/1563439,os:windows,Windows 11,,,,,,,0,false,,False,
1563441,2026-02-01T20:25:42.692823Z,2026-02-01,en-US,import-and-export-email,thunderbird;needsinfo;import-and-export-email;,Cirio1,Folders missing after installing TB on new W11 computer,https://support.mozilla.org/questions/1563441,,,,,,,proto:pop,,3,true,0.53,False,
1563443,2026-02-01T20:39:20.891704Z,2026-02-01,en-US,send-and-receive-email,thunderbird;send-and-receive-email;,vetterlein,"Odd behavior WRT ""reply"" ... sends to the ""to address""  , from the ""from address""  (ie does not swap)",https://support.mozilla.org/questions/1563443,os:linux,Ubuntu 24.04.3 LTS,,,,,proto:smtp,,2,false,,True,vetterlein
1563448,2026-02-01T21:11:51.959884Z,2026-02-01,en-US,account-management,thunderbird;account-management;,marcellus1123,Thuderbird won't add account,https://support.mozilla.org/questions/1563448,,,,,,m:yahooemail;m:att,,,2,true,0.61,False,
1563456,2026-02-01T22:04:22.661031Z,2026-02-01,en-US,passwords-and-sign-in,thunderbird;passwords-and-sign-in;,whenangelscry,login to server failed,https://support.mozilla.org/questions/1563456,os:windows,Win11,,,,,,,0,false,,False,
1563459,2026-02-01T22:27:26.645459Z,2026-02-01,en-US,customization,thunderbird;customization;,buckeyejim3,Message Filter window is too large for monitor and can't be reduced so you can OK the filter and save it,https://support.mozilla.org/questions/1563459,os:windows,Windows 11 Pro with all current updates,,,,,,,5,true,3.02,False,
1563462,2026-02-01T22:49:34.204019Z,2026-02-01,en-US,events,thunderbird;windows-11;events;,jchadd,Calendar Offline Support setting does hides all calendar events,https://support.mozilla.org/questions/1563462,os:windows,Windows 11,,,,,,,0,false,,False,
1563475,2026-02-02T01:20:14.525759Z,2026-02-02,en-US,send-and-receive-email,thunderbird;send-and-receive-email;,hmahaffey2,Thunderbird fails saving to Draft and Sent,https://support.mozilla.org/questions/1563475,os:macos,"macOS Tahoe 26.2, Thunderbird 147.0.1",macos:tahoe,,,m:gmail;m:yahooemail,proto:smtp,,1,true,0.07,False,
1563477,2026-02-02T01:37:48.349406Z,2026-02-02,en-US,send-and-receive-email,thunderbird;send-and-receive-email;,jbfc,unable to send an email.,https://support.mozilla.org/questions/1563477,,,,,,,,,0,false,,False,
1563478,2026-02-02T01:39:34.973204Z,2026-02-02,en-US,import-and-export-email,thunderbird;import-and-export-email;,mandbx,Can't access mapi mail,https://support.mozilla.org/questions/1563478,os:linux,MX  Linux 25 AMD64,,,,,proto:smtp,,0,false,,False,
1563485,2026-02-02T02:32:56.991773Z,2026-02-02,en-US,import-and-export-email,thunderbird;import-and-export-email;,gnwalton58,I need to transfer total messages including date and addresses to a word document for layout and summarising.,https://support.mozilla.org/questions/1563485,os:windows,Win 10,,,,,,,1,true,15.97,False,
1563491,2026-02-02T03:07:52.970453Z,2026-02-02,en-US,events,thunderbird;events;,dannypiccin,move accepted event to a different calendar,https://support.mozilla.org/questions/1563491,os:other,W11,,,,,,,0,false,,False,
1563497,2026-02-02T04:46:30.160213Z,2026-02-02,en-US,app-crash,windows;thunderbird;app-crash;,sally36,Thunderbird,https://support.mozilla.org/questions/1563497,os:windows,Windows,,,,,,,1,true,3.51,False,
1563516,2026-02-02T09:07:45.946204Z,2026-02-02,en-US,email-and-messaging,thunderbird;android;email-and-messaging;,pcondemuinho,Moving mails across different accounts in the Android Thunderbird version (locked duplicate),https://support.mozilla.org/questions/1563516,os:android,Android,,,,,,,1,true,905.97,False,
1563517,2026-02-02T09:10:17.774534Z,2026-02-02,en-US,customization,thunderbird;customization;windows-11;,guyrobinggl,"COMMENT AJOUTER L'OUTIL ""INSERER "" - HOW TO ADD THE “INSERT” TOOL",https://support.mozilla.org/questions/1563517,os:windows,WINDOWS 11,,,,,,,10,true,3.52,True,guyrobinggl
1563524,2026-02-02T10:20:50.935152Z,2026-02-02,it,customization,thunderbird;customization;windows-11;,filinegri.02,VISUALIZZAZIONE AD ALBERO/THREAD VIEW,https://support.mozilla.org/questions/1563524,os:windows,WINDOWS 11,,,,,,,3,true,7.23,False,
1563526,2026-02-02T10:37:24.717372Z,2026-02-02,en-US,send-and-receive-email,thunderbird;windows-10;send-and-receive-email;,u405678,Email,https://support.mozilla.org/questions/1563526,os:windows,Windows 10,,,,,,,0,false,,False,
1563530,2026-02-02T10:50:30.857652Z,2026-02-02,en-US,email-and-messaging,thunderbird;windows10;email-and-messaging;,mail530,cursor hidden by  Spell checker,https://support.mozilla.org/questions/1563530,os:windows,Windows10,,,,,,,0,false,,False,
1563536,2026-02-02T11:10:18.520981Z,2026-02-02,en-US,passwords-and-sign-in,thunderbird;passwords-and-sign-in;,howardenigma54,logging in,https://support.mozilla.org/questions/1563536,os:linux,Both Linux ubuntu and Microsoft Window,,,,m:yahooemail,,,1,true,7.27,False,
1563543,2026-02-02T11:56:42.904973Z,2026-02-02,en-US,save-passwords,thunderbird;save-passwords;,kniepmeier,"Bei Versendung von E-Mails kommt immer wieder die Aufforderung, den Benutzernamen und mein Passwort einzugeben!",https://support.mozilla.org/questions/1563543,os:windows,,,,,,,,0,false,,False,
1563551,2026-02-02T13:50:11.139801Z,2026-02-02,nl,settings,thunderbird;settings;,t.vanrijssen,mail replay,https://support.mozilla.org/questions/1563551,,,,,,,,,1,true,22.95,False,
1563555,2026-02-02T14:04:55.712126Z,2026-02-02,en-US,events,thunderbird;events;,lukasminogue,I cannot change in which calendar my existing event is saved,https://support.mozilla.org/questions/1563555,os:linux,Linux Mint 22.1 Cinnamon,,,,,proto:carddav;proto:caldav,,3,true,4.27,False,
1563556,2026-02-02T14:05:04.935501Z,2026-02-02,en-US,customization,thunderbird;customization;macos;,swarnimpandey2007,how to show few lines of email preview,https://support.mozilla.org/questions/1563556,os:macos,MacOS,,,,,,,0,false,,False,
1563562,2026-02-02T14:48:46.891699Z,2026-02-02,en-US,privacy-and-security,thunderbird;privacy-and-security_1;,sijmen.duursma,"I want to donate via my RABO bank and IDEAL, how to mage that?",https://support.mozilla.org/questions/1563562,,,,,,,,,1,true,8.42,False,
1563563,2026-02-02T15:00:19.905075Z,2026-02-02,en-US,junk-mail-and-spam,thunderbird;junk-mail-and-spam;,possibly,Coding behind the spam filter algorithm.,https://support.mozilla.org/questions/1563563,os:windows,"Use both Windows and Linux, Linux being by far the primary platform I use.",,,,,,,0,false,,False,
1563569,2026-02-02T15:27:19.749230Z,2026-02-02,es,attachments,thunderbird;attachments;,adrian.garcia.mk,Trouble with PDF view,https://support.mozilla.org/questions/1563569,os:macos,macOS Tahoe 26.2,macos:tahoe,,,,,,2,true,74.05,False,
1563576,2026-02-02T15:56:44.487847Z,2026-02-02,en-US,save-passwords,thunderbird;windows-11;save-passwords;,digitalopportunities,Not saving passwords to Password Manager,https://support.mozilla.org/questions/1563576,os:windows,Windows 11,,,,m:gmail,,,6,true,25.68,False,
1563577,2026-02-02T15:57:14.701699Z,2026-02-02,it,account-management,thunderbird;needsinfo;account-management;,info634,impostazione mail inviate,https://support.mozilla.org/questions/1563577,,,,,,,,,1,true,1.58,False,
1563578,2026-02-02T16:09:47.738384Z,2026-02-02,en-US,connectivity,thunderbird;connectivity;,MrAclos,I MAp,https://support.mozilla.org/questions/1563578,,,,,,,,,5,true,4.24,True,davidsk
1563585,2026-02-02T17:08:12.076278Z,2026-02-02,en-US,passwords-and-sign-in,thunderbird;passwords-and-sign-in;,La_Sombra,Gmail login unexpected failed,https://support.mozilla.org/questions/1563585,os:windows,"Windows 11, Windows defender, all updates current",,,,m:gmail,,,4,true,96.3,False,
1563586,2026-02-02T17:12:25.039261Z,2026-02-02,en-US,import-and-export-email,thunderbird;windows-11;import-and-export-email;,dlevering,migrating email from thunderbird to another account,https://support.mozilla.org/questions/1563586,os:windows,windows 11,,,,m:gmail;m:yahooemail,,,1,true,0.31,False,
1563587,2026-02-02T17:14:46.015928Z,2026-02-02,it,send-and-receive-email,thunderbird;needsinfo;windows-10;send-and-receive-email;,patrizio.angella,"Buona sera, perchè tutta la mia posta in arrivo va a finire nel cestino di thunderbid?",https://support.mozilla.org/questions/1563587,os:windows,windows 10,,,,,,,1,true,0.27,False,
1563589,2026-02-02T17:24:42.049059Z,2026-02-02,en-US,connectivity,thunderbird;connectivity;,Magma_Flow,Inconsistent SMTP Failure with Outlook,https://support.mozilla.org/questions/1563589,os:macos,MacOS 15.4,macos:sequoia,,,m:microsoftemail,proto:smtp,,2,true,108.04,False,
1563591,2026-02-02T17:33:34.692983Z,2026-02-02,en-US,search,thunderbird;macos;search;,mozilla470,"""Search Folders"" gone after renaming a few folders?",https://support.mozilla.org/questions/1563591,os:macos,Macos,,,,,,,2,true,2156.32,False,
1563593,2026-02-02T17:50:37.214579Z,2026-02-02,en-US,email-and-messaging,thunderbird;email-and-messaging;,tmwalker,missing emails,https://support.mozilla.org/questions/1563593,os:windows,Windows 11 Pro,,,,,,,0,false,,False,
1563595,2026-02-02T17:58:18.493049Z,2026-02-02,en-US,reset-passwords,thunderbird;reset-passwords;,24f9jx8zzs,Thunderbird email problems,https://support.mozilla.org/questions/1563595,os:macos,macOS Tahoe.    Version 26.2,,,,,,,0,false,,False,
1563599,2026-02-02T18:14:07.685440Z,2026-02-02,en-US,import-and-export-email,thunderbird;import-and-export-email;,tope_fawole2,Transfer of files,https://support.mozilla.org/questions/1563599,,,,,,,,,1,true,2.75,False,
1563603,2026-02-02T18:47:49.266853Z,2026-02-02,en-US,customization,thunderbird;customization;windows-11;,MPOPS1,Attention ED -- Have another issue.,https://support.mozilla.org/questions/1563603,os:windows,windows 11,,,,,,,1,true,19.69,False,
1563606,2026-02-02T19:00:53.795407Z,2026-02-02,en-US,send-and-receive-email,thunderbird;send-and-receive-email;,wojciechrm,download message and remove them from the server,https://support.mozilla.org/questions/1563606,,,,,,,,,1,true,1.99,False,
1563607,2026-02-02T19:01:37.250285Z,2026-02-02,en-US,contacts,thunderbird;contacts;,kimblelibrary,Error when trying to save email address to address book,https://support.mozilla.org/questions/1563607,os:windows,Windows 11 Pro,,,,,,,0,false,,False,
1563609,2026-02-02T19:02:52.296824Z,2026-02-02,en-US,email-and-messaging,thunderbird;email-and-messaging;,MPOPS1,Added Thunderbird Folder ... changed its name,https://support.mozilla.org/questions/1563609,os:windows,Windows 11  THUNDERBIRD v 146.0.1,,,,,,,0,false,,False,
1563610,2026-02-02T19:12:06.864459Z,2026-02-02,en-US,settings,thunderbird;settings;windows-10;,randcpond,Thundirbird Settings Explanations/Instructions?,https://support.mozilla.org/questions/1563610,os:windows,Windows 10,,,,,,,1,true,0.74,False,
1563613,2026-02-02T19:27:23.603225Z,2026-02-02,en-US,customization,thunderbird;customization;,emile.p.gauthier,Single space when enter key is used,https://support.mozilla.org/questions/1563613,os:windows,Windows 11 Pro,,,,,,,3,true,0.18,True,rednoise
1563619,2026-02-02T20:09:48.807346Z,2026-02-02,en-US,send-and-receive-email,thunderbird;windows-11;send-and-receive-email;,ianthepianist,Thunderbird account settings,https://support.mozilla.org/questions/1563619,os:windows,Windows 11,,,,,,,10,true,0.33,False,
1563620,2026-02-02T20:15:11.296913Z,2026-02-02,en-US,attachments,thunderbird;windows-11;attachments;,candj.maxwell,Missing Emails and Attachments in Thunderbird,https://support.mozilla.org/questions/1563620,os:windows,Windows 11,,,,,,,0,false,,False,
1563624,2026-02-02T21:27:19.775191Z,2026-02-02,en-US,send-and-receive-email,thunderbird;windows-11;send-and-receive-email;,usna75,Send/Receive Emails,https://support.mozilla.org/questions/1563624,os:windows,Windows 11,,,,m:spectrum,,,0,false,,False,
1563628,2026-02-02T21:44:52.598880Z,2026-02-02,en-US,email-and-messaging,thunderbird;email-and-messaging;,bobnzen,I deleted thunderbird mail and reinstalled it. My folders will not open but the messages appear in Quick Filter. I can s,https://support.mozilla.org/questions/1563628,os:other,HP Desk Top MO1-FF2254 (And server is Xfinity),,,,,,,6,true,0.55,True,Mapenzi
1563638,2026-02-02T22:14:38.832037Z,2026-02-02,en-US,account-management,thunderbird;account-management;,rolf59,gelte a mailbox,https://support.mozilla.org/questions/1563638,os:windows,Win11,,,,,,,1,true,0.62,False,
1563655,2026-02-03T00:30:24.445283Z,2026-02-03,en-US,send-and-receive-email,thunderbird;windows-11;send-and-receive-email;,milton19,Thunderbird stopped downloading emails,https://support.mozilla.org/questions/1563655,os:windows,windows 11,,,,,proto:pop,,1,true,29.9,False,
1563662,2026-02-03T01:35:36.401739Z,2026-02-03,en-US,contacts,thunderbird;windows-11;contacts;,jguynn,Address book,https://support.mozilla.org/questions/1563662,os:windows,windows 11,,,,,,,1,true,11.94,False,
1563663,2026-02-03T01:54:28.533939Z,2026-02-03,en-US,app-crash,thunderbird;app-crash;,redoc,Locking Up,https://support.mozilla.org/questions/1563663,,,,,,,,,0,false,,False,
1563671,2026-02-03T02:33:08.395873Z,2026-02-03,en-US,send-and-receive-email,thunderbird;send-and-receive-email;,yoshidondondon,メールを送信した相手からの返信された時の名前が自分の名前が表示させるのはなぜ？,https://support.mozilla.org/questions/1563671,,,,,,,,,2,true,11.79,False,
1563679,2026-02-03T03:44:26.202118Z,2026-02-03,en-US,passwords-and-sign-in,thunderbird;passwords-and-sign-in;,dchsr1,wish to reconnect to Thunderbird account,https://support.mozilla.org/questions/1563679,os:other,ios,,,,m:comcast,,,1,false,,False,
1563680,2026-02-03T03:51:53.013973Z,2026-02-03,en-US,email-and-messaging,thunderbird;windows-11;email-and-messaging;,tulsa2145,Can empty trash folder but can't empty sent folder,https://support.mozilla.org/questions/1563680,os:windows,Windows 11,,,,,,,2,true,1.42,True,rednoise
1563684,2026-02-03T04:11:23.984868Z,2026-02-03,en-US,connectivity,thunderbird;connectivity;,mickhewitt,iMap for Google Workspace Account - extremely slow to load messages,https://support.mozilla.org/questions/1563684,os:macos,Mac (latest OS),,,,m:gmail,proto:imap,,0,false,,False,
1563688,2026-02-03T05:03:24.941613Z,2026-02-03,en-US,reset-passwords,thunderbird;reset-passwords;,bobweisberg,Signing in to email,https://support.mozilla.org/questions/1563688,,,,,,m:spectrum,proto:pop,,1,true,7.11,False,
1563689,2026-02-03T05:05:42.363982Z,2026-02-03,en-US,customization,thunderbird;customization;,WusteRatte,Displayed font size in composition window,https://support.mozilla.org/questions/1563689,os:windows,Windows 11 Pro   25H2  26200.7628     TB 140.7.1esr (64-bit),,,,,,,2,true,3.18,True,WusteRatte
1563692,2026-02-03T05:23:40.462066Z,2026-02-03,en-US,connectivity,thunderbird;connectivity;,JNKiani,My Thunderbird will not connect to Comcast/Xfinity email account,https://support.mozilla.org/questions/1563692,os:windows,"Win 10, all apps and win are up to date.",,,,m:gmail;m:microsoftemail;m:comcast,,,8,true,2.03,False,
1563713,2026-02-03T08:30:27.362447Z,2026-02-03,en-US,save-passwords,thunderbird;save-passwords;,michaelneuen@mail.de,Help with installation,https://support.mozilla.org/questions/1563713,os:windows,Win 11,,,,,,,3,true,0.31,False,
1563714,2026-02-03T08:47:39.400012Z,2026-02-03,nl,send-and-receive-email,thunderbird;send-and-receive-email;,hass.gwen,e-mails,https://support.mozilla.org/questions/1563714,,,,,,,,,0,false,,False,
1563717,2026-02-03T09:06:14.615305Z,2026-02-03,pt-BR,send-and-receive-email,thunderbird;send-and-receive-email;,claudiohagra,Thumderbird não conecta com servidor,https://support.mozilla.org/questions/1563717,os:windows,Windows 7 Ultimate 64bits,,,,,,,0,false,,False,
1563718,2026-02-03T09:12:26.762456Z,2026-02-03,pt-BR,connectivity,thunderbird;connectivity;,claudiohagra,Thumderbird não conecta com servidor,https://support.mozilla.org/questions/1563718,os:windows,Windows 7 Ultimate 64bits,,,,,,,0,false,,False,
1563723,2026-02-03T10:50:18.538295Z,2026-02-03,en-US,account-management,thunderbird;account-management;,jupiter2100,wie richte ich ein mail konto ein,https://support.mozilla.org/questions/1563723,,,,,,,,,1,true,0.96,False,
1563724,2026-02-03T11:10:34.211600Z,2026-02-03,nl,send-and-receive-email,thunderbird;windows-10;send-and-receive-email;,jjoostra,Hotmail doorsturen komt niet aan,https://support.mozilla.org/questions/1563724,os:windows,Windows 10,,,,m:microsoftemail,proto:imap,,4,true,1.35,False,
1563729,2026-02-03T11:30:54.362135Z,2026-02-03,nl,send-and-receive-email,thunderbird;send-and-receive-email;,bertie.fleige,mail versturen mislukt,https://support.mozilla.org/questions/1563729,,,,,,,,,1,true,0.99,True,markh2
1563734,2026-02-03T11:47:05.039847Z,2026-02-03,en-US,reset-passwords,thunderbird;windows-11;reset-passwords;,jandd1,rest primary password,https://support.mozilla.org/questions/1563734,os:windows,windows 11,,,,,,,1,true,0.25,False,
1563746,2026-02-03T12:45:27.199112Z,2026-02-03,en-US,send-and-receive-email,thunderbird;send-and-receive-email;,liz36,Sending emails with attachments,https://support.mozilla.org/questions/1563746,,,,,,,,,0,false,,False,
1563747,2026-02-03T12:50:51.578651Z,2026-02-03,en-US,send-and-receive-email,thunderbird;send-and-receive-email;,joram9749,Thunderbird,https://support.mozilla.org/questions/1563747,,,,,,,,,1,true,6.21,True,christ1
1563748,2026-02-03T13:07:40.188970Z,2026-02-03,en-US,email-and-messaging,thunderbird;windows-11;email-and-messaging;,baconforthebloodlord,Thunderbird Simply Does Not Function,https://support.mozilla.org/questions/1563748,os:windows,Windows 11,,,,,,av:bitdefender,1,true,10.27,False,
1563758,2026-02-03T14:31:41.143003Z,2026-02-03,en-US,reset-passwords,thunderbird;reset-passwords;,ggajda,need help recovering my email,https://support.mozilla.org/questions/1563758,,,,,,,,,1,true,0.08,False,
1563762,2026-02-03T14:56:25.162289Z,2026-02-03,en-US,customization,thunderbird;customization;,bordeauxrouge,menu/tools :saved files,https://support.mozilla.org/questions/1563762,os:windows,windows 11   Tb 140 7 1,,,,,,,1,true,4.08,False,
1563764,2026-02-03T15:11:45.977622Z,2026-02-03,en-US,customization,thunderbird;customization;windows-11;,gaetan_pellerin,In Thunderbird 147.0.1 (64 bits),https://support.mozilla.org/questions/1563764,os:windows,Windows 11,,,,,,,1,true,2.31,True,Mapenzi
1563773,2026-02-03T15:51:40.979519Z,2026-02-03,en-US,app-crash,thunderbird;app-crash;,DWF76,Thunderbird Not Operational,https://support.mozilla.org/questions/1563773,os:macos,Mac Sequoia,,,,,,,3,true,3.11,False,
1563781,2026-02-03T16:25:45.239324Z,2026-02-03,en-US,send-and-receive-email,windows;thunderbird;send-and-receive-email;,angela9,Incoming email is missing the content,https://support.mozilla.org/questions/1563781,os:windows,Windows,,,,,,,2,true,2.51,False,
1563786,2026-02-03T16:55:16.268307Z,2026-02-03,en-US,search,thunderbird;ubuntu-2204;search;,hakelm,ctrl-shift-F in TB 147.0.1(64-bits),https://support.mozilla.org/questions/1563786,os:linux,Ubuntu 22.04,,,,,,,2,true,1.91,True,christ1
1563789,2026-02-03T17:00:45.769104Z,2026-02-03,it,junk-mail-and-spam,thunderbird;needsinfo;junk-mail-and-spam;,m.ascareggi,non spam,https://support.mozilla.org/questions/1563789,os:windows,Windows 11 pro,,,,,,,2,true,0.14,True,'@next
1563791,2026-02-03T17:11:16.708645Z,2026-02-03,en-US,customization,thunderbird;customization;,arneleinonen1,Email threads in Thunderbird,https://support.mozilla.org/questions/1563791,os:windows,Windows 11 Home,,,,,,,8,true,5.17,False,
1563794,2026-02-03T17:18:43.865254Z,2026-02-03,en-US,junk-mail-and-spam,thunderbird;windows-11;junk-mail-and-spam;,aidan2,How can I control what goes into the spam folder?,https://support.mozilla.org/questions/1563794,os:windows,Windows 11,,,,,,,2,true,1.45,True,aidan2
1563797,2026-02-03T17:28:34.850855Z,2026-02-03,en-US,account-management,thunderbird;account-management;,john1188,email transfer,https://support.mozilla.org/questions/1563797,,,,,,,,,2,true,0.91,True,rednoise
1563798,2026-02-03T17:30:42.479043Z,2026-02-03,en-US,send-and-receive-email,thunderbird;send-and-receive-email;,Tombarkas,Unified inbox- lose emails?,https://support.mozilla.org/questions/1563798,,,,,,,,,1,true,0.56,False,
1563804,2026-02-03T18:00:50.544448Z,2026-02-03,en-US,customization,thunderbird;customization;windows11;,snurra25,A new message on a singel line,https://support.mozilla.org/questions/1563804,os:windows,Windows11,,,,,,,2,true,0.26,True,rednoise
1563808,2026-02-03T18:29:00.226982Z,2026-02-03,en-US,email-and-messaging,thunderbird;windows-11;email-and-messaging;,tulsa2145,HOW TO ADD A NEW FOLDER TO THUNDERBIRD,https://support.mozilla.org/questions/1563808,os:windows,Windows 11,,,,,,,2,true,0.23,True,tulsa2145
1563810,2026-02-03T18:29:51.412627Z,2026-02-03,en-US,events,thunderbird;events;,dravafox,Thunderbird Calendar Entry/Item Import (eg. VCS file),https://support.mozilla.org/questions/1563810,os:windows,Win11,,,,,,,5,true,0.19,True,christ1
1563812,2026-02-03T18:32:34.487055Z,2026-02-03,nl,email-and-messaging,thunderbird;email-and-messaging;,Nellenedd,"Mail verplaats en is niet langer zichtbaar in welke map dan ook (alleen als je zoekt), hoe krijg ik dit terug?",https://support.mozilla.org/questions/1563812,,,,,,,,,1,true,12.25,False,
1563819,2026-02-03T19:38:35.008138Z,2026-02-03,en-US,send-and-receive-email,thunderbird;send-and-receive-email;,RHall,weird email showed up in thunderbird,https://support.mozilla.org/questions/1563819,os:windows,Windows 10 Pro,,,,,,,1,true,10.22,True,MattAuSupport
1563820,2026-02-03T19:48:29.783906Z,2026-02-03,en-US,contacts,thunderbird;windows-11;contacts;,tulsa2145,THUNDERBIRD IS NOT TRANSFERRING MY ADDRESSES,https://support.mozilla.org/questions/1563820,os:windows,Windows 11,,,,,,,1,true,0.71,False,
1563834,2026-02-03T20:39:37.201176Z,2026-02-03,en-US,email-and-messaging,thunderbird;windows-10;email-and-messaging;,john727,local save folder,https://support.mozilla.org/questions/1563834,os:windows,windows 10,,,,,,,1,true,0.37,False,
1563835,2026-02-03T20:42:53.821726Z,2026-02-03,en-US,send-and-receive-email,thunderbird;send-and-receive-email;,mihainedelcu7,10000 emails limit,https://support.mozilla.org/questions/1563835,,,,,,m:yahooemail,,,2,true,3.85,False,
1563837,2026-02-03T20:53:57.280440Z,2026-02-03,en-US,contacts,thunderbird;windows-11;contacts;,gold.albert,Duplicates in T-bird Address Book,https://support.mozilla.org/questions/1563837,os:windows,Windows 11,,,,,,,1,true,0.28,False,
1563838,2026-02-03T20:55:33.618689Z,2026-02-03,en-US,customization,thunderbird;customization;macos;,nclough500,Re-ordering the left-column list of email accounts,https://support.mozilla.org/questions/1563838,os:macos,MacOS,,,,,,,2,true,0.15,True,davidsk
1563839,2026-02-03T20:58:35.802756Z,2026-02-03,en-US,email-and-messaging,thunderbird;windows10;email-and-messaging;,endres82,email,https://support.mozilla.org/questions/1563839,os:windows,windows10,,,,,,,1,true,16.03,True,Mapenzi
1563841,2026-02-03T21:21:14.427444Z,2026-02-03,cs,extensions,thunderbird;extensions;,ippk.ic,Tvorba doplňku,https://support.mozilla.org/questions/1563841,,,,,,,,,1,true,1.89,False,
1563844,2026-02-03T21:56:21.127464Z,2026-02-03,en-US,send-and-receive-email,thunderbird;send-and-receive-email;,davidhindle,"""repairing"" a corrupted email",https://support.mozilla.org/questions/1563844,,,,,,m:microsoftemail,,,0,false,,False,
1563848,2026-02-03T22:34:30.645480Z,2026-02-03,en-US,email-and-messaging,thunderbird;windows-11;email-and-messaging;,tmlaw150,Thread responses not realistically visible!,https://support.mozilla.org/questions/1563848,os:windows,Windows 11,,,,,,,2,true,1.98,False,
1563854,2026-02-03T23:20:45.488783Z,2026-02-03,en-US,import-and-export-email,thunderbird;import-and-export-email;,lorirn5755,email,https://support.mozilla.org/questions/1563854,,,,,,m:gmail,,,6,true,14.79,False,
1563856,2026-02-03T23:25:25.792410Z,2026-02-03,en-US,customization,thunderbird;windows-10;customization;,robr385,Delete email message from Popup,https://support.mozilla.org/questions/1563856,os:windows,Windows 10,,,,,,,0,false,,False,
1563861,2026-02-04T00:18:42.606518Z,2026-02-04,en-US,customization,thunderbird;customization;,nospam17,Reset Folder Order option,https://support.mozilla.org/questions/1563861,os:windows,Win 11 Pro,,,,,,,1,true,2.0,False,
1563863,2026-02-04T00:39:35.168267Z,2026-02-04,en-US,attachments,thunderbird;windows-10;attachments;,eight2,Attachments to e-mails,https://support.mozilla.org/questions/1563863,os:windows,Windows 10,,,,,,,1,true,0.31,True,rednoise
1563870,2026-02-04T02:11:01.757664Z,2026-02-04,en-US,passwords-and-sign-in,thunderbird;android;passwords-and-sign-in;,fygooog2,Transfer thunderbird passwords from phone to tablet,https://support.mozilla.org/questions/1563870,os:android,Android,,,,,,,0,false,,False,
1563877,2026-02-04T03:01:22.520109Z,2026-02-04,en-US,send-and-receive-email,thunderbird;windows-11;send-and-receive-email;,kingsnjan,Can't download emails from ISP Server,https://support.mozilla.org/questions/1563877,os:windows,Windows 11,,,,,,,1,true,61.95,False,
1563882,2026-02-04T03:48:22.785939Z,2026-02-04,en-US,email-and-messaging,thunderbird;windows-11;email-and-messaging;,tcluster,Moving 90 folders,https://support.mozilla.org/questions/1563882,os:windows,Windows 11,,,,,,,12,true,2.06,True,tcluster
1563889,2026-02-04T04:13:39.062297Z,2026-02-04,en-US,account-management,thunderbird;account-management;,whenangelscry,CAN'T RESURRECT EMAILS AFTER ALL ATTEMPTS,https://support.mozilla.org/questions/1563889,os:windows,Win11,,,,,,,4,true,1.1,False,
1563890,2026-02-04T04:25:04.561243Z,2026-02-04,en-US,encryption,linux;thunderbird;encryption;,52303for,OMEMO Support in Chat,https://support.mozilla.org/questions/1563890,os:linux,Linux,,,,,,,1,true,2.3,False,
1563910,2026-02-04T07:19:36.506288Z,2026-02-04,en-US,passwords-and-sign-in,thunderbird;windows-11;passwords-and-sign-in;,auntieglor16,password fails,https://support.mozilla.org/questions/1563910,os:windows,windows 11,,,,,,,1,true,11.24,False,
1563918,2026-02-04T08:29:27.733813Z,2026-02-04,en-US,send-and-receive-email,thunderbird;send-and-receive-email;,m.ascareggi,non spam,https://support.mozilla.org/questions/1563918,os:windows,,,,,m:gmail;m:microsoftemail;m:yahooemail;m:libero;m:tiscali,,av:defender,1,true,0.63,False,
1563919,2026-02-04T08:35:30.473685Z,2026-02-04,it,send-and-receive-email,thunderbird;send-and-receive-email;,m.ascareggi,non spam,https://support.mozilla.org/questions/1563919,,,,,,,proto:imap,,1,true,0.45,False,
1563922,2026-02-04T09:49:29.290871Z,2026-02-04,en-US,passwords-and-sign-in,thunderbird;windows-11;passwords-and-sign-in;,bluedogatdingdong,Thunderbird 147 Logins/passwords,https://support.mozilla.org/questions/1563922,os:windows,Windows 11,,,,,,,5,true,3.65,False,
1563933,2026-02-04T10:18:15.340369Z,2026-02-04,en-US,send-and-receive-email,thunderbird;send-and-receive-email;,latek18,Filter do auto-answer by template but sent msg is malformed by change UTF-8 coding and block build-in pictures.,https://support.mozilla.org/questions/1563933,os:windows,Win10,,,,,,,1,true,72.3,False,
1563940,2026-02-04T11:07:44.851340Z,2026-02-04,en-US,customization,thunderbird;customization;windows-11;,tomd.234,How to remove or hide anchors in Thunderbird,https://support.mozilla.org/questions/1563940,os:windows,Windows 11,,,,m:microsoftemail,,,2,true,8.64,True,tomd.234
1563941,2026-02-04T11:13:58.498334Z,2026-02-04,nl,install,windows-7;thunderbird;install;,eddy2402,Thunderbird herinstalleren,https://support.mozilla.org/questions/1563941,os:windows,Windows 7,,,,,,,1,true,1.05,False,
1563945,2026-02-04T11:27:20.031735Z,2026-02-04,en-US,send-and-receive-email,thunderbird;windows-11;send-and-receive-email;,neil127,I have not been able to downloan new emails since 27 Jan 2026.,https://support.mozilla.org/questions/1563945,os:windows,Windows 11,,,,,,,1,true,1.28,False,
1563950,2026-02-04T12:31:08.198646Z,2026-02-04,it,send-and-receive-email,thunderbird;send-and-receive-email;,leoneldelvescovo,email forwarding,https://support.mozilla.org/questions/1563950,,,,,,,,,1,true,4.4,False,
1563953,2026-02-04T12:55:40.752822Z,2026-02-04,en-US,extensions,thunderbird;windows-11;extensions;,fk123ab,Checkbox for message selection,https://support.mozilla.org/questions/1563953,os:windows,Windows 11,,,,m:gmail,,,5,true,0.5,False,
1563957,2026-02-04T13:15:38.649278Z,2026-02-04,es,contacts,thunderbird;needsinfo;contacts;,jorge.rzamora,como importar direcciones de email,https://support.mozilla.org/questions/1563957,,,,,,,,,1,true,84.42,False,
1563961,2026-02-04T13:45:59.130117Z,2026-02-04,en-US,send-and-receive-email,thunderbird;windows-11;send-and-receive-email;,josephjean1,"Once again ""Unable to write the email to the mailbox. Make sure the file system allows you write privileges, and you hav",https://support.mozilla.org/questions/1563961,os:windows,Windows 11,,,,,,,2,true,1.44,True,josephjean1
1563968,2026-02-04T14:23:17.204616Z,2026-02-04,en-US,save-passwords,thunderbird;windows-11;save-passwords;,einhirn,How to subscribe to private RSS feed that requires authorization?,https://support.mozilla.org/questions/1563968,os:windows,Windows 11,,,,,,,0,false,,False,
1563975,2026-02-04T14:54:03.875375Z,2026-02-04,en-US,languages,thunderbird;windows-11;languages;,hajo-dre,Namen ändern der Konten sent in gesendet usw.,https://support.mozilla.org/questions/1563975,os:windows,windows 11,,,,,,,1,true,0.25,True,Mapenzi
1563978,2026-02-04T15:15:16.081162Z,2026-02-04,en-US,contacts,thunderbird;contacts;,BigSam,Address Book empty,https://support.mozilla.org/questions/1563978,os:windows,Win 11,,,,,,,8,true,0.51,True,davidsk
1563981,2026-02-04T15:43:55.355240Z,2026-02-04,en-US,send-and-receive-email,thunderbird;windows-11;send-and-receive-email;,receiving1,Quickbooks Point of Sale 18 Seeing Thunderbird,https://support.mozilla.org/questions/1563981,os:windows,Windows 11,,,,,,,1,false,,False,
1563987,2026-02-04T16:05:45.963713Z,2026-02-04,en-US,email-and-messaging,thunderbird;email-and-messaging;,contact520,Doublons dossier,https://support.mozilla.org/questions/1563987,,,,,,,,,7,true,0.76,False,
1563996,2026-02-04T17:14:25.711427Z,2026-02-04,en-US,import-and-export-settings,thunderbird;import-and-export-settings;,Redland,Changing Mac Platforms,https://support.mozilla.org/questions/1563996,,,,,,,,,8,true,0.09,False,
1563998,2026-02-04T17:18:37.659543Z,2026-02-04,en-US,crashing-and-slow-performance,thunderbird;crashing-and-slow-performance;,martin.anderson,Thunderbird has become crazy slow.,https://support.mozilla.org/questions/1563998,os:windows,Windows 11 V24H2 + Latest security updates,,,,,,,6,true,1.09,False,
1563999,2026-02-04T17:19:26.571460Z,2026-02-04,en-US,email-and-messaging,thunderbird;email-and-messaging;,jrdehal,MOZILLA THUNDERBIRD,https://support.mozilla.org/questions/1563999,os:windows,Windows 11 64-bit,,,,,,,9,true,0.05,True,jrdehal
1564001,2026-02-04T17:26:20.799590Z,2026-02-04,en-US,send-and-receive-email,thunderbird;windows-11;send-and-receive-email;,zhaganash,downloaded message won't display contents in inbox,https://support.mozilla.org/questions/1564001,os:windows,windows 11,,,,,,,1,true,21.26,False,
1564017,2026-02-04T19:49:31.222916Z,2026-02-04,en-US,passwords-and-sign-in,thunderbird;passwords-and-sign-in;,saltrane,login passwords window,https://support.mozilla.org/questions/1564017,os:linux,Linux Mint,,,,,,,3,true,0.37,True,saltrane
1564019,2026-02-04T20:11:44.314669Z,2026-02-04,en-US,crashing-and-slow-performance,thunderbird;crashing-and-slow-performance;,La_Sombra,Serious error: message header for one message associated with text from a different message,https://support.mozilla.org/questions/1564019,os:windows,"Windows 11, Windows defender, all updates current",,,,m:gmail,proto:imap,,1,true,11.96,True,siffemoz
1564021,2026-02-04T20:39:53.786039Z,2026-02-04,en-US,email-and-messaging,thunderbird;email-and-messaging;,sunnysewsit,I have a folder with subfolders in my Trash folder and I did not put it there,https://support.mozilla.org/questions/1564021,os:windows,"Windows 11 Home, current updates, Dell desktop computer",,,,,,,0,false,,False,
1564028,2026-02-04T21:21:12.420788Z,2026-02-04,en-US,connectivity,thunderbird;connectivity;,puneet3,Thunderbird stop connecting (was working previously),https://support.mozilla.org/questions/1564028,,,,,,m:gmail,proto:imap,,1,true,20.13,False,
1564034,2026-02-04T22:26:51.358256Z,2026-02-04,en-US,profiles,thunderbird;profiles;,info3349,"TB restarted as blank new, now I can't connect the profile",https://support.mozilla.org/questions/1564034,os:windows,Win 11 Pro 25H2,,,,,,,2,true,1.48,True,sfhowes
1564042,2026-02-04T23:42:28.470627Z,2026-02-04,en-US,import-and-export-email,thunderbird;windows-11;import-and-export-email;,jvlaverty,save emails,https://support.mozilla.org/questions/1564042,os:windows,windows 11,,,,,,,1,true,11.7,False,
1564055,2026-02-05T01:32:47.345032Z,2026-02-05,en-US,calendar,thunderbird;calendar;windows11;,rgathercoal,consolidating calendars in Calendar,https://support.mozilla.org/questions/1564055,os:windows,Windows11,,,,,,,1,true,38.67,True,Toad-Hall
1564056,2026-02-05T01:42:21.384620Z,2026-02-05,en-US,send-and-receive-email,thunderbird;send-and-receive-email;,joyce13,I can't send out email...HELP PLEASE,https://support.mozilla.org/questions/1564056,os:other,WP 10,,,,,,,1,true,9.57,False,
1564057,2026-02-05T02:17:46.540027Z,2026-02-05,en-US,send-and-receive-email,thunderbird;send-and-receive-email;,d6accE55,Two email addresses showing same data,https://support.mozilla.org/questions/1564057,os:windows,Windows 11 Home,,,,m:yahooemail,,,0,false,,False,
1564066,2026-02-05T03:19:42.310461Z,2026-02-05,en-US,account-management,thunderbird;windows-11;account-management;,mikedaly696,Missing folders from e mail account,https://support.mozilla.org/questions/1564066,os:windows,Windows 11,,,,,,,3,true,4.66,False,
1564067,2026-02-05T03:20:32.716503Z,2026-02-05,en-US,customization,thunderbird;customization;,taosdrums,using a single left click to open email in thunderbird,https://support.mozilla.org/questions/1564067,os:other,wiindows 11,,,,,,,2,true,4.62,False,
1564080,2026-02-05T04:55:07.938182Z,2026-02-05,nl,contacts,thunderbird;contacts;,theoleegwater,emailadressen overzetten naar nieuwe computer?,https://support.mozilla.org/questions/1564080,,,,,,,,,1,true,2.26,False,
1564087,2026-02-05T07:31:57.494876Z,2026-02-05,en-US,account-management,thunderbird;windows-10;account-management;,dorval,Why does Advanced Preferences list mulitple mail servers?,https://support.mozilla.org/questions/1564087,os:windows,Windows 10,,,,m:rogers;m:shaw,,,1,true,33.46,False,
1564095,2026-02-05T09:35:37.000346Z,2026-02-05,en-US,send-and-receive-email,thunderbird;send-and-receive-email;,adamyan2312,Incoming emails stoppped coming,https://support.mozilla.org/questions/1564095,os:windows,,,,,,,,1,false,,False,
1564097,2026-02-05T09:50:22.059195Z,2026-02-05,en-US,junk-mail-and-spam,thunderbird;junk-mail-and-spam;,MimJ,Spam folder,https://support.mozilla.org/questions/1564097,,,,,,,,,0,false,,False,
1564098,2026-02-05T09:50:52.134632Z,2026-02-05,en-US,contacts,thunderbird;contacts;,asammodels,Contacts back-up,https://support.mozilla.org/questions/1564098,os:other,W11,,,,,,,1,true,4.26,True,davidsk
1564100,2026-02-05T10:05:12.012395Z,2026-02-05,it,update,thunderbird;windows-10;update;,patrizio.angella,Upgrading to 140 I lost everything!,https://support.mozilla.org/questions/1564100,os:windows,windows 10,,,,,,,0,false,,False,
1564105,2026-02-05T10:43:56.566496Z,2026-02-05,en-US,contacts,thunderbird;fedora;contacts;,balupton,Thunderbird doesn't support,https://support.mozilla.org/questions/1564105,os:linux,Fedora,,,,m:icloud,,,6,true,0.49,False,
1564112,2026-02-05T11:37:56.191632Z,2026-02-05,en-US,encryption,thunderbird;encryption;,talsbak,www.mozilla.org uses an invalid security certificate,https://support.mozilla.org/questions/1564112,os:other,W11,,,,m:gmail;m:microsoftemail;m:yahooemail,,,1,true,46.8,False,
1564113,2026-02-05T11:40:54.454791Z,2026-02-05,en-US,send-and-receive-email,thunderbird;send-and-receive-email;,talsbak,how re-create mail accounts,https://support.mozilla.org/questions/1564113,,,,,,m:gmail;m:microsoftemail;m:yahooemail,,,1,true,7.27,False,
1564116,2026-02-05T11:55:58.560145Z,2026-02-05,en-US,settings,thunderbird;settings;,alwitahue,end a memory,https://support.mozilla.org/questions/1564116,,,,,,,,,1,true,10.4,False,
1564117,2026-02-05T11:58:35.851033Z,2026-02-05,it,send-and-receive-email,thunderbird;send-and-receive-email;,info13506,Non riusciamo ad inviare mail da Thunderbird,https://support.mozilla.org/questions/1564117,,,,,,,,,0,false,,False,
1564119,2026-02-05T12:17:26.808062Z,2026-02-05,en-US,crashing-and-slow-performance,windows-7;thunderbird;crashing-and-slow-performance;,ACProctor,Right-click menu not visible until cursor movement,https://support.mozilla.org/questions/1564119,os:windows,Windows 7,,,,,,,6,true,5.96,True,rednoise
1564127,2026-02-05T13:29:40.599475Z,2026-02-05,en-US,attachments,thunderbird;windows-11;attachments;,zen53214,Embedded images and photo attachments from Outlook 2016,https://support.mozilla.org/questions/1564127,os:windows,Windows 11,,,,m:microsoftemail,,,2,true,44.83,True,MattAuSupport
1564138,2026-02-05T14:27:43.178165Z,2026-02-05,en-US,send-and-receive-email,thunderbird;send-and-receive-email;,odepas935,messages lost,https://support.mozilla.org/questions/1564138,,,,,,,,,1,true,43.89,False,
1564141,2026-02-05T14:52:38.228269Z,2026-02-05,en-US,send-and-receive-email,thunderbird;send-and-receive-email;,barbevans864,Send button,https://support.mozilla.org/questions/1564141,,,,,,,,,1,true,0.25,True,davidsk
1564142,2026-02-05T14:55:42.970208Z,2026-02-05,en-US,send-and-receive-email,linux;thunderbird;send-and-receive-email;,mantissa,Mail gets stuck sending,https://support.mozilla.org/questions/1564142,os:linux,Linux,,,,,,,2,true,3.95,False,
1564148,2026-02-05T15:40:50.305463Z,2026-02-05,en-US,contacts,thunderbird;contacts;,mcgaffic_2000,Address Links,https://support.mozilla.org/questions/1564148,os:other,w11,,,,,,,0,false,,False,
1564149,2026-02-05T15:46:09.586169Z,2026-02-05,it,attachments,thunderbird;attachments;,zamgiopao,invio file di grandi dimensioni,https://support.mozilla.org/questions/1564149,,,,,,,,,0,false,,False,
1564150,2026-02-05T15:49:54.822399Z,2026-02-05,en-US,junk-mail-and-spam,thunderbird;junk-mail-and-spam;,lalue,mail hameçonnage,https://support.mozilla.org/questions/1564150,os:macos,Mac OS Sequoia,,,,,,,0,false,,False,
1564158,2026-02-05T16:29:25.357503Z,2026-02-05,en-US,email-and-messaging,thunderbird;email-and-messaging;,maryc.watts,Lost Thunderbird emails from 2024. Cannot find them anywhere. Please help because confidential info in them. Thanks,https://support.mozilla.org/questions/1564158,,,,,,,,,3,true,2.64,False,
1564160,2026-02-05T16:29:35.522402Z,2026-02-05,en-US,send-and-receive-email,thunderbird;send-and-receive-email;,richtoledo57,My password for sending emails,https://support.mozilla.org/questions/1564160,,,,,,,,,1,true,2.26,False,
1564161,2026-02-05T16:38:52.782899Z,2026-02-05,en-US,send-and-receive-email,windows;thunderbird;send-and-receive-email;,ellisboal,downloaded emails automatically deleted before reading them,https://support.mozilla.org/questions/1564161,os:windows,windows,,,,,,,1,true,46.91,False,
1564163,2026-02-05T16:46:24.281761Z,2026-02-05,en-US,passwords-and-sign-in,thunderbird;passwords-and-sign-in;,Redland,passwords,https://support.mozilla.org/questions/1564163,os:macos,Mac Mini M4 Sequoia 15.3.1,,,,,,,1,true,1.4,False,
1564165,2026-02-05T16:51:28.774345Z,2026-02-05,en-US,email-and-messaging,thunderbird;email-and-messaging;,des.mail1,lost deleted emails from thunderbird,https://support.mozilla.org/questions/1564165,os:windows,desktop with windows 10,,,,,,,0,false,,False,
1564182,2026-02-05T18:47:06.787845Z,2026-02-05,es,passwords-and-sign-in,windows;thunderbird;passwords-and-sign-in;,luisgonzalez209,Acceso a cuenta gmail con TB  147  con autentificación doble paso Oauth2,https://support.mozilla.org/questions/1564182,os:windows,windows,,,,m:gmail,proto:oauth,,2,true,48.2,True,luisgonzalez209
1564183,2026-02-05T18:49:29.090761Z,2026-02-05,en-US,import-and-export-email,thunderbird;windows-10;import-and-export-email;,Anson_lane,User instructions,https://support.mozilla.org/questions/1564183,os:windows,Windows 10,,,,m:yahooemail,,,1,true,0.21,True,christ1
1564188,2026-02-05T19:38:08.867992Z,2026-02-05,en-US,calendar,thunderbird;calendar;,david.dixon5000,Connecting Thunderbird to Google Tasks,https://support.mozilla.org/questions/1564188,os:windows,Windows 11 25H2,,,,m:gmail;m:microsoftemail,proto:caldav,,4,true,2.93,True,david.dixon5000
1564200,2026-02-05T20:47:47.601203Z,2026-02-05,en-US,install,thunderbird;install;,mokarina46,I need Thunderbird 115.18 for mac os 15.10.7,https://support.mozilla.org/questions/1564200,os:macos,,macos:sequoia,,,,,,5,true,0.31,False,
1564203,2026-02-05T20:59:57.141561Z,2026-02-05,en-US,attachments,thunderbird;attachments;,jrmcnz,I can't save attachments.,https://support.mozilla.org/questions/1564203,os:windows,Windows 11.,,,,m:microsoftemail,,,1,true,11.57,False,
1564208,2026-02-05T21:46:17.883838Z,2026-02-05,en-US,email-and-messaging,thunderbird;email-and-messaging;,jskanderson,Is thunderbird an email account like earthlink or gmail?,https://support.mozilla.org/questions/1564208,,,,,,m:gmail;m:earthlink,,,1,true,10.78,True,siffemoz
1564209,2026-02-05T21:50:18.956271Z,2026-02-05,en-US,email-and-messaging,thunderbird;email-and-messaging;,hmreinschmidt,can we use an spectrum email account,https://support.mozilla.org/questions/1564209,,,,,,m:spectrum,,,1,true,18.36,False,
1564210,2026-02-05T21:50:24.094326Z,2026-02-05,en-US,app-crash,thunderbird;app-crash;,jrs10,Thunderbird Freezes,https://support.mozilla.org/questions/1564210,os:other,Tahoe 26.2,macos:tahoe,,,,,,3,true,63.0,False,
1564220,2026-02-06T00:49:04.624422Z,2026-02-06,en-US,accessibility,thunderbird;accessibility;windows-11;,tulsa2145,CAN'T TRANSFER MY THUNDERBIRD FROM PC TO  PHONE.  I KEEP SCANNING CODE AND WON'T TAKE PIC.,https://support.mozilla.org/questions/1564220,os:windows,Windows 11,,,,,,,1,true,11.72,False,
1564229,2026-02-06T02:21:50.853770Z,2026-02-06,en-US,email-and-messaging,thunderbird;windows-11;email-and-messaging;,jimheard1,Retrieval of deleted emails,https://support.mozilla.org/questions/1564229,os:windows,Windows 11,,,,,,,3,true,10.13,False,
1564233,2026-02-06T02:47:33.480770Z,2026-02-06,en-US,connectivity,thunderbird;connectivity;,wallyv.2743,have been unable to connect,https://support.mozilla.org/questions/1564233,,,,,,m:microsoftemail,,,2,true,13.46,False,
1564241,2026-02-06T03:26:44.681444Z,2026-02-06,en-US,send-and-receive-email,thunderbird;send-and-receive-email;,danavanhorn,E-Mail,https://support.mozilla.org/questions/1564241,,,,,,,,,1,true,9.19,False,
1564244,2026-02-06T03:50:58.286671Z,2026-02-06,en-US,import-and-export-email,thunderbird;import-and-export-email;,bpiers124,How do I copy my email from my computer to my phone,https://support.mozilla.org/questions/1564244,,,,,,,,,1,true,8.5,False,
1564247,2026-02-06T04:16:44.007012Z,2026-02-06,en-US,attachments,thunderbird;windows-11;attachments;,phampton1,Opening docx and xlsx files don't open,https://support.mozilla.org/questions/1564247,os:windows,Windows 11,,,,,,,2,true,4.0,True,siffemoz
1564249,2026-02-06T04:39:46.690684Z,2026-02-06,en-US,send-and-receive-email,thunderbird;send-and-receive-email;,Glennallen,"I can,t recieve my emails",https://support.mozilla.org/questions/1564249,,,,,,,,,13,true,7.96,False,
1564271,2026-02-06T08:48:41.679215Z,2026-02-06,en-US,extensions,thunderbird;extensions;,tobias_mueller,Teams Quick access expansion issue in Thunderbird,https://support.mozilla.org/questions/1564271,,,,,,m:microsoftemail,,,2,true,1.34,False,
1564292,2026-02-06T12:34:27.253477Z,2026-02-06,en-US,send-and-receive-email,thunderbird;windows-10;send-and-receive-email;,hermann.rupf,Postausgangsserver,https://support.mozilla.org/questions/1564292,os:windows,Windows 10,,,,m:gmx,proto:smtp,,1,true,1.79,True,Mapenzi
1564298,2026-02-06T12:57:54.849876Z,2026-02-06,en-US,send-and-receive-email,thunderbird;send-and-receive-email;,m.willig,Cannot send any e-mails. My account seems to be blocked.,https://support.mozilla.org/questions/1564298,,,,,,m:tonline,,,2,true,1.76,False,
1564299,2026-02-06T13:04:28.540433Z,2026-02-06,en-US,send-and-receive-email,thunderbird;send-and-receive-email;,jnbs,Gmail account corrupted error 400,https://support.mozilla.org/questions/1564299,,,,,,m:gmail,,,2,true,1.88,False,
1564301,2026-02-06T13:12:59.075104Z,2026-02-06,en-US,update,thunderbird;update;,profesordebuceo,Thunderbird updates when it shouldn't,https://support.mozilla.org/questions/1564301,os:windows,Windows 11 Home 25H2,,,,,,,5,true,2.93,False,
1564303,2026-02-06T13:16:16.467980Z,2026-02-06,nl,install,thunderbird;install;,gjvervloet1954,Thunderbird Mozilla,https://support.mozilla.org/questions/1564303,,,,,,,,,1,true,5.41,False,
1564314,2026-02-06T14:10:48.719236Z,2026-02-06,en-US,accounts,thunderbird;accounts;,mico.georges29,I cannot close the account with the first email,https://support.mozilla.org/questions/1564314,,,,,,,,,1,true,5.12,False,
1564328,2026-02-06T15:25:52.901996Z,2026-02-06,en-US,send-and-receive-email,thunderbird;windows-11;send-and-receive-email;,zen53214,"Unable to send emails, new user, these are the errors I get",https://support.mozilla.org/questions/1564328,os:windows,Windows 11,,,,,proto:smtp,,2,true,0.64,True,davidsk
1564330,2026-02-06T15:45:07.021141Z,2026-02-06,en-US,send-and-receive-email,thunderbird;send-and-receive-email;,zbadger,"Stopped sending emails through Spectrum for both phone and desktop. ""send message error sending a message failed. The me",https://support.mozilla.org/questions/1564330,,,,,,m:spectrum,proto:smtp,,50,true,0.48,False,
1564337,2026-02-06T16:29:48.276465Z,2026-02-06,en-US,search,thunderbird;search;,Catbus,Number searchability,https://support.mozilla.org/questions/1564337,os:windows,"Windows 10, Fedora Linux 43",,,,m:gmail,,,3,true,0.39,False,
1564339,2026-02-06T16:45:35.081492Z,2026-02-06,en-US,account-management,thunderbird;account-management;,username419,Prevent automatic marking as read for one mail account,https://support.mozilla.org/questions/1564339,os:linux,Debian 13,,,,,,,6,true,0.7,False,
1564340,2026-02-06T16:48:26.709018Z,2026-02-06,en-US,send-and-receive-email,thunderbird;windows-8;send-and-receive-email;,Glennallen,Not recieving my emails,https://support.mozilla.org/questions/1564340,os:windows,windows 8,,,,,,,1,true,1.87,False,
1564346,2026-02-06T17:29:18.962549Z,2026-02-06,en-US,send-and-receive-email,thunderbird;mac-osx;send-and-receive-email;,mozilla516,AAAAGH! Microsoft365 and Thunderbird - Is there any way to get sending working?!,https://support.mozilla.org/questions/1564346,os:macos,Mac OSX,,,,m:microsoftemail,proto:imap;proto:smtp,,5,true,1.46,False,
1564351,2026-02-06T18:01:53.636361Z,2026-02-06,en-US,send-and-receive-email,thunderbird;send-and-receive-email;,nedj10,When trying to connect Thunderbird on Ubuntu 20.02 to gmail I am asked to download a file after the google authenticatio,https://support.mozilla.org/questions/1564351,os:linux,,,,,m:gmail,proto:oauth,,8,true,15.76,True,nedj10
1564352,2026-02-06T18:06:35.432691Z,2026-02-06,en-US,send-and-receive-email,thunderbird;windows-10;send-and-receive-email;,gyron,Thunderbird problem,https://support.mozilla.org/questions/1564352,os:windows,Windows 10,,,,m:btinternet,,,1,true,14.3,False,
1564354,2026-02-06T18:10:19.388447Z,2026-02-06,en-US,account-management,thunderbird;account-management;,frielo,Übersicht für mehrere Emailadressen,https://support.mozilla.org/questions/1564354,os:android,Android und Windows,,,,,,,1,true,0.92,False,
1564356,2026-02-06T18:40:14.734178Z,2026-02-06,it,send-and-receive-email,thunderbird;send-and-receive-email;,gesmaster,impossibilità di autenticazione mail,https://support.mozilla.org/questions/1564356,os:windows,win 10,,,,m:gmail,,,0,false,,False,
1564359,2026-02-06T18:44:26.531013Z,2026-02-06,en-US,account-management,thunderbird;windows-11;account-management;,philip.peacock,Add an email address,https://support.mozilla.org/questions/1564359,os:windows,windows 11,,,,m:virginmedia,,,1,true,5.24,False,
1564370,2026-02-06T19:35:55.620957Z,2026-02-06,en-US,send-and-receive-email,thunderbird;send-and-receive-email;,hgholsteins,Opens email as composing,https://support.mozilla.org/questions/1564370,,,,,,,,,1,true,13.95,False,
1564371,2026-02-06T19:39:12.187158Z,2026-02-06,en-US,extensions,thunderbird;extensions;,john.wells1,Is OWL (Exchange) known to work with message filters?,https://support.mozilla.org/questions/1564371,os:linux,Omarchy Linux,,,,,,,1,true,15.15,False,
1564375,2026-02-06T19:59:01.148215Z,2026-02-06,en-US,install,thunderbird;install;,koisj1,Unable to install TBird,https://support.mozilla.org/questions/1564375,os:other,ASUS Power Spec Win-10 (nearly virgin),,,,,,,2,true,1.44,False,
1564378,2026-02-06T20:23:17.798344Z,2026-02-06,en-US,update,thunderbird;update;,thunderbirduser_with_problems,I can not upgrade from version 115 to 140 on linux mint,https://support.mozilla.org/questions/1564378,os:linux,linux mint 22.3,,,,,,,16,true,1.17,False,
1564380,2026-02-06T20:48:58.704526Z,2026-02-06,nl,email-and-messaging,thunderbird;email-and-messaging;,info13517,mappen abonneren,https://support.mozilla.org/questions/1564380,os:windows,win11,,,,,,,0,false,,False,
1564385,2026-02-06T21:39:04.388916Z,2026-02-06,en-US,email-and-messaging,thunderbird;email-and-messaging;,j83,Unable to delete Message,https://support.mozilla.org/questions/1564385,,,,,,,,,1,true,0.2,False,
1564392,2026-02-06T22:28:05.517217Z,2026-02-06,en-US,send-and-receive-email,thunderbird;macos;send-and-receive-email;,dpauker,thunderbird on mac: how create inbox,https://support.mozilla.org/questions/1564392,os:macos,Macos,,,,m:gmail,,,7,true,11.81,True,Mapenzi
1564398,2026-02-06T23:14:43.445531Z,2026-02-06,en-US,extensions,thunderbird;windows-10;extensions;,rnbill1213,Lookout not compatable,https://support.mozilla.org/questions/1564398,os:windows,Windows 10,,,,,,,1,true,0.52,False,
1564405,2026-02-06T23:46:56.951172Z,2026-02-06,en-US,account-management,thunderbird;account-management;,docsheldon,Duplicate instances of same email address with different ID#s,https://support.mozilla.org/questions/1564405,os:windows,Win10 (desktop),,,,m:gmail,,,7,true,9.54,False,
1564413,2026-02-07T00:50:52.259692Z,2026-02-07,en-US,import-and-export-email,thunderbird;import-and-export-email;,harvard_grad89,how to use thunderbird to collect and copy mail to an external drive,https://support.mozilla.org/questions/1564413,os:other,W11,,,,,,,1,true,9.24,False,
1564418,2026-02-07T01:48:45.225111Z,2026-02-07,en-US,email-and-messaging,thunderbird;email-and-messaging;,inspiredmac1,Creating folders,https://support.mozilla.org/questions/1564418,os:macos,Mac Tahoe OS,,,,,,,3,true,7.37,False,
1564419,2026-02-07T02:09:07.226664Z,2026-02-07,en-US,junk-mail-and-spam,thunderbird;junk-mail-and-spam;,jbread,Bulk editing Filters.,https://support.mozilla.org/questions/1564419,os:macos,Mac running OSX 15.7.3. and Thunderbird 147.0.1,,,,,,,1,true,8.09,True,MattAuSupport
1564420,2026-02-07T02:15:20.509141Z,2026-02-07,en-US,customization,thunderbird;customization;,mskinsey,no longer room for messages on the screen,https://support.mozilla.org/questions/1564420,,,,,,,,,4,true,5.92,True,MattAuSupport
1564424,2026-02-07T03:36:35.806517Z,2026-02-07,en-US,import-and-export-email,thunderbird;import-and-export-email;,SPAGE51,import osx Mail messages to Thunderbird Windows 11,https://support.mozilla.org/questions/1564424,os:macos,,,,,,,,2,true,1.68,False,
1564427,2026-02-07T04:01:41.658342Z,2026-02-07,en-US,account-management,thunderbird;windows-11;account-management;,SPAGE51,how to download sub folders from web mail,https://support.mozilla.org/questions/1564427,os:windows,Windows 11,,,,,proto:imap,,1,true,1.2,False,
1564452,2026-02-07T07:22:01.336859Z,2026-02-07,en-US,encryption,thunderbird;windows-10;encryption;,antifascist,"""Reply with Template"" always uses encryption, resulting in corrupted e-mail reply",https://support.mozilla.org/questions/1564452,os:windows,Windows 10,,,,,,,9,true,2.69,False,
1564454,2026-02-07T07:43:13.666379Z,2026-02-07,en-US,settings,thunderbird;settings;windows-10;firefox-1470;,2u,Broken sent folder in Thunderbird 147.0.1 (64 bites),https://support.mozilla.org/questions/1564454,os:windows,Windows 10,,,,,,,0,false,,False,
1564458,2026-02-07T08:59:47.788755Z,2026-02-07,en-US,settings,thunderbird;settings;,antifascist,Does Thunderbird have a user manual in which the user interface features and settings are briefly explained?,https://support.mozilla.org/questions/1564458,,,,,,,,,5,true,0.46,False,
1564460,2026-02-07T09:33:38.733261Z,2026-02-07,en-US,crashing-and-slow-performance,thunderbird;crashing-and-slow-performance;,woschade72,Thunderbird,https://support.mozilla.org/questions/1564460,os:windows,,,,,,,,3,true,2.51,False,
1564467,2026-02-07T10:13:34.247703Z,2026-02-07,en-US,update,thunderbird;update;,RedJock_46,Not being prompted to upgrade Thunderbird !!,https://support.mozilla.org/questions/1564467,,,,,,,,,0,false,,False,
1564472,2026-02-07T11:29:19.103355Z,2026-02-07,en-US,accessibility,thunderbird;accessibility;,clare.fairbairn,I am locked out of my other outlook email account.,https://support.mozilla.org/questions/1564472,,,,,,m:microsoftemail,,,0,false,,False,
1564475,2026-02-07T11:48:22.830641Z,2026-02-07,en-US,search,thunderbird;search;,Bartholo77,how to retrieve received messages in Thunderbird,https://support.mozilla.org/questions/1564475,,,,,,,,,1,true,3.43,False,
1564482,2026-02-07T13:05:29.408216Z,2026-02-07,it,customization,thunderbird;customization;,dante.lavieri,Salvataggio di Bozze e Inviati solo in Locale,https://support.mozilla.org/questions/1564482,os:linux,Lubuntu 24.04.3 LTS,,,,,,,0,false,,False,
1564484,2026-02-07T13:30:45.006008Z,2026-02-07,it,passwords-and-sign-in,thunderbird;passwords-and-sign-in;,Parnassius21,Problema di autenticazione utente dopo reset della password con account infomaniak.com,https://support.mozilla.org/questions/1564484,os:windows,Microsoft Windows 11 - 64bit,,,,,proto:imap;proto:smtp,av:eset,1,false,,True,Parnassius21
1564489,2026-02-07T13:56:55.209322Z,2026-02-07,en-US,settings,thunderbird;settings;,dcal53,When Posting - Denied Access,https://support.mozilla.org/questions/1564489,os:other,W11,,,,,,,0,false,,False,
1564491,2026-02-07T14:31:15.001716Z,2026-02-07,en-US,send-and-receive-email,thunderbird;send-and-receive-email;,dcal53,Some Folders are not updated - Specifically Sent and Drafts,https://support.mozilla.org/questions/1564491,os:other,W11,,,,,,,4,true,1.25,False,
1564492,2026-02-07T14:39:16.243949Z,2026-02-07,en-US,import-and-export-settings,thunderbird;import-and-export-settings;,arthurkelly,Hard Drive Replacment,https://support.mozilla.org/questions/1564492,os:windows,Win 10 home,,,,,,,3,true,1.27,True,arthurkelly
1564500,2026-02-07T15:50:00.041973Z,2026-02-07,en-US,customization,thunderbird;customization;,diemer1,Draft Menu,https://support.mozilla.org/questions/1564500,,,,,,,,,5,true,0.22,True,davidsk
1564518,2026-02-07T17:43:55.797792Z,2026-02-07,en-US,account-management,thunderbird;account-management;,imjustero,Account Hub prompts for password for passwordless Microsoft account,https://support.mozilla.org/questions/1564518,os:windows,Windows 11 Enterprise LTSC,,,,,,,3,true,0.38,True,christ1
1564520,2026-02-07T18:06:57.407207Z,2026-02-07,en-US,email-and-messaging,thunderbird;windows-11;email-and-messaging;,czjrjvyhfy,How to import Juno email to Thunderbird,https://support.mozilla.org/questions/1564520,os:windows,Windows 11,,,,,,,1,true,3.45,False,
1564523,2026-02-07T18:23:18.954243Z,2026-02-07,en-US,email-and-messaging,thunderbird;email-and-messaging;,,Unable to send mail,https://support.mozilla.org/questions/1564523,os:other,"25H2 Home Insider Preview Build 26200.ge_release.240331-1435;  most recent Surfshark, TB 147.0.1 (64-bit)",,,,m:microsoftemail,proto:smtp,av:surfshark,1,true,140.22,False,
1564525,2026-02-07T18:32:47.827558Z,2026-02-07,en-US,profiles,thunderbird;profiles;,dmaxwell1,Lost profile,https://support.mozilla.org/questions/1564525,os:linux,Linux Mint,,,,,,,7,true,0.45,True,dmaxwell1
1564556,2026-02-07T22:32:04.193683Z,2026-02-07,en-US,passwords-and-sign-in,thunderbird;windows-10;passwords-and-sign-in;,xenobytezero,Unable to use OAuth2 to add a @hotmail.com account,https://support.mozilla.org/questions/1564556,os:windows,Windows 10,,,,m:gmail;m:microsoftemail,proto:oauth,,3,true,42.98,False,
1564559,2026-02-07T23:09:19.028904Z,2026-02-07,nl,send-and-receive-email,thunderbird;windows-11;send-and-receive-email;,afmaker,Thunderbird can not send hotmail anymore,https://support.mozilla.org/questions/1564559,os:windows,windows 11,,,,m:microsoftemail,proto:smtp,,2,true,34.46,True,markh2
1564585,2026-02-08T04:10:40.245736Z,2026-02-08,en-US,install,thunderbird;windows-11;install;,morganbotha1,Thunderbird Installer Won't Download,https://support.mozilla.org/questions/1564585,os:windows,Windows 11,,,,,,,1,true,4.24,False,
1564601,2026-02-08T06:58:20.757908Z,2026-02-08,en-US,send-and-receive-email,thunderbird;send-and-receive-email;,kenmarcum,New Comcast to Thunderbird,https://support.mozilla.org/questions/1564601,os:windows,The newest Windows system and updates are current.,,,,m:yahooemail;m:comcast,,,1,true,1.4,True,siffemoz
1564612,2026-02-08T09:29:59.193753Z,2026-02-08,en-US,install,thunderbird;install;,briangascoigne444,"""Thunderbird is damaged and must be moved to the trash"" on macOS",https://support.mozilla.org/questions/1564612,os:macos,Mac OS 15.7.3,,,,,,,4,true,14.25,False,
1564622,2026-02-08T11:27:26.381381Z,2026-02-08,en-US,account-management,thunderbird;windows-10;account-management;,Cashie_,Unable to re-add Outlook account,https://support.mozilla.org/questions/1564622,os:windows,Windows 10,,,,m:microsoftemail,,,0,false,,False,
1564628,2026-02-08T12:28:12.978680Z,2026-02-08,en-US,send-and-receive-email,thunderbird;android;send-and-receive-email;,natural659,Thunderbird mail,https://support.mozilla.org/questions/1564628,os:android,Android,,,,m:gmail,,,2,true,0.48,True,Googlethunderbird.
1564636,2026-02-08T14:28:17.807298Z,2026-02-08,en-US,send-and-receive-email,thunderbird;send-and-receive-email;,songthrush1,Thunderbird shows 188 emails but none appear (locked),https://support.mozilla.org/questions/1564636,,,,,,,,,1,true,3.51,False,
1564637,2026-02-08T14:32:59.952420Z,2026-02-08,en-US,send-and-receive-email,thunderbird;windows-10;send-and-receive-email;,johnk311y2020,outgoing mail from Thunderbird is sent but never arrives,https://support.mozilla.org/questions/1564637,os:windows,Windows 10,,,,,,,13,true,0.7,True,davidsk
1564647,2026-02-08T15:18:42.044915Z,2026-02-08,en-US,send-and-receive-email,thunderbird;send-and-receive-email;,gerardcauquil1,integration de mail infomanik dans thunderbird,https://support.mozilla.org/questions/1564647,,,,,,m:gmail,proto:smtp,,4,true,2.49,True,sfhowes
1564650,2026-02-08T15:48:24.956708Z,2026-02-08,en-US,send-and-receive-email,thunderbird;send-and-receive-email;,jasonchungshih,Using Thunderbird on multiple devices,https://support.mozilla.org/questions/1564650,,,,,,,proto:pop,,1,true,0.12,True,davidsk
1564663,2026-02-08T17:31:37.729380Z,2026-02-08,it,reset-passwords,thunderbird;reset-passwords;,luigi.mastromattei,come faccio a recuperare pa password che non ricordo,https://support.mozilla.org/questions/1564663,,,,,,,,,0,false,,False,
1564665,2026-02-08T18:07:16.826017Z,2026-02-08,en-US,account-management,thunderbird;account-management;,jandd1,create a new account,https://support.mozilla.org/questions/1564665,os:windows,window 11 64 bit,,,,,,,1,true,0.92,False,
1564666,2026-02-08T18:10:00.828545Z,2026-02-08,en-US,email-and-messaging,thunderbird;email-and-messaging;,debbiecrum,Accidentally deleted all emails in the Inbox,https://support.mozilla.org/questions/1564666,os:windows,Maybe windows 10?,,,,m:optimum,,,1,true,0.65,False,
1564668,2026-02-08T18:18:28.187283Z,2026-02-08,en-US,email-and-messaging,thunderbird;email-and-messaging;,nadetted,MAILS FREE,https://support.mozilla.org/questions/1564668,,,,,,m:free_fr;m:laposte,proto:imap,,1,true,11.22,False,
1564675,2026-02-08T18:44:14.782973Z,2026-02-08,es,events,thunderbird;windows-11;events;,josanmu52,Problemas para importar calendario de Outlook a Thunderbird,https://support.mozilla.org/questions/1564675,os:windows,Windows 11,,,,m:gmail;m:microsoftemail,,,1,true,17.43,False,
1564677,2026-02-08T18:50:32.080804Z,2026-02-08,en-US,update,thunderbird;update;,bzjustus,Thunderbird - Local folders are no longer fully displayed.,https://support.mozilla.org/questions/1564677,os:windows,Win11,,,,,,,1,true,52.36,False,
1564681,2026-02-08T19:09:44.531450Z,2026-02-08,en-US,account-management,thunderbird;account-management;,miles.worron,Sorry what do you mean by subject? Confused already!,https://support.mozilla.org/questions/1564681,,,,,,,,,8,true,0.22,False,
1564700,2026-02-08T21:12:52.869553Z,2026-02-08,en-US,install,thunderbird;install;,clive.Tilston,I have had to reinstall Thunderbird but cannot seem to get it  activated,https://support.mozilla.org/questions/1564700,os:windows,Windows 11 using Firefox,,,,,,,1,true,0.53,False,
1564707,2026-02-08T21:48:08.668690Z,2026-02-08,en-US,attachments,thunderbird;windows-10;attachments;,BojiHuang,how to send a large file in thunderbird,https://support.mozilla.org/questions/1564707,os:windows,windows 10,,,,,,,1,true,1.9,False,
1564709,2026-02-08T22:09:49.758035Z,2026-02-08,en-US,undefined,thunderbird;undefined;,baxterl,Extra tabs,https://support.mozilla.org/questions/1564709,os:windows,Win 11,,,,,,,5,true,1.33,True,Mapenzi
1564710,2026-02-08T22:17:17.831390Z,2026-02-08,en-US,events,thunderbird;events;,bill.ditwell,Thunderbird calendar and task issue,https://support.mozilla.org/questions/1564710,os:linux,Linux Mint 22.3,,,,m:microsoftemail,,,1,false,,True,bill.ditwell
1564711,2026-02-08T22:29:41.875557Z,2026-02-08,en-US,import-and-export-email,thunderbird;import-and-export-email;,osuwe,how to change message storage local directory back to default,https://support.mozilla.org/questions/1564711,os:windows,,,,,,,,5,true,0.76,False,
1564714,2026-02-08T22:49:24.019080Z,2026-02-08,en-US,app-crash,thunderbird;app-crash;,nandit1958,Larger images into Thunderbird,https://support.mozilla.org/questions/1564714,os:windows,Windows10Pro/64-bit,,,,,,,4,true,0.87,False,
1564715,2026-02-08T22:56:25.611405Z,2026-02-08,en-US,profiles,thunderbird;windows-11;profiles;,extech,Move  C://Users/username/Appdata/Roaming/Thunderbird/Profiles/',https://support.mozilla.org/questions/1564715,os:windows,Windows 11,,,,,,,4,true,0.26,False,
1564720,2026-02-08T23:37:10.376911Z,2026-02-08,en-US,send-and-receive-email,thunderbird;send-and-receive-email;,wu.jack,Thunderbird outlook mail account on Macbook email sending takes one minute or longer,https://support.mozilla.org/questions/1564720,os:macos,MacOS Sequoia 15.7.3,,,,m:microsoftemail,,,0,false,,False,
1564723,2026-02-08T23:58:54.951998Z,2026-02-08,en-US,import-and-export-email,thunderbird;import-and-export-email;,larrybreese,Seems impossible to transfer data from Windows 10 140.7.1esr (32 bit) to W11 140.7.1esr (64 bit),https://support.mozilla.org/questions/1564723,os:windows,,,,,,,,24,true,0.97,False,
1564733,2026-02-09T01:13:24.002605Z,2026-02-09,en-US,connectivity,thunderbird;connectivity;,wpjohns,Adding new account,https://support.mozilla.org/questions/1564733,os:linux,Linux Mint,,,,m:comcast,,,1,true,3.6,False,
1564744,2026-02-09T04:43:46.774365Z,2026-02-09,en-US,events,thunderbird;events;,phil102,Hilton ics file import fails,https://support.mozilla.org/questions/1564744,os:windows,Edition	Windows 11 Pro Version	25H2 Installed on	‎12/‎15/‎2024 OS build	26200.7623 Experience	Windows Feature Experience Pack 1000.26100.275.0,,,,m:microsoftemail,,,0,false,,False,
1564754,2026-02-09T05:45:24.369681Z,2026-02-09,en-US,import-and-export-settings,thunderbird;windows-11;import-and-export-settings;,Indylu7,Copying Thunderbird to new laptop,https://support.mozilla.org/questions/1564754,os:windows,Windows 11,,,,,,,3,true,2.63,False,
1564758,2026-02-09T07:23:19.249039Z,2026-02-09,en-US,events,thunderbird;windows-11;events;,vitaly579,Recurring events in the caldav (external) calendar,https://support.mozilla.org/questions/1564758,os:windows,Windows 11,,,,,proto:caldav,,3,true,227.8,False,
1564759,2026-02-09T07:26:36.364797Z,2026-02-09,en-US,import-and-export-email,thunderbird;windows-11;import-and-export-email;,gursdeepak,Sync local inbox file to server,https://support.mozilla.org/questions/1564759,os:windows,Windows 11,,,,,,,3,true,4.29,True,davidsk
1564765,2026-02-09T08:05:59.088561Z,2026-02-09,nl,email-and-messaging,thunderbird;email-and-messaging;contacts;,vanboxtel.mc,export address book,https://support.mozilla.org/questions/1564765,,,,,,,,,1,true,1.65,False,
1564768,2026-02-09T08:30:35.156762Z,2026-02-09,it,send-and-receive-email,thunderbird;send-and-receive-email;,giusevar,thunderbird non e visibile su programma contabilità,https://support.mozilla.org/questions/1564768,os:windows,Window 10,,,,m:microsoftemail,proto:smtp,,1,false,,False,
1564770,2026-02-09T08:36:23.970036Z,2026-02-09,en-US,send-and-receive-email,thunderbird;send-and-receive-email;,info13520,thunderbird,https://support.mozilla.org/questions/1564770,,,,,,,,,1,true,76.55,False,
1564784,2026-02-09T10:40:07.444016Z,2026-02-09,en-US,save-passwords,thunderbird;windows-11;save-passwords;,stephenmathews,Thunderbird,https://support.mozilla.org/questions/1564784,os:windows,Windows 11,,,,,,,1,true,2.21,False,
1564789,2026-02-09T11:14:51.793231Z,2026-02-09,en-US,customization,thunderbird;customization;,Arno_Peeters,"Disable ""Use Alternatie Text"" permanently?",https://support.mozilla.org/questions/1564789,os:macos,Mac,,,,,,,1,true,1.34,True,davidsk
1564793,2026-02-09T11:36:10.761101Z,2026-02-09,nl,attachments,thunderbird;windows-10;attachments;,sesam321,Bijlage koppelen,https://support.mozilla.org/questions/1564793,os:windows,windows 10,,,,,,,0,false,,False,
1564802,2026-02-09T12:51:21.299401Z,2026-02-09,en-US,send-and-receive-email,thunderbird;send-and-receive-email;,redfur01702,Can't login to one of my email addresses.,https://support.mozilla.org/questions/1564802,,,,,,,proto:pop,,18,true,48.51,False,
1564805,2026-02-09T13:20:18.698019Z,2026-02-09,en-US,customization,thunderbird;customization;,loopygram1,links in incoming mail,https://support.mozilla.org/questions/1564805,os:windows,Win 11 Pro,,,,,,,2,true,6.24,True,davidsk
1564807,2026-02-09T13:32:56.211984Z,2026-02-09,en-US,passwords-and-sign-in,thunderbird;passwords-and-sign-in;,alaindoucet,The request for password pop up repeats continually.  How do I stop this from happening?,https://support.mozilla.org/questions/1564807,os:windows,Win 11 Home,,,,,proto:imap,,0,false,,False,
1564810,2026-02-09T13:56:30.562926Z,2026-02-09,en-US,send-and-receive-email,thunderbird;send-and-receive-email;,Leo.Levosky,Sending email using TB via Yahoo slow and unreliable,https://support.mozilla.org/questions/1564810,,,,,,m:yahooemail,proto:smtp;proto:oauth,,1,false,,False,
1564811,2026-02-09T13:56:40.732182Z,2026-02-09,en-US,customization,thunderbird;customization;windows-11;,davanden,How do I sort my local folders in alphabetical order,https://support.mozilla.org/questions/1564811,os:windows,Windows 11,,,,,,,4,true,4.91,True,christ1
1564812,2026-02-09T14:05:44.972181Z,2026-02-09,en-US,junk-mail-and-spam,thunderbird;windows-11;junk-mail-and-spam;,baldnsexy,Hotmail.com,https://support.mozilla.org/questions/1564812,os:windows,Windows 11,,,,m:microsoftemail,,,1,true,4.61,False,
1564820,2026-02-09T14:35:00.778663Z,2026-02-09,en-US,calendar,thunderbird;calendar;,rturner4,Main Layout to include full calendar?,https://support.mozilla.org/questions/1564820,os:windows,Win11,,,,,,,1,true,1.8,True,Mapenzi
1564826,2026-02-09T14:57:20.734261Z,2026-02-09,en-US,email-and-messaging,thunderbird;email-and-messaging;,citronik,Thunderbird 115.10.1 (32bit),https://support.mozilla.org/questions/1564826,os:windows,Windows 7 untimate 64 bit,,,,,,,3,true,2.28,False,
1564835,2026-02-09T15:38:19.391646Z,2026-02-09,en-US,crashing-and-slow-performance,thunderbird;crashing-and-slow-performance;,ddhpub,Glacial loading of TB,https://support.mozilla.org/questions/1564835,,,,,,,,,5,true,2.92,False,
1564840,2026-02-09T16:12:34.652044Z,2026-02-09,en-US,passwords-and-sign-in,thunderbird;passwords-and-sign-in;,st.magnin,ENCORE ET ENCORE blocage logiciel si mauvais m d passe d'un compte mail,https://support.mozilla.org/questions/1564840,os:other,w11 PRO,,,,,,,1,true,16.35,False,
1564841,2026-02-09T16:20:09.045971Z,2026-02-09,en-US,email-and-messaging,thunderbird;email-and-messaging;,nclough500,Archiving,https://support.mozilla.org/questions/1564841,,,,,,,,,9,true,1.5,True,davidsk
1564842,2026-02-09T16:22:14.583057Z,2026-02-09,en-US,passwords-and-sign-in,thunderbird;passwords-and-sign-in;,srnordgren,Unable to Log in at Server - Posteo,https://support.mozilla.org/questions/1564842,,,,,,m:gmail;m:posteo,proto:imap,,4,true,2.64,False,
1564845,2026-02-09T16:28:06.250035Z,2026-02-09,en-US,calendar,thunderbird;calendar;,Bruce123,How can I add my email calendar after email setup,https://support.mozilla.org/questions/1564845,,,,,,m:microsoftemail,,,3,true,2.47,True,sfhowes
1564846,2026-02-09T16:30:23.087046Z,2026-02-09,en-US,account-management,thunderbird;account-management;,1.yd,Warum kann ich kein neues gmx Konto auf thunderbird einrichten,https://support.mozilla.org/questions/1564846,os:windows,win11,,,,m:gmx,,,1,true,1.19,False,
1564855,2026-02-09T16:57:12.208459Z,2026-02-09,en-US,send-and-receive-email,thunderbird;send-and-receive-email;,joparsons26,email address blocked,https://support.mozilla.org/questions/1564855,,,,,,,,,5,true,0.69,False,
1564869,2026-02-09T18:06:16.835855Z,2026-02-09,en-US,send-and-receive-email,thunderbird;windows-11;send-and-receive-email;,jjr9000,Propogation to multiple accounts,https://support.mozilla.org/questions/1564869,os:windows,Windows 11,,,,m:gmail;m:yahooemail,,,6,true,0.67,False,
1564871,2026-02-09T18:12:02.413521Z,2026-02-09,en-US,install,thunderbird;macos;install;,oliver.kirschnek,Unknown mail service detected during Thunderbird installation,https://support.mozilla.org/questions/1564871,os:macos,MacOs,,,,,,,2,true,0.25,True,sfhowes
1564875,2026-02-09T18:25:04.585241Z,2026-02-09,en-US,import-and-export-email,thunderbird;import-and-export-email;,jennifer22,New account same email OR reconnecting Local folders after switching hosting providers,https://support.mozilla.org/questions/1564875,os:windows,win-11,,,,,,,1,true,42.69,False,
1564878,2026-02-09T18:45:39.731369Z,2026-02-09,en-US,update,thunderbird;update;,mohammad5,"Startup of Thunderbird creates a ""Thunderbird"" directory in my home",https://support.mozilla.org/questions/1564878,os:linux,Arch GNU/Linux,,,,,,,2,true,13.77,True,siffemoz
1564886,2026-02-09T19:41:51.080075Z,2026-02-09,en-US,customization,thunderbird;customization;,tylex.polystyrene,Threads,https://support.mozilla.org/questions/1564886,,,,,,,,,7,true,0.15,True,davidsk
1564894,2026-02-09T20:35:24.012892Z,2026-02-09,en-US,send-and-receive-email,thunderbird;send-and-receive-email;,markfilipak,Plus Addressing,https://support.mozilla.org/questions/1564894,os:linux,Linux Mint,,,,,,,12,true,11.91,False,
1564895,2026-02-09T20:45:43.134158Z,2026-02-09,en-US,accessibility,thunderbird;accessibility;,redwardowen,Locked out of my e-mail.  Need Support Help.,https://support.mozilla.org/questions/1564895,,,,,,,,,0,false,,False,
1564896,2026-02-09T20:47:45.288870Z,2026-02-09,en-US,email-and-messaging,thunderbird;email-and-messaging;,redwardowen,Locked out of my e-mail.  Need Support Help.,https://support.mozilla.org/questions/1564896,,,,,,,,,0,false,,False,
1564903,2026-02-09T21:15:04.931370Z,2026-02-09,en-US,send-and-receive-email,thunderbird;send-and-receive-email;,redwardowen,access,https://support.mozilla.org/questions/1564903,,,,,,,,,1,true,39.69,False,
1564906,2026-02-09T21:41:12.376267Z,2026-02-09,en-US,send-and-receive-email,thunderbird;send-and-receive-email;,reimann3004,emails umleiten,https://support.mozilla.org/questions/1564906,,,,,,,,,2,true,10.76,False,
1564912,2026-02-09T22:02:50.292321Z,2026-02-09,en-US,customization,thunderbird;customization;,fhkolwicz1,Font size in Write mode doesn't change,https://support.mozilla.org/questions/1564912,os:windows,Windows 10 Home,,,,,,,5,true,10.39,False,
1564917,2026-02-09T22:35:20.176065Z,2026-02-09,en-US,app-crash,windows-7;thunderbird;app-crash;firefox-115320;firefox-11532;,carolynandmike,I need help!!!!!!,https://support.mozilla.org/questions/1564917,os:windows,Windows 7,,,,,,,1,true,2.6,False,
1564920,2026-02-09T22:46:02.482780Z,2026-02-09,en-US,send-and-receive-email,thunderbird;send-and-receive-email;,Freybs,Strange line width and formatting,https://support.mozilla.org/questions/1564920,,,,,,,,,2,true,2.34,False,
1564926,2026-02-09T23:27:42.361008Z,2026-02-09,en-US,account-management,windows;thunderbird;account-management;,rpl1207,Email,https://support.mozilla.org/questions/1564926,os:windows,windows,,,,m:microsoftemail,,,1,true,1.5,False,
1564938,2026-02-10T00:57:45.664154Z,2026-02-10,en-US,customization,thunderbird;customization;windows-11;,LLAUBER,Display of emails in a folder,https://support.mozilla.org/questions/1564938,os:windows,Windows 11,,,,,,,1,true,0.09,True,MattAuSupport
1564946,2026-02-10T02:19:07.807867Z,2026-02-10,en-US,send-and-receive-email,thunderbird;send-and-receive-email;,ps21,"Accidentally hit delete all on Inbox - now TB is fetching mail from server and filling trash folder, wh",https://support.mozilla.org/questions/1564946,os:windows,Win 11,,,,m:microsoftemail,proto:imap,,3,true,10.89,False,
1564955,2026-02-10T03:40:50.361853Z,2026-02-10,en-US,import-and-export-email,thunderbird;windows-11;import-and-export-email;,ronks1,Moving TBird Archives to Local Folder,https://support.mozilla.org/questions/1564955,os:windows,Windows 11,,,,,proto:imap,,3,true,9.06,False,
1564959,2026-02-10T05:07:48.862749Z,2026-02-10,en-US,crashing-and-slow-performance,windows;thunderbird;crashing-and-slow-performance;,ak8,Searchning i inbox,https://support.mozilla.org/questions/1564959,os:windows,Windows,,,,,,,8,true,17.91,False,
1564973,2026-02-10T07:50:57.444047Z,2026-02-10,it,customization,thunderbird;customization;,e_di.rovasenda,Cambio dimensioni font e carattere,https://support.mozilla.org/questions/1564973,,,,,,,,,0,false,,False,
1564977,2026-02-10T08:16:34.346267Z,2026-02-10,en-US,junk-mail-and-spam,thunderbird;junk-mail-and-spam;,heister.erich,Papierkorb,https://support.mozilla.org/questions/1564977,,,,,,,,,1,true,0.12,False,
1564979,2026-02-10T09:13:53.375617Z,2026-02-10,en-US,send-and-receive-email,thunderbird;send-and-receive-email;,g.stauffer,Thunderbird,https://support.mozilla.org/questions/1564979,,,,,,,,,3,true,3.67,True,davidsk
1564992,2026-02-10T10:48:09.411119Z,2026-02-10,en-US,send-and-receive-email,windows;thunderbird;send-and-receive-email;,mm47,I cant send email,https://support.mozilla.org/questions/1564992,os:windows,Windows,,,,m:onecom;m:att,,,1,true,1.72,False,
1564994,2026-02-10T11:03:17.347466Z,2026-02-10,nl,email-and-messaging,thunderbird;email-and-messaging;,johansikkema,Veel ongewenste berichten ontvangen.,https://support.mozilla.org/questions/1564994,,,,,,m:ziggo,,,3,true,4.26,False,
1564996,2026-02-10T11:19:11.111077Z,2026-02-10,en-US,send-and-receive-email,thunderbird;send-and-receive-email;,xiiip11,Can I use TB to store all old email which I want to delete from server?,https://support.mozilla.org/questions/1564996,os:windows,Win10,,,,,,,1,true,1.36,False,
1565000,2026-02-10T11:39:17.358531Z,2026-02-10,en-US,send-and-receive-email,thunderbird;windows-11;send-and-receive-email;,pasqualester,Thunderbird Account,https://support.mozilla.org/questions/1565000,os:windows,Windows 11,,,,m:microsoftemail,proto:imap;proto:smtp;proto:pop;proto:oauth,,2,true,7.58,False,
1565004,2026-02-10T11:57:03.616420Z,2026-02-10,en-US,junk-mail-and-spam,thunderbird;junk-mail-and-spam;,heister.erich,Paperbasket,https://support.mozilla.org/questions/1565004,,,,,,,,,1,true,0.75,True,davidsk
1565009,2026-02-10T12:25:30.709970Z,2026-02-10,en-US,email-and-messaging,thunderbird;email-and-messaging;,maakhenk,Folder structure syncing,https://support.mozilla.org/questions/1565009,os:android,Windows 11/android,,,,,,,3,true,74.38,False,
1565012,2026-02-10T12:54:32.531002Z,2026-02-10,en-US,customization,thunderbird;customization;,heister.erich,"Folder ""Deleted""",https://support.mozilla.org/questions/1565012,,,,,,,,,11,true,10.1,False,
1565015,2026-02-10T13:51:33.216562Z,2026-02-10,it,import-and-export-email,thunderbird;import-and-export-email;,ste.onorato.1976,cartelle locali scomparse dopo compattazione,https://support.mozilla.org/questions/1565015,,,,,,,,,0,false,,False,
1565027,2026-02-10T15:36:13.271374Z,2026-02-10,en-US,email-and-messaging,thunderbird;email-and-messaging;,rturner4,not able to cut and paste an image in an email.,https://support.mozilla.org/questions/1565027,os:windows,Win11,,,,,,,1,true,0.7,False,
1565032,2026-02-10T15:48:39.387620Z,2026-02-10,it,junk-mail-and-spam,thunderbird;junk-mail-and-spam;,vomero,sbloccare ricezione mail per hard bounce,https://support.mozilla.org/questions/1565032,,,,,,,,,0,false,,False,
1565036,2026-02-10T16:14:53.748031Z,2026-02-10,en-US,customization,thunderbird;customization;windows-11;,jonswilson,"How can I get rid of the ""Donate"" screen AFTER I DONATED? I cannot get back to my old layout.",https://support.mozilla.org/questions/1565036,os:windows,Windows 11,,,,,,,3,true,0.97,False,
1565039,2026-02-10T16:27:25.965620Z,2026-02-10,en-US,account-management,thunderbird;windows-11;account-management;,gerald12,Account Folders,https://support.mozilla.org/questions/1565039,os:windows,Windows 11,,,,,,,23,true,2.9,True,Mapenzi
1565040,2026-02-10T16:51:38.446199Z,2026-02-10,en-US,send-and-receive-email,thunderbird;windows-11;send-and-receive-email;,bobschafferneitz,Unable to send email,https://support.mozilla.org/questions/1565040,os:windows,Windows 11,,,,,proto:smtp,,2,true,0.43,False,
1565044,2026-02-10T17:01:31.457921Z,2026-02-10,en-US,attachments,thunderbird;windows-10;attachments;,sales.inv,"emails with a PDF attachment are not being sent, the error says -SMTP Related Error: Mailbox Unavailable",https://support.mozilla.org/questions/1565044,os:windows,windows 10,,,,,proto:smtp,,1,true,15.77,False,
1565048,2026-02-10T17:16:13.465892Z,2026-02-10,en-US,account-management,thunderbird;account-management;,leegold,cient name,https://support.mozilla.org/questions/1565048,,,,,,,,,4,true,0.65,False,
1565050,2026-02-10T17:32:58.321644Z,2026-02-10,en-US,customization,thunderbird;customization;,asbach2,Bug or Feature?: IMAP-Sync of Sent Folder,https://support.mozilla.org/questions/1565050,,,,,,m:webde,proto:imap;proto:pop,,7,true,0.34,False,
1565053,2026-02-10T17:41:31.273700Z,2026-02-10,en-US,email-and-messaging,thunderbird;email-and-messaging;,TbirdUser53,"Retention Policy / when does it ""run""?",https://support.mozilla.org/questions/1565053,os:windows,Win11 / TB 147.0.1 (64 bit),,,,,,,1,true,69.04,True,Miran.H
1565061,2026-02-10T18:48:46.234472Z,2026-02-10,en-US,send-and-receive-email,thunderbird;windows-10;send-and-receive-email;,palmguy,Can't locate STMP,https://support.mozilla.org/questions/1565061,os:windows,Windows 10,,,,,,,1,true,0.45,False,
1565073,2026-02-10T20:19:22.989343Z,2026-02-10,en-US,send-and-receive-email,thunderbird;windows-11;send-and-receive-email;,agora3,Sudden (Feb 8) endless cycle of Yahoo login messages within Thunderbird and inability to send or receive message,https://support.mozilla.org/questions/1565073,os:windows,Windows 11,,,,m:yahooemail,,,5,true,1.58,True,agora3
1565079,2026-02-10T20:42:55.167204Z,2026-02-10,en-US,customization,thunderbird;customization;,tgslawref,Thunderbird sometimes defaults to TNR as the font instead of Aptos which is the font specified in Composition / HTML.,https://support.mozilla.org/questions/1565079,os:windows,Windows 10/11,,,,,,,1,true,0.52,False,
1565080,2026-02-10T20:59:27.856901Z,2026-02-10,en-US,import-and-export-email,thunderbird;windows-10;import-and-export-email;,GigTibey,Import Outlook 2016 desktop with over 500 folders and thousands of emails,https://support.mozilla.org/questions/1565080,os:windows,Windows 10,,,,m:microsoftemail,proto:pop,,0,false,,False,
1565082,2026-02-10T21:04:26.820377Z,2026-02-10,en-US,search,thunderbird;windows-11;search;,TigerLilly56,I need to find all emails in one account that I received before a specific date?,https://support.mozilla.org/questions/1565082,os:windows,Windows 11,,,,,,,1,true,0.09,True,davidsk
1565085,2026-02-10T21:25:17.404685Z,2026-02-10,en-US,contacts,thunderbird;windows-11;contacts;,s_beecher,How to sync Thunderbird address book and Google contacts,https://support.mozilla.org/questions/1565085,os:windows,Windows 11,,,,m:gmail,proto:carddav,,3,true,1.32,False,
1565095,2026-02-10T22:00:29.206050Z,2026-02-10,en-US,email-and-messaging,thunderbird;email-and-messaging;,Homer712,"How to get replies under the original emails, I believe this is called threads?",https://support.mozilla.org/questions/1565095,os:macos,Mac OS x 14.8.3 Sonoma,,,,,,,15,true,10.68,False,
1565096,2026-02-10T22:08:26.253379Z,2026-02-10,en-US,send-and-receive-email,thunderbird;windows-11;send-and-receive-email;,wendyc1,My outgoing mail has dissapeard,https://support.mozilla.org/questions/1565096,os:windows,Windows 11,,,,,,,3,true,0.28,False,
1565098,2026-02-10T22:25:46.434989Z,2026-02-10,en-US,customization,thunderbird;customization;,OceanWaterLover,"how to fix lines in text body ""collapsing"" on eachother",https://support.mozilla.org/questions/1565098,os:windows,Windows 10/11,,,,,,,1,true,10.23,False,
1565108,2026-02-10T23:16:47.481686Z,2026-02-10,en-US,email-and-messaging,thunderbird;email-and-messaging;,west4085,I can't add an email account,https://support.mozilla.org/questions/1565108,os:windows,Windows 10/11,,,,,,,1,true,13.62,False,
1565109,2026-02-10T23:20:40.149322Z,2026-02-10,en-US,send-and-receive-email,thunderbird;android;send-and-receive-email;firefox-1470;,philemonchibuike88,I can't be able to access my email because I'll be protocol I set it up I need help,https://support.mozilla.org/questions/1565109,os:android,Android,,,,,,,1,true,13.54,False,
1565111,2026-02-10T23:44:15.897797Z,2026-02-10,en-US,send-and-receive-email,thunderbird;windows-11;send-and-receive-email;,mike.mcminn33566,Installed Thunderbird on new computer and won't find a server,https://support.mozilla.org/questions/1565111,os:windows,Windows 11,,,,,,,3,true,12.99,False,
1565114,2026-02-11T00:09:04.151041Z,2026-02-11,en-US,performance-and-connectivity,thunderbird;windows-11;performance-and-connectivity;,djmozilla123,"Inbox area/list empty, but says I have messages",https://support.mozilla.org/questions/1565114,os:windows,Windows 11,,,,m:microsoftemail,,,2,true,11.03,True,Mapenzi
1565119,2026-02-11T00:35:20.580343Z,2026-02-11,en-US,send-and-receive-email,thunderbird;windows-11;send-and-receive-email;,sandysansoni,How do I get my emails of the black list,https://support.mozilla.org/questions/1565119,os:windows,Windows 11,,,,,,,1,true,7.82,False,
1565121,2026-02-11T00:36:29.370799Z,2026-02-11,en-US,send-and-receive-email,thunderbird;windows-11;send-and-receive-email;,sandysansoni,I have been told my emails have been black listed how do I fix it please,https://support.mozilla.org/questions/1565121,os:windows,Windows 11,,,,,,,1,true,7.79,False,
1565122,2026-02-11T00:38:28.290122Z,2026-02-11,en-US,import-and-export-email,thunderbird;windows-11;import-and-export-email;,dcal53,download all (or partial) emails from gmail as quota too large,https://support.mozilla.org/questions/1565122,os:windows,Windows 11,,,,m:gmail,,,4,true,13.11,True,dcal53
1565123,2026-02-11T00:42:33.177814Z,2026-02-11,en-US,send-and-receive-email,thunderbird;windows-11;send-and-receive-email;,rvwakefield,outgoing email not working,https://support.mozilla.org/questions/1565123,os:windows,Windows 11,,,,,proto:smtp,,3,true,11.73,False,
1565124,2026-02-11T00:45:25.020714Z,2026-02-11,en-US,profiles,windows-7;thunderbird;profiles;,MiTasol,"Windows cannot access the specified device, path or file.  You may not have the appropriate permissions to access the it",https://support.mozilla.org/questions/1565124,os:windows,Windows 7,,,,,,,4,true,12.56,True,davidsk
1565135,2026-02-11T03:12:40.103500Z,2026-02-11,en-US,junk-mail-and-spam,thunderbird;windows-11;junk-mail-and-spam;,duhnel,Can't stop one email sender from going into Junk mail,https://support.mozilla.org/questions/1565135,os:windows,Windows 11,,,,m:yahooemail,,,3,true,9.13,False,
1565160,2026-02-11T07:44:25.686211Z,2026-02-11,en-US,junk-mail-and-spam,linux;thunderbird;junk-mail-and-spam;,theking2,File / Empty Trash,https://support.mozilla.org/questions/1565160,os:linux,Linux,,,,,,,1,true,5.46,False,
1565163,2026-02-11T08:11:45.371584Z,2026-02-11,en-US,contacts,linux;thunderbird;contacts;,marc.nerot,how can i supress duplicate adress in thunderbird?,https://support.mozilla.org/questions/1565163,os:linux,Linux,,,,,,,1,true,4.46,False,
1565165,2026-02-11T08:24:15.703555Z,2026-02-11,en-US,settings,thunderbird;settings;,huetclaudy,PROBLEM SMTP SERVER,https://support.mozilla.org/questions/1565165,os:other,W11,,,,m:gmail;m:microsoftemail,proto:imap;proto:smtp,,4,true,31.84,False,
1565166,2026-02-11T08:42:25.445961Z,2026-02-11,en-US,send-and-receive-email,thunderbird;send-and-receive-email;,7063252,Перестала отправляться почта с ящика Gmail,https://support.mozilla.org/questions/1565166,os:macos,Mac OS x 10_15_7,,,,m:gmail,,,3,true,3.6,True,davidsk
1565168,2026-02-11T09:53:42.375393Z,2026-02-11,en-US,send-and-receive-email,thunderbird;windows-11;send-and-receive-email;,widgetwilk3,No emails from plusnet,https://support.mozilla.org/questions/1565168,os:windows,Windows 11,,,,,,,0,false,,False,
1565169,2026-02-11T09:53:57.211613Z,2026-02-11,nl,contacts,thunderbird;windows-11;contacts;,f.bosschers,hoe exporteer je het adressenbestand,https://support.mozilla.org/questions/1565169,os:windows,Windows 11,,,,,,,1,true,53.12,True,markh2
1565170,2026-02-11T10:03:15.848969Z,2026-02-11,it,email-and-messaging,thunderbird;windows-8;email-and-messaging;,mauro.dalpiaz1954,"i messaggi eliminati non vanno nel cestino, ma vengono eliminati completamente",https://support.mozilla.org/questions/1565170,os:windows,Windows 8,,,,,,,0,false,,False,
1565171,2026-02-11T10:18:52.816671Z,2026-02-11,en-US,accounts,thunderbird;accounts;windows-1011;,george501,Creat directory,https://support.mozilla.org/questions/1565171,os:windows,Windows 10/11,,147.0.1,147,,,,1,true,2.46,False,
1565172,2026-02-11T10:28:11.005575Z,2026-02-11,en-US,send-and-receive-email,thunderbird;send-and-receive-email;,gfinley,UNABLE TO SEND EMAILS FROM FREE-ONLINE (PLUSNET SERVER),https://support.mozilla.org/questions/1565172,os:macos,Mac Sequoia 15.7.3 (macbook air M2),,140.5.0esr,140,,proto:smtp,,16,true,2.34,True,davidsk
1565185,2026-02-11T12:06:39.827461Z,2026-02-11,nl,send-and-receive-email,thunderbird;windows-11;send-and-receive-email;,info4277,"The connection with my email adresses suddenly stops one day from another, using Thunderbird.",https://support.mozilla.org/questions/1565185,os:windows,Windows 11,,Onbekend,,,proto:imap;proto:smtp,,1,true,166.28,False,
1565195,2026-02-11T13:54:23.250898Z,2026-02-11,en-US,junk-mail-and-spam,thunderbird;windows-11;junk-mail-and-spam;,robin69,Thunderbird on desktop does not see Exchange 365 Junk mail folder,https://support.mozilla.org/questions/1565195,os:windows,Windows 11,,147.0.1 Desktop,147,,,,3,true,0.6,True,davidsk
1565197,2026-02-11T14:12:52.885258Z,2026-02-11,it,update,thunderbird;windows-10;update;,giusevar,45 This version is not working properly.,https://support.mozilla.org/questions/1565197,os:windows,Windows 10,,vers. 147.0.1agg. attuale release,147,,,,0,false,,False,
1565207,2026-02-11T15:08:32.877614Z,2026-02-11,en-US,send-and-receive-email,thunderbird;mac-os-x-1015;send-and-receive-email;,bshlager,I ban't access my email,https://support.mozilla.org/questions/1565207,os:macos,Mac OS x 10.15,,,,,,,0,false,,False,
1565212,2026-02-11T15:19:55.601058Z,2026-02-11,en-US,account-management,thunderbird;windows-11;account-management;,michael73gardner,"Stop copying emails to ""All Mail"" folder",https://support.mozilla.org/questions/1565212,os:windows,Windows 11,,143.0.1,143,m:gmail,,,10,true,0.18,False,
1565213,2026-02-11T15:20:23.333141Z,2026-02-11,en-US,events,thunderbird;windows-11;events;,Music4253,Thunderbird-created Google Calendar invites neither include an automatic Google Meet link nor record the sender as an ac,https://support.mozilla.org/questions/1565213,os:windows,Windows 11,,140.7.1esr,140,,,,0,false,,False,
1565216,2026-02-11T15:23:01.979866Z,2026-02-11,en-US,reset-passwords,thunderbird;windows-11;reset-passwords;,jvdsteen,Wachtwoord vergeten. Hoe op nieuwe laptop op te lossen?,https://support.mozilla.org/questions/1565216,os:windows,Windows 11,,,,,,,1,true,0.06,False,
1565223,2026-02-11T16:06:56.564974Z,2026-02-11,en-US,email-and-messaging,thunderbird;windows-11;email-and-messaging;,TbirdUser53,Message retention policy for folders,https://support.mozilla.org/questions/1565223,os:windows,Windows 11,,147.0.1 Release channel,147,m:gmail,proto:pop,,7,true,147.01,True,Mapenzi
1565224,2026-02-11T16:11:54.356040Z,2026-02-11,en-US,email-and-messaging,thunderbird;windows-10;email-and-messaging;,heididorr,Where are my saved emails?,https://support.mozilla.org/questions/1565224,os:windows,Windows 10,,,,,,,2,true,1.73,True,ja.hopkins
1565232,2026-02-11T17:07:45.068292Z,2026-02-11,en-US,customization,thunderbird;customization;windows-11;,fapdecarvalho19,Como alterar a côr das pastas,https://support.mozilla.org/questions/1565232,os:windows,Windows 11,,,,,,,0,false,,False,
1565236,2026-02-11T17:21:22.309382Z,2026-02-11,en-US,send-and-receive-email,thunderbird;windows-10;send-and-receive-email;,pwrichcreek,Unable to use Thunderbird,https://support.mozilla.org/questions/1565236,os:windows,Windows 10,,,,m:spectrum,proto:smtp,,3,true,3.96,False,
1565240,2026-02-11T17:36:20.640125Z,2026-02-11,en-US,passwords-and-sign-in,linux;thunderbird;passwords-and-sign-in;,meyer14,Je ne peux plus m'enregistrer sur mon compte email,https://support.mozilla.org/questions/1565240,os:linux,Linux,,,,m:bluewin,,,1,true,100.51,False,
1565242,2026-02-11T17:44:07.278946Z,2026-02-11,en-US,email-and-messaging,thunderbird;windows-11;email-and-messaging;,mischa.desant,Papierkorb nicht da.,https://support.mozilla.org/questions/1565242,os:windows,Windows 11,,147.0.1,147,,,,1,true,3.46,True,davidsk
1565246,2026-02-11T17:48:18.157355Z,2026-02-11,en-US,events,linux;thunderbird;events;,erikp121,Calendar event convert to message missing date and time,https://support.mozilla.org/questions/1565246,os:linux,Linux,,140.7.1esr,140,,,,3,true,0.79,False,
1565255,2026-02-11T18:30:19.853703Z,2026-02-11,en-US,connectivity,thunderbird;windows-11;connectivity;,mewright95,I am unable to get new Thunderbird installation to sign in at Spectrum server.,https://support.mozilla.org/questions/1565255,os:windows,Windows 11,,,,m:spectrum,proto:imap,,0,false,,False,
1565264,2026-02-11T18:56:38.169727Z,2026-02-11,en-US,import-and-export-email,thunderbird;windows-11;import-and-export-email;,roxieb2552,Can Thunderbird be used as an archive for an email account that is about to be deleted?,https://support.mozilla.org/questions/1565264,os:windows,Windows 11,,,,,,,1,true,2.28,False,
1565278,2026-02-11T20:44:35.041677Z,2026-02-11,en-US,send-and-receive-email,thunderbird;send-and-receive-email;,debbiechristianson510,Can’t send emails,https://support.mozilla.org/questions/1565278,,,,,,,,,0,false,,False,
1565288,2026-02-11T21:39:52.000938Z,2026-02-11,en-US,email-and-messaging,thunderbird;windows-11;email-and-messaging;,wolfman141,A recent folder disappeared from my left pane when Win 11 upddated this morning.,https://support.mozilla.org/questions/1565288,os:windows,Windows 11,,,,,,,1,true,34.69,False,
1565289,2026-02-11T21:47:13.005406Z,2026-02-11,pt-BR,passwords-and-sign-in,thunderbird;windows-11;passwords-and-sign-in;,ivohasse,Thunderbird pede a senha principal ao abrir.,https://support.mozilla.org/questions/1565289,os:windows,Windows 11,,Versão 147.0.1,147,,,,0,false,,False,
1565291,2026-02-11T22:07:35.403824Z,2026-02-11,en-US,email-and-messaging,thunderbird;windows-11;email-and-messaging;,kurtf1,Mapper mangler,https://support.mozilla.org/questions/1565291,os:windows,Windows 11,,140.7.1esr,140,,,,2,true,0.97,True,sfhowes
1565294,2026-02-11T22:21:50.301491Z,2026-02-11,en-US,connectivity,thunderbird;windows-11;connectivity;,J_001,Thunderbird 147.0.1 dropping all local email and redownloading,https://support.mozilla.org/questions/1565294,os:windows,Windows 11,,147.0.1,147,m:gmail;m:microsoftemail,proto:imap;proto:oauth,,0,false,,False,
1565296,2026-02-11T22:33:30.245054Z,2026-02-11,en-US,import-and-export-email,linux;thunderbird;import-and-export-email;,lanman03,Windows 10 died and need to move TB saved stuff to Linux Mint 22,https://support.mozilla.org/questions/1565296,os:linux,Linux,,140.7.1esr,140,,,,4,true,14.6,False,
1565307,2026-02-12T00:42:53.172766Z,2026-02-12,en-US,connectivity,thunderbird;windows-11;connectivity;,jvm11,my ISP server keeps timing out according to Thunderbird. What to do to correct this problem? Very frustrating.,https://support.mozilla.org/questions/1565307,os:windows,Windows 11,,,,,,,1,true,17.24,False,
1565308,2026-02-12T00:44:37.421321Z,2026-02-12,en-US,contacts,thunderbird;windows-11;contacts;,poohbear266,I accidently deleted Thunderbird then reinstalled it but I have lost my total address book.  How do I get it back?,https://support.mozilla.org/questions/1565308,os:windows,Windows 11,,,,,,,1,true,11.2,False,
1565309,2026-02-12T00:59:28.551235Z,2026-02-12,en-US,send-and-receive-email,thunderbird;windows-11;send-and-receive-email;,k4ajaco,email send fails,https://support.mozilla.org/questions/1565309,os:windows,Windows 11,,140.7.1esr (64-bit,140,,,,1,true,12.1,False,
1565311,2026-02-12T01:12:29.796060Z,2026-02-12,en-US,app-crash,thunderbird;windows-10;app-crash;,andymokcv,"My Thunderbird crash whenever I tried to ""save as"" an email, save the attachment of an email, attach a file to an outgoi",https://support.mozilla.org/questions/1565311,os:windows,Windows 10,,115.18.0,115,m:microsoftemail,,,2,true,7.11,True,andymokcv
1565312,2026-02-12T01:37:26.236308Z,2026-02-12,en-US,send-and-receive-email,thunderbird;send-and-receive-email;,carolannemi,Why are popups now required to see images in my emails???,https://support.mozilla.org/questions/1565312,os:macos,Mac OS x 10_15_7,,140.7 1esr 64bit.,140,,,,17,true,6.65,False,
1565314,2026-02-12T01:43:32.700945Z,2026-02-12,en-US,crashing-and-slow-performance,windows-7;thunderbird;crashing-and-slow-performance;,colinfbutton,strange things happenig,https://support.mozilla.org/questions/1565314,os:windows,Windows 7,,115.18.0,115,,,,2,true,16.83,False,
1565315,2026-02-12T01:50:39.072216Z,2026-02-12,en-US,accessibility,windows-7;thunderbird;accessibility;firefox-1150;,1fenixuno,Downloading Thunderbird,https://support.mozilla.org/questions/1565315,os:windows,Windows 7,,,,,,,2,true,3.11,False,
1565324,2026-02-12T04:01:05.582328Z,2026-02-12,en-US,send-and-receive-email,thunderbird;windows-11;send-and-receive-email;,jhr24,Reguarly are big problems with sending email,https://support.mozilla.org/questions/1565324,os:windows,Windows 11,,Newest for PC,,,,,12,true,8.88,True,jhr24
1565343,2026-02-12T07:11:24.685428Z,2026-02-12,en-US,customization,thunderbird;customization;windows-11;,t.takahama,Thunderbirdのメールのフィルターによる自動振り分けが機能しない,https://support.mozilla.org/questions/1565343,os:windows,Windows 11,,,,,,,1,true,5.67,False,
1565345,2026-02-12T07:54:47.070628Z,2026-02-12,en-US,send-and-receive-email,thunderbird;windows-11;send-and-receive-email;,sillebj,Received a configuration code from Activ8 and I can receive emails but not send them.,https://support.mozilla.org/questions/1565345,os:windows,Windows 11,,Mozilla,,,,,0,false,,False,
1565348,2026-02-12T08:38:07.898155Z,2026-02-12,es,email-and-messaging,thunderbird;windows-11;email-and-messaging;,mestrevalencia,no puedo añadir cuentas de correos de yahoo.es a Thunderbird,https://support.mozilla.org/questions/1565348,os:windows,Windows 11,,,,m:yahooemail,,,0,false,,False,
1565352,2026-02-12T08:55:52.592020Z,2026-02-12,en-US,customization,thunderbird;customization;windows-11;,bob2021,Thunderbird version >115: Threaded top message does not show bold as if child has new messsage,https://support.mozilla.org/questions/1565352,os:windows,Windows 11,,115,115,,,,2,true,9.47,True,bob2021
1565355,2026-02-12T09:21:37.087209Z,2026-02-12,it,send-and-receive-email,thunderbird;windows-11;send-and-receive-email;,luciano.grasso,il certificato per pop.platfix.it11301 non è valido,https://support.mozilla.org/questions/1565355,os:windows,Windows 11,,,,,proto:pop,,0,false,,False,
1565369,2026-02-12T11:01:14.323010Z,2026-02-12,en-US,connectivity,linux;thunderbird;connectivity;,d.nadal,Thunderbird interrupted my connection with my email for ',https://support.mozilla.org/questions/1565369,os:linux,Linux,,,,m:orange,,,0,false,,False,
1565371,2026-02-12T11:09:40.301396Z,2026-02-12,en-US,app-crash,thunderbird;windows-11;app-crash;,peter918,Thunderbird crashed and will no restart even after re-install,https://support.mozilla.org/questions/1565371,os:windows,Windows 11,,,,m:gmail,proto:pop,,1,true,4.97,True,davidsk
1565372,2026-02-12T11:13:12.652070Z,2026-02-12,it,send-and-receive-email,thunderbird;windows-11;send-and-receive-email;,fabrizio10,non mi invia e mail,https://support.mozilla.org/questions/1565372,os:windows,Windows 11,,,,,,,0,false,,False,
1565377,2026-02-12T11:54:03.273198Z,2026-02-12,nl,customization,linux;thunderbird;customization;,e.d.grootjans,Mail njot marked mail as read after opening mail,https://support.mozilla.org/questions/1565377,os:linux,Linux,,140.71esr,140,,,,1,true,142.39,False,
1565378,2026-02-12T11:57:09.809398Z,2026-02-12,en-US,account-management,thunderbird;windows-11;account-management;,j-charles.verlinden,"thunderbird tentatives de réintoduire un nouveau compte telenet (existant, paramétré et vérifié) échoue",https://support.mozilla.org/questions/1565378,os:windows,Windows 11,,,,,,,1,true,6.26,False,
1565381,2026-02-12T12:51:32.584703Z,2026-02-12,it,send-and-receive-email,linux;thunderbird;send-and-receive-email;,cluccisano45,Vecchie Email che sono state ricaricate,https://support.mozilla.org/questions/1565381,os:linux,Linux,,,,,,,0,false,,False,
1565383,2026-02-12T13:07:21.022667Z,2026-02-12,en-US,send-and-receive-email,linux;thunderbird;send-and-receive-email;,tom239,"My credentials are correct and I cannot send emails, but I can receive and manage them",https://support.mozilla.org/questions/1565383,os:linux,Linux,,140.7.1esr,140,,,,3,true,1.68,True,davidsk
1565387,2026-02-12T13:32:44.872302Z,2026-02-12,en-US,email-and-messaging,thunderbird;windows-11;email-and-messaging;,pit1,Einige Emails und Ordner sind verschwunden. In meinem Server und in FairEmail sind sie noch da.,https://support.mozilla.org/questions/1565387,os:windows,Windows 11,,,,,,,1,true,18.77,False,
1565410,2026-02-12T17:00:23.661644Z,2026-02-12,en-US,customization,thunderbird;customization;windows-11;,creatingsanctuary1,Sent and All Mail are out out order by date,https://support.mozilla.org/questions/1565410,os:windows,Windows 11,,updated - got a new computer in Oct,,m:gmail,,,11,true,0.75,False,
1565414,2026-02-12T17:36:16.750759Z,2026-02-12,en-US,send-and-receive-email,thunderbird;send-and-receive-email;,bkotis,Advice on repairing cabinet folder missing emails and one subfolder.,https://support.mozilla.org/questions/1565414,os:windows,Windows 11 Pro,,,,m:fastmail,,,1,true,14.7,False,
1565416,2026-02-12T17:53:27.540497Z,2026-02-12,it,send-and-receive-email,thunderbird;send-and-receive-email;windows-1011;,marmen75,richiamo email inviate,https://support.mozilla.org/questions/1565416,os:windows,Windows 10/11,,,,,,,1,true,1.1,False,
1565424,2026-02-12T18:46:09.303954Z,2026-02-12,en-US,installation-and-updates,thunderbird;windows-11;installation-and-updates;,dondilworth1,How do I tell Mozilla what my email address is?,https://support.mozilla.org/questions/1565424,os:windows,Windows 11,,,,,,,0,false,,False,
1565425,2026-02-12T18:51:34.936740Z,2026-02-12,en-US,account-management,thunderbird;windows-11;account-management;,dondilworth1,How to tell TB what my email address is?,https://support.mozilla.org/questions/1565425,os:windows,Windows 11,,,,,,,1,true,0.13,False,
1565426,2026-02-12T19:07:30.237285Z,2026-02-12,en-US,customization,thunderbird;customization;windows-1011;,alfk4ibm,how do i get my in box  in order by date,https://support.mozilla.org/questions/1565426,os:windows,Windows 10/11,,,,,,,3,true,0.24,True,davidsk
1565429,2026-02-12T19:31:35.284985Z,2026-02-12,en-US,accessibility,thunderbird;accessibility;windows-1011;,bwest2,"Can not log on to 3 email accounts. All had working passwords, but now not will authenticate.",https://support.mozilla.org/questions/1565429,os:windows,Windows 10/11,,,,,,,3,true,307.41,False,
1565431,2026-02-12T19:38:13.434722Z,2026-02-12,it,passwords-and-sign-in,thunderbird;windows-11;passwords-and-sign-in;,gennaro.scardicchio47,Improvvisamente non mi vengono più riconosciute le pw dei vari account,https://support.mozilla.org/questions/1565431,os:windows,Windows 11,,,,,,,0,false,,False,
1565432,2026-02-12T19:42:18.921740Z,2026-02-12,en-US,email-and-messaging,thunderbird;windows-11;email-and-messaging;,wolfman141,How do I recover a folder that disappeared from my Thunderbird pane when Windows 11 updated?,https://support.mozilla.org/questions/1565432,os:windows,Windows 11,,,,,,,1,true,2.67,True,rednoise
1565436,2026-02-12T20:01:08.968235Z,2026-02-12,en-US,tags,thunderbird;tags;,uschis1,Cannot activate All Folders anymore,https://support.mozilla.org/questions/1565436,,,,,,,,,2,true,1.06,True,wsmwk
1565439,2026-02-12T20:24:30.738512Z,2026-02-12,en-US,customization,thunderbird;windows-10;customization;,pskversk,Auto-correct,https://support.mozilla.org/questions/1565439,os:windows,Windows 10,,,,,,,2,true,0.56,True,Mapenzi
1565443,2026-02-12T21:03:31.575822Z,2026-02-12,en-US,reset-passwords,thunderbird;windows-11;reset-passwords;,fran1bill,need to reset password,https://support.mozilla.org/questions/1565443,os:windows,Windows 11,,,,,,,2,true,0.65,False,
1565447,2026-02-12T21:36:11.759339Z,2026-02-12,en-US,email-and-messaging,thunderbird;email-and-messaging;,sjs4,Moving email to folders and they just vanish,https://support.mozilla.org/questions/1565447,os:linux,Linux Mint,,,,,,,2,true,17.38,False,
1565449,2026-02-12T21:55:10.521017Z,2026-02-12,en-US,install,thunderbird;install;,hachulho,what is the exact step-by-step process to download and install Mozilla Thunderbird on a Linux mint computer?,https://support.mozilla.org/questions/1565449,os:linux,Linux Mint 21 Cinnamon 5.4.12,,thunderbird-147.0.1.tar.xz,147,,,,1,true,0.59,False,
1565452,2026-02-12T22:21:36.283328Z,2026-02-12,en-US,install,thunderbird;windows-11;install;,Dale49,how do i move forward with installation,https://support.mozilla.org/questions/1565452,os:windows,Windows 11,,,,,,,1,true,4.61,False,
1565454,2026-02-12T22:24:33.806014Z,2026-02-12,en-US,junk-mail-and-spam,thunderbird;junk-mail-and-spam;windows-1011;,2311mx,"Ik wil oude emails verwijderen maar na enige tijd zitten ze weer in ""alle emails"". Wat te doen ??",https://support.mozilla.org/questions/1565454,os:windows,Windows 10/11,,,,,,,1,true,9.85,False,
1565456,2026-02-12T22:40:48.953076Z,2026-02-12,en-US,install,thunderbird;windows-11;install;,Dale49,how do i move forward with installation,https://support.mozilla.org/questions/1565456,os:windows,Windows 11,,,,,,,1,true,2.48,False,
1565460,2026-02-12T23:15:34.601729Z,2026-02-12,en-US,contacts,thunderbird;windows-10;contacts;,mcleck,how to export contact list,https://support.mozilla.org/questions/1565460,os:windows,Windows 10,,,,,,,3,true,1.65,False,
1565464,2026-02-12T23:31:53.691202Z,2026-02-12,en-US,passwords-and-sign-in,thunderbird;windows-11;passwords-and-sign-in;,fran1bill,can;t login going thru the hoops,https://support.mozilla.org/questions/1565464,os:windows,Windows 11,,,,,,,0,false,,False,
1565471,2026-02-13T00:15:35.792147Z,2026-02-13,pt-BR,account-management,thunderbird;windows-11;account-management;,eletronicacesar,erro ao criar conta .yahoo.com.br,https://support.mozilla.org/questions/1565471,os:windows,Windows 11,,147.0.1,147,m:yahooemail,,,1,false,,False,
1565472,2026-02-13T00:17:47.688376Z,2026-02-13,pt-BR,account-management,thunderbird;windows-11;account-management;,eletronicacesar,erro ao criar conta .yahoo.com.br,https://support.mozilla.org/questions/1565472,os:windows,Windows 11,,147.0.1,147,m:yahooemail,,,0,false,,False,
1565477,2026-02-13T01:11:08.240292Z,2026-02-13,en-US,send-and-receive-email,thunderbird;windows-10;send-and-receive-email;,SharkyCA,"Thunderbird 147.0.1 Message filters not working or writing log entries, Windows 10, can't run filters!",https://support.mozilla.org/questions/1565477,os:windows,Windows 10,,147.0.1  64 bIT,147,,,,0,false,,False,
1565485,2026-02-13T01:56:01.814489Z,2026-02-13,en-US,customization,thunderbird;customization;windows-1011;,our.public.addy,Email which contains images and graphics no longer display those items.,https://support.mozilla.org/questions/1565485,os:windows,Windows 10/11,,,,,,,1,true,39.75,False,
1565487,2026-02-13T02:09:31.327723Z,2026-02-13,en-US,email-and-messaging,thunderbird;needsinfo;windows-10;email-and-messaging;,red26,email accounts not syncing,https://support.mozilla.org/questions/1565487,os:windows,Windows 10,,140.7.1esr,140,,,,1,true,7.39,False,
1565489,2026-02-13T02:37:50.223947Z,2026-02-13,en-US,email-and-messaging,thunderbird;email-and-messaging;,steve293,I generally view my email folders in a 'Unified Folders' list but one of my main folders has appeared within another fol,https://support.mozilla.org/questions/1565489,os:macos,macOS 26.2 (Tahoe),,140.7.1esr,140,,,,2,true,9.55,True,Mapenzi
1565491,2026-02-13T02:51:59.912816Z,2026-02-13,en-US,send-and-receive-email,thunderbird;windows-11;send-and-receive-email;,mpaxton,"Suddenly, yesterday, my email stopped allowing me to send emails.",https://support.mozilla.org/questions/1565491,os:windows,Windows 11,,,,,,,0,false,,False,
1565495,2026-02-13T04:35:04.248424Z,2026-02-13,en-US,junk-mail-and-spam,thunderbird;windows-11;junk-mail-and-spam;,rockymtnbiker541,Junk mail notifications,https://support.mozilla.org/questions/1565495,os:windows,Windows 11,,140.7.1esr,140,,,,3,true,63.33,False,
1565497,2026-02-13T04:48:32.113550Z,2026-02-13,en-US,update,thunderbird;windows-11;update;,iharrison,Update not needed?,https://support.mozilla.org/questions/1565497,os:windows,Windows 11,,,,,,,3,true,63.08,False,
1565498,2026-02-13T05:23:20.012289Z,2026-02-13,en-US,passwords-and-sign-in,linux;thunderbird;passwords-and-sign-in;,turnmgm,"Hi I have made a ne account with bigbuckrecords@gmail.com a few days ago, I cant singn in, have tryed a lot of times, my",https://support.mozilla.org/questions/1565498,os:linux,Linux,,,,m:gmail,,,0,false,,False,
1565499,2026-02-13T05:23:21.825082Z,2026-02-13,en-US,email-and-messaging,thunderbird;windows-11;email-and-messaging;,paddupadmanabhan007,"I need to import mox file with the size of more than 50 GB how can i import that , it is showing exeeding limit",https://support.mozilla.org/questions/1565499,os:windows,Windows 11,,,,,,,1,true,0.49,False,
1565511,2026-02-13T09:14:54.001537Z,2026-02-13,es,send-and-receive-email,thunderbird;needsinfo;windows-11;send-and-receive-email;,jesus.marin.smr.24,I cant see my mailbox,https://support.mozilla.org/questions/1565511,os:windows,Windows 11,,,,,,,1,true,107.24,False,
1565521,2026-02-13T11:31:17.674411Z,2026-02-13,en-US,connectivity,thunderbird;connectivity;,davidefiorini96,Thunderbird continues to fail connection to server,https://support.mozilla.org/questions/1565521,os:macos,macOS 12.7.6,,,,,,,0,false,,False,
1565522,2026-02-13T11:33:46.717982Z,2026-02-13,nl,accounts,thunderbird;windows-10;accounts;,cdb99,Een ambetant kadertje.,https://support.mozilla.org/questions/1565522,os:windows,Windows 10,,,,,,,4,true,68.48,True,markh2
1565531,2026-02-13T12:50:15.452470Z,2026-02-13,en-US,import-and-export-settings,thunderbird;windows-11;import-and-export-settings;,minsk132,"Kopieren meiner Filter-Einstellungen von ""Lokale Ordner"" zum IMAP-Konto",https://support.mozilla.org/questions/1565531,os:windows,Windows 11,,147.0.1,147,,proto:imap;proto:pop,,2,true,0.34,False,
1565538,2026-02-13T13:49:18.631560Z,2026-02-13,en-US,send-and-receive-email,thunderbird;windows-11;send-and-receive-email;,tarituki,送信ボタンがoffになってる,https://support.mozilla.org/questions/1565538,os:windows,Windows 11,,,,,,,1,true,4.39,False,
1565540,2026-02-13T13:56:19.112035Z,2026-02-13,nl,email-and-messaging,thunderbird;windows-11;email-and-messaging;,bankzilla,All folders gone for one of the hotmail-accounts,https://support.mozilla.org/questions/1565540,os:windows,Windows 11,,140.7.1esr,140,m:gmail;m:microsoftemail,,,0,false,,False,
1565547,2026-02-13T14:38:40.174186Z,2026-02-13,en-US,send-and-receive-email,thunderbird;send-and-receive-email;windows-1011;,p.s.wells,Thunderbird accepts email & green ticks settings but will not connect,https://support.mozilla.org/questions/1565547,os:windows,Windows 10/11,,,,,,,1,true,3.61,False,
1565555,2026-02-13T15:33:04.650038Z,2026-02-13,en-US,undefined,thunderbird;undefined;,mingle909,Printing in android,https://support.mozilla.org/questions/1565555,os:android,Android 16,,16.1,,,,,1,true,3.42,False,
1565566,2026-02-13T16:30:25.116257Z,2026-02-13,en-US,import-and-export-email,thunderbird;import-and-export-email;,woodwardj,New install with Outlook conversion,https://support.mozilla.org/questions/1565566,os:windows,"Windows 11, MS Surface, ARM processor",,,,m:microsoftemail,,,0,false,,False,
1565567,2026-02-13T16:38:04.917046Z,2026-02-13,en-US,attachments,thunderbird;windows-11;attachments;,tim336,"When attaching a file to a message, file explorer opens then immediately closes.",https://support.mozilla.org/questions/1565567,os:windows,Windows 11,,147.0.1,147,,,,7,true,53.32,False,
1565570,2026-02-13T16:44:41.751030Z,2026-02-13,en-US,install,thunderbird;windows-11;install;,dondilworth1,I'm new to TB.  How do I set it up?  (Windows 11),https://support.mozilla.org/questions/1565570,os:windows,Windows 11,,,,,,,1,true,0.65,False,
1565572,2026-02-13T16:46:31.570828Z,2026-02-13,en-US,install,thunderbird;windows-11;install;,dondilworth1,I'm new to TB.  How do I set it up?  (Windows 11),https://support.mozilla.org/questions/1565572,os:windows,Windows 11,,,,,,,1,true,0.6,False,
1565581,2026-02-13T17:25:12.454048Z,2026-02-13,it,send-and-receive-email,thunderbird;windows-11;send-and-receive-email;,luca.giorgetti6,Thunderbird IMAP Inbox empty even after account removal/re-addition,https://support.mozilla.org/questions/1565581,os:windows,Windows 11,,147.0.1,147,m:gmail,proto:imap,,1,true,39.43,False,
1565584,2026-02-13T17:37:45.391612Z,2026-02-13,en-US,import-and-export-email,thunderbird;windows-11;import-and-export-email;,thekempinskis,Converting Juno Web mail to Thunderbird,https://support.mozilla.org/questions/1565584,os:windows,Windows 11,,,,,,,8,true,0.99,False,
1565586,2026-02-13T17:43:56.299444Z,2026-02-13,nl,account-management,thunderbird;windows-11;account-management;,makker,outlook account aanmaken lukt niet,https://support.mozilla.org/questions/1565586,os:windows,windows 11,,140.7,140,m:microsoftemail,,,2,true,62.03,True,makker
1565593,2026-02-13T18:00:40.346025Z,2026-02-13,en-US,customization,thunderbird;customization;windows-11;,dondilworth1,Classic View Layout ?  What?  How?,https://support.mozilla.org/questions/1565593,os:windows,Windows 11,,,,,,,1,true,0.16,False,
1565598,2026-02-13T18:28:44.053511Z,2026-02-13,en-US,import-and-export-email,thunderbird;import-and-export-email;,evrytinagro,"I  recently updated my PC from Windows 10 to Windows 11 and lost emails on Mozilla Thunderbird, I would like steps on ho",https://support.mozilla.org/questions/1565598,os:windows,,,,,,,,1,true,0.44,False,
1565605,2026-02-13T19:15:37.847192Z,2026-02-13,nl,connectivity,thunderbird;windows-11;connectivity;,elle.evenhuis,Mozilla Thunderbird does't start,https://support.mozilla.org/questions/1565605,os:windows,Windows 11,,,,m:ziggo,proto:imap,,1,true,60.51,True,markh2
1565608,2026-02-13T19:40:45.493906Z,2026-02-13,en-US,junk-mail-and-spam,thunderbird;junk-mail-and-spam;,thiebauddick2,Aol spam folder is empty. Regular mail is received okay.,https://support.mozilla.org/questions/1565608,os:linux,Linux Mint 22.3,,147.0.1,147,m:yahooemail,proto:imap,,0,false,,False,
1565610,2026-02-13T20:00:35.430974Z,2026-02-13,nl,send-and-receive-email,thunderbird;windows-11;send-and-receive-email;,aad.barendse,How to remove a lot of unimportant messages ?,https://support.mozilla.org/questions/1565610,os:windows,Windows 11,,,,,,,1,true,59.79,False,
1565616,2026-02-13T20:51:46.150233Z,2026-02-13,it,reset-passwords,thunderbird;needsinfo;windows-11;reset-passwords;,maurizio.nannerini,non riesco a recuperare la mia password,https://support.mozilla.org/questions/1565616,os:windows,Windows 11,,,,,,,1,true,20.61,False,
1565620,2026-02-13T21:18:40.933587Z,2026-02-13,en-US,install,thunderbird;mac-os-x-1014;install;,fotomandan,I'm trying to reinstall thunderbird it but keep getting an error message: Thunderbird 147.0.1 drr corrupt image.,https://support.mozilla.org/questions/1565620,os:macos,Mac OS x 10.14,,147.0.1,147,,,,1,true,2.19,False,
1565624,2026-02-13T21:39:49.348942Z,2026-02-13,en-US,import-and-export-email,thunderbird;import-and-export-email;windows-1011;,texiii,"I am trying to ""import"" an old thunderbird profile into my new profile in order to merge old e-mails. The ""Import"" funct",https://support.mozilla.org/questions/1565624,os:windows,Windows 10/11,,140.7.1esr,140,,,,5,true,11.32,False,
1565626,2026-02-13T21:51:43.025511Z,2026-02-13,en-US,calendar,thunderbird;android;calendar;,goahould16,I search the calendar in the mobile application of Thunderbird,https://support.mozilla.org/questions/1565626,os:android,Android,,,,,,,1,true,34.73,False,
1565627,2026-02-13T22:14:48.109310Z,2026-02-13,en-US,passwords-and-sign-in,thunderbird;windows-11;passwords-and-sign-in;,dschulze747,Can't create outlook.com account,https://support.mozilla.org/questions/1565627,os:windows,Windows 11,,147.0.1,147,m:microsoftemail,,,1,false,,False,
1565630,2026-02-13T22:23:13.473787Z,2026-02-13,cs,customization,thunderbird;customization;windows-11;firefox-1470;firefox-14703;,Pavel_Oupicky,How to open messages in main window as in W10 (under messages),https://support.mozilla.org/questions/1565630,os:windows,Windows 11,,,,,,,1,true,16.56,True,Ansamb
1565635,2026-02-13T23:24:28.972853Z,2026-02-13,en-US,account-management,thunderbird;windows-11;account-management;,tralfaz,Account no longer shows up in folder pane,https://support.mozilla.org/questions/1565635,os:windows,Windows 11,,140.6.0esr,140,,,,6,true,13.92,True,davidsk
1565646,2026-02-14T00:33:45.326460Z,2026-02-14,en-US,profiles,thunderbird;windows-10;profiles;,koisj,cannot find profile in reinstall,https://support.mozilla.org/questions/1565646,os:windows,Windows 10,,,,,,,1,true,11.24,False,
1565653,2026-02-14T02:38:19.141005Z,2026-02-14,en-US,calendar,thunderbird;calendar;windows-1011;,rousea,Why has Thunderbird started prompting for Caldav at startup?,https://support.mozilla.org/questions/1565653,os:windows,Windows 10/11,,147.0.1,147,m:onecom,proto:caldav,,0,true,2.87,False,
1565656,2026-02-14T03:21:35.401774Z,2026-02-14,en-US,send-and-receive-email,thunderbird;send-and-receive-email;,crawleyj,"Thunderbird stopped transferring emails from webmail provider (after 40 or so years) on Feb 5, 2026",https://support.mozilla.org/questions/1565656,os:other,OS Sequoia 15.7.3,,140.7.1esr,140,,proto:imap;proto:pop,,9,true,8.48,True,davidsk
1565662,2026-02-14T04:53:55.542314Z,2026-02-14,en-US,email-and-messaging,thunderbird;windows-11;email-and-messaging;,sjguillemin17,TB keeps restoring deleted emails,https://support.mozilla.org/questions/1565662,os:windows,Windows 11,,147.0.1,147,,,,3,true,0.88,False,
1565684,2026-02-14T09:13:47.844942Z,2026-02-14,nl,update,thunderbird;windows-11;update;,astridhendriksen,Ik vind het heel vervelend dat openstaande emails verwijderd worden als er een update is geweest,https://support.mozilla.org/questions/1565684,os:windows,Windows 11,,,,,,,3,true,75.73,False,
1565691,2026-02-14T09:55:17.547429Z,2026-02-14,en-US,send-and-receive-email,thunderbird;windows-10;send-and-receive-email;firefox-1470;firefox-14703;,rogerh47,"Why does ""Invalid mail address, must have a domain part"" appear when I try to email a contact?",https://support.mozilla.org/questions/1565691,os:windows,Windows 10,,,,m:btinternet,,,1,true,1.73,False,
1565695,2026-02-14T10:28:25.777372Z,2026-02-14,en-US,send-and-receive-email,thunderbird;needsinfo;windows-10;send-and-receive-email;,memb34,"Hello, I have a secondary email address from which I can no longer send emails. The error code is OFR104_528(528). How c",https://support.mozilla.org/questions/1565695,os:windows,Windows 10,,,,,,,3,true,3.16,False,
1565703,2026-02-14T11:32:42.847808Z,2026-02-14,en-US,send-and-receive-email,thunderbird;windows-11;send-and-receive-email;,marcel41,Displaying new emails,https://support.mozilla.org/questions/1565703,os:windows,Windows 11,,147.1.,147,,,,1,true,58.92,True,Mapenzi
1565710,2026-02-14T12:22:06.599474Z,2026-02-14,en-US,junk-mail-and-spam,thunderbird;junk-mail-and-spam;windows-1011;,chapf,Junk Mail Controls do not work with unified folders?,https://support.mozilla.org/questions/1565710,os:windows,Windows 10/11,,140.7.0,140,,,,7,true,8.7,False,
1565719,2026-02-14T13:22:29.954130Z,2026-02-14,en-US,send-and-receive-email,windows-7;thunderbird;send-and-receive-email;,janlarkin2,I have just installed Norton 360 and followed their steps to become compatible with Thunderbird but still cannot receive,https://support.mozilla.org/questions/1565719,os:windows,Windows 7,,,,,,av:norton,1,true,7.71,False,
1565720,2026-02-14T13:25:49.730000Z,2026-02-14,en-US,customization,thunderbird;customization;windows-11;,danielbarrett,shortcut to local folder,https://support.mozilla.org/questions/1565720,os:windows,Windows 11,,147.0.1,147,,,,1,true,0.17,False,
1565722,2026-02-14T13:36:58.336670Z,2026-02-14,en-US,account-management,thunderbird;windows-10;account-management;,Johnwq,I would like to change my main e mail from [email1] @manx.net  to new one [email2] @gmail.com,https://support.mozilla.org/questions/1565722,os:windows,Windows 10,,,,m:gmail,,,1,true,0.08,False,
1565734,2026-02-14T15:34:07.240717Z,2026-02-14,en-US,undefined,thunderbird;windows-11;undefined;,songthrush1,deletion of unwated emails only uts a line through them (solved) (locked),https://support.mozilla.org/questions/1565734,os:windows,Windows 11,,,,,,,1,true,4.52,True,rednoise
1565735,2026-02-14T15:44:26.516601Z,2026-02-14,en-US,send-and-receive-email,thunderbird;send-and-receive-email;,rooneyaj3,Cannot connect to Ourlook365 mailbox,https://support.mozilla.org/questions/1565735,os:linux,Ubuntu 16.04 LTS,,68.10.0,,m:microsoftemail,proto:smtp;proto:oauth,,1,true,1.62,False,
1565741,2026-02-14T16:13:48.352985Z,2026-02-14,en-US,send-and-receive-email,thunderbird;windows-11;send-and-receive-email;,Reed1231,How do  i fix this???? outgoing SMPT server failed,https://support.mozilla.org/questions/1565741,os:windows,Windows 11,,,,,,,3,true,1.78,False,
1565748,2026-02-14T17:09:06.256850Z,2026-02-14,en-US,passwords-and-sign-in,thunderbird;windows-11;passwords-and-sign-in;,bwest2,Please list my passwords.,https://support.mozilla.org/questions/1565748,os:windows,Windows 11,,,,,,,1,true,261.8,False,
1565754,2026-02-14T17:52:00.217548Z,2026-02-14,it,passwords-and-sign-in,thunderbird;windows-11;passwords-and-sign-in;,francogatta,le password non si visualizzano,https://support.mozilla.org/questions/1565754,os:windows,Windows 11,,,,,,,1,true,14.34,False,
1565756,2026-02-14T18:13:23.744467Z,2026-02-14,en-US,send-and-receive-email,thunderbird;windows-10;send-and-receive-email;,aschold,From box shows my address,https://support.mozilla.org/questions/1565756,os:windows,Windows 10,,147.0.1,147,,,,2,true,3.37,False,
1565760,2026-02-14T18:29:50.907431Z,2026-02-14,nl,account-management,thunderbird;windows-10;account-management;,aadenmary.van.kester,extra email account aanmaken thunderbird,https://support.mozilla.org/questions/1565760,os:windows,Windows 10,,updates.thunderbird.net/nl/thunderbird/128.0,128,m:kpn,,,1,true,37.42,False,
1565766,2026-02-14T19:34:49.585974Z,2026-02-14,es,email-and-messaging,thunderbird;windows-11;email-and-messaging;,gag-trench-outbid,no puedo añadir cuenta correo Yahoo a Thunderbird,https://support.mozilla.org/questions/1565766,os:windows,Windows 11,,147.0.1,147,m:yahooemail,,,2,true,72.62,False,
1565771,2026-02-14T20:17:00.976650Z,2026-02-14,en-US,send-and-receive-email,thunderbird;windows-11;send-and-receive-email;,mikerauh58,I am a new customer and gmail sync is not going well.,https://support.mozilla.org/questions/1565771,os:windows,Windows 11,,147.0.1,147,m:gmail,,,7,true,0.75,True,mikerauh58
1565772,2026-02-14T20:45:00.736125Z,2026-02-14,it,send-and-receive-email,thunderbird;send-and-receive-email;windows-1011;,serena.zambon2000,i don't receive email fron abroad,https://support.mozilla.org/questions/1565772,os:windows,Windows 10/11,,,,,,,1,true,11.49,False,
1565775,2026-02-14T21:21:47.834858Z,2026-02-14,en-US,send-and-receive-email,thunderbird;windows-11;send-and-receive-email;,craigblarsen,"Error User is authenticated but but not connected, Command error 12",https://support.mozilla.org/questions/1565775,os:windows,Windows 11,,147.0.1,147,m:microsoftemail,proto:imap,,0,false,,False,
1565799,2026-02-15T02:08:05.704753Z,2026-02-15,en-US,contacts,thunderbird;windows-11;contacts;,bobczep,How do I create a distribution list on Thunderbird?,https://support.mozilla.org/questions/1565799,os:windows,Windows 11,,,,,,,1,true,6.25,True,siffemoz
1565806,2026-02-15T03:26:08.387041Z,2026-02-15,en-US,customization,thunderbird;customization;windows-11;,ronks1,Local Folders structure not sorted in order,https://support.mozilla.org/questions/1565806,os:windows,Windows 11,,147.0.1,147,,,,5,true,8.94,True,Mapenzi
1565812,2026-02-15T04:34:21.868908Z,2026-02-15,en-US,crashing-and-slow-performance,thunderbird;windows-11;crashing-and-slow-performance;,glozon,140.7.1esr IMAP delay when moving messages (7-second delay),https://support.mozilla.org/questions/1565812,os:windows,Windows 11,,140.7.1esr,140,,proto:imap,,0,false,,False,
1565815,2026-02-15T05:19:16.724112Z,2026-02-15,en-US,send-and-receive-email,thunderbird;windows-11;send-and-receive-email;,Bryan1,Emails coming to gmail's All Mail rather than InBox,https://support.mozilla.org/questions/1565815,os:windows,Windows 11,,,,m:gmail,,,6,true,11.91,False,
1565828,2026-02-15T07:30:44.264261Z,2026-02-15,en-US,passwords-and-sign-in,thunderbird;android;needsinfo;passwords-and-sign-in;firefox-1470;,frank-solingen,Authentifizierung eines AOL Mailkontos funktioniert nicht,https://support.mozilla.org/questions/1565828,os:android,Android,,,,m:yahooemail,proto:imap;proto:smtp,,3,true,0.77,True,sfhowes
1565836,2026-02-15T08:20:42.873853Z,2026-02-15,en-US,send-and-receive-email,thunderbird;windows-11;send-and-receive-email;,songthrush1,Inbox shows huge number of emails but I can't see them. Thank you in advance. (locked),https://support.mozilla.org/questions/1565836,os:windows,Windows 11,,,,,,,1,true,7.14,False,
1565844,2026-02-15T10:11:25.763589Z,2026-02-15,en-US,send-and-receive-email,thunderbird;windows-11;send-and-receive-email;,donald.vosper,new password not recognised,https://support.mozilla.org/questions/1565844,os:windows,Windows 11,,140.7.1esr,140,m:btinternet,proto:smtp,,2,true,78.97,True,Toad-Hall
1565849,2026-02-15T10:38:21.954062Z,2026-02-15,en-US,passwords-and-sign-in,thunderbird;passwords-and-sign-in;,TenZilla,Yahoo Mail Login Error,https://support.mozilla.org/questions/1565849,os:windows,Windows 11 25H2,,147.0.1,147,m:yahooemail,,,0,false,,False,
1565852,2026-02-15T11:47:22.308295Z,2026-02-15,en-US,passwords-and-sign-in,thunderbird;windows-10;passwords-and-sign-in;,LundWFS,Welches ist das gewünschte Password?,https://support.mozilla.org/questions/1565852,os:windows,Windows 10,,,,,,,1,true,5.37,True,davidsk
1565856,2026-02-15T12:04:46.145324Z,2026-02-15,en-US,email-and-messaging,linux;thunderbird;email-and-messaging;,volvoj,"Moved emails to local folder, now about a 100 blank emails without any metadata all recieved at the same time appear.",https://support.mozilla.org/questions/1565856,os:linux,Linux,,,,,,,2,true,0.06,False,
1565860,2026-02-15T12:12:49.900282Z,2026-02-15,it,email-and-messaging,thunderbird;windows-11;email-and-messaging;,chiantor35,"ok, I don't know what wrong I did, but all my mail files under --RIMOSSO--@gmail.com disappeared, is it possible to have",https://support.mozilla.org/questions/1565860,os:windows,Windows 11,,,,m:gmail,,,2,true,3.27,True,'@next
1565867,2026-02-15T13:36:00.643941Z,2026-02-15,fi,send-and-receive-email,thunderbird;windows-11;send-and-receive-email;,aarno.laitila,"My thunderbird program receives message, but after the change of the operator the sending does not succeed.",https://support.mozilla.org/questions/1565867,os:windows,Windows 11,,,,,proto:smtp,,0,false,,False,
1565870,2026-02-15T14:03:41.279126Z,2026-02-15,cs,reset-passwords,thunderbird;windows-10;reset-passwords;,pavlikova.stranik,Passwords and sing in,https://support.mozilla.org/questions/1565870,os:windows,Windows 10,,,,,,,1,true,0.23,False,
1565876,2026-02-15T14:57:46.117470Z,2026-02-15,en-US,send-and-receive-email,thunderbird;windows-11;send-and-receive-email;,camp32,How to sync inbox folders across multiple desktops (same email),https://support.mozilla.org/questions/1565876,os:windows,Windows 11,,,,,,,3,true,0.19,False,
1565880,2026-02-15T15:11:49.002285Z,2026-02-15,en-US,connectivity,linux;thunderbird;needsinfo;connectivity;,kitchm1,"No Prompt For Password. Then ""Connection to server inbound.att.net timed out""",https://support.mozilla.org/questions/1565880,os:linux,Linux,,140.7.1esr,140,m:att,proto:pop,,13,true,2.87,False,
1565881,2026-02-15T15:15:25.580156Z,2026-02-15,en-US,crashing-and-slow-performance,thunderbird;windows-11;crashing-and-slow-performance;,songthrush1,Inbox shows 224 emails but I can't open,https://support.mozilla.org/questions/1565881,os:windows,Windows 11,,,,,,,6,true,0.26,False,
1565885,2026-02-15T15:26:36.641024Z,2026-02-15,en-US,profiles,thunderbird;windows-11;profiles;,mike750,Moving TD store to a different drive,https://support.mozilla.org/questions/1565885,os:windows,Windows 11,,147.0.1,147,,,,1,true,1.55,False,
1565889,2026-02-15T16:01:57.175604Z,2026-02-15,en-US,languages,thunderbird;languages;windows-1011;,johnm5,How do I put Greek characters into an email?  Is there a supplied font that includes Greek? I need to send some math ans,https://support.mozilla.org/questions/1565889,os:windows,Windows 10/11,,140.7.1esr,140,,,,2,true,1.67,False,
1565904,2026-02-15T17:45:11.465995Z,2026-02-15,en-US,email-and-messaging,thunderbird;email-and-messaging;,olevy,Emails partially disappeared,https://support.mozilla.org/questions/1565904,os:windows,Windows 10 22H2,,140.7.1esr.,140,,,,2,true,4.15,True,Mapenzi
1565914,2026-02-15T18:46:41.678393Z,2026-02-15,en-US,contacts,thunderbird;windows-11;contacts;,poohbear266,I was unable to complete the instructions sent to me by David to install my address book after having to reinstall Thund,https://support.mozilla.org/questions/1565914,os:windows,Windows 11,,,,,,,2,true,2.51,False,
1565915,2026-02-15T18:56:10.920926Z,2026-02-15,nl,search,thunderbird;search;windows-1011;,simon.hautekeete,Saved Search disappears after restart,https://support.mozilla.org/questions/1565915,os:windows,Windows 10/11,,147.0.1,147,,,,5,true,14.63,False,
1565919,2026-02-15T19:14:42.779510Z,2026-02-15,en-US,events,thunderbird;events;windows-1011;,pfvincent,Problem linking existing Thunderbird calendar to Google Calendar,https://support.mozilla.org/questions/1565919,os:windows,Windows 10/11,,140.7.1esr,140,,,,7,true,5.58,False,
1565924,2026-02-15T19:47:43.159918Z,2026-02-15,it,email-and-messaging,thunderbird;windows-10;email-and-messaging;,manliocazzato,e mail cancellate,https://support.mozilla.org/questions/1565924,os:windows,Windows 10,,,,,,,0,false,,False,
1565926,2026-02-15T20:05:16.535647Z,2026-02-15,nl,account-management,thunderbird;windows-11;account-management;,sprek.skik,How to remove special a account on Thunderbird,https://support.mozilla.org/questions/1565926,os:windows,Windows 11,,,,,,,1,true,13.43,False,
1565928,2026-02-15T20:07:56.738852Z,2026-02-15,en-US,customization,linux;thunderbird;customization;,Upplander,Type in Thunderbird on new computer not great,https://support.mozilla.org/questions/1565928,os:linux,Linux,,140.7.1esr,140,,,,2,true,0.87,False,
1565937,2026-02-15T20:46:19.854126Z,2026-02-15,en-US,send-and-receive-email,thunderbird;windows-10;send-and-receive-email;,tmmpgm,i cannot reply to my emails rec thru thunderbird,https://support.mozilla.org/questions/1565937,os:windows,Windows 10,,,,m:spectrum,,,1,true,11.44,False,
1565945,2026-02-15T22:08:28.602365Z,2026-02-15,en-US,install,thunderbird;windows-11;install;,johnmonsen1,Why do i keep getting asked for a donation but never get the product downloaded?,https://support.mozilla.org/questions/1565945,os:windows,Windows 11,,,,,,,5,true,0.84,True,wsmwk
1565947,2026-02-15T22:32:01.101095Z,2026-02-15,en-US,email-and-messaging,thunderbird;windows-10;email-and-messaging;,harry.kuehn,e-Mails nicht erhalten,https://support.mozilla.org/questions/1565947,os:windows,Windows 10,,???,,,,,1,true,14.6,False,
1565960,2026-02-16T01:34:56.937074Z,2026-02-16,en-US,settings,thunderbird;settings;mac-os-x-1015;,eci8,A week ago my Thunderbird email-app mysteriously switched to a very thinned-down and sparse email information presentati,https://support.mozilla.org/questions/1565960,os:macos,Mac OS x 10.15,,,,m:earthlink,,,1,true,12.06,False,
1565967,2026-02-16T02:49:10.699308Z,2026-02-16,en-US,attachments,thunderbird;windows-11;attachments;,richstar,I can't open my Attachments,https://support.mozilla.org/questions/1565967,os:windows,Windows 11,,,,,,,0,false,,False,
1565973,2026-02-16T04:14:19.294677Z,2026-02-16,en-US,passwords-and-sign-in,thunderbird;windows-11;passwords-and-sign-in;,crusader711,Can download emails but cannot open Mailwasher,https://support.mozilla.org/questions/1565973,os:windows,Windows 11,,,,,,,1,true,8.67,False,
1565980,2026-02-16T05:08:39.096567Z,2026-02-16,en-US,profiles,thunderbird;windows-10;profiles;,TT_26,Can Local Folders Directory be changed to external drive?,https://support.mozilla.org/questions/1565980,os:windows,Windows 10,,,,,proto:imap,,3,true,2.97,False,
1565981,2026-02-16T05:10:02.386827Z,2026-02-16,en-US,send-and-receive-email,thunderbird;windows-10;send-and-receive-email;,garant.oit,Ошибка отправки писем по smtp,https://support.mozilla.org/questions/1565981,os:windows,Windows 10,,147.0.1,147,,proto:smtp,,0,false,,False,
1565983,2026-02-16T06:16:19.183905Z,2026-02-16,en-US,passwords-and-sign-in,thunderbird;windows-11;passwords-and-sign-in;,thekoszyks,how to change password?,https://support.mozilla.org/questions/1565983,os:windows,Windows 11,,,,,,,1,true,667.89,False,
1565986,2026-02-16T06:38:10.181804Z,2026-02-16,en-US,send-and-receive-email,thunderbird;windows-10;send-and-receive-email;,moreta56,Thunderbird won't download messages from one of my email addresses,https://support.mozilla.org/questions/1565986,os:windows,Windows 10,,,,,,,1,true,6.25,False,
1565987,2026-02-16T07:32:42.153276Z,2026-02-16,es,send-and-receive-email,thunderbird;windows-11;send-and-receive-email;,chernandol,"I can't access to an specific email account, because of lack of permissions and insuficient disk space""",https://support.mozilla.org/questions/1565987,os:windows,Windows 11,,,,,,,1,true,36.69,False,
1566000,2026-02-16T09:00:02.956991Z,2026-02-16,nl,junk-mail-and-spam,thunderbird-android;junk-mail-and-spam;,vanriet.jp,Trash and junk,https://support.mozilla.org/questions/1566000,os:other,Oxygen OS 16,,16.1,,,,,7,true,0.43,True,vanriet.jp
1566001,2026-02-16T09:00:16.010129Z,2026-02-16,en-US,crashing-and-slow-performance,thunderbird;windows-11;crashing-and-slow-performance;,wolfram11,Fills up ram when minimized,https://support.mozilla.org/questions/1566001,os:windows,Windows 11,,147.0.1,147,,,,1,false,,True,wolfram11
1566002,2026-02-16T09:00:53.465501Z,2026-02-16,nl,junk-mail-and-spam,thunderbird;duplicate;junk-mail-and-spam;,vanriet.jp,Trash and junk,https://support.mozilla.org/questions/1566002,os:other,Oxygen OS 16,,16.1,,,,,1,true,0.37,False,
1566003,2026-02-16T09:12:51.828884Z,2026-02-16,en-US,email-and-messaging,thunderbird;windows-10;email-and-messaging;,bktuter,I accidentally deleted a Thunderbird folder that had saved emails in it (I thought the folder was empty) and now I am tr,https://support.mozilla.org/questions/1566003,os:windows,Windows 10,,140.7.1esr  20260123195141,140,,,,1,true,3.64,False,
1566007,2026-02-16T09:52:02.485263Z,2026-02-16,en-US,send-and-receive-email,thunderbird;windows-11;send-and-receive-email;,rg.alix,SMTP configuration for GMX,https://support.mozilla.org/questions/1566007,os:windows,Windows 11,,147.0.1,147,m:gmx,proto:imap;proto:smtp,,1,true,2.87,False,
1566016,2026-02-16T11:21:55.796645Z,2026-02-16,en-US,send-and-receive-email,thunderbird;windows-10;send-and-receive-email;,antifascist,Mozilla's e-mail address for reporting code of conduct violations is not accepting e-mails,https://support.mozilla.org/questions/1566016,os:windows,Windows 10,,,,m:gmail,,,7,true,3.15,True,antifascist
1566017,2026-02-16T11:26:24.464741Z,2026-02-16,it,send-and-receive-email,thunderbird;mac-os-x-1015;send-and-receive-email;,dongenchi,posta in exit account gmail non funziona,https://support.mozilla.org/questions/1566017,os:macos,Mac OS x 10.15,,147.0.1,147,m:gmail,,,0,false,,False,
1566018,2026-02-16T11:27:48.914927Z,2026-02-16,it,send-and-receive-email,thunderbird;windows-11;send-and-receive-email;,f-rosa,e-mail thunderbird - non sviluppa l'immagine,https://support.mozilla.org/questions/1566018,os:windows,Windows 11,,Versione 147.0.1,147,,,,0,false,,False,
1566019,2026-02-16T11:28:33.656136Z,2026-02-16,it,send-and-receive-email,thunderbird;send-and-receive-email;,renatogrisa,visualizzazione email,https://support.mozilla.org/questions/1566019,os:macos,Mac OS x 10_15_7,,,,,,,0,false,,False,
1566025,2026-02-16T12:13:05.137317Z,2026-02-16,en-US,send-and-receive-email,thunderbird;windows-11;send-and-receive-email;,cobourgladdie,email disappearing and appearing somewhere else,https://support.mozilla.org/questions/1566025,os:windows,Windows 11,,,,,,,1,true,0.37,False,
1566028,2026-02-16T12:20:47.750172Z,2026-02-16,en-US,customization,thunderbird;customization;,mdbonsall,"I have Thunderbird checking several email accounts, can I have them put everything in a single Inbox?",https://support.mozilla.org/questions/1566028,os:linux,Linux Mint (LMDE 7 Gigi),,140.7.1 esr,140,m:gmail,,,3,true,0.19,True,davidsk
1566044,2026-02-16T13:46:11.694298Z,2026-02-16,nl,send-and-receive-email,thunderbird;windows-11;send-and-receive-email;,chrisvanamersfoort4,"Haalt niet alle mail op (gmail), does not collect all mail from gmail",https://support.mozilla.org/questions/1566044,os:windows,Windows 11,,,,m:gmail,,,0,false,,False,
1566048,2026-02-16T14:19:08.952252Z,2026-02-16,en-US,events,thunderbird;events;,pec1909,Filter Calendar events by Category then sort by start,https://support.mozilla.org/questions/1566048,os:linux,Ubuntu (,,140.7.1esr,140,,,,0,false,,False,
1566049,2026-02-16T14:31:16.429981Z,2026-02-16,en-US,undefined,thunderbird;windows-11;undefined;,chiantor35,"ho inviato una risposta con il tasto ""Solved the problem""... bugia, problema tuttora esistente, Grazie.",https://support.mozilla.org/questions/1566049,os:windows,Windows 11,,,,,,,6,true,1.55,False,
1566053,2026-02-16T14:45:35.281840Z,2026-02-16,en-US,send-and-receive-email,thunderbird;windows-11;send-and-receive-email;,songthrush1,the inbox number of 224 are not there at all. Just blank. (locked),https://support.mozilla.org/questions/1566053,os:windows,Windows 11,,147.0.1currently on the release update channel,147,,,,1,true,1.4,False,
1566056,2026-02-16T14:51:17.150904Z,2026-02-16,en-US,send-and-receive-email,thunderbird;windows-11;send-and-receive-email;,ctemachine,I've been using Thunderbird and Fox for many years now. But suddenly I am not able to send FROM my account.,https://support.mozilla.org/questions/1566056,os:windows,Windows 11,,,,,,,3,true,1.0,False,
1566057,2026-02-16T15:15:17.134825Z,2026-02-16,en-US,calendar,thunderbird;calendar;windows-1011;,jblake24,I miss the old calendar fomat. How can I get it back?,https://support.mozilla.org/questions/1566057,os:windows,Windows 10/11,,,,,,,2,true,3.66,False,
1566062,2026-02-16T16:02:13.665697Z,2026-02-16,en-US,send-and-receive-email,thunderbird;windows-11;send-and-receive-email;,dave0judy,"Messages being sent, but process windows continues",https://support.mozilla.org/questions/1566062,os:windows,Windows 11,,147.0.1,147,,,,0,false,,False,
1566064,2026-02-16T16:23:21.290968Z,2026-02-16,en-US,crashing-and-slow-performance,thunderbird;windows-11;crashing-and-slow-performance;,susanmvh1,My email is running very slow especially when I am typing..,https://support.mozilla.org/questions/1566064,os:windows,Windows 11,,,,,,,1,true,2.35,True,Mapenzi
1566069,2026-02-16T16:42:45.219359Z,2026-02-16,en-US,customization,thunderbird;customization;windows-11;,yura_svcom,how to change the order of letters without branches,https://support.mozilla.org/questions/1566069,os:windows,Windows 11,,,,,,,2,true,1.23,True,rednoise
1566070,2026-02-16T16:44:21.815549Z,2026-02-16,en-US,connectivity,thunderbird;windows-11;connectivity;,clare.fairbairn,I can't access an email account,https://support.mozilla.org/questions/1566070,os:windows,Windows 11,,,,,,,0,false,,False,
1566077,2026-02-16T17:00:07.476076Z,2026-02-16,en-US,security,thunderbird;windows-10;security;,juergen,Data Protection on a Shared Computer,https://support.mozilla.org/questions/1566077,os:windows,Windows 10,,147.0.2,147,,proto:imap,,5,true,0.3,True,rednoise
1566078,2026-02-16T17:07:17.252218Z,2026-02-16,it,junk-mail-and-spam,thunderbird;windows-10;junk-mail-and-spam;,fineide78,problema con la posta in uscita,https://support.mozilla.org/questions/1566078,os:windows,Windows 10,,147.0.2,147,,,,1,true,1.7,False,
1566080,2026-02-16T17:15:57.372589Z,2026-02-16,it,reset-passwords,thunderbird;needsinfo;windows-10;reset-passwords;,luca.carnino,Password dimenticata,https://support.mozilla.org/questions/1566080,os:windows,Windows 10,,,,,,,1,true,1.49,False,
1566081,2026-02-16T17:31:36.139063Z,2026-02-16,en-US,send-and-receive-email,thunderbird;windows-11;send-and-receive-email;,martin388,Strange content in new emails in Thunderbird.,https://support.mozilla.org/questions/1566081,os:windows,Windows 11,,147.0.1,147,,,,2,true,0.85,True,martin388
1566083,2026-02-16T17:47:29.663540Z,2026-02-16,en-US,email-and-messaging,linux;thunderbird;email-and-messaging;,Frank207,almost all mails in sub folders of inbox have disappeared,https://support.mozilla.org/questions/1566083,os:linux,Linux,,140.7.1esr,140,,proto:pop,,5,true,0.88,False,
1566084,2026-02-16T17:48:21.824658Z,2026-02-16,en-US,send-and-receive-email,thunderbird;windows-11;send-and-receive-email;,christianroche12,Outgoing messages refuse to send with thunderbird,https://support.mozilla.org/questions/1566084,os:windows,Windows 11,,,,,proto:imap,,5,true,0.59,True,christianroche12
1566088,2026-02-16T18:08:01.249522Z,2026-02-16,en-US,encryption,linux;thunderbird;encryption;,zwergziege,Support for PGP/inline,https://support.mozilla.org/questions/1566088,os:linux,Linux,,,,m:spectrum,,,0,false,,False,
1566092,2026-02-16T18:27:27.852991Z,2026-02-16,es,send-and-receive-email,thunderbird;send-and-receive-email;windows-1011;,javiyo_04,Hotmail inbox connectivity problem: unknown error,https://support.mozilla.org/questions/1566092,os:windows,Windows 10/11,,,,m:microsoftemail,,,0,false,,False,
1566095,2026-02-16T18:32:54.047493Z,2026-02-16,en-US,events,thunderbird;windows-11;events;,EastTenn,Is there a way to force the calendar to keep an event reminder until I dismiss it?,https://support.mozilla.org/questions/1566095,os:windows,Windows 11,,140.7,140,,,,0,false,,False,
1566097,2026-02-16T18:38:38.320810Z,2026-02-16,en-US,calendar,thunderbird;calendar;,timdier,"Month view in Calendar, can I navigate to different days using keyboard?",https://support.mozilla.org/questions/1566097,os:macos,Mac OS 26.3,,147.0.1,147,,,,2,true,4.07,False,
1566102,2026-02-16T18:59:54.763168Z,2026-02-16,en-US,settings,thunderbird;settings;needsinfo;,dilan.adler,Critical UI regression and usability issues in recent rollout,https://support.mozilla.org/questions/1566102,,,,,,,,,4,true,0.93,False,
1566118,2026-02-16T20:11:38.250092Z,2026-02-16,en-US,junk-mail-and-spam,thunderbird;junk-mail-and-spam;,timdier,Junk Section is missing from Settings\Privacy & Security page,https://support.mozilla.org/questions/1566118,os:macos,Mac OS 26.3,,147.0.2,147,m:microsoftemail,,,1,true,2.07,False,
1566130,2026-02-16T21:26:21.677850Z,2026-02-16,en-US,send-and-receive-email,thunderbird;windows-11;send-and-receive-email;,admin1003,"Trying to send mailmerge. After I fillout Mail Merge dialog box and click send, a blank dialog box opens, then I can't d",https://support.mozilla.org/questions/1566130,os:windows,Windows 11,,,,,,,1,true,0.2,False,
1566132,2026-02-16T21:35:21.567254Z,2026-02-16,en-US,crashing-and-slow-performance,thunderbird;windows-11;crashing-and-slow-performance;,mje2378,"when thunderbird opens up, it is always in Troubleshoot Mode and I'm not sure how to correctly handle it",https://support.mozilla.org/questions/1566132,os:windows,Windows 11,,,,,,,1,true,0.1,False,
1566133,2026-02-16T21:39:10.780183Z,2026-02-16,en-US,customization,thunderbird;customization;windows-11;,prostock,Using Thunderbird it leaves an empty space between lines.,https://support.mozilla.org/questions/1566133,os:windows,Windows 11,,,,,,,1,true,0.13,False,
1566139,2026-02-16T22:38:20.884049Z,2026-02-16,en-US,installation-and-updates,thunderbird;installation-and-updates;,vak0181,How do I get Thunderbird on my iPhone synced from my desktop?,https://support.mozilla.org/questions/1566139,,,,,,,,,1,true,13.44,False,
1566141,2026-02-16T22:53:49.441586Z,2026-02-16,en-US,extensions,thunderbird;windows-11;extensions;,rogerandjennifer,Extensions in toolbars,https://support.mozilla.org/questions/1566141,os:windows,Windows 11,,147.0.2,147,m:microsoftemail,,,1,true,9.4,False,
1566147,2026-02-16T23:57:11.176750Z,2026-02-16,en-US,events,thunderbird;events;,chperry.222,import of *.ics is extremely slow.  The received data cannot be edited in Thunderbird.,https://support.mozilla.org/questions/1566147,os:linux,Linux mint 22.2,,,,,,,3,true,124.99,False,
1566153,2026-02-17T00:58:08.625866Z,2026-02-17,en-US,customization,thunderbird;customization;windows-11;,n.mcmillan,how do I get back the 'write' button on Thunderbird mail,https://support.mozilla.org/questions/1566153,os:windows,Windows 11,,,,,,,1,true,1.26,False,
1566154,2026-02-17T01:06:00.878521Z,2026-02-17,en-US,email-and-messaging,thunderbird;windows-11;email-and-messaging;,txgm1,All my emails have disappeared,https://support.mozilla.org/questions/1566154,os:windows,Windows 11,,,,,,,1,true,13.09,False,
1566179,2026-02-17T05:29:17.062249Z,2026-02-17,en-US,customization,thunderbird;customization;windows-11;,Creid,No columna in message list 147.0.2,https://support.mozilla.org/questions/1566179,os:windows,Windows 11,,147.0.2,147,,,,1,true,2.55,True,siffemoz
1566181,2026-02-17T06:11:38.482979Z,2026-02-17,it,send-and-receive-email,thunderbird;send-and-receive-email;windows-1011;,massimo.biancucci,"Filter rule ends with: ""Could not get folder db"".",https://support.mozilla.org/questions/1566181,os:windows,Windows 10/11,,,,,,,1,true,1.2,False,
1566193,2026-02-17T08:35:45.301913Z,2026-02-17,es,send-and-receive-email,thunderbird;send-and-receive-email;windows-1011;,aliciablancoibanez4,Problemas con el envio de correos,https://support.mozilla.org/questions/1566193,os:windows,Windows 10/11,,,,,,,1,true,10.31,False,
1566194,2026-02-17T08:41:41.122002Z,2026-02-17,en-US,send-and-receive-email,thunderbird;windows-10;send-and-receive-email;,mccombiejohn,Thunderbird Inbox no longer receiving emails,https://support.mozilla.org/questions/1566194,os:windows,Windows 10,,,,,,,3,true,9.07,False,
1566195,2026-02-17T09:13:14.104148Z,2026-02-17,en-US,contacts,thunderbird;windows-11;contacts;,tierny.bernard,Mise à jour messagerie Thundebird et importer les contacts de orange sur tbhunderbird,https://support.mozilla.org/questions/1566195,os:windows,Windows 11,,,,m:orange,,,2,true,3.19,False,
1566200,2026-02-17T12:02:42.676641Z,2026-02-17,en-US,email-and-messaging,thunderbird;windows-11;email-and-messaging;,helmut.koecher,"Ordner ""verschwunden""",https://support.mozilla.org/questions/1566200,os:windows,Windows 11,,147.1,147,m:microsoftemail,,,3,true,0.34,True,davidsk
1566203,2026-02-17T12:36:16.289737Z,2026-02-17,en-US,send-and-receive-email,thunderbird;windows-11;send-and-receive-email;,john1192,sending emails to hotmail users,https://support.mozilla.org/questions/1566203,os:windows,Windows 11,,140.7.2 esr,140,m:gmail;m:microsoftemail,proto:smtp,,2,true,3.48,False,
1566216,2026-02-17T14:30:44.461752Z,2026-02-17,en-US,customization,thunderbird;customization;windows-11;,helmut.koecher,Ordner verschwunden,https://support.mozilla.org/questions/1566216,os:windows,Windows 11,,147.1,147,m:microsoftemail,proto:imap,,1,true,4.2,False,
1566222,2026-02-17T14:50:24.926668Z,2026-02-17,en-US,send-and-receive-email,thunderbird;windows-11;send-and-receive-email;,konrad.fedec,Unable to Log In to Onet Email Account in Thunderbird,https://support.mozilla.org/questions/1566222,os:windows,Windows 11,,,,m:gmail,,,3,true,3.83,False,
1566230,2026-02-17T15:13:57.602401Z,2026-02-17,en-US,send-and-receive-email,thunderbird;windows-11;send-and-receive-email;,odyssey.absolute.02,突然yahooメールが受信できなくなりました。,https://support.mozilla.org/questions/1566230,os:windows,Windows 11,,,,m:yahooemail,,,0,false,,False,
1566242,2026-02-17T16:31:42.994757Z,2026-02-17,nl,install,thunderbird;windows-10;install;,mjansen056,"Er wordt een hoofdwachtwoord gevraagd, sinds ik gevaagd heb om te updaten.",https://support.mozilla.org/questions/1566242,os:windows,Windows 10,,,,,,,1,true,17.68,False,
1566244,2026-02-17T16:35:10.788492Z,2026-02-17,en-US,contacts,thunderbird;needsinfo;windows-11;contacts;,waltf1,How can I import an address book from a backup profile of another thunderbird installation,https://support.mozilla.org/questions/1566244,os:windows,Windows 11,,147.0.1,147,,,,3,true,0.28,False,
1566245,2026-02-17T16:46:46.728179Z,2026-02-17,en-US,contacts,thunderbird;windows-11;contacts;,jkl6,How do a move an address group to a different address book?,https://support.mozilla.org/questions/1566245,os:windows,Windows 11,,,,,,,3,true,0.3,False,
1566247,2026-02-17T16:57:03.689895Z,2026-02-17,en-US,send-and-receive-email,thunderbird;needsinfo;windows-11;send-and-receive-email;,bob.fannon,Sending messages from Thunderbird via Outlook server results in error,https://support.mozilla.org/questions/1566247,os:windows,Windows 11,,128.7.0esr,128,m:microsoftemail;m:icloud,proto:smtp;proto:pop;proto:oauth,,3,true,2.18,False,
1566249,2026-02-17T17:00:12.978811Z,2026-02-17,en-US,send-and-receive-email,thunderbird;windows-11;send-and-receive-email;,hellnbak,"I spent hours yesterday deleting and moving to local folders over 6,000 emails. Today they are all back!",https://support.mozilla.org/questions/1566249,os:windows,Windows 11,,147.0.2,147,,,,17,true,0.13,True,Toad-Hall
1566250,2026-02-17T17:02:15.194354Z,2026-02-17,en-US,update,thunderbird;windows-10;update;,wgalonska,since last update no sounds on incoming news although test in adjustments works,https://support.mozilla.org/questions/1566250,os:windows,Windows 10,,,,,,,2,true,1.25,False,
1566262,2026-02-17T18:24:06.519950Z,2026-02-17,en-US,send-and-receive-email,thunderbird;windows-11;send-and-receive-email;,barry84,"Outgoing emails are typed up, and I hit send,but are not opened or received at the other end. Incoming is OK",https://support.mozilla.org/questions/1566262,os:windows,Windows 11,,,,,,,2,true,0.34,False,
1566263,2026-02-17T18:42:20.972621Z,2026-02-17,es,install,windows-7;thunderbird;install;,galeriaestudi,que version instalar para un windows 7.0 profesional ?,https://support.mozilla.org/questions/1566263,os:windows,Windows 7,,,,,,,1,true,0.07,False,
1566274,2026-02-17T19:56:36.876582Z,2026-02-17,en-US,account-management,thunderbird;windows-11;account-management;,redacted,How do we make left column show everything below last Account name?,https://support.mozilla.org/questions/1566274,os:windows,Windows 11,,147.0.1,147,,,,25,true,1.49,True,Mapenzi
1566279,2026-02-17T20:59:19.938754Z,2026-02-17,en-US,contacts,thunderbird;windows-11;contacts;firefox-1460;firefox-14601;,rher3678,Address sidebar contents disappear after turning on to send message. The side bar is still there but no contents.,https://support.mozilla.org/questions/1566279,os:windows,Windows 11,,,,,,,3,true,92.44,True,Toad-Hall
1566293,2026-02-17T22:31:02.112180Z,2026-02-17,en-US,update,thunderbird;windows-10;update;,viksmellc,Artifacts have appeared within the program.,https://support.mozilla.org/questions/1566293,os:windows,Windows 10,,,,m:yandex,,,2,true,9.49,True,siffemoz
1566297,2026-02-17T23:12:04.202457Z,2026-02-17,en-US,save-passwords,thunderbird;windows-11;save-passwords;,laurelmurphy,I am repeatedly asked for password,https://support.mozilla.org/questions/1566297,os:windows,Windows 11,,most recent version,,m:fastmail,proto:smtp,,1,true,0.67,False,
1566298,2026-02-17T23:29:38.690761Z,2026-02-17,en-US,send-and-receive-email,thunderbird;windows-11;send-and-receive-email;,rquicksr,why are all of my incoming emails being archived by Thunderbird?,https://support.mozilla.org/questions/1566298,os:windows,Windows 11,,147.0.1,147,,,,1,true,10.72,False,
1566301,2026-02-17T23:49:19.823537Z,2026-02-17,en-US,passwords-and-sign-in,windows-7;thunderbird;passwords-and-sign-in;,jericalbert1,"I had to change my Hotmail password and your ""Help"" doesn't help me change it in TB",https://support.mozilla.org/questions/1566301,os:windows,Windows 7,,,,m:gmail;m:microsoftemail,,,9,true,15.13,True,sfhowes
1566316,2026-02-18T02:32:54.053772Z,2026-02-18,en-US,crashing-and-slow-performance,thunderbird;windows-11;crashing-and-slow-performance;,susanmvh1,I  cannot open  Thunderbird at all and can type this  only with  a delay,https://support.mozilla.org/questions/1566316,os:windows,Windows 11,,,,,,,1,true,7.45,False,
1566319,2026-02-18T02:44:34.353825Z,2026-02-18,en-US,save-passwords,thunderbird;windows-10;save-passwords;,transam98,Thunderbird keeps asking me for my google passwords over and over,https://support.mozilla.org/questions/1566319,os:windows,Windows 10,,,,m:gmail,proto:imap,,1,true,86.59,False,
1566327,2026-02-18T03:10:14.530919Z,2026-02-18,en-US,email-and-messaging,thunderbird;windows-10;email-and-messaging;,dacyak,"selected new email address as default, deleted old address, old email all gone?",https://support.mozilla.org/questions/1566327,os:windows,Windows 10,,Tbird version is current,,m:yahooemail,,,5,true,11.66,False,
1566337,2026-02-18T04:36:25.022188Z,2026-02-18,en-US,calendar,thunderbird;calendar;windows-1011;,xyz10,"How do I transfer the thunderbird calendar to a new computer (win 10 to win 11, as well)",https://support.mozilla.org/questions/1566337,os:windows,Windows 10/11,,147.0.2 64 bit,147,,,,2,true,14.79,True,rednoise
1566339,2026-02-18T05:02:07.667275Z,2026-02-18,en-US,customization,thunderbird;windows-10;customization;,anturium151222,Tell me the setting for adding an email account via the policies.json file.,https://support.mozilla.org/questions/1566339,os:windows,Windows 10,,147.0.2,147,,,,1,true,9.83,False,
1566340,2026-02-18T05:03:55.442478Z,2026-02-18,en-US,email-and-messaging,thunderbird;windows-11;email-and-messaging;,info8925,２週間分の受信メールが消えたときの解決策,https://support.mozilla.org/questions/1566340,os:windows,Windows 11,,140.7.1esr,140,,,,0,false,,False,
1566349,2026-02-18T06:20:09.251081Z,2026-02-18,en-US,import-and-export-email,thunderbird;windows-11;import-and-export-email;,qualtrak,"How do I access all my historical Email data (address books, Archives, Folders etc etc) in my new laptop?",https://support.mozilla.org/questions/1566349,os:windows,Windows 11,,,,,,,3,true,3.58,False,
1566350,2026-02-18T06:23:15.588027Z,2026-02-18,en-US,calendar,thunderbird;calendar;windows-11;,gorm51,Task notification dialog does not show up,https://support.mozilla.org/questions/1566350,os:windows,Windows 11,,140.7.2esr,140,,,,0,false,,False,
1566365,2026-02-18T08:23:35.915207Z,2026-02-18,it,send-and-receive-email,thunderbird;windows-11;send-and-receive-email;,maurossola,Invio del messaggio non riuscito. Si è verificato un errore durante l’invio della posta. Il server di posta ha risposto:,https://support.mozilla.org/questions/1566365,os:windows,Windows 11,,147.0.2,147,,,,1,true,0.07,True,'@next
1566385,2026-02-18T10:57:56.949799Z,2026-02-18,en-US,customization,thunderbird;customization;windows-11;,eme92,Thunderbird. Text of messages no longer display.  Only links to website appear.,https://support.mozilla.org/questions/1566385,os:windows,Windows 11,,140.7.2esr,140,,,,3,true,3.72,True,davidsk
1566386,2026-02-18T11:05:58.133281Z,2026-02-18,en-US,send-and-receive-email,thunderbird;windows-11;send-and-receive-email;,philipchandler,Trouble with putting Thunderbird onto my Mobile,https://support.mozilla.org/questions/1566386,os:windows,Windows 11,,latest as of 17th Feb 2026,,,,,1,false,,True,philipchandler
1566391,2026-02-18T11:43:34.696388Z,2026-02-18,en-US,email-and-messaging,thunderbird;windows-11;email-and-messaging;,dmdouglas,HOW DO I DELETE ALL MY EMAILS AT ONCE,https://support.mozilla.org/questions/1566391,os:windows,Windows 11,,,,,,,1,true,0.14,False,
1566395,2026-02-18T12:40:38.803624Z,2026-02-18,en-US,security,thunderbird;windows-11;security;,familie_tomasina,Hello. Message: this certificate is not valid for this server. somebody is trying to cozen you. Thanks,https://support.mozilla.org/questions/1566395,os:windows,Windows 11,,147.7.2 esr,147,,,,1,true,88.18,True,MattAuSupport
1566397,2026-02-18T12:49:25.700347Z,2026-02-18,en-US,send-and-receive-email,thunderbird;windows-11;send-and-receive-email;,zergiebel50,"In der Adresszeile steht immer - , so dass keine email gesendet werden kann!",https://support.mozilla.org/questions/1566397,os:windows,Windows 11,,,,,,,1,true,10.21,False,
1566407,2026-02-18T14:56:29.736428Z,2026-02-18,pt-BR,contacts,thunderbird;windows-11;contacts;,lynk.pg,CardDAV,https://support.mozilla.org/questions/1566407,os:windows,Windows 11,,,,,proto:carddav,,0,false,,False,
1566414,2026-02-18T15:50:03.532922Z,2026-02-18,it,send-and-receive-email,thunderbird;needsinfo;windows-11;send-and-receive-email;,info10582,"Buongiorno, non riesco a cancellare le mail ,, e nemmeno riceverle, ho bisogno di aiuto prima possibile..",https://support.mozilla.org/questions/1566414,os:windows,Windows 11,,,,,,,1,true,0.97,False,
1566426,2026-02-18T16:51:28.539724Z,2026-02-18,en-US,install,thunderbird;install;,rodney.jmarois,thunder bird for imac,https://support.mozilla.org/questions/1566426,os:macos,Mac OS x 10_15_7,,,,,,,1,true,6.08,False,
1566427,2026-02-18T16:53:26.006196Z,2026-02-18,en-US,connectivity,thunderbird;windows-11;connectivity;,rrirower,Spectrum IMAP sign in faailure,https://support.mozilla.org/questions/1566427,os:windows,Windows 11,,140.7.2esr,140,m:spectrum,proto:imap,,0,false,,False,
1566431,2026-02-18T17:10:42.585734Z,2026-02-18,en-US,send-and-receive-email,thunderbird;windows-11;send-and-receive-email;,keanphil,I can no longer download my email from centurylink.net to Thunderbird.,https://support.mozilla.org/questions/1566431,os:windows,Windows 11,,,,m:centurylink,proto:pop,,1,true,5.7,False,
1566434,2026-02-18T17:43:25.411874Z,2026-02-18,en-US,account-management,linux;thunderbird;account-management;,mhasbach1,thunderbird settings for spectrum email,https://support.mozilla.org/questions/1566434,os:linux,Linux,,,,m:spectrum,,,1,true,1.45,False,
1566436,2026-02-18T17:55:33.522950Z,2026-02-18,en-US,performance-and-connectivity,thunderbird;windows-11;performance-and-connectivity;,mdewees14,where are my folders on my desktop?  disappeared.,https://support.mozilla.org/questions/1566436,os:windows,Windows 11,,,,,,,0,false,,False,
1566439,2026-02-18T18:19:18.383697Z,2026-02-18,en-US,attachments,thunderbird;windows-11;attachments;,kepeduh,How to hide the attachments from an attached EML file,https://support.mozilla.org/questions/1566439,os:windows,Windows 11,,140.7.2.esr,140,,,,1,true,3.87,False,
1566442,2026-02-18T18:40:11.950259Z,2026-02-18,en-US,extensions,thunderbird;windows-11;extensions;,sandy2tom,how to add Deselect on Delete,https://support.mozilla.org/questions/1566442,os:windows,Windows 11,,,,,,,3,true,0.21,False,
1566444,2026-02-18T18:41:44.457851Z,2026-02-18,en-US,junk-mail-and-spam,thunderbird;needsinfo;microsoft;junk-mail-and-spam;,cichowskibarb,I have an old versionn of thunderbird and need to know how to write a filter for spam.  Am still on Windows Microsoft 7.,https://support.mozilla.org/questions/1566444,os:other,Microsoft,,,,,,,2,true,0.96,False,
1566445,2026-02-18T18:52:42.034334Z,2026-02-18,en-US,email-and-messaging,thunderbird;windows-11;email-and-messaging;,drwin,I can't open an email account even though I'm using the information provided by Thunderbird,https://support.mozilla.org/questions/1566445,os:windows,Windows 11,,147.0.2,147,m:spectrum,,,3,true,3.59,False,
1566447,2026-02-18T19:08:04.406433Z,2026-02-18,en-US,reset-passwords,windows-7;thunderbird;reset-passwords;,rayrgal1,I can't use thunderbird because I forgot my original password,https://support.mozilla.org/questions/1566447,os:windows,Windows 7,,,,,,,1,true,0.48,False,
1566455,2026-02-18T20:26:45.818803Z,2026-02-18,en-US,send-and-receive-email,thunderbird;windows-11;send-and-receive-email;,peach.worm,"I can receive emails but when I try to forward or reply, it says limitations on sending email. Sometimes it will send th",https://support.mozilla.org/questions/1566455,os:windows,Windows 11,,,,,,,1,true,0.76,False,
1566458,2026-02-18T21:02:36.793526Z,2026-02-18,en-US,email-and-messaging,linux;thunderbird;email-and-messaging;,shawn..,Misleading design puts Local Folders data at HIGH Risk,https://support.mozilla.org/questions/1566458,os:linux,Linux,,140.7.1esr,140,,proto:imap,,3,true,0.21,False,
1566459,2026-02-18T21:21:12.206101Z,2026-02-18,it,send-and-receive-email,thunderbird;windows-10;send-and-receive-email;,siroliver9,Starting a new message,https://support.mozilla.org/questions/1566459,os:windows,Windows 10,,,,,,,0,false,,False,
1566464,2026-02-18T22:21:00.530577Z,2026-02-18,en-US,email-and-messaging,linux;thunderbird;email-and-messaging;,ssliackus,When ThunderMail and Pro will be available?,https://support.mozilla.org/questions/1566464,os:linux,Linux,,,,,,,3,true,13.48,True,wsmwk
1566484,2026-02-19T02:21:19.170944Z,2026-02-19,en-US,crashing-and-slow-performance,thunderbird;windows-11;crashing-and-slow-performance;,jinduoxu1020,unusual large disk space,https://support.mozilla.org/questions/1566484,os:windows,Windows 11,,,,,,,1,true,9.41,False,
1566499,2026-02-19T05:07:03.313371Z,2026-02-19,en-US,app-crash,thunderbird;windows-11;app-crash;,Wolfgang_Beu,Thunderbird wiederherstellen,https://support.mozilla.org/questions/1566499,os:windows,Windows 11,,,,,,,1,true,3.1,True,Mapenzi
1566502,2026-02-19T06:06:38.135970Z,2026-02-19,en-US,install,thunderbird;windows-11;install;,y112,two versions installed in same folder;  afraid to uninstall one,https://support.mozilla.org/questions/1566502,os:windows,Windows 11,,,,,,,5,true,5.57,True,davidsk
1566505,2026-02-19T07:00:50.565952Z,2026-02-19,en-US,send-and-receive-email,thunderbird;windows-11;send-and-receive-email;,t-okuno,同じメールが重複して受信される現象が起きており、表示時間は同じだが受信される実際の時間はバラバラという現象がおきている,https://support.mozilla.org/questions/1566505,os:windows,Windows 11,,,,,,,0,false,,False,
1566522,2026-02-19T09:20:26.512843Z,2026-02-19,en-US,attachments,thunderbird;attachments;,davidefiorini96,Detach attachment in eml signed file,https://support.mozilla.org/questions/1566522,,,,,,,,,1,true,67.51,False,
1566523,2026-02-19T09:21:40.668395Z,2026-02-19,en-US,connectivity,thunderbird;connectivity;,alaingedin,sudden dificulty to connect thunderbird to my account imap.gmail.com,https://support.mozilla.org/questions/1566523,os:macos,Mac OS Tahoe 26.3,,140.7.2 esr,140,m:gmail,proto:imap,,2,true,67.46,True,MattAuSupport
1566540,2026-02-19T11:18:39.309904Z,2026-02-19,en-US,email-and-messaging,thunderbird;windows-10;email-and-messaging;,rgh46,Archiving muliple accounts in TB!,https://support.mozilla.org/questions/1566540,os:windows,Windows 10,,,,,,,1,true,5.19,False,
1566544,2026-02-19T11:53:05.420592Z,2026-02-19,en-US,crashing-and-slow-performance,thunderbird;windows-11;crashing-and-slow-performance;,firefox3254,Thunderbird Excessive Memory Use - Over 3GB,https://support.mozilla.org/questions/1566544,os:windows,Windows 11,,,,,,,5,true,5.71,False,
1566546,2026-02-19T11:55:32.058741Z,2026-02-19,en-US,junk-mail-and-spam,thunderbird;windows-11;junk-mail-and-spam;,philsdream,Unsolicited emails not marked as read,https://support.mozilla.org/questions/1566546,os:windows,Windows 11,,140.7.1esr,140,,,,1,false,,False,
1566557,2026-02-19T12:46:56.000206Z,2026-02-19,en-US,calendar,thunderbird;calendar;windows-1011;,hor.schneider,Synchronisation Google Calender on Smartphone with Thunderbird 147.0.2 (Windows) Calender,https://support.mozilla.org/questions/1566557,os:windows,Windows 10/11,,147.0.2,147,,,,1,true,5.26,True,sfhowes
1566558,2026-02-19T12:48:31.769697Z,2026-02-19,en-US,customization,thunderbird;customization;,david.ledger,"When Thunderbird starts up, all folders and sub-folders open up. New install on new disk. Old copy rarely did.",https://support.mozilla.org/questions/1566558,os:linux,Ubuntu 24 - as a  Snap,,140.7.1esr,140,,,,0,false,,False,
1566561,2026-02-19T13:18:44.384381Z,2026-02-19,en-US,calendar,thunderbird;calendar;windows-11;,jimcandela,How do I select a specific calendar to unsubscribe?,https://support.mozilla.org/questions/1566561,os:windows,Windows 11,,140.7.2esr,140,,,,6,true,5.43,True,christ1
1566565,2026-02-19T13:56:49.966869Z,2026-02-19,en-US,passwords-and-sign-in,thunderbird;windows-10;passwords-and-sign-in;,pm.griveaux,comment retrouver le mot de passe de thunderbird,https://support.mozilla.org/questions/1566565,os:windows,Windows 10,,,,,,,1,true,1.51,False,
1566569,2026-02-19T14:28:41.837256Z,2026-02-19,en-US,encryption,linux;thunderbird;encryption;,actionmystique,PKCS # 12 operation failed for unknown reason when importing an S/MIME client certificate,https://support.mozilla.org/questions/1566569,os:linux,Linux,,2:1snap1-0ubuntu3,,,,,3,true,4.18,False,
1566571,2026-02-19T14:50:50.113722Z,2026-02-19,en-US,send-and-receive-email,thunderbird;windows-11;send-and-receive-email;,quartzquest,"This morning, after subscribing some new members to my Gardenplot blog, I was unable to access my inbox which was empty ",https://support.mozilla.org/questions/1566571,os:windows,Windows 11,,,,m:gmail,,,1,true,1.85,False,
1566573,2026-02-19T14:54:46.595670Z,2026-02-19,en-US,passwords-and-sign-in,thunderbird;mac-os-x-1015;passwords-and-sign-in;,tim141,Sign-in to email not recognised,https://support.mozilla.org/questions/1566573,os:macos,Mac OS x 10.15,,,,,,,5,true,93.78,False,
1566579,2026-02-19T15:34:08.553686Z,2026-02-19,en-US,customization,thunderbird;windows-10;customization;,diemer1,Email Printing Problem,https://support.mozilla.org/questions/1566579,os:windows,Windows 10,,,,,,,1,true,0.81,True,Mapenzi
1566582,2026-02-19T15:49:00.564685Z,2026-02-19,en-US,extensions,thunderbird;windows-10;extensions;,lesa.hoffman,outlook exchange returns error on startup,https://support.mozilla.org/questions/1566582,os:windows,Windows 10,,140.7.2esr,140,m:microsoftemail,,,2,true,60.96,True,MattAuSupport
1566587,2026-02-19T16:07:06.181361Z,2026-02-19,en-US,passwords-and-sign-in,thunderbird;passwords-and-sign-in;windows-1011;,tigre11451,je n'arrive plus a me connecter a mon compte,https://support.mozilla.org/questions/1566587,os:windows,Windows 10/11,,,,,,,1,true,0.14,False,
1566590,2026-02-19T16:20:08.397071Z,2026-02-19,en-US,email-and-messaging,thunderbird;windows-11;email-and-messaging;,ku.meier,"unter Thunderbird gibt es keine möglichkeit eine mail auszudrucken, das ist mist. Ich werde deshalb Thunderbird von mein",https://support.mozilla.org/questions/1566590,os:windows,Windows 11,,,,,,,2,true,8.29,True,ku.meier
1566601,2026-02-19T17:25:58.376306Z,2026-02-19,it,send-and-receive-email,thunderbird;android;send-and-receive-email;,antonio.ricc,Imap Idle Issue on Thunderbird Android,https://support.mozilla.org/questions/1566601,os:android,Android,,,,m:microsoftemail,proto:imap,,1,true,0.35,False,
1566611,2026-02-19T18:12:36.405656Z,2026-02-19,en-US,calendar,thunderbird;calendar;windows-11;,firefox@vangelder.nl,editing thunderbird calendar,https://support.mozilla.org/questions/1566611,os:windows,Windows 11,,,,,,,1,false,,False,
1566614,2026-02-19T18:27:40.452438Z,2026-02-19,en-US,send-and-receive-email,thunderbird;windows-11;send-and-receive-email;,Recordingtenor,Unable to sucessfully add new email account,https://support.mozilla.org/questions/1566614,os:windows,Windows 11,,147.0.4,147,m:microsoftemail;m:virginmedia,,,2,true,90.59,True,Toad-Hall
1566616,2026-02-19T18:50:33.285127Z,2026-02-19,en-US,send-and-receive-email,thunderbird;windows-10;send-and-receive-email;,advisory,"Jag har inget ""Skicka""-alternativ när jag skrivit ett mejl.",https://support.mozilla.org/questions/1566616,os:windows,Windows 10,,,,,,,1,true,0.86,False,
1566622,2026-02-19T19:25:54.007010Z,2026-02-19,en-US,connectivity,thunderbird;connectivity;,alicetrillianosako,Getting Cloudflare Captcha in a loop when accessing Extensions Download,https://support.mozilla.org/questions/1566622,os:linux,"Manjaro Linux 26.0, kernel 6.18.8-1, XFCE desktop enviroment",,147.0.1,147,,,,4,true,57.31,False,
1566629,2026-02-19T20:03:34.508683Z,2026-02-19,tr,extensions,thunderbird;extensions;windows-1011;,omurdeep,upper case like outlook,https://support.mozilla.org/questions/1566629,os:windows,Windows 10/11,,,,m:microsoftemail,,,1,true,21.17,False,
1566630,2026-02-19T20:18:46.273272Z,2026-02-19,en-US,calendar,linux;thunderbird;calendar;,arvana,How to turn off repeat calendar alerts?,https://support.mozilla.org/questions/1566630,os:linux,Linux,,140.7.1esr,140,,,,3,true,18.65,False,
1566637,2026-02-19T20:42:32.708912Z,2026-02-19,en-US,accounts,thunderbird;accounts;windows-11;,wdwb1966,my app has disapeared from my laptop,https://support.mozilla.org/questions/1566637,os:windows,Windows 11,,,,,,,1,true,2.49,False,
1566640,2026-02-19T21:27:28.904366Z,2026-02-19,es,install,thunderbird;needsinfo;install;,exitomartineznataly,no puedo instalar Thunderbird en mi Mac,https://support.mozilla.org/questions/1566640,,,,,,,,,1,true,26.48,False,
1566646,2026-02-19T21:57:03.012301Z,2026-02-19,en-US,account-management,thunderbird;windows-10;account-management;,lesage_michel,Demande de mot de passe qui s'affiche sans arrêt,https://support.mozilla.org/questions/1566646,os:windows,Windows 10,,,,,,,1,true,15.24,False,
1566647,2026-02-19T22:00:21.981781Z,2026-02-19,en-US,send-and-receive-email,windows;thunderbird;send-and-receive-email;,mwshingler,Email message filter frequency,https://support.mozilla.org/questions/1566647,os:windows,Windows,,,,,,,1,true,89.22,True,Toad-Hall
1566658,2026-02-19T23:28:51.074977Z,2026-02-19,en-US,account-management,thunderbird;account-management;windows-1011;,halcar,installing my thunderbird program on my computer after reinstalling windows,https://support.mozilla.org/questions/1566658,os:windows,Windows 10/11,,latest from websit,,m:yahooemail;m:att,proto:pop,,1,true,13.03,False,
1566693,2026-02-20T06:23:38.916281Z,2026-02-20,tr,import-and-export-email,thunderbird;windows-10;import-and-export-email;,serhantedex,pst files,https://support.mozilla.org/questions/1566693,os:windows,Windows 10,,,,m:microsoftemail,,,3,true,4.95,False,
1566699,2026-02-20T07:22:41.348606Z,2026-02-20,en-US,customization,thunderbird;customization;windows-11;,osakawebbie,Way to temporarily disallow remote content exceptions to save data while traveling?,https://support.mozilla.org/questions/1566699,os:windows,Windows 11,,,,,,,4,true,5.7,False,
1566701,2026-02-20T07:39:34.181522Z,2026-02-20,en-US,email-and-messaging,thunderbird;windows-10;email-and-messaging;,macsmail,All messages saved on local folders have disappeared,https://support.mozilla.org/questions/1566701,os:windows,Windows 10,,,,,,,1,true,4.3,False,
1566707,2026-02-20T08:20:10.763296Z,2026-02-20,fi,junk-mail-and-spam,thunderbird;junk-mail-and-spam;windows-1011;,kaas,"Show remote content of a specific message, sender",https://support.mozilla.org/questions/1566707,os:windows,Windows 10/11,,147.0.2 (64-bittin,147,,,,0,false,,False,
1566717,2026-02-20T10:30:01.288048Z,2026-02-20,it,email-and-messaging,linux;thunderbird;email-and-messaging;,scurasalva,non riesco a configurare per la posta,https://support.mozilla.org/questions/1566717,os:linux,Linux,,,,m:yahooemail,,,1,true,0.27,True,'@next
1566719,2026-02-20T10:45:07.053540Z,2026-02-20,en-US,send-and-receive-email,thunderbird;windows-11;send-and-receive-email;,borje.niklasson,Cannot send mail.,https://support.mozilla.org/questions/1566719,os:windows,Windows 11,,,,,,,0,false,,False,
1566726,2026-02-20T12:09:34.935290Z,2026-02-20,en-US,profiles,thunderbird;windows-11;profiles;,malrose39,I WANT TO USE THUNDERBIRD ON MY NEW COMPUTER BEFORE I STOP USING MY OLD ONE,https://support.mozilla.org/questions/1566726,os:windows,Windows 11,,,,,,,1,true,0.24,False,
1566746,2026-02-20T15:11:49.232700Z,2026-02-20,en-US,update,linux;thunderbird;update;,b.zara,clavier inactif dans thunderbird après chaque démarrage...,https://support.mozilla.org/questions/1566746,os:linux,Linux,,140.7.2,140,,,,2,true,72.39,False,
1566751,2026-02-20T15:32:58.839196Z,2026-02-20,en-US,connectivity,thunderbird;windows-11;connectivity;,nsovik,"Yahoo setup fails on ""Checking password...""",https://support.mozilla.org/questions/1566751,os:windows,Windows 11,,140.7.1esr,140,m:gmail;m:yahooemail,proto:imap;proto:pop;proto:oauth,,1,true,2.91,True,christ1
1566753,2026-02-20T16:03:55.994033Z,2026-02-20,en-US,email-and-messaging,thunderbird;email-and-messaging;,urs_kirchhofer,My folders 'Entwürfe' (Drafts) and 'Gesendet' (Sent) apear twice. How to delete the doubles?,https://support.mozilla.org/questions/1566753,os:windows,Windows 11 Home 25H2 (build 26200.7840),,115.18.0,115,,,,3,true,20.16,False,
1566754,2026-02-20T16:18:50.859642Z,2026-02-20,en-US,send-and-receive-email,thunderbird;windows-11;send-and-receive-email;,rgriess,Trouble sending and receiving emails,https://support.mozilla.org/questions/1566754,os:windows,Windows 11,,,,m:microsoftemail,,,0,false,,False,
1566757,2026-02-20T16:37:21.481088Z,2026-02-20,en-US,send-and-receive-email,thunderbird;windows-10;send-and-receive-email;,jobran,Why won't my emails go I haven't changed anything,https://support.mozilla.org/questions/1566757,os:windows,Windows 10,,,,,,,1,true,2.02,True,sfhowes
1566758,2026-02-20T17:00:14.347325Z,2026-02-20,en-US,reset-passwords,thunderbird;windows-10;reset-passwords;,giddingsl,"I accidently deleted primary password, have no where to find it, how can i change it ?",https://support.mozilla.org/questions/1566758,os:windows,Windows 10,,,,,,,1,true,1.65,False,
1566759,2026-02-20T17:00:27.173850Z,2026-02-20,en-US,account-management,thunderbird;windows-11;account-management;,azsproull,"I bought a new computer, when I set it up one of our email accounts populated but the other did not.",https://support.mozilla.org/questions/1566759,os:windows,Windows 11,,,,m:yahooemail;m:cox,,,0,false,,False,
1566763,2026-02-20T17:21:58.328888Z,2026-02-20,en-US,account-management,thunderbird;windows-11;account-management;,info13573,"in von mir gesendeten emails wird in der ""von"" zeile ein falscher name angezeigt. wo kann ich das ändern",https://support.mozilla.org/questions/1566763,os:windows,Windows 11,,,,m:ionos,,,1,true,14.45,True,siffemoz
1566774,2026-02-20T18:16:40.012688Z,2026-02-20,en-US,send-and-receive-email,thunderbird;windows-10;send-and-receive-email;,sjdf212,Sent Folder on IMAP Account Stopped Syncing,https://support.mozilla.org/questions/1566774,os:windows,Windows 10,,140.7.2esr,140,,proto:imap,,1,true,38.95,False,
1566779,2026-02-20T18:51:49.957484Z,2026-02-20,en-US,account-management,thunderbird;windows-11;account-management;,INFO13575,new computer signed in by mistake using personal email i need it to be [edited]@charliesgarage.us how do i fix it,https://support.mozilla.org/questions/1566779,os:windows,Windows 11,,,,,,,1,true,0.35,False,
1566783,2026-02-20T19:11:10.541143Z,2026-02-20,en-US,import-and-export-email,thunderbird;import-and-export-email;,iksiks1986,"Moving the entire contents of one box to another, within the client.",https://support.mozilla.org/questions/1566783,os:macos,Mac OS x 10_15_7,,,,,,,4,true,0.11,False,
1566784,2026-02-20T19:13:41.113471Z,2026-02-20,en-US,reset-passwords,thunderbird;mac-os-x-1015;reset-passwords;,tim141,forgotten password,https://support.mozilla.org/questions/1566784,os:macos,Mac OS x 10.15,,,,,,,2,true,1.44,False,
1566795,2026-02-20T20:17:04.003325Z,2026-02-20,en-US,send-and-receive-email,thunderbird;windows-10;send-and-receive-email;,wendyegreen,"after the recent update 2/19-20/26, none of my incoming messages will load or send (PC)",https://support.mozilla.org/questions/1566795,os:windows,Windows 10,,Version 147.0.2,147,,,,0,false,,False,
1566796,2026-02-20T20:18:02.554859Z,2026-02-20,en-US,send-and-receive-email,thunderbird;windows-11;send-and-receive-email;,LawrenceTureaud,Some reason domain based filtering requests are ignored?,https://support.mozilla.org/questions/1566796,os:windows,Windows 11,,,,,,,2,true,16.47,False,
1566797,2026-02-20T20:22:58.407683Z,2026-02-20,en-US,customization,windows-7;thunderbird;customization;,avery9175,how to resize message pane,https://support.mozilla.org/questions/1566797,os:windows,Windows 7,,v115.10.1,,,,,3,true,0.97,False,
1566801,2026-02-20T21:32:54.173467Z,2026-02-20,en-US,attachments,thunderbird;attachments;windows-1011;,RoseQueen,Error message Filelink Provider from WEBDAV is not properly configured,https://support.mozilla.org/questions/1566801,os:windows,Windows 10/11,,140.7.2esr (32-bit,140,,,,2,true,0.3,True,RoseQueen
1566805,2026-02-20T22:05:20.876331Z,2026-02-20,en-US,passwords-and-sign-in,thunderbird;passwords-and-sign-in;,maureensmith,I don't remember my password and need to select a new password.,https://support.mozilla.org/questions/1566805,os:macos,Mac OS x 10_15_7,,,,,,,0,false,,False,
1566806,2026-02-20T22:17:30.379509Z,2026-02-20,en-US,passwords-and-sign-in,thunderbird;passwords-and-sign-in;,maureensmith,I am setting up a new Thunderbird account and do not have a password. How do I get a password?,https://support.mozilla.org/questions/1566806,os:macos,Mac OS x 10_15_7,,,,,,,1,true,13.36,False,
1566810,2026-02-20T23:05:40.479089Z,2026-02-20,en-US,send-and-receive-email,linux;thunderbird;send-and-receive-email;,scottpaulsen,"Not getting new mail after canceling first request for password, password is not to be saved.",https://support.mozilla.org/questions/1566810,os:linux,Linux,,140.7.2esr eclipes,140,,,,3,true,12.46,False,
1566849,2026-02-21T07:38:59.802554Z,2026-02-21,en-US,customization,thunderbird;customization;,bgmahesh1,"""Edit As New Message"" doesn't create a new email thread",https://support.mozilla.org/questions/1566849,os:macos,Mac OS x 10_15_7,,140.7.2esr aarch64,140,,,,4,true,20.3,False,
1566851,2026-02-21T07:55:53.997737Z,2026-02-21,en-US,app-crash,thunderbird;windows-11;app-crash;,JuniperPaul,Toggling a local folder's visibility,https://support.mozilla.org/questions/1566851,os:windows,Windows 11,,140.7.2esr (64-bit,140,,,,1,true,3.36,False,
1566861,2026-02-21T11:11:40.938986Z,2026-02-21,en-US,send-and-receive-email,thunderbird;send-and-receive-email;windows-1011;,olivier.a.gosset,"Bonjour, J'ai des difficultés récurentes avec Thunderbird: des mails envoyés par moi qui n'apparaissent pas, ni en envoy",https://support.mozilla.org/questions/1566861,os:windows,Windows 10/11,,,,,,,1,true,25.78,False,
1566862,2026-02-21T11:21:40.159655Z,2026-02-21,en-US,reset-passwords,thunderbird;windows-10;reset-passwords;,NorJean,Trying to access Thunderbird on old computer after failure of newer PC but passwords stored on newer computer are inacce,https://support.mozilla.org/questions/1566862,os:windows,Windows 10,,,,,,,5,true,17.65,False,
1566863,2026-02-21T11:26:45.262781Z,2026-02-21,es,send-and-receive-email,windows-7;thunderbird;send-and-receive-email;,daniel.meline,problème envoi message,https://support.mozilla.org/questions/1566863,os:windows,Windows 7,,115.18.0,115,m:orange,,,1,true,18.17,False,
1566864,2026-02-21T11:26:45.641320Z,2026-02-21,es,send-and-receive-email,windows-7;thunderbird;send-and-receive-email;,daniel.meline,problème envoi message,https://support.mozilla.org/questions/1566864,os:windows,Windows 7,,115.18.0,115,m:orange,,,1,true,18.1,False,
1566865,2026-02-21T12:21:59.243041Z,2026-02-21,en-US,connectivity,thunderbird;windows-11;connectivity;,clare.fairbairn,Outlook email authenticated but not connected via imap,https://support.mozilla.org/questions/1566865,os:windows,Windows 11,,,,m:microsoftemail,proto:imap,,15,true,5.74,False,
1566871,2026-02-21T12:55:21.130206Z,2026-02-21,en-US,customization,thunderbird;customization;windows-1011;,bradsmithsite,Dash Dash by Design?,https://support.mozilla.org/questions/1566871,os:windows,Windows 10/11,,,,m:microsoftemail,,,5,true,0.96,True,davidsk
1566876,2026-02-21T13:33:02.577480Z,2026-02-21,en-US,passwords-and-sign-in,thunderbird;windows-11;passwords-and-sign-in;,louis.bechet,thunderbird ne reconnais pas mom mot de passe,https://support.mozilla.org/questions/1566876,os:windows,Windows 11,,,,,,,1,true,0.37,False,
1566878,2026-02-21T13:37:46.812322Z,2026-02-21,en-US,passwords-and-sign-in,thunderbird;windows-11;passwords-and-sign-in;,louis.bechet,mot de passe,https://support.mozilla.org/questions/1566878,os:windows,Windows 11,,,,,,,1,true,0.1,False,
1566879,2026-02-21T13:38:21.396720Z,2026-02-21,en-US,passwords-and-sign-in,thunderbird;windows-11;passwords-and-sign-in;,louis.bechet,mot de passe,https://support.mozilla.org/questions/1566879,os:windows,Windows 11,,,,,,,1,true,0.1,False,
1566880,2026-02-21T13:58:43.629323Z,2026-02-21,en-US,account-management,thunderbird;windows-11;account-management;,hans-otto.lorenz,Fehler 400 bei Einrichtung Gmail-Konto in Thunderbird,https://support.mozilla.org/questions/1566880,os:windows,Windows 11,,147.02,147,m:gmail;m:microsoftemail,,,1,true,1.66,False,
1566885,2026-02-21T14:42:02.361643Z,2026-02-21,en-US,customization,thunderbird;customization;,david.ledger,Can no-longer open new Thunderbird windows.,https://support.mozilla.org/questions/1566885,os:linux,Ubuntu Linux,,140.7.1esr (64-bit,140,,,,11,true,0.08,False,
1566889,2026-02-21T15:03:46.429450Z,2026-02-21,en-US,customization,thunderbird;customization;,2dave,Links in incoming emails do not work.,https://support.mozilla.org/questions/1566889,os:windows,Windows 7 Pro,,155.18.0,155,,,,2,true,12.86,False,
1566897,2026-02-21T16:01:40.017166Z,2026-02-21,en-US,email-and-messaging,thunderbird;windows-11;email-and-messaging;,matt148,Printing Emails (won't print second page),https://support.mozilla.org/questions/1566897,os:windows,Windows 11,,,,m:gmail,,,2,true,10.0,False,
1566898,2026-02-21T16:01:56.700130Z,2026-02-21,en-US,account-management,thunderbird;windows-11;account-management;,drwin,How can I get Thunderbird to find my twc.com account?,https://support.mozilla.org/questions/1566898,os:windows,Windows 11,,147.0.2,147,m:gmail;m:microsoftemail;m:spectrum,proto:imap;proto:smtp,,10,true,2.03,False,
1566901,2026-02-21T16:22:27.098604Z,2026-02-21,en-US,search,thunderbird;search;,quantonjf,difficulty searching for messages globally within the program,https://support.mozilla.org/questions/1566901,os:macos,Mac OS x 15.7.2,,140.7.2,140,,,,3,true,1.0,False,
1566908,2026-02-21T16:43:17.641069Z,2026-02-21,en-US,send-and-receive-email,thunderbird;windows-11;send-and-receive-email;,sandymrc,can't view old emails,https://support.mozilla.org/questions/1566908,os:windows,Windows 11,,,,,proto:pop,,2,true,12.25,False,
1566927,2026-02-21T19:40:30.671858Z,2026-02-21,en-US,search,thunderbird;search;,me343,Help with folders,https://support.mozilla.org/questions/1566927,os:macos,MacOS 26.3,,148 b6,148,,,,8,true,17.03,False,
1566947,2026-02-21T22:02:39.165676Z,2026-02-21,en-US,email-and-messaging,windows-7;thunderbird;email-and-messaging;,newamalfi,Date of one received email keeps changing to current day so appears out of order,https://support.mozilla.org/questions/1566947,os:windows,Windows 7,,102.15.1,102,,,,7,true,5.17,False,
1566950,2026-02-21T23:01:35.331964Z,2026-02-21,en-US,email-and-messaging,thunderbird;windows-11;email-and-messaging;,dpmoraski,I have an @proton.me email account I am trying to include on Thunderbird for visablity.,https://support.mozilla.org/questions/1566950,os:windows,Windows 11,,,,m:protonmail,,,1,true,0.22,False,
1566952,2026-02-21T23:20:27.747914Z,2026-02-21,en-US,email-and-messaging,thunderbird;windows-11;email-and-messaging;,glynrees,I have forgotten my password for server mail.uwclub.net with username [edited] @uwclub.net,https://support.mozilla.org/questions/1566952,os:windows,Windows 11,,147.0.2,147,,,,1,true,0.8,False,
1566956,2026-02-22T00:36:13.469201Z,2026-02-22,en-US,junk-mail-and-spam,thunderbird;junk-mail-and-spam;windows-1011;,koalamotorsport,Strange folders in TRASH that can't be deleted,https://support.mozilla.org/questions/1566956,os:windows,Windows 10/11,,140.7.2esr 64-bit,140,,proto:pop,,2,true,1.31,False,
1566967,2026-02-22T02:17:22.148190Z,2026-02-22,en-US,email-and-messaging,thunderbird;windows-11;email-and-messaging;,tnkk33,Looking for a Thunderbird extension developer,https://support.mozilla.org/questions/1566967,os:windows,Windows 11,,,,,,,1,true,6.52,False,
1566981,2026-02-22T04:24:07.779735Z,2026-02-22,en-US,crashing-and-slow-performance,thunderbird;crashing-and-slow-performance;,lynxwolf,Did something big change in Thunderbird within the last couple of weeks.?,https://support.mozilla.org/questions/1566981,os:macos,Mac OS Tahoe version 26.3,,140.7.2esr aarch44,140,,,,1,true,0.18,False,
1566990,2026-02-22T06:12:49.136985Z,2026-02-22,en-US,email-and-messaging,thunderbird;windows-10;email-and-messaging;firefox-1470;firefox-14704;,mc2explore,Thunderbird,https://support.mozilla.org/questions/1566990,os:windows,Windows 10,,,,,,,1,true,4.67,False,
1566991,2026-02-22T06:19:21.357819Z,2026-02-22,en-US,customization,thunderbird;customization;windows-1011;,dsphipps100,Write New Message also opens main window,https://support.mozilla.org/questions/1566991,os:windows,Windows 10/11,,,,,,,7,true,2.46,False,
1567017,2026-02-22T12:12:36.041784Z,2026-02-22,en-US,email-and-messaging,linux;thunderbird;email-and-messaging;,theking2,In cards view how do I see the individual emails?,https://support.mozilla.org/questions/1567017,os:linux,Linux,,147,147,,,,6,true,0.34,True,theking2
1567020,2026-02-22T12:18:09.316151Z,2026-02-22,en-US,customization,linux;thunderbird;customization;,theking2,cards view,https://support.mozilla.org/questions/1567020,os:linux,Linux,,147,147,,,,4,true,0.29,True,theking2
1567022,2026-02-22T12:30:47.793728Z,2026-02-22,en-US,email-and-messaging,thunderbird;windows-11;email-and-messaging;,drwin,"When i tried to post an answer, instructions changed to Cyrillic (Russian?) and I can't post",https://support.mozilla.org/questions/1567022,os:windows,Windows 11,,,,,,av:mcafee,1,false,,True,drwin
1567035,2026-02-22T13:57:45.646321Z,2026-02-22,it,send-and-receive-email,thunderbird;windows-10;send-and-receive-email;,info13548,webmail not funtions,https://support.mozilla.org/questions/1567035,os:windows,Windows 10,,,,,,,2,true,0.56,False,
1567040,2026-02-22T14:11:14.559512Z,2026-02-22,en-US,languages,thunderbird;windows-11;languages;,drwin,Why didThunderbird troubleshoot log created Cyrillic instructions when pasted into Mozilla support thread,https://support.mozilla.org/questions/1567040,os:windows,Windows 11,,,,,,,0,false,,False,
1567041,2026-02-22T14:15:57.015237Z,2026-02-22,en-US,search,thunderbird;search;,doctorjah1,How do I find a message by Message ID in Thunderbird 147.0.2 (aarch64)?,https://support.mozilla.org/questions/1567041,os:macos,Mac OS Tahoe 26.3,,147.0.2,147,,,,5,true,4.01,False,
1567043,2026-02-22T14:45:48.866435Z,2026-02-22,en-US,import-and-export-email,thunderbird;import-and-export-email;,fernando.galvan,I don't find emails in Thunderbird from April 2023 until January 2026,https://support.mozilla.org/questions/1567043,os:macos,Mac OS x 10_15_7,macos:sequoia;macos:sonoma,147.0.2,147,m:gmx,proto:pop,,5,true,2.79,False,
1567046,2026-02-22T15:26:57.689109Z,2026-02-22,en-US,passwords-and-sign-in,thunderbird;passwords-and-sign-in;,elenaruci202,Jorgesruci42@gmail.com,https://support.mozilla.org/questions/1567046,os:other,Jorgesruci42@gmail.com,,,,m:gmail,,,0,false,,False,
1567050,2026-02-22T15:52:29.531512Z,2026-02-22,nl,email-and-messaging,thunderbird;windows-11;email-and-messaging;,ginger6,archief leeg,https://support.mozilla.org/questions/1567050,os:windows,Windows 11,,,,,,,4,true,18.62,True,ginger6
1567053,2026-02-22T16:05:38.462046Z,2026-02-22,en-US,customization,thunderbird;windows-10;customization;,cjholly,How to make Thunderbird open with the same pane layout regardless of how it was when I closed it,https://support.mozilla.org/questions/1567053,os:windows,Windows 10,,140.7.1esr,140,,,,2,true,30.65,True,Mapenzi
1567061,2026-02-22T16:25:19.623561Z,2026-02-22,hu,tags,thunderbird;needsinfo;windows-10;tags;,id.kiralyi,Laptopon a Thunderbird érkezett levelek címke szinezése nem szinkronizál az asztali gépen lévő emaillel azonos beállítás,https://support.mozilla.org/questions/1567061,os:windows,Windows 10,,140.7.2esr (64 bit,140,,,,1,true,6.71,False,
1567069,2026-02-22T17:30:57.274277Z,2026-02-22,en-US,junk-mail-and-spam,thunderbird;windows-11;junk-mail-and-spam;,shersted,Bulk‑deleting messages I manually marked as Junk in Thunderbird 147.0.2,https://support.mozilla.org/questions/1567069,os:windows,Windows 11,,147.0.2,147,,,,1,true,6.48,False,
1567070,2026-02-22T17:41:39.009571Z,2026-02-22,en-US,email-and-messaging,thunderbird;windows-10;email-and-messaging;,dog3,Profile file size,https://support.mozilla.org/questions/1567070,os:windows,Windows 10,,,,,,,1,true,1.11,False,
1567076,2026-02-22T18:21:30.761542Z,2026-02-22,en-US,security,windows-7;thunderbird;security;,malc.crawford,Data Breach warning - is it correct?,https://support.mozilla.org/questions/1567076,os:windows,Windows 7,,,,,,,2,true,2.15,False,
1567086,2026-02-22T20:05:31.921603Z,2026-02-22,en-US,customization,thunderbird;customization;windows-11;,shersted,Blue highlights on new message,https://support.mozilla.org/questions/1567086,os:windows,Windows 11,,147.0.2,147,,,,3,true,20.94,False,
1567093,2026-02-22T21:06:05.777988Z,2026-02-22,en-US,passwords-and-sign-in,thunderbird;windows-10;passwords-and-sign-in;,bgesling,change password in Thunderbird,https://support.mozilla.org/questions/1567093,os:windows,Windows 10,,140.7.2esr,140,,,,1,true,19.23,False,
1567094,2026-02-22T21:19:34.545595Z,2026-02-22,en-US,languages,linux;thunderbird;languages;,theoldwizard1,Mixed date display format,https://support.mozilla.org/questions/1567094,os:linux,Linux,,140.7.1esr,140,,,,1,true,14.92,False,
1567098,2026-02-22T21:41:41.405565Z,2026-02-22,en-US,email-and-messaging,thunderbird;windows-10;email-and-messaging;firefox-1470;firefox-14704;,rwillbanksis,"Hello, I just switched to Starlink and today tried to send an email and it was rejected by the smtp email server timed o",https://support.mozilla.org/questions/1567098,os:windows,Windows 10,,,,,proto:smtp,,1,true,141.04,False,
1567102,2026-02-22T22:40:33.747186Z,2026-02-22,it,import-and-export-email,thunderbird;duplicate;import-and-export-email;windows-1011;,ashuat,Email transfer from EUDORA to THUNDERBIRD. Problem,https://support.mozilla.org/questions/1567102,os:windows,Windows 10/11,,latest,,,,,1,true,12.3,False,
1567103,2026-02-22T22:41:15.917374Z,2026-02-22,it,import-and-export-email,thunderbird;windows-10;import-and-export-email;,ashuat,Email transfer from EUDORA to THUNDERBIRD,https://support.mozilla.org/questions/1567103,os:windows,Windows 10,,,,,,,23,true,12.35,True,'@next
1567105,2026-02-22T22:59:32.010803Z,2026-02-22,en-US,send-and-receive-email,thunderbird;windows-11;send-and-receive-email;,elisabeth.gulich,E-Mails über Thunderbird geht seit gestern nicht mehr zu versenden,https://support.mozilla.org/questions/1567105,os:windows,Windows 11,,,,m:tonline,proto:smtp,,0,false,,False,
1567107,2026-02-22T23:10:40.915511Z,2026-02-22,en-US,send-and-receive-email,thunderbird;windows-11;send-and-receive-email;,peta32,Why are emails to hotmail and outlook accounts bouncing back and not sending?,https://support.mozilla.org/questions/1567107,os:windows,Windows 11,,,,m:microsoftemail,proto:smtp,,1,true,12.55,False,
1567108,2026-02-22T23:12:20.620456Z,2026-02-22,en-US,performance-and-connectivity,thunderbird;windows-11;performance-and-connectivity;,ryan37,Windows 11 not sleeping when Thunderbird is open,https://support.mozilla.org/questions/1567108,os:windows,Windows 11,,147.0.2,147,,,,0,false,,False,
1567109,2026-02-22T23:25:10.479517Z,2026-02-22,en-US,send-and-receive-email,thunderbird;windows-11;send-and-receive-email;,auntiecanuck,"""send and receive messages"" option has disappeared from Thunderbird - where is it?",https://support.mozilla.org/questions/1567109,os:windows,Windows 11,,147.0.2,147,,,,1,true,0.41,False,
1567110,2026-02-22T23:44:28.320525Z,2026-02-22,en-US,customization,thunderbird;customization;windows-11;,WVCoop1015,Help! I cant find the setting to STOP restoring previous session,https://support.mozilla.org/questions/1567110,os:windows,Windows 11,,,,,,,1,true,1.58,False,
1567114,2026-02-23T00:46:08.097071Z,2026-02-23,en-US,send-and-receive-email,thunderbird;windows-10;send-and-receive-email;,spotterfly,Error: Unable to write the email to the mailbox,https://support.mozilla.org/questions/1567114,os:windows,Windows 10,,102.15.1 32-bit,102,,proto:pop,,1,false,,True,spotterfly
1567118,2026-02-23T01:41:00.099606Z,2026-02-23,en-US,send-and-receive-email,thunderbird;windows-11;send-and-receive-email;,micheal37,cannot send or receive emails,https://support.mozilla.org/questions/1567118,os:windows,Windows 11,,,,,,,0,false,,False,
1567122,2026-02-23T02:23:21.902463Z,2026-02-23,en-US,reset-passwords,thunderbird;windows-10;reset-passwords;,wwjjaaremed,Password Lost,https://support.mozilla.org/questions/1567122,os:windows,Windows 10,,,,,,,0,false,,False,
1567161,2026-02-23T09:02:28.030602Z,2026-02-23,en-US,email-and-messaging,thunderbird;email-and-messaging;,hafizanas297,Need an IOS App to setup my custom email,https://support.mozilla.org/questions/1567161,os:macos,Mac OS x 10_15_7,,,,m:gmail,,,1,true,27.28,False,
1567163,2026-02-23T09:14:51.130190Z,2026-02-23,en-US,customization,thunderbird;windows-10;customization;,segura.yves,Envoyer vers==Destinaire : c'est Outlook qui s'ouvre au lieu de THunderbird,https://support.mozilla.org/questions/1567163,os:windows,Windows 10,,,,m:microsoftemail,,,2,true,3.11,False,
1567188,2026-02-23T12:00:04.150599Z,2026-02-23,en-US,customization,thunderbird;windows-10;customization;,azareen,"on http links, how to make thunderbird opening my default web browser in private mode?",https://support.mozilla.org/questions/1567188,os:windows,Windows 10,,140.7.2esr,140,,,,0,false,,False,
1567191,2026-02-23T12:22:47.810144Z,2026-02-23,en-US,email-and-messaging,thunderbird;email-and-messaging;,christophleib,Lost Emails in Inbox,https://support.mozilla.org/questions/1567191,os:macos,Mac OS x 14.8.3,,128.14.0esr (64-Bi,128,,,,5,true,3.53,False,
1567202,2026-02-23T13:39:04.233603Z,2026-02-23,en-US,customization,thunderbird;windows-10;customization;,bogdan,Thunderbird and Firefox overlap hided taskbar,https://support.mozilla.org/questions/1567202,os:windows,Windows 10,,147.0.2,147,,,,12,true,28.21,False,
1567205,2026-02-23T13:50:54.592573Z,2026-02-23,en-US,send-and-receive-email,thunderbird;send-and-receive-email;,ogogomemofi4,i want to access my gmail.com account inbox. how?,https://support.mozilla.org/questions/1567205,,,,,,m:gmail,,,1,true,28.08,False,
1567210,2026-02-23T14:40:05.609031Z,2026-02-23,en-US,reset-passwords,thunderbird;windows-10;reset-passwords;,jim513,ng to respassword,https://support.mozilla.org/questions/1567210,os:windows,Windows 10,,,,,,,1,true,50.15,False,
1567211,2026-02-23T14:41:51.186192Z,2026-02-23,en-US,send-and-receive-email,windows-7;thunderbird;send-and-receive-email;,coopern1,Thunderbird failing to login to BT email,https://support.mozilla.org/questions/1567211,os:windows,Windows 7,,,,m:btinternet,,,0,false,,False,
1567213,2026-02-23T15:19:30.133951Z,2026-02-23,en-US,customization,thunderbird;customization;windows-11;,Chuck,Standardizing signatures when sending emails and replies,https://support.mozilla.org/questions/1567213,os:windows,Windows 11,,147.0.2,147,,,,9,true,6.33,True,davidsk
1567219,2026-02-23T15:51:08.527341Z,2026-02-23,en-US,customization,linux;thunderbird;customization;,e.ninnemann,Adressangabe: Wo finde ich im Mailprogramm die Absenderangabe für jede Mail unter dem Text?,https://support.mozilla.org/questions/1567219,os:linux,Linux,,,,,,,1,true,0.37,False,
1567224,2026-02-23T16:03:01.445416Z,2026-02-23,en-US,attachments,thunderbird;windows-10;attachments;,paulwillsmith46,email query,https://support.mozilla.org/questions/1567224,os:windows,Windows 10,,,,,,,1,true,3.81,True,davidsk
1567228,2026-02-23T16:37:29.708066Z,2026-02-23,en-US,send-and-receive-email,thunderbird;windows-11;send-and-receive-email;,michael.royce,Sent folder,https://support.mozilla.org/questions/1567228,os:windows,Windows 11,,140.7.2 esr,140,,,,2,true,24.5,False,
1567230,2026-02-23T16:40:00.206987Z,2026-02-23,en-US,account-management,linux;thunderbird;account-management;,actionmystique,Cannot import a tested p12 TLS client certificate,https://support.mozilla.org/questions/1567230,os:linux,Linux,,140.7.1esr (64-bit,140,,proto:imap,,3,false,,False,
1567233,2026-02-23T16:45:10.845641Z,2026-02-23,it,customization,thunderbird;needsinfo;windows-10;customization;,roberto.scrivano1,si è cancellata l'opzione di richiesta conferma messaggi,https://support.mozilla.org/questions/1567233,os:windows,Windows 10,,,,,,,1,true,17.55,False,
1567237,2026-02-23T16:57:40.227562Z,2026-02-23,en-US,email-and-messaging,thunderbird;needsinfo;windows-11;email-and-messaging;,jayandkay01,I am trying to add my Spectrum email account back to Thunderbird because I lost it when my computer lost power.,https://support.mozilla.org/questions/1567237,os:windows,Windows 11,,,,m:spectrum,,,3,true,23.69,False,
1567239,2026-02-23T17:33:35.275144Z,2026-02-23,en-US,events,thunderbird;windows-11;events;,rturner4,"incoming Email has a calendar event, how do I get it added to thunderbird calendar",https://support.mozilla.org/questions/1567239,os:windows,Windows 11,,,,m:microsoftemail,,,0,false,,False,
1567242,2026-02-23T17:49:16.102730Z,2026-02-23,en-US,customization,thunderbird;customization;windows-11;,shersted,Compose window font settings,https://support.mozilla.org/questions/1567242,os:windows,Windows 11,,147.0.2,147,,,,1,true,1.88,False,
1567246,2026-02-23T18:08:30.458709Z,2026-02-23,en-US,send-and-receive-email,thunderbird;windows-11;send-and-receive-email;,bill382,"Signature image fails to load if ""from"" account is changed in the compose window",https://support.mozilla.org/questions/1567246,os:windows,Windows 11,,,,,,,12,true,1.38,False,
1567247,2026-02-23T18:09:37.709476Z,2026-02-23,en-US,send-and-receive-email,thunderbird;send-and-receive-email;,bkdovey,I am unable to send outgoing emails or save as drafts,https://support.mozilla.org/questions/1567247,os:windows,Windows 11 pro,,version 140.7.2esr,140,,proto:smtp,,1,true,1.57,False,
1567251,2026-02-23T18:31:44.059709Z,2026-02-23,en-US,send-and-receive-email,thunderbird;windows-11;send-and-receive-email;,tcheater,WHY are you saying I'm on Windows 10? I am using Windows 11 version 25H2.,https://support.mozilla.org/questions/1567251,os:windows,Windows 11,,,,,,,3,true,0.6,False,
1567253,2026-02-23T18:37:12.666635Z,2026-02-23,en-US,send-and-receive-email,thunderbird;send-and-receive-email;,9731crys,Can I get my email here,https://support.mozilla.org/questions/1567253,,,,,,m:gmail,,,1,true,3.0,False,
1567262,2026-02-23T19:32:56.619268Z,2026-02-23,en-US,events,thunderbird;events;windows-1011;,ConeWH,Adding a link to a calendar event,https://support.mozilla.org/questions/1567262,os:windows,Windows 10/11,,,,,,,4,true,1001.56,False,
1567264,2026-02-23T19:42:33.008440Z,2026-02-23,en-US,email-and-messaging,thunderbird;email-and-messaging;windows-1011;,gwatson,Deleted Emails,https://support.mozilla.org/questions/1567264,os:windows,Windows 10/11,,,,,,,1,true,1.79,False,
1567269,2026-02-23T20:08:31.372112Z,2026-02-23,en-US,email-and-messaging,thunderbird;windows-11;email-and-messaging;,drwin,How can I open TB as client for a twc.com account?,https://support.mozilla.org/questions/1567269,os:windows,Windows 11,,,,m:spectrum,,,5,true,1.0,True,davidsk
1567271,2026-02-23T20:18:00.883125Z,2026-02-23,en-US,app-crash,thunderbird;windows-11;app-crash;,ed150,Why is end task disabled on Windows 11,https://support.mozilla.org/questions/1567271,os:windows,Windows 11,,147.0.2,147,,,,5,true,3.25,True,rednoise
1567274,2026-02-23T20:44:14.129232Z,2026-02-23,en-US,customization,thunderbird;customization;windows-11;,joefromwhich,Displaying web links in incoming emails.,https://support.mozilla.org/questions/1567274,os:windows,Windows 11,,147.0.1,147,,,,3,true,0.43,False,
1567283,2026-02-23T22:15:50.297705Z,2026-02-23,en-US,send-and-receive-email,thunderbird;send-and-receive-email;windows-1011;,tgodfrey,Thunderbird will not  connect with server and won't download emails.,https://support.mozilla.org/questions/1567283,os:windows,Windows 10/11,,,,,,,1,true,0.55,False,
1567291,2026-02-24T00:08:24.056410Z,2026-02-24,en-US,send-and-receive-email,thunderbird;send-and-receive-email;,pamcdonald,What is Outgoing Server STMP error?,https://support.mozilla.org/questions/1567291,,,,,,,,,1,true,11.54,False,
1567299,2026-02-24T01:28:06.808770Z,2026-02-24,en-US,send-and-receive-email,thunderbird;send-and-receive-email;windows-1011;,c_woolfordsales,what is the problem with xfinity.net,https://support.mozilla.org/questions/1567299,os:windows,Windows 10/11,,,,m:comcast,,,0,false,,False,
1567315,2026-02-24T02:33:30.843598Z,2026-02-24,en-US,send-and-receive-email,thunderbird;windows-10;send-and-receive-email;,n4dwk,"On my laptop my main email account stopped downloading new emails, the others all work ok.",https://support.mozilla.org/questions/1567315,os:windows,Windows 10,,147.0.2,147,,,,0,false,,False,
1567330,2026-02-24T05:41:11.571457Z,2026-02-24,en-US,connectivity,thunderbird;windows-10;connectivity;,moivhod,Thunderbird is not connecting to Gmail POP server,https://support.mozilla.org/questions/1567330,os:windows,Windows 10,,140.7.2esr,140,m:gmail,proto:pop;proto:oauth,,0,false,,False,
1567332,2026-02-24T05:53:58.877487Z,2026-02-24,en-US,send-and-receive-email,thunderbird;windows-11;send-and-receive-email;,pandtlarter,"email address no longer imports new mail. The mail is there if I go into Gmail directly, but not Tbird. I have 4 email a",https://support.mozilla.org/questions/1567332,os:windows,Windows 11,,,,m:gmail,,,1,true,6.07,True,davidsk
1567335,2026-02-24T06:15:47.360498Z,2026-02-24,en-US,crashing-and-slow-performance,thunderbird;windows-11;crashing-and-slow-performance;,RJBuy,Retrieving mail in Windows 11 is slow and clunky,https://support.mozilla.org/questions/1567335,os:windows,Windows 11,,147.0.2,147,,proto:pop,,1,true,2402.25,False,
1567341,2026-02-24T07:07:46.801613Z,2026-02-24,en-US,passwords-and-sign-in,windows-7;thunderbird;passwords-and-sign-in;,mpgillies,password blocked,https://support.mozilla.org/questions/1567341,os:windows,Windows 7,,,,,,,1,true,4.71,False,
1567344,2026-02-24T07:42:41.658721Z,2026-02-24,en-US,customization,thunderbird;windows-10;customization;,androidsgii,How do I stop all the folders opening when first load up thunrderbird?,https://support.mozilla.org/questions/1567344,os:windows,Windows 10,,140.7.2esr (64-bit,140,,,,3,true,0.66,False,
1567356,2026-02-24T09:13:10.876817Z,2026-02-24,en-US,email-and-messaging,thunderbird;windows-11;email-and-messaging;,y9youko,メールが削除出来ない,https://support.mozilla.org/questions/1567356,os:windows,Windows 11,,140.7.2ser,140,m:yahooemail,,,0,false,,False,
1567357,2026-02-24T09:18:15.305553Z,2026-02-24,fi,send-and-receive-email,thunderbird;windows-11;send-and-receive-email;,aarno.laitila,The messages can't leave the machine from Thunderbird,https://support.mozilla.org/questions/1567357,os:windows,Windows 11,,,,,,,0,false,,False,
1567359,2026-02-24T09:34:02.464260Z,2026-02-24,en-US,send-and-receive-email,thunderbird;windows-10;send-and-receive-email;,jobran,Emails not coming in,https://support.mozilla.org/questions/1567359,os:windows,Windows 10,,,,,,,1,true,31.46,False,
1567363,2026-02-24T09:52:32.413310Z,2026-02-24,nl,customization,thunderbird;customization;windows-11;,mafri500,"The 'Trash' folder is on the cloud of Microsoft. I would like to use the 'local' trash folder, to storage on my PC. How?",https://support.mozilla.org/questions/1567363,os:windows,Windows 11,,,,,,,5,true,3.73,True,Mad_Maks
1567377,2026-02-24T11:10:43.879591Z,2026-02-24,es,send-and-receive-email,thunderbird;send-and-receive-email;windows-1011;,josanmu52,No puedo enviar correo,https://support.mozilla.org/questions/1567377,os:windows,Windows 10/11,,147.0.2,147,m:microsoftemail,,,1,true,129.9,False,
1567388,2026-02-24T12:40:18.067449Z,2026-02-24,en-US,customization,thunderbird;customization;windows-11;,bxcfilm,Spellchecking the original message,https://support.mozilla.org/questions/1567388,os:windows,Windows 11,,140.7.2esr (64-bit,140,,,,0,false,,False,
1567395,2026-02-24T13:34:21.358525Z,2026-02-24,nl,send-and-receive-email,thunderbird;windows-11;send-and-receive-email;,paulinekoetsier,sending and receiving email from Thunderbird is not possible,https://support.mozilla.org/questions/1567395,os:windows,Windows 11,,,,,,,1,true,0.2,False,
1567397,2026-02-24T13:38:01.803116Z,2026-02-24,en-US,send-and-receive-email,thunderbird;windows-11;send-and-receive-email;,jeremypoynton,thunderbird message filters don't work automatically,https://support.mozilla.org/questions/1567397,os:windows,Windows 11,,147.0.2,147,,,,14,true,1.8,False,
1567399,2026-02-24T13:51:53.720516Z,2026-02-24,en-US,send-and-receive-email,thunderbird;windows-11;send-and-receive-email;,john.abell,How do I get rid of the Welcome to Freedom message that is blocking me from getting my e-mail in Thunderbird,https://support.mozilla.org/questions/1567399,os:windows,Windows 11,,147.2,147,,,,9,true,1.44,True,davidsk
1567413,2026-02-24T14:30:52.699607Z,2026-02-24,en-US,send-and-receive-email,thunderbird;windows-11;send-and-receive-email;,louisemuskaan,One of my Thunderbird Outlook accounts has suddenly stopped working - there are no emails and it will not send or receiv,https://support.mozilla.org/questions/1567413,os:windows,Windows 11,,,,m:microsoftemail,,,0,false,,False,
1567418,2026-02-24T15:06:56.537429Z,2026-02-24,en-US,send-and-receive-email,thunderbird;windows-10;send-and-receive-email;,elena6,Перестала уходить почта на smtp.gmail.com,https://support.mozilla.org/questions/1567418,os:windows,Windows 10,,147.0.2,147,m:gmail,proto:smtp;proto:oauth,,2,true,45.24,False,
1567419,2026-02-24T15:13:55.247211Z,2026-02-24,en-US,contacts,thunderbird;android;contacts;,wolfgangskrandies,Address book not transferred. Not found in a new installation,https://support.mozilla.org/questions/1567419,os:android,Android,,,,,,,1,true,2.13,False,
1567420,2026-02-24T15:17:30.143107Z,2026-02-24,nl,events,thunderbird;events;windows-1011;,r.j.baart,Problem calendar if timezone is empty,https://support.mozilla.org/questions/1567420,os:windows,Windows 10/11,,,,,proto:caldav,,1,true,17.17,False,
1567422,2026-02-24T15:18:49.535449Z,2026-02-24,en-US,customization,thunderbird;customization;windows-11;,pfender55,How do I keep my emails in date order?  I do not want Tbird to rearrange them into conversations!!,https://support.mozilla.org/questions/1567422,os:windows,Windows 11,,,,,,,4,true,0.33,False,
1567428,2026-02-24T16:08:48.815628Z,2026-02-24,en-US,passwords-and-sign-in,thunderbird;windows-11;passwords-and-sign-in;,andreasachse5,Fehler,https://support.mozilla.org/questions/1567428,os:windows,Windows 11,,,,,,,1,true,1.24,True,davidsk
1567429,2026-02-24T16:12:26.391841Z,2026-02-24,en-US,profiles,thunderbird;windows-11;profiles;,nalag@46,Where is the old Thunderbird back link?,https://support.mozilla.org/questions/1567429,os:windows,Windows 11,,,,,,,6,true,1.09,True,nalag@46
1567443,2026-02-24T16:54:29.922038Z,2026-02-24,en-US,email-and-messaging,thunderbird;email-and-messaging;windows-1011;,wrgarrett45,Why is my Drafts folder suddenly empty this morning?,https://support.mozilla.org/questions/1567443,os:windows,Windows 10/11,,147.02,147,m:gmail,proto:pop,,2,true,21.22,False,
1567452,2026-02-24T17:19:37.570955Z,2026-02-24,en-US,passwords-and-sign-in,thunderbird;windows-11;passwords-and-sign-in;,bwest2,I've lost my passwords.,https://support.mozilla.org/questions/1567452,os:windows,Windows 11,,,,,,,1,true,21.64,False,
1567461,2026-02-24T17:48:37.479352Z,2026-02-24,en-US,passwords-and-sign-in,thunderbird;windows-11;passwords-and-sign-in;,ezellpat,How can i stop this message when opening thunderbird: https://p31-caldav.icloud.com is requesting your username and pass,https://support.mozilla.org/questions/1567461,os:windows,Windows 11,,,,m:icloud,proto:caldav,,1,true,6.78,False,
1567466,2026-02-24T18:43:39.083524Z,2026-02-24,en-US,junk-mail-and-spam,thunderbird;junk-mail-and-spam;windows-1011;,codegrule9,"Migrated from comcast(xfinity)to yahoo.I moved the ""Bulk ""folder to the trash thinking Thunderbird's Junk folder would b",https://support.mozilla.org/questions/1567466,os:windows,Windows 10/11,,,,m:yahooemail;m:comcast,,,1,true,1.13,False,
1567472,2026-02-24T19:39:11.512603Z,2026-02-24,en-US,contacts,thunderbird;windows-11;contacts;,theoasis_1,Thunderbird - Missing half my addresses now.,https://support.mozilla.org/questions/1567472,os:windows,Windows 11,,148,148,m:microsoftemail,,,2,true,1.45,False,
1567476,2026-02-24T19:55:02.968112Z,2026-02-24,en-US,calendar,thunderbird;calendar;windows-11;,dancooperstock,Calendar popups often blank,https://support.mozilla.org/questions/1567476,os:windows,Windows 11,,140.7.2esr 64-bit,140,,,,0,false,,False,
1567488,2026-02-24T20:46:12.407849Z,2026-02-24,en-US,customization,thunderbird;customization;,agmatipezon7,dossier envoyés contient seulements le mois en cours,https://support.mozilla.org/questions/1567488,os:macos,Mac OS Tahoe 26.2 sur MacBook Pro M3 16pouces,macos:tahoe,148.0,148,m:gmail,proto:imap;proto:oauth,,2,true,16.36,False,
1567491,2026-02-24T20:56:07.505099Z,2026-02-24,en-US,customization,thunderbird;customization;windows-11;,ArtKendall,"how to make ""Atkinson Hyperlegible Next"" the default font in thunderbird",https://support.mozilla.org/questions/1567491,os:windows,Windows 11,,148.0,148,,,,6,true,3.57,False,
1567517,2026-02-24T23:01:25.701814Z,2026-02-24,en-US,import-and-export-settings,thunderbird;import-and-export-settings;windows-1011;,GeneWo,"I tried transferring TB to new computer, nothing has worked. w11 TB148",https://support.mozilla.org/questions/1567517,os:windows,Windows 10/11,,148,148,,,,4,true,9.23,True,siffemoz
1567528,2026-02-25T00:17:07.986880Z,2026-02-25,en-US,email-and-messaging,thunderbird;windows-10;email-and-messaging;,everagevalves,My email in thunderbird suddenly disappeared // Email saya di thunderbird tiba-tiba menghilang,https://support.mozilla.org/questions/1567528,os:windows,Windows 10,,,,,,,3,true,35.77,False,
1567535,2026-02-25T00:46:13.746877Z,2026-02-25,en-US,email-and-messaging,thunderbird;email-and-messaging;windows-1011;,GeneWo,i HAVE AN EMAIL THAT i CAN'T DELETE?,https://support.mozilla.org/questions/1567535,os:windows,Windows 10/11,,148,148,,,,2,true,7.44,True,siffemoz
1567542,2026-02-25T01:42:57.400956Z,2026-02-25,en-US,email-and-messaging,thunderbird;windows-11;email-and-messaging;,chashusker,Open up my suddenlink page,https://support.mozilla.org/questions/1567542,os:windows,Windows 11,,,,,,,0,false,,False,
1567545,2026-02-25T01:59:02.838126Z,2026-02-25,en-US,events,thunderbird;windows-10;events;,haigster1,Set a default calendar,https://support.mozilla.org/questions/1567545,os:windows,Windows 10,,147.0.2,147,,,,0,false,,False,
1567546,2026-02-25T02:00:41.499385Z,2026-02-25,en-US,reset-passwords,thunderbird;windows-11;reset-passwords;,umiasano,パスワードがわからない,https://support.mozilla.org/questions/1567546,os:windows,Windows 11,,,,,,,1,true,16.12,False,
1567556,2026-02-25T02:43:11.989518Z,2026-02-25,en-US,update,thunderbird;update;,jmontgomery1,Update to Thunderbird 140.8.0esr from 128.14.0esr,https://support.mozilla.org/questions/1567556,os:windows,Windows 11 home,,,,,,,4,true,5.46,True,jmontgomery1
1567563,2026-02-25T04:03:31.386336Z,2026-02-25,en-US,connectivity,thunderbird;windows-11;connectivity;,claytoncramer,Thunderbird 148.0 no longer connects to SMTP server hostrocket.com,https://support.mozilla.org/questions/1567563,os:windows,Windows 11,,148.0,148,m:microsoftemail,proto:smtp,,9,true,9.71,False,
1567564,2026-02-25T04:07:31.044333Z,2026-02-25,en-US,connectivity,thunderbird;windows-11;connectivity;,meowngame,can't access Thunderbird,https://support.mozilla.org/questions/1567564,os:windows,Windows 11,,,,,,,4,true,10.24,False,
1567565,2026-02-25T04:09:48.159990Z,2026-02-25,en-US,settings,thunderbird;settings;,cvbt,How to change the size and color of the pointer arrow.,https://support.mozilla.org/questions/1567565,os:linux,Lubuntu 24.04.4 LTS,,140.7.2esr,140,,,,9,true,77.62,False,
1567577,2026-02-25T05:26:19.055584Z,2026-02-25,en-US,import-and-export-email,thunderbird;windows-11;import-and-export-email;,joeslaven,Cannot transfer Local Folders to Outlook,https://support.mozilla.org/questions/1567577,os:windows,Windows 11,,,,m:microsoftemail,,,5,true,8.24,False,
1567586,2026-02-25T06:21:22.195542Z,2026-02-25,en-US,email-and-messaging,thunderbird;windows-11;email-and-messaging;,gimpeljj,Cannot Insert Image into body of email,https://support.mozilla.org/questions/1567586,os:windows,Windows 11,,147.0.2,147,,,,6,true,1.8,True,davidsk
1567594,2026-02-25T07:23:33.994312Z,2026-02-25,en-US,customization,thunderbird;windows-10;customization;,androidsgii,why do all my folders open up when i load Thurnderbird?,https://support.mozilla.org/questions/1567594,os:windows,Windows 10,,149.8.0esr (64 bit,149,,,,1,true,0.69,False,
1567601,2026-02-25T08:50:09.658489Z,2026-02-25,it,search,thunderbird;needsinfo;windows-11;search;,info13595,the search does not work,https://support.mozilla.org/questions/1567601,os:windows,Windows 11,,Versione 148.0,148,,,,1,true,0.51,False,
1567604,2026-02-25T09:04:33.904853Z,2026-02-25,en-US,import-and-export-email,thunderbird;import-and-export-email;windows-1011;,saleem4,how do i back up my thuderbird emails onto a flash drive,https://support.mozilla.org/questions/1567604,os:windows,Windows 10/11,,,,,,,3,true,3.97,True,davidsk
1567607,2026-02-25T09:18:05.650430Z,2026-02-25,en-US,calendar,thunderbird;calendar;windows-11;,me547,CalDAV does not update from Server,https://support.mozilla.org/questions/1567607,os:windows,Windows 11,,147.0.2,147,,proto:caldav,,0,false,,False,
1567610,2026-02-25T09:30:58.048453Z,2026-02-25,en-US,email-and-messaging,thunderbird;windows-11;email-and-messaging;,astrid081,Thunderbird emptied my inbox,https://support.mozilla.org/questions/1567610,os:windows,Windows 11,,140.7.2esr,140,,,,1,true,2.48,False,
1567613,2026-02-25T09:41:38.860780Z,2026-02-25,en-US,send-and-receive-email,thunderbird;windows-11;send-and-receive-email;,info13596,wie kann ich meine e-mails auf eine andere e-mail umleiten?,https://support.mozilla.org/questions/1567613,os:windows,Windows 11,,,,m:ionos,proto:imap,,1,true,3.21,False,
1567620,2026-02-25T10:10:39.299020Z,2026-02-25,en-US,accessibility,linux;thunderbird;accessibility;firefox-1480;,tmgdwn,Unable to sign into Yahoo (locked duplicate),https://support.mozilla.org/questions/1567620,os:linux,Linux,,,,m:microsoftemail;m:yahooemail,proto:oauth,,0,false,,False,
1567621,2026-02-25T10:12:02.914929Z,2026-02-25,en-US,connectivity,linux;thunderbird;connectivity;,tmgdwn,Unable to sign into Yahoo with Thunderbird or Firefox,https://support.mozilla.org/questions/1567621,os:linux,Linux,,,,m:microsoftemail;m:yahooemail,proto:oauth,,11,true,8.73,True,tmgdwn
1567622,2026-02-25T10:17:42.762295Z,2026-02-25,en-US,customization,thunderbird;customization;windows-11;,l.amodei,How can I apply the column layout of one folder to all folders?,https://support.mozilla.org/questions/1567622,os:windows,Windows 11,,147.0.2,147,,,,15,true,2.41,False,
1567623,2026-02-25T10:19:24.089874Z,2026-02-25,nl,send-and-receive-email,thunderbird;send-and-receive-email;windows-1011;,floris2,no outgoing mail,https://support.mozilla.org/questions/1567623,os:windows,Windows 10/11,,,,,,,1,true,0.53,True,markh2
1567624,2026-02-25T10:25:55.803675Z,2026-02-25,en-US,customization,linux;thunderbird;customization;,wxie2016,Thunderbird cannot find hidden files,https://support.mozilla.org/questions/1567624,os:linux,Linux,,140.7.1esr (64-bit,140,,,,10,true,2.17,False,
1567626,2026-02-25T10:33:22.011775Z,2026-02-25,en-US,calendar,thunderbird;calendar;windows-11;,takacs.kata.fh,Thunderbird calendar/tasks export and import,https://support.mozilla.org/questions/1567626,os:windows,Windows 11,,,,,,,0,false,,False,
1567628,2026-02-25T11:17:38.202975Z,2026-02-25,en-US,calendar,thunderbird;calendar;windows-11;,matthewshailer,Calander sync with google issue,https://support.mozilla.org/questions/1567628,os:windows,Windows 11,,,,,,,0,false,,False,
1567632,2026-02-25T11:49:49.949623Z,2026-02-25,en-US,email-and-messaging,thunderbird;email-and-messaging;,matteo.chancerel,sort alphabetically subfolders.,https://support.mozilla.org/questions/1567632,os:linux,Linux Fedora,,140.3.0esr,140,,,,3,true,0.84,False,
1567642,2026-02-25T12:43:02.472332Z,2026-02-25,en-US,send-and-receive-email,thunderbird;windows-10;send-and-receive-email;,jobran,POP3 not being accepted,https://support.mozilla.org/questions/1567642,os:windows,Windows 10,,,,,proto:pop,,3,true,0.04,True,Toad-Hall
1567643,2026-02-25T12:44:05.155237Z,2026-02-25,en-US,connectivity,thunderbird;windows-11;connectivity;,pcd3,Connection to comcast.net failed while traveling,https://support.mozilla.org/questions/1567643,os:windows,Windows 11,,148.0,148,m:comcast,proto:imap;proto:pop,,2,true,13.16,False,
1567645,2026-02-25T13:52:56.788655Z,2026-02-25,en-US,installation-and-updates,thunderbird;windows-11;installation-and-updates;,rasebor,How can I completely remove Thunderbird from my PC?,https://support.mozilla.org/questions/1567645,os:windows,Windows 11,,148.0 x64,148,,,,7,true,0.39,True,davidsk
1567650,2026-02-25T14:11:32.724721Z,2026-02-25,en-US,calendar,thunderbird;calendar;windows-11;,info5524,Exp - Imp Kalenderinnehåll,https://support.mozilla.org/questions/1567650,os:windows,Windows 11,,,,,,,0,false,,False,
1567654,2026-02-25T14:22:38.761263Z,2026-02-25,en-US,email-and-messaging,thunderbird;windows-11;email-and-messaging;,IdeasVacuum,148.0 (64-bit) Cannot display full email headers?,https://support.mozilla.org/questions/1567654,os:windows,Windows 11,,148.0,148,,,,27,true,0.81,True,davidsk
1567655,2026-02-25T14:24:23.519865Z,2026-02-25,en-US,email-and-messaging,thunderbird;windows-11;email-and-messaging;,radios,"I saved emails in a folder, now they are all gone (locked duplicate)",https://support.mozilla.org/questions/1567655,os:windows,Windows 11,,,,,,,9,true,26.07,False,
1567662,2026-02-25T14:49:28.127730Z,2026-02-25,en-US,customization,thunderbird;customization;windows-11;,marx-lenzen,"Anzeige aler eingegangenen Mails neben dem Button ""Posteingang""",https://support.mozilla.org/questions/1567662,os:windows,Windows 11,,,,,,,7,true,0.41,True,davidsk
1567663,2026-02-25T14:50:42.789312Z,2026-02-25,en-US,import-and-export-email,thunderbird;windows-10;import-and-export-email;,fs847,lokalen Ordner kopieren,https://support.mozilla.org/questions/1567663,os:windows,Windows 10,,,,,,,1,true,3.95,False,
1567664,2026-02-25T14:53:16.718531Z,2026-02-25,en-US,import-and-export-email,thunderbird;windows-10;import-and-export-email;,fs847,wie kann ich meine Mails auf Stick kopieren?,https://support.mozilla.org/questions/1567664,os:windows,Windows 10,,,,,,,3,true,0.38,False,
1567666,2026-02-25T15:04:18.814535Z,2026-02-25,en-US,calendar,thunderbird;calendar;windows-11;,RoadHazard,"Thunderbird sees only some iCloud calendars, not others",https://support.mozilla.org/questions/1567666,os:windows,Windows 11,,147.0.2,147,m:gmail;m:icloud,proto:imap,,3,true,10.85,True,RoadHazard
1567673,2026-02-25T15:39:46.688735Z,2026-02-25,en-US,connectivity,thunderbird;mac-os-x-1015;connectivity;firefox-1480;,jacquelinewurn,"I don't receive email on my computer in MX. I did for 2 months. Now it's stopped. I tried to change to ""No Proxy, but th",https://support.mozilla.org/questions/1567673,os:macos,Mac OS x 10.15,,,,,,,0,false,,False,
1567676,2026-02-25T15:46:33.535649Z,2026-02-25,it,account-management,thunderbird;account-management;,preziosocecilia3,Account eleiminato ma mi continua a chiedere l'autentificazione,https://support.mozilla.org/questions/1567676,,,,,,,,,1,true,4.79,False,
1567677,2026-02-25T15:47:35.450923Z,2026-02-25,it,account-management,thunderbird;needsinfo;windows-11;account-management;,preziosocecilia3,Account eliminato ma mi continua a chiedere l'autentificazione,https://support.mozilla.org/questions/1567677,os:windows,Windows 11,,,,,,,1,true,4.8,False,
1567678,2026-02-25T15:51:32.286052Z,2026-02-25,en-US,update,thunderbird;windows-11;update;,evan.cooch,"TB 148 seems to 'break' Google calendars, using Provider",https://support.mozilla.org/questions/1567678,os:windows,Windows 11,,148.0,148,,,,2,true,6.33,False,
1567681,2026-02-25T15:59:12.800358Z,2026-02-25,en-US,contacts,thunderbird;windows-11;contacts;,jmcla,I cannot delete or modify an email address in the address book.,https://support.mozilla.org/questions/1567681,os:windows,Windows 11,,140.7.0esr (64-bit,140,,,,8,true,0.83,False,
1567683,2026-02-25T16:02:26.041862Z,2026-02-25,en-US,accounts,thunderbird;accounts;,lousenaj20,How to use app on mobile device,https://support.mozilla.org/questions/1567683,,,,,,,,,0,false,,False,
1567690,2026-02-25T16:27:00.440746Z,2026-02-25,en-US,connectivity,thunderbird;connectivity;,marktlavigne,Thunderbird will no longer context to outlook accounts even using path settings,https://support.mozilla.org/questions/1567690,,,,,,m:microsoftemail,,,0,false,,False,
1567691,2026-02-25T16:42:46.181333Z,2026-02-25,en-US,passwords-and-sign-in,thunderbird;windows-11;passwords-and-sign-in;,DRMCA,Thunderbird 148.0 breaks AOL authentication,https://support.mozilla.org/questions/1567691,os:windows,Windows 11,,148.0,148,m:yahooemail,proto:imap;proto:oauth,,2,true,2.02,False,
1567693,2026-02-25T16:57:52.229453Z,2026-02-25,en-US,email-and-messaging,thunderbird;windows-10;email-and-messaging;,SharkyCA,Message Filters Broken,https://support.mozilla.org/questions/1567693,os:windows,Windows 10,,147.0.2,147,,,,4,true,0.22,False,
1567695,2026-02-25T17:08:26.287618Z,2026-02-25,en-US,account-management,thunderbird;windows-11;account-management;,oldbob2,TB duplicating message to another yahoo email account,https://support.mozilla.org/questions/1567695,os:windows,Windows 11,,,,m:yahooemail;m:cox,,,2,false,,False,
1567696,2026-02-25T17:10:24.308634Z,2026-02-25,it,passwords-and-sign-in,thunderbird;needsinfo;windows-11;passwords-and-sign-in;,gbmstudio.mb,Impossibile accedere alle mie mail dalla vostra applicazione,https://support.mozilla.org/questions/1567696,os:windows,Windows 11,,,,m:yahooemail,,,3,true,3.45,False,
1567697,2026-02-25T17:11:44.942908Z,2026-02-25,en-US,send-and-receive-email,thunderbird;mac-os-x-1015;send-and-receive-email;,drennan_18,not receiving emails,https://support.mozilla.org/questions/1567697,os:macos,Mac OS x 10.15,,,,,,,1,true,2.12,False,
1567702,2026-02-25T17:30:13.198333Z,2026-02-25,en-US,customization,thunderbird;windows-10;customization;,wcp38,Why aren't my subfolders in alphabetical order?  Is there a way to make this happen?,https://support.mozilla.org/questions/1567702,os:windows,Windows 10,,Thunderbird147.0.2,,,,,1,true,1.18,False,
1567709,2026-02-25T18:06:41.450919Z,2026-02-25,en-US,reset-passwords,thunderbird;windows-11;reset-passwords;,zaro@cot.net,unable to receive mail,https://support.mozilla.org/questions/1567709,os:windows,Windows 11,,,,,,,1,true,3.5,False,
1567718,2026-02-25T18:57:48.684089Z,2026-02-25,en-US,settings,thunderbird;settings;windows-11;,VideoPod,I use Mobirise 4.12.4 for site building.  I want to have a function on one page only to... when someone scrolls to the b,https://support.mozilla.org/questions/1567718,os:windows,Windows 11,,,,,,,0,false,,False,
1567720,2026-02-25T19:01:51.304335Z,2026-02-25,en-US,customization,thunderbird;customization;windows-11;,lfs3,Why can't I permanently delete email using a filter?,https://support.mozilla.org/questions/1567720,os:windows,Windows 11,,147.0.2,147,,,,6,true,0.09,True,lfs3
1567721,2026-02-25T19:07:13.653901Z,2026-02-25,en-US,app-crash,thunderbird;windows-10;app-crash;,malcjohn3,"Can't get vers 140 to run, just get a white screen and the settings button does't open.",https://support.mozilla.org/questions/1567721,os:windows,Windows 10,,,,,,,2,true,16.72,False,
1567723,2026-02-25T19:14:14.724029Z,2026-02-25,en-US,email-and-messaging,thunderbird;windows-10;email-and-messaging;,parts7,Email is misplacing folders out of alphabetical order.,https://support.mozilla.org/questions/1567723,os:windows,Windows 10,,148.0,148,,,,2,true,7.18,True,rednoise
1567727,2026-02-25T19:39:57.084131Z,2026-02-25,tr,send-and-receive-email,thunderbird;windows-10;send-and-receive-email;,ardpromo,outlook.fr sorunu,https://support.mozilla.org/questions/1567727,os:windows,Windows 10,,148.0 64 ve 32 bit,148,m:microsoftemail,,,8,true,16.3,False,
1567741,2026-02-25T20:37:11.859525Z,2026-02-25,en-US,send-and-receive-email,thunderbird;windows-10;send-and-receive-email;,steve.waechter,"Cannot send mail on gmx.co.uk acct, but gmx.net works on oauth2. But oauth2 is missing on gmx.co.uk",https://support.mozilla.org/questions/1567741,os:windows,Windows 10,,146,146,m:gmx,proto:oauth,,5,true,112.72,False,
1567744,2026-02-25T20:44:20.694631Z,2026-02-25,en-US,send-and-receive-email,thunderbird;windows-10;send-and-receive-email;,tbirdUser_t3,"Created outlook.com account within last 2 weeks, can get messages, can NOT send messages, have looked for solutions here",https://support.mozilla.org/questions/1567744,os:windows,Windows 10,,,,m:microsoftemail,proto:imap;proto:smtp;proto:pop;proto:oauth,,4,true,15.42,False,
1567752,2026-02-25T21:02:15.434299Z,2026-02-25,en-US,attachments,thunderbird;windows-11;attachments;,russl1,Attaching photo from my phone (not iphone),https://support.mozilla.org/questions/1567752,os:windows,Windows 11,,,,,,,21,true,0.1,False,
1567755,2026-02-25T21:04:41.520189Z,2026-02-25,en-US,contacts,thunderbird;windows-11;contacts;,Greg105,how do i enter two email addresses for one account,https://support.mozilla.org/questions/1567755,os:windows,Windows 11,,148.0,148,,,,2,true,0.41,False,
1567756,2026-02-25T21:06:59.249042Z,2026-02-25,en-US,send-and-receive-email,thunderbird;windows-11;send-and-receive-email;,Chuck,How to make links display correctly in received emails,https://support.mozilla.org/questions/1567756,os:windows,Windows 11,,,,,,,5,true,4.01,False,
1567757,2026-02-25T21:08:41.250909Z,2026-02-25,en-US,calendar,thunderbird;calendar;windows-10;,Jonathan_Jaffe,Copied three sqlite files did not restore calendar on other machine,https://support.mozilla.org/questions/1567757,os:windows,Windows 10,,140.7.2esr 64-bit,140,,,,2,true,0.43,False,
1567758,2026-02-25T21:17:41.293121Z,2026-02-25,en-US,email-and-messaging,thunderbird;windows-11;email-and-messaging;,steingw,Ble spurt om oppgradering eller noe for å spare plass. Sa  OK. Da det var gjort sto det bare igjen 4 meldinger i innboks,https://support.mozilla.org/questions/1567758,os:windows,Windows 11,,,,,,,0,false,,False,
1567766,2026-02-25T21:49:22.265479Z,2026-02-25,it,encryption,linux;thunderbird;encryption;,ilario.quinson,Secret key,https://support.mozilla.org/questions/1567766,os:linux,Linux,,140.7.1esr (64 bit,140,,,,4,true,9.9,False,
1567767,2026-02-25T21:51:10.932361Z,2026-02-25,en-US,send-and-receive-email,thunderbird;windows-11;send-and-receive-email;,embreys,"My emails arrive 48hrs late, the last email I received on thunderbird 24th Feb 5.44am today is 26th Feb.7.32am",https://support.mozilla.org/questions/1567767,os:windows,Windows 11,,ver 115.10.1 64-bi,115,m:protonmail,,,1,true,14.28,False,
1567770,2026-02-25T22:00:49.365080Z,2026-02-25,en-US,send-and-receive-email,thunderbird;send-and-receive-email;,dhoerl,Emails sent from Thunderbird on my 26.3 Mac don't appear online in the Sent folder on iCloud.com,https://support.mozilla.org/questions/1567770,os:macos,Mac OS x 26.3,macos:tahoe,148,148,m:icloud,,,4,true,2.68,True,mozilla98
1567776,2026-02-25T22:38:52.454785Z,2026-02-25,en-US,settings,thunderbird;settings;windows-11;,energytherapies,Can't make a donation to Mozilla.,https://support.mozilla.org/questions/1567776,os:windows,Windows 11,,,,,,,1,true,20.31,False,
1567779,2026-02-25T22:48:19.267086Z,2026-02-25,en-US,encryption,thunderbird;windows-11;encryption;,Th.Barghahn,Thunderbird Beta and Release: External GnuPG Keys Not Working with GnuPG 2.5.x (locked duplicate),https://support.mozilla.org/questions/1567779,os:windows,Windows 11,,148 b6 Beta,148,,,,0,false,,False,
1567782,2026-02-25T22:59:27.997588Z,2026-02-25,en-US,calendar,thunderbird;calendar;windows-11;,ebj,How do I do a search in the calendar?,https://support.mozilla.org/questions/1567782,os:windows,Windows 11,,,,,,,1,true,1.22,True,rednoise
1567784,2026-02-25T23:19:26.345128Z,2026-02-25,en-US,customization,thunderbird;customization;windows-11;,dcerutti,Some message filters disappear,https://support.mozilla.org/questions/1567784,os:windows,Windows 11,,,,,,,1,true,0.59,False,
1567807,2026-02-26T02:31:17.921177Z,2026-02-26,en-US,calendar,thunderbird;calendar;windows-11;,dz123,Google Calendar reminders_unable to postpone,https://support.mozilla.org/questions/1567807,os:windows,Windows 11,,,,,,,1,false,,False,
1567811,2026-02-26T03:12:39.525687Z,2026-02-26,en-US,send-and-receive-email,thunderbird;send-and-receive-email;,mark.athas,"outgoing email server has smtp.mediacombb.net, MessageSend.sys.mjs has mail.medicombb.net",https://support.mozilla.org/questions/1567811,os:macos,Mac OS x 15.7,,148.0,148,m:mediacom,proto:smtp,,2,false,,False,
1567816,2026-02-26T03:51:04.510829Z,2026-02-26,en-US,email-and-messaging,thunderbird;windows-11;email-and-messaging;,sebastian61,recovering a deleted email,https://support.mozilla.org/questions/1567816,os:windows,Windows 11,,140.7.2esr,140,,,,1,true,8.25,False,
1567818,2026-02-26T04:16:50.426327Z,2026-02-26,es,send-and-receive-email,thunderbird;send-and-receive-email;windows-1011;,javierjferreyra,thunderbird update 148 rompe oauth2 de yahoo,https://support.mozilla.org/questions/1567818,os:windows,Windows 10/11,,148,148,m:yahooemail,proto:oauth,,3,true,91.09,False,
1567824,2026-02-26T05:12:53.672033Z,2026-02-26,en-US,customization,thunderbird;needsinfo;customization;windows-11;,dml12,missing divider in email list. no place for message body,https://support.mozilla.org/questions/1567824,os:windows,Windows 11,,148.0,148,,,,1,true,1.74,True,MattAuSupport
1567826,2026-02-26T06:29:45.813889Z,2026-02-26,en-US,contacts,thunderbird;windows-11;contacts;,chistyak68,LDAP address book not working,https://support.mozilla.org/questions/1567826,os:windows,Windows 11,,,,,,,1,true,1625.21,False,
1567833,2026-02-26T08:17:21.096365Z,2026-02-26,en-US,undefined,thunderbird;windows-11;undefined;,rasebor,I can't send a reply in the topic I created. Please help me!,https://support.mozilla.org/questions/1567833,os:windows,Windows 11,,,,,,,2,true,3.74,True,davidsk
1567835,2026-02-26T08:36:45.904321Z,2026-02-26,en-US,passwords-and-sign-in,thunderbird;windows-11;passwords-and-sign-in;,pconny,ich kann mich bei thunderbird nicht anmelden,https://support.mozilla.org/questions/1567835,os:windows,Windows 11,,,,,,,1,true,3.3,False,
1567845,2026-02-26T09:37:16.089177Z,2026-02-26,en-US,junk-mail-and-spam,thunderbird;windows-11;junk-mail-and-spam;,exportmetalpromnb,Why many times I recive mail about UNDELIVERABLE MAIL our server recognize your mail look like a spam,https://support.mozilla.org/questions/1567845,os:windows,Windows 11,,,,,,,1,true,2.22,False,
1567851,2026-02-26T10:39:09.490347Z,2026-02-26,en-US,send-and-receive-email,thunderbird;windows-10;send-and-receive-email;,brule.krisjan,"J'ai deux adresses qui commencent par le même nom, mais l'une d'elle ne peut plus envoyer de mail sans que je change vol",https://support.mozilla.org/questions/1567851,os:windows,Windows 10,,,,,,,1,true,1.28,False,
1567852,2026-02-26T10:39:17.650166Z,2026-02-26,en-US,account-management,thunderbird;windows-11;account-management;,teichert-goerne,Nach Löschung einer mail-Adresse wird eine neue dritte Adressevon Kontoverwaltung nicht akzeptiert,https://support.mozilla.org/questions/1567852,os:windows,Windows 11,,,,m:tonline,,,2,true,1.33,False,
1567858,2026-02-26T11:27:11.119349Z,2026-02-26,it,send-and-receive-email,thunderbird;windows-11;send-and-receive-email;,picagius,mail in arrival does not work as well the which has been cancelled. I received your code on the phone email,https://support.mozilla.org/questions/1567858,os:windows,Windows 11,,,,,,,1,true,1.5,False,
1567859,2026-02-26T11:33:53.451936Z,2026-02-26,en-US,events,thunderbird;windows-10;events;,roland_haug,"In Thunderbird/Adressbuch sind Geburtsdaten eingetragen. Was muß/kann ich tun, um diese Daten als Termin im Kalender sic",https://support.mozilla.org/questions/1567859,os:windows,Windows 10,,148.0,148,,,,1,true,0.49,False,
1567864,2026-02-26T12:08:42.203229Z,2026-02-26,it,send-and-receive-email,thunderbird;windows-11;send-and-receive-email;,lorenzo.treggi,non mi scarica messaggi,https://support.mozilla.org/questions/1567864,os:windows,Windows 11,,,,,,,1,true,0.85,False,
1567869,2026-02-26T12:31:49.546252Z,2026-02-26,en-US,save-passwords,thunderbird;windows-11;save-passwords;,lasselindqvist,A new password is required every time e-mail goes in or out.,https://support.mozilla.org/questions/1567869,os:windows,Windows 11,,,,,,,1,true,14.81,False,
1567871,2026-02-26T12:42:09.315200Z,2026-02-26,en-US,passwords-and-sign-in,thunderbird;windows-11;passwords-and-sign-in;,macmorezap,Login problem after Thunderbird 148.0 (64-bit) (update) as a client for Yahoo accounts,https://support.mozilla.org/questions/1567871,os:windows,Windows 11,,Thunderbird 148.0,148,m:yahooemail,,,2,true,0.07,False,
1567876,2026-02-26T13:11:06.977443Z,2026-02-26,en-US,email-and-messaging,thunderbird;windows-11;email-and-messaging;,radios,"All of my saved folders are missing, gone. (locked duplicate)",https://support.mozilla.org/questions/1567876,os:windows,Windows 11,,,,,,,2,true,4.24,False,
1567878,2026-02-26T13:31:33.442985Z,2026-02-26,en-US,connectivity,thunderbird;windows-11;connectivity;,hhibon,No connection between Google agenda since up date of thunderbird to 148.0 version !!,https://support.mozilla.org/questions/1567878,os:windows,Windows 11,,148.0,148,,,,1,true,1.89,False,
1567880,2026-02-26T13:46:06.303433Z,2026-02-26,en-US,attachments,thunderbird;windows-11;attachments;,albert1,jpg and doc attachment don't open after updating thunderbird,https://support.mozilla.org/questions/1567880,os:windows,Windows 11,,140.8,140,,,,0,false,,False,
1567884,2026-02-26T14:24:29.076301Z,2026-02-26,en-US,send-and-receive-email,thunderbird;windows-10;send-and-receive-email;,gerardcesaire,"Où sont les messages   ""courrier entrant""",https://support.mozilla.org/questions/1567884,os:windows,Windows 10,,Version 140.8.0,140,m:microsoftemail;m:free_fr,,,1,true,1.0,False,
1567885,2026-02-26T14:24:35.385466Z,2026-02-26,en-US,security,thunderbird;windows-11;security;,lori11,malware threats (locked duplicate),https://support.mozilla.org/questions/1567885,os:windows,Windows 11,,140,140,,,,0,false,,False,
1567886,2026-02-26T14:29:49.844091Z,2026-02-26,en-US,security,thunderbird;windows-11;security;,lori11,malware threat,https://support.mozilla.org/questions/1567886,os:windows,Windows 11,,140.8.0,140,,,,1,true,12.82,False,
1567895,2026-02-26T15:19:01.756876Z,2026-02-26,it,send-and-receive-email,thunderbird;windows-11;send-and-receive-email;,studiolegaleangelorusso,Posta inviata non ritrovata,https://support.mozilla.org/questions/1567895,os:windows,Windows 11,,,,,proto:imap,,1,true,3.36,False,
1567897,2026-02-26T15:23:46.532892Z,2026-02-26,en-US,passwords-and-sign-in,thunderbird;windows-11;passwords-and-sign-in;,w4winds,Since v148.0 I cannot use my yahoo and AOL account why?,https://support.mozilla.org/questions/1567897,os:windows,Windows 11,,148,148,m:yahooemail,,,8,true,2.53,False,
1567898,2026-02-26T15:27:56.982740Z,2026-02-26,en-US,customization,thunderbird;customization;windows-11;,hbkloman,"When I delete messages on Thunderbird on my Windows computer, it doesn't delete from the sent folder on my Android Outlo",https://support.mozilla.org/questions/1567898,os:windows,Windows 11,,115.10.1,115,m:microsoftemail,,,5,true,1.74,False,
1567900,2026-02-26T15:36:32.360524Z,2026-02-26,en-US,customization,thunderbird;customization;windows-11;,NiagaraMouse,Thunderbird loses the left margin when I try to forward and/or reply to some messages,https://support.mozilla.org/questions/1567900,os:windows,Windows 11,,147.0.2,147,,,,4,true,5.2,False,
1567902,2026-02-26T15:54:19.096766Z,2026-02-26,en-US,email-and-messaging,thunderbird;windows-11;email-and-messaging;,rjack809,When I try to create a new email account for bellsouth.net it connects to the wrong account.,https://support.mozilla.org/questions/1567902,os:windows,Windows 11,,148.0,148,m:att,,,0,false,,False,
1567904,2026-02-26T16:16:20.723156Z,2026-02-26,en-US,email-and-messaging,thunderbird;mac-os-x-1015;email-and-messaging;,rtanglao,testing question for Thunderbird desktop threading,https://support.mozilla.org/questions/1567904,os:macos,Mac OS x 10.15,,148.0,148,,,,4,true,2.2,False,
1567907,2026-02-26T16:21:06.853581Z,2026-02-26,en-US,contacts,thunderbird;windows-11;contacts;,ninaweyl,"when I tried to create a new address book, when I entered the name to send the email, it was on a RED background.  Can I",https://support.mozilla.org/questions/1567907,os:windows,Windows 11,,,,,,,1,true,0.75,True,davidsk
1567916,2026-02-26T16:58:25.643253Z,2026-02-26,en-US,send-and-receive-email,thunderbird;send-and-receive-email;windows-1011;,Bizzyh87,Thunderbird keeps downloading 462 gmail messages every time I open it,https://support.mozilla.org/questions/1567916,os:windows,Windows 10/11,,148.0 64bit,148,m:gmail,,,1,true,10.26,False,
1567917,2026-02-26T17:16:16.702557Z,2026-02-26,en-US,passwords-and-sign-in,thunderbird;windows-11;passwords-and-sign-in;,johnneal77,Keep getting an error message attempting login to server mail.btinternet.com,https://support.mozilla.org/questions/1567917,os:windows,Windows 11,,148.0,148,m:btinternet,,,2,true,8.51,True,siffemoz
1567918,2026-02-26T17:18:08.857556Z,2026-02-26,en-US,connectivity,thunderbird;windows-11;connectivity;,picagius,Non caricava i messaggi passati e nessuno nuovo. Solo pochi erano presenti.,https://support.mozilla.org/questions/1567918,os:windows,Windows 11,,,,m:gmail;m:microsoftemail;m:virgilio,,,3,true,20.15,True,picagius
1567926,2026-02-26T18:07:24.494600Z,2026-02-26,en-US,encryption,thunderbird;windows-11;encryption;,Th.Barghahn,Thunderbird Beta and Release: External GnuPG Keys Not Working with GnuPG 2.5.x,https://support.mozilla.org/questions/1567926,os:windows,Windows 11,,148 b6 Beta,148,,,,6,true,0.36,False,
1567936,2026-02-26T19:05:24.833683Z,2026-02-26,en-US,junk-mail-and-spam,thunderbird;windows-11;junk-mail-and-spam;,dbbehenna11,"If security code emails are being filtered out,  how can I view them",https://support.mozilla.org/questions/1567936,os:windows,Windows 11,,,,,,,2,true,0.29,True,rednoise
1567939,2026-02-26T19:28:58.874709Z,2026-02-26,en-US,send-and-receive-email,thunderbird;windows-10;send-and-receive-email;,Wyattk88,"Not receive emails, can only send.  When starting Thunderbird ""the current operation on Inbox <my email address> did not",https://support.mozilla.org/questions/1567939,os:windows,Windows 10,,147.0.2,147,,,,1,true,158.78,False,
1567948,2026-02-26T19:55:11.907781Z,2026-02-26,en-US,profiles,thunderbird;profiles;,taylor.bucci,Subscribe to existing folders on the Local Folder with new email set up.,https://support.mozilla.org/questions/1567948,os:macos,Mac OS Tahoe ver 26.3,,148,148,m:icloud,proto:imap,,12,true,0.45,False,
1567949,2026-02-26T20:07:07.038727Z,2026-02-26,en-US,accessibility,thunderbird;accessibility;windows-1011;,jaime.hermida.ching,T5 for tax copy,https://support.mozilla.org/questions/1567949,os:windows,Windows 10/11,,,,,,,0,false,,False,
1567951,2026-02-26T20:18:25.811405Z,2026-02-26,en-US,calendar,thunderbird;calendar;windows-11;,mruby3,My google calendar disappeared all of the sudden,https://support.mozilla.org/questions/1567951,os:windows,Windows 11,,148.0,148,,,,7,true,0.56,True,rednoise
1567956,2026-02-26T20:52:32.814823Z,2026-02-26,en-US,calendar,thunderbird;calendar;windows-11;,ka1387-150,How can I import my Outlook tasks to Thunderbird?,https://support.mozilla.org/questions/1567956,os:windows,Windows 11,,147.0.1,147,m:microsoftemail,,,2,true,6.31,False,
1567959,2026-02-26T21:10:58.734661Z,2026-02-26,en-US,reset-passwords,thunderbird;windows-11;reset-passwords;,cmby2,cannot connect to btinternet.com server for Thunderbird email,https://support.mozilla.org/questions/1567959,os:windows,Windows 11,,don't know,,m:btinternet,,,1,true,4.6,False,
1567960,2026-02-26T21:16:04.800997Z,2026-02-26,en-US,update,thunderbird;windows-11;update;,john.beech,How-to upgrade without losing existing pane layout/configuration?,https://support.mozilla.org/questions/1567960,os:windows,Windows 11,,102.15.1,102,m:gmail,,,5,true,0.28,False,
1567961,2026-02-26T21:27:32.482397Z,2026-02-26,en-US,send-and-receive-email,thunderbird;mac-os-x-1015;send-and-receive-email;,hubbardocs,"Mail sync issue led to Mail disappearing after troubleshooting then selecting ""clear startup cache"". Calendar and contac",https://support.mozilla.org/questions/1567961,os:macos,Mac OS x 10.15,,148.0,148,,proto:oauth,,3,true,4.36,False,
1567965,2026-02-26T21:40:38.793518Z,2026-02-26,en-US,accessibility,thunderbird;accessibility;windows-10;,freedomarchives,Highlight color in table view - how to change color or text color when email is hilighted?,https://support.mozilla.org/questions/1567965,os:windows,Windows 10,,148.0 64 bit,148,,,,1,true,1.33,False,
1567967,2026-02-26T21:51:51.645077Z,2026-02-26,en-US,app-crash,thunderbird;mac-os-x-1015;app-crash;,drennan_18,"2nd time in 1 week, my in box is not receving emails on Mac!  PLEASE HELP!",https://support.mozilla.org/questions/1567967,os:macos,Mac OS x 10.15,,,,,,,4,true,3.4,False,
1567969,2026-02-26T21:56:09.788057Z,2026-02-26,en-US,send-and-receive-email,thunderbird;mac-os-x-1015;send-and-receive-email;,drennan_18,thunderbird unable to get emails to my inbox (locked duplicate),https://support.mozilla.org/questions/1567969,os:macos,Mac OS x 10.15,,,,,,,1,true,3.27,False,
1567970,2026-02-26T21:57:09.430398Z,2026-02-26,en-US,junk-mail-and-spam,thunderbird;needsinfo;junk-mail-and-spam;,earlrb0,why doesn't thunderbird have a spam folder,https://support.mozilla.org/questions/1567970,os:macos,Mac OS x 10_15_7,,,,,,,1,true,1.53,False,
1567971,2026-02-26T22:01:09.620373Z,2026-02-26,en-US,send-and-receive-email,thunderbird;windows-10;send-and-receive-email;,joanne5,Not receiving mail from email.onrsu.com,https://support.mozilla.org/questions/1567971,os:windows,Windows 10,,,,,,,1,true,16.82,False,
1567976,2026-02-26T22:34:40.559101Z,2026-02-26,en-US,contacts,thunderbird;windows-11;contacts;,rernewein,can i make a group of contacts,https://support.mozilla.org/questions/1567976,os:windows,Windows 11,,,,,,,1,true,0.14,False,
1567977,2026-02-26T22:34:57.978389Z,2026-02-26,en-US,send-and-receive-email,thunderbird;send-and-receive-email;windows-1011;,lshick,"After the update to 148.0, any incoming email gets duplicated into the inboxes of all 5 of my email accounts in Thunderb",https://support.mozilla.org/questions/1567977,os:windows,Windows 10/11,,148.0,148,,,,2,true,0.32,False,
1567979,2026-02-26T22:41:59.215071Z,2026-02-26,en-US,connectivity,thunderbird;windows-11;connectivity;,esh1041,Thurderbird can not access my provider to get emails,https://support.mozilla.org/questions/1567979,os:windows,Windows 11,,Version 148.0 |,148,,,,1,true,3.04,False,
1567989,2026-02-26T23:47:27.882353Z,2026-02-26,en-US,contacts,thunderbird;windows-10;contacts;,shane49,Address Book does not allow duplicate email addresses,https://support.mozilla.org/questions/1567989,os:windows,Windows 10,,148.0,148,,,,11,true,1.38,True,rednoise
1567990,2026-02-27T00:00:20.221389Z,2026-02-27,en-US,send-and-receive-email,thunderbird;send-and-receive-email;,divineevents,How do I log in to access my e mails/,https://support.mozilla.org/questions/1567990,os:macos,Mac OS x 10_15_7,,,,,,,1,true,13.25,False,
1567998,2026-02-27T01:08:19.707359Z,2026-02-27,en-US,send-and-receive-email,thunderbird;windows-11;send-and-receive-email;,shaya4,Duplicate email messages downloading to both my mailboxes,https://support.mozilla.org/questions/1567998,os:windows,Windows 11,,148.0,148,m:yahooemail,,,3,true,12.2,False,
1568004,2026-02-27T02:05:36.710640Z,2026-02-27,en-US,customization,thunderbird;customization;,dominikw,Card view in Inbox shows recipient instead of sender,https://support.mozilla.org/questions/1568004,os:macos,Mac OS x 10_15_7,,148.0,148,,,,3,true,8.34,False,
1568007,2026-02-27T02:12:13.798411Z,2026-02-27,en-US,account-management,thunderbird;windows-11;account-management;,ddrandall06,Trouble with adding a second Gmail account in Thunderbird,https://support.mozilla.org/questions/1568007,os:windows,Windows 11,,148.0,148,m:gmail,,,2,true,21.37,True,ddrandall06
1568011,2026-02-27T02:59:14.809238Z,2026-02-27,en-US,junk-mail-and-spam,thunderbird;junk-mail-and-spam;,earlrb0,Cannot find a Thunderbird Spam file,https://support.mozilla.org/questions/1568011,,,,,,m:comcast,,,4,true,0.31,False,
1568019,2026-02-27T04:44:11.371366Z,2026-02-27,en-US,send-and-receive-email,thunderbird;windows-10;send-and-receive-email;,timothychan,Thunderbird version 140.8.0esr (32-bit) - Cannot Send Email Suddenly,https://support.mozilla.org/questions/1568019,os:windows,Windows 10,,,,,proto:smtp,,1,true,8.36,False,
1568020,2026-02-27T05:16:51.588572Z,2026-02-27,en-US,email-and-messaging,thunderbird;windows-11;email-and-messaging;,larrybreese,One Local Folder Saved on C: Is Inexplicably Huge,https://support.mozilla.org/questions/1568020,os:windows,Windows 11,,,,,,,5,true,1.27,False,
1568022,2026-02-27T06:11:13.757607Z,2026-02-27,en-US,junk-mail-and-spam,thunderbird;windows-11;junk-mail-and-spam;,srb64445,Thunderbird and Spam Emails,https://support.mozilla.org/questions/1568022,os:windows,Windows 11,,,,,,,1,true,7.05,False,
1568029,2026-02-27T07:37:09.827901Z,2026-02-27,en-US,import-and-export-email,thunderbird;windows-11;import-and-export-email;,k_no_uta,I want Archives to save emails in seperate files,https://support.mozilla.org/questions/1568029,os:windows,Windows 11,,140.8.0esr,140,,,,20,true,3.63,False,
1568048,2026-02-27T10:06:33.451769Z,2026-02-27,it,send-and-receive-email,linux;thunderbird;send-and-receive-email;,dante.lavieri,Recuperare l'ultimo dispaccio di Thunderbird,https://support.mozilla.org/questions/1568048,os:linux,Linux,,140.8.0esr,140,,,,0,false,,False,
1568051,2026-02-27T10:55:33.240872Z,2026-02-27,it,calendar,thunderbird;needsinfo;calendar;windows-11;,gabonik46,"I can't remove the calendar from view, the attached image keeps appearing",https://support.mozilla.org/questions/1568051,os:windows,Windows 11,,148.00,148,,,,1,true,0.63,False,
1568059,2026-02-27T11:44:09.738757Z,2026-02-27,en-US,calendar,linux;thunderbird;calendar;,bullishbob,how do i print my hours on the side of my daily calendar,https://support.mozilla.org/questions/1568059,os:linux,Linux,,140.7,140,,,,0,false,,False,
1568075,2026-02-27T12:56:58.210835Z,2026-02-27,it,email-and-messaging,thunderbird;needsinfo;windows-10;email-and-messaging;,info13604,Thunderbird – Unable to Send Emails | Request for Technical Support,https://support.mozilla.org/questions/1568075,os:windows,Windows 10,,,,,proto:smtp,,1,true,4.73,False,
1568092,2026-02-27T14:08:24.145333Z,2026-02-27,en-US,passwords-and-sign-in,thunderbird;passwords-and-sign-in;windows-1011;,ke4avb,Updates causing problems,https://support.mozilla.org/questions/1568092,os:windows,Windows 10/11,,,,m:yahooemail,,,0,false,,False,
1568094,2026-02-27T14:14:19.352421Z,2026-02-27,it,account-management,thunderbird;needsinfo;account-management;,frasaldi,Problemi creazione account con POP,https://support.mozilla.org/questions/1568094,,,,148,148,,proto:imap;proto:pop,,1,true,3.45,False,
1568111,2026-02-27T15:19:08.436170Z,2026-02-27,en-US,connectivity,thunderbird;windows-10;connectivity;,andrew_black1,"Yahoo page pops up everytime I open Thunderbird, with a server time out box.",https://support.mozilla.org/questions/1568111,os:windows,Windows 10,,,,m:yahooemail,,,1,true,1.05,False,
1568112,2026-02-27T15:19:10.211298Z,2026-02-27,en-US,send-and-receive-email,thunderbird;windows-10;send-and-receive-email;,andrew_black1,"Yahoo page pops up everytime I open Thunderbird, with a server time out box. (locked duplicate)",https://support.mozilla.org/questions/1568112,os:windows,Windows 10,,,,m:yahooemail,,,0,false,,False,
1568113,2026-02-27T15:19:16.493458Z,2026-02-27,en-US,connectivity,thunderbird;windows-10;connectivity;,andrew_black1,"Yahoo page pops up everytime I open Thunderbird, with a server time out box. (locked duplicate)",https://support.mozilla.org/questions/1568113,os:windows,Windows 10,,,,m:yahooemail,,,0,false,,False,
1568117,2026-02-27T15:41:04.768966Z,2026-02-27,nl,account-management,thunderbird;account-management;windows-1011;,thschuitemaker,dubbele mail,https://support.mozilla.org/questions/1568117,os:windows,Windows 10/11,,148.0 64bit,148,,,,10,true,44.47,False,
1568122,2026-02-27T16:03:41.520606Z,2026-02-27,en-US,send-and-receive-email,thunderbird;needsinfo;windows-11;send-and-receive-email;,besterinc,I updated my Thunderbird version. I am now unable to send emails.,https://support.mozilla.org/questions/1568122,os:windows,Windows 11,,,,,,,3,true,0.32,False,
1568124,2026-02-27T16:05:29.669035Z,2026-02-27,en-US,send-and-receive-email,thunderbird;windows-11;send-and-receive-email;,roundshaw,Since installing Thunderbird 148 my yahoo pop connection times out,https://support.mozilla.org/questions/1568124,os:windows,Windows 11,,148,148,m:yahooemail,proto:pop,,3,true,23.56,False,
1568126,2026-02-27T16:08:54.697702Z,2026-02-27,en-US,customization,linux;thunderbird;customization;,dominikw,Retention policy is unavailable,https://support.mozilla.org/questions/1568126,os:linux,Linux,,148.0,148,,,,0,false,,False,
1568128,2026-02-27T16:15:59.290232Z,2026-02-27,en-US,crashing-and-slow-performance,thunderbird;windows-11;crashing-and-slow-performance;,jdmaatman,Thunderbird recently started running very slowly.,https://support.mozilla.org/questions/1568128,os:windows,Windows 11,,140.8 Oesr (32 bit,140,,,,5,true,0.14,True,anovello
1568131,2026-02-27T16:22:26.965104Z,2026-02-27,en-US,customization,thunderbird;customization;,jn3va3,Window resizing and position doesn't persist,https://support.mozilla.org/questions/1568131,os:linux,Linux Kubuntu 25.10,,140.8.0esr (64-bit,140,,,,0,false,,False,
1568133,2026-02-27T16:25:20.948948Z,2026-02-27,en-US,send-and-receive-email,thunderbird;windows-11;send-and-receive-email;,peterdev,How do I clear the Draft folder automatically when sending the original email?,https://support.mozilla.org/questions/1568133,os:windows,Windows 11,,148.0,148,,,,1,true,1.46,False,
1568137,2026-02-27T17:08:32.394716Z,2026-02-27,en-US,install,thunderbird;windows-10;install;,multiservices,"Problems for Thunderbird installation with Win11 for 2 Pc's (LenovoT14  + HP15"")",https://support.mozilla.org/questions/1568137,os:windows,Windows 10,,,,,,,1,true,0.57,False,
1568141,2026-02-27T17:27:20.736144Z,2026-02-27,en-US,send-and-receive-email,thunderbird;windows-11;send-and-receive-email;,major_padova,IMAP folder state inconsistency / message-count fluctuation issue,https://support.mozilla.org/questions/1568141,os:windows,Windows 11,,From 140.7.2 - 148,140,,proto:imap;proto:smtp,,0,false,,False,
1568146,2026-02-27T18:06:42.646602Z,2026-02-27,en-US,passwords-and-sign-in,thunderbird;windows-10;passwords-and-sign-in;,mt67103,Recently we had to change a password on one of our email accounts and I am not able to sign in to my emails on my thunde,https://support.mozilla.org/questions/1568146,os:windows,Windows 10,,,,m:gmail,,,0,false,,False,
1568147,2026-02-27T18:13:49.177327Z,2026-02-27,en-US,customization,thunderbird;android;customization;firefox-1470;,Samuel,"I want to get Thunderbird as standard app, but it does'nt work. (locked duplicate)",https://support.mozilla.org/questions/1568147,os:android,Android,,,,m:gmail,,,3,true,0.37,False,
1568155,2026-02-27T18:54:43.453988Z,2026-02-27,en-US,send-and-receive-email,thunderbird;windows-10;send-and-receive-email;,kathy.jprc,Why can't I draft a neww message under my new (since Feb.2025) email,https://support.mozilla.org/questions/1568155,os:windows,Windows 10,,,,,,,1,true,45.61,False,
1568156,2026-02-27T18:59:43.153647Z,2026-02-27,en-US,events,thunderbird;windows-11;events;,Norbert.Piel,Appointment in calender exist but are not shown,https://support.mozilla.org/questions/1568156,os:windows,Windows 11,,148.0 64 bit,148,,,,0,false,,False,
1568159,2026-02-27T19:05:45.477480Z,2026-02-27,en-US,send-and-receive-email,thunderbird;windows-10;send-and-receive-email;,jhnsfmly,"The ""send"" button is missing from the menu of my emails, I can write replies but not send them.",https://support.mozilla.org/questions/1568159,os:windows,Windows 10,,Not sure,,,,,9,true,3.86,True,rednoise
1568160,2026-02-27T19:08:09.487720Z,2026-02-27,en-US,send-and-receive-email,thunderbird;windows-10;send-and-receive-email;,brucelove,I cannot send a newsgroup message,https://support.mozilla.org/questions/1568160,os:windows,Windows 10,,140.8.0esr (64-bit,140,,,,2,true,2.3,False,
1568161,2026-02-27T19:11:40.658864Z,2026-02-27,en-US,customization,thunderbird;customization;windows-11;,wylbur,reply to an email and have reply be put in same folder with email being replied to,https://support.mozilla.org/questions/1568161,os:windows,Windows 11,,ESR 140.8.0esr,140,,,,1,true,8.09,False,
1568164,2026-02-27T19:25:36.165476Z,2026-02-27,en-US,import-and-export-email,thunderbird;windows-10;import-and-export-email;,rickfoulke,"I am in need of saving 20,000 plus emails saved over past 6 years.",https://support.mozilla.org/questions/1568164,os:windows,Windows 10,,140.7.2esr,140,,,,3,true,2.07,False,
1568170,2026-02-27T20:01:55.426687Z,2026-02-27,en-US,email-and-messaging,thunderbird;windows-11;email-and-messaging;,moz34,Unable to rename an Archive subfolder,https://support.mozilla.org/questions/1568170,os:windows,Windows 11,,148.0,148,,,,0,false,,False,
1568174,2026-02-27T20:28:48.084226Z,2026-02-27,en-US,profiles,thunderbird;windows-10;profiles;,jfcasey,A re-install of TBird won't start when an old profile contains a folder for an email domain that no longer exists.,https://support.mozilla.org/questions/1568174,os:windows,Windows 10,,Latest version.,,,proto:imap,,4,true,0.78,True,MattAuSupport
1568178,2026-02-27T20:53:13.874123Z,2026-02-27,en-US,events,linux;thunderbird;events;,spartanhooah,Birthday reminder from Google can't be dismissed,https://support.mozilla.org/questions/1568178,os:linux,Linux,,148.0,148,,,,2,true,1.4,False,
1568203,2026-02-28T00:09:12.784593Z,2026-02-28,en-US,install,thunderbird;windows-10;install;,motoflex,"""Couldn't load XPCOM"" repercussions!",https://support.mozilla.org/questions/1568203,os:windows,Windows 10,,,,,,,2,true,11.68,True,davidsk
1568211,2026-02-28T01:01:00.402058Z,2026-02-28,en-US,email-and-messaging,thunderbird;windows-11;email-and-messaging;,mwinhines,Transferring Inbox mail to folders,https://support.mozilla.org/questions/1568211,os:windows,Windows 11,,148.0,148,,,,2,true,2.04,False,
1568212,2026-02-28T01:07:31.862463Z,2026-02-28,en-US,account-management,linux;thunderbird;account-management;,mail2587,Choosing which IMAP Quota response to display,https://support.mozilla.org/questions/1568212,os:linux,Linux,,115.18.0,115,,proto:imap,,0,false,,False,
1568223,2026-02-28T02:47:22.151418Z,2026-02-28,en-US,account-management,thunderbird;windows-10;account-management;,trav2,can't setup on new laptop (locked),https://support.mozilla.org/questions/1568223,os:windows,Windows 10,,,,,,,1,true,2.02,False,
1568225,2026-02-28T03:09:03.833662Z,2026-02-28,en-US,connectivity,linux;thunderbird;connectivity;,Hec99,server setting for thunderbird email are failing,https://support.mozilla.org/questions/1568225,os:linux,Linux,,,,m:microsoftemail,,,0,false,,False,
1568231,2026-02-28T03:46:51.739083Z,2026-02-28,en-US,import-and-export-email,thunderbird;windows-10;import-and-export-email;,trav2,No email page,https://support.mozilla.org/questions/1568231,os:windows,Windows 10,,,,,,,1,true,1.02,False,
1568232,2026-02-28T04:07:23.829556Z,2026-02-28,en-US,email-and-messaging,thunderbird;windows-81;email-and-messaging;,trav2,CAN I TALK TO A SUPPORT MEMBER (locked),https://support.mozilla.org/questions/1568232,os:windows,Windows 8.1,,,,,,,1,true,0.7,False,
1568246,2026-02-28T06:58:29.774091Z,2026-02-28,en-US,passwords-and-sign-in,thunderbird;passwords-and-sign-in;,trav2,setup new computer  (locked duplicate),https://support.mozilla.org/questions/1568246,os:windows,Windows 8.1 =- 11 on new laptop,,,,,,,1,true,2.28,False,
1568251,2026-02-28T07:23:01.325124Z,2026-02-28,en-US,send-and-receive-email,thunderbird;windows-10;send-and-receive-email;,jhnsfmly,"I have lost the ""send"" button from my menu and toolbar (locked duplicate)",https://support.mozilla.org/questions/1568251,os:windows,Windows 10,,140.8.0 esr,140,,,,2,true,0.9,False,
1568258,2026-02-28T08:32:05.762727Z,2026-02-28,en-US,send-and-receive-email,thunderbird;send-and-receive-email;windows-1011;,Dieter.Olmes,after update of thunderbird to 148 i have no access to yahoo mail,https://support.mozilla.org/questions/1568258,os:windows,Windows 10/11,,148,148,m:yahooemail,,,18,true,1.06,False,
1568271,2026-02-28T11:34:27.324474Z,2026-02-28,en-US,customization,thunderbird;customization;windows-11;,brave.free.world,Thunderbird will not wrap preformatted text,https://support.mozilla.org/questions/1568271,os:windows,Windows 11,,148.0,148,,,,2,false,,True,brave.free.world
1568281,2026-02-28T12:43:07.144215Z,2026-02-28,en-US,send-and-receive-email,thunderbird;windows-10;send-and-receive-email;,moivhod,Get All New Messages and Shift + F5 don't work in Thunderbird,https://support.mozilla.org/questions/1568281,os:windows,Windows 10,,148.0b6,148,,,,0,false,,False,
1568282,2026-02-28T12:45:16.497725Z,2026-02-28,en-US,connectivity,thunderbird;connectivity;,markpeters,"Thunderbird suddenly started asking for Crendentials for yahoo account.  ""Something went wrong  We could not sign you in",https://support.mozilla.org/questions/1568282,os:windows,Windows 11 Pro 25H2,,148.0,148,m:yahooemail,proto:pop;proto:oauth,av:avast,13,true,1.85,True,markpeters
1568288,2026-02-28T13:41:35.732741Z,2026-02-28,en-US,customization,linux;thunderbird;customization;,jcmj974,I cannot find the config.editor,https://support.mozilla.org/questions/1568288,os:linux,Linux,,140.8,140,,,,1,true,0.84,False,
1568290,2026-02-28T14:05:04.401019Z,2026-02-28,en-US,email-and-messaging,thunderbird;windows-11;email-and-messaging;,cobourgladdie,thunderbird emails are being transferred to my website as posts,https://support.mozilla.org/questions/1568290,os:windows,Windows 11,,,,,,,16,true,1.82,False,
1568292,2026-02-28T14:20:36.056786Z,2026-02-28,en-US,security,thunderbird;windows-10;security;,robin.ek.1984.norden,How do I remove HEUR:Trojan.VBS.SAgent.gen from my computer?,https://support.mozilla.org/questions/1568292,os:windows,Windows 10,,140.8.0esr,140,,,av:kaspersky,3,true,0.42,True,christ1
1568303,2026-02-28T15:37:19.406330Z,2026-02-28,en-US,calendar,thunderbird;calendar;windows-1011;,pmruzicka,Google Calendars Stopped SHowing in Thunderbird after 148.0,https://support.mozilla.org/questions/1568303,os:windows,Windows 10/11,,148.0,148,,,,6,true,0.08,True,wsmwk
1568307,2026-02-28T15:47:42.207671Z,2026-02-28,en-US,accounts,thunderbird;accounts;windows-1011;,steevan75,"Yahoo login/authentication error with version ????  ""Edge.. too many requests""",https://support.mozilla.org/questions/1568307,os:windows,Windows 10/11,,,,m:yahooemail,,,2,true,14.81,False,
1568316,2026-02-28T17:24:11.276596Z,2026-02-28,en-US,customization,thunderbird;windows-10;customization;,dan7miller,149.0b1 - userChrome.css settings for message-list colors stopped working,https://support.mozilla.org/questions/1568316,os:windows,Windows 10,,149.0b1,149,,,,1,false,,True,dan7miller
1568317,2026-02-28T17:31:01.076653Z,2026-02-28,en-US,email-and-messaging,thunderbird;email-and-messaging;windows-1011;,grosep,how can I insert a non_breaking space in text,https://support.mozilla.org/questions/1568317,os:windows,Windows 10/11,,148,148,,,,2,true,15.01,False,
1568318,2026-02-28T17:40:19.191438Z,2026-02-28,en-US,account-management,thunderbird;account-management;windows-1011;,oliver.hackner,Three accounts with different AOL accounts are displaying the same content from one of them.,https://support.mozilla.org/questions/1568318,os:windows,Windows 10/11,,,,m:yahooemail,,,1,true,19.55,True,davidsk
1568321,2026-02-28T17:55:28.142937Z,2026-02-28,en-US,profiles,thunderbird;profiles;windows-1011;,tobiebw2,Can't transfer old Thunderbird data to new computer,https://support.mozilla.org/questions/1568321,os:windows,Windows 10/11,,,,,,,4,true,3.86,False,
1568326,2026-02-28T18:23:13.683953Z,2026-02-28,en-US,junk-mail-and-spam,thunderbird;junk-mail-and-spam;windows-1011;,VeriSuite,Received msg claiming has all my info - wants $$ to get rid of it,https://support.mozilla.org/questions/1568326,os:windows,Windows 10/11,,,,m:microsoftemail,,,8,true,8.76,True,Toad-Hall
1568333,2026-02-28T18:58:33.293528Z,2026-02-28,en-US,send-and-receive-email,thunderbird;send-and-receive-email;,neil91,Why does T'bird not show ALL the messages in my inbox on Zoho mail?,https://support.mozilla.org/questions/1568333,os:linux,Ubuntu 18.04.6TS,,102.11.0,102,m:zoho,,,0,false,,False,
1568344,2026-02-28T20:07:10.592920Z,2026-02-28,en-US,crashing-and-slow-performance,thunderbird;needsinfo;crashing-and-slow-performance;,jlg4570,I cannot type into mail settings for composition or search,https://support.mozilla.org/questions/1568344,,,,,,,,,2,true,7.01,False,
1568352,2026-02-28T20:52:16.124841Z,2026-02-28,en-US,profiles,thunderbird;windows-11;profiles;,glospreys,"Need to restore ""corrupted"" T-Bird on PC without loosing emails, addrs, history, etc.",https://support.mozilla.org/questions/1568352,os:windows,Windows 11,,,,,,,15,true,0.66,False,
1568353,2026-02-28T20:59:54.239391Z,2026-02-28,en-US,account-management,linux;thunderbird;account-management;,littlerock1,Can you use Thunderbird with a two-step verification email account?,https://support.mozilla.org/questions/1568353,os:linux,Linux,,,,m:microsoftemail,,,2,true,6.11,True,MattAuSupport
1568358,2026-02-28T21:11:10.239002Z,2026-02-28,en-US,calendar,thunderbird;calendar;windows-11;,rob159,My Tbird ver 140.8.0esr shows 2026 Feb 29 which does not exist. what can I do?,https://support.mozilla.org/questions/1568358,os:windows,Windows 11,,140.8.0esr,140,,,,2,true,63.43,True,Toad-Hall
1568366,2026-02-28T21:59:25.303084Z,2026-02-28,en-US,passwords-and-sign-in,thunderbird;windows-11;passwords-and-sign-in;,kenbailey143,Problems setting up Thunderbird on a new PC,https://support.mozilla.org/questions/1568366,os:windows,Windows 11,,,,,,,1,true,15.2,False,
1568372,2026-02-28T22:42:17.934538Z,2026-02-28,en-US,passwords-and-sign-in,thunderbird;windows-11;passwords-and-sign-in;,nig4bren,Authentication failure while connecting to server imap.aol.com and version 148,https://support.mozilla.org/questions/1568372,os:windows,Windows 11,,148,148,m:gmail;m:yahooemail,proto:imap;proto:pop,,2,true,5.11,False,
