period,dim,value,count,baseline_median,magnitude,kind,answered_pct,unanswered,median_first_answer_h,question_ids,example_urls,example_titles
2026-07-31,tb_version_major,153,18,0.0,new,new/dormant,100,0,1.5,1595834 1595845 1595865 1595876 1595877 1595882 1595883 1595900 1595914 1595928 1595937 1595941 1595945 1595946 1595956 1595957 1595966 1595968,https://support.mozilla.org/questions/1595834 https://support.mozilla.org/questions/1595845 https://support.mozilla.org/questions/1595865 https://support.mozilla.org/questions/1595876 https://support.mozilla.org/questions/1595877 https://support.mozilla.org/questions/1595882 https://support.mozilla.org/questions/1595883 https://support.mozilla.org/questions/1595900 https://support.mozilla.org/questions/1595914 https://support.mozilla.org/questions/1595928 https://support.mozilla.org/questions/1595937 https://support.mozilla.org/questions/1595941 https://support.mozilla.org/questions/1595945 https://support.mozilla.org/questions/1595946 https://support.mozilla.org/questions/1595956 https://support.mozilla.org/questions/1595957 https://support.mozilla.org/questions/1595966 https://support.mozilla.org/questions/1595968,"Compacting folders progress bar | are you able to use thunderbird email without primary passwo | I need a filter on a message to FULLY FINISH before a next m | Are there any ""best practice"" advice regarding organising st | Errore di autenticazione account gmail"
2026-07-30,tb_version_major,153,9,0.0,new,new/dormant,100,0,29.8,1595713 1595723 1595730 1595732 1595757 1595758 1595804 1595816 1595827,https://support.mozilla.org/questions/1595713 https://support.mozilla.org/questions/1595723 https://support.mozilla.org/questions/1595730 https://support.mozilla.org/questions/1595732 https://support.mozilla.org/questions/1595757 https://support.mozilla.org/questions/1595758 https://support.mozilla.org/questions/1595804 https://support.mozilla.org/questions/1595816 https://support.mozilla.org/questions/1595827,Why do deleted emails remain in my All Mail box? | Thunderbird editor line spacing | F5 no longer works (linux) | Right click not working on spam email | Thunderbird has stopped connecting to the PTD server on ever
2026-07-28,tb_version_major,153,11,0.0,new,new/dormant,82,2,62.6,1595265 1595273 1595316 1595326 1595352 1595358 1595400 1595401 1595416 1595426 1595438,https://support.mozilla.org/questions/1595265 https://support.mozilla.org/questions/1595273 https://support.mozilla.org/questions/1595316 https://support.mozilla.org/questions/1595326 https://support.mozilla.org/questions/1595352 https://support.mozilla.org/questions/1595358 https://support.mozilla.org/questions/1595400 https://support.mozilla.org/questions/1595401 https://support.mozilla.org/questions/1595416 https://support.mozilla.org/questions/1595426 https://support.mozilla.org/questions/1595438,How to delete duplicate folders in three email acounts? | Adding a hotmail email account to Thunderbird 153.0 (64-bit) | cannot configure yahoo mail account in thunderbird. cannot f | Mess after update | how to increase size of text in email opened in Thunderbird
2026-07-27,tb_version_major,153,11,0.0,new,new/dormant,82,2,4.8,1595089 1595090 1595096 1595113 1595142 1595159 1595164 1595180 1595182 1595205 1595217,https://support.mozilla.org/questions/1595089 https://support.mozilla.org/questions/1595090 https://support.mozilla.org/questions/1595096 https://support.mozilla.org/questions/1595113 https://support.mozilla.org/questions/1595142 https://support.mozilla.org/questions/1595159 https://support.mozilla.org/questions/1595164 https://support.mozilla.org/questions/1595180 https://support.mozilla.org/questions/1595182 https://support.mozilla.org/questions/1595205 https://support.mozilla.org/questions/1595217,"add a yohoo email account | backup zip ,841mb ,will not import into thunderbird | System updated despite being set to hold updates | Moved profile isn't working | outlook in thunderbird connection to smtp server failed"
2026-07-26,tb_version_major,153,15,0.0,new,new/dormant,80,3,5.6,1594896 1594901 1594904 1594912 1594945 1594983 1594987 1594990 1595012 1595026 1595030 1595048 1595056 1595057 1595061,https://support.mozilla.org/questions/1594896 https://support.mozilla.org/questions/1594901 https://support.mozilla.org/questions/1594904 https://support.mozilla.org/questions/1594912 https://support.mozilla.org/questions/1594945 https://support.mozilla.org/questions/1594983 https://support.mozilla.org/questions/1594987 https://support.mozilla.org/questions/1594990 https://support.mozilla.org/questions/1595012 https://support.mozilla.org/questions/1595026 https://support.mozilla.org/questions/1595030 https://support.mozilla.org/questions/1595048 https://support.mozilla.org/questions/1595056 https://support.mozilla.org/questions/1595057 https://support.mozilla.org/questions/1595061,"Lost my password | When opening Tbird 153.0, several servers give authenticatio | Click on 'get messages' goes nowhere | spam folder stuck in trash | Please restore that useful counter which showed the progress"
2026-07-24,tb_version_major,153,8,0.0,new,new/dormant,75,2,31.4,1594604 1594673 1594684 1594687 1594698 1594720 1594723 1594725,https://support.mozilla.org/questions/1594604 https://support.mozilla.org/questions/1594673 https://support.mozilla.org/questions/1594684 https://support.mozilla.org/questions/1594687 https://support.mozilla.org/questions/1594698 https://support.mozilla.org/questions/1594720 https://support.mozilla.org/questions/1594723 https://support.mozilla.org/questions/1594725,"""Current operation on Inbox did not succeed for yahoo accoun | Can't get back to inbox from local folders | How do I stop original emails in my inbox from duplicating t | missing a folder that exists on the ISP server | Unable to install gmail address accounts due passkey issues "
2026-07-23,tb_version_major,153,11,0.0,new,new/dormant,82,2,3.0,1594355 1594359 1594394 1594400 1594410 1594444 1594449 1594453 1594478 1594496 1594502,https://support.mozilla.org/questions/1594355 https://support.mozilla.org/questions/1594359 https://support.mozilla.org/questions/1594394 https://support.mozilla.org/questions/1594400 https://support.mozilla.org/questions/1594410 https://support.mozilla.org/questions/1594444 https://support.mozilla.org/questions/1594449 https://support.mozilla.org/questions/1594453 https://support.mozilla.org/questions/1594478 https://support.mozilla.org/questions/1594496 https://support.mozilla.org/questions/1594502,"not sure i  lke the new version | How do I remove the English (US) dictionary from Thunderbird | Imap folders missing | Disable ""Connection to server"" timeout notification | не работает почта"
2026-07-01,tb_version_major,152,11,3.5,3.14,above-baseline,45,6,0.8,1590558 1590593 1590611 1590630 1590645 1590650 1590663 1590666 1590687 1590697 1590708,https://support.mozilla.org/questions/1590558 https://support.mozilla.org/questions/1590593 https://support.mozilla.org/questions/1590611 https://support.mozilla.org/questions/1590630 https://support.mozilla.org/questions/1590645 https://support.mozilla.org/questions/1590650 https://support.mozilla.org/questions/1590663 https://support.mozilla.org/questions/1590666 https://support.mozilla.org/questions/1590687 https://support.mozilla.org/questions/1590697 https://support.mozilla.org/questions/1590708,Chyba editoru při přeposílání (inline): Uzamčení dočasných s | Too much disk space used by Thunderbird | Changing the font size/type for Message Source? | Uninstall not found... TB trying to reset to default | Unable to sign in to a Google Mail account
2026-06-30,tb_version_major,152,9,1.5,6.0,above-baseline,44,5,2.1,1590325 1590372 1590385 1590393 1590399 1590449 1590463 1590495 1590499,https://support.mozilla.org/questions/1590325 https://support.mozilla.org/questions/1590372 https://support.mozilla.org/questions/1590385 https://support.mozilla.org/questions/1590393 https://support.mozilla.org/questions/1590399 https://support.mozilla.org/questions/1590449 https://support.mozilla.org/questions/1590463 https://support.mozilla.org/questions/1590495 https://support.mozilla.org/questions/1590499,"Win11/Ver152 how to attach a file to a message for sending | Urgent question: Wrong email group when I sign in coming up | Hi, after the participant's or party's e-mail address, it ap | Storende pop-up naar aanleiding van verwijderde google-accou | Thunderbird is marking unread messages as read"
2026-06-29,tb_version_major,152,16,1.0,16.0,above-baseline,81,3,6.8,1590162 1590178 1590192 1590198 1590207 1590208 1590210 1590214 1590255 1590272 1590275 1590278 1590283 1590286 1590301 1590307,https://support.mozilla.org/questions/1590162 https://support.mozilla.org/questions/1590178 https://support.mozilla.org/questions/1590192 https://support.mozilla.org/questions/1590198 https://support.mozilla.org/questions/1590207 https://support.mozilla.org/questions/1590208 https://support.mozilla.org/questions/1590210 https://support.mozilla.org/questions/1590214 https://support.mozilla.org/questions/1590255 https://support.mozilla.org/questions/1590272 https://support.mozilla.org/questions/1590275 https://support.mozilla.org/questions/1590278 https://support.mozilla.org/questions/1590283 https://support.mozilla.org/questions/1590286 https://support.mozilla.org/questions/1590301 https://support.mozilla.org/questions/1590307,Funzionamento QRcode per condigurazione Tablet da PC (Trasfe | Adding 2nd outlook accound | Thunderbird on 2 computers when message deleted on one it al | Thunderbird emails have started to only show links and not t | Moving numerous emails in one account
2026-06-27,tb_version_major,152,11,1.0,11.0,above-baseline,100,0,1.3,1589811 1589818 1589841 1589864 1589874 1589877 1589910 1589939 1589944 1589952 1589962,https://support.mozilla.org/questions/1589811 https://support.mozilla.org/questions/1589818 https://support.mozilla.org/questions/1589841 https://support.mozilla.org/questions/1589864 https://support.mozilla.org/questions/1589874 https://support.mozilla.org/questions/1589877 https://support.mozilla.org/questions/1589910 https://support.mozilla.org/questions/1589939 https://support.mozilla.org/questions/1589944 https://support.mozilla.org/questions/1589952 https://support.mozilla.org/questions/1589962,why I'm getting this message from google:  the provider for  | My wife sends me a message and it shows it;s from someone el | Cannot delete messages | Password for a unknown mail address. | Any attempt to add a Nextcloud CalDAV calendar to Thunderbir
2026-06-26,tb_version_major,152,17,1.0,17.0,above-baseline,82,3,2.3,1589625 1589639 1589641 1589642 1589655 1589656 1589657 1589680 1589710 1589727 1589735 1589743 1589745 1589749 1589769 1589788 1589805,https://support.mozilla.org/questions/1589625 https://support.mozilla.org/questions/1589639 https://support.mozilla.org/questions/1589641 https://support.mozilla.org/questions/1589642 https://support.mozilla.org/questions/1589655 https://support.mozilla.org/questions/1589656 https://support.mozilla.org/questions/1589657 https://support.mozilla.org/questions/1589680 https://support.mozilla.org/questions/1589710 https://support.mozilla.org/questions/1589727 https://support.mozilla.org/questions/1589735 https://support.mozilla.org/questions/1589743 https://support.mozilla.org/questions/1589745 https://support.mozilla.org/questions/1589749 https://support.mozilla.org/questions/1589769 https://support.mozilla.org/questions/1589788 https://support.mozilla.org/questions/1589805,"Thunderbird Message Filtering | Help needed to resolve error 400 sign in request? | The Status Bar and progress bar do not show during prompted  | trouble creating an identity | When i reply to email, can have ""from"" address to be whateve"
2026-06-25,tb_version_major,152,15,1.0,15.0,above-baseline,93,1,4.8,1589455 1589473 1589482 1589488 1589497 1589507 1589510 1589517 1589525 1589533 1589555 1589557 1589563 1589581 1589608,https://support.mozilla.org/questions/1589455 https://support.mozilla.org/questions/1589473 https://support.mozilla.org/questions/1589482 https://support.mozilla.org/questions/1589488 https://support.mozilla.org/questions/1589497 https://support.mozilla.org/questions/1589507 https://support.mozilla.org/questions/1589510 https://support.mozilla.org/questions/1589517 https://support.mozilla.org/questions/1589525 https://support.mozilla.org/questions/1589533 https://support.mozilla.org/questions/1589555 https://support.mozilla.org/questions/1589557 https://support.mozilla.org/questions/1589563 https://support.mozilla.org/questions/1589581 https://support.mozilla.org/questions/1589608,"How do I prevent automatic updates? | versendete Mail wird nicht im Ordner SentMail angezeigt, wo  | Cannot move or copy multiple messages | Assistance Required: Password Protection for Thunderbird Cli | Unable to send or receive emails."
2026-06-24,tb_version_major,152,12,0.5,24.0,above-baseline,75,3,4.3,1589243 1589281 1589308 1589325 1589332 1589335 1589339 1589342 1589344 1589353 1589380 1589395,https://support.mozilla.org/questions/1589243 https://support.mozilla.org/questions/1589281 https://support.mozilla.org/questions/1589308 https://support.mozilla.org/questions/1589325 https://support.mozilla.org/questions/1589332 https://support.mozilla.org/questions/1589335 https://support.mozilla.org/questions/1589339 https://support.mozilla.org/questions/1589342 https://support.mozilla.org/questions/1589344 https://support.mozilla.org/questions/1589353 https://support.mozilla.org/questions/1589380 https://support.mozilla.org/questions/1589395,"迷惑メールフォルダーに入っていた迷惑メールが勝手にゴミ箱に移動してしまう | Mozilla Thunderbird no ordena las carpetas alfabéticamente s | We're unable to complete your request error when Thunderbird | After laptop reset, my inbox, sent emails, and templates are | Signature does not apply when I forward an email."
2026-06-23,tb_version_major,152,10,0.0,new,new/dormant,90,1,2.0,1589123 1589138 1589159 1589173 1589179 1589191 1589199 1589202 1589211 1589226,https://support.mozilla.org/questions/1589123 https://support.mozilla.org/questions/1589138 https://support.mozilla.org/questions/1589159 https://support.mozilla.org/questions/1589173 https://support.mozilla.org/questions/1589179 https://support.mozilla.org/questions/1589191 https://support.mozilla.org/questions/1589199 https://support.mozilla.org/questions/1589202 https://support.mozilla.org/questions/1589211 https://support.mozilla.org/questions/1589226,How can I view in calendar 7 days on one screen. No matter w | I am trying to enter new settings and can't locate the page | E Mial client listing order | emails move on their own from inbox to trash folder (locked  | Gamla adressboken
2026-06-22,tb_version_major,152,10,0.0,new,new/dormant,100,0,1.0,1588926 1588933 1588938 1588967 1588974 1588984 1589014 1589022 1589025 1589028,https://support.mozilla.org/questions/1588926 https://support.mozilla.org/questions/1588933 https://support.mozilla.org/questions/1588938 https://support.mozilla.org/questions/1588967 https://support.mozilla.org/questions/1588974 https://support.mozilla.org/questions/1588984 https://support.mozilla.org/questions/1589014 https://support.mozilla.org/questions/1589022 https://support.mozilla.org/questions/1589025 https://support.mozilla.org/questions/1589028,Thunderbird reloading one account on startup and account's f | All of a sudden my emails are permanently staying in bold in | My Gmail Imap is in Local Folders and I want to move it to t | Thunderbird seems to have replaced my login password for com | Ho scaricato Thunderbird ma per completare l'installazione i
2026-06-19,tb_version_major,152,12,0.0,new,new/dormant,92,1,2.0,1588290 1588292 1588311 1588331 1588332 1588335 1588345 1588351 1588384 1588386 1588394 1588405,https://support.mozilla.org/questions/1588290 https://support.mozilla.org/questions/1588292 https://support.mozilla.org/questions/1588311 https://support.mozilla.org/questions/1588331 https://support.mozilla.org/questions/1588332 https://support.mozilla.org/questions/1588335 https://support.mozilla.org/questions/1588345 https://support.mozilla.org/questions/1588351 https://support.mozilla.org/questions/1588384 https://support.mozilla.org/questions/1588386 https://support.mozilla.org/questions/1588394 https://support.mozilla.org/questions/1588405,Thunderbird keeps asking for password for 3 email accounts s | Calendar (Thunderbird 152 on Windows 11)  keeps asking authe | Received Address book contact goes to 'spam' folder | PROBLEMI MAIL | Local Folder Space
2026-06-18,tb_version_major,152,13,0.0,new,new/dormant,92,1,2.6,1588073 1588093 1588098 1588132 1588143 1588174 1588176 1588209 1588222 1588234 1588251 1588256 1588268,https://support.mozilla.org/questions/1588073 https://support.mozilla.org/questions/1588093 https://support.mozilla.org/questions/1588098 https://support.mozilla.org/questions/1588132 https://support.mozilla.org/questions/1588143 https://support.mozilla.org/questions/1588174 https://support.mozilla.org/questions/1588176 https://support.mozilla.org/questions/1588209 https://support.mozilla.org/questions/1588222 https://support.mozilla.org/questions/1588234 https://support.mozilla.org/questions/1588251 https://support.mozilla.org/questions/1588256 https://support.mozilla.org/questions/1588268,"How do I remove the message count - see image | Emails stay bold after they are opened | Is there an easy way to switch from BetterBird to Thunderbir | la structure des répertoires de thunderbird n'a pu etre list | email bericht verwijderd uit de prullenbak, deze weer terug "
2026-06-02,tb_version_major,151,10,2.0,5.0,above-baseline,30,7,4.7,1585164 1585167 1585179 1585181 1585187 1585210 1585216 1585218 1585233 1585266,https://support.mozilla.org/questions/1585164 https://support.mozilla.org/questions/1585167 https://support.mozilla.org/questions/1585179 https://support.mozilla.org/questions/1585181 https://support.mozilla.org/questions/1585187 https://support.mozilla.org/questions/1585210 https://support.mozilla.org/questions/1585216 https://support.mozilla.org/questions/1585218 https://support.mozilla.org/questions/1585233 https://support.mozilla.org/questions/1585266,"Problém přeposlání emailu s přílohou | do not export the emails | ""Sending Message"" progress box never closes | Reminder snooze options ""x minutes before start"" | Can't send email anymore"
2026-05-29,tb_version_major,151,13,0.0,new,new/dormant,92,1,14.0,1584400 1584405 1584425 1584490 1584491 1584492 1584519 1584522 1584535 1584538 1584543 1584561 1584576,https://support.mozilla.org/questions/1584400 https://support.mozilla.org/questions/1584405 https://support.mozilla.org/questions/1584425 https://support.mozilla.org/questions/1584490 https://support.mozilla.org/questions/1584491 https://support.mozilla.org/questions/1584492 https://support.mozilla.org/questions/1584519 https://support.mozilla.org/questions/1584522 https://support.mozilla.org/questions/1584535 https://support.mozilla.org/questions/1584538 https://support.mozilla.org/questions/1584543 https://support.mozilla.org/questions/1584561 https://support.mozilla.org/questions/1584576,Emails in inbox will not drag into sub folders | Can't delete duplicate Spam folder | how can I export the ASCII-armored public key? | Can't set up IMAP account in Thunderbird | tips for better calendar in Thunderbird
2026-05-28,tb_version_major,151,19,0.0,new,new/dormant,95,1,4.8,1584166 1584178 1584183 1584184 1584191 1584241 1584246 1584254 1584278 1584289 1584306 1584310 1584318 1584329 1584343 1584345 1584356 1584365 1584378,https://support.mozilla.org/questions/1584166 https://support.mozilla.org/questions/1584178 https://support.mozilla.org/questions/1584183 https://support.mozilla.org/questions/1584184 https://support.mozilla.org/questions/1584191 https://support.mozilla.org/questions/1584241 https://support.mozilla.org/questions/1584246 https://support.mozilla.org/questions/1584254 https://support.mozilla.org/questions/1584278 https://support.mozilla.org/questions/1584289 https://support.mozilla.org/questions/1584306 https://support.mozilla.org/questions/1584310 https://support.mozilla.org/questions/1584318 https://support.mozilla.org/questions/1584329 https://support.mozilla.org/questions/1584343 https://support.mozilla.org/questions/1584345 https://support.mozilla.org/questions/1584356 https://support.mozilla.org/questions/1584365 https://support.mozilla.org/questions/1584378,certificate for imap.gmail does not come from a trusted sour | I get a message that says my server certificate has expired  | Thunderbird在双屏上 怎么控制通知弹窗 | Emails are not getting downloaded | have 4 email addresses my X@optusnet.com.au cannot transmit 
2026-05-27,tb_version_major,151,19,0.0,new,new/dormant,84,3,11.4,1583982 1583987 1584025 1584031 1584040 1584041 1584049 1584051 1584065 1584080 1584086 1584089 1584100 1584115 1584118 1584142 1584145 1584156 1584158,https://support.mozilla.org/questions/1583982 https://support.mozilla.org/questions/1583987 https://support.mozilla.org/questions/1584025 https://support.mozilla.org/questions/1584031 https://support.mozilla.org/questions/1584040 https://support.mozilla.org/questions/1584041 https://support.mozilla.org/questions/1584049 https://support.mozilla.org/questions/1584051 https://support.mozilla.org/questions/1584065 https://support.mozilla.org/questions/1584080 https://support.mozilla.org/questions/1584086 https://support.mozilla.org/questions/1584089 https://support.mozilla.org/questions/1584100 https://support.mozilla.org/questions/1584115 https://support.mozilla.org/questions/1584118 https://support.mozilla.org/questions/1584142 https://support.mozilla.org/questions/1584145 https://support.mozilla.org/questions/1584156 https://support.mozilla.org/questions/1584158,Why is spam from email addesses that are not in my address b | Unable to receive new emails even after deleting old message | Hoe bevestig ik de reminder zonder verwijderen? | Why Thunderbird hide yohoo accounts in Unufied folders? | can't receive messages since I updated this morning
2026-05-26,tb_version_major,151,13,0.0,new,new/dormant,92,1,52.5,1583799 1583802 1583817 1583826 1583831 1583840 1583882 1583895 1583896 1583933 1583935 1583941 1583944,https://support.mozilla.org/questions/1583799 https://support.mozilla.org/questions/1583802 https://support.mozilla.org/questions/1583817 https://support.mozilla.org/questions/1583826 https://support.mozilla.org/questions/1583831 https://support.mozilla.org/questions/1583840 https://support.mozilla.org/questions/1583882 https://support.mozilla.org/questions/1583895 https://support.mozilla.org/questions/1583896 https://support.mozilla.org/questions/1583933 https://support.mozilla.org/questions/1583935 https://support.mozilla.org/questions/1583941 https://support.mozilla.org/questions/1583944,"Authentication error when migrating Yahoo mail to Thunderbir | thunderbird is doubling my outgoing (sent) email, why? | Calendar Unavailable After Import Attempt | how to send spam straight to the spam folder | Provo a configurare Thunderbird ma il quadro e' oltre lo scr"
2026-05-25,tb_version_major,151,9,0.0,new,new/dormant,100,0,2.6,1583611 1583640 1583683 1583686 1583707 1583716 1583731 1583747 1583779,https://support.mozilla.org/questions/1583611 https://support.mozilla.org/questions/1583640 https://support.mozilla.org/questions/1583683 https://support.mozilla.org/questions/1583686 https://support.mozilla.org/questions/1583707 https://support.mozilla.org/questions/1583716 https://support.mozilla.org/questions/1583731 https://support.mozilla.org/questions/1583747 https://support.mozilla.org/questions/1583779,How to turn on <tab> usage? | Thunderbird has slowed down significantly | Have just been upgraded to Thunderbird Release 151.0 and can | Preventing treading and reloading all my emails | multiple selection is pointless
2026-05-24,tb_version_major,151,9,0.0,new,new/dormant,78,2,5.5,1583438 1583463 1583477 1583486 1583493 1583531 1583564 1583567 1583610,https://support.mozilla.org/questions/1583438 https://support.mozilla.org/questions/1583463 https://support.mozilla.org/questions/1583477 https://support.mozilla.org/questions/1583486 https://support.mozilla.org/questions/1583493 https://support.mozilla.org/questions/1583531 https://support.mozilla.org/questions/1583564 https://support.mozilla.org/questions/1583567 https://support.mozilla.org/questions/1583610,"Ddelete mail from the server. | Does clearing up disk space from this option delete the emai | What does this mean - ""Sending of the message failed. The me | Thunderbird Login Outlook.com Mailbox Port Clash Bug | geen mail van gmail"
2026-05-23,tb_version_major,151,8,0.0,new,new/dormant,88,1,4.9,1583256 1583271 1583289 1583336 1583381 1583384 1583393 1583395,https://support.mozilla.org/questions/1583256 https://support.mozilla.org/questions/1583271 https://support.mozilla.org/questions/1583289 https://support.mozilla.org/questions/1583336 https://support.mozilla.org/questions/1583381 https://support.mozilla.org/questions/1583384 https://support.mozilla.org/questions/1583393 https://support.mozilla.org/questions/1583395,Clean install of thunderbird but no profile found in usual l | I cannot turn off 'threading' of messages. Ugh. | Messages of sent folder are disappeared | why are suddenly are all my emails going right to my trash b | Need help to have icon thunderbird on the tasbar.
2026-05-21,tb_version_major,151,10,0.0,new,new/dormant,90,1,2.5,1582899 1582914 1582920 1582948 1582967 1583006 1583028 1583030 1583046 1583055,https://support.mozilla.org/questions/1582899 https://support.mozilla.org/questions/1582914 https://support.mozilla.org/questions/1582920 https://support.mozilla.org/questions/1582948 https://support.mozilla.org/questions/1582967 https://support.mozilla.org/questions/1583006 https://support.mozilla.org/questions/1583028 https://support.mozilla.org/questions/1583030 https://support.mozilla.org/questions/1583046 https://support.mozilla.org/questions/1583055,Thunderbird 151 message list in table view now has awful pit | import from old outlook | Posta inviata ma non compare in inviata | Why am I getting google sign in and authentication error whe | Problemi con importazione profilo con account Tiscali
2026-05-20,tb_version_major,151,11,0.0,new,new/dormant,73,3,2.5,1582677 1582681 1582702 1582713 1582728 1582731 1582753 1582768 1582799 1582808 1582835,https://support.mozilla.org/questions/1582677 https://support.mozilla.org/questions/1582681 https://support.mozilla.org/questions/1582702 https://support.mozilla.org/questions/1582713 https://support.mozilla.org/questions/1582728 https://support.mozilla.org/questions/1582731 https://support.mozilla.org/questions/1582753 https://support.mozilla.org/questions/1582768 https://support.mozilla.org/questions/1582799 https://support.mozilla.org/questions/1582808 https://support.mozilla.org/questions/1582835,Quick Filter shows only a few results. | Avvio di Thunderbird strano | Outlook Calendar Support for Version 151 | Message list background turned full black after 151.0 update | password problem
2026-05-06,tb_version_major,150,22,3.5,6.29,above-baseline,95,1,2.5,1580203 1580207 1580225 1580247 1580249 1580258 1580263 1580274 1580280 1580282 1580285 1580299 1580306 1580317 1580322 1580325 1580326 1580352 1580361 1580362 1580366 1580369,https://support.mozilla.org/questions/1580203 https://support.mozilla.org/questions/1580207 https://support.mozilla.org/questions/1580225 https://support.mozilla.org/questions/1580247 https://support.mozilla.org/questions/1580249 https://support.mozilla.org/questions/1580258 https://support.mozilla.org/questions/1580263 https://support.mozilla.org/questions/1580274 https://support.mozilla.org/questions/1580280 https://support.mozilla.org/questions/1580282 https://support.mozilla.org/questions/1580285 https://support.mozilla.org/questions/1580299 https://support.mozilla.org/questions/1580306 https://support.mozilla.org/questions/1580317 https://support.mozilla.org/questions/1580322 https://support.mozilla.org/questions/1580325 https://support.mozilla.org/questions/1580326 https://support.mozilla.org/questions/1580352 https://support.mozilla.org/questions/1580361 https://support.mozilla.org/questions/1580362 https://support.mozilla.org/questions/1580366 https://support.mozilla.org/questions/1580369,"Cannot transfer profile/emails from one computer to another | Customización de la bandeja de entrada | errore in Invio Posta | New Security Codes for vodafonemail.de, TLS Code not in Thun | Why have all my folders disappeared apart from my inbox?"
2026-05-05,tb_version_major,150,19,1.0,19.0,above-baseline,68,6,4.5,1579996 1580004 1580007 1580014 1580036 1580037 1580061 1580072 1580084 1580085 1580119 1580121 1580135 1580139 1580162 1580165 1580176 1580181 1580187,https://support.mozilla.org/questions/1579996 https://support.mozilla.org/questions/1580004 https://support.mozilla.org/questions/1580007 https://support.mozilla.org/questions/1580014 https://support.mozilla.org/questions/1580036 https://support.mozilla.org/questions/1580037 https://support.mozilla.org/questions/1580061 https://support.mozilla.org/questions/1580072 https://support.mozilla.org/questions/1580084 https://support.mozilla.org/questions/1580085 https://support.mozilla.org/questions/1580119 https://support.mozilla.org/questions/1580121 https://support.mozilla.org/questions/1580135 https://support.mozilla.org/questions/1580139 https://support.mozilla.org/questions/1580162 https://support.mozilla.org/questions/1580165 https://support.mozilla.org/questions/1580176 https://support.mozilla.org/questions/1580181 https://support.mozilla.org/questions/1580187,Import more outlook accounts into the local folder in thunde | Add New Folder | Change pop 3 to IMAP | Import does not work | Thunderbird for Android security
2026-05-03,tb_version_major,150,10,1.0,10.0,above-baseline,100,0,2.3,1579676 1579699 1579737 1579753 1579758 1579761 1579775 1579790 1579812 1579822,https://support.mozilla.org/questions/1579676 https://support.mozilla.org/questions/1579699 https://support.mozilla.org/questions/1579737 https://support.mozilla.org/questions/1579753 https://support.mozilla.org/questions/1579758 https://support.mozilla.org/questions/1579761 https://support.mozilla.org/questions/1579775 https://support.mozilla.org/questions/1579790 https://support.mozilla.org/questions/1579812 https://support.mozilla.org/questions/1579822,"I see others in their email, have a standard ending with the | I am attempting to add an email from ""roadrunner.com"" into t | holiday response | Non riesco ad aggiungere l'account di gmail.com mi appare er | How can I stop the synchronisation of the source email to Th"
2026-05-01,tb_version_major,150,8,0.0,new,new/dormant,50,4,18.1,1579394 1579419 1579422 1579461 1579471 1579503 1579519 1579540,https://support.mozilla.org/questions/1579394 https://support.mozilla.org/questions/1579419 https://support.mozilla.org/questions/1579422 https://support.mozilla.org/questions/1579461 https://support.mozilla.org/questions/1579471 https://support.mozilla.org/questions/1579503 https://support.mozilla.org/questions/1579519 https://support.mozilla.org/questions/1579540,"Thunderbird has suddenly gone insane -- ""From"" information w | Is it possible to have the calendar run as a separate app? | SÜTUN UZUNLUKLARI | Why does one account have a different color in the left pane | How to solve the problem with the constant message ""No new m"
2026-04-30,tb_version_major,150,12,0.0,new,new/dormant,75,3,0.8,1579249 1579255 1579264 1579283 1579311 1579315 1579345 1579346 1579348 1579359 1579368 1579381,https://support.mozilla.org/questions/1579249 https://support.mozilla.org/questions/1579255 https://support.mozilla.org/questions/1579264 https://support.mozilla.org/questions/1579283 https://support.mozilla.org/questions/1579311 https://support.mozilla.org/questions/1579315 https://support.mozilla.org/questions/1579345 https://support.mozilla.org/questions/1579346 https://support.mozilla.org/questions/1579348 https://support.mozilla.org/questions/1579359 https://support.mozilla.org/questions/1579368 https://support.mozilla.org/questions/1579381,"Completed todos disappear in Tasks list of CalDAV calendar ( | Thunderbird is not recognising my BT account password | Send Message Error only when sending mail using a SoGO acoun | downloading approximately 35 gb of emails with attachments i | Goedendag, ik hebt problemen met iets uitprinten van e-mails"
2026-04-29,tb_version_major,150,14,0.0,new,new/dormant,57,6,5.5,1579004 1579018 1579033 1579047 1579080 1579092 1579098 1579107 1579112 1579119 1579125 1579138 1579154 1579209,https://support.mozilla.org/questions/1579004 https://support.mozilla.org/questions/1579018 https://support.mozilla.org/questions/1579033 https://support.mozilla.org/questions/1579047 https://support.mozilla.org/questions/1579080 https://support.mozilla.org/questions/1579092 https://support.mozilla.org/questions/1579098 https://support.mozilla.org/questions/1579107 https://support.mozilla.org/questions/1579112 https://support.mozilla.org/questions/1579119 https://support.mozilla.org/questions/1579125 https://support.mozilla.org/questions/1579138 https://support.mozilla.org/questions/1579154 https://support.mozilla.org/questions/1579209,Thunderbird will not login to Optimum mail | Anti-spam program that learns | How do I create mail filters with wildcarded parts? | Thunderbird does not show icloud Birthday Calender | I can't connect to the outgoing server.
2026-04-28,tb_version_major,150,20,0.0,new,new/dormant,85,3,0.8,1578824 1578837 1578857 1578862 1578864 1578872 1578876 1578899 1578901 1578906 1578912 1578918 1578928 1578938 1578939 1578950 1578952 1578968 1578977 1578978,https://support.mozilla.org/questions/1578824 https://support.mozilla.org/questions/1578837 https://support.mozilla.org/questions/1578857 https://support.mozilla.org/questions/1578862 https://support.mozilla.org/questions/1578864 https://support.mozilla.org/questions/1578872 https://support.mozilla.org/questions/1578876 https://support.mozilla.org/questions/1578899 https://support.mozilla.org/questions/1578901 https://support.mozilla.org/questions/1578906 https://support.mozilla.org/questions/1578912 https://support.mozilla.org/questions/1578918 https://support.mozilla.org/questions/1578928 https://support.mozilla.org/questions/1578938 https://support.mozilla.org/questions/1578939 https://support.mozilla.org/questions/1578950 https://support.mozilla.org/questions/1578952 https://support.mozilla.org/questions/1578968 https://support.mozilla.org/questions/1578977 https://support.mozilla.org/questions/1578978,I deleted an email account ***@gmail.com I am no longer auth | Number of new emails in taskbar icon | He olvidado mi contraseña y no puedo iniciar sesión en thund | Recovering Thunderbird off broken laptop | Feature Request: A native system tray (AppIndicator) integra
2026-04-27,tb_version_major,150,14,0.0,new,new/dormant,50,7,7.6,1578655 1578679 1578684 1578694 1578702 1578711 1578713 1578725 1578735 1578749 1578789 1578791 1578805 1578806,https://support.mozilla.org/questions/1578655 https://support.mozilla.org/questions/1578679 https://support.mozilla.org/questions/1578684 https://support.mozilla.org/questions/1578694 https://support.mozilla.org/questions/1578702 https://support.mozilla.org/questions/1578711 https://support.mozilla.org/questions/1578713 https://support.mozilla.org/questions/1578725 https://support.mozilla.org/questions/1578735 https://support.mozilla.org/questions/1578749 https://support.mozilla.org/questions/1578789 https://support.mozilla.org/questions/1578791 https://support.mozilla.org/questions/1578805 https://support.mozilla.org/questions/1578806,"Thunderbird не подключается к почте Gmail | Thunderbird Continues to Prompt Login After Account Deletion | De Thunderbird/Proton Mail combinatie wordt regelmatig verst | Calendar and Address book import failures | As a low tech user, I only have 14 days of inbox messages li"
2026-04-26,tb_version_major,150,9,0.0,new,new/dormant,56,4,1.7,1578471 1578474 1578516 1578518 1578523 1578533 1578537 1578545 1578613,https://support.mozilla.org/questions/1578471 https://support.mozilla.org/questions/1578474 https://support.mozilla.org/questions/1578516 https://support.mozilla.org/questions/1578518 https://support.mozilla.org/questions/1578523 https://support.mozilla.org/questions/1578533 https://support.mozilla.org/questions/1578537 https://support.mozilla.org/questions/1578545 https://support.mozilla.org/questions/1578613,Thunderbird keeps asking me for password to an account that  | Can I set the entire color of calendar events to be that of  | Update trash bin status | No download available for Linux ARM (aarch64)? | Nachrichten konnten nicht in die Mailbox-Datei geschrieben w
2026-04-25,tb_version_major,150,8,0.0,new,new/dormant,88,1,7.5,1578333 1578350 1578354 1578400 1578401 1578403 1578455 1578466,https://support.mozilla.org/questions/1578333 https://support.mozilla.org/questions/1578350 https://support.mozilla.org/questions/1578354 https://support.mozilla.org/questions/1578400 https://support.mozilla.org/questions/1578401 https://support.mozilla.org/questions/1578403 https://support.mozilla.org/questions/1578455 https://support.mozilla.org/questions/1578466,How to leave messages bold to indicate unread | パスワードの入力画面に移るにはどうすればよいか？ | How to repllace a thunderbird profile on linux with a thunde | New install with previous profile disconnects email address  | F5 and Shift F5 appear not to work after last update.???
2026-04-23,tb_version_major,150,11,0.0,new,new/dormant,73,3,7.2,1577845 1577865 1577871 1577878 1577879 1577910 1577911 1577954 1577989 1578028 1578063,https://support.mozilla.org/questions/1577845 https://support.mozilla.org/questions/1577865 https://support.mozilla.org/questions/1577871 https://support.mozilla.org/questions/1577878 https://support.mozilla.org/questions/1577879 https://support.mozilla.org/questions/1577910 https://support.mozilla.org/questions/1577911 https://support.mozilla.org/questions/1577954 https://support.mozilla.org/questions/1577989 https://support.mozilla.org/questions/1578028 https://support.mozilla.org/questions/1578063,"I'm trying to dump MS Outlook. | How to create a Zoom meeting with Thunderbird Calendar? | SMTP Timeout | delay during ""move to"" | delay during ""move to"""
2026-04-22,tb_version_major,150,9,0.0,new,new/dormant,89,1,4.9,1577617 1577625 1577685 1577692 1577777 1577801 1577825 1577839 1577841,https://support.mozilla.org/questions/1577617 https://support.mozilla.org/questions/1577625 https://support.mozilla.org/questions/1577685 https://support.mozilla.org/questions/1577692 https://support.mozilla.org/questions/1577777 https://support.mozilla.org/questions/1577801 https://support.mozilla.org/questions/1577825 https://support.mozilla.org/questions/1577839 https://support.mozilla.org/questions/1577841,Apple Mail | unable to create folders | How do I reorder accounts | non rieso a ricevere la posta | I can no longer drag and drop emails from my inbox to an arc
2026-04-17,tb_version_major,140,11,3.0,3.67,above-baseline,82,2,2.8,1576796 1576802 1576811 1576852 1576853 1576876 1576888 1576889 1576904 1576917 1576931,https://support.mozilla.org/questions/1576796 https://support.mozilla.org/questions/1576802 https://support.mozilla.org/questions/1576811 https://support.mozilla.org/questions/1576852 https://support.mozilla.org/questions/1576853 https://support.mozilla.org/questions/1576876 https://support.mozilla.org/questions/1576888 https://support.mozilla.org/questions/1576889 https://support.mozilla.org/questions/1576904 https://support.mozilla.org/questions/1576917 https://support.mozilla.org/questions/1576931,"Use ""help"" re mailing list and to create it says to select ' | How can I add a text label to the Get Messages icon in the t | je n'arrive plus a me connecter a ma messagerie thunderbird | PROBLEMA CORREO ELECTRÓNICO | problematica a seguito eleiminazione account"
2026-04-15,tb_version_major,140,9,3.0,3.0,above-baseline,56,4,3.6,1576516 1576526 1576538 1576557 1576563 1576564 1576583 1576595 1576600,https://support.mozilla.org/questions/1576516 https://support.mozilla.org/questions/1576526 https://support.mozilla.org/questions/1576538 https://support.mozilla.org/questions/1576557 https://support.mozilla.org/questions/1576563 https://support.mozilla.org/questions/1576564 https://support.mozilla.org/questions/1576583 https://support.mozilla.org/questions/1576595 https://support.mozilla.org/questions/1576600,thunderbird imap inbox default action is edit draft after up | Impossible tu create a new gmail account with simple passswo | Open link in browser with contol key switches to browser | How to change Thunderbird e-mail account password | View Layout Classic  (and others) are grayed out and I canno
2026-04-13,tb_version_major,140,10,3.0,3.33,above-baseline,100,0,3.5,1576142 1576144 1576151 1576155 1576156 1576182 1576191 1576218 1576236 1576239,https://support.mozilla.org/questions/1576142 https://support.mozilla.org/questions/1576144 https://support.mozilla.org/questions/1576151 https://support.mozilla.org/questions/1576155 https://support.mozilla.org/questions/1576156 https://support.mozilla.org/questions/1576182 https://support.mozilla.org/questions/1576191 https://support.mozilla.org/questions/1576218 https://support.mozilla.org/questions/1576236 https://support.mozilla.org/questions/1576239,Synchronisatie in map favorieten | I have inadvertantly stored data in two different Local Fold | Błąd podczas zapisywania szkicu | How can I get the old email listing where I click on a colum | certificate problems
2026-04-12,tb_version_major,149,14,4.5,3.11,above-baseline,71,4,4.4,1575941 1575950 1575952 1575978 1575982 1576008 1576010 1576027 1576038 1576040 1576043 1576053 1576061 1576064,https://support.mozilla.org/questions/1575941 https://support.mozilla.org/questions/1575950 https://support.mozilla.org/questions/1575952 https://support.mozilla.org/questions/1575978 https://support.mozilla.org/questions/1575982 https://support.mozilla.org/questions/1576008 https://support.mozilla.org/questions/1576010 https://support.mozilla.org/questions/1576027 https://support.mozilla.org/questions/1576038 https://support.mozilla.org/questions/1576040 https://support.mozilla.org/questions/1576043 https://support.mozilla.org/questions/1576053 https://support.mozilla.org/questions/1576061 https://support.mozilla.org/questions/1576064,"Need classic view -- no longer available | How can I make Thunderbird upload all my 30,000 e-mails inst | No changing the server details did not stop Thunderbird from | tryng to import a seamonkey profile in to at TB email system | die automatische Einrichtung eines neuen email kontos funkti"
2026-04-10,tb_version_major,140,12,3.0,4.0,above-baseline,83,2,3.8,1575631 1575647 1575651 1575655 1575668 1575676 1575710 1575714 1575715 1575736 1575749 1575757,https://support.mozilla.org/questions/1575631 https://support.mozilla.org/questions/1575647 https://support.mozilla.org/questions/1575651 https://support.mozilla.org/questions/1575655 https://support.mozilla.org/questions/1575668 https://support.mozilla.org/questions/1575676 https://support.mozilla.org/questions/1575710 https://support.mozilla.org/questions/1575714 https://support.mozilla.org/questions/1575715 https://support.mozilla.org/questions/1575736 https://support.mozilla.org/questions/1575749 https://support.mozilla.org/questions/1575757,アカウントエラーが表示されメールが取り込めない | why is there a new boxes under ibox beside each email | I've been unable to send or receive e-mail to and from my ma | how to change back a version of 140.9.1esr | How can I block a notorious person whop sends me endless ema
2026-04-10,tb_version_major,149,13,3.5,3.71,above-baseline,92,1,4.8,1575624 1575663 1575666 1575667 1575686 1575698 1575705 1575722 1575723 1575725 1575729 1575734 1575769,https://support.mozilla.org/questions/1575624 https://support.mozilla.org/questions/1575663 https://support.mozilla.org/questions/1575666 https://support.mozilla.org/questions/1575667 https://support.mozilla.org/questions/1575686 https://support.mozilla.org/questions/1575698 https://support.mozilla.org/questions/1575705 https://support.mozilla.org/questions/1575722 https://support.mozilla.org/questions/1575723 https://support.mozilla.org/questions/1575725 https://support.mozilla.org/questions/1575729 https://support.mozilla.org/questions/1575734 https://support.mozilla.org/questions/1575769,Wont send address list | cant send a irs form 4506-b that has to be sent with adobe a | Updated to Version 149.0.2 (64 Bit) Beta on Win 11 - Sent it | Loss of Alphabetical 'Move' drop-down menu | Command Error 12
2026-04-08,tb_version_major,149,11,1.0,11.0,above-baseline,55,5,7.7,1575286 1575292 1575293 1575306 1575311 1575324 1575349 1575403 1575417 1575435 1575437,https://support.mozilla.org/questions/1575286 https://support.mozilla.org/questions/1575292 https://support.mozilla.org/questions/1575293 https://support.mozilla.org/questions/1575306 https://support.mozilla.org/questions/1575311 https://support.mozilla.org/questions/1575324 https://support.mozilla.org/questions/1575349 https://support.mozilla.org/questions/1575403 https://support.mozilla.org/questions/1575417 https://support.mozilla.org/questions/1575435 https://support.mozilla.org/questions/1575437,Downloads old messages | Messages could not be written to the mailbox file. | quando inserisco un evento in calendario (google) di durata  | Duplicated emails in unified folder | I have a costumer in my store that has random emails saved o
2026-04-07,tb_version_major,149,9,0.5,18.0,above-baseline,100,0,4.1,1575085 1575090 1575111 1575129 1575143 1575161 1575166 1575214 1575221,https://support.mozilla.org/questions/1575085 https://support.mozilla.org/questions/1575090 https://support.mozilla.org/questions/1575111 https://support.mozilla.org/questions/1575129 https://support.mozilla.org/questions/1575143 https://support.mozilla.org/questions/1575161 https://support.mozilla.org/questions/1575166 https://support.mozilla.org/questions/1575214 https://support.mozilla.org/questions/1575221,I am receiving this prompt lately -  An error occurred with  | Bad return address | 149.0.1 calendar layout | Die Startseite bleibt stehen und ich kann meine Emails nicht | French spell checking not loading
2026-04-06,tb_version_major,149,9,0.0,new,new/dormant,100,0,6.6,1574948 1574972 1574977 1574978 1575000 1575004 1575015 1575035 1575043,https://support.mozilla.org/questions/1574948 https://support.mozilla.org/questions/1574972 https://support.mozilla.org/questions/1574977 https://support.mozilla.org/questions/1574978 https://support.mozilla.org/questions/1575000 https://support.mozilla.org/questions/1575004 https://support.mozilla.org/questions/1575015 https://support.mozilla.org/questions/1575035 https://support.mozilla.org/questions/1575043,"Thunderbird 149.0.1- Trasferimento cartella dati ""thunderbir | Why do the release notes for version 149.0.1 contain no info | Can't inlogg to the server | Duplicate folders | Task filters in the Today pane are greyed out"
2026-04-05,tb_version_major,149,8,0.0,new,new/dormant,100,0,2.7,1574740 1574775 1574794 1574822 1574837 1574886 1574900 1574901,https://support.mozilla.org/questions/1574740 https://support.mozilla.org/questions/1574775 https://support.mozilla.org/questions/1574794 https://support.mozilla.org/questions/1574822 https://support.mozilla.org/questions/1574837 https://support.mozilla.org/questions/1574886 https://support.mozilla.org/questions/1574900 https://support.mozilla.org/questions/1574901,Bug Report: Auto-Account Setup generates invalid SMTP hostna | 再インストールしたところ本文が表示されなくなりました。 | Identified spam messages are not moved to spam folder | How do I add a outlook account. | Unable to delete message header in the Message List Header p
2026-04-02,tb_version_major,149,8,0.0,new,new/dormant,75,2,1.8,1574151 1574165 1574213 1574215 1574234 1574243 1574260 1574313,https://support.mozilla.org/questions/1574151 https://support.mozilla.org/questions/1574165 https://support.mozilla.org/questions/1574213 https://support.mozilla.org/questions/1574215 https://support.mozilla.org/questions/1574234 https://support.mozilla.org/questions/1574243 https://support.mozilla.org/questions/1574260 https://support.mozilla.org/questions/1574313,メールアドレス入力時の自動補完が表示されるまでが遅い | Copying a thunderbird program from an old computer to a new  | why is  my font turning blue  when i answer a question or pu | why blue and how do  i stop it  from blue | sick of blue ink  how do  i fix this
2026-03-30,tb_version_major,149,8,0.0,new,new/dormant,88,1,1.6,1573582 1573590 1573602 1573620 1573621 1573638 1573652 1573709,https://support.mozilla.org/questions/1573582 https://support.mozilla.org/questions/1573590 https://support.mozilla.org/questions/1573602 https://support.mozilla.org/questions/1573620 https://support.mozilla.org/questions/1573621 https://support.mozilla.org/questions/1573638 https://support.mozilla.org/questions/1573652 https://support.mozilla.org/questions/1573709,"No message found | Thunderbird-problem logging into gmail | Problemi di invio da Thunderbird pr account Gmail | Opgeslagen zoekopdracht voor alle IMAP-pen | In Thunderbird, how can I stop text in the previous emails i"
2026-03-25,tb_version_major,149,8,0.0,new,new/dormant,75,2,1.2,1572596 1572628 1572677 1572704 1572713 1572722 1572731 1572791,https://support.mozilla.org/questions/1572596 https://support.mozilla.org/questions/1572628 https://support.mozilla.org/questions/1572677 https://support.mozilla.org/questions/1572704 https://support.mozilla.org/questions/1572713 https://support.mozilla.org/questions/1572722 https://support.mozilla.org/questions/1572731 https://support.mozilla.org/questions/1572791,Send Message Error | Program is freezing after a few minutes even without use | Is Thunderbird 149.0 a release or a beta? | Problems with the trash bin / where are all my mails/data | Mail Merge and Send Later Extensions
2026-03-06,tb_version_major,148,13,0.0,new,new/dormant,85,2,1.5,1569362 1569383 1569391 1569393 1569398 1569412 1569413 1569448 1569451 1569454 1569460 1569487 1569521,https://support.mozilla.org/questions/1569362 https://support.mozilla.org/questions/1569383 https://support.mozilla.org/questions/1569391 https://support.mozilla.org/questions/1569393 https://support.mozilla.org/questions/1569398 https://support.mozilla.org/questions/1569412 https://support.mozilla.org/questions/1569413 https://support.mozilla.org/questions/1569448 https://support.mozilla.org/questions/1569451 https://support.mozilla.org/questions/1569454 https://support.mozilla.org/questions/1569460 https://support.mozilla.org/questions/1569487 https://support.mozilla.org/questions/1569521,Can I restore a deleted calendar? | Trouble adding exchange email account | connection to server timeout version 148.0 | Не отправляется сообщения | account cancellato - richiesta continua di accesso di google
2026-03-04,tb_version_major,148,8,0.0,new,new/dormant,88,1,5.4,1569012 1569028 1569042 1569053 1569086 1569119 1569122 1569148,https://support.mozilla.org/questions/1569012 https://support.mozilla.org/questions/1569028 https://support.mozilla.org/questions/1569042 https://support.mozilla.org/questions/1569053 https://support.mozilla.org/questions/1569086 https://support.mozilla.org/questions/1569119 https://support.mozilla.org/questions/1569122 https://support.mozilla.org/questions/1569148,"How to re-download gmail POP3 emails (Win 11) | How do I change the app icon? | No ""Password"" field is provided for SMTP Server security set | messaggi non scaricati di posta elettronica certificata | Hoe agenda's zichtbaar maken in thunderbird 148.0"
2026-03-03,tb_version_major,148,13,0.0,new,new/dormant,54,6,1.8,1568797 1568806 1568835 1568848 1568849 1568874 1568888 1568896 1568911 1568920 1568938 1568949 1568966,https://support.mozilla.org/questions/1568797 https://support.mozilla.org/questions/1568806 https://support.mozilla.org/questions/1568835 https://support.mozilla.org/questions/1568848 https://support.mozilla.org/questions/1568849 https://support.mozilla.org/questions/1568874 https://support.mozilla.org/questions/1568888 https://support.mozilla.org/questions/1568896 https://support.mozilla.org/questions/1568911 https://support.mozilla.org/questions/1568920 https://support.mozilla.org/questions/1568938 https://support.mozilla.org/questions/1568949 https://support.mozilla.org/questions/1568966,Insert command disappeared from drop down list | Calendars disappear in recent update 148.0 (64-bit) | There is no setting in the calendar for a recurring date on  | How can I add a second outlook email account in Thunderbird? | Cannot import data to Thunderbird address book
2026-02-28,tb_version_major,148,8,0.0,new,new/dormant,75,2,1.9,1568211 1568258 1568271 1568281 1568282 1568303 1568317 1568372,https://support.mozilla.org/questions/1568211 https://support.mozilla.org/questions/1568258 https://support.mozilla.org/questions/1568271 https://support.mozilla.org/questions/1568281 https://support.mozilla.org/questions/1568282 https://support.mozilla.org/questions/1568303 https://support.mozilla.org/questions/1568317 https://support.mozilla.org/questions/1568372,Transferring Inbox mail to folders | after update of thunderbird to 148 i have no access to yahoo | Thunderbird will not wrap preformatted text | Get All New Messages and Shift + F5 don't work in Thunderbir | Thunderbird suddenly started asking for Crendentials for yah
2026-02-27,tb_version_major,148,12,0.0,new,new/dormant,75,3,8.3,1567998 1568004 1568007 1568051 1568094 1568117 1568124 1568126 1568133 1568156 1568170 1568178,https://support.mozilla.org/questions/1567998 https://support.mozilla.org/questions/1568004 https://support.mozilla.org/questions/1568007 https://support.mozilla.org/questions/1568051 https://support.mozilla.org/questions/1568094 https://support.mozilla.org/questions/1568117 https://support.mozilla.org/questions/1568124 https://support.mozilla.org/questions/1568126 https://support.mozilla.org/questions/1568133 https://support.mozilla.org/questions/1568156 https://support.mozilla.org/questions/1568170 https://support.mozilla.org/questions/1568178,"Duplicate email messages downloading to both my mailboxes | Card view in Inbox shows recipient instead of sender | Trouble with adding a second Gmail account in Thunderbird | I can't remove the calendar from view, the attached image ke | Problemi creazione account con POP"
2026-02-27,tb_version_major,140,9,3.0,3.0,above-baseline,56,4,2.3,1568029 1568048 1568059 1568128 1568131 1568141 1568160 1568161 1568164,https://support.mozilla.org/questions/1568029 https://support.mozilla.org/questions/1568048 https://support.mozilla.org/questions/1568059 https://support.mozilla.org/questions/1568128 https://support.mozilla.org/questions/1568131 https://support.mozilla.org/questions/1568141 https://support.mozilla.org/questions/1568160 https://support.mozilla.org/questions/1568161 https://support.mozilla.org/questions/1568164,I want Archives to save emails in seperate files | Recuperare l'ultimo dispaccio di Thunderbird | how do i print my hours on the side of my daily calendar | Thunderbird recently started running very slowly. | Window resizing and position doesn't persist
2026-02-26,tb_version_major,148,19,0.0,new,new/dormant,89,2,1.7,1567811 1567818 1567824 1567859 1567871 1567878 1567897 1567902 1567904 1567916 1567917 1567926 1567948 1567951 1567961 1567965 1567977 1567979 1567989,https://support.mozilla.org/questions/1567811 https://support.mozilla.org/questions/1567818 https://support.mozilla.org/questions/1567824 https://support.mozilla.org/questions/1567859 https://support.mozilla.org/questions/1567871 https://support.mozilla.org/questions/1567878 https://support.mozilla.org/questions/1567897 https://support.mozilla.org/questions/1567902 https://support.mozilla.org/questions/1567904 https://support.mozilla.org/questions/1567916 https://support.mozilla.org/questions/1567917 https://support.mozilla.org/questions/1567926 https://support.mozilla.org/questions/1567948 https://support.mozilla.org/questions/1567951 https://support.mozilla.org/questions/1567961 https://support.mozilla.org/questions/1567965 https://support.mozilla.org/questions/1567977 https://support.mozilla.org/questions/1567979 https://support.mozilla.org/questions/1567989,"outgoing email server has smtp.mediacombb.net, MessageSend.s | thunderbird update 148 rompe oauth2 de yahoo | missing divider in email list. no place for message body | In Thunderbird/Adressbuch sind Geburtsdaten eingetragen. Was | Login problem after Thunderbird 148.0 (64-bit) (update) as a"
2026-02-25,tb_version_major,148,13,0.0,new,new/dormant,92,1,4.5,1567535 1567563 1567601 1567643 1567645 1567654 1567678 1567691 1567723 1567727 1567755 1567770 1567779,https://support.mozilla.org/questions/1567535 https://support.mozilla.org/questions/1567563 https://support.mozilla.org/questions/1567601 https://support.mozilla.org/questions/1567643 https://support.mozilla.org/questions/1567645 https://support.mozilla.org/questions/1567654 https://support.mozilla.org/questions/1567678 https://support.mozilla.org/questions/1567691 https://support.mozilla.org/questions/1567723 https://support.mozilla.org/questions/1567727 https://support.mozilla.org/questions/1567755 https://support.mozilla.org/questions/1567770 https://support.mozilla.org/questions/1567779,i HAVE AN EMAIL THAT i CAN'T DELETE? | Thunderbird 148.0 no longer connects to SMTP server hostrock | the search does not work | Connection to comcast.net failed while traveling | How can I completely remove Thunderbird from my PC?
2026-02-22,tb_version_major,147,8,0.0,new,new/dormant,88,1,2.8,1567017 1567020 1567041 1567043 1567069 1567086 1567108 1567109,https://support.mozilla.org/questions/1567017 https://support.mozilla.org/questions/1567020 https://support.mozilla.org/questions/1567041 https://support.mozilla.org/questions/1567043 https://support.mozilla.org/questions/1567069 https://support.mozilla.org/questions/1567086 https://support.mozilla.org/questions/1567108 https://support.mozilla.org/questions/1567109,In cards view how do I see the individual emails? | cards view | How do I find a message by Message ID in Thunderbird 147.0.2 | I don't find emails in Thunderbird from April 2023 until Jan | Bulk‑deleting messages I manually marked as Junk in Thunderb
2026-02-16,tb_version_major,147,13,0.0,new,new/dormant,62,5,1.9,1565981 1566001 1566007 1566017 1566018 1566053 1566062 1566077 1566078 1566081 1566097 1566118 1566141,https://support.mozilla.org/questions/1565981 https://support.mozilla.org/questions/1566001 https://support.mozilla.org/questions/1566007 https://support.mozilla.org/questions/1566017 https://support.mozilla.org/questions/1566018 https://support.mozilla.org/questions/1566053 https://support.mozilla.org/questions/1566062 https://support.mozilla.org/questions/1566077 https://support.mozilla.org/questions/1566078 https://support.mozilla.org/questions/1566081 https://support.mozilla.org/questions/1566097 https://support.mozilla.org/questions/1566118 https://support.mozilla.org/questions/1566141,Ошибка отправки писем по smtp | Fills up ram when minimized | SMTP configuration for GMX | posta in exit account gmail non funziona | e-mail thunderbird - non sviluppa l'immagine
2026-02-14,tb_version_major,147,8,0.0,new,new/dormant,88,1,2.9,1565653 1565662 1565703 1565720 1565756 1565766 1565771 1565775,https://support.mozilla.org/questions/1565653 https://support.mozilla.org/questions/1565662 https://support.mozilla.org/questions/1565703 https://support.mozilla.org/questions/1565720 https://support.mozilla.org/questions/1565756 https://support.mozilla.org/questions/1565766 https://support.mozilla.org/questions/1565771 https://support.mozilla.org/questions/1565775,Why has Thunderbird started prompting for Caldav at startup? | TB keeps restoring deleted emails | Displaying new emails | shortcut to local folder | From box shows my address
2026-02-13,tb_version_major,147,9,0.0,new,new/dormant,44,5,20.8,1565471 1565472 1565477 1565531 1565567 1565581 1565608 1565620 1565627,https://support.mozilla.org/questions/1565471 https://support.mozilla.org/questions/1565472 https://support.mozilla.org/questions/1565477 https://support.mozilla.org/questions/1565531 https://support.mozilla.org/questions/1565567 https://support.mozilla.org/questions/1565581 https://support.mozilla.org/questions/1565608 https://support.mozilla.org/questions/1565620 https://support.mozilla.org/questions/1565627,"erro ao criar conta .yahoo.com.br | erro ao criar conta .yahoo.com.br | Thunderbird 147.0.1 Message filters not working or writing l | Kopieren meiner Filter-Einstellungen von ""Lokale Ordner"" zum | When attaching a file to a message, file explorer opens then"
2026-01-22,mail_provider,m:microsoftemail,8,1.5,5.33,above-baseline,88,1,1.6,1561556 1561706 1561710 1561715 1561717 1561720 1561728 1561732,https://support.mozilla.org/questions/1561556 https://support.mozilla.org/questions/1561706 https://support.mozilla.org/questions/1561710 https://support.mozilla.org/questions/1561715 https://support.mozilla.org/questions/1561717 https://support.mozilla.org/questions/1561720 https://support.mozilla.org/questions/1561728 https://support.mozilla.org/questions/1561732,"transferring old email files to new computer using POP3 & Th | Hotmail oAuth2Error ""Authentication failure: unknown user na | Authentican failure, ad infinatum | ""Unable to log in at server"" | Can't add my outlook account anymore"
2026-01-17,os,os:windows,14,4.5,3.11,above-baseline,79,3,0.5,1560633 1560634 1560641 1560697 1560703 1560708 1560751 1560752 1560757 1560759 1560775 1560778 1560787 1560804,https://support.mozilla.org/questions/1560633 https://support.mozilla.org/questions/1560634 https://support.mozilla.org/questions/1560641 https://support.mozilla.org/questions/1560697 https://support.mozilla.org/questions/1560703 https://support.mozilla.org/questions/1560708 https://support.mozilla.org/questions/1560751 https://support.mozilla.org/questions/1560752 https://support.mozilla.org/questions/1560757 https://support.mozilla.org/questions/1560759 https://support.mozilla.org/questions/1560775 https://support.mozilla.org/questions/1560778 https://support.mozilla.org/questions/1560787 https://support.mozilla.org/questions/1560804,"Restoring selected emails or folders from backup/export | Sending of the message failed. The message was not sent due  | Traveling abroad, outgoing mail blocked | yahoo mail spam folder deleted by mistake | Suggestion: Copy & Paste Tables"
2026-01-16,os,os:windows,15,4.5,3.33,above-baseline,93,1,1.0,1560439 1560443 1560455 1560460 1560486 1560501 1560512 1560546 1560548 1560560 1560562 1560569 1560598 1560601 1560616,https://support.mozilla.org/questions/1560439 https://support.mozilla.org/questions/1560443 https://support.mozilla.org/questions/1560455 https://support.mozilla.org/questions/1560460 https://support.mozilla.org/questions/1560486 https://support.mozilla.org/questions/1560501 https://support.mozilla.org/questions/1560512 https://support.mozilla.org/questions/1560546 https://support.mozilla.org/questions/1560548 https://support.mozilla.org/questions/1560560 https://support.mozilla.org/questions/1560562 https://support.mozilla.org/questions/1560569 https://support.mozilla.org/questions/1560598 https://support.mozilla.org/questions/1560601 https://support.mozilla.org/questions/1560616,thunderbird emails | thunderbird desktop qr code missing | Present Spam folder contents from provider side | Filters inThunderbird | Thunderbird calendar is unusable
2026-01-15,os,os:windows,16,4.5,3.56,above-baseline,88,2,9.6,1560263 1560289 1560293 1560305 1560324 1560338 1560359 1560371 1560376 1560380 1560385 1560389 1560409 1560414 1560423 1560434,https://support.mozilla.org/questions/1560263 https://support.mozilla.org/questions/1560289 https://support.mozilla.org/questions/1560293 https://support.mozilla.org/questions/1560305 https://support.mozilla.org/questions/1560324 https://support.mozilla.org/questions/1560338 https://support.mozilla.org/questions/1560359 https://support.mozilla.org/questions/1560371 https://support.mozilla.org/questions/1560376 https://support.mozilla.org/questions/1560380 https://support.mozilla.org/questions/1560385 https://support.mozilla.org/questions/1560389 https://support.mozilla.org/questions/1560409 https://support.mozilla.org/questions/1560414 https://support.mozilla.org/questions/1560423 https://support.mozilla.org/questions/1560434,"Setting everything comptely on a different drive, including  | Thunderbird does not display new emails | Thunderbird calendar | Nezobrazují se příchozí emaily | wijzigen afspraak in agenda mislukt"
2026-01-14,os,os:windows,11,3.5,3.14,above-baseline,91,1,3.3,1560081 1560106 1560124 1560135 1560143 1560147 1560175 1560186 1560219 1560249 1560251,https://support.mozilla.org/questions/1560081 https://support.mozilla.org/questions/1560106 https://support.mozilla.org/questions/1560124 https://support.mozilla.org/questions/1560135 https://support.mozilla.org/questions/1560143 https://support.mozilla.org/questions/1560147 https://support.mozilla.org/questions/1560175 https://support.mozilla.org/questions/1560186 https://support.mozilla.org/questions/1560219 https://support.mozilla.org/questions/1560249 https://support.mozilla.org/questions/1560251,Sub-Folder Names Started Being Incorrect | outgoing message is rejected as server has determined it is  | Thunderbird message header pane | Can't change incorrect Gmail password | nezobrazování zpráv
2026-01-13,os,os:windows,14,3.5,4.0,above-baseline,86,2,1.0,1559956 1559964 1560000 1560011 1560023 1560028 1560030 1560031 1560061 1560065 1560067 1560069 1560071 1560079,https://support.mozilla.org/questions/1559956 https://support.mozilla.org/questions/1559964 https://support.mozilla.org/questions/1560000 https://support.mozilla.org/questions/1560011 https://support.mozilla.org/questions/1560023 https://support.mozilla.org/questions/1560028 https://support.mozilla.org/questions/1560030 https://support.mozilla.org/questions/1560031 https://support.mozilla.org/questions/1560061 https://support.mozilla.org/questions/1560065 https://support.mozilla.org/questions/1560067 https://support.mozilla.org/questions/1560069 https://support.mozilla.org/questions/1560071 https://support.mozilla.org/questions/1560079,Failed to send email  -  Echec envoie mail | importazione rubriche | Thunderbird | FATAL FLAW | How to remove thunderbird connection from another PC?
2026-01-12,os,os:windows,12,3.5,3.43,above-baseline,92,1,2.0,1559735 1559784 1559811 1559815 1559820 1559822 1559826 1559828 1559844 1559845 1559859 1559869,https://support.mozilla.org/questions/1559735 https://support.mozilla.org/questions/1559784 https://support.mozilla.org/questions/1559811 https://support.mozilla.org/questions/1559815 https://support.mozilla.org/questions/1559820 https://support.mozilla.org/questions/1559822 https://support.mozilla.org/questions/1559826 https://support.mozilla.org/questions/1559828 https://support.mozilla.org/questions/1559844 https://support.mozilla.org/questions/1559845 https://support.mozilla.org/questions/1559859 https://support.mozilla.org/questions/1559869,"Thunderbird istallation | Thunderbird  Lingua Cartelle account | Názvy složek emailu v Thuderbird v angličtině. | Setting up busy colors in the ""Invite Participants"" form | Allegato modificato e non salvato"
2026-01-11,os,os:windows,17,3.0,5.67,above-baseline,82,3,4.8,1559586 1559598 1559632 1559634 1559640 1559644 1559659 1559660 1559668 1559672 1559673 1559682 1559684 1559685 1559694 1559704 1559727,https://support.mozilla.org/questions/1559586 https://support.mozilla.org/questions/1559598 https://support.mozilla.org/questions/1559632 https://support.mozilla.org/questions/1559634 https://support.mozilla.org/questions/1559640 https://support.mozilla.org/questions/1559644 https://support.mozilla.org/questions/1559659 https://support.mozilla.org/questions/1559660 https://support.mozilla.org/questions/1559668 https://support.mozilla.org/questions/1559672 https://support.mozilla.org/questions/1559673 https://support.mozilla.org/questions/1559682 https://support.mozilla.org/questions/1559684 https://support.mozilla.org/questions/1559685 https://support.mozilla.org/questions/1559694 https://support.mozilla.org/questions/1559704 https://support.mozilla.org/questions/1559727,Problem moving messages from one folder to another - possibl | quicktest | Tools not working | Microsoft outlook oauth fails | Archiving on my local computer
2026-01-10,os,os:windows,11,3.0,3.67,above-baseline,82,2,5.5,1559431 1559452 1559482 1559491 1559505 1559509 1559515 1559518 1559550 1559556 1559579,https://support.mozilla.org/questions/1559431 https://support.mozilla.org/questions/1559452 https://support.mozilla.org/questions/1559482 https://support.mozilla.org/questions/1559491 https://support.mozilla.org/questions/1559505 https://support.mozilla.org/questions/1559509 https://support.mozilla.org/questions/1559515 https://support.mozilla.org/questions/1559518 https://support.mozilla.org/questions/1559550 https://support.mozilla.org/questions/1559556 https://support.mozilla.org/questions/1559579,"When email is marked ""Thunderbird thinks this message is spa | ""Unable to write the email to the mailbox...."" | non si apre la cartella posta in arrivo | The folders Gesendet, Entwürfe, Junk, Papierkorb have been c | Certificato Thunderbird non attendibile."
2026-01-09,os,os:windows,25,3.0,8.33,above-baseline,96,1,3.3,1559239 1559242 1559276 1559294 1559298 1559301 1559305 1559308 1559311 1559319 1559326 1559332 1559342 1559361 1559362 1559372 1559379 1559382 1559389 1559393 1559394 1559403 1559408 1559420 1559423,https://support.mozilla.org/questions/1559239 https://support.mozilla.org/questions/1559242 https://support.mozilla.org/questions/1559276 https://support.mozilla.org/questions/1559294 https://support.mozilla.org/questions/1559298 https://support.mozilla.org/questions/1559301 https://support.mozilla.org/questions/1559305 https://support.mozilla.org/questions/1559308 https://support.mozilla.org/questions/1559311 https://support.mozilla.org/questions/1559319 https://support.mozilla.org/questions/1559326 https://support.mozilla.org/questions/1559332 https://support.mozilla.org/questions/1559342 https://support.mozilla.org/questions/1559361 https://support.mozilla.org/questions/1559362 https://support.mozilla.org/questions/1559372 https://support.mozilla.org/questions/1559379 https://support.mozilla.org/questions/1559382 https://support.mozilla.org/questions/1559389 https://support.mozilla.org/questions/1559393 https://support.mozilla.org/questions/1559394 https://support.mozilla.org/questions/1559403 https://support.mozilla.org/questions/1559408 https://support.mozilla.org/questions/1559420 https://support.mozilla.org/questions/1559423,"Thunderbird refuses coloured text on Lenovo Idealpad and add | Thunderbird update went wrong, now can not open or find it | Lost emails from the Local Folders | Při odstranění jedné emailové schránky došlo k odstranění sl | Need to restore deleted emails for law issues"
2026-01-08,os,os:windows,17,3.0,5.67,above-baseline,88,2,4.1,1559071 1559074 1559082 1559092 1559104 1559110 1559114 1559126 1559135 1559153 1559163 1559174 1559175 1559191 1559209 1559213 1559221,https://support.mozilla.org/questions/1559071 https://support.mozilla.org/questions/1559074 https://support.mozilla.org/questions/1559082 https://support.mozilla.org/questions/1559092 https://support.mozilla.org/questions/1559104 https://support.mozilla.org/questions/1559110 https://support.mozilla.org/questions/1559114 https://support.mozilla.org/questions/1559126 https://support.mozilla.org/questions/1559135 https://support.mozilla.org/questions/1559153 https://support.mozilla.org/questions/1559163 https://support.mozilla.org/questions/1559174 https://support.mozilla.org/questions/1559175 https://support.mozilla.org/questions/1559191 https://support.mozilla.org/questions/1559209 https://support.mozilla.org/questions/1559213 https://support.mozilla.org/questions/1559221,How do i reverse date order | contacted recipients emails on new message panel | How do I email an add-on developer - windows 11 | can not add  xfinity passwor after changing it to Thunderbir | Errore durante la ricezione della posta POP3
2026-01-07,os,os:windows,9,3.0,3.0,above-baseline,100,0,12.6,1558949 1558951 1558960 1558970 1558983 1558998 1559006 1559024 1559047,https://support.mozilla.org/questions/1558949 https://support.mozilla.org/questions/1558951 https://support.mozilla.org/questions/1558960 https://support.mozilla.org/questions/1558970 https://support.mozilla.org/questions/1558983 https://support.mozilla.org/questions/1558998 https://support.mozilla.org/questions/1559006 https://support.mozilla.org/questions/1559024 https://support.mozilla.org/questions/1559047,App Icon Showing new messages | Solved | impossible to send a message with thunderbird | TB 146.0.1 Keeps reverting to Manual Spam Sorting | Gelöschtes Thunderbird konto wiederherstellen
2026-01-06,os,os:windows,15,3.0,5.0,above-baseline,87,2,3.3,1558716 1558730 1558743 1558745 1558775 1558777 1558779 1558780 1558811 1558812 1558823 1558838 1558852 1558856 1558861,https://support.mozilla.org/questions/1558716 https://support.mozilla.org/questions/1558730 https://support.mozilla.org/questions/1558743 https://support.mozilla.org/questions/1558745 https://support.mozilla.org/questions/1558775 https://support.mozilla.org/questions/1558777 https://support.mozilla.org/questions/1558779 https://support.mozilla.org/questions/1558780 https://support.mozilla.org/questions/1558811 https://support.mozilla.org/questions/1558812 https://support.mozilla.org/questions/1558823 https://support.mozilla.org/questions/1558838 https://support.mozilla.org/questions/1558852 https://support.mozilla.org/questions/1558856 https://support.mozilla.org/questions/1558861,"INSTALLING THUNDERBIRD EMAIL ON NEW LAPTOP | mijn e-mailadres beheren van mij persoonlijk | Thunderbird is stating that there are no new emails on my gm | Pictures not displaying | Warum kann ich einen leeren Unterordner nicht löschen, obwoh"
2026-01-05,os,os:windows,12,3.0,4.0,above-baseline,92,1,6.1,1558596 1558599 1558609 1558611 1558618 1558629 1558643 1558654 1558670 1558674 1558682 1558692,https://support.mozilla.org/questions/1558596 https://support.mozilla.org/questions/1558599 https://support.mozilla.org/questions/1558609 https://support.mozilla.org/questions/1558611 https://support.mozilla.org/questions/1558618 https://support.mozilla.org/questions/1558629 https://support.mozilla.org/questions/1558643 https://support.mozilla.org/questions/1558654 https://support.mozilla.org/questions/1558670 https://support.mozilla.org/questions/1558674 https://support.mozilla.org/questions/1558682 https://support.mozilla.org/questions/1558692,Adding a new E-Mail doesn´t work. | Lost Stored Folders | thunderbird | All of a sudden any AOL email with an attachment is not bein | received an email
2025-10-01,mail_provider,m:microsoftemail,12,2.0,6.0,above-baseline,92,1,6.3,1538782 1538788 1538800 1538804 1538822 1538880 1538902 1538904 1538930 1538946 1538961 1538968,https://support.mozilla.org/questions/1538782 https://support.mozilla.org/questions/1538788 https://support.mozilla.org/questions/1538800 https://support.mozilla.org/questions/1538804 https://support.mozilla.org/questions/1538822 https://support.mozilla.org/questions/1538880 https://support.mozilla.org/questions/1538902 https://support.mozilla.org/questions/1538904 https://support.mozilla.org/questions/1538930 https://support.mozilla.org/questions/1538946 https://support.mozilla.org/questions/1538961 https://support.mozilla.org/questions/1538968,"Thunderbird stopped sending emails and I didn't change anyth | outgoing outlook emails no working | Hotmail email account on Thunderbird worked last night, but  | Outlook accounts failing signin | I have Thunderbird on two computers. Both can receive emails"
2025-09-16,protocol,proto:imap,8,2.0,4.0,above-baseline,25,6,0.1,1535940 1535975 1535976 1535996 1536007 1536039 1536047 1536071,https://support.mozilla.org/questions/1535940 https://support.mozilla.org/questions/1535975 https://support.mozilla.org/questions/1535976 https://support.mozilla.org/questions/1535996 https://support.mozilla.org/questions/1536007 https://support.mozilla.org/questions/1536039 https://support.mozilla.org/questions/1536047 https://support.mozilla.org/questions/1536071,Google now wants me to access my Gmail from Thunderbird usin | Imap do not work suddenly | Junk mail can only be fetched manually? | Non funzionano più gli account gmail.com | Problem with one gmail account in Thunderbird
2025-08-27,mail_provider,m:comcast,15,0.0,new,new/dormant,73,4,2.8,1531831 1531837 1531906 1531926 1531956 1531959 1531963 1531965 1532006 1532008 1532019 1532026 1532035 1532043 1532047,https://support.mozilla.org/questions/1531831 https://support.mozilla.org/questions/1531837 https://support.mozilla.org/questions/1531906 https://support.mozilla.org/questions/1531926 https://support.mozilla.org/questions/1531956 https://support.mozilla.org/questions/1531959 https://support.mozilla.org/questions/1531963 https://support.mozilla.org/questions/1531965 https://support.mozilla.org/questions/1532006 https://support.mozilla.org/questions/1532008 https://support.mozilla.org/questions/1532019 https://support.mozilla.org/questions/1532026 https://support.mozilla.org/questions/1532035 https://support.mozilla.org/questions/1532043 https://support.mozilla.org/questions/1532047,SMTP error message...and I made it much worse | Thunderbird 142 Release AND 141.2.0 ESR GET comcast MESSAGES | Comcast imap timeout | receiving emails | either comcast crashed on me or thunderbird
2025-08-14,mail_provider,m:gmail,10,3.0,3.33,above-baseline,80,2,21.4,1529157 1529212 1529229 1529243 1529255 1529260 1529329 1529356 1529365 1529372,https://support.mozilla.org/questions/1529157 https://support.mozilla.org/questions/1529212 https://support.mozilla.org/questions/1529229 https://support.mozilla.org/questions/1529243 https://support.mozilla.org/questions/1529255 https://support.mozilla.org/questions/1529260 https://support.mozilla.org/questions/1529329 https://support.mozilla.org/questions/1529356 https://support.mozilla.org/questions/1529365 https://support.mozilla.org/questions/1529372,Oauth2 not available | Impossible toread my mails. | NOT WORKING: Changing the order of account mail check | ha dejado de funcionar un correo de Gmail | Code instead of formatted message
2025-08-14,os,os:windows,18,6.0,3.0,above-baseline,83,3,7.8,1529149 1529153 1529155 1529170 1529173 1529174 1529194 1529231 1529283 1529286 1529291 1529296 1529303 1529333 1529354 1529356 1529372 1529373,https://support.mozilla.org/questions/1529149 https://support.mozilla.org/questions/1529153 https://support.mozilla.org/questions/1529155 https://support.mozilla.org/questions/1529170 https://support.mozilla.org/questions/1529173 https://support.mozilla.org/questions/1529174 https://support.mozilla.org/questions/1529194 https://support.mozilla.org/questions/1529231 https://support.mozilla.org/questions/1529283 https://support.mozilla.org/questions/1529286 https://support.mozilla.org/questions/1529291 https://support.mozilla.org/questions/1529296 https://support.mozilla.org/questions/1529303 https://support.mozilla.org/questions/1529333 https://support.mozilla.org/questions/1529354 https://support.mozilla.org/questions/1529356 https://support.mozilla.org/questions/1529372 https://support.mozilla.org/questions/1529373,"transferring Thunderbird email program and all contents from | Recovering my sbcglobal.net email account.` | Recovering my old sbcglobal.net email address that I last us | incoming email appears with the raw source format | Ho to access ""Folder Modes"" in Thunderbird 140.1.1esr (32-bi"
2025-08-13,av,av:bitdefender,15,0.0,new,new/dormant,100,0,3.2,1528889 1528911 1528916 1528919 1528920 1528939 1528946 1528957 1528978 1528987 1528993 1529008 1529035 1529044 1529049,https://support.mozilla.org/questions/1528889 https://support.mozilla.org/questions/1528911 https://support.mozilla.org/questions/1528916 https://support.mozilla.org/questions/1528919 https://support.mozilla.org/questions/1528920 https://support.mozilla.org/questions/1528939 https://support.mozilla.org/questions/1528946 https://support.mozilla.org/questions/1528957 https://support.mozilla.org/questions/1528978 https://support.mozilla.org/questions/1528987 https://support.mozilla.org/questions/1528993 https://support.mozilla.org/questions/1529008 https://support.mozilla.org/questions/1529035 https://support.mozilla.org/questions/1529044 https://support.mozilla.org/questions/1529049,Corrupt emails show as plain text only (bitdefender??). SOLV | Incomming Messages Not Being Displayed Correctly (bitdefende | emails received without sender name or subject and in source | receiving emails with no header (bitdefender) | e mails in kode text? (bitdefender)
2025-08-13,protocol,proto:smtp,10,2.0,5.0,above-baseline,70,3,1.4,1528890 1528920 1528946 1528978 1529032 1529035 1529044 1529061 1529066 1529082,https://support.mozilla.org/questions/1528890 https://support.mozilla.org/questions/1528920 https://support.mozilla.org/questions/1528946 https://support.mozilla.org/questions/1528978 https://support.mozilla.org/questions/1529032 https://support.mozilla.org/questions/1529035 https://support.mozilla.org/questions/1529044 https://support.mozilla.org/questions/1529061 https://support.mozilla.org/questions/1529066 https://support.mozilla.org/questions/1529082,SMTP Not Working | e mails in kode text? (bitdefender) | Emails received in code | Problems with new messages after 140/141 update (bitdefender | Sending of the message failed. An error occurred while sendi
2025-08-13,mail_provider,m:gmail,10,3.0,3.33,above-baseline,70,3,4.8,1528885 1528889 1528937 1528941 1529002 1529017 1529035 1529042 1529049 1529103,https://support.mozilla.org/questions/1528885 https://support.mozilla.org/questions/1528889 https://support.mozilla.org/questions/1528937 https://support.mozilla.org/questions/1528941 https://support.mozilla.org/questions/1529002 https://support.mozilla.org/questions/1529017 https://support.mozilla.org/questions/1529035 https://support.mozilla.org/questions/1529042 https://support.mozilla.org/questions/1529049 https://support.mozilla.org/questions/1529103,for a past 2 weeks I cant send and receive emails | Corrupt emails show as plain text only (bitdefender??). SOLV | ik kan geen e-mail ontvangen van Ziggo | [DOC] Errore codifica email (Agosto 2025) | every single email in my drafts is GONE
2025-08-12,av,av:bitdefender,19,0.0,new,new/dormant,100,0,3.2,1528644 1528675 1528715 1528723 1528727 1528732 1528733 1528744 1528755 1528773 1528775 1528779 1528783 1528790 1528822 1528856 1528866 1528871 1528872,https://support.mozilla.org/questions/1528644 https://support.mozilla.org/questions/1528675 https://support.mozilla.org/questions/1528715 https://support.mozilla.org/questions/1528723 https://support.mozilla.org/questions/1528727 https://support.mozilla.org/questions/1528732 https://support.mozilla.org/questions/1528733 https://support.mozilla.org/questions/1528744 https://support.mozilla.org/questions/1528755 https://support.mozilla.org/questions/1528773 https://support.mozilla.org/questions/1528775 https://support.mozilla.org/questions/1528779 https://support.mozilla.org/questions/1528783 https://support.mozilla.org/questions/1528790 https://support.mozilla.org/questions/1528822 https://support.mozilla.org/questions/1528856 https://support.mozilla.org/questions/1528866 https://support.mozilla.org/questions/1528871 https://support.mozilla.org/questions/1528872,"Messages are suddenly not showing subject or from, and body  | Messages not being formatted | Emails appearing in HTML format (bitdefender) | Problem with the display of downloaded emails (bitdefender) | Emails are corrupted (bitdefender)"
2025-08-11,av,av:bitdefender,11,0.0,new,new/dormant,100,0,0.6,1528472 1528498 1528506 1528543 1528577 1528582 1528583 1528597 1528599 1528606 1528624,https://support.mozilla.org/questions/1528472 https://support.mozilla.org/questions/1528498 https://support.mozilla.org/questions/1528506 https://support.mozilla.org/questions/1528543 https://support.mozilla.org/questions/1528577 https://support.mozilla.org/questions/1528582 https://support.mozilla.org/questions/1528583 https://support.mozilla.org/questions/1528597 https://support.mozilla.org/questions/1528599 https://support.mozilla.org/questions/1528606 https://support.mozilla.org/questions/1528624,Messagerie illisible (bitdefender) | Recent emails are coming in unformatted and missing subject  | Recent emails are coming in unformatted and missing subject  | Corrupted btinternet emails (bitdefender) | Strange code dominating incoming emails (bitdefender)
2025-07-18,protocol,proto:imap,8,2.0,4.0,above-baseline,75,2,0.8,1523661 1523675 1523676 1523710 1523711 1523722 1523729 1523733,https://support.mozilla.org/questions/1523661 https://support.mozilla.org/questions/1523675 https://support.mozilla.org/questions/1523676 https://support.mozilla.org/questions/1523710 https://support.mozilla.org/questions/1523711 https://support.mozilla.org/questions/1523722 https://support.mozilla.org/questions/1523729 https://support.mozilla.org/questions/1523733,problema apertura e scarico allegati pdf con versione 140.0. | Viewing local folders flyer disabling email account | Viewing local folders after disabling email account | authentication failure wjile connecting to serverimap.gmail | authentication failure while connecting to server imap.gmail
2025-07-10,os,os:windows,9,3.0,3.0,above-baseline,78,2,1.1,1521974 1521981 1522013 1522071 1522096 1522120 1522124 1522128 1522140,https://support.mozilla.org/questions/1521974 https://support.mozilla.org/questions/1521981 https://support.mozilla.org/questions/1522013 https://support.mozilla.org/questions/1522071 https://support.mozilla.org/questions/1522096 https://support.mozilla.org/questions/1522120 https://support.mozilla.org/questions/1522124 https://support.mozilla.org/questions/1522128 https://support.mozilla.org/questions/1522140,incoming emails | Trying to export my address book(s) from my old windows 10 c | Not working button New Message after automatic update ver 14 | Thunderbird cannot use another IMAP archive folder | New issue - extra spaces inserted when deleting characters u
2025-03-26,mail_provider,m:gmail,10,3.0,3.33,above-baseline,90,1,3.5,1501749 1501754 1501764 1501789 1501790 1501798 1501802 1501832 1501859 1501877,https://support.mozilla.org/questions/1501749 https://support.mozilla.org/questions/1501754 https://support.mozilla.org/questions/1501764 https://support.mozilla.org/questions/1501789 https://support.mozilla.org/questions/1501790 https://support.mozilla.org/questions/1501798 https://support.mozilla.org/questions/1501802 https://support.mozilla.org/questions/1501832 https://support.mozilla.org/questions/1501859 https://support.mozilla.org/questions/1501877,Will not accept my Gmail address | I use thunderbird for my Gmail. I have a large number of sub | Set up gmail on thunderbird | Transferring email to another account | Problema di autenticazione su gmail
2025-03-20,os,os:windows,9,3.0,3.0,above-baseline,67,3,7.6,1500475 1500554 1500571 1500580 1500597 1500650 1500655 1500668 1500701,https://support.mozilla.org/questions/1500475 https://support.mozilla.org/questions/1500554 https://support.mozilla.org/questions/1500571 https://support.mozilla.org/questions/1500580 https://support.mozilla.org/questions/1500597 https://support.mozilla.org/questions/1500650 https://support.mozilla.org/questions/1500655 https://support.mozilla.org/questions/1500668 https://support.mozilla.org/questions/1500701,Upgrading from Win10 to Win11 | Thunderbird (local) calendar notifications for events are pa | Zagon Thunderbirda | Unable to enter tasks after autoupdate to 128.8.1esr (64-bit | Windows 7 115.18.0 Anyone else got CTRL+SHIFT+F to work?
2025-01-16,os,os:windows,13,4.0,3.25,above-baseline,85,2,4.0,1486306 1486358 1486365 1486368 1486390 1486394 1486475 1486479 1486488 1486495 1486504 1486524 1486542,https://support.mozilla.org/questions/1486306 https://support.mozilla.org/questions/1486358 https://support.mozilla.org/questions/1486365 https://support.mozilla.org/questions/1486368 https://support.mozilla.org/questions/1486390 https://support.mozilla.org/questions/1486394 https://support.mozilla.org/questions/1486475 https://support.mozilla.org/questions/1486479 https://support.mozilla.org/questions/1486488 https://support.mozilla.org/questions/1486495 https://support.mozilla.org/questions/1486504 https://support.mozilla.org/questions/1486524 https://support.mozilla.org/questions/1486542,Sending .mp4 files with email message | Inoltro messaggio da casella PEC non compaiono corpo e alleg | Přeposílání příloh. | I'm running windows 10. The version of Thunderbird I have is | thunderbird crashing
2024-11-25,protocol,proto:pop,9,2.0,4.5,above-baseline,33,6,1.3,1475784 1475792 1475800 1475837 1475852 1475867 1475884 1475899 1475902,https://support.mozilla.org/questions/1475784 https://support.mozilla.org/questions/1475792 https://support.mozilla.org/questions/1475800 https://support.mozilla.org/questions/1475837 https://support.mozilla.org/questions/1475852 https://support.mozilla.org/questions/1475867 https://support.mozilla.org/questions/1475884 https://support.mozilla.org/questions/1475899 https://support.mozilla.org/questions/1475902,Unable to write the email to the mailbox. Make sure the file | Thunderbird POP3 - Leave messages on server for xxx days fea | Thunderbird deleting inbox messages from server with IMAP se | Thunderbird 128.4.3esr (64-bit) won't connect with yahoo mai | Email folder size on TB shows 3.8GB. On HDD location it is 1
2024-10-01,mail_provider,m:microsoftemail,16,5.0,3.2,above-baseline,88,2,1.5,1466477 1466509 1466540 1466550 1466552 1466561 1466570 1466573 1466578 1466587 1466600 1466607 1466616 1466619 1466644 1466658,https://support.mozilla.org/questions/1466477 https://support.mozilla.org/questions/1466509 https://support.mozilla.org/questions/1466540 https://support.mozilla.org/questions/1466550 https://support.mozilla.org/questions/1466552 https://support.mozilla.org/questions/1466561 https://support.mozilla.org/questions/1466570 https://support.mozilla.org/questions/1466573 https://support.mozilla.org/questions/1466578 https://support.mozilla.org/questions/1466587 https://support.mozilla.org/questions/1466600 https://support.mozilla.org/questions/1466607 https://support.mozilla.org/questions/1466616 https://support.mozilla.org/questions/1466619 https://support.mozilla.org/questions/1466644 https://support.mozilla.org/questions/1466658,Suddenly can't send/recieve email messages | cant get emails on hotmail | Thunderbird stopped working - logging in issues | INVIO BLOCCATO EMAIL CON HOTMAIL/OUTLOOK | Importing from Outlook vs importing from a .pst file
2024-09-26,protocol,proto:smtp,11,2.0,5.5,above-baseline,100,0,0.9,1465609 1465623 1465628 1465652 1465681 1465692 1465693 1465695 1465725 1465739 1465743,https://support.mozilla.org/questions/1465609 https://support.mozilla.org/questions/1465623 https://support.mozilla.org/questions/1465628 https://support.mozilla.org/questions/1465652 https://support.mozilla.org/questions/1465681 https://support.mozilla.org/questions/1465692 https://support.mozilla.org/questions/1465693 https://support.mozilla.org/questions/1465695 https://support.mozilla.org/questions/1465725 https://support.mozilla.org/questions/1465739 https://support.mozilla.org/questions/1465743,SMTP AUTENTICAZIONE MODERNA NON PRESENTE | Funzionamento di Thunderbird con hotmail.it | SMTP/Sending Emails just stopped working | smtp.office365.com with OAuth2 does not work | OAuth2
2024-09-26,mail_provider,m:microsoftemail,17,4.0,4.25,above-baseline,94,1,0.8,1465575 1465600 1465601 1465609 1465623 1465628 1465636 1465652 1465674 1465685 1465689 1465695 1465729 1465730 1465739 1465743 1465749,https://support.mozilla.org/questions/1465575 https://support.mozilla.org/questions/1465600 https://support.mozilla.org/questions/1465601 https://support.mozilla.org/questions/1465609 https://support.mozilla.org/questions/1465623 https://support.mozilla.org/questions/1465628 https://support.mozilla.org/questions/1465636 https://support.mozilla.org/questions/1465652 https://support.mozilla.org/questions/1465674 https://support.mozilla.org/questions/1465685 https://support.mozilla.org/questions/1465689 https://support.mozilla.org/questions/1465695 https://support.mozilla.org/questions/1465729 https://support.mozilla.org/questions/1465730 https://support.mozilla.org/questions/1465739 https://support.mozilla.org/questions/1465743 https://support.mozilla.org/questions/1465749,"ver 128 won't load because my laptop isn't compatable, Can I | Thunderbird, outlook and win7 ? | Accesso al server imap-mail.outlook.com con nome utente ____ | SMTP AUTENTICAZIONE MODERNA NON PRESENTE | Funzionamento di Thunderbird con hotmail.it"
2024-09-19,mail_provider,m:microsoftemail,13,4.0,3.25,above-baseline,92,1,7.2,1464352 1464371 1464397 1464408 1464416 1464419 1464420 1464425 1464427 1464443 1464474 1464490 1464558,https://support.mozilla.org/questions/1464352 https://support.mozilla.org/questions/1464371 https://support.mozilla.org/questions/1464397 https://support.mozilla.org/questions/1464408 https://support.mozilla.org/questions/1464416 https://support.mozilla.org/questions/1464419 https://support.mozilla.org/questions/1464420 https://support.mozilla.org/questions/1464425 https://support.mozilla.org/questions/1464427 https://support.mozilla.org/questions/1464443 https://support.mozilla.org/questions/1464474 https://support.mozilla.org/questions/1464490 https://support.mozilla.org/questions/1464558,"Updated to Nebula and now my Gmail account doesn't work | missing address books | Thunderbird 128.2.2 OAuth2 | Thunderbird 128 ""nebula"" | unable to send emails with 128.2.2 esr"
2024-09-12,protocol,proto:oauth,10,1.0,10.0,above-baseline,100,0,4.0,1463252 1463258 1463275 1463277 1463297 1463312 1463328 1463370 1463398 1463404,https://support.mozilla.org/questions/1463252 https://support.mozilla.org/questions/1463258 https://support.mozilla.org/questions/1463275 https://support.mozilla.org/questions/1463277 https://support.mozilla.org/questions/1463297 https://support.mozilla.org/questions/1463312 https://support.mozilla.org/questions/1463328 https://support.mozilla.org/questions/1463370 https://support.mozilla.org/questions/1463398 https://support.mozilla.org/questions/1463404,question about Microsoft New Modern Authentication | SMPT SERVER SETTINGS | Outlook.com changes to OAUTH2 | cannot receive e-mail from office365 server | Google Account Remove
2024-09-12,mail_provider,m:microsoftemail,15,4.0,3.75,above-baseline,93,1,1.7,1463244 1463257 1463268 1463275 1463277 1463288 1463291 1463293 1463295 1463314 1463319 1463336 1463370 1463396 1463404,https://support.mozilla.org/questions/1463244 https://support.mozilla.org/questions/1463257 https://support.mozilla.org/questions/1463268 https://support.mozilla.org/questions/1463275 https://support.mozilla.org/questions/1463277 https://support.mozilla.org/questions/1463288 https://support.mozilla.org/questions/1463291 https://support.mozilla.org/questions/1463293 https://support.mozilla.org/questions/1463295 https://support.mozilla.org/questions/1463314 https://support.mozilla.org/questions/1463319 https://support.mozilla.org/questions/1463336 https://support.mozilla.org/questions/1463370 https://support.mozilla.org/questions/1463396 https://support.mozilla.org/questions/1463404,I’m having trouble getting my emails to open in a third-part | Change Folder Hierarchy in Local Folders after MailStore exp | problemas para sincronizar con correou outlook | Outlook.com changes to OAUTH2 | cannot receive e-mail from office365 server
2024-08-12,protocol,proto:imap,9,3.0,3.0,above-baseline,67,3,10.2,1457773 1457788 1457813 1457828 1457851 1457881 1457882 1457883 1457902,https://support.mozilla.org/questions/1457773 https://support.mozilla.org/questions/1457788 https://support.mozilla.org/questions/1457813 https://support.mozilla.org/questions/1457828 https://support.mozilla.org/questions/1457851 https://support.mozilla.org/questions/1457881 https://support.mozilla.org/questions/1457882 https://support.mozilla.org/questions/1457883 https://support.mozilla.org/questions/1457902,"Cannot unsubscribe specific folder | Corpo del testo delle mail | IMAP vs POP | signing in/onto both mozilla and Google appears degraded, un | Pastas unificadas não trazem todas as caixas de entrada como"
2024-08-09,protocol,proto:imap,11,3.0,3.67,above-baseline,73,3,8.3,1457213 1457241 1457255 1457279 1457286 1457290 1457296 1457309 1457338 1457340 1457400,https://support.mozilla.org/questions/1457213 https://support.mozilla.org/questions/1457241 https://support.mozilla.org/questions/1457255 https://support.mozilla.org/questions/1457279 https://support.mozilla.org/questions/1457286 https://support.mozilla.org/questions/1457290 https://support.mozilla.org/questions/1457296 https://support.mozilla.org/questions/1457309 https://support.mozilla.org/questions/1457338 https://support.mozilla.org/questions/1457340 https://support.mozilla.org/questions/1457400,"Need to import mail from Outlook 2007 located on anothe comp | OAuth2 authentication problems | OAuth2 authentication problems | changed server, IMAP is not showing the old folders and emai | Compact not working on local folders (Thunderbird 128.1.0esr"
2024-08-09,mail_provider,m:gmail,14,4.0,3.5,above-baseline,71,4,2.9,1457213 1457233 1457241 1457255 1457273 1457280 1457290 1457296 1457309 1457316 1457325 1457332 1457340 1457400,https://support.mozilla.org/questions/1457213 https://support.mozilla.org/questions/1457233 https://support.mozilla.org/questions/1457241 https://support.mozilla.org/questions/1457255 https://support.mozilla.org/questions/1457273 https://support.mozilla.org/questions/1457280 https://support.mozilla.org/questions/1457290 https://support.mozilla.org/questions/1457296 https://support.mozilla.org/questions/1457309 https://support.mozilla.org/questions/1457316 https://support.mozilla.org/questions/1457325 https://support.mozilla.org/questions/1457332 https://support.mozilla.org/questions/1457340 https://support.mozilla.org/questions/1457400,Need to import mail from Outlook 2007 located on anothe comp | Login ID / Email address on Outlook.com conflict | OAuth2 authentication problems | OAuth2 authentication problems | Gmail Contacts in Address Book
2024-07-22,protocol,proto:imap,8,2.5,3.2,above-baseline,62,3,1.2,1453896 1453912 1453933 1453951 1453975 1453989 1454002 1454055,https://support.mozilla.org/questions/1453896 https://support.mozilla.org/questions/1453912 https://support.mozilla.org/questions/1453933 https://support.mozilla.org/questions/1453951 https://support.mozilla.org/questions/1453975 https://support.mozilla.org/questions/1453989 https://support.mozilla.org/questions/1454002 https://support.mozilla.org/questions/1454055,"Server full, not using IMAP, POP3 multiples computers, how t | Add Microsoft Accounts to TB with OAuth2 as POP3 accounts | Unified Inbox, IMAP and Local Folders | la cartella non può essere compattata a causa di un’altra op | etykiety"
2024-07-11,mail_provider,m:microsoftemail,11,3.0,3.67,above-baseline,91,1,4.8,1452143 1452204 1452205 1452236 1452244 1452245 1452250 1452252 1452263 1452287 1452299,https://support.mozilla.org/questions/1452143 https://support.mozilla.org/questions/1452204 https://support.mozilla.org/questions/1452205 https://support.mozilla.org/questions/1452236 https://support.mozilla.org/questions/1452244 https://support.mozilla.org/questions/1452245 https://support.mozilla.org/questions/1452250 https://support.mozilla.org/questions/1452252 https://support.mozilla.org/questions/1452263 https://support.mozilla.org/questions/1452287 https://support.mozilla.org/questions/1452299,My Bigpond emails in outlook 2007 emails wont populate into  | Data errata dei messaggi ricevuti | Sto avendo ripetuti avvisi e problemi sull'accesso agli acco | Importing to Thunderbird | on 115.12.2 I am unable to send/receive email with OAuth2 se
2024-07-03,mail_provider,m:microsoftemail,9,3.0,3.0,above-baseline,100,0,12.6,1451375 1451397 1451410 1451414 1451424 1451435 1451438 1451453 1451454,https://support.mozilla.org/questions/1451375 https://support.mozilla.org/questions/1451397 https://support.mozilla.org/questions/1451410 https://support.mozilla.org/questions/1451414 https://support.mozilla.org/questions/1451424 https://support.mozilla.org/questions/1451435 https://support.mozilla.org/questions/1451438 https://support.mozilla.org/questions/1451453 https://support.mozilla.org/questions/1451454,IMAP issues - cannot see my folders! | OAuth2 - Passwords not reliably saved. | OAuth2 correctly configured (MS advice) but not working | I can't set up Thunderbird to cope with 'modern authenticati | Need to migrate folders and files from Outlook 2007 Thunderb
2024-06-17,mail_provider,m:yahooemail,9,1.0,9.0,above-baseline,67,3,76.9,1450065 1450077 1450110 1450112 1450122 1450147 1450154 1450157 1450160,https://support.mozilla.org/questions/1450065 https://support.mozilla.org/questions/1450077 https://support.mozilla.org/questions/1450110 https://support.mozilla.org/questions/1450112 https://support.mozilla.org/questions/1450122 https://support.mozilla.org/questions/1450147 https://support.mozilla.org/questions/1450154 https://support.mozilla.org/questions/1450157 https://support.mozilla.org/questions/1450160,Can't send  Yahoo Mail | email | inbound failure | Thunderbird stopped sending and receiving email suddenly. | att.net email stopped working yesterday around 4:30 PM EDT
2024-04-17,os,os:windows,9,3.0,3.0,above-baseline,89,1,12.8,1445033 1445039 1445042 1445069 1445072 1445080 1445109 1445110 1445125,https://support.mozilla.org/questions/1445033 https://support.mozilla.org/questions/1445039 https://support.mozilla.org/questions/1445042 https://support.mozilla.org/questions/1445069 https://support.mozilla.org/questions/1445072 https://support.mozilla.org/questions/1445080 https://support.mozilla.org/questions/1445109 https://support.mozilla.org/questions/1445110 https://support.mozilla.org/questions/1445125,Resetting Thunderbird after Cox.net e-mail has transitioned  | Intermittent failure to send emails on Thunderbird | Problems moving Thunderbird to new computer | Thunderbird always becomes unresponsive within seconds of op | Thunderbird Attachments
2024-04-11,protocol,proto:imap,9,3.0,3.0,above-baseline,78,2,9.3,1444545 1444581 1444586 1444605 1444614 1444615 1444634 1444637 1444643,https://support.mozilla.org/questions/1444545 https://support.mozilla.org/questions/1444581 https://support.mozilla.org/questions/1444586 https://support.mozilla.org/questions/1444605 https://support.mozilla.org/questions/1444614 https://support.mozilla.org/questions/1444615 https://support.mozilla.org/questions/1444634 https://support.mozilla.org/questions/1444637 https://support.mozilla.org/questions/1444643,Can't access my shaw mail account in thunderbird. Get imap s | Posta Inviata non sincronizzata | K9 email | How to automatically delete messages from IMAP server? | Thunderbird says authentication failure while connecting to 
2024-01-30,mail_provider,m:microsoftemail,8,2.0,4.0,above-baseline,88,1,7.7,1438200 1438213 1438249 1438252 1438267 1438284 1438313 1438317,https://support.mozilla.org/questions/1438200 https://support.mozilla.org/questions/1438213 https://support.mozilla.org/questions/1438249 https://support.mozilla.org/questions/1438252 https://support.mozilla.org/questions/1438267 https://support.mozilla.org/questions/1438284 https://support.mozilla.org/questions/1438313 https://support.mozilla.org/questions/1438317,'login to server imap-mail outlook.com with username XXX@liv | problemi thunderbird vs Hotmail.com | CONTINUA RICHIESTA DI INSERIMENTO PASSWORD | Thunderbird keeps asking for my passwords (mac) | OAUTH2 on thunderbird mac for several PC's
2024-01-28,mail_provider,m:microsoftemail,9,2.0,4.5,above-baseline,56,4,7.7,1438006 1438007 1438017 1438038 1438039 1438041 1438048 1438059 1438068,https://support.mozilla.org/questions/1438006 https://support.mozilla.org/questions/1438007 https://support.mozilla.org/questions/1438017 https://support.mozilla.org/questions/1438038 https://support.mozilla.org/questions/1438039 https://support.mozilla.org/questions/1438041 https://support.mozilla.org/questions/1438048 https://support.mozilla.org/questions/1438059 https://support.mozilla.org/questions/1438068,"Login to server outlook.office365.com with username jfreilic | Password required now for outlook.com email account. | Calendar for Thunderbird v115.6 | Copy email from Office365 to Gmail make timeout | issue when using Calendar (network, ics) - memory usage rais"
2024-01-18,os,os:windows,10,3.0,3.33,above-baseline,80,2,2.1,1437058 1437095 1437106 1437117 1437120 1437124 1437126 1437127 1437131 1437143,https://support.mozilla.org/questions/1437058 https://support.mozilla.org/questions/1437095 https://support.mozilla.org/questions/1437106 https://support.mozilla.org/questions/1437117 https://support.mozilla.org/questions/1437120 https://support.mozilla.org/questions/1437124 https://support.mozilla.org/questions/1437126 https://support.mozilla.org/questions/1437127 https://support.mozilla.org/questions/1437131 https://support.mozilla.org/questions/1437143,"Thunderbird asks about synching a calendar entry, but no suc | Cannot download emails getting error message ""Unable to writ | transfer thunderbird 115.6.1 from win 7 to win 10 | A profile starts minimized and cannot be expanded in Windows | Since Thunderbird 115.6.1 was installed files disappear when"
2024-01-15,mail_provider,m:gmail,9,3.0,3.0,above-baseline,89,1,2.9,1436724 1436731 1436743 1436746 1436752 1436758 1436769 1436811 1436843,https://support.mozilla.org/questions/1436724 https://support.mozilla.org/questions/1436731 https://support.mozilla.org/questions/1436743 https://support.mozilla.org/questions/1436746 https://support.mozilla.org/questions/1436752 https://support.mozilla.org/questions/1436758 https://support.mozilla.org/questions/1436769 https://support.mozilla.org/questions/1436811 https://support.mozilla.org/questions/1436843,Error 500 while authenticating Gmail with OAuth2 | Re-establishing Email Accounts | Unable to setup Gmail account in Thunderbird 115.6.0 | current command did not succeed mail server responded unknow | Thunderbird blocks EMail send
2024-01-04,protocol,proto:pop,8,2.0,4.0,above-baseline,88,1,4.7,1435677 1435698 1435744 1435750 1435755 1435758 1435771 1435777,https://support.mozilla.org/questions/1435677 https://support.mozilla.org/questions/1435698 https://support.mozilla.org/questions/1435744 https://support.mozilla.org/questions/1435750 https://support.mozilla.org/questions/1435755 https://support.mozilla.org/questions/1435758 https://support.mozilla.org/questions/1435771 https://support.mozilla.org/questions/1435777,"Thunderbird on Linux not recieving new emails but can send o | Can't Send emails in Thunderbird | Nastavení Thunderbird pro 2 zařízení | emails not downloaded for 1/1, 1/2 and 1/3 but continued som | Can't create password for incoming POP email"
2023-12-15,os,os:windows,8,2.0,4.0,above-baseline,75,2,4.0,1433984 1433993 1434003 1434021 1434034 1434051 1434054 1434073,https://support.mozilla.org/questions/1433984 https://support.mozilla.org/questions/1433993 https://support.mozilla.org/questions/1434003 https://support.mozilla.org/questions/1434021 https://support.mozilla.org/questions/1434034 https://support.mozilla.org/questions/1434051 https://support.mozilla.org/questions/1434054 https://support.mozilla.org/questions/1434073,importing aol folders to thunderbird | Deleted Messages showing up as read (old was Bug 1856993) | Trash folder | icloud connection when Apple ID is not an icloud.com email a | Reset Password
2023-12-12,os,os:windows,9,2.0,4.5,above-baseline,89,1,9.9,1433669 1433678 1433725 1433726 1433728 1433733 1433736 1433744 1433749,https://support.mozilla.org/questions/1433669 https://support.mozilla.org/questions/1433678 https://support.mozilla.org/questions/1433725 https://support.mozilla.org/questions/1433726 https://support.mozilla.org/questions/1433728 https://support.mozilla.org/questions/1433733 https://support.mozilla.org/questions/1433736 https://support.mozilla.org/questions/1433744 https://support.mozilla.org/questions/1433749,"""Account being processed... Please wait...""  NOTHING ever 'h | Thunderbird email keeps resetting to 'New Install' (win10) | Thunderbird upgrade to 115.5.2 caused my calendar events to  | Can't open attachments on old emails | You,ve lost my email programme...does deploy mean you can ge"
2023-12-04,os,os:windows,10,3.0,3.33,above-baseline,70,3,1.7,1432854 1432862 1432888 1432897 1432920 1432923 1432940 1432944 1432950 1432956,https://support.mozilla.org/questions/1432854 https://support.mozilla.org/questions/1432862 https://support.mozilla.org/questions/1432888 https://support.mozilla.org/questions/1432897 https://support.mozilla.org/questions/1432920 https://support.mozilla.org/questions/1432923 https://support.mozilla.org/questions/1432940 https://support.mozilla.org/questions/1432944 https://support.mozilla.org/questions/1432950 https://support.mozilla.org/questions/1432956,"Error - Thunderbird app will not open. ""Thunderbird is alrea | 複数選択できない | Címkék | Tbird in Win11- Setting up Provider Mail address | How to turn of message threading permanently?"
2023-12-01,mail_provider,m:gmail,9,0.5,18.0,above-baseline,100,0,1.9,1432587 1432610 1432611 1432612 1432615 1432628 1432642 1432667 1432673,https://support.mozilla.org/questions/1432587 https://support.mozilla.org/questions/1432610 https://support.mozilla.org/questions/1432611 https://support.mozilla.org/questions/1432612 https://support.mozilla.org/questions/1432615 https://support.mozilla.org/questions/1432628 https://support.mozilla.org/questions/1432642 https://support.mozilla.org/questions/1432667 https://support.mozilla.org/questions/1432673,no incoming messages | email receive & send problems on multiple accounts after aut | Is it possible to use a shared Gmail inbox with Thunderbird? | Thunderbird 115.5.1 and Gmail 2023 | Delete are filtering to local Folder
2023-10-11,protocol,proto:imap,11,3.0,3.67,above-baseline,36,7,3.7,1427077 1427101 1427104 1427127 1427138 1427163 1427164 1427171 1427187 1427191 1427206,https://support.mozilla.org/questions/1427077 https://support.mozilla.org/questions/1427101 https://support.mozilla.org/questions/1427104 https://support.mozilla.org/questions/1427127 https://support.mozilla.org/questions/1427138 https://support.mozilla.org/questions/1427163 https://support.mozilla.org/questions/1427164 https://support.mozilla.org/questions/1427171 https://support.mozilla.org/questions/1427187 https://support.mozilla.org/questions/1427191 https://support.mozilla.org/questions/1427206,Selecting multiple IMAP folders on Supernova running on MacO | Thunderbird 155.3.2 past update storage grow too much | Update 15.3.2 (64-bit) broke Thunderbird | How to restore tags from a profile backup? | Thunderbird update automatically merged two accounts???
2023-10-04,os,os:linux,8,1.5,5.33,above-baseline,62,3,5.0,1426156 1426159 1426191 1426207 1426220 1426230 1426263 1426282,https://support.mozilla.org/questions/1426156 https://support.mozilla.org/questions/1426159 https://support.mozilla.org/questions/1426191 https://support.mozilla.org/questions/1426207 https://support.mozilla.org/questions/1426220 https://support.mozilla.org/questions/1426230 https://support.mozilla.org/questions/1426263 https://support.mozilla.org/questions/1426282,Unable to copy HTML-formatted table from Firefox on Linux | Thunderbird 115 has no junk removal tool | Thunderbird (102 & 115) for Windows downloads same mail agai | Unable to find several functions after moving up to 115.3.1 | Thunderbird (102 & 115) for Windows downloads same mail agai
2023-09-19,protocol,proto:imap,8,2.0,4.0,above-baseline,50,4,20.0,1424498 1424508 1424509 1424512 1424530 1424547 1424558 1424565,https://support.mozilla.org/questions/1424498 https://support.mozilla.org/questions/1424508 https://support.mozilla.org/questions/1424509 https://support.mozilla.org/questions/1424512 https://support.mozilla.org/questions/1424530 https://support.mozilla.org/questions/1424547 https://support.mozilla.org/questions/1424558 https://support.mozilla.org/questions/1424565,Thunderbird 115.2.2 Supernova - Send Message Error | Reply to all sometimes confuses email adresses | E-mail notification alert not appearing | Cox IMAP thur TB is not deleting emails as I delete them sin | Thunderbird 102.15.1. I created by mistake two inbox folder.
2023-08-31,mail_provider,m:gmail,8,2.5,3.2,above-baseline,88,1,7.5,1422647 1422655 1422660 1422674 1422682 1422694 1422702 1422705,https://support.mozilla.org/questions/1422647 https://support.mozilla.org/questions/1422655 https://support.mozilla.org/questions/1422660 https://support.mozilla.org/questions/1422674 https://support.mozilla.org/questions/1422682 https://support.mozilla.org/questions/1422694 https://support.mozilla.org/questions/1422702 https://support.mozilla.org/questions/1422705,timeout after END-OF-MESSAGE after upgrade to supernova | Email küldés gmail fiók felé nem működik | Which email providers are compatible with Thunderbird? | Updated Thunderbird will not send or receive emails. | thunderbird e gmail - impossibile autenticarsi sul server
2023-06-19,mail_provider,m:libero,9,0.0,new,new/dormant,100,0,0.2,1416249 1416250 1416254 1416255 1416272 1416279 1416280 1416287 1416299,https://support.mozilla.org/questions/1416249 https://support.mozilla.org/questions/1416250 https://support.mozilla.org/questions/1416254 https://support.mozilla.org/questions/1416255 https://support.mozilla.org/questions/1416272 https://support.mozilla.org/questions/1416279 https://support.mozilla.org/questions/1416280 https://support.mozilla.org/questions/1416287 https://support.mozilla.org/questions/1416299,scaricamento posta da Libero | connessione al server imapmail fuori tempo massimo | Impossibile autenticarsi - Account Libero | libero non funziona sul pc | le mail di Libero non vengono registrate in Thunderbird
2023-06-05,os,os:windows,9,3.0,3.0,above-baseline,78,2,12.5,1415073 1415096 1415098 1415106 1415112 1415123 1415125 1415139 1415144,https://support.mozilla.org/questions/1415073 https://support.mozilla.org/questions/1415096 https://support.mozilla.org/questions/1415098 https://support.mozilla.org/questions/1415106 https://support.mozilla.org/questions/1415112 https://support.mozilla.org/questions/1415123 https://support.mozilla.org/questions/1415125 https://support.mozilla.org/questions/1415139 https://support.mozilla.org/questions/1415144,Problemi Thunderbird 102.11.2 con account gmail | Replacing my Retiring Account with Gmail | Impossibile fare update di Thunderbird 102.11.1 (64bit) | Filtry zpráv po bnovení IMAP profilu nefungují automaticky | Message filters do not run automatically
2023-06-01,mail_provider,m:microsoftemail,8,2.0,4.0,above-baseline,62,3,3.5,1414787 1414795 1414796 1414798 1414828 1414833 1414851 1414857,https://support.mozilla.org/questions/1414787 https://support.mozilla.org/questions/1414795 https://support.mozilla.org/questions/1414796 https://support.mozilla.org/questions/1414798 https://support.mozilla.org/questions/1414828 https://support.mozilla.org/questions/1414833 https://support.mozilla.org/questions/1414851 https://support.mozilla.org/questions/1414857,TB does not sync ALL iCloud contacts | Difficulty installing Owl for Exchange addon on Thunderbird  | When will TB have a migration software to EXCHANGE PROTOCOL  | Fetching mail issuess Outlook365 | Update your settings to keep your email app access working.
2023-02-01,mail_provider,m:microsoftemail,9,3.0,3.0,above-baseline,89,1,7.9,1403957 1403958 1403980 1404003 1404006 1404037 1404049 1404057 1404059,https://support.mozilla.org/questions/1403957 https://support.mozilla.org/questions/1403958 https://support.mozilla.org/questions/1403980 https://support.mozilla.org/questions/1404003 https://support.mozilla.org/questions/1404006 https://support.mozilla.org/questions/1404037 https://support.mozilla.org/questions/1404049 https://support.mozilla.org/questions/1404057 https://support.mozilla.org/questions/1404059,"Just upgraded from 60.x.x. to 102.7.1 (because 60.x.x. is bu | Change Thunderbird default OAUTH browser to chrome or ms edg | version 102.7.1 Still get ""login office365.com failed"" | e-mails from arcor.de | Setting up Office365 email"
2023-01-24,os,os:windows,9,3.0,3.0,above-baseline,100,0,9.9,1403161 1403166 1403199 1403223 1403233 1403246 1403249 1403250 1403252,https://support.mozilla.org/questions/1403161 https://support.mozilla.org/questions/1403166 https://support.mozilla.org/questions/1403199 https://support.mozilla.org/questions/1403223 https://support.mozilla.org/questions/1403233 https://support.mozilla.org/questions/1403246 https://support.mozilla.org/questions/1403249 https://support.mozilla.org/questions/1403250 https://support.mozilla.org/questions/1403252,Mancato salvataggio messaggi inviati su server alice.it | how do i get email from an old hard drive to my new hard dri | Message Filters Freezes | Address book and TB update to v.102.6.1 | TB 102.7.0: seems like multiple accounts on same SMTP server
