id,discovered_theme,category,severity,root_cause_hypothesis,supporting_quote,is_new_or_notable,created_date,is_solved,solved_by,has_solution,last_answer_trusted,has_trusted_answer,n_answers,n_creator_answers
1590519,Snap/flatpak channel change notification but no ~/.var/app Thunderbird directory,other,2,"User has the snap package (not flatpak), so the flatpak-specific ~/.var/app path doesn't exist and the channel-migration instructions are ambiguous.","I don't see any entry for Thunderbird in my ""~/.var/app/"" directory",True,2026-07-01,False,,False,False,False,0,0
1590539,How to secure/encrypt email and run updates,encryption-security,1,General how-to request; user unaware of OpenPGP setup and update management.,ik wil graag mijn emails beveiligen,False,2026-07-01,False,,False,True,True,1,0
1590558,Compose editor temp file locking breaks draft save and send when forwarding inline with attachments,attachments,5,Compose code fails to close file streams on nsmail temp files on Windows and caches stale temp paths instead of re-extracting attachments from MIME.,po prvotní manipulaci korektně neuvolňuje souborové zámky v operačním systému Windows,True,2026-07-01,False,,False,False,False,0,0
1590568,Quick Filter returns wrong results in Unified Inbox virtual folder,search-folders,3,"Quick Filter search does not correctly traverse the constituent folders of virtual/unified folders, so matches in underlying physical folders are missed.",Quick Filter does not search the **Unified Inbox (virtual folder)** correctly,True,2026-07-01,False,,False,True,True,3,1
1590573,Wants to downgrade to older Thunderbird due to unfamiliar new UI,ui-ux,2,Cards view / new layout defaults after upgrade confuse the user rather than an actual defect.,I hate the new thunderbird I am 79 years old and can't understand it,False,2026-07-01,False,,False,True,True,2,0
1590586,Account reportedly sending spam / outgoing mail issue in Thunderbird only,spam-filters,4,Likely incorrect SMTP/authentication settings or compromised credentials stored in Thunderbird.,Mijn pc zou spam verstuurd hebben of versturen.,False,2026-07-01,False,,False,True,True,1,0
1590593,Profile folder bloat from orphaned ImapMail/Mail account directories,performance-crash,2,"Removed accounts leave their message stores and global-messages-db behind, so profile size never shrinks.",is it safe to just delete these apparently unused folders?,False,2026-07-01,False,,False,False,True,8,4
1590601,All inbox messages duplicated after startup problem,send-receive,4,Corrupted/rebuilt msf index or re-download of POP/IMAP messages created duplicate copies.,"when it did open, it uploaded all emails in duplicate",False,2026-07-01,False,,False,False,False,0,0
1590611,Message Source and quoted reply text shown in oversized monospace font after 152.0.1,ui-ux,2,"Monospace font/size preference per-language is being applied to message source and quoted HTML text, possibly a regression in 152.","I haven't changed anything, so I suspect it's a bug in new 152.0.1.",True,2026-07-01,False,,False,False,False,0,0
1590617,Cannot connect to mail server,send-receive,4,"Insufficient detail; likely server settings, TLS/port, or network/auth failure.",I cannot connect to server,False,2026-07-01,False,,False,True,True,1,0
1590618,Request for official .deb APT repository for Thunderbird on Linux,other,2,"Thunderbird does not yet ship an official Debian package repository like Firefox does, forcing manual tarball or distro-packaged installs.","there was a discussion some time ago that a repository for .deb packages would be made, similar with we already have for Firefox",False,2026-07-01,False,,False,False,False,0,0
1590624,All address book contacts missing,other,4,Likely a profile switch/new profile or corrupted abook.sqlite causing address book data to be unavailable; need details of what user did.,I am trying to connect with my contacts and everything is gone.,False,2026-07-01,False,,False,True,True,1,0
1590666,Duplicate Drafts and Sent folders shown,search-folders,2,Local special folders plus server-side IMAP Drafts/Sent both displayed because account settings point to a different folder than the server's.,I have 2. Why?,False,2026-07-01,False,,False,False,False,0,0
1590625,"How to run two email accounts concurrently (profiles vs accounts, identities/aliases)",settings-config,1,"Documentation confusion between profiles, accounts, and identities; no technical defect.",I need to have the old and new accounts running concurrently,False,2026-07-01,True,mozilla98,True,False,True,12,5
1590630,Setting Thunderbird as default mail client fails with missing uninstall\helper.exe,settings-config,3,"System integration invokes the installer's helper.exe which is absent in the installed directory (portable/zip install or removed by cleanup/AV), so default-app registration fails.",Windows cannot find 'C:\\Program Files\\Mozilla Thunderbird\\uninstall\\helper.exe',True,2026-07-01,False,,False,False,False,0,0
1590634,Confusing ESR vs Release channel switch prompt,other,2,"The channel-migration notification lacks clear guidance, leaving users unsure whether reinstallation is required.","Keep getting the warning window about ""ESR"" change.",True,2026-07-01,False,,False,True,True,1,0
1590645,Gmail OAuth2 sign-in window fails due to blocked cookies,sync-oauth,4,Thunderbird's OAuth2 flow requires cookie storage; disabled or stale cookies prevent completion of Google sign-in.,How can I sign in to Google? Perhaps in a different way?,False,2026-07-01,True,rednoise,True,False,True,3,1
1590650,Yahoo IMAP authentication suddenly failing,account-login,5,Yahoo tightened authentication (requiring OAuth2/app password) or an antivirus SSL proxy is breaking the IMAP login handshake.,"Thunderbird non autentica piu nel server imap.mail.yahoo.com , ho libero accesso alla versione WEB",True,2026-07-01,False,,False,False,False,3,1
1590663,Export to Mobile QR code not scanned by Thunderbird Android,migration-import,3,Known bug in the Android app's multi-part QR import scanner failing to recognize desktop-generated codes.,Try to scan the QR Code from my laptop which says 1 of 2 QR Codes and I get nothing.,True,2026-07-01,False,,False,True,True,2,1
1590664,Request to stop auto-opening next message after delete/junk,ui-ux,2,Default behavior selects and displays the next message after removal; no built-in preference to disable without an add-on.,the next message immediately gets automatically opened without someone clicking for that to happen,False,2026-07-01,False,,False,True,True,1,0
1590673,No Thunderbird client available for iOS/iPad,other,1,Thunderbird mobile currently ships only for Android; no iOS build exists yet.,Is there Thunderbird mail version for iPad/ iPhone?,False,2026-07-01,False,,False,True,True,1,0
1590687,Startup dialog mistaken for 'create new profile' prompt after 152 update,account-login,3,"The startup dialog was actually an email password prompt (user entered primary password instead of mail password), and the dialog wording confused the user.","a dialog box asks if I want to create a new profile. By mistake I clicked the ""new profile button""",True,2026-07-01,True,Mapenzi,True,False,True,2,1
1590697,Emails move from inbox to trash by themselves,send-receive,4,"Likely a message filter or server-side rule/webmail setting moving mail to Trash, or accidental delete-key/gesture behavior.",for some reason emails move from inbox to trash by themselves,False,2026-07-01,False,,False,False,False,0,0
1590708,Cannot update changed Gmail password; sign-in popup returns 400 malformed request,sync-oauth,4,Account is configured for OAuth2 but stale/deleted token or wrong auth method causes Google's sign-in flow to fail with HTTP 400 instead of prompting for the new password.,"I keep getting the sign in popup and that results in a 400 error message - ""The server cannot process the request because it is malformed.""",True,2026-07-01,False,,False,False,False,0,0
1590718,"Drag-and-drop of IMAP Gmail label to Local Folders deleted messages (move instead of copy, data loss)",send-receive,5,"Drag of an IMAP folder to Local Folders performed a move that removed server-side messages while the local copy/index failed to be written, leaving both empty.","Thunderbird executed a ""Move"" command instead of a ""Copy"".",True,2026-07-02,False,,False,True,True,6,2
1590737,How to remove old account and add new email account,settings-config,1,Pure how-to; user unaware of Account Settings delete/add account workflow.,I wish to close down [edited from public] @bigpond.com and open up [edited] @icloud.com,False,2026-07-02,False,,False,True,True,1,0
1590755,'Run Junk Mail Controls on Folder' command not discoverable in hamburger menu,spam-filters,2,"The command exists only in the hidden classic menu bar (Alt) and was not duplicated into the app hamburger menu, hurting discoverability.",I still don't see the Run Junk Mail option,True,2026-07-02,True,mozilla98,True,True,True,5,2
1590760,Historic mail/folders disappeared after changing account server settings to new provider,migration-import,5,"User edited existing account server settings instead of creating a new IMAP account, so local caches were re-synced against the new empty mailbox and old mail is no longer visible.",Moved from DNS to GANDI Email server provider this week but now all folders/historic email are no longer visible,False,2026-07-02,False,,False,False,True,4,1
1590762,Threading re-enables itself on folders after upgrade; no global setting in 115,ui-ux,3,115 lacks a global default view-flag UI so per-folder unthreading is not persisted/propagated; the appearance setting only exists in 140.,"It repeatedly turns on threading. I turn it off for a folder, next time I log in it's on again.",False,2026-07-02,True,davidsk,True,False,True,5,2
1590765,Cannot add Bitdefender Antispam Toolbar as Thunderbird add-on,addons-extensions,2,Third-party antispam toolbar is likely incompatible with modern Thunderbird's MailExtension API and no longer installable.,Come aggiungere Bitdefender Antispam Toolbar come componente aggiuntivo a Thunderbird?,False,2026-07-02,False,,False,False,False,1,0
1590771,Cannot re-add email account after OS reinstall — credentials rejected,account-login,4,"Likely wrong/legacy password or provider requiring OAuth/app password, plus a fresh profile without the old mail store.",It will not accept my email name or password.,False,2026-07-02,False,,False,True,True,1,0
1590773,Folder pane not visible,ui-ux,2,Folder pane was toggled off in View > Layout.,Wy can't I see my folders,False,2026-07-02,True,Mapenzi,True,True,True,2,0
1590775,"No connection to mail server, cannot send or receive",send-receive,5,"Server settings, TLS or network/provider outage prevents IMAP/SMTP connection; need provider and error details.","Não consigo conectar ao servidor, nem mandar emails.",False,2026-07-02,False,,False,False,False,1,0
1590790,"Exchange AutoDiscover fails for GoDaddy-hosted Microsoft 365, no Exchange option offered",account-login,4,"AutoDiscover lookup fails (no SRV record, 401 fallback unhandled) so setup falls back to IMAP guessing with a malformed hostname, while SMTP AUTH is disabled on the tenant.",Thunderbird falls back to guessing IMAP/POP/SMTP hostnames instead of offering Exchange,True,2026-07-02,False,,False,False,False,0,0
1590791,Nested subfolders not sorted alphabetically; 'reset folder order' doesn't apply to sub-levels,search-folders,4,Folder order reset only applies to the current level and the Manually Sort Folders add-on is incompatible with TB 152.,"within those subfolders, the next level of subfolders are disordered",True,2026-07-02,False,,False,False,False,0,0
1590794,"TalkTalk/Tiscali server settings changed, no mail received",settings-config,4,Provider migrated mail platform requiring new hostnames/ports/auth method.,I can’t get any emails as the server settings have changed,False,2026-07-02,False,,False,True,True,1,0
1590808,Forwarded attachments lost on second IMAP draft save (NS_ERROR_FILE_NOT_FOUND),attachments,4,Compose window keeps referencing the temp nsmail file that is deleted after the first draft save instead of re-reading the attachment from the IMAP draft.,Failed to fetch attachment NS_ERROR_FILE_NOT_FOUND url=file:///C:/Users/<user>/AppData/Local/Temp/nsmail-1.jpg,True,2026-07-02,False,,False,True,True,1,0
1590811,Folder contents missing after deleting .msf index file,search-folders,4,"Folder existed only locally/no longer on IMAP server, so rebuilding the index removed access; restoring the mbox file from backup is needed.",how can I restore the contents of a folder that didn't reappear after deleting inbox.msf?,False,2026-07-02,False,,False,False,True,6,3
1590813,Reply uses old display name for shared mailbox address,settings-config,2,Stale collected-address-book entry or Reply-To header still mapping the shared address to the former manager's name.,"when I clicked on reply, the reply was addressed to George<manager@etc>",False,2026-07-02,False,,False,True,True,3,1
1590822,How to export/import calendar to a new PC,calendar-tasks,1,How-to question; user unaware of the ICS export/import workflow.,want to export and import the calender from my old pc to my new,False,2026-07-02,True,rednoise,True,False,True,2,1
1590826,User cannot find own SUMO support thread,other,1,User unaware of SUMO profile/My Questions navigation; not a Thunderbird defect.,Cannot see the message or if any answers?,False,2026-07-02,True,James,True,False,True,2,1
1590834,AOL account sign-in fails in Thunderbird,account-login,5,"AOL tightened OAuth2/app-password requirements, breaking stored legacy credentials.",My AOL account has stopped working with it.,True,2026-07-02,False,,False,False,False,0,0
1590836,Address book and settings lost after upgrade,migration-import,5,Profile migration failure or new profile created during upgrade left address book unlinked.,last upgrade destroyed my address list and my macros for the sub files,True,2026-07-02,False,,False,False,False,0,0
1590841,Message list shows wrong sender vs message header,send-receive,3,Corrupted or mis-parsed msf index entry (multiple From headers) not fixed by repair folder.,"correct header in the actual message, but the wrong sender in the message list",True,2026-07-02,False,,False,False,False,0,0
1590842,Cannot receive mail on desktop,send-receive,5,"Unknown; needs account type, provider, and error messages to diagnose auth or connectivity failure.",I can no longer receve mail on my desk top computer,False,2026-07-02,False,,False,False,False,0,0
1590844,Only 25 messages shown and unread/categories missing after update,ui-ux,3,Version rollback left message list view/sync limit settings altered or profile incompatible.,I can not see old email past the 25 that shows. no longer shows unread email.,True,2026-07-02,False,,False,False,False,0,0
1590848,Repeated IMAP authentication prompt at startup for one account,account-login,3,"Password not persisted in password manager for that IMAP host, or server rejects auth method until retry.","""Authentication Required - Mozila Thunderbird https://imap.windstream.net is requesting your username and password.""",False,2026-07-02,False,,False,False,False,0,0
1590850,Single-click message preview stopped working (message pane hidden offscreen),ui-ux,2,Message pane was collapsed/dragged below screen so selecting a message no longer displayed it.,"Opening new messages has changed from ""one click"" to ""double click"" operation.",False,2026-07-02,False,,False,False,True,6,3
1590853,Gmail deleted messages reappear in All Mail folder,settings-config,2,"Gmail All Mail label subscribed in IMAP, so deletions from inbox still show; fix is unsubscribing.",it disappears for a split second and then comes back,False,2026-07-02,True,davidsk,True,True,True,4,1
1590855,Open message tabs restore blank after restart (session loss),performance-crash,4,session.json corruption or write failure on shutdown prevents tab session restore.,"Every so often, Thunderbird decides to open with all of the tabs blank. It's unrecoverable",True,2026-07-02,False,,False,True,True,1,0
1590867,No audit trail for folder move dates in Thunderbird,search-folders,1,"Thunderbird stores folders as filesystem mbox files and keeps no move/audit metadata, so only OS timestamps (which change on any modification) exist.",se puede saber enque fecha se movio ?,False,2026-07-02,False,,False,True,True,1,0
1590874,Some IMAP messages not displayed in Thunderbird but visible in webmail,send-receive,4,"Corrupted/stale message index (.msf) or IMAP sync/filtering issue rather than TLS, causing partial folder listing.",it only applys to select emails (about half),True,2026-07-02,False,,False,False,False,1,0
1590890,Thunderbird app not transferred by macOS Migration Assistant to new Mac,migration-import,3,"Migration Assistant copied the ~/Library/Thunderbird profile but not the application bundle, leaving an orphan icon.","Thunderbird failed to migrate. The icon on the desktop did, but it is not listed in the application list.",False,2026-07-02,True,mozilla98,True,False,True,9,4
1590891,Comcast.net account fails to set up after Yahoo Mail migration,account-login,4,"Comcast-to-Yahoo migration changes server settings/requires Yahoo app-password or OAuth, which autoconfig doesn't apply for comcast.net addresses.","it won't accept my Comcast address, which I use on Yahoo Mail",True,2026-07-02,True,rednoise,True,False,True,2,1
1590893,Manually copied mbox files show only one message in Local Folders,migration-import,4,"Copied mbox files are missing proper 'From ' separators/have stale index, or OWL/EWS never downloaded full message bodies, so Thunderbird parses only the first message.",it only displays a single email. The copied folder is the same size as the original,True,2026-07-02,False,,False,False,True,10,5
1590897,Exporting sender/date list of a folder to CSV,other,2,No built-in export of message header lists to CSV; printing renders full messages instead.,I just want the sender (and date),False,2026-07-03,False,,False,False,True,2,1
1590900,Lost access to Gmail account / forgotten password,account-login,3,"Google account credential recovery issue, out of Thunderbird's scope.",Aide moi j ai plus accès,False,2026-07-03,False,,False,False,False,1,0
1590923,How to sort message list by sender or date order,ui-ux,1,User unaware of column-header click / View > Sort by; docs unclear.,non riesco ... il comando per visualizzare i messaggi secondo l'ordine dei corrispondenti,False,2026-07-03,False,,False,False,False,1,0
1590948,Account Settings shows only Server Settings tab for newly added account,settings-config,3,"Account settings pane failed to render sub-panels, likely a UI regression or incomplete account creation record in prefs.js.","heb ik alleen de Serverinstellingen beschikbaar, de overige 6 onderdelen ontbreken",True,2026-07-03,False,,False,False,False,0,0
1590955,Login to mail server fails with password error though password unchanged,account-login,5,Server-side auth change (TLS/auth method or password policy) or corrupted stored credentials in the password manager for multiple accounts on the same host.,"Accesso al server mail.comunecasacanditella.it con nome utente ... non riuscito"". La password non è stata modificata.",True,2026-07-03,False,,False,False,False,1,0
1590960,Mail server unreachable only on workplace Wi-Fi network,send-receive,3,"Corporate network firewall/router blocks outbound IMAP/SMTP ports, not a Thunderbird fault.",W pracy na wifi program nie chce mi się połączyć z serwerem poczty.,False,2026-07-03,False,,False,True,True,1,0
1590971,How to export a single account's mail folders to another computer,migration-import,2,No built-in per-account export; profile-based storage requires manual folder copying and account re-setup.,I want to zip and export the info/data of only one account to place on another Thunderbird in a different computer.,False,2026-07-03,False,,False,True,True,1,0
1590986,SMTP password prompt on every send despite saved password,account-login,3,"Stored SMTP credential is stale/corrupt or not persisted in the password manager, so authentication repeats each send.","every time I try to send an email, Thunderbird wants my password to my email address in order to send he mail",False,2026-07-03,False,,False,True,True,1,0
1590995,All emails deleted on exit in 140.7.1esr on Ubuntu,send-receive,5,POP account likely has 'empty trash on exit'/leave-on-server setting or corrupt local folder index causing mail removal at shutdown.,Thunderbird deletes all e-mails when exiting. Ubuntu 22.04.5 T'bird version 140.7.1esr(64 bit),True,2026-07-03,False,,False,False,False,0,0
1591001,"Gmail IMAP special folder mismapping: no 'Empty Trash' on Bin, duplicate Sent folders",search-folders,3,"Migrated profile has wrong Gmail label assigned as trash/sent special folders, so Thunderbird treats Bin as a user folder and shows duplicate Sent labels.","I was able to right click the Bin folder, and be given the option of emptying said folder. Not now.",True,2026-07-03,True,mozilla98,True,False,True,8,5
1591005,Google Calendar email reminders option missing for events,calendar-tasks,2,"Thunderbird/gdata-provider only supports local display alarms, so EMAIL VALARM type isn't offered for Google calendars.",Thunderbird no longer offers me the option of setting email alerts for events,False,2026-07-03,False,,False,True,True,3,1
1591006,How to reorder email accounts in folder pane,settings-config,1,"Not a defect; account order is changed by drag-and-drop in Account Settings, which is not discoverable.",I would like to change the order that they are currently in. How best can I do that?,False,2026-07-03,True,davidsk,True,True,True,3,1
1591009,Availability of Thunderbird on iPhone/iOS,other,1,No iOS client yet released; product roadmap question.,Does Thunderbird run on iphone,False,2026-07-03,False,,False,True,True,1,0
1591027,Archived PEC emails from 2022-2026 disappeared and unrecoverable,send-receive,5,"Local mbox/archive corruption or antivirus/crash-induced profile damage, with no server copy and outdated backup.",Messaggi pec ricevuti dal 2022 al 2026 scomparsi,True,2026-07-03,True,'@next,True,False,False,11,5
1591028,Hotmail/Office365 account setup fails with invalid_scope EWS.AccessAsUser.All autodiscover error,sync-oauth,4,"Autodiscover misroutes the personal Microsoft account to Exchange/EWS and requests an OAuth scope not granted for consumer accounts, blocking IMAP/SMTP setup.","the error seems to be: ""error ExchangeAutoDiscover, invalid_scope EWS.AccessAsUser.All""",True,2026-07-03,False,,False,False,True,2,1
1591038,Junk/Spam folder missing from IMAP account folder list (only unused Local Folders junk),spam-filters,2,"The provider's Spam folder was not subscribed/auto-detected for the IMAP account, so only the unused Local Folders Junk appears.",There is a junk folder under a Local heading that never has anything in it,False,2026-07-03,False,,False,True,True,8,4
1591049,Send button missing in compose window (composition toolbar hidden),ui-ux,2,"The composition toolbar was disabled or reset by an upgrade, hiding the Send button; user expected a Send button next to header fields.","there is no ""Send"" button to the left of the ""From"", ""To"", and ""Subject"" fields",False,2026-07-03,False,,False,True,True,3,1
1591050,Outlook mail not syncing between Thunderbird and Kindle Fire app,sync-oauth,2,Likely a POP3 vs IMAP account-type/no-actual-issue misunderstanding rather than a sync defect.,The 2 devices (laptop and Kindle) have always synced my Outlook emails. New today.,False,2026-07-03,True,VeriSuite,True,True,True,6,3
1591051,Roadrunner/Spectrum account password rejected when adding account on new install,account-login,4,"Incorrect autoconfig server settings/auth method for Spectrum (or need for provider-specific settings), producing a generic authentication failure.",Thunderbird rejects the Roadrunner account's password,False,2026-07-03,False,,False,True,True,1,0
1591057,Juno account authentication error blocking new account setup after upgrade,account-login,4,"Wrong or unsupported server/auth configuration for Juno during account wizard, misinterpreted by the user as install failure.",Authentication Error : Unable To Log in at Server. This has happened on 3 machines.,False,2026-07-03,False,,False,True,True,1,0
1591060,Frontier/Yahoo account duplicating messages then stopping mail retrieval,send-receive,5,Yahoo-hosted Frontier account likely hit an auth/OAuth or POP re-download loop causing duplicates and then blocked logins.,"messages duplicating themselves over & over, & then not being to get any more new email at all",True,2026-07-03,False,,False,True,True,1,0
1591062,Juno account authentication error blocking new account setup after upgrade,account-login,4,Missing/incorrect Juno IMAP/POP and SMTP settings plus password prompts during setup wizard.,"Authentication Error : Unable To Log in at Server. Probably Wrong Configuration, UserName, or PassWord.",False,2026-07-03,False,,False,True,True,1,0
1591095,Repeated crashes with suspected account compromise and data loss,performance-crash,5,Possibly corrupted mail folder/profile causing crashes; need crash IDs and profile details to confirm any compromise.,It keeps crashing in not backing up. Thanks to who it my concern I'm losing a lot of data.,True,2026-07-04,False,,False,True,True,1,0
1591106,Gmail IMAP deletions remain in All Mail,settings-config,2,Gmail's All Mail pseudo-folder retains messages because Thunderbird deletion only removes a label unless All Mail is unsubscribed or Gmail-specific delete behavior is configured.,"when I go to Gmail, I can see that they are STILL in ""All Mail""",False,2026-07-04,False,,False,True,True,1,0
1591117,Sent-folder messages open blank on Gmail IMAP (152.0.1),send-receive,3,Message body fetch/cache corruption or antivirus (Kaspersky) interference with IMAP body download for the Sent folder.,I messaggi quando aperti direttamente dalla cartella posta inviata risultano vuoti.,True,2026-07-04,False,,False,False,False,3,1
1591121,Deleted IMAP folder reappears after restart,search-folders,3,"The folder is a server-side/special folder recreated by the provider on resync, so local deletion is undone unless unsubscribed.",I delete it but it re appears when I log back in. How can I permanently delete the folder?,False,2026-07-04,False,,False,True,True,1,0
1591128,Calendar reminder custom sound Browse button non-functional,calendar-tasks,3,The file picker handler for the calendar alarm sound preference is broken/regressed in TB 152 and the old mail.biff.play_sound.url reset workaround no longer applies.,The browse button to select custom sound does not work.,True,2026-07-04,False,,False,False,False,0,0
1591133,HTML email renders blank/misaligned compared to webmail,ui-ux,3,"The message's HTML/CSS relies on remote or scripted layout features Thunderbird's rendering restricts, producing a blank, left-collapsed display.","su Thunderbird, oltre ad essere completamente schiacciato tutto a sinistra ... si vede tutto bianco",True,2026-07-04,False,,False,False,False,9,4
1591136,How to add CC/BCC when replying,send-receive,1,New-user unfamiliarity with the compose window recipient row controls.,"When I return Email, how can I add cc or bcc?",False,2026-07-04,True,meemaier,True,False,False,1,1
1591138,POP3 mail missing after profile copy to new laptop,migration-import,4,"The mbox file for the POP account wasn't fully copied (or was re-downloaded fresh), so older local messages are absent on the new machine.",at one of the email accounts it just showes emails back to may 2026. The rest has disappeared,False,2026-07-04,False,,False,True,True,1,0
1591156,Message opens in separate tab that stays open,ui-ux,1,Double-clicking a message opens it in a tab by design; user misinterprets the remaining tab as Thunderbird failing to close.,"Als ik een email open om te lezen en daarna sluit blijft, blijft een blad van Thunderbird open staan.",False,2026-07-04,True,Mozilla-assistent,True,False,True,2,1
1591157,Permanently deleting flagged/starred messages,settings-config,2,Synchronization setting 'always keep starred messages' prevents removal of flagged mail.,how to permanently delete flagged emails’ for ‘Thunderbird,False,2026-07-04,False,,False,True,True,1,0
1591168,How to use provider app-specific password,account-login,2,User unaware app passwords are generated at the provider and entered in place of the normal password.,App specific password in Thunderbird How to use,False,2026-07-04,False,,False,True,True,1,0
1591173,Removing a closed email account from Thunderbird,settings-config,1,User unaware of the Account Settings delete account control.,How do I delete a closed account from thunderbird home page,False,2026-07-04,True,christ1,True,False,True,2,1
1591181,How to reinstall Thunderbird,other,1,Underlying issue unstated; need to know what problem prompted the reinstall request.,How to reinstall thunderbird,False,2026-07-04,False,,False,True,True,1,0
1591182,Comcast/Xfinity OAuth2 setup failure 'could not get OAuth2 for hostname',account-login,4,"User entered a non-standard hostname (mail.comcast.net) for which Thunderbird has no OAuth2 provider configuration, so token acquisition fails.",could not get OAuth2 for hostname = mail.comcast.net,True,2026-07-04,False,,False,True,True,1,0
1591184,Junk messages not moved to Spam folder after POP-to-IMAP migration (T-Online),spam-filters,3,Stale IMAP cache directory from the previous account leaves a ghost/greyed-out Spam folder so the junk-move target URI resolves to an unsubscribed folder.,"the message briefly disappears from the Inbox and immediately reappears. It is marked as Junk, but it is not moved to the Spam folder.",True,2026-07-04,False,,False,True,True,1,0
1591185,Garbled text colors and yellow/green background when rendering messages/PDF attachments,ui-ux,3,Buggy AMD Radeon driver interaction with Thunderbird hardware acceleration causing corrupted compositing until a repaint is forced by zooming.,Some times the email text has strange colours and the odd missing character. Opening an attachment always has funny yellow or green chunky background.,False,2026-07-04,False,,False,False,True,2,1
1591206,Xfinity SMTP rejects saved outgoing password; requires OAuth2 re-authorization,account-login,5,"Provider silently switched to requiring OAuth2, and stale cookies blocked a fresh token grant so SMTP auth failed.",as of today I just cant send anything at all. It will download mail just fine.,True,2026-07-04,True,rednoise,True,False,True,2,1
1591216,Cannot add Thunderbird as a web app/link inside Firefox,other,1,User misunderstanding: Thunderbird is a native desktop app with no web URL to bookmark.,I can load gmail into it but I can not find the www stream to use to get to thunderbird.,False,2026-07-04,True,rednoise,True,False,True,2,1
1591219,Send button missing in compose window after 140 update (Composition Toolbar unchecked),ui-ux,2,"Toolbar visibility preference was reset/corrupted, possibly from a failed profile write during a full-disk event.",The Composition Toolbar checkbox in View->Toolbars got unchecked at some point.,False,2026-07-04,False,,False,True,True,4,1
1591223,How to reproduce conversation-summary message layout / Card View missing,ui-ux,1,"The desired layout comes from the Gmail Conversation View add-on, not a built-in Card View setting.",I don't have a card view to choose from. I only have a table view and a business card view.,False,2026-07-04,True,Mapenzi,True,False,True,9,3
1591225,Thunderbird opens browser tabs to telemetry/notification URLs at startup after protocol-handler prefs edit,settings-config,3,"User toggled network.protocol-handler.* / external handler prefs, so internal HTTP requests are dispatched to the external default browser.",ogni volta che avvio Thunderbird cerca di aprire pagine di safati ( https://incoming-telemetry.thunderbird.net/submit/telemetry/,True,2026-07-04,False,,False,False,False,2,1
1591227,Profile deleted via Profile Manager destroying all mail and address data,other,5,"User chose 'Delete Files' in Profile Manager, which permanently removes the profile directory bypassing the Recycle Bin.",My profile used in starting Thunderbird was accidentally deleted. How can I restore that and recover all the previous emails,False,2026-07-04,False,,False,True,True,7,3
1591234,Sudden inability to log in to email account,account-login,4,"Unclear — need server settings, provider name, and exact error message to determine whether authentication method or password changed.",本日、突然に「ログイン出来ない状態になりました」。,False,2026-07-04,False,,False,True,True,2,0
1591258,User cannot locate SMTP outgoing server settings,settings-config,2,User is unfamiliar with where outgoing server (SMTP) configuration lives in Thunderbird account settings; problem statement too vague to diagnose further.,i cant find my server to change to SMTP,False,2026-07-05,False,,False,True,True,1,0
1591273,Account setup authentication failure with small Czech provider (tomail.cz),account-login,3,"Autoconfig fails for this small provider so wrong server/auth settings are used, requiring manual IMAP/SMTP entry.","Přestože je adresa i heslo správně, autenizace vždy selže.",False,2026-07-05,False,,False,True,True,3,0
1591275,Gmail OAuth re-authentication loop after password change,sync-oauth,4,"OAuth token invalidated by password/PIN change and the new token is not persisted (stale cookies/username mismatch), causing repeated grant prompts.",it just keeps asking to grant access again,True,2026-07-05,False,,False,True,True,1,0
1591284,Authentication error prevents opening mail (Nifty account),account-login,4,Stored password/auth method mismatch (normal password vs OAuth2) with the provider blocks login.,認証エラーがでてメールが開かない。Niftyでは認証してます。,False,2026-07-05,False,,False,True,True,3,0
1591293,Restoring old mail folders from previous drive after Windows reinstall,migration-import,3,"Profile directory was not migrated from the old drive copy, so local mail stores must be manually restored into the new profile.",Is there any way all of my old stored emails and folders can be restored and copied to my new OS.,False,2026-07-05,False,,False,False,True,2,0
1591294,Mail accessible after cancelling password prompt (no master password protection),encryption-security,3,Local message store is readable without server auth; user expects a Primary Password to gate access to Thunderbird.,if I just cancel without entering my password 4 times I am in as well,True,2026-07-05,False,,False,False,False,0,0
1591297,Recovering emails deleted from Trash,other,3,User confused Trash with Archive; once trash is emptied messages are purged from the mbox/server and only file recovery could help.,is there any way old emails can be retreived after deleting them to the bin,False,2026-07-05,False,,False,True,True,1,0
1591303,Duplicate Spam folder appears after update,search-folders,2,Special-folder mapping created a second junk folder (case/name mismatch with server folder) after the 152.0.1 upgrade.,"in un account mi compare de volte la cartella ""Spam""",True,2026-07-05,False,,False,False,False,1,0
1591312,Five years of archived PEC mail missing from Thunderbird,other,5,"Local archive folders or profile lost/detached, or mbox index corruption hides archived messages; need to know account type and profile state.",ho perso circa 5 anni di pec archiviate che non ritrovo piu' nel programma,True,2026-07-05,False,,False,False,False,1,0
1591314,Yahoo POP connection timeout blocking message download,send-receive,4,"Yahoo POP server stalls when mailbox contains large/problematic messages, timing out downloads until the mailbox is cleared.","""connection to server pop.mail.yahoo.com timed out""",True,2026-07-05,True,greyt-dog,True,True,True,3,1
1591340,Expected sender's emails rejected/marked as spam and never arrive,spam-filters,3,"Server-side (Yahoo) spam filtering or delivery rejection, not Thunderbird, is discarding the provider's automated billing emails.","risultano ""eject as spam"" e mi invitano a rimuovere contrassegni e filtri che a me non risultano",False,2026-07-05,True,'@next,True,False,False,1,0
1591346,Yahoo mail not downloading most messages into Thunderbird,send-receive,4,"Multiple Yahoo accounts sharing login state requires the documented per-account preference, so sessions collide and only some mail syncs.",Most of my Yahoo emails were not being downloaded.,False,2026-07-05,False,,False,True,True,1,0
1591347,Gmail OAuth re-authentication loop after password change,sync-oauth,4,"Stale OAuth2 token/cookies and saved password after a Google password change prevent re-authorization, yielding a malformed-request error.",The server cannot process the request because it is malformed. It should not be retried.,False,2026-07-05,True,rednoise,True,False,True,2,1
1591359,Repeated POP3 login failure popups requiring retry,account-login,3,Intermittent server-side authentication rejection or rate-limiting at pop.mindspring.com causing transient login failures.,"""Login to server pop.mindspring.com failed""",False,2026-07-05,False,,False,False,False,0,0
1591375,POP3 'Unable to write the email to the mailbox' error stopping downloads,send-receive,4,Corrupted/oversized mbox index or antivirus locking the profile prevents message writes; folder repair/compact resolves it temporarily.,Unable to write the email to the mailbox. Make sure the file system allows you write privileges,True,2026-07-05,False,,False,True,True,4,2
1591405,Cannot send mail via SMTP while receiving works (Xserver host),send-receive,4,Incorrect SMTP port/TLS/auth settings or ISP port blocking prevents outgoing mail though webmail works.,WEBメールは送信可、通常送信不可、受信OK、何度設定しても不可,False,2026-07-06,False,,False,True,True,1,0
1591417,No option to stop find-in-message search wrapping to top,ui-ux,1,Quick find UI lacks a configurable wrap-around notification/stop option and the status message is truncated in narrow windows.,a message that is so obscure and — if the window is quite narrow — will not even show,False,2026-07-06,False,,False,True,True,1,0
1591418,'Run Now' button greyed out in message filters dialog,settings-config,3,"Filter dialog fails to enable Run Now, likely because no target folder/account is selected or a UI regression persisting across new profiles.","Il pulsante ""Esegui Ora"" non è disponibile",True,2026-07-06,False,,False,False,False,2,1
1591419,POP3 password send fails with 'Internal error' from earthlink server,account-login,3,Server-side authentication glitch or rate limiting at pop.earthlink.net triggered on initial connection.,Mail server pop.earthlink.net responded: Internal error,False,2026-07-06,False,,False,False,False,0,0
1591425,Unreadable font and cannot add comment when forwarding a message,ui-ux,3,"Forwarded HTML message inherits the original's CSS/font styling in the compose editor, blocking normal text entry formatting.","lorsque je transfère un mail, la police devient illisible et il est impossible de rajouter un commentaire",False,2026-07-06,False,,False,False,False,1,1
1591432,PDF attachment fails to open with missing kernel.dll / no associated program error,attachments,3,"No default system handler registered for PDF (or a broken PDF XChange installation), so Thunderbird's helper-app launch fails with a DLL error.",de code-uitvoering kan niet worden uitgevoerd omdat kernell.dll niet is gevonden,False,2026-07-06,False,,False,True,True,1,0
1591433,Calendar new event dialog font size too small / not adjustable,calendar-tasks,2,Calendar event dialog uses fixed UI font sizes not covered by Thunderbird's zoom/font settings.,Thunderbird Calendar New Events Box font size is too small on my laptop.,True,2026-07-06,False,,False,False,False,0,0
1591437,IMAP/Exchange accounts stop downloading new mail for hours at a time,send-receive,5,Server-side throttling or connection limits on Exchange IMAP combined with large local profiles causing stalled IMAP sessions.,Thunderbird stops working for about half a day. Then it starts working normally for approximately 15–30 minutes,True,2026-07-06,False,,False,False,False,1,1
1591438,Imported local mail folder disappears after restarting Thunderbird,migration-import,4,"Mail files were referenced from an external/unsupported location rather than copied into the Local Folders profile directory, so the index isn't persisted on restart.","quando lo apro, appare come se l’account di posta fosse presente e configurato ma le mail sono tutte sparite",False,2026-07-06,False,,False,False,False,2,1
1591444,IMAP disabling synchronization still downloads full message bodies,settings-config,2,"Message bodies are still cached on read/preview despite offline sync being disabled, or sync was disabled after initial download.","I configured the account, disabled synchronization, and Thunderbird downloaded all the messages with the content.",False,2026-07-06,False,,False,False,False,0,0
1591446,Missing message body preview snippet in card view,ui-ux,1,Feature not implemented in the card-view message list.,I’m looking for card body previews in the message list/card view,False,2026-07-06,False,,False,True,True,1,0
1591450,T-Online account cannot send or receive after update (app password required),account-login,5,T-Online requires a provider-specific app password/server settings that broke after update or was treated as a new device.,"Since the update, I can't receive or send emails from T-Online?",False,2026-07-06,False,,False,True,True,1,0
1591454,Want a unified folder/view for flagged (starred) emails,search-folders,2,User is unaware of saved search folders that can aggregate starred messages across accounts.,I'd like to have all folder for all flagged emails for each email address.,False,2026-07-06,False,,False,False,False,0,0
1591459,Custom notification sound file selected but plays nothing and can't be cleared,settings-config,2,"Unsupported audio format or sandboxed (Flatpak/Snap) file access, plus UI lacking a way to clear the chosen sound path.","now, when selected it produces no sound also I can't edit that line or delete it",True,2026-07-06,False,,False,False,True,4,2
1591468,"Message reader replaced by Conversations add-on view, cannot restore Classic Reader",addons-extensions,2,Thunderbird Conversations extension overrides the default message reader with no obvious setting to revert.,"The opening email changed to a reader that works, but I'd prefer to use the ""Classic Reader"" by default.",False,2026-07-06,False,,False,True,True,9,4
1591478,Thunderbird crashes and freezes on Windows 11,performance-crash,5,Likely a crash regression on Windows 11 (possibly graphics/driver or profile corruption) tracked in the original duplicate bug thread.,Still having Thunderbird crash and lock up with Windows 11,True,2026-07-06,False,,False,True,True,2,1
1591480,Deleted Gmail messages reappearing in Important/All Mail folders,settings-config,2,Gmail labels mean deleted messages remain visible via the Important/All Mail pseudo-folders unless unsubscribed.,What setting do I use to keep Thunderbird from sending my deleted emails to an important or other folder?,False,2026-07-06,False,,False,True,True,3,1
1591486,Gmail IMAP Sent/Drafts folders intermittently empty or missing,search-folders,4,"Special-use folder mapping of localized Gmail labels to Thunderbird special folders is lost intermittently, or msf index corruption during sync.",sometimes certain folders (especially Sent and Drafts) appear completely empty or disappear altogether,True,2026-07-06,False,,False,True,True,3,1
1591510,All messages in an account disappeared,send-receive,5,Either server-side deletion on an IMAP account or local profile/index corruption removing message stores.,"revisando el correo en una cuenta me han desaparecido todos los correos, spam, enviados, etc",True,2026-07-06,False,,False,True,True,3,1
1591511,Cannot change font size or color when composing,ui-ux,3,"Composition likely switched to plain text mode, disabling formatting controls.",I can not change the size or the color of the font in my messages.,False,2026-07-06,False,,False,True,True,1,0
1591514,Threaded view sorts messages within thread ascending regardless of descending sort,ui-ux,2,"By design threading is hierarchical so date sort only applies to thread roots, not intra-thread ordering.","Threads sorting so newest is at the bottom, they should be at the top.",False,2026-07-06,False,,False,True,True,6,2
1591522,Adding a custom tag quick-filter button to message pane toolbar,ui-ux,1,How-to about customizing the tag filter bar; no defect indicated.,How can I add another custom tag button on top of the message pane?,False,2026-07-06,False,,False,False,False,0,0
1591525,Message links open browser on wrong (external) monitor,ui-ux,2,Firefox window position/monitor state changed at OS level rather than a Thunderbird setting.,Now the link is opened on a wide-screen external monitor. I can't find the setting that was changed,False,2026-07-06,False,,False,False,False,0,0
1591532,User-created folders disappeared from folder pane,search-folders,4,"Folder pane view mode set to Favorite/Recent folders, or IMAP subscription/index loss.",most of my folders are missing from left side of screen,True,2026-07-06,False,,False,True,True,1,0
1591533,Installer hangs at 'Creating Account' step on Windows,account-login,4,"The new onboarding account-creation step in the installer stalls, likely on a network/service call to account provisioning.","I get as far as Creating Account, and the installer hangs with a spinning circle.",True,2026-07-06,False,,False,False,False,0,0
1591539,Cannot forward received attachment - access denied / draft save error,attachments,3,Known bug where forwarded attachments are re-fetched from a temp/detached path that is inaccessible or blocked by antivirus during draft save.,I get a error message stating I dont have access for the attached file,True,2026-07-06,False,,False,True,True,2,0
1591543,Messages shown under wrong account plus SMTP 'Mailbox unavailable' send failure (Yahoo),send-receive,4,"Corrupt msf/index or global-database mapping causing cross-account message display, with Yahoo SMTP rejecting because the wrong identity/sender address is used.",Thunderbird shows email messages from the wrong account.,True,2026-07-06,False,,False,False,False,0,0
1591550,No way to copy/duplicate saved searches (virtual folders),search-folders,2,Virtual folder definitions live only in virtualFolders.dat with no UI duplicate function.,is there a way to easily copy a saved search from one parent folder to another,False,2026-07-06,False,,False,True,True,1,0
1591563,Importing contacts/address book from old Thunderbird install,migration-import,2,User unaware that address books live in abook.sqlite in the old profile and must be copied or imported.,I need to import my contacts from my older version,False,2026-07-07,False,,False,True,True,1,0
1591575,CenturyLink.net authentication error despite correct password,account-login,4,Provider-side blocking of the client/IP or a mismatched authentication method (e.g. requiring app password or OAuth) on that specific machine.,"Reinstall Thunder bird and get an ""Authentication error"".",True,2026-07-07,False,,False,False,False,1,0
1591589,Newly received message disappears when opening print/more menu,send-receive,4,Message may be moved or deleted by an accidental menu action or index corruption causing the newly downloaded message to vanish from the view.,受信したメッセージを印刷するため、その他を選択した時にメッセージ自体がなくなってしまった。,True,2026-07-07,False,,False,False,False,0,0
1591590,Unable to send mail for the last few days,send-receive,4,Likely SMTP authentication or server setting change; need error message and provider details to confirm.,the last daus i have problems to send a mail.,False,2026-07-07,False,,False,False,False,0,0
1591598,Inbox and outbox stopped working after update (SFR provider),send-receive,4,"Post-update server/auth settings incompatibility with SFR mail servers, or user is on an unsupported outdated version.",Binnenkomende post en uitgaande post doen het niet meer sinds update naar versie 15.01.,False,2026-07-07,True,Mozilla-assistent,True,True,True,1,0
1591610,Donation mistaken as required purchase; account setup failed for dynadot-hosted domain,account-login,3,"Autoconfig guessed wrong IMAP hostname for a small hosting provider, and download page wording implies donation is required.",I paid £7 donation in order to be able to download Thunderbird on my desktop but I couldn't set up my email account,True,2026-07-07,False,,False,True,True,1,0
1591612,Repeated POP password prompt for nifty.com account,account-login,3,"Stored password missing or invalidated in the password manager, causing recurring authentication prompts for the POP server.",pop.nifty.com サーバーのユーザー jrt-max621 のパスワードを入力してください:,False,2026-07-07,False,,False,False,False,0,0
1591618,Clicking links in Thunderbird opens Edge with a new blank profile instead of default profile,other,2,"Thunderbird's external URI handler invokes Edge without the user-data-dir/profile-directory arguments, or Windows default-app registry association points to a generic launcher.",clicking links inside Thunderbird emails forces Microsoft Edge to launch a completely brand new window with a blank profile,True,2026-07-07,False,,False,False,False,0,0
1591621,Compacting fails with insufficient disk space error,performance-crash,4,"mbox compaction requires temporary space equal to folder size, and the profile drive is full due to oversized local mail stores.",It won't let me compress as its saying I don't have any space left.,False,2026-07-07,False,,False,True,True,1,0
1591623,Adding file types and custom browser (Firefox private mode) to Files & Attachments handler list,settings-config,2,Handler list only populates after a file type/protocol is encountered; http/https handlers are hidden unless network.protocol-handler.warn-external prefs are true.,"I only have three items in the files & attachment section of general settings (JPG, PDF, Excel). How can I add more items",False,2026-07-07,True,Joerg.Geissler,True,False,True,2,1
1591631,"AOL IMAP login fails, requires provider app password",account-login,4,"AOL now requires an app-specific password for third-party clients, so the regular account password is rejected at imap.aol.com.","""Login to server imap.aol.com with username MilusC@aol.com failed.""",True,2026-07-07,False,,False,True,True,5,2
1591636,Terra Mail SMTP send failure 'connection deferred',send-receive,5,Provider-side rate limiting/greylisting or IP reputation blocking on Terra's outgoing SMTP server rather than a client fault.,Erro no servidor de saída (SMTP). O servidor respondeu: connection deferred - TODB108,True,2026-07-07,False,,False,False,False,0,0
1591650,Global search ignores short terms and punctuation when searching by domain,search-folders,2,"Gloda tokenizer strips punctuation and skips tokens under three characters, so 'bt' and 'bt.com' don't match as expected.","""bt"", it returns no results (""No messages match your search)",False,2026-07-07,False,,False,True,True,1,0
1591660,Juno account autoconfig fails / cannot set up account on Windows 10,account-login,3,"Juno lacks an autoconfig entry in the ISPDB so auto-detection of ports/servers fails, requiring manual configuration.","I have Juno Email Accounts ; What are the Settings ? ... Incoming, Ports, Outgoing, Ports",False,2026-07-07,False,,False,False,False,0,0
1591664,Unified Folders missing account/Sent and Trash folders due to custom userChrome CSS,ui-ux,3,"User-applied custom CSS hid default folders (Sent, Trash) in the folder pane, making Unified Folders appear inconsistent between accounts.","I had used custom CSS to remove certain folders (inc sent and trash, archives and templates) to declutter my Unified Folder",True,2026-07-07,False,,False,False,True,21,11
1591677,Thunderbird never prompts for available updates (bug 1883637),other,3,"Update service fails to surface the notification UI when set to 'check but let me choose', a known regression tracked as bug 1883637.",I don't get an automatic prompt for updates and haven't been getting them since I updated to Supernova and now Nebula,True,2026-07-07,False,,False,False,True,2,1
1591678,How to change stored account password in Thunderbird,settings-config,1,User confusion: passwords are set at the mail provider and only cached in Thunderbird's password manager.,Need to change the password to Thunderbird account,False,2026-07-07,False,,False,True,True,1,0
1591691,Send button/composition toolbar missing in compose window,ui-ux,4,"Composition toolbar was disabled/hidden in the View > Toolbars settings, hiding the Send button.",I am not able to send an email. The send tab is hidden or missing.,False,2026-07-07,False,,False,True,True,1,0
1591694,Drag and drop of messages to folders stopped working,ui-ux,3,"Regression in drag-and-drop handling in the 140 ESR message list, or an OS-level drag lock on Windows 11.",Until recently I could click and hold and drag a message from my inbox to any other folder ... It just recently stopped doing this.,True,2026-07-07,False,,False,False,False,0,0
1591695,Certificate error blocking mail retrieval after update,encryption-security,5,Stricter TLS certificate validation after the update rejects the mail server's mismatched or expired certificate.,"After the June 30th update, my email stopped. I only get Certificate error messages",True,2026-07-07,False,,False,False,False,0,0
1591697,Cannot find per-account stationery background image option,settings-config,2,"Feature is not a native setting; requires HTML/CSS templates, so the user cannot locate a UI option that never existed or was removed.","I have found how to insert a background image as a default for stationery per account, but I can no longer find out how.",False,2026-07-07,False,,False,True,True,1,0
1591698,Cannot set up Juno POP/IMAP account during install,account-login,4,Autoconfig lacks correct Juno server settings and the provider's requirements are unclear to the user.,it is now Impossible to Install Mozilla Thunderbird onto Win10 Machines,False,2026-07-07,False,,False,True,True,2,0
1591709,Deleted italic INBOX subfolders reappear after restart,search-folders,2,Server-side IMAP namespace misconfiguration causes phantom INBOX-prefixed folders to be re-subscribed on resync.,"But after shutting down Thunderbird and starting Thunderbird again, the folders are back...",False,2026-07-07,False,,False,True,True,1,0
1591719,Formatting toolbar missing because account set to plain text compose,settings-config,2,"The migrated account has 'Compose messages in HTML format' unchecked, hiding the formatting bar.",the other does not have the line where do I turn it on at?,False,2026-07-07,False,,False,True,True,1,0
1591728,Read POP messages missing from inbox after profile export/import,migration-import,4,"The export/import tool did not copy the full mbox inbox file, so only unread messages were reconstructed; a manual profile folder copy restores all.","there are no read emails in the inbox, only the unread ones ??",True,2026-07-07,True,davidsk,True,True,True,3,1
1591731,How to tell/convert POP3 account to IMAP for phone access,account-login,2,No in-place POP-to-IMAP conversion exists; user must create a new IMAP account.,"My Jitterbug phone reeds IMAP, but I don't know how to convert from POP3.",False,2026-07-07,False,,False,True,True,9,4
1591732,Cannot find View menu to sort inbox by sender (menu bar hidden),ui-ux,1,"Menu bar is hidden by default in modern Thunderbird, making documented View > Sort instructions undiscoverable.",said: view/sort/sender cant figure out where to find the 'view' option,False,2026-07-07,False,,False,True,True,2,0
1591733,Sent folder no longer showing newly sent messages,send-receive,4,Sent messages are being saved to a different/unsubscribed folder or the Sent folder copy setting/IMAP subscription broke after the Gmail account migration.,I was able to access my sent emails up until April and now I am no longer seeing sent emails show up in the sent folder.,False,2026-07-07,False,,False,True,True,1,0
1591740,"Password rejected, locked out of account, mail stopped arriving",account-login,5,Provider-side password change or OAuth token expiry leaving stale credentials in Thunderbird's password manager.,Password will not work to sign on mail stopped coming tried to change my password but can't work,False,2026-07-07,False,,False,False,False,0,0
1591754,Migrating Thunderbird profile to a new computer without access to old machine,migration-import,3,"No profile backup exists and the old machine is unusable, so local mail data cannot be transferred.",新しいパソコンでThunderbirdメールを見たいのですが、メールアドレスしかわかりません。古いパソコンはもう充電がない。,False,2026-07-08,False,,False,True,True,2,1
1591762,OAuth2 not offered as SMTP authentication option for Yahoo/Pacbell account on one machine,sync-oauth,4,Cookies blocked or stale cached credentials/hostname config on that profile prevent Thunderbird from listing OAuth2 for the Yahoo SMTP server.,absolutely positively does NOT show Oauth as a choice for smtp on my Pacbell.net account which has to go through Yahoo.com,True,2026-07-08,False,,False,True,True,1,0
1591765,Add-ons non-functional and Add-ons Manager links unclickable after 152 upgrade with shared profile,addons-extensions,4,Unsupported shared profile lacking a Local directory plus a known 152 bug breaking hyperlinks in the Add-ons Manager.,I've just transferred my profile to a new computer... and no add-ons/extensions work.,True,2026-07-08,False,,False,True,True,3,1
1591778,Mail Merge address book variables not substituting,addons-extensions,2,"Malformed HTML inserted inside the variable braces prevented token matching, not an address book field rename.",Solved. HTML code in error within the variable brackets.,False,2026-07-08,True,rocjet,True,False,False,1,1
1591784,Connection to mail server timed out for business IMAP account on all machines,send-receive,5,"Server-side outage or IP/port blocking at the corporate mail host, since network connectivity is fine and all clients fail simultaneously.",connessione al server non riuscita connessione al server fuori tempo massimo,True,2026-07-08,False,,False,False,False,3,1
1591787,Blocking 'server not available' popups and moved messages disappearing from view,ui-ux,3,IMAP connection loss triggers modal alert stacking and the local message database is not refreshed after the server-side move.,"Instead i got several popups, that the server is not available.",True,2026-07-08,False,,False,False,False,0,0
1591788,How to delete messages from server after download,settings-config,2,User misunderstanding of IMAP vs POP 'Leave messages on server' behavior.,how do I indicate that the message is to be deleted from the server,False,2026-07-08,False,,False,True,True,5,2
1591795,Unable to send messages (SMTP failure) on 140.12.1esr multi-account setup,send-receive,5,"SMTP submission blocked, possibly by AVG antivirus/firewall interception or wrong outgoing auth settings across multiple providers.",Impossibile inviare messaggi,False,2026-07-08,False,,False,False,False,1,0
1591801,POP3 server pop3.free.fr not recognized for one of two accounts,account-login,3,Likely misconfigured server settings or wrong username/authentication for that specific Free POP account.,la messagerie ne reconnaît pas le serveur pop3.free.fr sur une de mes adresses email alors que la seconde adresse fonctionne sans problème,False,2026-07-08,False,,False,True,True,3,1
1591813,"Gmail OAuth2 passkey verification window never appears, cannot send mail",sync-oauth,4,Stale OAuth token plus Google passkey challenge that cannot be rendered in Thunderbird's embedded auth window on macOS.,"I believe at this point another window is supposed to pop up and I can use a fingerprint to enter the passkey, but that window never pops up.",True,2026-07-08,True,dmurdoch,True,False,True,5,3
1591818,New password not accepted at sign-in,account-login,3,"Saved password not updated in Thunderbird's password manager, or password changed at wrong service.",I made a new password but still can't sign in.,False,2026-07-08,False,,False,False,False,0,0
1591819,Minimize-to-tray behavior changed to close button in v154,ui-ux,2,Intentional change to stop hijacking standard window controls; no preference offered for legacy behavior.,changing the minimize to tray behaiviour when pressing the minimize button to minimizing when pressing the close button,False,2026-07-08,True,wsmwk,True,True,True,2,0
1591822,Posteo account setup fails with authentication error (app password required),account-login,3,Provider requires a per-application password; Thunderbird error message doesn't hint at that.,"Thunderbird keeps telling me there is an ""authentication error""",False,2026-07-08,False,,False,False,True,2,1
1591823,Confusion between Thunderbird master password and email account password after disk loss,account-login,2,User misunderstands that Thunderbird has no account password; credentials are managed by the mail provider.,the Thunderbird software does not (yet) make provisions for changing a password,False,2026-07-08,False,,False,True,True,1,0
1591871,Confusion between Mozilla account and email provider password causing authentication error,account-login,3,"User reset a Mozilla account password instead of the Spectrum/Roadrunner mail password, so IMAP auth fails.","I get the message ""Authentication Error"" (Wrong p/w, email, etc.)",False,2026-07-08,False,,False,True,True,5,2
1591831,Export for mobile QR code not scannable by Thunderbird Android,migration-import,3,Known QR code rendering/size bug in the desktop-to-Android import handoff (thunderbird-android issue 8520).,"whenever I try to scan the QR code under 'export for mobile', neither device locks onto it",True,2026-07-08,False,,False,True,True,1,0
1591849,Calendar day view scroll position shifts back one hour on each tab switch,calendar-tasks,3,Calendar view recalculates/persists scroll offset incorrectly when the tab is re-rendered after switching away.,"it goes back one hour after each toggle, until it reaches 00:15",True,2026-07-08,False,,False,False,False,0,0
1591860,Repeating calendar invite popup with 'unable to receive' error,calendar-tasks,3,A malformed or undeletable iMTIP invitation message repeatedly triggers the invitation processing dialog.,the calendar invite that keeps popping up with invite unable to receive,False,2026-07-08,False,,False,False,False,0,0
1591873,Importing iPhone contacts into Thunderbird address book,other,2,No direct USB contact import path exists; user needs a vCard/CSV export from iCloud to import into Thunderbird.,Is there a way to import into Thunderbird using a USB cord?,False,2026-07-08,False,,False,False,True,2,1
1591878,Orphaned tasks in local.sqlite after deleting local calendar,calendar-tasks,4,Deleting a calendar removes its prefs.js definition but leaves task rows keyed to the old calendar ID in local.sqlite with no supported way to re-register that ID.,"Since the task records still exist in the original local.sqlite, is there a supported way to: recreate the missing local calendar definition",True,2026-07-08,False,,False,False,False,0,0
1591885,SMTP connection fails after Windows 11 sleep/resume,send-receive,4,"Thunderbird does not reset stale network sockets/DNS state after system resume, so all SMTP connections fail until restart.","after Windows 11 goes to sleep, I log back in without difficulty., but attempting to use Thunderbird to send email fails",True,2026-07-08,False,,False,False,True,2,0
1591889,Locked out of Hotmail/Outlook accounts,account-login,4,Provider-side account lockout or OAuth token revocation at Microsoft rather than a Thunderbird fault.,Locked out of my emails since Feb 26 2026,False,2026-07-08,False,,False,True,True,1,0
1591891,Reliability of mbox message store on network share,performance-crash,2,mbox single-file storage is vulnerable to corruption from network interruptions and lacks reliable file locking over SMB/NFS.,"placing my message store on a network share (colocated, stable network), would likely be unreliable",False,2026-07-08,False,,False,True,True,5,2
1591901,Cannot send mail in 152.0.1 while Betterbird works with identical settings,send-receive,5,A regression in Thunderbird 152's SMTP stack (possibly the new Rust-based sending code or TLS handling) that Betterbird 140 does not have.,I installed Betterbird used the same settings Spectrum said to use for thunderbird and it sends and receives no problem so what's wrong with my Thunderbird?,True,2026-07-08,False,,False,True,True,1,0
1591932,"""Account temporarily unavailable"" message",account-login,3,Provider-side temporary suspension or throttling reported through the IMAP server response.,My account is temporarily available why,False,2026-07-09,False,,False,True,True,1,0
1591934,Sent and Deleted folders show no messages,search-folders,4,"Copies & Folders / server settings point to unmapped special folders, or IMAP folder subscription/index is wrong.","When I go to the sent folder after sending an email, the emails are not there. Same with deleted emails.",False,2026-07-09,False,,False,True,True,1,0
1591938,"Undeletable, unopenable phantom messages in Sent folder",search-folders,3,Corrupt .msf index listing messages that no longer exist in the mbox store.,"I can't permanently delete some old emails from my sent folder, and those emails can no longer be opened.",False,2026-07-09,False,,False,True,True,1,0
1591953,Earthlink account rejects password updates on macOS,account-login,4,Stale credential cached in the macOS keychain/logins store or Earthlink requiring an app-specific password after an auth policy change.,It refuses to accept my many valid attempts over the months to update the email password.,False,2026-07-09,False,,False,True,True,1,0
1591963,Forwarding attachments fails: temp copies deleted before send,attachments,4,"Thunderbird copies forwarded attachments into %TEMP% and a cleanup/timeout deletes them before send, so the attach step fails.","""Sending of the message failed. There was an error attaching the file. Please check that you have access to the file.""",True,2026-07-09,False,,False,True,True,3,0
1591964,Messages missing after upgrade; mbox files present but not imported,migration-import,5,"Profile/local folders not being read after update (wrong profile or missing .msf/index), leaving mbox data orphaned.","Dopo aver effettuato l'aggiornamento di thunderbird all'ultima versione, non ho più i messaggi delle mie email.",True,2026-07-09,False,,False,False,False,1,0
1591979,Outlook IMAP OAuth token not persisted across restarts,sync-oauth,4,"OAuth refresh token isn't stored/retrieved from the password manager on Linux, so re-auth fails after restart.","Thunderbird works until I close and reopen the app. After that, I get authentication failures when fetching mails.",True,2026-07-09,False,,False,False,False,0,0
1591983,IMAP connection failures to one mail server on one office network,send-receive,4,ISP/network-level blocking or routing issue on IMAP/SMTP ports rather than a Thunderbird bug.,IMAP-Log returns the following error codes: D/IMAP URL failed with code 0x804b000e,False,2026-07-09,False,,False,False,True,2,1
1591986,Gmail SMTP 'Must issue a STARTTLS command first' send failure,send-receive,5,"SMTP username/connection security mismatch (short username instead of full email, wrong port/TLS mode) causing Gmail to reject.",The mail server responded: Must issue a STARTTLS command first.,False,2026-07-09,True,davidsk,True,True,True,3,1
1591992,SMTP send failure fixed by using full email address as username,send-receive,4,"Server stopped accepting short-form usernames for SMTP auth, requiring the full email address.",change the user id to the full email address and see if that works.,False,2026-07-09,True,ateurope,True,True,True,4,1
1592000,HTML newsletters displayed as plain text,ui-ux,2,Message Body As setting is set to Plain Text instead of Original HTML.,I receive e-mails as below with html text. Instead they should appear with pictures etc.,False,2026-07-09,False,,False,True,True,1,0
1592003,Forwarding attachments fails: temp copies deleted before send,attachments,4,Temporary attachment file in TEMP is removed or locked by AV before the send operation reads it.,"""Sending the message failed. An error occurred while attaching [filename]. Check that you have the right permissions to read the file.""",True,2026-07-09,False,,False,False,False,0,0
1592007,Fleet-wide slowdowns and freezes after 140.12.1 update (POP3),performance-crash,4,Regression in a recent 140.x update affecting POP3 message store or indexing under load across many workstations.,Da circa due giorni stiamo riscontrando rallentamenti anomali e blocchi improvvisi su diverse macchine.,True,2026-07-09,False,,False,False,False,3,1
1592019,Yandex disabling IMAP/SMTP/POP3 for org accounts without paid plan,account-login,4,"Provider policy change restricting third-party client protocol access to paid Yandex 360 tariffs, not a Thunderbird defect.","работа с Яндекс Почтой по протоколам IMAP, SMTP и POP3 будет доступна только с тарифом Яндекс 360 с 13 июля",True,2026-07-09,False,,False,True,True,3,0
1592025,Office365 SMTP server no longer sends mail,send-receive,5,Microsoft's deprecation of basic authentication for smtp.office365.com requires OAuth2 configuration in Thunderbird.,"O SERVIDOR smtp.office365.com NÃO FUNCIONA MAIS , qual a opção agora. Não consigo mais enviar mensagens!!!",True,2026-07-09,False,,False,False,False,0,0
1592027,Office365 SMTP server no longer sends mail,send-receive,5,Basic auth deprecation on smtp.office365.com breaks sending unless OAuth2 is enabled.,SERVIDOR smtp.office365.com NÃO FUNCIONA MAIS. Qual a opção? Não consigo mais enviar e-mails.,True,2026-07-09,False,,False,False,False,1,0
1592029,How to color-code messages from a specific sender via filters,settings-config,2,"Filter dialog options (manual run, run before/after spam classification) are poorly documented, confusing users setting up tag/color rules.",The idea is to get the messages from certain sender in color in Thunderbird,False,2026-07-09,False,,False,False,False,0,0
1592039,SMTP 'relay denied / recipient rejected' error on all outgoing mail,send-receive,5,"Outgoing SMTP server credentials/identity don't match the account, so the server refuses to relay.",relay denied. Please check the message recipient,False,2026-07-09,False,,False,True,True,1,0
1592043,Yahoo/Comcast emails displayed only partially,ui-ux,3,Likely truncated message bodies from partial IMAP fetch or HTML rendering/remote-content blocking on migrated Yahoo accounts.,"TB partially displays some of my emails, leaving out critical portions",True,2026-07-09,False,,False,True,True,1,0
1592046,Filters silently moved inbox mail to wrong folder after version upgrades,search-folders,4,Folder renaming ('In' to 'INBOX') across successive Thunderbird upgrades rewrote filter target folders in msgFilterRules.dat.,all 85 emails disappeared. They were not in the Trash folder,True,2026-07-09,True,jsaint285,True,True,True,3,1
1592050,Exporting saved passwords to another Thunderbird install,account-login,2,"No built-in password export; OAuth2 tokens are not portable, so users must copy the profile's logins files.",How can I export my password for another thunder bird program?,False,2026-07-09,False,,False,True,True,1,0
1592057,Gmail OAuth2 sign-in fails with Google 400 malformed request,sync-oauth,4,Blocked third-party cookies prevent completion of the Google OAuth2 flow in the embedded browser.,The server cannot process the request because it is malformed. It should be retied.,True,2026-07-09,True,rednoise,True,True,True,3,1
1592060,"Thunderbird starts with account setup wizard, all accounts missing",account-login,5,"Corrupted prefs.js was replaced by a blank one, losing all account definitions.","thunderbird opens in ""set up your existing email address"" no inbox or anything else",False,2026-07-09,False,,False,False,True,2,1
1592063,Objection to proposed change in minimize-to-tray behavior,ui-ux,1,"Feature request/feedback, not a defect; user wants the existing tray behavior preserved as an option.",I vote give the option to keep the current behavior of the minimize to tray function.,False,2026-07-09,False,,False,True,True,1,0
1592066,No supported way to back up profile while Thunderbird is running,other,2,"Open mbox/sqlite files are locked/inconsistent while running, so no hot-backup mechanism exists for the profile.",is there any way to perform a dynamic backup of Thunderbird,False,2026-07-09,False,,False,True,True,5,1
1592071,"Cannot send outbound mail, blamed on ISP/provider blocking",send-receive,4,ISP (Spectrum) SMTP reputation/blocking by major providers rather than a Thunderbird defect; unclear which client is used.,Suddenly I can not send outbound emails.,False,2026-07-09,False,,False,True,True,1,0
1592081,Outlook.com SMTP login failure (smtp-mail.outlook.com),send-receive,4,"Microsoft deprecating basic auth / autoconfig setting wrong SMTP host, so OAuth2 SMTP authentication fails while IMAP works.",Login to server smtp-mail.outlook.com with username XXXXXX@outlook.com failed.,True,2026-07-09,False,,False,False,True,4,2
1592089,Android notification sound silent while connected to Android Auto,other,2,Thunderbird for Android notification channel lacks proper audio usage/attributes so Android Auto suppresses it.,when connected to Android Auto the notification sound is not heard,True,2026-07-09,False,,False,True,True,1,0
1592094,Gmail OAuth login fails with HTTP 400 malformed request,sync-oauth,4,"Cookies disabled in Thunderbird's web content settings break Google's OAuth flow, returning a 400 error.",400. That’s an error. The server cannot process the request because it is malformed.,True,2026-07-09,True,rednoise,True,True,True,1,0
1592112,Blank unresponsive Inbox pane after resizing window,ui-ux,3,"Layout/pane state not restored correctly after window resize, leaving folder pane and message list hidden.","Re-sizing TB screen back to normal size caused a large blank screen, headed ""Inbox"", with only a couple of blank columns",True,2026-07-10,False,,False,True,True,1,0
1592136,Mozilla account sign-in authorization code unusable/unclear,account-login,2,Confusing account confirmation email with a code but no prompt in the client to enter it.,"was then sent an ""authorization code"", but am unable to find how to use it",False,2026-07-10,False,,False,True,True,1,0
1592157,SMTP connection timed out / refused sending failure with IONOS,send-receive,4,"Provider-side (ionos.co.uk) SMTP outage causing timeouts, resolved without client changes.",Sending of message failed - connection timed out.,False,2026-07-10,True,nigel51,True,False,True,3,2
1592159,Attachment permission error and lost draft after a few minutes,attachments,4,"Recent version regression releases/invalidates the file handle or temp copy of attachments, so autosave fails with a permission error and can close/lose the draft.",Impossibile salvare il messaggio come bozza. Si è verificato un errore nell'allegare XXXXXX.pdf. Controllare di disporre dei permessi per accedere al file.,True,2026-07-10,False,,False,False,False,1,0
1592172,Empty/no-content question (self-resolved),other,1,No information provided; user marked it resolved.,risolto,False,2026-07-10,False,,False,False,False,1,0
1592177,Thunderbird suddenly stopped working for all accounts,other,4,"Insufficient detail; could be a profile corruption, network/proxy change, or provider-side auth failure affecting all accounts simultaneously.",my thunderbird email client has just completely stopped working,False,2026-07-10,False,,False,True,True,1,0
1592181,Repeated password prompts after changing provider password,account-login,2,Stale saved credential in password manager is not overwritten unless the user re-enters and checks 'remember password'.,thunderbirds keeps asking for the passwords is there no where you update the servers,False,2026-07-10,True,christ1,True,True,True,3,1
1592182,How to update Thunderbird,other,1,Simple how-to request with no technical detail provided.,hi how can update,False,2026-07-10,False,,False,True,True,1,0
1592205,"Email account and contact list compromised, spoofed mail sent to contacts",encryption-security,5,"Provider-side account credential compromise (BT webmail), not a Thunderbird defect.",My default email address ... has been hacked and access to my contact list gained,False,2026-07-10,False,,False,True,True,3,1
1592207,Sent folder disappeared from IMAP Office365 account and cannot be recreated,search-folders,5,Folder cache/.msf metadata corruption plus duplicate ImapMail directories (outlook.office365-1.com) left the Sent folder unsubscribed/invisible while its mbox data remained on disk.,"è sparita la cartella ""Posta Inviata"" da sotto un account. Ho provato a ricrearla, e mi ha negato l'uso del nome",True,2026-07-10,True,alf_rix,True,False,False,12,9
1592212,"Accidentally deleted emails, wants recovery",other,4,User deleted mail and compaction/expunge removed it permanently; no local or provider backup exists.,"I deleted my emails in my inbox (and several other folders by default), by accident.",False,2026-07-10,False,,False,True,True,4,1
1592215,'Filter complete' send dialog stuck open after sending,send-receive,3,Known bug 2050589: send progress modal is not dismissed after post-send filter run completes.,"the ""Filter Complete"" modal will not shut down. Cancel will override.",True,2026-07-10,True,Googlethunderbird.,True,True,True,3,0
1592218,Unable to complete initial account setup / import of existing email,account-login,4,"Onboarding and account-setup instructions are too technical for novice users, blocking any account configuration.","All I want, is to be able to use Thunderbird, transfer all my emails to Thunderbird.",False,2026-07-10,False,,False,True,True,1,0
1592220,QR code account import to Thunderbird Android fails to scan,migration-import,3,Known android bug 8520 where the generated QR payload cannot be parsed/scanned by the mobile importer.,Qr code not scanning for import to mobile/tablet,True,2026-07-10,False,,False,False,True,3,0
1592229,Facebook Messenger integration/add-on no longer works in Thunderbird,addons-extensions,2,The Messenger quick-access add-on was not updated for new Thunderbird APIs and Facebook's proprietary protocol prevents native support.,"""killed off Messenger from within TBird"" -- via the Messenger - Quick Access",False,2026-07-10,False,,False,True,True,2,0
1592233,User cannot find/open Thunderbird after install,other,2,Insufficient information; likely the app shortcut or installation location is unclear to the user.,I don't see how to access Thunderbird.,False,2026-07-10,False,,False,True,True,1,0
1592235,Gmail messages deleted on server still shown in Thunderbird,sync-oauth,2,"Account is configured as POP, so locally downloaded messages are not synchronized with server-side deletions.",I deleted emails directly on gmail account but they still show up in Thunderbird,False,2026-07-10,False,,False,True,True,1,0
1592237,Quick Filter search bar missing after update,search-folders,2,Quick Filter Bar toolbar was toggled off/not migrated during the upgrade so users can't find per-sender filtering.,I'd like to be able to search for a single email address in TB's inbox... There is no such search box in my current view.,False,2026-07-10,True,rednoise,True,False,True,4,2
1592247,Gmail All Mail folder ignores message retention settings,settings-config,2,Retention policies don't apply as expected to Gmail's virtual All Mail label folder; recommended workaround is unsubscribing.,Gmail All Mail folder does not follow the Retention Settings,True,2026-07-10,False,,False,False,True,4,2
1592248,New Yahoo IMAP folders only appear after restart,search-folders,2,"Yahoo IMAP server folder list is not refreshed/re-subscribed after CREATE, so the folder pane updates only on reconnect.","Every time I try to create a folder, it doesn't appear immediately. I have to close Thunderbird and reopen it",True,2026-07-10,False,,False,False,True,4,2
1592251,Thunderbird locks up/crashes on startup on Windows 11,performance-crash,4,"Profile corruption, add-on, or graphics/AV interference hanging startup on Windows 11.",having Thunderbird to lock up when I bring the program up,True,2026-07-10,False,,False,True,True,3,1
1592260,IMAP subfolders missing for one account (not subscribed),search-folders,3,Folders on that account were not IMAP-subscribed after the Shaw-to-Rogers migration.,"one account has issue... fake-two ... The other 2, fake-one and fake-three have all their folders.",False,2026-07-10,True,siffemoz,True,False,True,2,1
1592262,Folders and accounts missing after profile transfer to new Windows 11 PC,migration-import,4,Incomplete copy of the AppData\Roaming\Thunderbird profile folder during machine migration.,"Not all of Thunderbird transfered, I'm missing 8 t0 10 separate folders and all of my Email address!",False,2026-07-10,False,,False,True,True,1,0
1592320,Windows-to-Mac profile migration fails; Thunderbird won't load copied profile,migration-import,4,profiles.ini path mismatch plus possibly incomplete OneDrive-zipped profile copy prevents Thunderbird from using the transferred profile on macOS.,"When I go into about:profiles, it shows the pbriuywl.default-release as the default profile. So it should be working but it's not.",True,2026-07-11,False,,False,True,True,45,23
1592323,Outbox/Unsent Messages created under wrong account (mail.default_sendlater_uri stale),send-receive,3,"The mail.default_sendlater_uri pref points to a defunct POP account, so Send Later queues messages outside Local Folders Outbox.",a Local Folders > Unsent Messages folder never appeared... found it in the one Old Defunct email account,True,2026-07-11,True,wavggg,True,False,True,6,3
1592359,QR code pairing fails when importing Thunderbird profile to Thunderbird for Android,migration-import,3,"QR-code based desktop-to-Android account transfer fails to scan/parse, possibly camera/version mismatch; duplicate thread closed.",De QR code wordt echter niet ingelezen. Ik zie geen andere mogelijkheid om dit te importeren.,True,2026-07-11,False,,False,True,True,1,0
1592365,"Saved passwords forgotten after each reboot, prompting for all accounts",account-login,4,"Password store (logins.json/key4.db) or primary-password/device-authentication setting fails to persist across OS shutdown, possibly due to profile write or OS credential-prompt interaction.",Sinds kort moet ik bij het starten van Thunderbird van al mijn accounts de wachtwoorden invullen.,True,2026-07-11,True,harmen1,True,False,True,3,2
1592369,Trash folder renamed/replaced by provider folder name (Aruba),search-folders,2,IMAP special-folder mapping changed so the Trash designation points to a provider-named folder in account settings.,"ACCANTO AL CESTINO  E' SCOMPARSA LA DIZIONE ""CESTINO"" ED è COMPARSA ""ARUBA""",False,2026-07-11,True,'@next,True,False,False,1,0
1592374,Unauthorized Thunderbird OAuth app authorization on user's mail account,encryption-security,5,A third party used compromised credentials to grant Thunderbird OAuth access to the account; provider-side revocation needed.,"sto ricevendo sul mio account microsoft, notifiche di accesso, tramite l'applicazione thunderbird e l'acceso ai miei dati",True,2026-07-11,True,'@next,True,False,False,7,3
1592379,Gmail OAuth authentication failure on every Thunderbird restart,sync-oauth,4,"OAuth refresh tokens/cookies are not persisted between sessions, possibly cleared by Norton 360 or cookie/JS restrictions.",All is fine until I close down Thunderbird and then open it again.,True,2026-07-11,False,,False,False,True,4,2
1592391,Confusion setting up Gmail account in Thunderbird / needs simple onboarding steps,account-login,2,Documentation and Mozilla product branding confuse new users about Thunderbird's role versus Gmail.,I guess I don't understand clearly the instructions for how to align Thunderbird with gmail.,False,2026-07-11,False,,False,False,True,6,3
1592394,Cannot send mail after deleting an account removed the shared SMTP server,send-receive,4,Deleting one account also removed the SMTP outgoing server shared by the remaining accounts.,I had three emails using Thunderbird and eliminated one. Now I cannot send or reply to email only receive,False,2026-07-11,False,,False,True,True,1,0
1592411,Permanently deleted inbox and folders — mail recovery request,other,5,User permanently deleted messages locally with no backup; recovery only possible from uncompacted mbox or provider copies.,I permanently deleted all my emails in my inbox and all the folders underneath is there a way to get them back?,False,2026-07-11,False,,False,True,True,4,0
1592412,How to disable threaded message view in Inbox,ui-ux,1,Threaded view enabled by default/after reinstall; user unaware of the view toggle setting.,I find emails with Threads very confusing and time consuming,False,2026-07-11,False,,False,True,True,1,0
1592434,Intermittent multi-hour mail delivery delay on Windows 11 after upgrade,send-receive,4,Windows 11 security software or network stack interferes with IMAP polling so Thunderbird reports no new mail while messages exist server-side.,"emails are, from time to time, delayed, sometimes by 12 hours or more",True,2026-07-11,False,,False,True,True,1,0
1592443,Thunderbird freezes/locks up on Windows 11,performance-crash,4,Likely antivirus (Windows Defender) scanning of the profile/mbox files or a corrupt profile causing UI hangs.,I tried reinstalling the program but still locks up.,False,2026-07-11,False,,False,True,True,3,1
1592460,Filtering/searching on message header or source text for phishing,search-folders,2,"Built-in filter/search does not expose arbitrary header or raw source matching, requiring the FiltaQuilla add-on.",Is there a way to search and/or filter for text in the Message Header?,False,2026-07-11,False,,False,True,True,1,0
1592461,Cannot reorder accounts in folder pane on old version,ui-ux,2,Thunderbird 45.6.0 predates the drag-and-drop account reordering feature in Account Settings.,how can I manually sort the email address order?,False,2026-07-11,True,Mapenzi,True,False,True,6,3
1592468,POP3/IMAP login failure with ISP (Orcon) while webmail works,account-login,5,"ISP-side IP-based blocking or authentication policy change, since direct POP login fails from the user's IP but works from another IP.",login to POP3.orcon.net.nz with username habitation failed.,True,2026-07-12,True,lindennewzealand,True,True,True,84,40
1592476,Cannot send mail: sending IP blocked by Barracuda RBL,send-receive,5,"The ISP's outgoing SMTP/client IP is listed on b.barracudacentral.org, so the recipient's server rejects the message.",Client host [125.214.85.178] blocked using b.barracudacentral.org,False,2026-07-12,False,,False,True,True,1,0
1592479,OAuth2 missing from authentication dropdown in manual account setup (152.0.1),sync-oauth,4,"The new account setup wizard in 152 omits OAuth2 from the manual auth-method dropdown, creating a circular loop for Office 365 accounts.",you cannot select the Oauth option from Authentication method dropdown box - because its not there !,True,2026-07-12,True,rstephen151,True,False,True,2,1
1592494,Undeletable Archive folder auto-created in Local Folders,search-folders,2,Archive is a special/system folder created by archiving settings and is protected from deletion until the account's archive target is changed.,An Archive folder with icon suddenly appeared in my local folders,False,2026-07-12,False,,False,False,False,0,0
1592503,QR code import from desktop to Thunderbird for Android fails,migration-import,3,"Desktop version lacks or fails the export-for-mobile QR feature, or the Android app cannot parse the code.",The QR code doesn't work. Can I import it on an other way?,True,2026-07-12,False,,False,True,True,3,1
1592508,Sort unread messages first across all folders,ui-ux,1,Not a defect; user unaware of sort-by-read plus 'apply current view to' functionality.,I would like to see all unread messages first in the list for all my mailboxes,False,2026-07-12,False,,False,True,True,2,0
1592540,'Export for mobile devices' option missing in desktop settings,migration-import,2,Installed desktop version predates the mobile export feature.,el EXPORTAR PARA DISPOSITIVOS MOVILES no aparece en mi caso.,False,2026-07-12,False,,False,True,True,1,0
1592583,S/MIME encrypted messages fail to display after 152.0.1 upgrade,encryption-security,4,A regression in the S/MIME decryption/MIME parsing path in Thunderbird 152 prevents rendering (and marking read) of encrypted messages that render fine in 140 ESR.,"Since I upgraded to 152.0.1, some s/mime encrypted messages do not display.",True,2026-07-12,False,,False,False,False,0,0
1592591,Outlook account SMTP sending fails despite OAuth login succeeding,account-login,4,Outgoing SMTP server settings likely lack OAuth2 authentication or the correct smtp.office365.com/port configuration while IMAP works.,The problem is outgoings. Incoming gine,False,2026-07-12,False,,False,False,False,0,0
1592594,Message list shrinks instead of preview pane on vertical window resize,ui-ux,2,"The 3-pane grid assigns flex growth/shrink to the thread pane rather than the message pane, so window height changes are absorbed by the message list.","when you resize the thunderbird window vertically, the preview pane stays a constant size, but it is the message list that resizes",True,2026-07-12,False,,False,True,True,3,2
1592598,PDF attachment prints with missing content from built-in viewer,attachments,3,A known pdf.js rendering/printing regression in Thunderbird 152-154 drops image layers when generating print output.,when printing it out from within Thunderbird part of the top of the first page missing,True,2026-07-12,True,rednoise,True,True,True,11,3
1592600,Cannot connect GoDaddy-hosted Outlook/Microsoft 365 mailbox,account-login,4,"Autoconfig picks wrong server/auth for GoDaddy-hosted Microsoft 365, requiring manual IMAP/SMTP with OAuth2.",I am trying to connect my Outlook email hosted by Godaddy so I can send/receive on Thunderbird.,False,2026-07-12,False,,False,False,False,0,0
1592615,XNote++ add-on notes displayed in unreadable cursive font,addons-extensions,2,Add-on's note font falls back to a system cursive font because the previously installed font is missing after OS reinstall.,"now the font for XNote is almost unreadable - Cursive, of some sort",False,2026-07-13,False,,False,False,True,2,1
1592620,Question whether Thunderbird requires a license for custom domain email,other,1,Not a defect; user unaware Thunderbird is free open-source software.,Does it requires licence on personal domain email addess?,False,2026-07-13,False,,False,True,True,1,0
1592621,Cannot restore accidentally deleted Yahoo Spam folder from Trash,search-folders,3,"Special-use folder flags cannot be reassigned in the UI, and FolderFlags add-on incompatibility with 152 leaves no recovery path.",How to move spam folder out of trash?,True,2026-07-13,False,,False,False,False,0,0
1592626,How to hide the Today Pane (plus lost passwords/bookmarks after update),ui-ux,2,"Today Pane toggle is not obvious; the missing credentials likely stem from a new profile being created (e.g., Snap/Flatpak or reinstall).",I do NOT need nor use the Today Pane. ... How do I eliminate it?,False,2026-07-13,False,,False,True,True,2,0
1592628,"Folder pane not resizable in tabs opened via ""open in new tab""",ui-ux,2,"The splitter widget is not initialized for secondary about:3pane tab instances, a known bug.","I *can not* resize the folder pane in subsequent folder tabs I create using ""open in new tab""",True,2026-07-13,False,,False,True,True,1,0
1592632,Trash subfolders and messages permanently lost after emptying trash,other,5,"Emptying Trash deletes nested subfolders irreversibly with no undo or warning, and without a backup the mbox data is gone.",Not thinking I emptied the Trash Bin and the SUBFOLDERS DELETED as well. Is there any way I can RECOVER THE SUBFOLDERS,True,2026-07-13,False,,False,False,False,0,0
1592638,Transferring mail from old Thunderbird 68 profile to new computer,migration-import,3,"No built-in profile/folder migration path, forcing users to rely on version-specific ImportExportTools NG or manual mbox copying.",I can't see how to extract the emails from it into the newer version of Thunderbird on the newer computer,False,2026-07-13,False,,False,False,True,17,9
1592651,Sent message missing from Sent folder,send-receive,3,Either copy-to-Sent is disabled/misconfigured for the account or a Quick Filter is hiding the message.,The email I thought I’d sent isn’t in my sent folder. I saw it being sent.,False,2026-07-13,False,,False,True,True,1,0
1592656,PR_CONNECT_RESET_ERROR to live.thunderbird.net blocking all mail retrieval,send-receive,4,Kaspersky antivirus TLS interception broke the connection until the AV was updated.,An error occurred during a connection to live.thunderbird.net. PR_CONNECT_RESET_ERROR,True,2026-07-13,True,andrea.guazzotti,True,False,False,1,1
1592685,Deleted messages unrecoverable after IMAP trash purge,other,4,Provider retention policy permanently purged trash and IMAP synced the deletion locally.,how can i get my lost email back,False,2026-07-13,False,,False,True,True,1,0
1592688,Cannot remove avatar/profile photo shown on outgoing mail,settings-config,2,"The avatar is served by the mail provider or a Gravatar-style service, not Thunderbird, so no local setting exists to remove it.","ik zie bij account-instellingen geen optie om dat ronde portretfotootje, dat de ontvangers van mijn berichten te zien krijgen, te verwijderen",False,2026-07-13,False,,False,False,True,2,1
1592690,"All mail, accounts and settings gone after Thunderbird update",performance-crash,5,Update caused Thunderbird to create/select a new empty profile instead of the existing default profile.,"Na een laatste update van Thunderbird zorgde ervoor dat alle e-mail, accounts en instellingen zijn verdwenen.",True,2026-07-13,False,,False,True,True,3,1
1592700,Inbox messages invisible in message list but found via search on 140 POP account,search-folders,4,"Corrupted/stale index or message-list view state on a very large 13.8GB mbox inbox after a Quick Filter mass delete, with the view intermittently failing to render rows.",The messages are however visible and openable when doing either a straight folder search or when using a search folder.,True,2026-07-13,True,dave.thomas,True,False,True,8,5
1592702,Calendar 'send an email' reminder action missing for Google calendars,calendar-tasks,3,Google calendars added as generic CalDAV/network calendars lack email reminder support; only the Provider for Google Calendar add-on exposes it.,The old W7 version of the Calendar had the ability to have a Reminder EMAILED to oneself! That option with the new W11 version has disappeared!,True,2026-07-13,True,MattMiller747,True,False,True,4,2
1592714,Spurious .sbd folders and .msf files created across unrelated external drive folders,other,3,"Local Folders root was set to the external drive root, so Thunderbird treats every existing directory as a mail folder and generates .sbd/.msf counterparts.",Thunderbird has gone through and created a second folder for each folder A through Z and an MSF file for each folder.,True,2026-07-13,False,,False,False,False,0,0
1592717,AT&T account login rejected: wrong ID or password on new install,account-login,4,AT&T requires OAuth2 or an app-specific 'secure mail key' rather than the regular web password.,getting error message that ID or password incorrect. I'm able to login to my email account using web browser with ID and password,False,2026-07-13,False,,False,True,True,1,0
1592722,Print dialog ignores page range setting,other,3,Regression in Thunderbird's print dialog on macOS where the page-range parameter was not passed to the print job; fixed in a later update.,Thunderbird started ignoring the page range I specify in the print dialog box,True,2026-07-13,False,,False,True,True,7,3
1592734,IMAP new messages stop arriving until restart,send-receive,4,"IMAP IDLE connections silently drop/stall and are not re-established, so no new mail notifications until the process is restarted.",Thunderbird will not bring in new imap messages across multiple accounts. Sometimes closing and reopening will make new messages appear.,True,2026-07-13,False,,False,False,False,0,0
1592745,Freeze on 'System Integration' default-client dialog,performance-crash,4,The system integration/default-mail-client check blocks the UI thread when querying OS default app registration.,Thunderbird freezes with a box entitled “System Integration” appearing on ASUS laptop.,False,2026-07-13,False,,False,False,False,0,0
1592751,Confusion over green dot unread indicator,ui-ux,1,User unfamiliar with the unread-message dot indicator; purely a UI discoverability question.,Why do I see a green dot only occasionally next to some saved messages,False,2026-07-13,True,rednoise,True,True,True,1,0
1592755,Mailing list creation menu item missing in address book,ui-ux,2,Menu was reorganized in newer versions so documentation pointing to File > New > Mailing List is outdated.,"says to go file,new,mailing list there is no mail list option listed",False,2026-07-13,False,,False,True,True,1,0
1592758,Local folder subfolder disappeared after unexpected OAuth popup,search-folders,5,Folder pane entry lost/unsubscribed or .msf index corrupted for an inactive POP account's local subfolder; the mbox file may still exist on disk.,"When I closed the window, the subfolder disappeared. I have no idea how to get it back",True,2026-07-13,False,,False,False,False,0,0
1592760,Severe memory leak (up to 60GB) on macOS after 140.12 upgrade,performance-crash,5,"A regression between 140.6esr and 140.12esr causes unbounded memory growth with many IMAP accounts, possibly triggered by a corrupt folder/index.",Thunderbird who usually use 800MB jumps to Gb up to 60Gb It makes this version unusable.,True,2026-07-13,False,,False,True,True,15,7
1592765,Expected emails from foreign senders never arrive,spam-filters,3,Messages likely filtered server-side or moved by a local filter rather than any Thunderbird blocking of foreign mail.,"lístky, které měly dorazit emailem, nepřišly ... Je možné, že je někde nastavena nějaká blokace?",False,2026-07-13,False,,False,True,True,1,0
1592766,Repeated unexplained crashes with no crash reports submitted,performance-crash,4,Unclear — need crash report IDs and version info to determine whether these are real crashes or hangs.,For 3 weeks I have sent reports of sites being crashed.,False,2026-07-13,False,,False,False,True,6,2
1592775,iCloud account setup fails without app-specific password,account-login,3,"Apple iCloud requires an app-specific password for IMAP/SMTP, which Thunderbird's setup wizard doesn't explain, causing generic auth failure.","""Unable to log in at server probably wrong configuration, user name or password.""",False,2026-07-13,True,anthonyberka,True,False,True,2,1
1592776,All emails missing after upgrade,migration-import,5,"Upgrade likely created a new profile or failed to migrate the existing one, leaving folders appearing empty.",I lost all of my emails when I was notified to upgrade.,True,2026-07-13,False,,False,True,True,2,0
1592779,Cannot retrieve old emails and cannot send or receive,send-receive,5,"Likely account/profile or server connection failure; need version, account type and error messages to diagnose.",can not retrieve old emails. and cannot send or receive emails.,False,2026-07-13,False,,False,False,False,0,0
1592781,Message filters hard to create; trusted senders still go to Spam,spam-filters,3,Filter UI discoverability regression plus server-side spam classification overriding local filters or misconfigured filter logic.,In previous versions of Firefox it was easy to create a filter. Not anymore.,False,2026-07-13,False,,False,True,True,1,0
1592806,Postbox profile import fails with NS_ERROR_FILE_NO_DEVICE_SPACE and messages won't display,migration-import,4,Import tool chokes on large third-party profiles and stale .msf index files from Postbox prevent message body display.,Uncaught NS_ERROR_FILE_NO_DEVICE_SPACE: Component returned failure code: 0X805200010,True,2026-07-14,True,MattAuSupport,True,False,True,6,3
1592822,Two Thunderbird versions listed in Installed Apps with absurd reported size,other,2,"Two parallel installs (different build/source) plus Windows misreporting app size, likely counting profile/hardlinked data.",two entries for Thunderbird: 1) 140.8.0 ... 244 GB (sic) and 2) 140.12.1 ... 250 GB,True,2026-07-14,False,,False,True,True,3,1
1592827,Thunderbird empty like fresh install after update (repeated data loss),migration-import,5,Update causes profile path/profiles.ini mismatch so a new empty profile is created instead of loading existing data.,"Ad aprile dopo un aggiornamento ho perso tutti i dati: mail, contatti, rubrica. Oggi dopo l'aggiornamento del 14/7 stessa cosa.",True,2026-07-14,False,,False,False,False,1,0
1592828,One of two Hotmail accounts stopped receiving mail,sync-oauth,4,Expired OAuth token or Microsoft-side block on that specific account preventing IMAP sync while the other account works.,one gets mail as normal the other stopped on 28 April,False,2026-07-14,False,,False,False,False,1,0
1592829,QR code account import from desktop to Thunderbird Android not scanning,migration-import,3,QR payload size/rendering or camera decoding limitation prevents the Android app from parsing the desktop-generated import codes.,i codici QR vengono inquadrati dalla fotocamera ma non letti e alla fine non riesco ad importarli,True,2026-07-14,False,,False,False,False,1,0
1592852,Gmail OAuth re-authentication fails with Error 400 after password change,sync-oauth,4,OAuth flow in Thunderbird's embedded browser fails (blocked cookies/redirect_uri mismatch) producing Google error 400.,"lorsque je coche ""suivant"" j'ai erreur 400",True,2026-07-14,False,,False,False,True,2,1
1592864,Hotmail/Outlook.com OAuth authentication failure loop,account-login,4,"Microsoft OAuth2 token refresh against outlook.office365.com is failing/being revoked intermittently, so Thunderbird repeatedly prompts for authentication.",authentification failure while trying to connect to outlook.office365.com every time i try to access my hotmail emails,True,2026-07-14,False,,False,False,False,0,0
1592866,Classic layout setting not persisting across restarts,settings-config,3,"prefs.js is not being written on shutdown (read-only file, duplicate prefs-N.js, or AV/VPN interference), so mail.pane_config.dynamic reverts.",I change the layout - View/Layout/Classic and EVERY single time I open Thunderbird it reverts,False,2026-07-14,False,,False,True,True,2,0
1592872,Monthly repeating zero-duration event not shown when the 1st is the first day in view,calendar-tasks,3,Calendar view rendering excludes events with identical start/end time (00:00-00:00) at the leading boundary of the displayed range.,"these events do not appear in day, week- and month-view modes, when the first of the month is the first day to be displayed",True,2026-07-14,True,MichelT,True,False,True,9,5
1592879,Repeated credentials prompts after changing Google/Microsoft passwords,sync-oauth,4,"Stale saved passwords/OAuth tokens in the password manager remain after provider password change, causing continuous credential errors until re-authorization.",now I get credentials messages when Bird tries to get email. I know its because of my password changes but can't fix it,False,2026-07-14,False,,False,False,True,8,4
1592882,Perceived hourly email send/receive limit reduced from 500 to 200,send-receive,2,"The limit is imposed by the mail provider, not Thunderbird; user misattributes a provider-side throttling policy change.",When did the number of e-mails per hour change from 500 to 200?,False,2026-07-14,False,,False,True,True,2,0
1592883,How to password-protect local Thunderbird inbox from other users,encryption-security,2,"Thunderbird's primary password only protects stored credentials, not already-downloaded local mail, so OS-level locking/2FA is required.","I have a suspicion someone is reading my e-mails... what can I do to protect my inbox, please?",False,2026-07-14,True,davidsk,True,False,True,4,2
1592891,Cannot send from Hotmail SMTP and needs Aruba PEC account setup,settings-config,4,"Outlook SMTP configured with plain password on port 465 instead of OAuth2/STARTTLS 587, and PEC account settings were not migrated from the old machine.",non riesco ad inviare la posta dal mio account [RIMOSSO]@hotmail.it,False,2026-07-14,False,,False,False,False,1,0
1592892,Request for VPAT/accessibility conformance report for Thunderbird desktop and mobile,other,2,"No published ACR/VPAT documentation exists for the project, blocking public-sector ADA Title II compliance audits.",Does an Accessibility Conformance Report or VPAT with the WCAG standards used and conformance level noted exist for Thunderbird?,True,2026-07-14,False,,False,False,False,1,1
1592894,Mail lost after using Repair Folder on inbox,other,5,"Repair Folder rebuilt the .msf index against a corrupted or truncated mbox file, orphaning most messages irrecoverably.",I repaired my inbox due to some functional issue and then lost all the emails.,True,2026-07-14,False,,False,False,False,0,0
1592896,Mail lost after using Repair Folder on inbox (empty message bodies before repair),other,5,"Inbox mbox file was truncated/corrupted during profile migration from a failing drive, so Repair Folder rebuilt the index and dropped the headers whose bodies were missing.",Ich habe dann den Rechtsklick gemacht und auf reparieren gedrückt - jetzt sind diese Mails ganz aus dem Posteingang verschwunden!,True,2026-07-14,False,,False,False,True,10,5
1592902,Forgotten email account password blocks mail access,account-login,2,"User forgot provider password; not a Thunderbird defect, requires provider-side reset.",Je ne me souvient plus de mon mots de passe pour ouvrir mes courriels quoi faire s.v.p,False,2026-07-14,False,,False,True,True,1,0
1592904,IMAP messages auto-deleted on startup ('Deleted X messages from Inbox'),send-receive,4,"Server-side (AOL) retention/purge policies plus repeated full re-download of 10,000 messages being synced back to Thunderbird, possibly an IMAP sync/index corruption.","On launch, got message ""Deleting 93 messages from Inbox"" and ""Downloading 98 messages""",True,2026-07-14,False,,False,True,True,18,6
1592910,Accounts show empty folders / mail will not load,send-receive,4,Possible corrupted msf index or failed IMAP connection preventing message list display; needs version/provider details to confirm.,THE 2 TB EMAIL ACCOUNTS WILL NOT LOAD. I DO NOT KNOW HOW TO GET OUR EMAIL RESTORED.,True,2026-07-14,False,,False,True,True,3,1
1592912,Accounts show empty folders / mail will not load (duplicate),send-receive,4,Duplicate of the same Gmail folders-empty issue; likely IMAP sync or index failure.,will not load. The emails are empty. Please assist.,False,2026-07-14,False,,False,True,True,1,0
1592915,How to increase message list font size,ui-ux,1,User unaware of the View > Font Size / density settings on a new high-resolution laptop.,The font size on the inbox screen is too small. How do I increase font size.,False,2026-07-14,False,,False,False,True,2,0
1592916,"Thunderbird no longer remembers saved passwords, prompts each startup",account-login,3,"Password manager store (logins.json/key database) is not being written or is reset at shutdown, possibly due to permissions or profile-cleaning software.",Sinds kort moet ik bij het starten van Thunderbird van al mijn accounts de wachtwoorden invullen.,True,2026-07-14,False,,False,True,True,1,0
1592923,Cannot send or receive with Xfinity account - no connection,send-receive,5,Likely Comcast/Xfinity server or authentication requirement change breaking stored server settings.,Thunderbird is not responding. Xfinity is working just fine I need help resetting,False,2026-07-14,False,,False,True,True,1,0
1592933,Profile migration Windows-to-Linux crashes and re-downloads all IMAP mail,migration-import,4,Cross-platform profile copy plus version downgrade (147 to 140 ESR) causes startup crash and IMAP store invalidation forcing full resync.,"When I went online and completed the gmail OAuth dialog thunderbird reported an inbox summary folder error, and deleted all the imap mbox files.",True,2026-07-14,False,,False,False,True,4,2
1592940,Global search results capped at 10 per page and poor relevance,search-folders,2,"Gloda global search UI paginates at 10 and uses stemmed matching, with no exposed preference to raise the page size.","the limiting factor is only ten results per page. When I click load more, takes a few moments to load.",True,2026-07-14,False,,False,True,True,7,2
1592941,IMAP message download silently stops until restart (Zoho),send-receive,4,"IMAP IDLE/connection stalls without timeout detection, so the folder listener never recovers until the client restarts.",o Thunderbird pára de baixar as mensagens. Só volta a funcionar depois de fechar e abrir ele.,True,2026-07-14,False,,False,False,False,2,2
1592951,Thunderbird suddenly cannot send or receive email,send-receive,5,Likely antivirus/network interference or corrupted profile blocking mail connections; need error console output to confirm.,"All of a sudden, my Thunderbird stopped working. I no longer can send or receive emails on it.",False,2026-07-14,False,,False,True,True,1,0
1592958,IMAP 'cannot find Inbox folder' error with Proton Mail Bridge and missing messages,send-receive,5,"Proton Mail Bridge is exposing the Inbox under a different name/case or failing to serve it, causing folder mismatch and apparent message loss.","it says it can't find the folder ""Inbox""",True,2026-07-14,False,,False,False,True,2,1
1592963,Unwanted non-removable Drafts/Sent/Trash/Outbox folders in Local Folders after reinstall,ui-ux,2,Special-folder flags auto-created in Local Folders during fresh profile setup after the 152 profile/calendar failure.,"Local Folders has 4 non-removeable folders Drafts - XXxxxx, Sent, Trash and Outbox that were not there in the past 20 years.",True,2026-07-14,False,,False,False,False,0,0
1592972,Calendar tab missing after update,calendar-tasks,2,Spaces toolbar/calendar tab hidden after upgrade rather than data loss.,With my recent update my Calander disappeared. What happened? I can't find it anywhere,False,2026-07-15,False,,False,False,True,4,2
1592978,No way to print upcoming events list from Today pane,calendar-tasks,1,Printing is not implemented for the 'Events in the Next 6 Months' pane; only calendar views can print.,"The panel ""Events in the Next 6 Months"" would be very useful if it was printed. HOW can this be done?",False,2026-07-15,False,,False,True,True,1,0
1592988,SMTP connect error 10060 cannot connect to outgoing server,send-receive,4,"Port 25 outbound blocked by ISP/firewall or antivirus, preventing SMTP connection.",Cannot connect to SMTP server 209.71.208.9 (209.71.208.9.25) connect error10060,False,2026-07-15,False,,False,True,True,1,0
1593031,Saved .eml files open in blank message window since 152 upgrade,other,3,Migrated profile carries a stale setting or corrupted message-display state so external .eml rendering fails in 152 (works with fresh profile).,Si apre la finestra ma non si riesce a leggere il contenuto.,True,2026-07-15,False,,False,False,False,9,4
1593032,"SMTP connection timed out when sending, receiving works",send-receive,4,Antivirus outgoing-mail scanning or firewall blocking the SMTP port to smtp.stackmail.com.,the connection to Outgoing server (SMTP) smtp.stackmail.com timed out,False,2026-07-15,False,,False,True,True,1,0
1593044,Calendar tab missing after update,calendar-tasks,2,Duplicate report; calendar space hidden in Spaces toolbar after upgrade.,The tab is missing from the main menu,False,2026-07-15,False,,False,True,True,1,0
1593053,All messages incorrectly labeled 'this is a draft message' plus filters not auto-running,search-folders,3,"Merged/unified special folder configuration makes the Inbox inherit the Drafts folder flag, and POP filter execution on merged accounts is unreliable.","At some point it started to show the draft message on every email, which means on incoming as well.",True,2026-07-15,False,,False,False,False,0,0
1593057,Child windows cannot be moved with mouse on macOS 26,ui-ux,3,"macOS 26 window focus/drag regression affecting Thunderbird's XUL child windows (see Bugzilla 2007021), likely in widget/cocoa window handling.",The new child window(s) opens up in the default location(s). ... once open I cannot Move the window.,True,2026-07-15,False,,False,True,True,9,4
1593075,Cannot send mail after provider migration to Greenby (SMTP setup),send-receive,5,Outgoing SMTP server hostname/port/auth settings don't match the new provider's post-migration requirements.,I cannot send messages from any of my accounts after migrating to Greenby.,False,2026-07-15,False,,False,True,True,1,0
1593088,How to archive/move emails older than one year,search-folders,1,User unaware of archive settings / moving messages to local or IMAP subfolders; not a defect.,All I need in my inbox are e-mails from past year. The rest can go somewhere else.,False,2026-07-15,False,,False,True,True,1,0
1593091,Account and all emails disappeared on startup,account-login,5,"Profile not loaded or prefs.js corrupted (possibly after crash), causing Thunderbird to start with a fresh profile.",Opened Thunderbird at noon today and my account was gone.,True,2026-07-15,False,,False,True,True,4,2
1593106,Comcast/Xfinity IMAP login failure despite correct password,account-login,4,Comcast now requires OAuth2 authentication; stored Normal Password credentials are rejected by the server.,Login to server mail.Comcast.net with username t_m_f@comcast.net failed.,False,2026-07-15,False,,False,True,True,1,0
1593117,Donation appeal on Start Page persists after donating,ui-ux,2,The Start Page donation banner has no dismissal state tied to donation; only fix is disabling the Start Page.,Donation request takes up most of e mail screen after making a donation.,True,2026-07-15,True,rednoise,True,True,True,1,0
1593122,Password rejected when connecting to mail account,account-login,4,Provider-side authentication rejection due to wrong password or wrong auth method/server config.,My e-mail will not take my password?,False,2026-07-15,False,,False,True,True,1,0
1593124,Password rejected when connecting to mail account,account-login,4,Duplicate report of provider authentication rejection; likely wrong credentials or auth method.,Will not take my password.,False,2026-07-15,False,,False,True,True,1,0
1593178,Sent folder empty and sent messages not saved,send-receive,4,Copies-and-folders setting points to a wrong/unsubscribed folder or the Sent folder index/msf is corrupted.,"My Sent folder is empty, but I did not empty it. Test messages are not being saved in it.",True,2026-07-16,False,,False,True,True,1,0
1593179,Hotmail/Outlook OAuth2 login fails in Thunderbird,sync-oauth,4,Microsoft OAuth2 token acquisition failing or tenant/account blocking Thunderbird's client ID despite correct IMAP/SMTP settings.,when it comes to Thunderbird it does not let me login,True,2026-07-16,False,,False,False,False,0,0
1593183,User does not know SMTP/account password prompted when sending,account-login,2,User forgot the mail provider password; Thunderbird prompts for credentials on send and password wasn't saved.,als ik een mail wil versturen wordt mijn wachtwoord gevraagd wat is mijn wachtwoord,False,2026-07-16,False,,False,True,True,1,0
1593186,"Duplicate second Inbox appearing, new mail arriving in wrong inbox",search-folders,4,Account/identity mismatch or duplicated local/IMAP folder structure so new mail is filed to a second Inbox not linked to the configured identity.,"two lines below there is suddenly another ""Postvak IN 22"". New emails appear here now.",True,2026-07-16,False,,False,False,False,0,0
1593201,How to update saved account password in Thunderbird after changing it with provider,settings-config,2,User unaware saved passwords are managed under Settings > Privacy & Security > Saved Passwords.,"If I have changed the password for my email account, how can I set this password in Thunderbird as well?",False,2026-07-16,False,,False,True,True,6,3
1593216,Links on Add-ons Manager detail pages unclickable in 152,addons-extensions,3,Regression in the about:addons detail page link handling in TB 152 disabling click/context-menu handlers.,"none of the links on the Add-ons Manager Details pages in my TB 152 work, e.g. Author or Homepage",True,2026-07-16,False,,False,True,True,2,0
1593227,Thunderbird disappeared with all mail and contacts after donation flow steps,other,5,Application was accidentally uninstalled/shortcut removed while the profile likely remains on disk.,waarna thunderbird met alle contacten en emails is verdwenen,True,2026-07-16,True,markh2,True,True,True,1,0
1593231,"Thunderbird hangs at startup showing ""Not Responding""",performance-crash,5,"Corrupt profile data or a conflicting add-on/AV blocking startup, since reinstall without profile reset doesn't help.","Mozilla Thunderbird (Not Responding) is all I see on the screen. I have rebooted, reinstalled and still cannot get Thunderbird to start.",False,2026-07-16,False,,False,True,True,2,0
1593248,Thunderbird Portable fails to launch with error on Windows 10,performance-crash,4,Corrupted or mismatched portable installation files/profile version incompatibility in the portable launcher.,"Quando cerco di aprire ThunderbirdPortable, non ricordo la versione, ma superiore alla 102, mi appare il messaggio di errore allegato.",False,2026-07-16,False,,False,False,False,1,0
1593260,Thunderbird OAuth app keeps reappearing as authorized on Microsoft account,encryption-security,3,"Thunderbird re-requests OAuth consent on each token refresh, re-adding the app after the user revokes it.","Não autorizo a conexão do Thunderbird na minha conta Microsoft, mas mesmo assim é conectada. Sempre estou removendo, mas volta",True,2026-07-16,False,,False,False,False,0,0
1593262,Server-side filtered mail in subfolders not fetched until each folder opened manually,send-receive,4,IMAP subfolders are not checked for new mail at Get Messages because 'Check this folder for new messages' is not enabled per folder / no IDLE on subfolders.,Now every day I have to go into all of my 40 folders and click on the refresh button.,False,2026-07-16,False,,False,False,False,0,0
1593265,Global search results not defaulting to list view (user-built add-on workaround),search-folders,2,Missing native preference to default global search to list view; planned in TB 154 via bug 580252.,"It makes every global search open directly as a list, no more clicking ""Show results as list"" every time.",True,2026-07-16,False,,False,True,True,2,0
1593266,Transferring address book to new PC,migration-import,2,No defect; user lacks knowledge of profile files (abook.sqlite) and the address book import wizard.,How to retrieve address book from previous Thunderbird email to knew PC with Thunderbird,False,2026-07-16,False,,False,True,True,2,0
1593273,Showing multiple accounts in one unified view,ui-ux,2,User unaware of the Unified Folders folder-pane view mode.,I am trying to have one page with all three of my email accounts shown,False,2026-07-16,True,pugh56_2000,True,True,True,3,2
1593281,No incoming mail after moving to new laptop,account-login,4,"Account was not properly configured (or profile not migrated) on the new machine, so no incoming server is fetching mail.","Nieuwe laptop, thunderbird staat op de laptop maar er komt geen mail binnen",False,2026-07-16,False,,False,True,True,1,0
1593284,Old emails disappeared and cannot send,send-receive,5,Likely profile reset or corrupted mail store combined with broken/missing SMTP configuration.,"all my old emails have disappeared. I can still receive new messages, but I’m unable to send emails",True,2026-07-16,False,,False,True,True,1,0
1593287,'Failed to connect' on startup after Windows 11 update,send-receive,4,OS update changed firewall/TLS or security-software settings blocking Thunderbird's server connections.,"thunderbird always fails to start on desktop, saying Failure to Connect",True,2026-07-16,False,,False,True,True,1,0
1593290,Thunderbird keeps prompting login for deleted Gmail school account,sync-oauth,4,Stale calendar/address book or saved OAuth entry for the removed .edu account keeps triggering auth prompts and blocks sending from new accounts.,When I open Thunderbird it asks me to sign into the deleted account which I no longer have access to,True,2026-07-16,False,,False,True,True,1,0
1593291,No Thunderbird app for iPhone/iPad,other,1,"iOS client is still in early development, so no release exists.",was wondering if I can start using my account on my Ipad or Iphone as yet?,False,2026-07-16,True,rednoise,True,False,True,2,1
1593314,How to create a new mail folder,search-folders,1,How-to question; user unfamiliar with the New Folder context-menu action.,i am trying to create a new file folder to go into my list of file folders. How do I do that?,False,2026-07-17,False,,False,False,False,0,0
1593323,Delete and Archive buttons swap positions on threaded messages,ui-ux,3,"Message-header toolbar reorders/relocates action buttons depending on thread context, causing misclicks that archive instead of delete.",the delete button changes places with archive so I end up with a bunch of archives I don't want,True,2026-07-17,False,,False,False,False,0,0
1593332,Flatpak update command fails: ESR package not installed,settings-config,2,"User has the regular flatpak channel installed rather than the _esr package, so the ESR update command fails.",hij zegt dat org. mozilla.thunderbird_esr niet geinstalleerd is,False,2026-07-17,True,markh2,True,True,True,3,1
1593337,QR code account import to Thunderbird for Android fails to scan,migration-import,3,Known bug in the Thunderbird for Android QR scanner/import flow (GitHub issue 8520) prevents code recognition.,De qr codescanner binnen thunderbird mobiel android scant helemaal de code niet en geeft geen foutmelding.,True,2026-07-17,False,,False,True,True,7,3
1593357,Outgoing SMTP setup fails / password rejected for two accounts,account-login,4,Incorrect SMTP server/auth settings or need for app-specific password/OAuth for these providers.,non va a buon fine l'impostazione di posta in uscita per due miei indirizzi,False,2026-07-17,False,,False,False,False,1,0
1593361,Cannot open Gmail inboxes after launching Thunderbird,account-login,4,"Unclear—needs screenshot, version and account type; possibly a broken profile or unexpected UI state.","I am unable to do so but that when I click on the Thunderbird icon, I get a mall box with various symbols on it",False,2026-07-17,False,,False,True,True,1,0
1593367,Editing subject line of received messages,addons-extensions,1,Core Thunderbird lacks subject editing; requires the EditEmailSubject add-on.,I wish the subject line in an email would be editable ala Office Outlook.,False,2026-07-17,True,davidsk,True,True,True,3,1
1593374,Gmail account persists after reinstall and prompts for access,settings-config,2,"Reinstalling keeps the existing profile, so the Gmail account/calendar/address book entries remain and must be deleted in Account Settings.",I reinstalled Thunderbird and now it tries to access my gmail account even though I didn't add it.,False,2026-07-17,False,,False,True,True,5,1
1593379,Week view renders back-to-back 30-minute events side-by-side instead of stacked,calendar-tasks,2,Week view layout falls back to column splitting when the row height is too small to render short events sequentially.,"squeezed into two columns. I would like them to appear as a single, full column",True,2026-07-17,False,,False,True,True,3,1
1593385,New remote address book dialog buttons unresponsive,addons-extensions,3,"CardDAV new-address-book dialog UI is broken/unresponsive, possibly a rendering or JS error in this build.",la finestra che mi appare (vedi allegato) contiene dei pulsanti che non funzionano quando ci clicco sopra,True,2026-07-17,False,,False,False,False,3,1
1593392,Persistent CardDAV OAuth password prompt after removing Gmail account,sync-oauth,3,Removing the account leaves orphaned CardDAV address book prefs that keep triggering Google OAuth prompts.,"""Veuillez saisir le mot de passe de "" monmail@gmail.com "" sur www.googleapis.com """,True,2026-07-17,True,joel.allain,True,False,True,4,2
1593393,Red border/outline around mail text (spell check underline),ui-ux,1,Inline spell checking or a message-frame styling is drawing the red outline.,Thunderbird mails er indrammet i rødt - det er muligvis stavekontrol - hvordan fjernes det,False,2026-07-17,False,,False,False,False,0,0
1593394,HTML table cell borders show dotted/absent in composed and received mail,ui-ux,2,"Default composer table markup omits explicit border styling in older versions, so gridlines render as dotted placeholders and vanish on receipt.","I was trying to get the gridlines to show when received, and it seems there is not a way",False,2026-07-17,False,,False,False,True,9,4
1593406,"Messages displayed as plain text instead of HTML, links not auto-opening in browser",ui-ux,2,"Message body display is set to plain text (View > Message Body As) after profile rebuild, so HTML content and clickable links render as raw text rather than rendered HTML.",The email opens with the hyper link content and does not open the browser. Only if I then click on the https section does the browser open with the content.,False,2026-07-17,False,,False,True,True,10,5
1593411,How to configure UOL Premium email account,settings-config,2,User lacks provider IMAP/SMTP settings; autoconfig likely has no entry for UOL Premium.,Configurar email premium da Uol no Thunderbird,False,2026-07-17,False,,False,False,False,0,0
1593414,IMAP inbox messages disappearing locally after ~6 weeks (Rackspace),send-receive,4,"Message synchronization/retention policy is set to keep only recent messages locally, so older IMAP messages are purged from the local cache/view.","emails in my Inbox have disappeared, without being manually deleted. Typically the Inbox will keep emails from today and dated back to about six weeks earlier.",False,2026-07-17,False,,False,True,True,1,0
1593421,"IMAP error 'mailbox INBOX does not exist' and lost Inbox messages (Proton Bridge, Win7)",send-receive,5,"Proton Bridge on unsupported Windows 7 with outdated TB 115 fails to expose the INBOX mailbox, so the folder is unsubscribed/empty and cached mail was lost.","""The mail server for account ***** responded with 'mailbox INBOX does not exist!'",True,2026-07-17,False,,False,True,True,4,1
1593448,Folders not transferred after switching account from IMAP to POP3,migration-import,3,"POP3 only retrieves the server maildrop (inbox) and has no folder concept, so IMAP folder hierarchy is not migrated; export/import is required.",How do I get all my E-mail folders from the IMAP into the new POP3 account. Nothing followed the changed accounts formats.,False,2026-07-18,False,,False,True,True,6,2
1593460,"Thunderbird OAuth app permission reappears on Microsoft account, suspected unauthorized access",encryption-security,4,"A Thunderbird client still holds a valid refresh token/password, so revoking consent in Microsoft account settings re-grants on next connect until the password is changed.","aunque intento quitar los permisos de esta aplicación desde la configuración de seguridad de mi cuenta, la vinculación vuelve a aparecer nuevamente",True,2026-07-18,False,,False,True,True,1,0
1593473,"Understanding Local Folders storage and quota, moving mail back to server",settings-config,1,Documentation/how-to gap on the role of the Local Folders account versus IMAP server storage.,"can you explain what is the status of a Local Folder, please. Does it count against the email allowance?",False,2026-07-18,True,Toad-Hall,True,False,True,2,1
1593479,British English dictionary bundled in Flatpak build not available in repo build,addons-extensions,2,"Flatpak packaging bundles a specific hunspell en-GB dictionary that isn't identified or shipped by distro repo builds, and ATN offers two ambiguous alternatives.","the British English dictionary, which is included in the flatpak version, isn't included in the linux repo version",False,2026-07-18,True,rednoise,True,False,True,2,1
1593486,Gmail messages no longer downloading while sending still works,send-receive,4,Gmail IMAP folder subscription/label settings or a stale OAuth token cause the connection to succeed but report no new mail.,Sinds zo'n 10 dagen haalt Thunderbird geen berichten meer op van mijn Gmail,True,2026-07-18,False,,False,True,True,1,0
1593498,'Your address is blocked' SMTP rejection with T-Online while webmail works,send-receive,4,"T-Online requires an app-specific/mail password or has flagged the client IP, so the provider's SMTP server rejects sends from Thunderbird.","diese Meldung erhalte ich , wenn ich senden möchte. T-Online.de Über den Web - accout funktioniert es.",False,2026-07-18,False,,False,True,True,1,0
1593507,Master password prompt bypassable by cancelling twice,encryption-security,5,"Primary password dialog cancellation path doesn't abort startup, leaving the profile accessible without decrypting stored credentials (though saved passwords remain locked).","indien men 2 x achtereen annuleren klikt op dit scherm men gewoon inlogt in Thunderbird , dus zonder wachtwoord in te geven",True,2026-07-18,False,,False,True,True,1,0
1593508,POP3 new mail delivered into nested Archives/Inbox mis-flagged as special Inbox,settings-config,4,"The MSG_FOLDER_FLAG_INBOX special-folder flag persisted in the folder's .msf/panacea cache got duplicated onto Archives/Inbox during profile migration, so POP delivery targets the first flagged folder.","new mail for a POP3 account (server1, account1) is being delivered into a nested folder ""Archives/Inbox"" instead of the account's real top-level ""Inbox""",True,2026-07-18,False,,False,True,True,1,0
1593523,Using copied profile on two computers simultaneously,migration-import,2,"Documentation-only issue: Mac-specific KB warning implies profiles can't be used concurrently, which is inaccurate for IMAP accounts.","They intend on using both ""Computer A"" and ""Computer B"" simultaneously.",False,2026-07-18,False,,False,False,True,2,1
1593524,Mailbox storage 97% full and cannot be reduced,other,3,Failed compaction or leftover duplicate mbox/msf files in the IMAP profile folder keep server/local quota high.,mam zajęte 97% i nie mogę tego zmiejszyć już odistalowałem pocztę wyczyściłem,False,2026-07-18,True,davidsk,True,True,True,1,0
1593528,POP3 download stalls and times out on one specific message,send-receive,4,"Antivirus email scanning proxy chokes on a malformed message and drops the POP3 connection, blocking all later mail.",the download stops on a specific email and will go no further. All 3 PCs stop at the same email.,False,2026-07-18,False,,False,True,True,1,0
1593536,How to insert a hyperlink in a composed message,ui-ux,1,How-to question; user unaware of paste-URL/Insert Link function in the composer.,I want to be able to include a hyperlink in the text of an email message.,False,2026-07-18,True,christ1,True,True,True,1,0
1593538,Comcast IMAP login failure despite correct password,account-login,4,Comcast now requires OAuth2; account configured with Normal Password authentication is rejected.,"""Login to server imap.comcast.net with username kfn.appraiser@comcast.net failed""",False,2026-07-18,False,,False,True,True,1,0
1593541,Replies from one specific sender never arrive,spam-filters,3,Server-side spam filtering or a local filter is diverting/rejecting that sender's messages before they reach the inbox.,I am not receiving email replies from one specfic email address,False,2026-07-18,False,,False,True,True,1,0
1593543,Gmail OAuth consent screen requesting 'permanently delete all email' permission,sync-oauth,3,"Google's OAuth scope description for full mail access is alarming users, who mistake the permission grant for an actual delete action.","I am plagued by demands that I allow Thunderbird to ""permanently delete all"" my email from Gmail.",True,2026-07-18,False,,False,True,True,1,0
1593554,Address books and contacts duplicated after restart,other,3,"Likely CardDAV/add-on re-sync creating duplicate address books, or user misreading the 'All Address Books' aggregate view.",I opened thunderbird yesterday and now I have double the contacts address books.,False,2026-07-18,False,,False,True,True,3,1
1593556,Address book contacts disappeared,other,5,"Likely abook.sqlite corruption or a failed CardDAV/address book sync that pruned entries, or user viewing a sub-list rather than the full book.",42 Entries. Have 5 left. Where did they go?,True,2026-07-18,False,,False,True,True,4,2
1593572,Send progress window doesn't close after sending,send-receive,2,"Known regression in the send progress dialog dismissal logic, fixed in an upcoming release.",the window doesn't close and will remain open until I press the cancel button,True,2026-07-18,False,,False,True,True,1,0
1593585,Adding a delete button to the message pane toolbar,ui-ux,1,User unaware of the existing Delete button/toolbar customization in the message header pane.,I'd like a delete-item on the message pane,False,2026-07-18,False,,False,True,True,1,0
1593587,Gmail POP3 authentication failure (STAT command did not succeed),sync-oauth,4,OAuth2 token cannot be obtained because cookies are blocked or auth method/server settings are wrong for pop.gmail.com.,Mail server pop.gmail.com responded: [AUTH] Username and password not accepted.,False,2026-07-18,False,,False,True,True,1,0
1593589,Message filters lose target folder and become disabled,spam-filters,4,"msgFilterRules.dat rewriting drops folder URIs when folder keys change or profile is written concurrently, disabling filters.","All message filters frequently lose ""Move message to.."" information. ""Enabled"" check boxes become unchecked",True,2026-07-18,False,,False,True,True,1,0
1593596,Duplicate address books with duplicated contacts,other,3,"Address book migration/sync created a second book with the same name, duplicating contacts.","I have double address books with the same name, that doubled my contacts.",True,2026-07-18,False,,False,True,True,1,0
1593615,Marketing emails show blank body due to blocked remote content,ui-ux,2,Remote content blocking prevents loading of images/stylesheets that constitute the whole message body.,My e-mails from Kohl's and others won't show body of ad,False,2026-07-19,True,wxie2016,True,False,False,1,0
1593633,How to compose and send a message,send-receive,1,"Basic user unfamiliarity with the compose workflow, no technical fault.",I WANT TO SEND MESSAGE TO PERSON VIA EMAIL,False,2026-07-19,False,,False,True,True,2,1
1593650,Cannot install/log in to Thunderbird mobile app,account-login,3,Unclear; need the device platform and exact error message from the app store or app.,Ik kan de app op mijn mobiel niet instaleren,False,2026-07-19,False,,False,True,True,1,0
1593662,Cannot install Thunderbird (Linux),other,3,User unfamiliar with Linux installation steps/package handling for Thunderbird.,Kan app niet instaleren,False,2026-07-19,False,,False,True,True,1,0
1593665,Cannot restore Thunderbird as default mail client,settings-config,2,Windows default-app association was taken over by another client and Thunderbird's default-client setting no longer reapplies through OS settings.,non riesco a riportare la configurazione precedente in cui Thunderbird era il cliente di posta predefinito,False,2026-07-19,False,,False,False,False,1,0
1593672,SMTP connection timeout on Linux until STARTTLS enabled,send-receive,4,"Provider (IONOS) changed to require STARTTLS, so the previously working implicit-TLS/plain port silently timed out.","I am getting the error ""connection timed out to connect to SMTP server""",True,2026-07-19,True,redsofa,True,False,False,1,1
1593673,iCloud CalDAV calendar syncs only one way; local Home calendar events not uploaded,calendar-tasks,3,"Events reside in Thunderbird's local 'Home' calendar rather than the CalDAV calendar, so they are never pushed to iCloud.",syncing the existing entries in the Thunderbird calendar does not work. They do not appear in the iCloud or iPhone calendar,False,2026-07-19,False,,False,False,True,16,4
1593676,"POP connection to pop.gmx.net reset, cannot send or receive",send-receive,5,Antivirus TLS interception or GMX server-side connection reset breaking POP session.,Error message is your server pop.gmx.net was reseted,False,2026-07-19,False,,False,True,True,1,0
1593687,Repeated daily password prompts after Windows update,account-login,3,"Stored credentials in the password manager are being invalidated or the profile/key database is not persisting, possibly due to OS credential or security software changes.",Thunderbird started asking for the password of my internet provider almost daily,True,2026-07-19,False,,False,False,False,0,0
1593701,Authentication failure after moving profile to new PC (iol.cz account),account-login,4,"The iol.cz mail service has been discontinued, so authentication can never succeed regardless of settings.","Pořád to chcr po mně heslo a když je zadám tak to hlásí ,že se to nepovedlo autentizovat",False,2026-07-19,False,,False,True,True,1,0
1593714,No built-in per-sender new mail notification alerts,settings-config,2,"Thunderbird filters lack a native 'notify' action, requiring add-ons like FiltaQuilla.",Is there any way to set an alert for specific senders,False,2026-07-19,False,,False,True,True,1,0
1593717,Account compromised; cannot recover changed mail password,encryption-security,5,Attacker changed the provider-side password; Thunderbird only caches credentials so recovery must come from the provider.,Someone hacked my thunderbird account and I can't get to it,True,2026-07-19,False,,False,True,True,1,0
1593722,Incorrect autocomplete addresses in compose To field,ui-ux,2,Stale entries in Collected Addresses address book feed autocomplete and are hard to discover/edit.,various email choices pop-up - but not all are correct. How can I add and/or correct those popup choices?,False,2026-07-19,False,,False,True,True,3,1
1593728,Yahoo POP download stalls and times out,send-receive,4,"Yahoo server-side throttling/outage on POP retrieval rather than a client bug, since another client eventually failed too.",logon appears ok but the d/l bar starts & then just times out,True,2026-07-19,True,dblazen84,True,False,False,1,1
1593731,SMTP 'relay denied' after switching ISP,send-receive,5,"After changing broadband provider, Thunderbird still uses the old ISP's SMTP server which now rejects relaying for non-subscribers or mismatched sender/auth credentials.",recipient rejected - relay denied,False,2026-07-19,False,,False,True,True,4,1
1593742,POP3 connection refused by mail server,send-receive,4,The POP3 host/port is unreachable or the hosting provider's mail service is down or blocking the connection.,"""pop3.mcetinplatinradyator bağlantı rededildi""",False,2026-07-19,False,,False,True,True,1,0
1593746,Wrong sender shown in From column of message list,ui-ux,3,"Message list row rendering/sorting desync in the thread pane (likely a table-view virtual list bug in 152+) causes the From cell to show another message's sender rather than corrupt index data, since repairing/deleting the .msf did not help.","the ""From"" is entirely different than the ""From"" description when looking at the email message list",True,2026-07-19,False,,False,False,True,16,10
1593771,Inconsistent/tiny font sizes on high-resolution ultrawide display,ui-ux,2,"Thunderbird UI/message fonts are fixed-pixel and don't scale on a 5120x1440 display at 100% scaling, and sender-specified message fonts override readable minimums.",Some Fonts in different Thunderbird 'panes' are unreadable without zooming in.,False,2026-07-20,False,,False,True,True,2,0
1593826,Corrupted Thunderbird profile backup archive cannot be restored,migration-import,5,"The ~20GB backup ZIP was truncated or corrupted during creation (size/compression limits), making the IMAP folder data unrecoverable.",manuel olarak zip dosyasini winrar ile açmak istedigimde imap dosyasinda hata oldugunu belirtiyor,True,2026-07-20,False,,False,True,True,1,0
1593827,Junk-marked spam keeps arriving in Inbox,spam-filters,2,Adaptive junk filter marks but does not auto-delete/move messages; no message filter configured for repeat senders.,"Even while being marked 'Undesirable', they stil coming again.",False,2026-07-20,False,,False,True,True,1,0
1593836,Inbox and Sent folders show 'no messages found',search-folders,5,Likely corrupted .msf index files or an active quick-filter/view setting hiding all messages after restart.,"non ho più accesso alla posta in arrivo e inviata. La scritta "" nessun messaggio trovato""",True,2026-07-20,False,,False,False,False,1,0
1593837,Inbox and Sent folders show 'no messages found',search-folders,5,Message database index corruption or a stuck view filter causes all messages to disappear mid-session.,"è uscita la frase ""nessun messaggio trovato""",True,2026-07-20,False,,False,False,False,1,0
1593839,Cannot find Reply button after UI change,ui-ux,2,"Redesigned message header toolbar in newer Thunderbird versions moved/hid the Reply control, confusing long-time users.",I used to click the incoming Email and a box was highlighted for Reply?,False,2026-07-20,False,,False,True,True,1,0
1593842,No built-in vacation auto-reply setting,settings-config,2,Thunderbird has no native out-of-office feature; auto-responders must be configured server-side via webmail.,İzinli olduğum günlerde otomatik mail göndermek istiyorum. Bu ayarı Thunderbird'te bulamadım.,False,2026-07-20,False,,False,True,True,1,0
1593845,Message filters not included in profile/account export-import backup,migration-import,3,"The account export feature does not include msgFilterRules.dat files, so filters are lost on restore.",vorrei sapere se nell'esportazione dei profili degli account sono compresi i filtri sui messaggi,True,2026-07-20,False,,False,False,False,3,1
1593858,Tabs blank after quitting Thunderbird during startup,ui-ux,3,"session.json is overwritten before tab contents load, so unloaded message tabs are persisted as empty (Bug 1904211).","If Thunderbird startup is stopped before tabs are loaded, they are lost.",True,2026-07-20,False,,False,True,True,4,1
1593859,Cannot import emailed .ics event into calendar (menu bar hidden),calendar-tasks,2,"Hidden menu bar on Windows makes Events and Tasks > Import inaccessible, and .ics double-click handling silently fails.",I just try opening the .ICS file with Thunderbird and nothing happens.,False,2026-07-20,True,Mapenzi,True,False,True,8,3
1593860,GoDaddy SMTP outgoing mail suddenly fails despite correct settings,send-receive,4,Provider-side SMTP authentication/policy change (possibly OAuth or app-password requirement) breaking previously working credentials.,Incomin mails work fine ... the email send from thunderbird mail doesnt work,True,2026-07-20,False,,False,False,False,0,0
1593862,"""No messages found"" - mailbox suddenly inaccessible",search-folders,4,Likely an active quick-filter/search or corrupted folder index hiding messages after IMAP resync.,"E' USCITA LA SCRITTA ""NESSUN MESSAGIUO TROVATO"" LA POSTA NON E' PIU' ACCESSIBILE",False,2026-07-20,False,,False,False,False,1,0
1593867,TalkTalk email migrated to EveryMail requires new server settings,settings-config,4,"Provider outsourced mail hosting and retired talktalk.net IMAP/SMTP hosts, so stored server names no longer resolve/authenticate.",TalkTalk have outsourced their email to Everymail... We have stopped getting email and can’t send any for a week now.,True,2026-07-20,True,davidsk,True,False,True,5,3
1593869,TalkTalk email migrated to EveryMail requires new server settings,settings-config,4,Same provider migration; obsolete TalkTalk server hostnames break send/receive.,No email for a week and cannot send any. Suspect email servers have changed since outsource,False,2026-07-20,False,,False,True,True,1,0
1593871,Thunderbird freezes/locks up on Windows 11,performance-crash,4,Unclear without details; would need profile/add-on info and hang stacks to determine cause.,Still having issues with Thunderbird locking up using Windows 11.,False,2026-07-20,False,,False,True,True,1,0
1593872,"Cannot delete obsolete email account, repeated login prompts",account-login,2,User can't locate Account Settings delete option because the menu bar is hidden; defunct account keeps prompting for credentials.,I continue to get message about long-ago email address. I cannot delete or even sign into this.,False,2026-07-20,False,,False,True,True,5,2
1593874,Cannot configure iol.cz account on new Windows 11 install (defunct provider),account-login,3,"The iol.cz mailbox service has been discontinued by the provider, so no valid IMAP/SMTP servers exist.",Pomůže mi prosím někdo vyřešit problém s instalací a přípojením windows 11 pro na moji placenou adresu audioprodukt@iol.cz,False,2026-07-20,False,,False,True,True,1,0
1593882,Compose button missing from toolbar after UI change,ui-ux,2,New unified toolbar defaults or user customization removed the Write/Compose button from the visible toolbar.,"I can't find the ""compose"" button that used to be on the ""home page"" of my Thunderbird email.",False,2026-07-20,False,,False,True,True,2,0
1593895,Repeated 'could not open index file / path too long' popups with hundreds of accounts,performance-crash,4,"Deeply nested mail profile paths exceed Windows MAX_PATH for .msf index files, and there is no preference to suppress the modal alert.","Не удалось открыть индексный файл для 'Входящие на [email]'. Возможно, произошла ошибка на диске или полный путь превышает допустимую длину.",True,2026-07-20,False,,False,False,False,0,0
1593906,No discoverable font-size/accessibility controls for visually impaired users,ui-ux,3,"Accessibility zoom/font settings are buried in menus with no in-app guidance, making them undiscoverable.","I am visually impaired and need to increase the font and make them clearer, but I can't find any help with that problem.",False,2026-07-20,False,,False,True,True,1,0
1593911,No way to whitelist an entire sender domain from junk filtering,spam-filters,2,"Junk whitelist only supports address-book entries, so domain-level exemptions require manual message filters.",However I need to whitelist the entire domain of my school. How do I do this?,False,2026-07-20,True,davidsk,True,False,True,2,1
1593912,Attachments cannot be opened in Snap build (no helper apps available),attachments,4,"Snap sandbox confinement prevents Thunderbird from enumerating or launching host helper applications, so 'Open With' lists no apps.",Since Thunderbird update to Snap ... opening attachments ceased to work.,True,2026-07-20,True,rednoise,True,True,True,4,1
1593915,Remote content notification bar Options button moved to left side,ui-ux,1,"Redesign of the notification bar relocated the action button, breaking long-standing muscle memory.",the Options button on the remote content box was moved to the left side,False,2026-07-20,False,,False,True,True,1,0
1593916,Password prompt on every send/receive despite saved credentials,account-login,4,Corrupt cookies/password store prevented credential persistence for the Earthlink SMTP/IMAP session.,Thunderbird requires Earthlink's password each time an email is sent,False,2026-07-20,True,rednoise,True,False,True,2,1
1593924,Save Draft leaves Drafts folder empty,send-receive,4,"Drafts folder is misconfigured or server-side save fails silently when provider connection is broken, so the draft is discarded.","After ""Save"" ing it, my draft folder is empty. Tried this twice... same result.",True,2026-07-20,False,,False,False,False,0,0
1593928,Password prompt rejects all passwords when receiving mail,account-login,5,"Provider now requires an app-specific password or OAuth instead of the plain account password, so all entered passwords fail.","Thunderbird wants me to enter my password to receive messages. I have tried my Mozilla,Google, and ISP passwords and thunderbird will not accept any of them.",False,2026-07-20,True,rednoise,True,True,True,1,0
1593940,Cannot alphabetize folders; new folder created in wrong parent,search-folders,2,"Pre-15x versions lack folder sort/reset ordering, and New Folder inherits parent from the right-clicked node.","When I name a new file folder, how do I get it in the correct alphabetical order?",False,2026-07-20,False,,False,False,True,8,4
1593946,Cannot send email after Thunderbird update (SMTP failure with rcn.com),send-receive,5,Post-update change to SMTP connection security/authentication defaults (or stale cached server settings) breaks outgoing mail to rcn.com's server.,Cannot send email on Thunderbird suddenly. This happened after Thunderbird update,True,2026-07-20,False,,False,False,False,0,0
1593948,Filtering spoofed-ISP spam by comparing From/Received headers,spam-filters,2,"Filters lack the ability to match arbitrary headers like Received without custom header configuration, so spoofed-sender rules are hard to express.",If Subject includes Sonic AND From does not include Sonic Then Send to Trash,False,2026-07-20,False,,False,False,True,2,1
1593949,Will reinstalling Thunderbird delete saved emails,other,1,User is unaware that mail lives in a separate profile folder from the application binaries.,"if i uninstall thunderbird and reinstall it, will I lose my saved emails?",False,2026-07-20,False,,False,True,True,1,0
1593953,Images in messages not displaying,ui-ux,2,"Remote content blocking is enabled in Privacy & Security settings, preventing external images from loading.",images not sowing despite recommended fixes,False,2026-07-21,False,,False,True,True,1,0
1593955,Account setup fails: 'failed to find the settings for your email account' (Sonic.net IMAP),account-login,4,"Autoconfig lookup for sonic.net returns no result, and the user entered incorrect manual hostnames (imap.sonic.net vs mail.sonic.net).",'Mozilla Thunderbird failed to find the settings for your email account',False,2026-07-21,False,,False,True,True,9,5
1593974,Cannot save drafts to IMAP Drafts folder — network error,send-receive,3,"IMAP connection to the server's Drafts folder times out or is denied, so draft upload fails; workaround is saving to local folders.",Then says can't save due to Network problems or access.,False,2026-07-21,False,,False,False,True,2,1
1593992,Unwanted account/connection dialog appearing at Thunderbird startup,account-login,2,"A leftover, never-configured account in prefs.js triggers a connection/setup prompt on each launch.",¿Por qué me sale esta ventana al iniciar thunderbird? ¿Cómo puedo quitarla?,False,2026-07-21,False,,False,True,True,1,0
1593997,userChrome.css customization of message list header background color,ui-ux,1,"New tree-table header markup requires different CSS selectors than older builds, which is undocumented.",I need help with identifying what to specify for the message header row,False,2026-07-21,True,Mapenzi,True,False,True,2,1
1594009,Every message appears twice in Inbox (duplicate messages),send-receive,3,Likely duplicate account/POP retrieval configuration or an index/msf corruption causing every message to be listed twice.,alle berichten worden 2 keer getoond.,True,2026-07-21,False,,False,False,True,4,2
1594015,BT internet SMTP authentication failure — cannot send,account-login,5,"BT now requires an app-specific password or OAuth for SMTP, so the stored plain password fails authentication on mail.btinternet.com.",Unable to authenticate to outgoing server (SMTP),True,2026-07-21,False,,False,False,False,0,0
1594019,Recovering archived emails and Thunderbird account after computer crash without old password,migration-import,4,"User lacks a profile backup and account credentials, so local mail archives from the dead machine's disk must be re-imported manually.",How can I set up my old Thunderbird account again without loss of any archived emails. PS: I don't have the old password anymore either.,False,2026-07-21,False,,False,False,False,0,0
1594020,Yahoo SMTP connection refused when sending,send-receive,5,"Yahoo's smtp server refusing OAuth2/SSL connections, possibly expired OAuth token or provider-side throttling/blocking.",The message could not be sent because connecting to outgoing server SMTP.mail.yahoo.com failed.,True,2026-07-21,False,,False,False,False,0,0
1594028,IMAP host imap.ziggo.nl fails to resolve (DNS error),account-login,4,DNS resolution failure or wrong/obsolete Ziggo IMAP hostname in account setup.,Netwerkfout Unaniem to resolve host imap.ziggo.nl no adressen associated with hostname,False,2026-07-21,False,,False,True,True,2,1
1594031,Sudden inability to send or receive email with no details,send-receive,5,"Unknown; need Thunderbird version, OS, provider, account type and exact error text to diagnose.","I suddenly am unable to Send or Receive emails. Was OK yesterday morning, but by evening I could not?",False,2026-07-21,False,,False,True,True,3,2
1594032,Junk filter not learning; repeat spam from same senders,spam-filters,2,"User isn't training the adaptive Bayesian filter by marking messages as junk, so it never learns those senders.","if it is learning what is spam, how come I continue to get spam email from the same senders?",False,2026-07-21,False,,False,True,True,1,0
1594042,Password prompt persists for deleted email account,account-login,3,Removed mail account still referenced by a leftover calendar or address book entry that keeps requesting credentials.,de mail die niet meer bestaat bij ziggo komt nu ook naar voren,False,2026-07-21,False,,False,True,True,1,0
1594049,All mail folders disappeared from Thunderbird,search-folders,5,Profile not loaded (new/default profile created) so accounts and folders appear missing.,all email folders have disappeared why???,True,2026-07-21,False,,False,False,True,6,4
1594051,Enter key produces double line spacing in composer,ui-ux,2,Composer still using paragraph formatting/CSS margins despite unchecking paragraph format setting.,A return/Enter command causes two line spacing. I have unchecked Use Paragraph Format,False,2026-07-21,False,,False,False,False,0,0
1594053,Links and email addresses display in turquoise instead of black,ui-ux,1,Auto-linkification applies default link color from theme/composer CSS after a recent update.,web page links and e-mail addresses auto display in turquoise instead of matching the main text in legible black,False,2026-07-21,False,,False,False,False,1,1
1594054,"Deleted account's SMTP server still set as default, blocking sending",settings-config,4,"Removing an account does not reassign the default outgoing SMTP server, leaving new accounts pointing at a stale deleted-account SMTP entry.",We can't send emails because Thunderbird is asking us for the passwords of the deleted email accounts.,True,2026-07-21,True,MichelT,True,False,True,6,3
1594055,SMTP send/receive failure after Google account changes ('Email rejected'),send-receive,5,Likely outdated/incorrect SMTP authentication (password instead of OAuth2) after Google tightened auth requirements.,The mail server responded: Email rejected. Please verify that your email address is correct in your account settings,True,2026-07-21,False,,False,True,True,1,0
1594062,How to create filter that auto-deletes messages from a sender without keeping them in Trash,settings-config,2,User unaware of the filter 'Delete' action and Trash retention policy settings; discoverability issue.,I want to create a filter which will delete them so I won't see them at all (auto deleted).,False,2026-07-21,True,rednoise,True,True,True,3,1
1594071,Thunderbird freezes/hangs within minutes of startup on Windows 11,performance-crash,4,Possible antivirus scanning interference or profile/index corruption causing UI thread lock-up.,T-Bird freezes/hangs within minutes of startup,True,2026-07-21,False,,False,True,True,1,0
1594079,No updates offered on 140 ESR; how to move to latest release channel,other,2,User is on the ESR channel which does not auto-offer the newer release channel builds.,I am on release 140.12.1 esr and there appears to be no new updates available.,False,2026-07-21,True,rednoise,True,True,True,1,0
1594090,Signature separator '--' inserted before signature,settings-config,1,Standard RFC signature delimiter added automatically; suppress_signature_separator pref defaults to false.,Ich erhalte seltsame Zeiche bei meiner Signatur. Beispiel -- Viele Grüße.,False,2026-07-21,False,,False,True,True,1,0
1594092,Cannot set up GoDaddy-hosted Microsoft 365 account; autoconfig gives wrong server and no OAuth2 option,account-login,4,Autoconfiguration resolves the vanity domain instead of outlook.office365.com and fails to offer OAuth2 required by Microsoft.,"For authentication, there was not an OAuth2 option, I tried Autodetect and Normal password, neither worked.",True,2026-07-21,False,,False,False,False,0,0
1594099,"Folder and subfolders disappear after moving folder, visible only in troubleshooting mode",search-folders,4,An add-on or corrupted folder pane view/mode state hides the moved folder tree after the move.,I moved a folder and all of the emails and sub folders disappeared. When I open it in troubleshooting mode they are there.,True,2026-07-21,False,,False,False,False,0,0
1594109,"Password prompt required after each Thunderbird restart, previously remembered",account-login,3,Saved credential lost or password manager/OAuth token no longer persisted in the profile.,Why do I need to re-enter p/w after close of thunderbird? Never had to before.,False,2026-07-21,False,,False,False,False,0,0
1594115,New account shows no Sent folder and messages appear not to send in Unified Folders view,ui-ux,3,"Unified Folders only displays per-account special folders once they exist locally, so an unused Sent folder is not shown.","the info@ account does not display a Sent folder, and will not send messages",False,2026-07-21,True,Electrojim,True,True,True,3,1
1594117,User cannot find how to send a composed message,send-receive,2,Basic usability/how-to; possibly hidden menu bar or unclear Send control.,I need to send email that I wrote and can not get it to send,False,2026-07-21,False,,False,True,True,1,0
1594130,Email account shows blank/empty message pane on load,ui-ux,4,Likely a corrupted message store/index or rendering failure preventing message list and body display; need account type and version details.,"the email account does not load. And if anything shows up, it's an empty page",False,2026-07-22,False,,False,False,False,0,0
1594139,Cannot remove stale addresses from address autocomplete cache,settings-config,2,"Autocomplete draws from the global-messages-db.sqlite gloda index of 20 years of mail, which has no per-entry deletion UI.",Please enlighten me on how to clear out the junk email addresses in my autocomplete cache.,False,2026-07-22,False,,False,True,True,7,1
1594142,'Profile does not exist' error prevents Thunderbird from starting,performance-crash,5,"profiles.ini or the profile directory was moved/deleted (possibly by OS cleanup or a profile-selector change), so Thunderbird cannot locate the profile.",プロファイルが存在しませんというエラーメッセージが出て、アプリを開けません,True,2026-07-22,False,,False,False,False,0,0
1594178,SMTP sending fails with 'MAIL FROM' server error while receiving works,send-receive,5,Outgoing SMTP identity/authentication mismatch (Gmail address in MAIL FROM rejected by provider's SMTP after network outage/credential invalidation).,IL SERVER DI POSTA HA RISPOSTO: MAIL FROM: [RIMOSSO]@gmail.com verificare l'indirizzo email nelle impostazioni dell'account,False,2026-07-22,False,,False,False,False,1,0
1594179,Password rejected during new account setup,account-login,4,"Provider likely requires an app-specific password or OAuth, or autoconfig picked wrong server/auth method during initial setup.","beim Einloggen werde ich nach meinem Namen, meiner Emailadresse und nach meinem Emailpasswort gefragt, doch leider wird mir immer ein Fehler angezeigt!",False,2026-07-22,False,,False,True,True,1,0
1594201,Hotmail/Outlook.com login fails in Thunderbird but works on web,sync-oauth,4,Microsoft OAuth2 authorization flow failing or account configured with basic auth which Microsoft has disabled.,"Tôi không thể đăng nhập các tài khoản hotmail trên thunderbird, mặc dù những tài khoản đó có thể đăng nhập trêm trang web",True,2026-07-22,False,,False,False,False,0,0
1594211,Message filter runs manually but not automatically on new mail,spam-filters,3,Filter-on-download only applies to POP or IMAP inbox at biff time; server-side moves or the 'matches' operator on IMAP folders may bypass automatic filtering.,The filter works well when run manually but not on download.,False,2026-07-22,False,,False,False,False,0,0
1594212,Repeated password prompts at every Thunderbird startup,account-login,3,"Password manager/OAuth token not persisting, likely a corrupted logins.json or key database, or OS keyring access failure.",Recently when I open TB emails I have to login. Sometimes more than once before I get into my emails.,False,2026-07-22,False,,False,False,False,0,0
1594234,Sent folder not visible in folder pane,search-folders,2,Folder not subscribed/synchronized or special-folder mapping not set for the account.,Where can I see my sent folder ?,False,2026-07-22,False,,False,True,True,1,0
1594241,CalDAV calendar connection reset errors at Thunderbird startup,calendar-tasks,2,"Simultaneous parallel CalDAV requests at startup exhaust server connections or race with network availability, causing transient resets.","Whenever I start Thunderbird, I get multiple (2 or 3) connection reset errors for random CalDAV calendars.",True,2026-07-22,False,,False,False,False,0,0
1594243,Gmail IMAP login failure requiring OAuth2 authentication method,account-login,4,"Google no longer accepts normal password auth for third-party clients, so the account must be switched to OAuth2 for both incoming and SMTP servers.","""login to server imap.gmail.com with username [redacted]@gmail.com failed.""",False,2026-07-22,True,bbonacci,True,False,False,4,2
1594255,Google subscribed calendar (team schedule) not syncing to Thunderbird,calendar-tasks,2,"Subscribed/holiday-style Google calendars are not exposed via the user's CalDAV account list, requiring the secret ICS URL instead.","The KC Chiefs schedule displays correctly in Google, but does not display in Thunderbird.",False,2026-07-22,False,,False,False,False,0,0
1594256,Account setup hangs at CardDAV/CalDAV autodiscovery for Orange account,account-login,3,"Autoconfig's contacts/calendar discovery step stalls against orange.fr endpoints, and a stray duplicate SMTP server entry was created.","when I get to the contact and calendar search stage, it just keeps spinning",True,2026-07-22,False,,False,True,True,5,2
1594260,Loss of composed message body — draft autosave not occurring,other,4,"Autosave appears to fail silently (possibly blocked by a missing OneDrive attachment error dialog), so long compositions are lost entirely.",I lost the entire body of a rather detailed email I was composing,True,2026-07-22,True,MichelT,True,False,True,2,1
1594265,SMTP connection to smtp.office365.com fails after update,send-receive,5,Likely local network/proxy or firewall blockage (Firefox also fails) or lost OAuth2 authorization for Office365 SMTP after the update.,la connessione al server in uscita (SMTP) smtp.office365.com non è riuscita,False,2026-07-22,False,,False,False,False,1,0
1594284,Moved message still appears in Inbox (unified 'All Messages' view) for screenreader user,ui-ux,2,"The user is viewing the unified/All Messages folder, so moved mail still appears listed rather than a real move failure.",dan wordt het bericht wel verplaatst maar blijft ook in postvak in staan,False,2026-07-22,True,Mozilla-assistent,True,True,True,1,0
1594288,Repeated password prompts loop for Virgin Media and Gmail accounts,account-login,5,Stored credentials/OAuth tokens fail to persist or auth method mismatch causes an endless re-prompt loop.,why does it keep asking for passwords every few seconds?,True,2026-07-22,False,,False,False,False,1,1
1594295,How to bulk delete thousands of old emails,other,1,No defect; user unaware of Edit > Select All then Delete.,I just want to remove all e-mails at once.,False,2026-07-22,False,,False,True,True,1,0
1594302,Message body blank in all folders after moving a folder into a subfolder,search-folders,3,Folder move invalidates the in-memory msf/database mapping so message body retrieval fails until restart.,moving a folder with its emails to a subfolder makes it so I can't see the contents of the emails,True,2026-07-22,False,,False,False,False,0,0
1594319,Gmail SMTP timeout and failure to copy to Sent/Drafts folders,send-receive,4,Network latency or connection throttling to smtp.gmail.com/IMAP causes timeouts during send and folder copy.,the connection to Outgoing server (SMTP) smtp.gmail.com timed out,False,2026-07-22,False,,False,True,True,1,0
1594335,Email links open a new Firefox instance without the user's profile/settings,other,3,"Thunderbird invokes the OS default browser handler which launched Firefox with a fresh/temporary profile, likely a Windows default-app association or Firefox profile-default mismatch.",clicking on a link opens a whole new Firefox with NO profiles,True,2026-07-22,True,xyz10,True,True,True,5,3
1594346,All mail folders and messages missing after 140.13 update (profile reset),migration-import,5,"Update caused Thunderbird to create/point to a new profile, leaving the original profile data orphaned on disk.","The update 140.13 messed up my computer-again. My Mozilla Thunderbird emails, folders are gone",True,2026-07-23,False,,False,True,True,1,0
1594355,New mail arrives much slower in Thunderbird than in Comcast webmail after upgrade,performance-crash,3,"Longer default fetch/poll interval or slow IMAP sync in the new version versus webmail push, plus image placeholder rendering changes from the sender.",the mail is taking forever to load it take maybe 5 minutes and it is already in Comcast mail before i get it in Thunderbird,False,2026-07-23,False,,False,True,True,12,7
1594359,Cannot remove bundled US English dictionary to make Canadian English default,settings-config,1,"The en-US dictionary is bundled with the application and cannot be uninstalled, only overridden by the default language setting.",I'd like to uninstall it so that the Canadian English dictionary is the default one.,False,2026-07-23,False,,False,True,True,1,0
1594392,How to block all messages from specific senders,spam-filters,2,User needs message filters or sender blocking; no technical fault indicated.,"E' possibile bloccare tutti i messaggi che provengono da ""GruppoGainbow""",False,2026-07-23,False,,False,False,False,1,0
1594394,IMAP folders not appearing after fresh install of 153.0,search-folders,4,"Folder subscription list not fetched or folders unsubscribed in the new account setup, rather than any browser interference.",cannot get imap folders. have tried everything. i can see the imap folders on other devices,True,2026-07-23,False,,False,False,False,1,0
1594400,Cannot selectively disable 'Connection to server timed out' notifications,settings-config,2,Thunderbird lacks granular notification controls separating connection-error alerts from new-mail/calendar alerts.,I'd like to turn of this notification without turning off notifications for new email and calendar events.,True,2026-07-23,False,,False,False,False,1,0
1594407,Rich-text formatting in Yahoo/AOL webmail broken in Firefox (wrong product),other,2,Firefox selection/contenteditable behavior loses highlight when a webmail toolbar formatting control is clicked; unrelated to Thunderbird.,"soon as i press one of the options to edit , the highlighting dissappears",False,2026-07-23,False,,False,False,True,6,2
1594410,Cannot send mail: server rejects with BeGet MX record error,send-receive,5,Hosting provider requires the sending domain to have its MX records pointed at BeGet; a server-side DNS/config issue.,You can send from only domains with BeGet MX records in DNS,False,2026-07-23,False,,False,True,True,1,0
1594418,Recovering important emails deleted from the trash folder,other,4,"Messages were purged/compacted from Trash, so recovery requires file-level undelete or server/backup copies.",Nu heb ik per ongeluk zeer belangrijke mails verwijderd 😪 in de prullenbak !!,False,2026-07-23,False,,False,True,True,2,0
1594433,Address books disappeared after password change / new profile created,other,4,"Thunderbird likely started with a freshly created profile, so abook.sqlite from the old profile folder is not being loaded.",My address books have disappeared from Thunderbird,False,2026-07-23,False,,False,True,True,1,0
1594444,Wrong default identity used for mailto: links from browser,settings-config,2,mailto handoff uses the default/first account rather than a user-configurable identity.,I have to manually change which email I want to send from,False,2026-07-23,False,,False,False,False,0,0
1594449,McAfee flags Thunderbird temp newmsg file as Trojan:Win/SuspiciousAttachmentScript.a,encryption-security,3,Antivirus heuristic false positive scanning Thunderbird's temp newmsg files during message download.,MCafee reageert enkel met een melding local/temp/newmsg 1 Win/suspiciousAttechmentScript.a,True,2026-07-23,False,,False,True,True,7,3
1594450,Confusion between 140esr and 153esr release channels,other,1,Overlapping ESR series with staged auto-update rollout confuses users about version numbering.,I'm confuse because 140.13.0esr was just updated on my system.,False,2026-07-23,True,christ1,True,False,True,2,1
1594453,Send button missing in compose window after 153 upgrade,ui-ux,3,Upgrade to 153 reset/failed to migrate toolbar and menu toggle settings in the compose window.,"After updating to version 153, the send bottom disappeared from any written message.",True,2026-07-23,True,uwe.koch.k,True,False,False,1,1
1594462,IMAP sync deletes local mail after server mailbox restored empty,send-receive,5,"IMAP is server-authoritative, so an emptied server mailbox purges the local cache; ImportExportTools NG export also silently truncated the backup.","I fear that when it's done, during the next IMAP sync, my Thunderbird will delete all local emails.",True,2026-07-23,False,,False,False,True,2,1
1594470,Mailing list cannot add a contact's secondary email address,other,2,"Mailing list entries resolve by contact card and always substitute the primary email, ignoring the secondary address.",the Group List will re-list the primary address a second time and not accept a secondary email address,True,2026-07-23,False,,False,True,True,1,0
1594478,Outgoing mail rejected by provider as high-likelihood spam,send-receive,4,"Server-side outbound spam filtering at the provider, not a Thunderbird fault.",Your message has been rejected because you have been detected sending high likelyhood spam.,False,2026-07-23,False,,False,True,True,1,0
1594479,Migrating Thunderbird profile from Windows 10 to Windows 11,migration-import,2,User needs guidance on profile folder copy; no technical defect indicated.,I want to transfer my Mozilla products capability and activity history from former Windows 10 platform to Windows 11,False,2026-07-23,False,,False,False,False,0,0
1594484,Cannot import Apple Calendar .icbu backup file,migration-import,3,Thunderbird only imports .ics; the Apple .icbu bundle must be unpacked/exported to ICS first.,I have Apple Calendar export as .icbu file. Can you help me import to Thunderbird 115.18.0?,False,2026-07-23,False,,False,False,False,0,0
1594485,"Message could not be saved to local Sent folder, suspected storage limit",other,3,Likely a server-side quota or disk/permission error on the local mail store rather than any Thunderbird-imposed limit.,a popup said it could not be saved to the local sent folder because maybe I reached my storage limit,False,2026-07-23,False,,False,False,True,2,1
1594493,QR code pairing between Thunderbird desktop and Android not working,sync-oauth,3,"QR-based account transfer feature fails to generate or be scanned, possibly version mismatch between desktop and Android app.",I don't have a QR to complete Finishing,True,2026-07-23,False,,False,True,True,1,0
1594496,Hiding the Thundermail sign-in menu entry in Thunderbird 153,ui-ux,2,"New Thundermail promotion menu item is enabled by default with no UI toggle, requiring pref/userChrome.css workaround.","If you are using the release level of 153, and prefer not to see the Thundermail menu entry",True,2026-07-23,True,siffemoz,True,True,True,4,1
1594502,"Password prompt on every restart, credentials not remembered",account-login,3,'Use Password Manager to remember this password' was unchecked so credentials were never persisted for IMAP and SMTP.,Thunderbird won`t respond unless password entered after restart or close every time.,False,2026-07-23,True,bbonacci,True,False,False,4,2
1594503,ESR 140 to release channel update fails with pending uninstall reboot loop,performance-crash,3,"Installer leaves a pending-uninstall registry/file-rename operation that never completes, blocking the channel switch.","It concludes with a pop-up saying I must ""reboot to finish a Thunderbird de-install""",True,2026-07-23,True,christ1,True,False,True,2,1
1594504,Moved message still appears in All Mail virtual folder (accessibility user),search-folders,2,Gmail's All Mail is a virtual/label folder so moving a message out of Inbox does not remove it from All Mail.,Is het mogelijk dat u het onderdeel Alle berichten hebt geselecteerd in plaats van alleen Postvak IN?,False,2026-07-23,False,,False,True,True,1,0
1594506,Message header pane occupies most of window leaving no room to read email,ui-ux,3,"Header pane splitter dragged down or header display set to 'All', shrinking the message body area.","More than HALF the screen is taken up by a fixed Header. This leaves only 2"" high to read the email.",False,2026-07-23,False,,False,True,True,8,3
1594508,Message preview pane missing after reinstall,ui-ux,2,Message pane was toggled off (F8) in the fresh profile/layout after reinstall.,I always liked to have Thunderbird show a list of my emails with a window below to show the content,False,2026-07-23,True,christ1,True,True,True,1,0
1594521,Choosing a custom install directory before installing on Linux,settings-config,2,Debian package installs to fixed system paths; user needs manual tarball install to control location.,"Before I install the Thunderbird mail app, I want to setup a new directory for it to install",False,2026-07-23,False,,False,False,False,0,0
1594524,Message filters lack relative date matching,settings-config,2,"Filter date conditions only accept absolute dates ('is before/after'), with no built-in relative age operator.",Does the Date field in Filters accept relative dates?,False,2026-07-23,False,,False,False,False,0,0
1594528,Thunderbird account will not open (troubleshooting dump only),other,3,Unclear — user pasted troubleshooting information without describing symptoms; would need the actual error and whether profile/POP account fails to load.,My Thurnderbird email account is not opening,False,2026-07-23,False,,False,False,False,0,0
1594536,Login to mail server failed for tds.net account,account-login,4,Provider-side password/authentication or server setting change causing stored credentials to be rejected.,However 2 days ago it failed to do so. How do I fix that. Is the problem with TDS or Thunderbird.,False,2026-07-23,False,,False,False,False,0,0
1594540,"Export/import tool only migrates Inbox, not other folders",migration-import,3,"Profile export/import feature incompletely copies mail store subfolders, so only Inbox messages are transferred cross-platform.","The problem is the only ""messages"" it exports is the Inbox. Not ""Sent"" or any of the other 25 folders",True,2026-07-23,False,,False,True,True,1,0
1594541,Mac reboots when launching Thunderbird 60 on old macOS,performance-crash,4,Kernel panic likely triggered by legacy GPU/graphics driver interaction with the very old Thunderbird 60 build on unsupported macOS 10.12.,When I open Thunderbird (version 60.9.0) it restarts the Mac.,False,2026-07-23,False,,False,False,False,0,0
1594543,Password no longer accepted at sign-in,account-login,4,"Provider requires app-password/OAuth or stored credential is stale, causing repeated authentication rejection.",Can not get my password to be accepted.,False,2026-07-23,False,,False,True,True,1,0
1594554,No new mail arriving in Inbox,send-receive,4,"Likely filters, wrong folder subscription, or server fetch failure preventing incoming messages from landing in Inbox.",sending info directions to my Inbox and I'm not receiving these emails,False,2026-07-23,False,,False,True,True,1,0
1594575,Exclude one member from a mailing/distribution list when sending,settings-config,2,No per-send exclusion feature exists for address book mailing lists; list expansion is all-or-nothing.,I would like to exclude him from receiving that mail. How can I do this without removing him from the group list each time?,False,2026-07-24,False,,False,False,False,0,0
1594580,Gmail inbox messages disappeared after switching Google accounts,account-login,5,"Account credentials/identity changed so Thunderbird resynced against the other Gmail account, hiding or removing the original IMAP mail store.",My entire inbox of emails for my gmail account were not there.,True,2026-07-24,False,,False,True,True,1,0
1594584,POP download stalls on one message (Norton antivirus email scanning),send-receive,4,"Norton 360 email scanning silently fails on a malformed/attachment-bearing message, halting the POP download queue at 'message 1 of 374'.",The script at the bottom of m screen reads 'Downloading message 1 of 374...',True,2026-07-24,True,MichelT,True,True,True,11,5
1594594,How to block a sender in Thunderbird,spam-filters,2,"Thunderbird lacks a built-in block-sender feature, so users must resort to message filters.",Please would you advise how to block an email.,False,2026-07-24,False,,False,True,True,3,0
1594596,PDF attachment preview fails after changing default PDF app to Foxit,attachments,3,"Thunderbird's internal PDF handling/preview relies on the registered helper app or built-in pdf.js, and the new handler association breaks inline preview when composing.","when composing a new message, I'm having trouble viewing PDF attachments",True,2026-07-24,False,,False,False,False,0,0
1594604,"""Current operation on Inbox did not succeed"" error on Yahoo IMAP account",send-receive,4,"Yahoo IMAP server rejects or throttles the connection (likely requiring an app password/OAuth), causing repeated folder operation failures.",Only appears to happen on Yahoo account. All settings redone.,False,2026-07-24,False,,False,False,False,0,0
1594614,Sent folder mapped to Local Folders instead of Gmail with missing sent mail,settings-config,3,Account's Copies & Folders setting points to Local Folders rather than the Gmail IMAP [Gmail]/Sent Mail folder.,My “Sent” folder is now under my “Local” folder. How can I move it back under “Gmail”?,False,2026-07-24,False,,False,False,False,0,0
1594624,Gmail All Mail folder shows duplicate messages with import date,sync-oauth,2,"Gmail's All Mail label duplicates every labelled message, and Thunderbird displays the local download date rather than the original date for these copies.","TB heeft ook een map aangemaakt met ""alle emails"" en daarin staan betreffende emails uit de submappen nog een keer",False,2026-07-24,False,,False,True,True,1,0
1594628,Local Folders no longer visible in folder pane,search-folders,4,Corrupted folder index/prefs or hidden Local Folders account requiring folder repair or reinstall.,Zie mijn Lokale mappen niet meer,False,2026-07-24,True,markh2,True,True,True,1,0
1594630,Cannot add new email account,account-login,4,"Unclear — need the provider, error message, and Thunderbird version to diagnose autoconfig or authentication failure.",Can not install new Emailaccount,False,2026-07-24,False,,False,True,True,2,0
1594638,Legitimate sender's mail repeatedly classified as spam,spam-filters,2,Server-side spam filtering at the provider marks the domain as junk before Thunderbird retrieves it.,emails from @allsaintseastbourne.com keep going into spam rather than my inbox,False,2026-07-24,False,,False,True,True,1,0
1594642,Opened attachments left as temp copies on disk (privacy concern),attachments,3,Long-standing macOS bug saves opened attachments to Desktop/temp without cleanup unless deleteTempFileOnExit is set.,Sometimes these documents are sensitive and I want to assure any temporary copies are deleted,False,2026-07-24,False,,False,True,True,1,0
1594656,POP account stops downloading mail while repeatedly fetching one spam message,send-receive,4,A malformed/looping message plus a stuck POP operation blocked the download queue and prevented compaction until the server-side state cleared.,"Thunderbird tells me there are 110 emails (and counting) on the server, but won't retrieve them",True,2026-07-24,True,apstudio4075,True,False,False,2,2
1594664,Confusion upgrading from 140 ESR to Thunderbird 153,other,2,Unclear/contradictory documentation about ESR vs Release channels and manual upgrade path leaves users unable to find the new version.,The information regarding Version 153 and downloading it is confusing.,True,2026-07-24,False,,False,True,True,1,0
1594672,Message list empty / startup donation screen blocks mail view,ui-ux,3,"View > Messages filter is set to hide all message types, leaving an empty list behind the startup/donation screen.","I can't open my mail on my desktop, it keeps asking me to donate which I did before.",False,2026-07-24,False,,False,True,True,1,0
1594673,"Stuck in Local Folders, cannot return to inbox",ui-ux,2,Folder pane view mode or account selection confusion rather than a functional defect.,Somehow I am stuck in Local folders.,False,2026-07-24,False,,False,True,True,1,0
1594684,Gmail labels appear as duplicated messages in All Mail/Important folders,search-folders,2,Gmail IMAP label-as-folder mapping causes the same message to appear in multiple subscribed folders.,"the original emails are ""automatically"" duplicated in other folders",False,2026-07-24,False,,False,True,True,2,0
1594687,IMAP folder missing in Thunderbird though present on server after update,search-folders,3,Folder subscription state was reset or lost during upgrade so the folder is not subscribed locally.,After the latest update to the program I noticed that a previous folder is missing along with its saved emails.,True,2026-07-24,False,,False,True,True,1,0
1594698,Cannot add additional Gmail accounts due to Google passkey authentication errors,sync-oauth,4,Google's passkey-based sign-in flow is not completing inside Thunderbird's OAuth browser window.,I only get the authenticate error message after I think I have setup passkeys,True,2026-07-24,False,,False,False,False,0,0
1594710,Attachments not viewable on messages moved to Trash,attachments,3,Gmail IMAP move to Trash re-fetches only headers/body without downloading attachment parts.,"When I trash an email, I can no longer view the attachments in the trash file",True,2026-07-24,False,,False,True,True,1,0
1594720,Repeated password prompt for AT&T inbound.att.net server,account-login,5,Stored credential/secure mail key invalid or OAuth-vs-password mismatch for AT&T/Yahoo-hosted servers.,"i can not send or get e mail. get popup, login to server inbound .att. net",False,2026-07-24,True,wsmwk,True,True,True,1,0
1594723,How to attach multiple JPG images to a message,attachments,1,"User unfamiliar with attach workflow, or files exceed provider size limits.","I want to attach 4 jpg pictures to an email, have tried without success",False,2026-07-24,False,,False,True,True,3,0
1594725,POP server password failure prevents send and receive,account-login,5,"OAuth login flow failing (Yahoo) requiring private-browser/redirect config workaround, or stale saved password.",getting error messaging pop-server password fail. Cleared password but still not receiving or sending mail,True,2026-07-24,False,,False,True,True,1,0
1594740,Old profile not loading after migration to new computer,migration-import,3,profiles.ini path/IsRelative entries edited incorrectly so Thunderbird ignores the copied profile.,"Thought it would be as simple as editing the Profile.ini to specify the old profile, but that hasn't worked.",False,2026-07-24,True,mahoneydpsc,True,False,False,1,1
1594753,"Gmail [Gmail] subfolders (All Mail, Sent, Drafts) disappeared from IMAP account",search-folders,4,IMAP folder subscription for the [Gmail] namespace was lost or Gmail's IMAP folder visibility settings changed for that account.,"i used to have several folders, all mail, sent mail, drafts etc as subfolders under [gmail] but they have disappeared",False,2026-07-24,False,,False,False,False,0,0
1594760,Drafts folder shows phantom unread count of 1 with no messages,ui-ux,2,"Stale unread-count in the folder database/msf index after migration, resolved by Mark Folder Read.","Draft folder shows ""1"" View email Shows "" No message found """,False,2026-07-25,True,christ1,True,True,True,1,0
1594768,Donation start page blocks access plus password rejected on existing account,account-login,4,User conflates Thunderbird's start page with a login wall; underlying issue is likely a provider-side password/app-password requirement causing repeated authentication failure.,I always get this page at startup begging me for more money ... I keep getting the login failed message,True,2026-07-25,False,,False,False,True,4,1
1594770,'Always ask' external protocol handler ignored for OAuth browser launch,sync-oauth,3,"OAuth flows use an internal browser-launch path that bypasses the protocol-handler 'ask' preference, which also gets reset to default.","Click a https (or http) link in an email: Waterfox opens again, even though 'Always ask' is still the selected action.",True,2026-07-25,True,wsmwk,True,False,True,4,2
1594800,Request for official Thunderbird website link,other,1,"Simple informational request, no technical cause.",What is the Mozilla link to Thunderbird,False,2026-07-25,False,,False,True,True,1,0
1594802,Donation payment method inquiry (bank transfer/BPAY),other,1,Billing/payment options question unrelated to product code.,Can I donate using a direct bank transfer or bpay,False,2026-07-25,False,,False,True,True,1,0
1594821,Account setup fails with wrong password/email error after autoconfig,account-login,4,Autoconfig picked wrong auth method or provider requires app password/OAuth instead of plain password.,The system finds it but then tells me wrong password or email,False,2026-07-25,False,,False,True,True,1,0
1594831,SeaMonkey-to-Thunderbird migration split mailbox and lost filters/junk settings with mail deletion,migration-import,5,"Profile migration creates a duplicate account instead of reusing the existing mail store, and untransferred filter/junk settings cause messages to be junk-classified and removed.",The migration script made one inbox from Seamonkey into two main mail folders with inboxes in Thunderbird,True,2026-07-25,False,,False,True,True,2,0
1594852,Automatic new-mail checks silently stop after long uptime,send-receive,4,The periodic mail-check timer stalls or the biff service loses its scheduled event during long-running sessions (bug 2057745).,Sometimes Thunderbird stops checking messages for no reason. No checks are done for many days.,True,2026-07-25,False,,False,False,False,0,0
1594884,How to store/access emails offline on an unconnected machine,other,1,How-to question; offline mode plus local folders already provide the desired capability.,I’m wondering if thunderbird can be used to store old emails on a hard drive,False,2026-07-25,True,davidsk,True,True,True,3,1
1594896,"Lost SMTP password after mail setup elsewhere, cannot send",account-login,4,"Outgoing server password not saved/invalidated (possibly provider requiring app-specific password after adding account on phone), and user has no stored credential to recover.",Now I can not send any emails on my computer or phone! I still get my emails on Thunderbird but can't send any and have no idea what my password is,False,2026-07-26,False,,False,False,False,0,0
1594899,No supported way to export IMAP message headers or edit filter file format,other,2,"Thunderbird lacks a documented header-export/bulk filter-editing interface, so users resort to external scripting against msgFilterRules.dat and mbox files.",export just the headers of emails on IMAP folders with an Excel VBA macro so that I can write filters to import into Thunderbird,False,2026-07-26,False,,False,False,True,2,1
1594901,Authentication errors for multiple IMAP accounts at startup after 153.0 upgrade,sync-oauth,3,Concurrent OAuth2/token refresh or credential-store contention when many accounts poll simultaneously at startup in 153.0 causes transient auth failures.,"Since I updated Thunderbird to 153.0 on Thursday, I've noticed that every time I start Tbird, I get several notifications about authentication errors",True,2026-07-26,False,,False,False,False,0,0
1594904,'Get Messages' gives no visible progress feedback in 153.0,ui-ux,2,"Status bar progress text for message fetching was lost/regressed in 153.0, leaving only a faint progress indicator so users think nothing happens.",clicking on 'get messages' produces no response. zero. Nothing happens.,True,2026-07-26,False,,False,False,True,6,5
1594911,Global search does not index newly added accounts; global-messages-db.sqlite not rebuilt,search-folders,3,Gloda indexer stalls or fails on a corrupt folder/message so the global database is never regenerated and new accounts are never indexed.,the T-bird Search utility doesn't work for those accounts,True,2026-07-26,False,,False,True,True,8,4
1594912,"Yahoo spam folder stuck as subfolder of Trash, cannot move or delete",search-folders,2,"Server-side Yahoo IMAP folder hierarchy/namespace places Bulk under Trash, and IMAP rename/delete is disallowed for special-use folders.",spam folder stuck as a sub folder of trash cannot be moved or deleted,False,2026-07-26,False,,False,False,False,0,0
1594923,Composition window toolbar/menu bar partially rendered when hidden,ui-ux,1,Stale toolbar state in localstore/xulstore giving an incorrect height for the hidden menubar in the compose window.,"when sending an email, the menubar 'partly' appears",False,2026-07-26,False,,False,True,True,5,2
1594931,Gmail account shows no Inbox folder; user wants to remove account,settings-config,3,IMAP folder subscription or 'show only subscribed folders'/server-path misconfiguration hides the Gmail Inbox.,"it just shows no Posteingang, meaning incoming mails but only outgoing Postausgang",False,2026-07-26,False,,False,False,True,3,2
1594945,Missing progress counter in status bar when moving messages to Local Folders,ui-ux,2,Status-bar progress reporting is only implemented for the IMAP copy direction; local-folder destination moves no longer emit progress feedback after 153 ESR.,Copying the messages back to local folders shows nothing until the transfer is completed,True,2026-07-26,False,,False,False,True,13,7
1594966,Remote content permission prompt gives no per-source selective allow option,encryption-security,2,"The remote-content allow dialog only offers blanket permission, so users cannot permanently permit some hosts while blocking trackers like AWS/Google.",what should I click to permanently accept all the other sources?,False,2026-07-26,False,,False,True,True,2,0
1594971,Cannot send emails from laptop,send-receive,4,Likely SMTP outgoing server misconfiguration or authentication/port blocking; would need the exact error message to confirm.,Why will Tunderbird not send emails from my laptop.,False,2026-07-26,False,,False,False,False,0,0
1594972,Read IMAP emails disappearing from folders and Trash,send-receive,5,"Possible corrupted/oversized message database or msf index plus IMAP server-side expiry/sync deleting messages, causing silent message loss.","alcune email, regolarmente lette, spariscono dagli archivi, senza che abbia operato su di essa con la cancellazione",True,2026-07-26,False,,False,False,False,13,6
1594983,Password rejected on fresh Thunderbird install on new computer,account-login,4,Provider requires an app-specific password/OAuth rather than the account password on a new device.,I am unable to sign in because it will not accept my password. It keeps telling me to use a new password.,False,2026-07-26,False,,False,True,True,1,0
1594987,Phishing/spam email claiming to be Mozilla support,spam-filters,2,SUMO forum reply notification emails relayed spam content posted by an abusive account before moderation.,"I have received an email, claiming to be from Mozilla support. The text is garbled",False,2026-07-26,True,James,True,False,True,2,1
1594990,"Only Inbox and Trash created for newly added account, folder tree missing",settings-config,3,"POP account default folder creation, or IMAP folders not subscribed so remote folder tree isn't displayed.","Added another, only Inbox and Trash added (later Drafts when I composed a new email) Where are all the account folders ?",False,2026-07-26,False,,False,True,True,1,0
1595003,How to migrate Mail.com messages into Gmail account,migration-import,2,No defect; user lacks knowledge of cross-account IMAP copy workflow.,I want to export my Mail.com inbox and sent mail content into my Gmail account. How do I do that?,False,2026-07-26,False,,False,True,True,1,0
1595008,Gmail IMAP OAuth2 authentication failing every few hours,sync-oauth,4,"OAuth token invalidated repeatedly, possibly due to VPN exit-node IP changes triggering Google's risk checks, aggravated by non-synchronized IMAP settings.","Thunderbird, after a while, is no longer able to authenticate to imap.gmail.com",True,2026-07-26,False,,False,True,True,1,0
1595012,"""Get Messages"" button does nothing until restart",send-receive,3,Stuck IMAP/POP connection or biff timer state prevents a new fetch until the client is restarted.,"quando clicco sull'icona ""Scarica messaggi"" non succede nulla?",False,2026-07-26,False,,False,False,False,1,0
1595018,Gmail deleting saved sent mail; asks if Thunderbird syncs back,send-receive,3,Server-side Gmail/Apple Mail policies or IMAP sync deleting messages; user needs POP/local-archive setup to decouple.,Gmail has been deleting all my saved emails in sent and folders!,False,2026-07-26,False,,False,False,False,0,0
1595026,All folders and account gone after upgrade to 153,performance-crash,5,"Profile not loaded or replaced after update (new/empty profile), so accounts and local folders appear lost.",sono sparite tutte le cartelle create in precedenza ed è come se non avessi più il mio account di posta elettronica,True,2026-07-26,False,,False,False,False,3,1
1595030,"Lost account password, cannot access email",account-login,4,"User forgot the mail provider's account password; Thunderbird only caches it in the saved password store, so recovery must come from the provider.",I have thunderbird emails but lost my passwords so I cannot gain access to them.,False,2026-07-26,False,,False,True,True,1,0
1595031,How to delete old address book entries,addons-extensions,1,Discoverability issue: deletion is only exposed via the right-click context menu in the address book.,I can't seem to find a way to clean up old email addresses that I don't use anymore.,False,2026-07-26,True,Mapenzi,True,False,True,2,1
1595032,"Lost account password, cannot access email",account-login,3,Forgotten provider password; Thunderbird's saved-passwords manager is the only local place it may still exist.,"I lost a password for an older TB email account FONACCOUNT, how can I get it back?",False,2026-07-26,False,,False,False,True,2,0
1595048,Junk-marked messages not auto-moving to Spam folder,spam-filters,3,"Junk destination/retention settings were not enabled per-account, so marking as junk performed no move action.",When messages arrive in inbox and are marked spam they do not auto move to spam folder.,False,2026-07-26,True,Toad-Hall,True,False,True,4,2
1595053,Google Workspace (custom domain) Gmail account won't set up,account-login,3,"Autoconfig/OAuth likely fails to detect Google servers for custom-domain Workspace addresses, requiring manual IMAP settings.","I can get all my accounts except my business Gmail account, where I use my business name as the .com instead of Gmail.com",False,2026-07-26,False,,False,True,True,1,0
1595056,ICS import fails unless filename is shortened,calendar-tasks,2,Possible path/filename length or character-encoding handling bug in the calendar ICS import file picker on non-Windows OS.,Simply edit the filename of the .ics file to something very short (like less than 8 characters).,True,2026-07-26,False,,False,True,True,3,1
1595057,SMTP send blocked by Cloudmark CSI IP blacklisting,send-receive,5,"The user's ISP-assigned IP is on the Cloudmark CSI blocklist, so Charter's SMTP server intermittently rejects submissions.",is listed on Cloudmark CSI-Global. Please visit csi.cloudmark.com/en/reset?ip=,False,2026-07-26,False,,False,True,True,1,0
1595061,Filter-applied tag removed automatically minutes later,search-folders,3,IMAP keyword sync or a later filter/corrupted folder index overwrites the tag after the filter applies it.,"minutes later, the tag will un-apply itself, and I cannot figure out why",True,2026-07-26,False,,False,False,True,2,0
1595072,Which profile files/folders are obsolete when migrating profile,migration-import,2,"No documentation or tooling exists to prune legacy profile artifacts, so export/import carries decades of stale files forward.",I there anyone that can identify what profile files and folders to keep and what can be deleted?,False,2026-07-26,False,,False,False,False,3,1
1595089,How to add an additional Yahoo mail account,account-login,1,Simple how-to request with insufficient detail to identify any technical fault.,add another account to thunderbird,False,2026-07-27,True,wsmwk,True,True,True,1,0
1595090,"Export ZIP profile backup fails to import (""nothing can be imported from the selected source"")",migration-import,4,The import wizard rejects the exported ZIP (possibly size/format/version mismatch or unsupported import into an already-populated profile) rather than restoring the profile.,"choose import , choose the zip file and get a message ""nothing can be imported from the selected source""",True,2026-07-27,False,,False,False,False,1,1
1595096,"Auto-update ignores ""let me choose whether to install"" setting",settings-config,3,"Update policy/pref not honored internally (or an external updater/background task installs), and policies.json in the distribution folder is wiped by the installer.",The setting is being ignored. Is there a workaround?,True,2026-07-27,False,,False,False,True,6,3
1595103,Inbox disappears after upgrading ESR to 153 due to duplicate 'Inbox prev' folder,migration-import,5,Stale folderCache.json plus a legacy duplicate Inbox/Inbox prev naming causes the new version to bind to the empty Inbox and hide the real mail store.,Thunderbird could no longer find the inbox for my primary email and I had to restore both Thunderbird 143.13.0esr and my email library from my Time Machine backup,True,2026-07-27,False,,False,False,True,3,1
1595107,Large PDF attachments cause message delivery failures,attachments,3,"Provider-side message size limit rejecting the combined attachment payload, not a Thunderbird restriction.",2 of my docs (although in PDF) don't want to go through unless I send them separately,False,2026-07-27,False,,False,True,True,1,0
1595113,Moved profile opens empty — corrupt/reset prefs.js loses all accounts,migration-import,5,"prefs.js was corrupted during the move (renamed to prefs-1.js) so all mail.server/mail.identity entries were lost, leaving a blank account hub.","I end up with an empty window: no accounts, no messages, no folders, etc.",True,2026-07-27,True,Mapenzi,True,True,True,9,4
1595120,Archive folder messages vanished (folders created inside Trash/Bin then emptied),search-folders,4,User created Archives subfolders under the Bin folder; Empty Bin purged all contained messages permanently.,Suddenly the emails have all disappeared although the folders are still there???,False,2026-07-27,True,Mapenzi,True,True,True,3,1
1595125,How to transfer mail to a new Windows 11 PC,migration-import,2,Routine profile-folder copy question; IMAP accounts resynced automatically so no migration was needed.,How can I transfer all my emails and email files to the new computer,False,2026-07-27,False,,False,False,True,2,1
1595133,No new inbox messages received after a specific date,send-receive,4,Account/server authentication or folder subscription issue stopping new mail retrieval; need to know if webmail shows new messages.,ik ontvang geen inbox berichten meer na 8-07-2026,False,2026-07-27,False,,False,True,True,1,0
1595142,Outlook/Microsoft SMTP connection failed with OAuth2,account-login,5,Outgoing server settings/OAuth2 token for Microsoft 365 not accepted (port/auth mismatch or tenant policy blocking legacy clients).,I cannot connect to the Microsoft smtp server. message says connection failed,True,2026-07-27,False,,False,True,True,1,0
1595144,Gmail suddenly requires repeated Google OAuth sign-in,sync-oauth,3,OAuth token invalidated by Google (or a buggy build) forcing re-authentication; resolved after a Thunderbird update.,now suddenly I have to login with google first; it's a real hassle,False,2026-07-27,True,jabarneypost,True,False,True,2,1
1595154,"Unified Inbox message list not refreshing and showing ""-1 message"" count",ui-ux,3,Corrupted/stale mbox and .msf index counters in the unified virtual folder cause negative unread counts and missed list refresh events on POP3 accounts.,"la lista di email non si aggiorna, devo cliccare in una altra cartella e poi rientrare in posta in arrivo",True,2026-07-27,False,,False,False,False,6,4
1595159,Severe memory leak and UI freeze caused by corrupt profile/Local Folders content,performance-crash,5,"A stray non-mail document file placed in Local Folders (or corrupted folder data) caused Thunderbird to loop parsing it, ballooning memory to multiple GB.",TB is massively leaking memory and consuming much CPU time,True,2026-07-27,True,hcjohns,True,True,True,13,6
1595164,Import from another Thunderbird profile fails for Local Folders subfolders,migration-import,3,"The import wizard doesn't accept a raw Mail/*.sbd directory selection, requiring a full profile folder, so nothing is recognized.",Er kan niets uit de geselecteerde bron worden geïmporteerd.,False,2026-07-27,True,poppenron,True,False,False,3,2
1595165,Auto-reply filter using template fails to apply,settings-config,3,"The reply-with-template filter action points to a template not stored in a proper Templates folder or lacks a valid identity, causing the filter action to error.",Applying name of the template filter failed. Do you want to continue applying filters?,False,2026-07-27,True,pcp04,True,False,True,2,1
1595169,Cannot remove primary password; then AT&T/Yahoo login failure needing OAuth2,encryption-security,4,"Primary password reset requires an obscure error-console command, and the underlying login failure was due to authentication set to normal password instead of OAuth2 for AT&T/Yahoo.",“login to server inbound.att.net with my username failed”,True,2026-07-27,True,davidsk,True,False,True,19,9
1595173,AOL requires temporary/app password to send or forward mail,account-login,4,"AOL tightened SMTP authentication, requiring app-specific passwords or OAuth2 rather than the stored account password.",I can't forward email out of Thunderbird without getting a temporary password from AOL,True,2026-07-27,False,,False,False,False,0,0
1595180,Trash and new folders not displayed in folder pane (nested unexpectedly),search-folders,2,"Folder pane placed Trash/new folders under another parent rather than at root, likely due to special-folder mapping mismatch with the server namespace.","my TRASH Folder is missing in the folder view. The actual folder exists, it just will not display",False,2026-07-27,False,,False,True,True,2,1
1595182,Migrating mail subfolders from old PC profile to new installation,migration-import,3,No supported UI to import individual .msf/mbox files; only a full profile-folder replacement works.,can't find a way to move the subfolders (like 'name' and 'name.msf') to an existing installation,False,2026-07-27,True,davidsk,True,True,True,3,1
1595183,Unexpected primary password prompt confuses user,encryption-security,3,A primary password was set (possibly inadvertently or migrated) and the prompt gives no explanation of which credential is requested.,"What in the world is a ""primary password""?",False,2026-07-27,False,,False,True,True,1,0
1595194,Account stopped fetching new mail after months of disuse,account-login,3,"Provider likely deactivated the dormant mailbox or expired stored credentials/OAuth tokens, so sync silently stopped.",the most recent emails were from October of last year. Nothing seems to be updating or refreshing.,False,2026-07-27,False,,False,True,True,1,0
1595200,Message filters fail on new mail arrival but work when run manually,settings-config,3,"Filter actions fail at delivery time (logged as 'Applying filter actions failed'), likely because IMAP filters run before the message body is fully downloaded or an antivirus/compaction lock blocks the move.","Message from filter ""From:capitalone.com"": Applying filter actions failed",True,2026-07-27,False,,False,True,True,3,1
1595204,Confusion about IMAP vs POP synchronization with Gmail,sync-oauth,2,User misunderstands that IMAP mirrors server-side deletions; not a defect.,If I install Thunderbird does it sync to either Gmail or iPhone???,False,2026-07-27,True,MichelT,True,False,True,4,2
1595205,Thunderbird crashes when opening PDF attachment,attachments,4,A stored per-filetype handler action for PDF invokes a helper app path that crashes Thunderbird; clearing the PDF action fixes it.,"As soon as I double-click a PDF attachment, Thunderbird immediately shuts down completely.",True,2026-07-27,True,MichelT,True,False,True,2,1
1595213,Gmail address rejected during account setup,account-login,3,Unclear—need the actual error text/screenshot from the account setup wizard.,why don't accept,False,2026-07-27,False,,False,True,True,1,0
1595217,Repeated password prompts for old mail servers after hosting change,account-login,3,"Stale server references remain in a leftover account, address book (CardDAV) or calendar config still polling the old host.",I recently changed hosting and now I am getting login boxes nonstop to my old servers.,False,2026-07-27,False,,False,True,True,9,3
1595230,All emails disappeared after changing a setting,other,5,Likely a change to message synchronization/retention or POP download settings that hid or purged locally stored mail.,i CHANGED A SETTING AND ALL MY 900 EMAIL DISAPEARED,True,2026-07-27,False,,False,True,True,1,0
1595231,All emails disappeared after changing a setting (duplicate),other,5,Duplicate of the same missing-mail report; no additional data.,WHERE DID ALL MY EMAILS GO?,False,2026-07-27,False,,False,True,True,1,0
1595234,Messages auto-moved from Inbox to Trash without user action,spam-filters,5,"Junk/spam handling on the account is configured (or server-flagged mail triggers) 'delete' instead of move-to-Spam, causing immediate re-move to Trash on IMAP.",TB suddenly moves messages from inbox to trash automatically without any interaction.,True,2026-07-27,False,,False,True,True,9,5
1595235,Recovering mail from restored old profile with 'older version' warning,migration-import,3,Profile downgrade protection blocks opening the restored profile; mbox files must be read directly or copied into Local Folders.,'You have launched an older version of Thunderbird' suggesting I need to re-create my accounts,False,2026-07-27,True,davidsk,True,False,True,4,2
1595265,"Duplicate special folders (Drafts) created after update, cannot be deleted",search-folders,3,"Update reassigned special-folder flags/names, so Thunderbird created new system folders alongside existing server ones and blocks deletion of system folders.",In recent update several duplicate folders were installed in three different email accounts.,True,2026-07-28,False,,False,True,True,1,0
1595271,Cannot log in despite correct password,account-login,4,Account/server settings or authentication method are misconfigured rather than the password being wrong.,I have the correct Password but cannot login to my Thunderbird account,False,2026-07-28,True,davidsk,True,True,True,1,0
1595273,"Hotmail/Outlook account added but only empty Inbox, OAuth re-consent prompt",sync-oauth,4,Invalid/stale Microsoft OAuth token stored (or password saved in place of token) prevents folder discovery and message sync.,login.microsoftonline.com needs you to confirm access again to keep syncing with your account,True,2026-07-28,False,,False,True,True,1,0
1595287,Error when snoozing birthday/holiday reminders from Google calendar,calendar-tasks,3,"Reminders come from a read-only ICS subscription calendar, so writing snooze state fails.",Every birthday or holiday reminder (I haven't entered these) generates an error when i select snooze or snooze all.,False,2026-07-28,False,,False,False,True,2,1
1595292,Old POP mail missing after moving message storage location,other,5,Changing the local directory left profile account mappings pointing to new empty mbox files while old data sits in unreferenced folders.,"Thunderbird downloads and displays new emails correctly, but it does not display the old emails.",True,2026-07-28,False,,False,True,True,1,0
1595316,Yahoo OAuth login fails on Linux with 'no app found' / xdg-open redirect error,sync-oauth,4,Thunderbird 153's custom-scheme OAuth redirect has no registered handler on Linux desktops; workaround is usePrivateBrowser/useSchemeRedirect prefs.,"It then tries to open some file and returns an error message, ""no app found.""",True,2026-07-28,False,,False,True,True,1,0
1595326,AOL/Yahoo accounts stop authenticating after upgrade to 153 ESR,sync-oauth,4,New OAuth scheme-redirect flow in 153 breaks Yahoo/AOL login until prefs are changed or app passwords used.,"after updating to V. 135 Oesr (64Bit), neither AOL mail nor Yahoo mail cooperate any longer",True,2026-07-28,False,,False,True,True,1,0
1595343,Sent messages not saved to IMAP Sent folder causing duplicate sends,send-receive,4,"IMAP APPEND of the sent copy times out under heavy load, and the user resends thinking it failed.","some sent messages are not saved in the Sent folder. As a result, they are only saved on the 3rd or 4th attempt",False,2026-07-28,False,,False,True,True,1,0
1595352,How to increase message text font size,ui-ux,1,User unaware of View > Font size / Ctrl+scroll zoom.,I want to increase the size of the text in emails that I open,False,2026-07-28,True,thunderbird42,True,False,True,2,0
1595353,Thunderbird locks up/crashes machine when opening downloaded messages on new Windows 11 laptop,performance-crash,5,Likely hardware acceleration/graphics driver or disk corruption on the new machine causing full system hang when rendering messages.,When I download new messages and try and open them my laptop locks up.,True,2026-07-28,False,,False,False,True,19,8
1595354,Cannot send emails at all,send-receive,5,SMTP server configuration or authentication failure; error text needed to confirm.,MOZILLA CONTACTED ME BUT I CANNOT ANSWER BECAUSE I CANNOT SEND EMAILS,False,2026-07-28,False,,False,False,True,2,0
1595358,User believes Thunderbird has a built-in AI chat and cannot find it,other,2,"The user likely clicked a link in an email leading to an external AI site; Thunderbird has no built-in AI assistant, causing confusion.",Ik bedoel de pop-up - AI binnen Thunderbird.,True,2026-07-28,True,Mad_Maks,True,True,True,3,1
1595360,Mail Merge 'Send Later' messages stuck in Outbox and won't send,addons-extensions,4,A regression in Thunderbird 152 affecting messages composed from templates/drafts prevents Outbox queued Mail Merge messages from being sent; fixed in 153.,"it has put 80 messages into my Outbox but I cannot get them to send! I hit the ""Send Unsent Messages"" and nothing happens.",True,2026-07-28,False,,False,False,True,4,2
1595366,How to reset email account password,account-login,2,User confusion between Thunderbird's stored password and the provider-side account password; no technical fault.,How do I reset my password?,False,2026-07-28,False,,False,True,True,1,0
1595369,"Dislike of new UI (multi-line message list, vertical preview, lost colors) and request to downgrade",ui-ux,3,New default Cards View/layout and message rendering defaults in recent Thunderbird versions differ from the old table view the user knows.,"Più righe per ogni messaggio, non sono più un semplice indice; il corpo del messaggio su una finestra affiancata perde leggibilità",False,2026-07-28,False,,False,False,False,1,0
1595385,Cannot send outgoing mail via SMTP while receiving works,send-receive,5,Likely incorrect or provider-changed SMTP server settings/authentication rejecting outbound mail.,I can receive but not send on thunderbird,False,2026-07-28,False,,False,True,True,1,0
1595399,Profile migration to new computer loses local folders/20 years of stored mail,migration-import,5,"Profile folder was copied to the wrong location on the target machine rather than %appdata%\Thunderbird, so local mail folders did not appear.",the data I was trying to move sems not to have moved.,False,2026-07-28,False,,False,True,True,23,14
1595400,No way to export/transfer new account colors between installs,settings-config,2,Account colors introduced in 153 are stored in folderTree.json rather than prefs.js and have no export/sync UI.,"Is there any smoother way to transfer just these settings, no more, no less, to other machines, other than copying the whole profile?",True,2026-07-28,False,,False,True,True,5,1
1595401,Account login error when same profile/mail store on cloud drive is opened on a second computer,account-login,4,"Concurrent access to a cloud-synced mail store/profile causes profile locking or corruption, blocking the second machine.","As pastas onde os e-mails estão armazenados ficam em um diretório na nuvem, e ambos os computadores possuem acesso a esse local.",True,2026-07-28,False,,False,False,False,0,0
1595416,Get Messages hangs then reports Done without fetching mail,send-receive,4,"Server connection timeout (network, TLS, or authentication silently failing) causing no messages to be retrieved.","nothing happens for 1 minute then it says ""Done""",False,2026-07-28,False,,False,False,False,0,0
1595420,All POP folders except Inbox and Trash missing after update,migration-import,5,"The update apparently created a new POP account/mail directory, orphaning the existing mbox folders in the profile.",Missing all my folders except inbox and trash after I updated today. Missing many folders with emails.,True,2026-07-28,False,,False,True,True,5,2
1595426,Yahoo OAuth2 login fails on Linux with browser 'No apps available' due to net.thunderbird:// redirect,sync-oauth,4,"The OAuth scheme redirect back to net.thunderbird:// is unregistered/unsupported on Ubuntu, so the external browser cannot hand the auth code back to Thunderbird; using the internal private browser avoids it.","When I allow it the message ""No apps available"" appears as shown.",True,2026-07-28,True,wsmwk,True,False,True,9,5
1595427,Mailbox access expired requiring re-sign-in,account-login,3,Expired OAuth token/credential for the mail account requires re-authentication.,Access to this mailbox has expired. Simply sign in again to see new mail and send messages.,False,2026-07-28,False,,False,False,False,0,0
1595431,"AT&T Yahoo password repeatedly rejected, app-specific password needed",account-login,4,AT&T/Yahoo requires a secure mail (app-specific) key rather than the account password for third-party IMAP/POP clients.,I keep getting a message to re enter my password.,False,2026-07-28,False,,False,True,True,1,0
1595438,Gmail POP access not enabled causing STAT command failure,send-receive,3,"POP access is disabled in the Gmail web settings, so the server rejects the STAT command.",Your account is not enabled for POP access.,False,2026-07-28,True,MichelT,True,True,True,1,0
1595439,Gmail POP downloads delayed or silently stopped,send-receive,4,Google-side POP server throttling/delay in releasing new messages rather than a Thunderbird fault.,"thunderbird stopped downloading my messages. No error messages : just ""no new messages to download""",True,2026-07-28,False,,False,False,True,6,4
1595456,Filter 'Forward Message To' fails on Exchange accounts via Owl addon (Mailbox unavailable),addons-extensions,3,"The Owl EWS addon sets an invalid sender/mailbox when filters auto-forward, causing the Exchange server to return 'Mailbox unavailable'.",The 2 custom domain (Microsoft Exchange Mail Server) fail to forward automatically by filter,True,2026-07-29,True,wsmwk,True,False,True,16,8
1595472,Yahoo messages arrive blank with strikethrough (appear deleted),send-receive,4,"IMAP messages are flagged deleted server-side or the message bodies fail to download, leaving empty struck-through rows.",The email shows up with a line through it like it has been deleted and the message is blank.,True,2026-07-29,False,,False,False,True,2,1
1595476,Default composition font/size not retained per account,settings-config,2,Font defaults must be set per writing system in the Fonts dialog dropdown; the general setting alone doesn't persist for composition.,"the ""default"" font/font size does not retain in the system",False,2026-07-29,False,,False,False,True,7,4
1595482,Emails vanished from user-created archive folders,search-folders,5,Likely mbox/index corruption or accidental compaction/move leaving folder structures with zero-size message stores.,The folders remain but the emails have all disappeared.,True,2026-07-29,False,,False,True,True,1,0
1595492,Delay receiving 2FA access-code emails,send-receive,2,Mail check interval (or sender-side delivery latency) rather than a Thunderbird defect; shortening the poll interval would help.,"when i am sent access codes, thunderbird takes a long time to receive them",False,2026-07-29,False,,False,True,True,2,0
1595495,Custom message tags disappear after selecting message or receiving mail (v153),ui-ux,4,Regression in 153's tag storage/database sync where user-defined tag keys are not persisted to the message database and get cleared on message reload.,Tags attached to messages are disappearing on their own. The tags disappear when I select a message or receive a new email.,True,2026-07-29,False,,False,False,False,0,0
1595508,IMAP account stopped downloading messages and account emails no longer visible,send-receive,5,"Server certificate/port misconfiguration blocking IMAP connection, compounded by profile copy operations that broke the account's local message store, resulting in inaccessible mail.",Adesso addirittura non mi fa più vedere le email dell'account ( che appare comunque presente nelle impostazioni dell'account),True,2026-07-29,False,,False,False,False,12,6
1595509,IMAP account stopped downloading messages and duplicate account cannot be added,send-receive,4,"Certificate exception prompt not completing during manual setup, and Thunderbird blocking creation of a duplicate account with identical credentials.",Thunderbird riconosce che l'account è già impostato e non me lo fa aggiungere,False,2026-07-29,False,,False,False,False,1,0
1595513,Greek characters displayed as question marks in received HTML mail,ui-ux,3,Sender-specified web font is unavailable locally and blocked remote content causes fallback to a non-Unicode font that cannot render Greek glyphs.,"Lately a get my emails from greek senders like in the screenshot, not everyone, but most of them.",True,2026-07-29,False,,False,True,True,3,1
1595514,Replies not saved to Sent folder on IMAP account,send-receive,3,Copies & Folders setting resolves 'Sent' to the wrong/default folder rather than the server's Sent folder for that identity.,Replies are not stored in sent folder,False,2026-07-29,False,,False,True,True,3,1
1595515,SMTP 'Authentication Required' error prevents sending,send-receive,5,"Outgoing server authentication method/OAuth token is invalid or expired, likely after a provider policy change requiring app passwords.","I got an error message that said, ""Authentication Required"" and gave me a web address go to but google says it no longer available.",False,2026-07-29,False,,False,True,True,1,0
1595522,"Extensions disabled after upgrade to 153.0esr, plus duplicate Sent/Spam folders",addons-extensions,3,"ESR 153 API/manifest changes made add-ons incompatible until authors update, and special-folder mapping now merges/duplicates Sent and Spam folder names.",All bar one of my Extensions have stopped working on the last update,True,2026-07-29,True,davidsk,True,True,True,5,2
1595534,'Close other tabs' menu option missing,ui-ux,1,User expected the option in a menu; it is only exposed in the tab right-click context menu.,"How can I re-instate the option ""Close other tabs"" under the ""Inbox"" menu?",False,2026-07-29,True,christ1,True,False,True,3,2
1595543,Sending blocked by Spamhaus XBL listing of user's IP,send-receive,4,"The user's ISP-assigned IP is blacklisted on Spamhaus XBL, so the outgoing mail server rejects the client host.",Client host rejected by spamhaus for spamming issues,False,2026-07-29,False,,False,True,True,1,0
1595553,Repeated Comcast/Xfinity OAuth password prompts,sync-oauth,3,"Xfinity's OAuth provider invalidates or short-expires refresh tokens, forcing frequent reauthorization dialogs in Thunderbird.",For the past week Thunderbird has been popping up a Comcast site requesting that I enter my Comcast password.,True,2026-07-29,False,,False,False,True,4,2
1595556,Cannot locate Local Folders to import mbox files,migration-import,2,User is unaware that Local Folders is a virtual account in the folder pane rather than a filesystem directory; discoverability gap in import UI.,I can’t get past finding the local folder to then import the mbox file? Does anyone know where this is?,False,2026-07-29,False,,False,True,True,4,1
1595557,POP3 login fails with password rejected,account-login,4,"Stored/incorrect credentials or provider-side authentication change for pop3.online.no, possibly aggravated by VPN/proxy extensions.",Accesso al server pop3.online.no con nome utente adriano non riuscito.,False,2026-07-29,False,,False,False,False,3,1
1595564,Cannot edit/rotate image attachment opened from Thunderbird,attachments,2,"Attachments open read-only from a temporary sandbox folder, so the external image viewer disables editing.","When I open the attachment, the image is opened with the MS Photo app. But in that app I cannot rotate the image.",False,2026-07-29,True,Toad-Hall,True,True,True,1,0
1595579,Restoring address book after hard drive failure,migration-import,3,"No built-in profile backup/restore, so contacts require manual copying of abook.sqlite/history.sqlite between profiles.","Thunderbird has been reinstalled, but the previous addressbook is no longer there.",False,2026-07-29,False,,False,True,True,1,0
1595583,Persistent password prompt at startup from orphaned Facebook Chat account,account-login,3,"A legacy chat (IM) account left in the profile keeps requesting credentials at startup, and chat is disabled in troubleshooting mode so the prompt vanishes, misleading diagnosis.","I found a Facebook Chat account from 2014, deleted it and the password pop up box no longer appears.",True,2026-07-29,True,pmruzicka,True,True,True,19,10
1595586,Received attachments arrive with .tmp extension and cannot be opened,attachments,3,"MIME filename/extension is lost or rewritten by the sender or provider, especially when the message is saved into a folder, leaving no file association.",When I get an attachment as a reply in an email it is with tmp file name. It cannot be opened because Thumberfird does not have a file association program,True,2026-07-29,False,,False,True,True,3,1
1595598,SMTP rejection AUP#SNDR when forwarding phishing email,send-receive,3,Provider's outbound acceptable-use/spam filter blocks the forwarded phishing content rather than a Thunderbird fault.,The mail server responded: message rejected . AUP#SNDR.,False,2026-07-29,False,,False,True,True,3,1
1595599,Address book columns cannot be resized in list view,ui-ux,2,Address book default vertical/list layout has fixed pane widths; table view is needed but its toggle icon is poorly discoverable.,The column width seem to be locked in at a pre-set number of pixels.,False,2026-07-29,True,davidsk,True,True,True,8,4
1595616,"Sending hangs at half progress after Thunderbird idle, works after restart",send-receive,4,"Stale/idle SMTP connection is reused without detecting the server-side timeout, so the send stalls until the connection pool is reset by restart.","a janela ""Enviando mensagem..."" trava com a barra de progresso na metade",True,2026-07-29,False,,False,False,False,1,0
1595623,Last Thunderbird version supporting Windows 7,other,1,"Windows 7 is EOL and unsupported past Thunderbird 115, so no further updates or notifications are delivered.",What is the latest release of Thunderbird for Windows 7 Pro?,False,2026-07-29,True,James,True,True,True,3,1
1595630,IMAP account stops receiving new mail after mass deletion of 500+ messages,send-receive,4,"Large bulk delete/move operations queue heavy IMAP background sync, blocking new mail fetch until the server-side operations complete or a corrupted folder index/msf blocks it.",I deleted the remaining 500 emails. Emptied the trash folder. Tried to pull new emails to the inbox... could not receive any this time.,True,2026-07-29,False,,False,True,True,1,0
1595646,"Thunderbird window/icon disappeared, cannot open email",performance-crash,4,Likely missing shortcut or failed launch/crash on startup; needs precise symptom description and OS details to diagnose.,"thunderbird has just disappeared off our screen, after using it successfully for about the last 5 years.",False,2026-07-30,False,,False,True,True,1,0
1595650,SMTP send fails with 'Sender Policy - Relay Denied',send-receive,5,Outgoing server rejects the message because SMTP authentication is off or login credentials/identity email do not match the configured sender address.,The mail server responded: mf-505: Sender Policy - Relay Denied.,False,2026-07-30,False,,False,True,True,1,0
1595703,Cannot import Outlook address book contacts,migration-import,3,Outlook contacts must be exported to CSV/LDIF first; direct Outlook address book import is unsupported or failing on this profile.,non tiesco a importare la mia rubrica da outolook,False,2026-07-30,False,,False,False,False,1,0
1595713,Deleted Gmail messages remain in All Mail folder,settings-config,2,Gmail's IMAP All Mail label retains copies of deleted messages; user needs to unsubscribe from All Mail or adjust Gmail IMAP deletion behavior.,I have just found that they remail in the All Mail Box,False,2026-07-30,False,,False,True,True,3,1
1595714,Locating and unblocking a blocked sender address,spam-filters,2,"Blocking is likely happening at the mail provider/server level rather than in Thunderbird, so no local block list exists to edit.",A desired email sender claims an email block at my end is preventing my receiving their emails.,False,2026-07-30,False,,False,True,True,1,0
1595723,Compose editor shows reduced line spacing for one specific sending identity,ui-ux,2,That identity's HTML signature carries Word-generated CSS that overrides the editor's body/paragraph line-height while composing.,When compiling a message using one particular sending account the line spacing in the editor is reduced,True,2026-07-30,False,,False,False,True,2,1
1595730,F5/Shift+F5 refresh shortcuts and dark mode missing after Linux 153.0esr update,ui-ux,3,Post-upgrade keyboard shortcut/theme regression or a distro-packaged build losing prefs; possibly Unified Folders mode or an extension breaking F5 handling.,F5 and Shift F5 no longer work in the latest update nither is dark mode available,True,2026-07-30,False,,False,False,True,3,1
1595732,Right-click on sender address disabled by spam email HTML overlay,spam-filters,2,"Malicious HTML/CSS in the spam message places an invisible overlay that intercepts pointer events, preventing the context menu on the From address.",Lately I am getting spam with from addresses I can not use the right click on to copy the email from address,True,2026-07-30,True,Googlethunderbird.,True,True,True,6,1
1595751,POP Gmail account downloads only Inbox; no Subscribe option for other folders,settings-config,2,POP protocol only retrieves the Inbox by design; after switching to IMAP the Sent folder was hidden by Gmail's IMAP folder visibility setting.,I cannot persuade it to download anything other than the messages in my Inbox,False,2026-07-30,True,petelobus,True,False,True,4,3
1595752,Mailbox storage quota reported full with few messages,other,3,"Server-side quota consumed by hidden folders (Sent, Trash, Gmail All Mail) or large attachments rather than inbox count.",Storage always full with only 100 or so e mails in my in box No junk or spam or anything else,False,2026-07-30,False,,False,True,True,2,0
1595757,Repeating password prompt and server disconnect with ISP IMAP (promail.ptd.net),account-login,5,"Transient ISP/network or account-blocking issue causing IMAP auth failures and disconnects, since it resolved by itself the next day.","It says that my login to promail.ptd.net with my username has failed. I get prompted to enter a password, it just repeats over and over again with no luck.",False,2026-07-30,False,,False,True,True,5,2
1595758,Message list rows suddenly dark blue,ui-ux,2,Theme/OS dark-mode or accidental folder color/tag setting altering message list colors after update.,how do I get my email list colors to return to normal. They suddenly are dark blue.,False,2026-07-30,False,,False,False,False,1,0
1595780,Junk-classified messages auto-marked read despite setting disabled,spam-filters,3,"Junk filter/move-to-junk code path marks messages read independently of the 'mark as read' junk preference, potentially triggering read receipts.",Junk mail is marked read even when set not to.,True,2026-07-30,False,,False,True,True,1,0
1595786,Sent mail not syncing between new laptop and phone (POP vs IMAP),sync-oauth,3,"New laptop account was auto-configured as POP instead of IMAP, so sent/received mail is not shared with the server.","with the new laptop, I cannot see email I have sent on the phone",False,2026-07-30,False,,False,True,True,1,0
1595796,Profile data placed directly in AppData\Roaming\Thunderbird instead of Profiles subfolder,migration-import,3,"A prior manual migration copied profile contents into the root Thunderbird folder, breaking profiles.ini structure and confusing backup/restore.",My current Thunderbird profile has been created dirctly in ...AppData\Roaming\Thunderbird.,False,2026-07-30,True,davidsk,True,True,True,12,7
1595804,Cannot send via Gmail SMTP after macOS upgrade; provider demands separate app password,account-login,4,"University Gmail relay requires OAuth/Google app-specific password for smtp.gmail.com, which the user's SSO password does not satisfy.",I am unable to send e-mail from Thunderbird and I get a request for a password,False,2026-07-30,False,,False,True,True,1,0
1595816,Inconsistent spam folder icons (flame vs plain folder),ui-ux,1,Only the junk folder designated in account settings/server special-use flag receives the flame icon; extra spam folders remain generic.,"I have some Spam folders that display a 'flame', and other display a folder.",False,2026-07-30,False,,False,True,True,1,0
1595827,Cannot add Hotmail/Live/BT/Gmail accounts after Windows reinstall on 153.0.1,account-login,4,"OAuth/connection blocked by firewall, VPN, or localhost interference on the freshly reinstalled system preventing token retrieval.",I keep getting error either cannot connect to server or username and password wrong.,True,2026-07-30,False,,False,True,True,1,0
1595830,Thunderbird won't launch with '152.0.4 not compatible with 153.0' compatibility error,performance-crash,4,"Post-update profile/version mismatch or a stale background process blocking startup, cleared by reboot/reinstall.",will not open in windows said Issue with compatibility error 152.0.4 not compatible with 153.0,True,2026-07-31,False,,False,True,True,3,1
1595831,Thunderbird won't launch after update due to version incompatibility error 152.0.4/153.0,performance-crash,5,"Profile was used with a newer version or an incomplete update left mismatched binaries/profile compatibility.ini, blocking startup.",error 152.0.4 not compatible with 153.0,True,2026-07-31,False,,False,True,True,1,0
1595834,Compact folders progress bar missing plus Thunderbird freezes/hangs,ui-ux,3,"Progress bar now only displays for long-running activities so per-folder compaction never triggers it, while separate application hangs make lack of feedback alarming.",That bar hasn't been visible in last few updates.,True,2026-07-31,False,,False,True,True,7,2
1595838,Unreadable dark menu bar text with custom light theme on Linux,ui-ux,2,"Custom theme sets a translucent/dark header image but menubar text color is not adjusted, requiring userChrome.css override.",Dark background and dark text doesn't really go together.,False,2026-07-31,True,siffemoz,True,False,True,2,1
1595845,"Repeated primary password prompt, wants to remove primary password",encryption-security,2,A primary password is set on the profile so the password store prompts at each access; removing it in settings resolves it.,keep showing pop-up box requesting password,False,2026-07-31,True,MattAuSupport,True,True,True,1,0
1595865,Filters forwarding messages hit server 'too many sessions' SMTP rate limit,send-receive,4,"Filters run concurrently over matched messages and each forward opens a new SMTP session, exceeding provider (verio/CloudFilter) rate limits; FiltaQuilla run-program actions also execute in parallel.","I'm getting ""Too many simultaneous connections on the server"". I'd like to limit the concurrency",True,2026-07-31,False,,False,False,True,19,10
1595869,Mail disappears from webmail when second PC uses POP account,account-login,4,"Home client configured as POP3 with 'delete from server', removing messages from the webmail store; IMAP is needed for multi-device use.","when I open Thunderbird at home, all my email lost in web mail",False,2026-07-31,False,,False,True,True,1,0
1595870,"Send button does nothing, cannot send messages",send-receive,5,Toolbar button state/customization glitch or silently failing SMTP send path in the compose window.,When I press the send icon in The Messaging Company email nothing happens.,True,2026-07-31,True,rednoise,True,True,True,1,0
1595876,Guidance on folder organization and message-count limits per folder,search-folders,1,No technical fault; user seeking best-practice guidance on mbox folder sizing and archiving.,Are there any practical limitations regarding the no. of messages in one folder?,False,2026-07-31,True,wsmwk,True,False,True,4,2
1595877,"Gmail authentication failure after 153.0.1 update, cannot download mail",sync-oauth,5,"Account is using password/app-password instead of OAuth2, and OAuth login window fails without cookies/JavaScript enabled for Google domains.",non riesco più a scarica e quin di a leggere al posta del mio account gmail,True,2026-07-31,True,'@next,True,False,False,2,1
1595882,"Yahoo POP connection timeout, no mail downloaded",send-receive,5,"Yahoo POP server requires OAuth/app password or the port/SSL settings are stale, causing connection timeouts.","""Connessione al server pop.mail.yahoo.com fuori tempo massimo.""",True,2026-07-31,False,,False,False,False,1,0
1595883,Address book export/import between installations,migration-import,2,Contacts live in abook.sqlite/history.sqlite which must be copied manually; the documented import path is unclear to users.,Thought it would be simple to just export my Thunderbird address files from my Windows laptop and import it,False,2026-07-31,True,blindluck60,True,True,True,3,1
1595899,Cannot delete Local Folders account (Delete option greyed out),settings-config,2,"Local Folders is a built-in pseudo-account that cannot be removed, but UI gives no explanation for the disabled Delete option.","The choise ""Delet"" is ""shaded"", and not active.",False,2026-07-31,True,mozilla98,True,True,True,8,3
1595900,Quick Filter severe slowdown after update,performance-crash,3,"Likely an add-on or profile-related regression affecting Quick Filter view rebuilding, since troubleshooting mode is fast.",da qualche tempo riscontro un forte rallentamento su filtro veloce,True,2026-07-31,False,,False,False,False,1,0
1595904,Repeated password prompt actually from iCloud CalDAV calendar,calendar-tasks,3,"iCloud CalDAV subscription requires an app-specific password, and the prompt is misattributed by the user to email login.",Every time I open my e mail it wants a user name and password. EVERY TIME,False,2026-07-31,False,,False,True,True,3,1
1595905,POP mail lost after PC failure; profile recovery and import failure,migration-import,5,POP messages stored only in old local profile; Import tool fails and mbox files must be imported manually via ImportExportTools NG.,"Import failed unexpectedly, more information may be available in the error console.",True,2026-07-31,True,davidsk,True,True,True,11,5
1595914,Printed emails include full header/routing info,ui-ux,2,"View > Headers was set to All, causing full headers in print/PDF output; menu bar hidden making the setting hard to find.",Printing emails includes pages of email routing info.,False,2026-07-31,True,kmacker,True,False,True,4,3
1595916,Sent folder shows display name instead of actual recipient address for shared addresses,ui-ux,2,'Show only display name for people in my address book' overrides the actual address shown in the message list/TO line.,having problem with more than one contact having same email address,False,2026-07-31,True,prmango43,True,False,True,6,3
1595921,Compose from desktop shortcut also opens main window (regression in 153),ui-ux,2,Change since 140.x forces full app window load before compose to fix background-startup bugs.,Just want to open a 'compose a message' without the extra main window also opening.,True,2026-07-31,True,rednoise,True,True,True,4,1
1595928,User-created folders missing from folder pane after update,search-folders,4,"Folder pane view mode changes after upgrade hide subfolders; dragging folders in compact view detached messages, causing apparent data loss.",Thunderbird just updated and the next time I opened it all of the folders I created and the emails I'm storing within them are missing.,True,2026-07-31,True,phycoinsc3,True,False,True,38,17
1595937,Profile zip Import fails with NS_ERROR_FILE_NOT_FOUND / restored profile not loading,migration-import,5,"ThunderbirdProfileImporter aborts on a missing file during recursive local folder copy, and the manually copied profile isn't recognized/registered properly.","About 19% in, I received error ""Import failed unexpectedly, more information may be available in the Error Console.""",True,2026-07-31,False,,False,True,True,17,7
1595941,Yahoo/Comcast OAuth login loop repeatedly prompting for password on one machine,account-login,4,"Yahoo's OAuth flow in TB 153 fails without mailnews.oauth.usePrivateBrowser=true, so the token is never stored and Thunderbird re-prompts for a password.","I keep getting a request for a new password, over and over",True,2026-07-31,False,,False,False,True,8,4
1595945,Flood of Mailer-Daemon bounce messages from spoofed address,spam-filters,3,"Third party is spoofing the user's address for spam, so backscatter bounces arrive; server-side/provider issue, not Thunderbird.",I am getting hundreds of emails a day from the following:  Mailer-Daemon@gator3303.hostgator.com,False,2026-07-31,False,,False,True,True,1,0
1595946,Mail from one account appearing in another account's inbox,settings-config,3,"Two accounts likely share the same local message storage directory, or the user is viewing Unified Folders.",Why does one accounts email end up in another accounts inbox,False,2026-07-31,False,,False,True,True,1,0
1595952,Calendar migration fails: ICS import errors and cal_id mismatch in local.sqlite,migration-import,3,"Calendar UUIDs in prefs.js don't match those in a copied local.sqlite, so events are orphaned; ICS import also errors on missing fields.",the database cal_id fields did not match between my new system and the old one,True,2026-07-31,False,,False,True,True,1,0
1595956,Accounts listed twice in Unified Folders,search-folders,2,Stale smart-mailboxes profile data or duplicate special folder assignments (e.g. Draft vs Drafts) cause duplicated entries.,my accounts are showing twice in some of the unified folders,False,2026-07-31,False,,False,True,True,1,0
1595957,Accounts listed twice in Unified Folders (duplicate post),search-folders,2,Same as the original report: stale smart-mailboxes cache duplicating account entries.,For some reason my accounts are showing twice in some of the unified folders.,False,2026-07-31,False,,False,True,True,1,0
1595966,Messages inconsistently auto-marked as read or stuck unread after Windows 11 move,ui-ux,3,"Mark-as-read preference/IMAP flag sync is inconsistent, possibly corrupted .msf indexes or conflicting per-folder read settings after profile migration.",A new message arrives and instantly changes to read (not bolded) on arrival even if I have not viewed the message,True,2026-07-31,False,,False,False,True,3,2
1595968,Sent messages not saved/visible anywhere after 153 update,send-receive,4,Corrupted .msf index files or the 'place reply in folder of original' copy setting misbehaving after upgrade to 153.,"Since this morning, the sent messages don't appear anywhere.",True,2026-07-31,True,Googlethunderbird.,True,True,True,8,3
1595977,Stored account passwords no longer work after long period of disuse,account-login,3,Expired OAuth token or provider-side password/app-password change since last use requires re-authentication.,"After not using my thunderbird email in over a year, my login passwords are not working.",False,2026-07-31,False,,False,True,True,1,0
1595987,Junk folder renamed to Spam producing two identical 'Spam' folders,ui-ux,2,"mail.useLocalizedFolderNames localizes Junk as 'Spam', duplicating the server-side Spam folder name in the folder pane.",A few days ago the left (file) pane went from - InBox - Drafts - Sent - Junk - Spam - Trash to - InBox - Drafts - Sent - Spam - Spam - Trash,True,2026-07-31,True,Toad-Hall,True,False,True,6,2
1595993,How to add a new email account,account-login,1,User unfamiliar with account setup UI location; no technical defect.,How can I add a new e-mail account?,False,2026-07-31,False,,False,True,True,1,0
