id,discovered_theme,category,severity,root_cause_hypothesis,supporting_quote,is_new_or_notable,created_date,is_solved,solved_by,has_solution,last_answer_trusted,has_trusted_answer,n_answers,n_creator_answers
1579394,Wrong From/subject shown in header pane due to corrupt index after 150 update,performance-crash,3,Corrupt Unified Folders .msf index files caused header-pane data to mismatch actual messages.,"the ""From"" shown in the header pane is wrong",True,2026-05-01,True,rednoise,True,False,True,3,2
1579404,Emails not rendering as HTML after update,ui-ux,3,Message display setting reverted to plain text or content blocking after update prevents HTML rendering.,my emails are not opening. I get the blue underlined links but not opening as normal,True,2026-05-01,False,,False,False,False,0,0
1579412,"Suddenly stopped receiving new emails, connection times out",send-receive,5,"Server settings, port, or ISP-side change causing IMAP/POP connection timeout.",suddently it stopped receiving new emails. It seems like the connection times out,False,2026-05-01,False,,False,False,False,0,0
1579419,Run calendar as standalone app when Thunderbird closed,calendar-tasks,1,Feature request/how-to; calendar is not a separate process.,Is it possible to have the Calendar run when the rest of Thunderbird is closed ?,False,2026-05-01,False,,False,False,False,0,0
1579422,Column width setting applies to all subfolders instead of per-folder,ui-ux,2,Column layout inheritance applies width globally rather than per-folder.,a klasöründeki uzunluk tüm klasörleri değiştiriyor,False,2026-05-01,False,,False,False,False,0,0
1579425,Cannot resize Thunderbird window after update on Linux,ui-ux,3,Graphics/compositor (SWGL) failure prevents proper window sizing on Linux Mint.,"Tbird is either a default window occupying ~1/3 of the screen , or full screen",True,2026-05-01,False,,False,False,False,1,1
1579438,New account setup fails on one PC despite correct details,account-login,3,Local config/network/OAuth issue on the specific PC preventing account addition.,Thunderbird fails to add the same account on a different pc. All details are correct,False,2026-05-01,False,,False,False,False,0,0
1579442,IMAP emails moving between different accounts/servers automatically,send-receive,4,Possible message-move bug or misconfigured rule causing cross-server moves not from filters.,some (not all) emails disappear from the inbox of the first account and appear in the inbox of the third account,True,2026-05-01,False,,False,False,False,0,0
1579444,Gmail IMAP authentication failure,sync-oauth,4,Expired OAuth token or password auth requires re-authorization with Gmail.,Authentication Failure while connecting to server imap.gmail.com,False,2026-05-01,False,,False,False,False,0,0
1579447,Stop specific sender's mail going to Junk,spam-filters,1,How-to; user needs to whitelist sender in address book/junk settings.,How can I stop a certain sender's emails going into my Junk box,False,2026-05-01,False,,False,False,False,1,0
1579457,Emails missing after Thunderbird update,performance-crash,4,"Account data or folder contents lost/hidden after an update, possibly needing profile recovery or folder compaction.",Waar zijn mijn mails?,True,2026-05-01,True,Mozilla-assistent,True,True,True,1,0
1579461,Account name color difference in folder pane,ui-ux,1,Blue font indicates newly downloaded/unread messages; not a defect.,the Gmail accounts are listed in blue but the school account is listed in white,False,2026-05-01,True,Mapenzi,True,True,True,3,1
1579464,Cannot add new Outlook accounts with 2FA,account-login,4,New Outlook accounts with 2FA require OAuth/app passwords which the auto and manual setup fail to negotiate.,"São contas novas, com autenticação em dois fatores (2FA). Já tentei adicioná-las tanto de forma automática quanto manual, mas ambas apresentam erro.",True,2026-05-01,False,,False,False,False,0,0
1579467,Wrong To: address shown in search results,search-folders,2,Stale or corrupted global search index displaying incorrect recipient metadata.,in the searchlist there is another To: address,False,2026-05-01,False,,False,False,False,0,0
1579471,Stuck 'No new messages to download' loop after 150 upgrade,send-receive,4,Version 150.0.1 introduced a message download/filter loop bug affecting POP/IMAP fetching.,"This didn't happen before, but it appeared with version 150.0.1.",True,2026-05-01,False,,False,False,False,0,0
1579483,Local folders lost alphabetical order after migration,migration-import,2,Folder order bug in 140 ESR not backported; fixed only in v150 with Reset Folder Order.,all of my Local Folders were no longer in alphabetical order,True,2026-05-01,False,,False,True,True,4,1
1579493,Unable to send email,send-receive,4,Likely SMTP configuration or authentication error; error message needed to diagnose.,Je ne peux pas envoyer de mail..,False,2026-05-01,False,,False,True,True,1,0
1579503,Unified Inbox not visible,settings-config,1,Unified Folders mode not enabled in Folder Modes menu.,I cannot find Unified Inbox anywhere in my Thunderbird mailbox,False,2026-05-01,False,,False,True,True,2,0
1579519,Migrating Owl Exchange accounts to native EWS fails,migration-import,3,Native EWS setup fails to detect or authenticate Exchange accounts that previously worked via Owl add-on.,I'm not able to add these accounts using the EWS method. I run into all kinds of errors,True,2026-05-01,False,,False,False,False,0,0
1579522,Stuck blank tabs that cannot be closed,ui-ux,3,Corrupted session/tab state persisting across restarts and reinstalls.,"about ten or so of these blank open tabs, and you cannot exit them. The X button doesn't work",True,2026-05-01,False,,False,True,True,1,0
1579532,Emails and folders lost after changing IMAP server settings,account-login,5,"IMAP mail lived only on the previous host's server which was deleted when the account was closed, so nothing remained locally to recover.",I had no idea I would lose all my emails and folders I created. Is there any way to get these recovered?,True,2026-05-01,False,,False,True,True,3,1
1579540,Deleted emails not going to Trash folder,settings-config,3,Account's 'When I delete a message' server setting is misconfigured or pointing to a wrong/unexpected folder.,My deleted emails do not go in my trash folder. Where are they going?,False,2026-05-01,True,rednoise,True,True,True,1,0
1579546,Zoho account setup authentication error,account-login,3,Zoho requires app-specific password or correct IMAP/SMTP host settings that autoconfig isn't supplying.,I'm having trouble but I keep getting an Authentication error,False,2026-05-02,False,,False,False,False,1,0
1579552,Contact addresses not autocompleting when using CardBook,addons-extensions,2,CardBook integration settings ('Unique Source for Contacts') not enabled so addresses aren't offered for autocomplete/search.,create new email and type name in address box and no email address shows up,False,2026-05-02,True,rednoise,True,True,True,1,0
1579556,Zoom meeting add-on invalid client_id login error,addons-extensions,2,Third-party abandoned add-on has broken OAuth client_id configuration; issue lies with add-on developer not Thunderbird.,"""errorCode"":4702,""errorMessage"":""Invalid client_id",False,2026-05-02,False,,False,False,True,4,2
1579563,Passkeys not supported in built-in OAuth browser,sync-oauth,2,Thunderbird's stripped-down internal browser used for OAuth does not implement WebAuthn/passkey support yet.,"I tried using a passkey on the Google account authentication screen, but it didn’t work",True,2026-05-02,True,siffemoz,True,False,True,6,3
1579573,Credential prompt persists for deleted account via lingering calendar,calendar-tasks,2,A calendar (and address book) still registered against the deleted account continues to request credentials until unregistered.,login credentials is asked for ... for an old account that I've already ... deleted,False,2026-05-02,True,seth.pylad,True,False,False,1,1
1579578,Update loop: 150.0 keeps prompting restart without installing 150.0.1,performance-crash,3,"Download page served the stale 150.0 build so the in-app updater never obtained the newer 150.0.1 package, causing a restart loop.",it restarts but does not update and simply repeats without updating,True,2026-05-02,True,vk7rb,True,False,True,3,2
1579583,Reply-To spam filter rule not matching,spam-filters,2,"Reply-To header not added as a customized filter field, so the manually edited rule never matches incoming mail.","There is no way to get any filter working, do you have a suggestion",False,2026-05-02,False,,False,True,True,1,0
1579600,Local Folders link to external SSD lost after update,migration-import,3,"Profile/Local Folders path appears to switch after Linux update, but user ultimately found it was a self-inflicted configuration error.",After every update it loses the connection to Local Folders,False,2026-05-02,True,dropmenu,True,True,True,3,1
1579613,Nextcloud calendar password re-prompt despite saved password,calendar-tasks,3,"Thunderbird's calendar CalDAV provider isn't reliably retrieving the stored app-specific password from the Password Manager, possibly a realm/URL mismatch.","today, when I booted up Thunderbird, it said that it needed the password for the Calendar. I entered it in, and then looked to see if the password was in the password manager; it was.",False,2026-05-02,False,,False,False,False,0,0
1579619,Outlook/Office365 account setup fails via Account Hub with connection errors,account-login,4,"Manual SMTP settings were wrong (should be smtp.office365.com:587 STARTTLS) and Account Hub interferes with manual setup, requiring OAuth prompt.",I have used the exact server settings etc from my old lap top for the outlook account but get a variety of error messages.,True,2026-05-02,False,,False,True,True,15,9
1579627,Outgoing messages land in recipients' spam folder,spam-filters,3,Missing sender authentication (SPF/DKIM/DMARC) on the outgoing mail server causes recipients to flag messages as spam.,quando invio i messaggi i riceventi lo trovano sempre nello spam. perchè?,False,2026-05-02,False,,False,False,False,1,0
1579634,File > Email Link does nothing on Windows 11,ui-ux,2,"Windows 11 default mailto/link handler association for Thunderbird is not set, so Email Link fails to launch a compose window.","""email link"" does nothing with Windows 11 but worked with Windows 10?",False,2026-05-02,False,,False,True,True,5,3
1579654,Calendar .ics import stalls at 0%,calendar-tasks,3,"Importing to a Google CalDAV calendar hangs, likely due to remote write/sync timeout or the target being effectively read-only.","The progress bar shows ""Importing... 0%"", and there it appears to stall, consistently after several attempts.",True,2026-05-02,False,,False,False,False,0,0
1579664,Unreliable connection to Hotmail/Outlook accounts,account-login,4,"Intermittent OAuth/IMAP authentication failures against outlook.office365.com, possibly aggravated by Avast/Comodo interception.",I am having issues getting thunderbird to connect to my 2 hotmail accounts over the last week or two.,True,2026-05-02,False,,False,False,False,1,0
1579676,How to set up an email signature/footer,settings-config,1,User is unaware of the signatures feature; no defect involved.,"set up a standard ""footer"" if you will, to end my emails with",False,2026-05-03,False,,False,True,True,2,0
1579687,Font size mismatch between HTML body and signature,settings-config,2,"Composition HTML style sizes (Medium/Large) don't map to precise px/pt values used in signature.html, causing visual mismatch.",There is always a slight font size mismatch of the message text with my signature.,False,2026-05-03,True,davidsk,True,True,True,5,2
1579690,Cannot add new Hotmail account - login fails until IMAP enabled in webmail,account-login,3,"New Outlook/Hotmail accounts default to IMAP disabled, so Thunderbird login fails until IMAP access is toggled on in webmail.","Unable to log in at server. Probably wrong configuration, username or password.",True,2026-05-03,True,sfhowes,True,False,True,3,1
1579699,Adding roadrunner.com email account,account-login,2,Insufficient detail; likely autoconfig failure for Spectrum/Roadrunner requiring manual server settings.,"I am attempting to add an email from ""roadrunner.com"" into thunderbird.",False,2026-05-03,False,,False,True,True,1,0
1579713,GMX IMAP/POP login fails despite correct password,account-login,4,GMX requires enabling IMAP/POP access authorization from the web account before external clients can log in.,it finds a server profile which is consistent with the one on my phone (where it is working just fine) but login is not possible using the same password.,True,2026-05-03,False,,False,True,True,1,0
1579737,Unwanted holiday/vacation auto-response being sent,settings-config,2,"Vacation responder was configured on the webmail provider side, not in Thunderbird.",Thunderbird is sending a holiday response to email recipients. Is there a way to stop this?,False,2026-05-03,False,,False,True,True,3,1
1579750,How to dismiss donation/contribute screen,ui-ux,1,User confused by the donation prompt shown after download or the start page.,How do I get past the contribute screen?,False,2026-05-03,False,,False,True,True,1,0
1579753,Gmail account setup fails with error 400 authentication error,account-login,3,Gmail OAuth flow not completing so no password prompt appears; requires following Gmail-specific setup guide.,"mi appare l'errore 400, poi mi dice: ""Errore di autenticazione. Nascondi dettagli Impossibile autenticarsi sul server.",False,2026-05-03,True,'@next,True,False,False,2,1
1579758,Cannot stop IMAP folder synchronization for one-off backup,settings-config,2,IMAP immediate server notifications remained enabled despite disabling poll frequency and startup checks.,Any advice how to stop the messages synchronising from the source email system?,False,2026-05-03,False,,False,True,True,3,1
1579761,Gmail SMTP connection timed out when sending,send-receive,4,Anti-virus software or firewall interfering with outbound SMTP connection to smtp.gmail.com.,the connection to Outgoing server (SMTP) smtp.gmail.com timed out. Try again.,False,2026-05-03,False,,False,True,True,1,0
1579766,Thunderbird deletes stored emails when disk space is low,performance-crash,5,Profile on nearly full 8GB partition triggers retention/compaction behavior or failed compaction possibly removing messages without clear warning.,"When Thunderbird has very little disk space left, it starts deleting stored emails (without notifying the user)!",True,2026-05-03,False,,False,True,True,5,2
1579775,YouSee email account login rejected with wrong password error,account-login,4,Provider-specific auth requirement or account hub setup issue causing incorrect credentials error.,I get a message that my email address or password is incorrect but they are not,False,2026-05-03,False,,False,True,True,1,0
1579779,Sent and Draft folders saved in Local Folders instead of account,settings-config,2,"Copies & Folders account settings were misconfigured, possibly during profile backup/copy.",Sent & Draft items saved in Local Folders,False,2026-05-03,True,davidsk,True,True,True,7,3
1579780,Cannot find password update option on Android app,account-login,2,Password update UI location not obvious to user in Thunderbird Android settings.,"I can’t find an option in the app to update the password, and the app is not prompting me to enter the new password.",False,2026-05-03,True,rednoise,True,False,True,2,1
1579784,Red fraud/scam warnings injected into email body from unknown source,spam-filters,3,"An external anti-virus product or the sender's tracking/link-scanning service is inserting inline warnings, not Thunderbird's scam detection.","some of the emails I receive are full of messages in red next to almost every line of the email saying that things like ""Likely fraud detected""",True,2026-05-03,False,,False,True,True,3,1
1579790,Draft save fails due to missing OpenPGP encryption key on keyring,encryption-security,3,"Account is configured to encrypt/sign with a key ID no longer present after profile import, blocking draft auto-save.","Error while saving draft. The configured key id ""0x8DC635DD33C6A871"" cannot be found on your keyring.",False,2026-05-03,True,rednoise,True,False,True,3,2
1579812,White-on-white text when replying to HTML group emails,ui-ux,3,Incoming HTML sets white text on white background which is inherited into the reply compose window.,"Wanneer ik een reply doe, is de achtergrond wit en de tekst ook. Ik kan dit niet wijzigen",False,2026-05-03,True,Mozilla-assistent,True,True,True,4,1
1579822,"PC Thunderbird blank after update, Accounts Hub confusion, no transfer from Android",migration-import,3,Update or install reset the profile to a fresh state and accounts do not sync between Android and desktop.,"my PC version (Win 11) is like a first install. Blank slate. It asks about some ""Hub"" thing",False,2026-05-03,False,,False,True,True,1,0
1579842,Cannot set custom browser (Waterfox) to open email links,settings-config,2,Protocol handler default pointed to wrong Waterfox binary; needs handler reset and reconfiguration.,I am looking for a way to set Thunderbird to open emails with waterfox......I cannot find such a setting,False,2026-05-04,True,davidsk,True,False,True,19,9
1579844,YouTube links blocked/flagged as spam when sending,spam-filters,2,"Likely the recipient's server or an anti-virus flags the links, not a Thunderbird sending block.",Now thunderbird is not letting me do that and says it is spam.,False,2026-05-04,False,,False,True,True,1,0
1579858,HTML messages not rendering correctly in Beta but render in replies,ui-ux,3,A regression in Thunderbird Beta 151 broke HTML rendering in the message pane.,Thunderbird BETA (151.0b2 64 bit) ha smesso di rendere correttamente i messaggi formattati HTML,True,2026-05-04,False,,False,False,False,1,0
1579862,Inbox displays emails in wrong (previous travel) time zone,ui-ux,2,Thunderbird cached the old timezone and didn't refresh after the OS timezone change; a restart may be needed.,all my emails show Singapore time (BST+7) in the Inbox display in Thunderbird on my Windows laptop,False,2026-05-04,False,,False,False,False,0,0
1579880,Gmail messages rejected/spam-filtered by BT recipient servers,send-receive,3,"Receiving BT servers apply strict filtering; sender-side changes are limited, mostly a recipient/BT config issue.","all emails sent to a bt email address either goes into spam, if cc, or rejected if bcc",False,2026-05-04,True,davidsk,True,True,True,3,1
1579885,Thunderbird won't start with XPCOM load error 0xc000012f,performance-crash,4,Corrupt or incomplete installation files prevent XPCOM from loading; reinstall resolves it.,Sedan får jag kan inte ladda XPCOM. Vad betyder det?,False,2026-05-04,False,,False,True,True,1,0
1579887,Message subject mismatched with old content due to corrupt Inbox index,send-receive,3,"Corrupted mbox folder index (.msf) mapped subject headers to wrong message bodies, fixed by Repair Folder.",the content of the e-mail is an old e-mail from before,True,2026-05-04,True,sfhowes,True,True,True,4,1
1579901,Outlook.com account setup blocked by wrong password / OAuth,account-login,3,User entering old password instead of using Microsoft OAuth pop-up for authentication.,it won't accept the current Microsoft account password,False,2026-05-04,False,,False,True,True,1,0
1579917,"Restoring folders from backup profile fails, creates empty import folder",migration-import,4,"Import from backup profile fails likely due to oversized mbox files or wrong profile folder selection, leaving empty imported folder.","mi crea una nuova cartella nei messaggi locali chiamandola ""Import Thunderbird"" ma completamente vuota",True,2026-05-04,False,,False,False,False,1,0
1579922,Thunderbird stuck on 'processing' and won't load email,performance-crash,4,Startup hang possibly from corrupt profile or locked database; needs details on behavior.,It says processing.  I need to get my email back!,True,2026-05-04,False,,False,True,True,1,0
1579923,How to add a second email account,account-login,1,"How-to question about account configuration, no defect.",Hoe stel ik een tweede emailadres in naast mijn bestaande,False,2026-05-04,True,markh2,True,True,True,1,0
1579925,Sent emails being returned/bounced,send-receive,4,Outgoing mail bounced likely due to SMTP/server or spam-rejection issue at recipient side.,DIFFICOLTA' AD INVIARE LE MAIL (CORRETTE!) CHE SPESSO CI VENGONO RESTITUITE,False,2026-05-04,False,,False,False,False,1,0
1579926,"Accidentally created subfolders, moving back to top level",search-folders,1,User dragged folders into subfolders by mistake; can drag back.,Een aantal mappen zijn submap geworden door waarschijnlijk een verkeerde handeling,False,2026-05-04,False,,False,True,True,1,0
1579927,"Thunderbird print dialog replacing native printer dialog, no tray selection",ui-ux,2,Thunderbird's built-in print dialog lacks printer-specific options like paper tray unless using system dialog.,"instead of going to canon, it goes to 'thunderbird print' rather than letting me choose which app I want",False,2026-05-04,True,davidsk,True,True,True,14,6
1579929,Missing message preview pane after upgrade to 150,ui-ux,2,"Message pane hidden by default/new layout in version 150, re-enabled via View>Layout.","I'm so disappointed that the ""Message Preview"" option is missing",False,2026-05-04,True,rednoise,True,True,True,3,1
1579943,Cannot set up work email on new laptop despite correct password,account-login,3,Incorrect server settings for business email account on new install.,Ik kan mijn zakelijke e-mail niet op Thunderbird op mijn nieuwe laptop installeren,False,2026-05-04,False,,False,True,True,1,0
1579947,Pasted URL appears blank in compose window,send-receive,2,"Clipboard content pasted as an empty/hyperlinked element that Thunderbird's HTML compose fails to render, possibly due to rich-content clipboard format handling.","when I paste it into a newly composted email in Thunderbird, it's blank",False,2026-05-04,False,,False,False,False,2,0
1579957,Accounts fail to authenticate after profile move on Thunderbird 151,migration-import,4,Newer version 151.0 had an OAuth2/authentication regression when reusing a migrated profile; reverting to 140.11 ESR resolved it.,After moving my Thunderbird profile to a new computer none of my accounts can authenticate,True,2026-05-04,True,dydxlaw,True,False,True,3,2
1579958,Calendar pane resize divider stuck and calendars hidden,calendar-tasks,3,"UI resize divider between sidebar and calendar lost its drag handle, possibly a userChrome/add-on or layout regression preventing pane restoration.",the line went to the far right side and all you see is the sidebar. I can't slide it back,True,2026-05-04,False,,False,True,True,3,1
1579969,Cannot send: relay access denied due to missing SMTP authentication,send-receive,4,"SMTP authentication method was left empty after fresh install, causing relay denial until set to encrypted authentication.",mail server responded: relay access denied,False,2026-05-04,True,davidsk,True,True,True,3,1
1579984,How to get single line spacing in compose,ui-ux,1,User using Paragraph style which adds spacing; Body Text style needed.,would like single space lines instead of double spaced lines,False,2026-05-04,False,,False,True,True,1,0
1579985,Send button replaced by Send Later,send-receive,2,Offline mode or a scheduling add-on changed the default send action to Send Later.,staat er LATER VERZENDEN. Hoe krijg ik de functie Verzenden weer terug?,False,2026-05-04,False,,False,False,True,2,0
1579986,Text alignment lost after sending HTML email,send-receive,2,Variable-width font in HTML composition prevents column alignment; fixed-width font needed.,Now when i send it---it looks like this ... No longer aligned,False,2026-05-04,False,,False,True,True,1,0
1579996,Importing multiple Outlook POP accounts into Local Folders,migration-import,2,Import only picks up the default Outlook account; other accounts likely stored in pst files needing conversion.,dont seem to be able to pick up the other email folders in the outlook file,False,2026-05-05,False,,False,True,True,1,0
1580004,How to create new subfolder plus dialog buttons cut off,ui-ux,2,User forgot right-click add-folder step; separately the new-folder dialog window truncates buttons at low resolution/scaling.,the dialogue window seems to be cutting off two buttons in the lower edge of the window,False,2026-05-05,False,,False,False,False,0,0
1580007,Converting existing account from POP3 to IMAP,settings-config,3,"No in-place POP-to-IMAP conversion exists; user must add a new IMAP account, and menu paths in docs didn't match their version.",I need to change accounts in Thunderbird from Pop 3 to IMAP. All the solutions I have found so far aren't working,False,2026-05-05,True,teeshcoulton,True,False,False,4,2
1580014,Imported profile messages appear briefly then disappear (IMAP sync deletion),migration-import,4,Messages restored into an inactive/empty IMAP account get resynced against the server and deleted; salvage requires copying mail folders (not .msf) into Local Folders.,"it briefly shows all the emails, and then they disappear",True,2026-05-05,True,davidsk,True,True,True,9,4
1580021,CardDAV address book stops syncing on some machines,sync-oauth,3,"CardDAV sync tokens or credentials became stale on affected clients, and reconnecting doesn't force a full resync.",About 10 computers have stopped syncing their address book. Reconnecting the address book doesn't help.,True,2026-05-05,False,,False,False,False,0,0
1580036,Thunderbird for Android privacy/security expectations with Gmail,encryption-security,1,User question about trade-offs; server-side Google filtering remains while client telemetry is reduced.,"will I not miss the security features that Google provide, like warning for malicious/fraudulent emails?",False,2026-05-05,True,Googlethunderbird.,True,True,True,1,0
1580037,Move-to Recent destinations list shows fewer folders and non-alphabetical order,ui-ux,2,UI change altered recent-folder list behavior; later patch re-added customization options.,using the Recent destinations option then I get much less options than before,False,2026-05-05,True,szerviz,True,False,False,1,1
1580052,Outlook.com SMTP send fails with STARTTLS/Normal Password instead of OAuth2,account-login,4,Microsoft requires OAuth2 and correct SMTP host (smtp.office365.com); wrong auth method and primary alias caused send login failures.,Login to server smtp-mail.outlook.com with username [edited]@outlook.com failed.,False,2026-05-05,True,christ1,True,False,True,10,5
1580061,Shared account send fails with 'send AUTH command first' due to empty field,send-receive,3,Missing/empty SMTP auth setting field by default prevented authentication for shared accounts.,Mail server responded: Error: send AUTH command first,False,2026-05-05,True,davidsk,True,True,True,4,2
1580062,No setting to prevent auto-selecting/marking next email read after delete,settings-config,2,Thunderbird lacks a native option to deselect on delete; the previous add-on no longer works reliably in message-pane mode.,"When I delete an email, thunderbird automatically select the next email and mark as read. How to turn off this setting?",True,2026-05-05,False,,False,False,True,11,5
1580072,Emails disappearing intermittently from arcor/Vodafone folders,send-receive,4,Server-side POP/IMAP retrieval or sync issue specific to the arcor/Vodafone account causing messages to vanish and reappear.,"in den Ordnern veschwinden die mails, kommen schon mal wieder und sind dann auch mal weg",True,2026-05-05,False,,False,False,False,0,0
1580081,Untrusted certificate warning for imap.gmail.com blocks mail,encryption-security,3,Antivirus web/SSL scanning intercepts the TLS connection and presents its own certificate for imap.gmail.com.,the certificate for imap.gmail.com does not come from a trusted source,False,2026-05-05,True,meskobalazs,True,True,True,1,0
1580084,Thunderbird not sending messages (no detail),send-receive,3,Insufficient information; need SMTP settings and error text to diagnose send failure.,Why does Thunderbird not send messages,False,2026-05-05,False,,False,False,False,0,0
1580085,Emails disappear from inbox and Trash cannot be emptied,send-receive,4,"Likely corrupted mbox/index (msf) files or a broken folder needing Repair Folder, causing messages to vanish on folder switch.","either my inbox is empty on startup, or if I see my messages, they disappear completely once I open any folder",True,2026-05-05,False,,False,False,False,0,0
1580088,Thunderbird uses wrong SMTP server and stale email address when sending,send-receive,4,A stale saved password/username for a deleted account or unlabeled SMTP descriptions cause the wrong outgoing server to be selected.,"when I attempt to forward an email TB tries using the wrong SMTP server, and an email address that no longer exists",True,2026-05-05,True,Toad-Hall,True,True,True,2,0
1580102,How to see BCC recipients of sent messages,send-receive,1,User unaware that Sent folder retains full recipient info including BCC.,I cannot check to whom I have sent them,False,2026-05-05,True,davidsk,True,False,True,2,1
1580103,How to find all emails to/from one address,search-folders,1,User cannot find the hidden menu bar and Search Messages feature.,Can I find all my emails to and from one address?,False,2026-05-05,True,davidsk,True,False,True,8,4
1580106,How to exclude quoted original text when replying,settings-config,1,User unaware of the composition setting to not include original message.,How do I set my email to delete previous emails when replying,False,2026-05-05,False,,False,True,True,1,0
1580119,"Cannot view any mail, incoming or stored",send-receive,4,Possible profile/folder corruption or connection failure preventing message display; more detail needed.,"Non riesco più a visualizzare la mia posta, ne quella in arrivo e ne quella giacente",False,2026-05-05,False,,False,False,False,1,0
1580121,POP account downloads Gmail archived messages into inbox,send-receive,2,Gmail's All Mail behavior with labels keeps archived mail in the server inbox stream that POP downloads; no true folder separation.,How do I stop thunderbird from downloading the archived emails to my POP thunderbird desktop client?,False,2026-05-05,False,,False,True,True,13,6
1580135,Manually sorted folder/subfolder order resets after restart,ui-ux,3,Manual folder-sort order is not being persisted for subfolders across restarts in TB 150.,the manually sorted order of any subfolders keeps resetting to what it was before I sorted them,True,2026-05-05,False,,False,False,True,6,3
1580138,iCloud Mail compatibility and sent messages not delivered,account-login,3,iCloud requires app-specific password and correct SMTP settings; misconfiguration caused sent mail to fail.,some of my sent emails were not delivered,False,2026-05-05,False,,False,False,False,0,0
1580139,How to back up Local Folders and compaction concerns,migration-import,1,User needs guidance on exporting Local Folders via ImportExportTools NG.,"To ""save"" the info in my Local Folders? Are they excluded from Compacting?",False,2026-05-05,True,dcal53,True,False,True,2,1
1580156,Cannot display folders as tabs in toolbar like Gmail categories,ui-ux,2,Thunderbird lacks native persistent tabbed-folder UI; folder tabs require the QuickFolders add-on.,Can the Thunderbird UI be configured to display folders as tabs as a default setting?,False,2026-05-05,False,,False,True,True,1,0
1580158,Cannot delete unused account due to repeated password prompt,account-login,3,Add-on interference or insufficient file permissions preventing account/profile modification.,"When I click on the red delete button for that account, nothing happens.",False,2026-05-05,False,,False,True,True,3,1
1580162,Folders under Inbox suddenly disappeared,search-folders,4,Corrupted index/msf files or lost IMAP subscription causing folders to not display.,De ongeveer tien mappen die ik had ingevoerd onder 'Postvak In' bleken opeens verdwenen.,False,2026-05-05,False,,False,True,True,1,0
1580165,Deleted Local Folders subfolders and cannot recover,other,5,Deleted folders moved to Trash then permanently lost after compaction with no profile backup.,"I deleted a folder, containing a lot of subfolders from my Local Folders",False,2026-05-05,True,lpvmc,True,False,True,17,6
1580171,Manual account settings overwritten by autoconfig defaults during setup,settings-config,3,Autoconfig recalculation on field change (worse in Flatpak sandbox) overrides manually entered POP3/SMTP ports and blank error strings from sandbox permissions.,"these previously inserted manual settings somewhere UP, were overruled when a setting LOWER in the field was toggled",True,2026-05-05,False,,False,True,True,2,0
1580176,Emails will not delete and account full cannot receive,send-receive,4,Server mailbox over quota and possible IMAP delete/permission issues preventing deletion.,"i try to delete email from my folders and all mails but they wont delete, plus one account to full and cant receive",False,2026-05-05,False,,False,True,True,1,0
1580181,Yahoo account login failed after previously working,account-login,4,Yahoo OAuth token expiry or app-password requirement change breaking authentication.,The message says log in failed for X@yahoo.com,False,2026-05-05,False,,False,False,False,1,1
1580187,Microsoft/Outlook OAuth redirect to localhost fails on add,sync-oauth,3,OAuth flow fails when cookies are blocked in Thunderbird; correct server/port/security combo needed for Microsoft IMAP.,"Thunderbird opens an OAuth page and then it redirects from microsoftonline.com to localhost and fail with ""Unable to connect"".",True,2026-05-05,False,,False,False,True,4,2
1580192,Thunderbird 149 moved entire inbox to trash then deleted trash,performance-crash,5,Possible bug in 149.0.2 or accidental bulk move plus emptied trash causing mass message loss.,"Thunderbird 149.0.2 trashed my inbox emails on iMac Sonoma. Need to recover Inbox, about 2-3 thousand messages.",True,2026-05-05,False,,False,False,False,0,0
1580203,Profile/email transfer between Macs fails with missing profile,migration-import,3,Copying profile folder without matching profiles.ini caused Thunderbird to not locate the profile.,it tells me the profile is missing or inaccessible,False,2026-05-06,False,,False,True,True,3,1
1580207,Color-coding inbox date grouping headers,ui-ux,1,"Thunderbird lacks native styling of grouped-by-sort header rows, only per-message tags exist.","A los encabezados de agrupación (pe últimos 7 días), quisiera poder ponerle color.",False,2026-05-06,False,,False,True,True,1,0
1580225,SMTP send rejected due to blacklisted IP,send-receive,4,"The user's outgoing IP is on a DNSBL, causing the SMTP server to refuse mail.",mail not accepted from blacklisted IP address [150.228.93.12],False,2026-05-06,False,,False,False,False,1,0
1580235,Reply to account A arrives in account B,account-login,3,Likely message filters or aliasing routing replies to the wrong account despite identical settings.,if account A sends a mail it is sometimes that the reply comes in acount B,False,2026-05-06,False,,False,True,True,4,1
1580240,Unclear remote content preferences documentation,settings-config,2,The remote content exception UI mixes 'Show' and 'Add' wording and origin vs sender scopes without clear docs.,"Mixes the words ""Show"" and ""Add"". Are both 3 _and_ 4 store to the global exception list?",True,2026-05-06,False,,False,True,True,8,4
1580247,Vodafonemail.de connection failures after provider change,account-login,4,Vodafone changed server/security configuration causing long connection timeouts and confusion over SSL/TLS ports.,"I think Vodafone has changed some thing 6 Days ago, before it work for yaers without issue.",True,2026-05-06,True,peter.orzewski,True,True,True,5,2
1580249,IMAP folders disappeared except inbox,search-folders,4,"Folders unsubscribed or collapsed as inbox subfolders, plus separate phone certificate error suggesting provider-side change.","my folders have disappeared, apart from my inbox - including sent, junk, deleted",False,2026-05-06,False,,False,True,True,1,0
1580256,Requesting account settings help,account-login,1,User needs provider-specific server settings; no technical fault.,i need thunderbird account setting please help me i hope,False,2026-05-06,True,christ1,True,True,True,1,0
1580258,Archived emails open blank with no content,search-folders,3,Corrupted folder index causing messages to display empty; repair folder rebuilds index.,se otevře okno a tam je už jen prázdná plocha a nejsou tam žádná data text nic,False,2026-05-06,False,,False,True,True,1,0
1580262,Which files to copy when upgrading Thunderbird Portable,migration-import,1,User unaware Portable self-updates without manual profile file copying.,welche dateien müssen beim umzug auf eine neuere Version von thunderbird portable kopiert werden?,False,2026-05-06,False,,False,True,True,1,0
1580263,SMTP Relay access denied on send,send-receive,3,"Sending identity email address does not match the authenticated SMTP account, causing relay rejection.",it fails to send emails out ... Relay access denied.,False,2026-05-06,True,davidsk,True,True,True,1,0
1580274,Persistent 'edit conflict' folders reappearing due to Proton Drive sync,sync-oauth,3,Storing local folders on Proton Drive creates sync conflicts that re-sync back into Thunderbird after deletion.,sinds kort verschijnen er edit conflicts in mijn mail (in de lokale folders). Als ik deze delete komen ze gewoon weer terug,True,2026-05-06,True,Mozilla-assistent,True,True,True,5,2
1580277,TbSync ActiveSync error status.Settings.138 with Outlook/Exchange calendar,calendar-tasks,3,"Microsoft rejects older EAS protocol version used by TbSync add-on, causing settings error 138.","consistently getting an error I haven't seen before: ""status.Settings.138""",True,2026-05-06,True,lehoux,True,False,True,2,1
1580280,Outlook account setup rejects credentials as incorrect,account-login,3,Likely incorrect server/OAuth settings or Outlook requiring app-specific auth for new account.,it keeps saying the password and email address can’t be verified,False,2026-05-06,False,,False,True,True,1,0
1580282,Aruba SMTP 'Too many connections' outgoing send failure,send-receive,3,Aruba mail server rate-limits concurrent SMTP connections from the client.,"Too many connections, try later",False,2026-05-06,False,,False,False,False,1,0
1580285,EWS Office 365 Sync & Storage setting not persisting,settings-config,3,Sync/storage age-limit setting for EWS accounts isn't being saved to prefs.js or not honored on restart.,every time I change the setting it doesn't stick,True,2026-05-06,False,,False,False,True,2,1
1580293,Repeated iCloud contacts username/password prompt loop,sync-oauth,3,iCloud CardDAV requires an app-specific password; regular Apple password is rejected causing repeated prompts.,https://p123-contacts.icloud.com is requesting your username and password. I have entered apple pw but it never stops,False,2026-05-06,False,,False,False,False,0,0
1580299,Incoming emails open in compose/edit view with broken links due to folder flagged as Drafts,ui-ux,2,Inbox folder incorrectly flagged as Drafts folder caused messages to open in compose mode.,My inbox was flagged as an inbox and draft folder,False,2026-05-06,True,wolfepackfarm,True,True,True,5,2
1580300,Finding accidentally deleted draft messages in Trash,search-folders,1,How-to question; deleted drafts go to Trash and can be found via quick filter/search.,Where do Draft messages go when they are (accidentally) deleted?,False,2026-05-06,True,mozilla98,True,True,True,6,2
1580301,Catastrophic mailbox deletion after profile relocation and offline launch,performance-crash,5,Editing profiles.ini plus launching offline with network-mapped profile and Proton Bridge causes IMAP folders to be wiped when closed offline.,All mailboxes and all mail in profile are catastrophically and irretrievably deleted,True,2026-05-06,False,,False,True,True,2,0
1580306,"Inbox folder moved from top, folder reordering confusion",ui-ux,2,User accidentally dragged folder order; drag-and-drop reorder is unintuitive.,The inbox folder has moved from it's top position down to the middle of the list,False,2026-05-06,False,,False,False,True,10,4
1580308,Threading ignores Re: in subject after settings migration,settings-config,2,"The old profile used threading-by-subject config that ignores Re: prefixes; the new install defaults to threading by references, so setting mail.strict_threading/thread-by-subject is needed.","the filter I was using would ignore the ""Re:"" in the subject line",False,2026-05-06,False,,False,True,True,3,0
1580317,Folders show 'No messages found' when opened,search-folders,4,Corrupt message index (.msf) files or profile corruption preventing message listing despite messages existing on disk.,non si apre nulla e mi dice “Nessun messaggio trovato”,True,2026-05-06,False,,False,False,False,1,0
1580322,Incoming messages arrive already marked as read,send-receive,2,"Another device (e.g. phone) accessing the same IMAP account is marking messages read, or a mark-as-read filter/setting is enabled.","the arriving messages arrive shown as ""read"".  before they showed ""unread"" and were bold",False,2026-05-06,False,,False,True,True,1,0
1580325,Wrong correspondent displayed for emails,search-folders,3,"Corrupt folder index (.msf) mismatches display data with actual messages, resolvable via Repair Folder and compact.",the correspondent is NOT correctly listed. It's another entry in my contacts with no connection to the email,True,2026-05-06,False,,False,True,True,4,1
1580326,Authentication error adding account in Thunderbird 150,account-login,3,GMX account had IMAP access disabled server-side; also new Account Hub in 150 cannot be disabled which complicated setup.,I need to enable IMAP access on the gmx account. That did it,True,2026-05-06,True,elke_surf,True,False,True,3,1
1580327,Combined/unified inbox on Thunderbird for Android,ui-ux,1,How-to: the unified inbox toggle is under Settings > Display > Account list on Android.,Hoe kan ik alle postvakken-in van meerdere accounts (gecombineerd) zien op 1 pagina?,False,2026-05-06,False,,False,True,True,1,0
1580352,Gmail SMTP send fails with password prompt loop,send-receive,4,"Gmail SMTP requires OAuth2 and port 465 SSL/TLS instead of normal password on 587, causing repeated auth prompts.","when I try to send, I get one of these responses: ""Enter your password for matos@sgmr.net on smtp.gmail.com""",False,2026-05-06,False,,False,True,True,1,0
1580355,Sent copy not saved when message contains links or images,send-receive,3,"IMAP APPEND of larger HTML messages fails due to provider server size/timeout limits, so plain-text saves but rich messages are refused.",stopped keeping copies of sent emails and stopped saving drafts IF they contain any links or photos,True,2026-05-06,False,,False,True,True,3,1
1580361,S/MIME cannot encrypt with third-party public keys,encryption-security,3,"Imported recipient certificates are not marked trusted or lack proper CA chain, so Thunderbird reports certificate 'not found' when encrypting.","I get ""end-to-end encryption requires resolving certificate issues for ..."" and the recipient status ""not found""",True,2026-05-06,False,,False,False,False,0,0
1580362,Comcast-to-Yahoo migration SMTP login fails,account-login,4,"Username set to short form instead of full email address after Comcast migrated to Yahoo servers, causing SMTP auth failure.",Login to server smtp.mail.yahoo.com with username leifsvensen failed.,True,2026-05-06,False,,False,True,True,2,1
1580363,Messages briefly appear then vanish from folders due to Vodafone server issues,send-receive,4,Vodafone mail servers were experiencing problems causing IMAP messages to disappear from folders in Thunderbird.,"suddenly the folder was empty, none of the mails could be seen on my Windows laptop",True,2026-05-06,True,Mapenzi,True,True,True,1,0
1580364,Cannot open rs6.net email attachment (unknown file type),attachments,2,"The attachment has an unrecognized extension so the OS has no associated program, not a Thunderbird bug.",I can't open an email attachment with last part rs6.net,False,2026-05-06,False,,False,True,True,1,0
1580365,Yahoo OAuth credential window shows blank about:blank page,sync-oauth,4,"The OAuth login window for Yahoo fails to load and renders about:blank, blocking authentication.",forneça as credenciais para email da yahoo e fica em branco e aparece escrito about:blank,True,2026-05-06,False,,False,False,False,0,0
1580366,How to add existing contact to a mailing list,other,1,User needs guidance on moving contacts between mailing lists in the address book.,How do I add a contact to an existing mailing list?,False,2026-05-06,False,,False,True,True,1,0
1580369,Synology CalDAV calendar not available in Thunderbird,calendar-tasks,3,"Thunderbird cannot connect to the Synology CalDAV server despite correct credentials, possibly port/https or auth handling issue.",krijg steeds de melding dat de agenda momenteel niet bereikbaar is,False,2026-05-06,False,,False,False,True,8,4
1580374,Recurring Google sign-in popup for another account,account-login,2,An unwanted Gmail account added to Thunderbird keeps prompting for OAuth authentication and needs removal.,I get a pop up window that says sign in with google to continue to Thunderbird,False,2026-05-06,False,,False,True,True,1,0
1580383,"Thunderbird will not send emails, forces shutdown",send-receive,4,"SMTP send failure causing the program to hang, likely misconfigured outgoing server or connection issue.",my thunderbird program will not sent emails. I haveto shut the computer down,False,2026-05-06,False,,False,True,True,1,0
1580385,Sent emails saved to wrong account's Sent folder,settings-config,3,Using a Comcast/Xfinity SMTP server routed sent copies to the wrong account's Sent folder after provider changes.,my sent e-mails are going in to the sent box of ANOTHER e-mail address I have on Thunderbird,True,2026-05-07,False,,False,True,True,6,3
1580386,Emails disappeared after compacting Inbox,performance-crash,5,Compacting a corrupted or antivirus-interfered mailbox deleted messages from the local INBOX.,それまで表示されていた過去の受信メールがすべて消えました,True,2026-05-07,False,,False,True,True,1,0
1580403,Attached .eml files from Yandex won't open or save (fixed in 152),attachments,3,"A regression in version 150 prevented opening/saving nested .eml attachments, resolved in version 152.","attached emails in eml format (the attached emails have attached documents, mostly pdf) sent from yandex mail stopped opening",True,2026-05-07,True,25282,True,False,True,3,2
1580409,Repeated Google OAuth authentication prompts for unknown account,sync-oauth,3,"An address book or calendar tied to a Google account lost its OAuth token, triggering repeated re-auth prompts without indicating which resource.","Thunderbird keeps opening a Google authentication window, asking which account to use.",False,2026-05-07,False,,False,True,True,1,0
1580411,Multiple accounts fail login after recent update,account-login,4,"Authentication credentials or OAuth tokens for several accounts failed, possibly after an update or provider change.","quando apro il programma, diversi account non funzionano, nel senso che appaiono dei messaggi, in cui dicono che l'accesso non è riuscito",False,2026-05-07,True,'@next,True,False,False,1,0
1580416,Lightning converts RDATE PERIOD to single dates dropping duration,calendar-tasks,3,"Thunderbird's ICS parser does not support RDATE with VALUE=PERIOD and rewrites them as plain DATE-TIME, discarding per-occurrence durations.",RDATE:20260506T063000Z RDATE:20260507T054500Z How can I get Thunderbird to honor the different durations?,True,2026-05-07,False,,False,False,False,0,0
1580419,Garbled characters in composed emails from signature,send-receive,2,"An unsupported signature file (PDF) is attached as text, producing garbled output.","When we compose or reply email, there funny character appear",False,2026-05-07,True,sfhowes,True,True,True,1,0
1580422,PDF attachments reported as corrupted on download,attachments,3,Antivirus scanning corrupts PDF attachments as they are downloaded through Thunderbird.,"Bei manchen PDF Dateien 2,7 MB bekomme ich die Fehlermeldung Datei beschädigt",False,2026-05-07,False,,False,True,True,1,0
1580423,New emails not appearing at top after update due to sort order,ui-ux,2,Message sort order changed after update so new mail isn't shown at top; user needs to sort by Date descending.,Since the last update instead of the new emails being listed at the top of my inbox they disappear.,False,2026-05-07,False,,False,True,True,1,0
1580428,No longer receiving emails,send-receive,4,Unclear without details; likely a login or server connection failure preventing incoming mail.,Ich empfange seit kurzem keine E-Mails mehr auf meinem Thunderbird Programm,False,2026-05-07,False,,False,False,False,1,0
1580432,PEC message stuck sending and not saved to Sent,send-receive,4,"SMTP handshake with the PEC (Legalmail) server hangs, so the send never completes and the copy isn't stored in Sent.","rimane attiva la finestra con scritto ""Invio del messaggio.... Stato: invio messaggi in corso....",True,2026-05-07,False,,False,False,False,1,0
1580436,Yahoo IMAP download stalls at 10000 of 155000 messages,send-receive,4,"IMAP message download stalls on very large mailboxes, possibly due to server throttling or a fetch limit, blocking full local archival.","in mijn Mozilla Postvak IN zie ik tot nu toe maar ""10000"" (zie bijlage) van de ~155000",True,2026-05-07,False,,False,False,True,2,1
1580444,Received emails disappeared showing only recent dates on IMAP,send-receive,5,IMAP synchronization or server-side retention removed older inbox messages while Sent remained intact.,Non trovo più tantissimi messaggi di posta ricevuti; li vedo solo dal 30 marzo 2026.,True,2026-05-07,False,,False,False,False,5,2
1580452,Emails and folders disappear after each Thunderbird update (possible new profile creation),migration-import,4,"Updates may be creating or switching to a different profile, so custom folders and moved (local) messages no longer appear.","Every time I let Thunderbird update, the format changes to a previous format and my emails and folders are gone.",True,2026-05-07,False,,False,True,True,5,2
1580453,Confusion over IMAP re-sync after restoring profile backup,send-receive,1,"IMAP account re-synced current server messages immediately on launch, overwriting expectations from the older backup.",I could see messages that I'd downloaded today. What is going on?,False,2026-05-07,True,davidsk,True,True,True,3,1
1580456,Delete icon stays red after filling in all fields,ui-ux,2,Insufficient detail; possibly a form validation issue but cannot determine without screenshot.,"Het teken ""verwijderen"" blijft rood na het invullen van alle gegevens",False,2026-05-07,False,,False,True,True,1,0
1580460,Deleted folder messages vanishing due to server-side auto-cleanup,send-receive,2,"Server or another synced device purges the Trash/Deleted folder, unrelated to Thunderbird filters; possibly compounded by corrupted Trash.msf.",It is as though a ghost is running the filters when I'm not watching.,False,2026-05-07,True,Googlethunderbird.,True,False,True,6,3
1580478,"Cannot send mail, AOL rejecting outgoing message",send-receive,4,Misconfigured or mismatched SMTP settings combined with AOL server rejecting the sending account.,this is the message that comes up when I try send mail. I did turn my VPN off.,False,2026-05-07,False,,False,True,True,10,4
1580486,User needs complete Thunderbird email account setup instructions,account-login,1,User lacks understanding that Thunderbird requires an existing email account from a provider.,I need mozilla thunderbird email account complete setting need,False,2026-05-07,False,,False,True,True,1,0
1580494,Alias identity reverts to primary From address on Gmail Workspace,settings-config,2,Gmail rewrites the From header for aliases unless 'Send mail as' / 'Treat as alias' is configured server-side.,"when the message arrives at the destination inbox, it is from scott.harper@myorg.org instead of ""info""",True,2026-05-07,True,sharper3,True,False,True,3,2
1580497,140.10.1 UI regression: missing right-click menu items and thin email display,ui-ux,3,"Update introduced a rendering/context-menu regression, possibly profile or theme related, causing invisible message pane and missing options.",Emails display in a very thin horizontal stripe making them invisible without clicking the menu and switching to classic view.,True,2026-05-07,False,,False,True,True,1,0
1580512,Thunderbird 150 rejects comcast.net address with Yahoo backing setup,account-login,3,Account auto-config in TB 150 forces comcast.net server entities instead of allowing manual Yahoo server config for migrated accounts.,this same process does not appear to be supported by Thunderbird 150. It seems to insist on using comcast.net entities,True,2026-05-07,False,,False,True,True,1,0
1580514,Removed account still prompts for password,account-login,2,Leftover SMTP server or linked calendar for the removed account keeps triggering password prompts.,i cant remove again. How can i fix this problem? its really bugging me a lot!,False,2026-05-07,False,,False,False,False,4,2
1580525,Gmail OAuth login fails after password change due to disabled cookies,sync-oauth,4,"OAuth2 token could not be stored because cookies were disabled, causing Google 400 malformed request errors after re-authentication.","I get the pick IMAP screen, enter my new Google password, then get a Google 400 error stating ""The server cannot process the request because it is malformed.",True,2026-05-07,True,rednoise,True,False,True,2,1
1580537,Global search hangs with large local mail database,search-folders,3,"Corrupted or oversized global-messages.sqlite index causes search to hang, requiring database rebuild.",My search now hang. They go so far than just hang. Is there a way to rebuild the complete indexing,False,2026-05-07,False,,False,True,True,1,0
1580539,Thunderbird unresponsive after hundreds of tabs opened,performance-crash,3,Session state with hundreds of open message tabs overwhelms the UI; deleting session.json resets it.,"I have accidentally opened up hundreds of mail I meant to delete. I cannot access my emails, Thunderbird keeps failing to respond.",False,2026-05-07,True,rednoise,True,False,True,2,1
1580551,Cannot upgrade to version 145+ for Exchange support on Linux Mint,account-login,2,"Linux Mint ships the ESR channel, so the monthly release with Exchange support isn't available through the update manager.",MS Exchange server support is available in Thunderbird version 145 and above... how do I upgrade it??,False,2026-05-07,False,,False,True,True,3,1
1580556,Disable red unread count badge on taskbar icon,settings-config,1,User needs to untick the 'show badge icon' option in general settings.,is there a way to turn off the red email count on the taskbar icon?,False,2026-05-08,False,,False,True,True,3,1
1580558,Relocating profile/mail data to another drive breaks folder and filter references,migration-import,3,Moving only the mail folder without updating Message Storage local directory and profiles.ini caused Thunderbird to lose folder structure and filters.,How do I tell Thunderbird to find its data on the N: drive?,False,2026-05-08,True,davidsk,True,True,True,13,5
1580568,"New tabbed UI after upgrade disorients user (missing folder pane, opens to address book)",ui-ux,2,Major version UI redesign changed layout defaults; folder pane hidden and startup tab changed.,Its not supposed to look like a browser with tabs the old one I could run from inbox knew where everything was,True,2026-05-08,False,,False,True,True,2,0
1580570,Custom installed fonts not rendered in composed/sent messages,ui-ux,2,Older TrueType fonts lack Unicode support so Thunderbird substitutes generic web-safe fonts when composing HTML mail.,it displayed my signature in a plain sanserif font... it actually only honors three choices,False,2026-05-08,True,MattAuSupport,True,True,True,3,1
1580585,Reset forgotten master password without knowing the old one,encryption-security,3,"User forgot the primary password and needs to reset it, which requires clearing stored passwords.",vorrei poter cambiare la password principale senza che mi venga chiesta la vecchia perché non la ricordo,False,2026-05-08,False,,False,False,False,1,0
1580588,'No messages to download' despite messages on server,send-receive,3,Server connection or POP download settings issue preventing message retrieval; need account type and error details.,"I get a message saying ""no messages to download"" yet I know there messages on the website",False,2026-05-08,False,,False,True,True,1,0
1580595,Authentication error when adding new email account,account-login,3,Incorrect server settings or provider requiring OAuth/app-password causing authentication failure during account setup.,es zeigt mir immer eine Fehlermeldung bei der Authentifizierung egal was ich erfasse,False,2026-05-08,False,,False,True,True,1,0
1580601,Importing Outlook PST file into Thunderbird,migration-import,2,PST import requires Outlook installed since Thunderbird relies on Outlook to read the proprietary format.,Es un fichero pst de Outlook. No encuentro la manera de importarlo en Thunderbird.,False,2026-05-08,True,pcp04,True,True,True,3,1
1580613,"Gmail outgoing mail not sending, SMTP connection fails",send-receive,4,"Antivirus, VPN or firewall intercepting the SMTP connection to smtp.gmail.com.",Соединение с сервером исходящей почты не устанавливается. Разные порты и способы шифрования уже пробовал.,False,2026-05-08,False,,False,True,True,1,0
1580622,Scheduled mail checking per-account on certain days not available,settings-config,2,"Thunderbird only supports timed interval checking, not day-based per-account scheduling; feature does not exist.",Scheduled checking of emails for some accounts only on certain days,True,2026-05-08,False,,False,False,True,7,4
1580627,How to delete a Thunderbird account,settings-config,1,User needs guidance on removing account via Account Settings; a how-to question.,come cancellare un account Thunderbind,False,2026-05-08,False,,False,False,False,1,0
1580628,How to delete a Thunderbird account,settings-config,1,Duplicate how-to question about removing an account.,come cancellare un account Thunderbind,False,2026-05-08,False,,False,False,False,1,0
1580640,Thunderbird re-downloads all mail on each start (vodafonemail IMAP),sync-oauth,3,Server-side issues at vodafonemail.de causing IMAP sync/re-fetch on startup.,Thunderbird bei jedem Start erneut alle Mails vom Server abruft,True,2026-05-08,True,christ1,True,True,True,1,0
1580641,Bitdefender extension forces 'managed by your organisation' and blocks settings,addons-extensions,4,Bitdefender installs a non-removable managed extension/policy that silently blocks Thunderbird config changes.,"the BitDefender extension is not installed in a normal way, and cannot be removed",True,2026-05-08,False,,False,True,True,1,0
1580643,Help installing latest Thunderbird version,other,1,Elderly novice user needs installation assistance; a how-to/onboarding request.,"Zu instalieren beauch ich unterstutzung ,ich bin 83 jahre alt",False,2026-05-08,False,,False,True,True,1,0
1580645,Message preview pane layout changed after update,ui-ux,2,"Update reset the layout/message pane orientation setting, toggled via F8.",Thunderbird did an update and now my email messages no longer displace at bottom half of my screen,True,2026-05-08,False,,False,True,True,1,0
1580656,Messages from address book contacts still flagged as spam,spam-filters,2,Junk filter whitelist for address book contacts is either disabled or not applied because a server-side spam flag or adaptive filter overrides it.,Mi succede che un messaggio venga considerato spam anche se il mittente è inserito nella mia rubrica.,False,2026-05-08,False,,False,False,False,1,0
1580665,POP redownloads already-deleted messages due to corrupted popstate.dat,send-receive,4,"Corruption of popstate.dat (mail state file), possibly caused by profile migration or improper shutdown, breaks tracking of already-downloaded POP messages.",thunderbird won't download new emails but keeps downloading the same ones I already deleted,True,2026-05-08,True,gregverena,True,True,True,6,2
1580666,Cannot receive after email password change despite webmail access,account-login,4,"Stored password not updated after server-side change, and reinstall attempts corrupted the profile leaving both machines nonfunctional.",I changed my email password on my email server ... I am able to access my email on webmail ... but not using my thunderbird app,False,2026-05-08,False,,False,True,True,1,0
1580683,Deleting one message deletes 2-3 adjacent messages,ui-ux,3,"Failing wireless mouse producing double/triple clicks causing multi-selection deletes, or a selection-handling regression.",When I delete a message TB automatically deletes 2 or 3 others at same time.,True,2026-05-08,False,,False,False,True,3,0
1580684,New email notification appears on wrong monitor after update,ui-ux,2,Recent update changed notification positioning logic so it targets a secondary monitor instead of the primary display.,"ONLY Thunderbird shows notifications on my 2nd monitor, other notifications go to the primary",True,2026-05-08,False,,False,True,True,4,1
1580692,Outlook/Exchange account cannot receive after removing Owl add-on,account-login,3,"After removing Owl, the account still uses IMAP/POP settings instead of native Exchange, requiring reconfiguration for Exchange support.","I've dumped Owl ... and I cannot receive emails ... it continues to check for the email at that address, tells me there isn't anything to download",False,2026-05-08,False,,False,True,True,1,0
1580696,"Sender/subject data misapplied to wrong messages, folder repair only temporary",search-folders,3,"Corrupted folder index (.msf) files, possibly triggered by anti-virus interference, repeatedly cause misaligned message metadata.",My correspondents keep getting shuffled and applied to the wrong subject line in the inbox,True,2026-05-08,False,,False,True,True,2,0
1580698,Unwanted repeating Google Calendar reminders that cannot be dismissed,calendar-tasks,3,"Google CalDAV permissions/sync issue causes dismissal writes to fail (Server Replied with 400), so reminders reappear.","If I try to dismiss them I get an Error Code: Modification failed. Status Code: 2,147,500,037, null Server Replied with 400",True,2026-05-08,False,,False,True,True,1,0
1580701,Gmail OAuth 'give access' button off-screen blocks authorization,sync-oauth,4,"The Google OAuth consent dialog is too large for the screen at current scaling, hiding the 'allow access' button and preventing sign-in.",a screen that asks me to click on a 'give access' button that appears nowhere on the screen,True,2026-05-08,False,,False,False,True,4,2
1580704,Subject column has extra leading spacing and inconsistent apply-columns,ui-ux,1,Extra space before Subject is reserved for threaded expand icons and reply/forward indicators; behavior is by design not a bug.,the leading space for Subject is much larger than any of the other column labels shown,False,2026-05-08,True,mozilla98,True,False,True,6,2
1580707,Recovering contacts from an inaccessible old email account,account-login,3,User lost webmail access after ISP change and needs Thunderbird-stored addresses or extraction add-ons to recover contacts.,Old provider has blocked or frozen me out of my prior email account. I need to see my contact list,False,2026-05-08,False,,False,True,True,1,0
1580709,Full header included when forwarding emails,send-receive,2,Header view was changed to 'All' which causes full headers to be included on forward; switching to Normal fixes it.,ik wil niet dat die volledige header wordt meegestuurd als ik een mail doorstuur. hoe voorkom ik dat?,False,2026-05-08,False,,False,True,True,3,0
1580714,Inbox folder sorted alphabetically instead of on top after update,ui-ux,3,An update reset folder ordering to alphabetical; 'reset folder order' restores Inbox to top.,My inbox is now put in alphabetic order thanks to one of the newest updates. I want it at the TOP.,True,2026-05-08,False,,False,True,True,3,1
1580716,Fewer emails on new computer after migration (POP3),migration-import,3,"POP3 account already downloaded and deleted server copies, so old emails exist only in the old computer's profile and can't be re-downloaded.",there are a lot less emails than on the old computer. I cannot find a setting to download the rest,False,2026-05-08,False,,False,True,True,3,1
1580726,Importing XMPP chat history,other,2,Thunderbird provides no import option for XMPP chat history.,Is it possible to import chat history?,False,2026-05-09,True,MattAuSupport,True,False,True,2,1
1580732,Cannot set up account despite correct password,account-login,4,Likely incorrect server settings or auth type during setup causing provider to reject login even with valid password.,im unable to set up my thunderbird my password is correct i tryed logging in elswere with no problem,False,2026-05-09,False,,False,False,True,2,1
1580733,Correcting a wrong word in personal spellcheck dictionary,settings-config,1,Personal dictionary entries stored in persdict.dat must be edited manually or via the spellcheck edit button.,"I screwed up and entered an incorrect spelling of ""tchotchke"" in my T-bird spell-check dictionary",False,2026-05-09,True,WebDev,True,True,True,5,2
1580735,Cannot log in to Outlook/Office365 account,sync-oauth,4,Wrong SMTP hostname and missing OAuth2 authentication type prevent Office365 login.,The correct outgoing server is smtp.office365.com,False,2026-05-09,False,,False,True,True,1,0
1580744,Local address book lost after Windows reinstall,migration-import,4,Local (non-synced) address book was lost with the profile during Windows crash/reinstall with no backup.,upon reinstalling Thunderbird and adding my email accounts my address book is gone,False,2026-05-09,False,,False,True,True,1,0
1580777,Thunderbird 150 crashes and won't restart after installing add-ons,addons-extensions,4,"Add-on installation (German dictionary/ImportExportTools) corrupted profile or left a stale parent.lock, preventing startup; also reduced emoji access in v150.","after adding ImportExport Tools, Thunderbird not only crashed but also wouldn’t start up again",True,2026-05-09,True,Googlethunderbird.,True,True,True,4,1
1580778,Cannot alphabetically sort inbox subfolders and no folder search,search-folders,2,Manual folder ordering or special-folder rules override alphabetical sort for a few folders; user unaware of folder search feature.,Non riesco a mettere in ordine alfabetico le sottocartelle della posta in arrivo,False,2026-05-09,False,,False,False,False,1,0
1580802,Cannot uninstall Thunderbird / no product code exists,other,2,"User's third-party uninstall tool requires an MSI product code, but Thunderbird's installer has no such code.",Windows add or remove programs isn't working,False,2026-05-09,False,,False,True,True,4,1
1580811,Cannot receive or open emails despite reinstalls,send-receive,4,Server connection or authentication failure; insufficient detail to determine exact cause.,Trotz mehrmaliger Neuinstallation reagiert mein Email-account nicht mehr.,False,2026-05-09,False,,False,True,True,1,0
1580817,Cannot import K-9/TB Android settings into desktop Thunderbird,migration-import,2,Desktop Thunderbird does not support importing the k9s export file from the mobile app.,It created a k9s file but it is not giving that option,False,2026-05-09,False,,False,True,True,1,0
1580822,How to report spam emails to authorities,spam-filters,1,"How-to question, not a defect.",I want an easy way to be able to report it,False,2026-05-09,True,davidsk,True,True,True,1,0
1580823,Thunderbird freezes and slows when opening emails (Defender scanning / index corruption),performance-crash,4,Antivirus real-time scanning of the profile folder plus possibly corrupted .msf index files or failing disk cause long freezes.,it also won't open the downloaded email when I click on it and the TB freezes up so I can't close it out,True,2026-05-09,False,,False,False,True,18,10
1580826,Outgoing mail rejected due to missing SMTP authentication (Verizon/Yahoo app password),send-receive,4,SMTP server refuses mail because no authentication/app password is configured on the outgoing server.,The mail server responded: Email rejected.,False,2026-05-09,True,MattAuSupport,True,False,True,10,5
1580829,Email prints across two pages due to wide tables / scaling,ui-ux,2,HTML tables in the message are too wide to fit; scaling/fit-to-page setting needed.,"I get one page with From, To, Reply to, & Subject then body on next page",False,2026-05-09,True,MattAuSupport,True,False,True,4,2
1580842,Gmail OAuth re-authentication loop after reinstall,sync-oauth,4,"OAuth token fails to return to Thunderbird (VPN, blocked localhost, or cookies), causing repeated Google prompts and connection failure.",it takes me to google and I have to click allow but then it takes me back to the email install and then tells me it cannot find the Email address,True,2026-05-09,False,,False,False,True,5,2
1580856,New install: no incoming server configured so account not usable,account-login,3,"User created only an outgoing/identity entry without adding an incoming server, so buttons are greyed and no account appears.",the get messages button and New Message are grayed out an NO accounts are listed,False,2026-05-09,False,,False,False,True,8,5
1580858,"Spectrum/Roadrunner intermittent 'cannot connect to server', long delays downloading mail",send-receive,4,"Spectrum's legacy Roadrunner mail servers throttling or timing out connections, not a Thunderbird fault.","I'm getting ""Thunderbird can't connect to the server"" message, so I can't download messages.",True,2026-05-09,False,,False,False,True,11,6
1580861,SMTP connection error 10060 timeout,send-receive,3,"Network timeout waiting on SMTP server response, likely server-side or slow network.",I am getting cannot connect to smpt 47.43.26.4:58.7,False,2026-05-09,False,,False,True,True,1,0
1580862,Two AOL/Yahoo IMAP accounts merge and download same mail due to shared OAuth cookies,sync-oauth,4,"Yahoo reuses OAuth cookies across accounts, causing both AOL accounts to authenticate as the same user unless private-browser preference is enabled.",the recreated account again downloaded my emails into her TB account,True,2026-05-09,True,MattAuSupport,True,False,True,2,1
1580863,"Spectrum/twc.com connection refused, cannot send or receive",send-receive,4,"Spectrum server timeouts/POP deprecation on legacy twc.com accounts, not a Thunderbird issue.","TB could not connect to server mail.twc.com , the connection was refused",True,2026-05-09,True,arlener,True,False,True,2,1
1580864,Comcast account deleted and cannot re-add due to OAuth vs normal password authorization error,account-login,4,"Thunderbird auto-selects OAuth2 for Comcast during setup, which fails; normal password is required.","I keep getting an ""Authorization Error"" each and every time!",True,2026-05-09,False,,False,False,True,9,4
1580867,"Spectrum/twc.com POP connection refused, likely POP deprecated",send-receive,4,Spectrum discontinuing POP support on legacy twc.com accounts causing connection refusals.,could not connect to server mail.twc.com ; the connection was refused,True,2026-05-09,False,,False,False,True,2,1
1580869,Yahoo account setup stuck after entering password,account-login,3,Yahoo OAuth authentication not completing during account setup in Thunderbird.,パスワードを入力してもその先に進めない,False,2026-05-09,False,,False,False,False,0,0
1580871,"After 140.10.2esr update, Get Messages icon does nothing and cannot send/receive on Windows 11",send-receive,4,"Likely coincides with Spectrum twc.com server-side issue, though user attributes it to update; possible Get Messages button regression on Win11.",Clicking the Cloud with down arrow (Get Messages) icon does nothing.,True,2026-05-09,False,,False,False,True,10,9
1580874,"Accidentally deleted all Gmail archives, recovering from Time Machine backup",other,4,User error deleting archives then emptying trash; recovery requires importing mbox files from backup.,"I just deleted all of my archived emails, thinking it was stuff that I had sent to trash.",False,2026-05-09,True,rednoise,True,True,True,8,5
1580877,"Spectrum/twc.com connection refused across machines, likely POP deprecation",send-receive,4,"Spectrum mail.twc.com server refusing all POP/IMAP ports externally, indicating server-side change on legacy Roadrunner accounts.",Could not connect to server mail.twc.com ; the connection was refused,True,2026-05-09,False,,False,False,True,4,2
1580884,Junk folder shows unread count but folder appears empty,search-folders,2,Corrupted or stale message index (msf file) causing a phantom unread count that self-resolved after reindexing.,it is showing 5 in my junk account. But in the preview window to the right of that column there is nothing showing,False,2026-05-09,True,davet354tfd,True,False,True,2,1
1580895,Thunderbird hangs (Not Responding) while typing in compose window,performance-crash,4,"Known accessibility-related bug where accessibility service integration causes UI freezes, mitigated by accessibility.force_disabled.","intermittent ""hanging"" when I'm typing a document or letter in Thunderbird",True,2026-05-10,False,,False,True,True,5,2
1580909,Tech-support phone scam led to remote access and loss of account/folders,encryption-security,5,"User granted a scammer remote control of their computer, resulting in data loss and identity-theft exposure rather than a Thunderbird fault.",man took over my computer said he found all these problems then wantd $500 or $250 to get thunderbird back,True,2026-05-10,False,,False,True,True,1,0
1580925,Request for Mozilla Account-based settings/extensions sync,sync-oauth,2,"Feature request: Thunderbird lacks a cloud sync system for settings, filters, signatures and extensions across devices.","Please give Thunderbird a complete Mozilla Account–based sync system, just like Firefox.",False,2026-05-10,False,,False,True,True,1,0
1580936,Confusion between Outlook webmail contacts and mailing list (not Thunderbird),other,1,"User is actually using Outlook.com webmail in Firefox, not Thunderbird, and misunderstands the People/recipient interface change.",My entire regular Send To email list has been moved to the People directory.,False,2026-05-10,True,raymond_j_markiewicz,True,False,True,8,4
1580945,Two AOL accounts sharing sent/inbox folders (accounts linked),settings-config,3,Mismatched Copies & Folders or SMTP settings cause two accounts to point at the same folders/identity.,"when I send an email from one of them, it appears in both ""sent"" folders",False,2026-05-10,False,,False,True,True,3,1
1580954,Outlook.com account setup rejected as incorrect configuration,account-login,3,"Outlook accounts require OAuth authentication; entering a password manually fails, so autoconfig should be used without a password.",thunderbird says that the configuration is incorrect and will not accept it,False,2026-05-10,False,,False,True,True,1,0
1580957,All email accounts and address book disappeared after restart,migration-import,5,"Thunderbird loaded a fresh/new profile instead of the existing one, hiding accounts and data rather than deleting them.",both my email accounts and my address book was gone,True,2026-05-10,False,,False,True,True,5,2
1580960,Configuring new host (123 Hosting) server settings after reinstall,account-login,3,User needs correct IMAP/SMTP settings and cPanel access after migrating hosting providers; not a software defect.,Where and in what format do I enter theses server details,False,2026-05-10,True,davidsk,True,True,True,3,1
1580965,Account Hub requires password after Windows reinstall,account-login,2,User conflated a Thunderbird account with the email provider password; the required password was the Spectrum mail account password.,I don't have or recall a password and the screen does not allow an option to recover a password,False,2026-05-10,False,,False,False,True,2,1
1580968,Cannot customize Thunderbird taskbar icon color per tab in Windows,ui-ux,1,"Windows renders the taskbar icon from Thunderbird's internal icon resource, which cannot be recolored without replacing the embedded icon file.",Comment changer directement la couleur de l'onglet de Thunderbird dans la barre des tâches de Windows.,False,2026-05-10,False,,False,True,True,2,0
1580978,How to auto-display remote images,settings-config,1,User was unaware of the Privacy & Security setting to allow remote content by default.,I just want Thunderbird to show remote images automatically without me clicking the button.,False,2026-05-10,True,davidsk,True,True,True,3,1
1580980,Sudden inability to connect to all email accounts (IMAP/POP),send-receive,4,"Local network/process issue or phantom Thunderbird process rather than server-specific, given all providers affected simultaneously.","TB has been unable to connect to my email accounts. (IMAP or POP). These include Roadrunner, Gmail and Outlook.",False,2026-05-10,False,,False,True,True,1,0
1580985,Local mail folder mbox file wiped to 0KB during compaction,performance-crash,5,"A corrupt mbox file causes compaction to fail mid-operation, zeroing out the file and losing all message bodies.","I found the sent file to be 0 Kb, and sent.msf 255 Kb, when sent should have been around 60 Kb long",True,2026-05-10,True,rednoise,True,False,True,12,7
1580988,No option to auto-close original message after Reply/Forward,ui-ux,2,Feature parity gap with Outlook; the old 'Close on Reply' add-on is unmaintained and no built-in toggle exists.,How do I make Thunderbird automatically close the 'original' message when I click Reply or Forward?,False,2026-05-10,False,,False,True,True,3,1
1580990,Mail from secondary domain flagged as spam only when sent via Thunderbird,spam-filters,3,Likely a header or SMTP relay difference specific to Thunderbird's submission through Bluehost that triggers Gmail spam scoring.,Only emails sent via Thunderbird are flagged.,True,2026-05-10,False,,False,False,True,12,6
1580995,New mail notifications appear on wrong (secondary) monitor,ui-ux,2,Bug in Thunderbird 150 mis-detecting the primary monitor for native notifications; fixed in 152.,"the native Thunderbird new mail notifications started appearing in my second monitor, rather than my main display",True,2026-05-10,False,,False,False,True,7,3
1580997,Cannot locate own submitted questions on SUMO forum,other,1,User unfamiliar with SUMO profile navigation to find their own posted questions.,"I have placed a question, did not get any response and can't even find my questiomn.",False,2026-05-10,False,,False,True,True,3,1
1581001,Message filter executes twice on single incoming message,search-folders,3,"Filter runs twice (possibly due to cross-account copy triggering re-evaluation), producing duplicate copies where one gets re-untagged.","the filter is executed TWICE (see screenshot of the log) , the copied message arrives TWICE at the destination",True,2026-05-10,False,,False,False,True,6,3
1581009,Cannot sort archived messages by date archived,search-folders,2,"Thunderbird stores no separate 'date archived' field, so archived messages can only be sorted by original message date.",Can I sort the messages in All Mail by date archived?,False,2026-05-10,False,,False,False,False,0,0
1581010,Address book import into new Thunderbird install on Linux,migration-import,2,User unsure which file format (vCard/CSV/LDIF) to select when importing contacts after moving to a new machine.,"I tried to import my address book, but don't know what type of file to select to do that.",False,2026-05-10,False,,False,False,True,4,2
1581013,"Slow email opening, especially messages with barcodes",performance-crash,3,"Anti-virus scanning or add-on interference delaying message rendering, particularly for messages with embedded images.",i need to wait for 4-5 mins to open that email. even i am not able to open on one click which contains Barcode,False,2026-05-10,False,,False,True,True,1,0
1581022,Reading and searching Outlook PST archive in Thunderbird,migration-import,2,Thunderbird cannot natively read PST files; user needs conversion or import guidance.,"Does Mozilla have a way by which I will be able to search, read and generally access those e-mails and their attachments?",False,2026-05-11,False,,False,False,False,1,0
1581038,Autocomplete suggests wrong stored email address,send-receive,2,"A mistyped address was previously saved in the collected addresses / global index, so autocomplete keeps offering it.",Thunderbird auto completes at this point with daughter@hot.mail.com . The period between the t and m is incorrect,False,2026-05-11,False,,False,True,True,5,2
1581057,Only recent weeks of mail synced on IMAP account,sync-oauth,3,IMAP sync/message age limit setting restricting downloaded messages so older mail only appears on webmail.,Thunderbird Only Provides My E-Mails of the past two or three Weeks on my mobile phone and on my Laptop.,False,2026-05-11,False,,False,False,False,0,0
1581063,Update could not be installed (patch apply failed),performance-crash,3,"Incremental update patch failed to apply, requiring full installer over the existing version.",Update could not be installed ( patch apply failed),False,2026-05-11,False,,False,True,True,1,0
1581087,BT Mail password not recognised,account-login,3,Stored credentials outdated or app-specific password/server settings needed for btinternet.,doesent recognise my btmail password,False,2026-05-11,False,,False,True,True,1,0
1581089,Cannot send email after reinstall (recipient rejected),send-receive,2,Transient server-side rejection resolved after restart; possibly a temporary account config glitch.,"OK, odd, it just started working after one more restart.",False,2026-05-11,True,sarima,True,False,False,1,1
1581092,Outgoing mail blocked by Spamhaus blocklist (550),send-receive,4,"Sending server IP is listed on Spamhaus, causing recipient servers to reject all outgoing mail.",ESTÃO VOLTANDO COM ERRO 550 Connection Rejected - see http://www.spamhaus.org/query/ip/162.241.3.16,False,2026-05-11,False,,False,False,False,0,0
1581096,Filters on custom headers fail only on Yahoo IMAP account,search-folders,3,"Yahoo IMAP may not return full custom headers for header-based filtering, causing List-Unsubscribe/SPF filters to fail while standard headers work.","Mail filters for custom headers like List-Unsubscribe , Authentication-Results or Received-SPF ... do not work on the Yahoo! IMAP account",True,2026-05-11,False,,False,True,True,9,5
1581099,Account Hub rejects email and password on fresh reinstall,account-login,3,"The new Account Hub setup flow may be attempting auto-config that fails or requires OAuth, and rejecting the manual password entry before the correct prompt.","The ""HUB"" will NOT except my personal details i.e. email address & PW which I've used for years.",True,2026-05-11,False,,False,True,True,1,0
1581100,"Calendar icon missing from toolbar, fixed by restart",calendar-tasks,1,Transient UI glitch where calendar toolbar button disappeared until a restart reloaded the extension.,Now it's missing. The icon is missing from title bar,False,2026-05-11,False,,False,True,True,2,1
1581104,Migrating email filters (msgFilterRules.dat) to new machine,migration-import,2,"Filters were copied into wrong folder or while Thunderbird was running, and account/folder hierarchy did not match the original.",I copied the msgFilterRules.dat from the Mail\ mail.friesen.net subdirectory to the Mail\Local Folders subdirectory,False,2026-05-11,False,,False,True,True,7,2
1581107,Ctrl+Enter send also opens attached file,send-receive,2,"Sending a message with an attachment triggers the attachment to open in a new tab, possibly a keyboard shortcut or attachment-handling bug.","if I attach a file to an outgoing message then use ctrl+enter to send the message, Thunderbird also opens the attachment",True,2026-05-11,False,,False,False,True,4,2
1581115,IP blacklisted when sending email,send-receive,3,Email provider has blacklisted the user's sending IP; not a Thunderbird issue but surfaced through it.,how can I get the IP off black list,False,2026-05-11,True,rednoise,True,True,True,1,0
1581130,Email date/time shows download time instead of received time,send-receive,2,"Thunderbird displays the local receive/download date rather than the server's original Received header, likely a POP account with missing date column.","The date and time of the emails show as the current date and time, not the actual date and time that the emails were received",False,2026-05-11,False,,False,True,True,1,0
1581135,Auto-forward emails from specific sender using filters,search-folders,1,User overlooked the filter 'Forward to' action; feature exists but was not discovered.,I need to automatically forward a message to my wife if it comes in from a specific email address,False,2026-05-11,False,,False,False,True,4,2
1581138,Reducing line spacing between paragraphs in composed emails,ui-ux,1,Composer inserts paragraph spacing rather than single line breaks; user needs Shift+Enter or paragraph format setting.,zit er tussen elke zin een spatie voor een alinea. Ik wil gewoon de spatieverkleinen,False,2026-05-11,False,,False,True,True,3,1
1581141,Multiple signatures per single account,settings-config,1,"Feature achievable via managed identities; how-to question, not a defect.",How could I have multiple email signatures for one account,False,2026-05-11,False,,False,True,True,1,0
1581144,Signature not applied to replies until reselected daily,settings-config,2,"Signature file stored on a network location that is unavailable at startup, causing it to be dropped until manually reselected.",Have to open settings and select the signature file each morning and then it works throughout the day.,False,2026-05-11,False,,False,True,True,5,2
1581146,Convert or export tagged emails to task apps,calendar-tasks,2,"Thunderbird lacks native integration to push flagged/tagged emails into external task managers, and no suitable extension exists.",I can tag emails in Thunderbird but then what? I have not seen an extension for this,False,2026-05-11,False,,False,False,False,0,0
1581147,Remove one email alias from an account,settings-config,2,The address is managed by the provider (Ziggo) rather than removable in Thunderbird.,Het ....@chello.nl wil ik verwijderen omdat ik er steeds een hoop ongewenste mails ontvang. Hoe doe ik dit?,False,2026-05-11,True,Mozilla-assistent,True,True,True,1,0
1581152,Cannot cancel monthly donation without lost email account,account-login,3,"Donor portal requires access to the original email account for authentication, blocking users who lost that account.",The Donor portal won't work because it requires me to access my original email account.,True,2026-05-11,False,,False,True,True,1,0
1581154,Reorder accounts in folder pane,ui-ux,1,User unaware accounts can be reordered via drag-and-drop in account settings.,"Vorrei cambiare l'ordine, è possibile?",False,2026-05-11,True,'@next,True,False,False,1,0
1581160,Tags folder empty / tag counts missing and tagged messages not found,search-folders,3,Corrupted profile or global search index prevents the Tags virtual folder from listing tagged messages and counts.,"Folders-> Tags window does list the tags, but not the count. Clicking on the tags does not find any of my tagged emails any longer",True,2026-05-11,False,,False,True,True,6,2
1581175,How to set up IMAP account on new computer,account-login,1,User needs guidance on the account setup wizard and manual server configuration.,"Setting up a new computer, can't figure how to set up IMAP?",False,2026-05-11,False,,False,True,True,1,0
1581178,Alias removal resolved,other,1,No issue remaining; user reported problem solved.,Probleem opgelost.,False,2026-05-11,False,,False,False,False,0,0
1581180,Exchange/Outlook account auth error on setup,account-login,4,"OAuth2 authentication for new Exchange/Outlook account fails despite granted permissions, possibly cookie or port blocking issue.","I keep getting the error exchange auth error I've tried everything to fix it. The setup configuration all goes well, but then connection just won't happen.",True,2026-05-11,False,,False,True,True,1,0
1581184,New folder dialog buttons cut off / not clickable on macOS,ui-ux,3,Dialog box sizing regression in Thunderbird 150 clips the OK/Cancel buttons; fixed in 151.,the two buttons below are barely visible and I cannot select either with my mouse. Nor can I resize the dialogue box,True,2026-05-12,False,,False,False,True,2,1
1581193,"All email data lost after update, profile shows tobedeleted folder",performance-crash,5,"Update process left a 'tobedeleted' profile folder and the active profile is empty, indicating profile migration/corruption causing data loss.",all of my data is gone. The only folder Mozilla Thunderbird folder reads: tobedeleted. It is empty. All of the data is gone.,True,2026-05-12,False,,False,False,False,0,0
1581199,SMTP outgoing mail configured but will not send,send-receive,4,"Likely SMTP authentication, port, or provider block issue preventing outgoing connection despite correct-looking settings.","SmPT outgoing mail seems correctly set up but will not send emails, recieve only.",False,2026-05-12,False,,False,True,True,1,0
1581203,Windows 7 to Windows 11 migration and profile compatibility across Thunderbird versions,migration-import,2,Newer Thunderbird can read older profiles but downgrading breaks due to changed data/password formats; not a defect but version support constraint.,i See Thunderbird not supported on Win 7 ?,False,2026-05-12,False,,False,True,True,9,3
1581216,Address book contacts no longer appear in Add Recipient list after update,ui-ux,3,An update changed address book behavior so the People/contacts list no longer populates the recipient autocomplete panel.,THERE IS NO LIST OF PEOPLE AND EMAIL ADDRESSES,False,2026-05-12,False,,False,True,True,1,0
1581222,Send button missing in compose window,send-receive,4,"Compose toolbar not rendering the Send button, possibly due to UI corruption or SMTP account not configured.",THEWORD 'SEND DOES NOT APPEAR,False,2026-05-12,False,,False,True,True,1,0
1581240,RSS feeds stop updating and fetch no new entries,other,3,Feed parser fails to detect new entries for certain feeds (e.g. Mastodon RSS) possibly due to date/GUID parsing bug.,there are two feeds which aren't updated any more,True,2026-05-12,False,,False,True,True,2,1
1581242,Message preview toolbar disappears or renders as glitched gray bar,ui-ux,3,Rendering/repaint bug in the message pane toolbar that recurs even in troubleshoot mode with add-ons disabled.,the toolbar where the Reply / Reply All / Forward buttons should appear either disappears completely or turns into a broken/glitched gray bar,True,2026-05-12,False,,False,True,True,1,0
1581250,Calendar event custom reminder date/time cannot be set,calendar-tasks,3,"Bug in the reminder dialog resets typed date/time to today and next hour, and the time picker is non-functional.","it sets the date to be today, and the time to the next hour",True,2026-05-12,False,,False,True,True,1,0
1581251,Gmail SMTP outgoing server connection fails after previously working,send-receive,4,"OAuth2 token or credential state for smtp.gmail.com became invalid, blocking the outgoing connection on port 465.",Připojení k serveru smtp.gmail.com :465 se nezdařilo,False,2026-05-12,False,,False,True,True,1,0
1581252,Password not accepted when adding account / install fails,account-login,3,Unclear whether install or account setup fails; needs clarification of which step and provider.,Thunderbird installeren lukt niet.,False,2026-05-12,False,,False,True,True,1,0
1581253,Google Takeout mbox files not integrated and appear empty,migration-import,2,"Imported files retain a .mbox extension that Thunderbird does not recognize as message stores, so they show empty.",these files are empty,False,2026-05-12,False,,False,False,True,4,2
1581254,Show Timezones checkbox state inverted in New Event window,calendar-tasks,2,"The checkbox state persistence and display toggle are not synchronized, so the stored setting does not match the actual displayed timezone state.","the time zones will be shown, but the option will not be checked in the settings, checking it now will hide it instead",True,2026-05-12,False,,False,False,False,0,0
1581265,Second Gmail account not receiving messages,account-login,3,"IMAP/POP access is not enabled in the Gmail web account settings, preventing Thunderbird from fetching new mail.",I can't figure out how to get Thunderbird to show me messages that come in to that address,False,2026-05-12,False,,False,True,True,1,0
1581266,Installer downloads wrong Thunderbird version,other,2,Third-party download source redirects to current release instead of the requested older version 142.,The support still downloads version 150 when I choose verso 142,False,2026-05-12,False,,False,True,True,2,0
1581273,Personal Hotmail/Outlook.com OAuth2 login fails,sync-oauth,4,Manual server config with wrong SMTP name and app-password interfering with OAuth2 flow for personal Microsoft accounts.,"OAuth2 authentication — the Microsoft login window opens, I successfully log in, but Thunderbird still throws ""Unable to log in at server""",True,2026-05-12,False,,False,True,True,1,0
1581274,Cannot globally disable message threading across all folders,ui-ux,2,Threading default applies per-folder with no global toggle for existing folders across profiles.,how do I disable it in one pass for all top level folders,False,2026-05-12,False,,False,True,True,1,0
1581275,Deleted Gmail messages remain in All Mail folder,send-receive,3,"Gmail's IMAP trash-label handling differs from Thunderbird's expunge behavior, leaving messages in All Mail.",When I delete mails they remain in the Gmail All Mails folder,False,2026-05-12,False,,False,False,True,4,2
1581277,Flood of spam emails needs bulk deletion,spam-filters,3,Email address exposed to spammers; no batch filtering set up to handle unsolicited mail volume.,"I am receiving are so numerous, reading each and then deleting is impractical",False,2026-05-12,False,,False,True,True,1,0
1581279,SMTP connection to smtp.juno.com times out when sending,send-receive,4,Too many concurrent connections or server-side throttling causing SMTP timeout on send.,the connection to Outgoing server (SMTP) smtp.juno.com timed out,False,2026-05-12,False,,False,True,True,1,0
1581281,Provider shutting down email; preserving archived POP messages,migration-import,3,User needs to copy POP messages to Local Folders before account shutdown to avoid data loss and password prompts.,I don't want to loose some of the Archived messages from over the years,False,2026-05-12,True,davidsk,True,True,True,3,1
1581286,Messages return to saved search folder after moving out,search-folders,3,"Saved search folder is virtual and re-matches messages by criteria, or Yahoo IMAP move errors cause reappearance.","the messages initially are wiped from the saved search folder, but after a few minutes they all return!",True,2026-05-12,False,,False,True,True,4,2
1581289,Same incoming message reloaded in endless download loop,send-receive,4,A corrupt message on the POP3/IMAP server causes Thunderbird to re-download the same message repeatedly without completing.,"the same message is downloaded each time. The status bar then reads ""Downloading message 2 of 17,""",True,2026-05-12,True,rednoise,True,False,True,2,1
1581290,Cannot change primary email address to own name after spouse's death,account-login,2,Primary email address is managed by the email provider and cannot be renamed within Thunderbird; user needs a new account or alias.,"primair emailadres staat op mijn man zijn naam, hoe kan ik het mijne veranderen ?",False,2026-05-12,True,Mozilla-assistent,True,True,True,1,0
1581298,No way to auto-insert current date in message body,other,1,Thunderbird lacks a built-in dynamic date field; would require an add-on or Mail Merge variable.,Is there a field that will insert today's date,False,2026-05-12,False,,False,True,True,1,0
1581300,No separate spam folder besides Junk folder,spam-filters,2,Provider-side spam folder (Alice/Tim) is not subscribed or not synced; POP account only shows local Junk folder.,"non c'è la cartella spam, è presente solo la cartella indesiderata",False,2026-05-12,False,,False,False,False,3,1
1581303,Phantom/undeletable ghost message in Exchange Inbox,send-receive,3,Corrupt folder index causes the Inbox to mis-report a stale message that no longer exists on the server.,"this stubborn ""ghost"" mail message will not disappear from my Inbox",True,2026-05-12,True,rednoise,True,False,True,4,2
1581305,Disable 'Welcome to Freedom' startup page,ui-ux,1,Startup page option is enabled in General settings and can be unticked.,How do I prevent Thunderbird from displaying the 'Welcome to Freedom' screen,False,2026-05-12,False,,False,True,True,1,0
1581322,Bad Image / XPCOM error on startup (corrupt lgpllibs.dll),performance-crash,4,Corrupted lgpllibs.dll file prevents XPCOM from loading; a clean reinstall is needed.,lgpllibs.dll is either not designed to run on Windows or it contains an error. Try installing the program again,True,2026-05-12,False,,False,True,True,1,0
1581351,Pages of code appear when composing or replying,ui-ux,3,Likely a malformed HTML signature or template inserting raw code into the compose window; needs screenshot to confirm.,When I try to write or reply I get several pages of code that has to be deleted before I can write,True,2026-05-12,False,,False,True,True,1,0
1581353,Restoring Thunderbird profile from backup on new computer,migration-import,3,User needs correct procedure to restore backed-up AppData profile folder without triggering server changes.,"recovering my past ""stuff"" which was located at C:\users\My-Username\AppData\Roaming",False,2026-05-12,False,,False,True,True,1,0
1581355,Migrating folders from Exchange account to new IMAP server,migration-import,3,Cannot convert an existing Exchange account to IMAP; some folders fail to copy/export to MBOX due to server or PST issues.,"I can’t figure out how to change from the Microsoft Exchange Mail Server, to the new IMAP server",False,2026-05-12,False,,False,True,True,3,1
1581357,No way to delete dismissed/completed tasks in Tasks tab,calendar-tasks,2,Dismissed recurring tasks remain visible because completed tasks are not auto-removed and users lack an obvious bulk-delete action.,Is there a delete the completed tasks so they don't clutter the task list?,False,2026-05-12,False,,False,False,False,0,0
1581362,Authentication failed when adding Outlook and Gmail accounts,account-login,4,"OAuth2 authorization flow failing in new Account Hub, blocking modern-auth providers from being added.","I keep getting the ""Authentication failed"" error",True,2026-05-13,False,,False,False,False,0,0
1581363,Confusing View>Folders folder-view options,search-folders,1,"Folder view modes (Favorite, Unified, etc.) are unclear to users, causing inconsistent display across accounts.",Making selections in the - View>Folders is very confusing for me,False,2026-05-13,False,,False,True,True,1,0
1581365,"POP account setup Continue button greyed out, no password field",account-login,3,New Account Hub manual config validation fails to auto-discover server so Continue stays disabled and password prompt never appears.,the Continue button is gray and can't be clicked,True,2026-05-13,False,,False,True,True,5,2
1581376,Authentication error adding BT mail with two-step verification,account-login,3,Provider added 2FA requiring an app-specific password that the standard account password no longer satisfies.,The account recently had 2 step verification added. Could this be the problem?,False,2026-05-13,False,,False,False,False,0,0
1581404,mail.ru rejects Thunderbird browser as outdated,account-login,2,Webmail interface loaded in Thunderbird/old engine rejects login with outdated-browser message; likely wrong-app usage or webmail incompatibility.,пишет браузер устарел Ваш браузер устарел,False,2026-05-13,False,,False,True,True,1,0
1581406,Thunderbird unable to connect to Gmail server for weeks,account-login,4,"Gmail OAuth token or connection settings broke, blocking all IMAP/SMTP connectivity for this user.",Thunderbird has been unable to connect to the gmail server for 2 weeks,True,2026-05-13,False,,False,True,True,4,1
1581411,"Address book contacts moved out of recipient picker after update (Outlook, wrong forum)",other,2,"User is actually using Outlook, not Thunderbird; address list relocated during an update.",THERE IS NO LIST OF PEOPLE AND EMAIL ADDRESSES. They have been moved to the PEOPLE folder,False,2026-05-13,False,,False,True,True,3,1
1581418,Duplicate broken IMAP Junk/Spam folder with wrong path,search-folders,3,Conflict between server-provided Spam folder and Thunderbird-created Junk folder produces an unsubscribable broken folder.,Die Pfadangabe ... des ersten Ordners ist falsch,False,2026-05-13,True,Mapenzi,True,False,True,4,2
1581426,No connection to provider after reinstall following crash,account-login,4,"Account server settings lost or misconfigured after fresh install, preventing send/receive with KPN.",Ik krijg geen verbinding meer met de provider. Kan dus niet ontvangen en verzenden.,False,2026-05-13,False,,False,True,True,1,0
1581455,Recovering missing 2025 POP messages from backup profile after Ubuntu reinstall,migration-import,4,OS wipe/reinstall left the active profile missing a year of POP mbox message content that still exists in a backup profile folder.,"How do I safely identify the 2025 mail content in my backup folder, and how do I safely copy them over to the existing set up?",False,2026-05-13,False,,False,True,True,3,1
1581459,Account Hub not showing native Exchange option in TB 145+,account-login,3,"User is confused by hub flow or the Exchange option only appears after email entry/autoconfig, or the build lacks the Exchange feature.",when I follow the instructions to set this up I don't see the Account hub in the same way that's shown in the article,True,2026-05-13,False,,False,True,True,4,1
1581461,Threading enabled per-folder despite disabling it (Trash still threaded),ui-ux,2,Threading is a per-folder view setting so disabling it on Inbox doesn't apply to Trash; no global master switch exists.,"it was disabled for the Inbox, but it was enabled for Trash",False,2026-05-13,False,,False,False,True,9,3
1581470,Send button missing from compose window,ui-ux,3,"Composition toolbar was accidentally disabled/hidden, removing the Send command.","De instructie ""verzenden ""is verdwenen zowel bij opstellen van nieuw bericht",False,2026-05-13,False,,False,True,True,1,0
1581472,Cannot write messages to mailbox file (IMAP),send-receive,4,Corrupt local Inbox mbox file for the IMAP account prevents writing messages despite adequate disk space.,Nachrichten konnten nicht in die Mailbox-Datei geschrieben werden,False,2026-05-13,True,Mapenzi,True,True,True,5,2
1581474,AT&T/Yahoo account intermittently fails to send/authenticate on Windows 11,account-login,4,AT&T/Yahoo requires OAuth or app-specific passwords and manual POP/SMTP setup fails authentication intermittently.,It asks us to retry or enter a new password. We enter the password and still fails to authenticate.,False,2026-05-13,False,,False,False,False,0,0
1581477,POP incorporateWrite NS_ERROR_OUT_OF_MEMORY unable to write mailbox,send-receive,3,A malformed message on the server or AV file lock triggered the write error; it resolved after cleaning server-side mail.,Incorporate write FAILED! Component returned failure code: 0x8007000e (NS_ERROR_OUT_OF_MEMORY),False,2026-05-13,False,,False,False,True,2,1
1581481,Yahoo mail OAuth2 connection stopped working suddenly,sync-oauth,4,"Yahoo OAuth2 token/authorization broke and re-auth fails, possibly compounded by using POP with app password instead of OAuth.",Thunderbird simply isn't accessing or connecting properly with yahoo mail through oath2,True,2026-05-13,False,,False,True,True,1,0
1581486,Mailto hyperlinks don't launch Thunderbird on new PC,settings-config,2,Windows default apps / browser mailto handler not set to Thunderbird after fresh install.,clicking email hyperlinks doesn't do anything at all,False,2026-05-13,True,davidsk,True,False,True,3,1
1581503,Sending stalls at ~70% and never completes,send-receive,4,"SMTP send hangs mid-transmission, likely AV scanning, attachment/size, or server timeout.",it will only send up to 70% or so and stops,True,2026-05-13,False,,False,False,False,0,0
1581504,Unable to write email to mailbox error on download,send-receive,4,Likely a corrupted local mbox file or file-system/permission issue preventing writes despite ample disk space.,"""Unable to write the email to the mailbox. Make sure the file system allows you write privileges, and you have enough disk space to copy the mailbox.""",False,2026-05-13,False,,False,False,False,0,0
1581515,MAPI compatibility for Word Mail Merge,other,2,"Thunderbird only supports Simple MAPI, not Extended MAPI required by some Word mail merge workflows.",I'm trying to mass email out of Word and it says I need that.,False,2026-05-13,False,,False,True,True,6,2
1581524,"Hotmail SMTP send timeout, receive works",send-receive,4,Outgoing SMTP server settings or authentication changed on Microsoft side causing connection timeout while IMAP receive still works.,"""Sending message failed The message could not be sent connection to server SMTP timed out.""",False,2026-05-13,False,,False,False,False,0,0
1581536,No new-message notification sound on Snap install (Ubuntu),performance-crash,2,"Snap sandbox lacks audio-playback access, preventing Thunderbird notification sounds while deb builds work fine.","no sound is heard. When clicking ""play"" to test the sound, there is no sound",True,2026-05-13,False,,False,True,True,3,0
1581539,Outlook.com webmail recipient list issue misdirected to Thunderbird,other,1,"User is describing Outlook.com web interface, not Thunderbird; misrouted support question.","In Firefox, to send an email, you click on the NEW EMAIL button",False,2026-05-13,False,,False,True,True,3,1
1581543,Roadrunner password no longer accepted,account-login,4,Provider tightened authentication settings; stale saved password or changed server settings causing login rejection.,Thunderbird is no longer accepting my password it used to accept.,False,2026-05-13,False,,False,True,True,1,0
1581574,Opening inbox message prompts to send to sender address,ui-ux,2,Likely message opening in compose/reply mode due to a setting or drafts folder misconfiguration.,при открытии сообщения в папке входящие предлагается сразу отправить сообщение на входящий адрес,False,2026-05-14,False,,False,True,True,1,0
1581581,Moving Local Folders to another device via USB,migration-import,2,No import UI exists; user must manually copy mbox/msf files into another profile's Local Folders directory.,can I perhaps open on another device also running Thunderbird. Is this possible and how?,False,2026-05-14,False,,False,True,True,1,0
1581582,Attachments not openable and links shown as raw code,attachments,3,"Messages displayed as plain-text or malformed MIME/HTML rendering, hiding attachments and expanding links to raw text.","Ik zie dat er een paperclip/bijlage bij de mail zit, maar ik kan hem nergens openen.",True,2026-05-14,False,,False,False,False,0,0
1581589,How to highlight text in compose,ui-ux,1,How-to question about using the highlight/formatting toolbar in the compose window.,want to show selected items in the text by highlighting the text. How do I do this?,False,2026-05-14,False,,False,False,False,1,0
1581591,Outlook/Office365 mailbox full quota error blocks sending,send-receive,3,"Server-side Microsoft mailbox storage quota exceeded, not a Thunderbird bug; user must free space.",The mail server responded: Mailbox full,False,2026-05-14,False,,False,False,False,1,0
1581596,Calendar events/birthdays not shown in Today pane agenda,calendar-tasks,2,"Today pane preview window defaults to 2 weeks, so future events don't appear until preview span is increased.","Geburtstage werden nicht in den ""Kalender"" übernommen",False,2026-05-14,False,,False,True,True,3,1
1581600,Connection error opening received mail,send-receive,3,Unclear without details; likely server connection or account config issue.,受信メールが開くことができません。,False,2026-05-14,False,,False,True,True,1,0
1581607,Copernic search add-on disappeared/not found,addons-extensions,2,Third-party Copernic add-in no longer installed or listed; must reinstall from vendor.,I can't find a Copernic add-on. It used to be there but has now disappeared.,False,2026-05-14,False,,False,True,True,3,1
1581623,GMX account rejects credentials until IMAP client access enabled,account-login,3,GMX requires enabling external email client access in webmail settings before login works.,"user name and or password are incorrect, but they are not",False,2026-05-14,True,davidsk,True,True,True,3,1
1581629,Spectrum account authentication error with no detail,account-login,3,"Spectrum server rejects credentials; error originates server-side, may need app password or setting.","saying there is an ""authentication error"", but not identifying what it is",False,2026-05-14,False,,False,True,True,1,0
1581632,Cannot send after fresh install until restart,send-receive,2,SMTP config didn't apply until Thunderbird restart after installation.,ho spento Thunderbird e l'ho riavviato dopo l'installazione...ed ora funziona,False,2026-05-14,True,brotherjakepic,True,False,False,4,2
1581643,Office365 SMTP STARTTLS not advertised blocks sending,send-receive,4,"Office365 tenant may have disabled SMTP AUTH/basic auth, so STARTTLS capability isn't advertised; requires tenant-side enablement.",No se pudo establecer una conexión segura con el servidor SMTP smtp.office365.com usando STARTTLS porque no anuncia esa funcionalidad,True,2026-05-14,False,,False,False,False,1,0
1581655,Personal saved-emails folder disappeared,search-folders,4,Local folder lost from profile or Yahoo IMAP folder not synced/deleted server-side; possible data loss.,i had a folder for emails for personal saved emails and i went to thunderbird email and it was gone,False,2026-05-14,False,,False,False,False,0,0
1581659,Microsoft OAuth permissions popup never appears after password change,sync-oauth,4,"Old TB 78 on legacy macOS cannot complete Microsoft OAuth interactive consent (AADSTS399218 tenant block), and app passwords unavailable.",I never get the second popup to accept permissions. It just doesn’t go any further,True,2026-05-14,False,,False,True,True,14,7
1581665,How to locate/share server and SMTP settings pane,settings-config,1,"User needs guidance on capturing/screenshotting the account settings pane, not a defect.",How do I post server settings and SMTP outgoing server settings pane?,False,2026-05-14,False,,False,True,True,1,0
1581669,Open in Conversation option inconsistent or empty,ui-ux,2,"Threading relies on References headers that some replying clients omit, so conversations don't group.","""Open in Conversation"" is not always presented as an option even though there has clearly been conversation",False,2026-05-14,False,,False,True,True,1,0
1581677,Mail not downloading with account name shown in red,send-receive,4,"Account connection/authentication error flagged by red triangle, likely server login or certificate failure.",My email is now downloading and the names on my accounts are now in red with a small red triangle,False,2026-05-14,False,,False,False,False,0,0
1581688,Fixed line/header divider obscures message in viewing pane,ui-ux,2,"The headers pane is fixed-size showing all headers, appearing as a line cutting off message content.",there is a line going through the top portion of the viewing pane email and I cannot see what is under the line,False,2026-05-14,False,,False,True,True,1,0
1581690,Unread emails no longer displayed in bold,ui-ux,2,"Messages were accidentally marked as read, removing the bold unread styling.",after clicking on an email all unread emails are no longer in boldface,False,2026-05-14,False,,False,True,True,1,0
1581697,New Gmail account setup fails with invalid username/password despite OAuth2,sync-oauth,4,"Authentication tokens not saved and OAuth flow not completing, possibly due to altered security settings blocking OAuth handshake.","it fails with an error message: ""Unable to login at the server. Probably wrong configuration, username or password.""",True,2026-05-14,False,,False,False,True,2,1
1581708,Junk/spam block prompt does not appear,spam-filters,2,Unclear what prompt is expected; possibly an addon or antivirus injecting UI rather than native Thunderbird behavior.,when trying to block emails of spam messages the prompt does not always appear,False,2026-05-15,True,MattAuSupport,True,True,True,4,2
1581717,User requests DNS records for email hosting migration,migration-import,1,"User misunderstands that Thunderbird is a client and DNS records come from the mail host, not the client.",in order to set up email they need DNS records for thunderbird. I dont know how to access this,False,2026-05-15,False,,False,True,True,1,0
1581718,"cPanel/Namecheap outgoing server test fails, certificate mismatch",account-login,3,SMTP connection fails likely due to a certificate not matching the configured server hostname after provider change.,In Account Settings Outgoing Server has an option to TEST connection for server. Result failed.,False,2026-05-15,True,MattAuSupport,True,False,True,2,1
1581727,Locating correct Thunderbird profile among multiple directories,settings-config,3,Profile corruption prevents the 'open folder' button working; multiple profile dirs require reading profiles.ini Path.,When I click the 'open folder' button in the troubleshooting information absolutely nothing happens,False,2026-05-15,True,davidsk,True,True,True,7,3
1581733,Thunderbird auto-changes dot to dash in email address,send-receive,3,Likely an autocorrect/autocomplete or keyboard/input-method issue rewriting the period character in the recipient field.,when i write an address in my email thunderbird changes dot to dash,True,2026-05-15,False,,False,False,False,0,0
1581747,POP STAT command fails with Mailbox unavailable,send-receive,3,Server rate-limiting/locking due to too-frequent mail checks against zen.co.uk POP server.,The STAT command did not succeed. Error getting message number and sizes. Mail server mailhost.zen.co.uk responded: Mailbox unavailable.,False,2026-05-15,False,,False,True,True,1,0
1581748,Cannot sort Gmail subfolders alphabetically,search-folders,2,Older Thunderbird version lacks the right-click reorder/reset folders option; folders can only be moved manually.,es en thunderbird que no me deja ordenarlas y tiene un desorden alfabetico,False,2026-05-15,True,pcp04,True,True,True,5,2
1581751,SMTP password prompt disappears preventing password entry,account-login,3,Wrong outgoing port (466 vs 465) caused connection failure so the password prompt no longer appeared.,"the pop-up for password is not coming up, but only a message of connection error. Now I cannot find a way to enter the password.",False,2026-05-15,True,ken.gus,True,False,True,6,3
1581762,One Gmail POP account stops downloading messages,send-receive,3,A corrupted server-side index/state (emails in trash/spam) blocked POP downloads until offending mail was cleared.,soltanto da un account gmail non scarico le email,False,2026-05-15,True,informazioni.contatti,True,False,False,2,1
1581763,UI perceived as overly complex; how to move messages to folder,ui-ux,2,User unaware of drag-and-drop; general usability complaint rather than a bug.,I CANNOT EVEN SEE HOW TO MOVE MESSAGES FROM THE INBOX TO THE RELEVANT FOLDER,False,2026-05-15,False,,False,True,True,1,0
1581764,SMTP timeout on first send requires sending twice,send-receive,3,DNS-over-HTTPS/VPN (DCN) auto-connect setting interfered with the first SMTP connection attempt.,the connection to the Outgoing Server (SMTP) smtp.gmail.com timed out. Try Again.,True,2026-05-15,True,thompsoncourtreporting,True,False,True,4,2
1581770,All sent emails bounce back,send-receive,4,Outgoing mail rejected/returned by server; insufficient detail—need bounce error text and account/server config.,TODOS OS E-MAILS QUE ESTOU ENCAMINAHNDO ESTÃO VOLTANDO.,False,2026-05-15,False,,False,False,False,0,0
1581773,Yahoo Mail local backup and preventing folder deletion,migration-import,3,Yahoo's unreliable IMAP for large accounts plus POP downloading only Inbox complicates creating a stable offline backup.,"Backup Yahoo emails to a stable, local copy on an external drive",False,2026-05-15,False,,False,False,True,3,1
1581778,Inserted image overlaps quoted reply content in compose,ui-ux,2,HTML composer positioning bug inserts image over quoted text and leaves large gap in sent message.,a imagem é inserida sobre o conteúdo da mensagem à qual estou respondendo,True,2026-05-15,False,,False,False,False,0,0
1581785,Recurring certificate exception popup for deleted mail.co.uk account,encryption-security,3,The mail provider's Let's Encrypt certificate for caldav.mail.co.uk is expired/invalid and a leftover calendar/account reference keeps re-triggering the exception dialog.,you are about to override how Thunderbird identifies this site- for a now deleted mail.co.uk account,False,2026-05-15,False,,False,False,True,4,2
1581790,Wrong recipient name shown in To column of received messages,ui-ux,2,Address book collected-address entry or corrupt folder index causes display name substitution in the To field.,In the From To: is the wrong name,False,2026-05-15,False,,False,True,True,2,0
1581805,Global search not returning emails in Trash/Spam/Archive folders,search-folders,2,"Trash and Spam folders are excluded from GloDa indexing by default, so search misses those messages until per-folder indexing is enabled.","it only indexed a couple of the folders in my email account. It didn't index my archives, trash, spam",False,2026-05-15,True,rednoise,True,True,True,5,1
1581806,Cannot send via SMTP when VPN set to certain country,send-receive,3,"VPN exit-node country/ISP blocks or filters outbound SMTP port while allowing IMAP, preventing message sending.","It was the country I had the VPN set to, the Netherlands. When I changed to Germany the problem went away",False,2026-05-15,True,jdurand10,True,False,True,2,1
1581807,Authentication error re-adding Roadrunner/Spectrum account after Windows reinstall,account-login,4,"Legacy roadrunner (wi.rr.com) account may require app-specific or updated server settings, or firewall/antivirus is blocking login after fresh Windows 11 install.","Authentication Error. Unable to log in. Probably wrong configuration, user name or password.",False,2026-05-15,False,,False,True,True,10,6
1581809,Links in emails do not open after Windows 11 upgrade,ui-ux,3,OS default browser association is unset or misconfigured on the new Windows 11 install so Thunderbird has nothing to hand off the link to.,"I can not open links in any emails, even if right clicking them",False,2026-05-15,False,,False,True,True,7,3
1581815,Recovering messages no longer in Trash,send-receive,3,Messages purged from Trash may be unrecoverable unless present in compacted mbox or backups.,Se pueden recuperar mensajes que ya no estan en la papelera?,False,2026-05-15,False,,False,True,True,1,0
1581817,Merging old inbox mail file into current profile after disk failure,migration-import,3,User needs ImportExportTools NG to import an orphaned mbox file into Local Folders after losing the profile.,"Due to a disk failure, I only have access to the old Mail folder in Thunderbird",False,2026-05-15,False,,False,True,True,1,0
1581825,Immediate crash on startup after Windows 11 update KB5089549,performance-crash,4,"Windows update may fill hidden boot partition or trigger a CSS/UI handling crash; a reboot resolved it, but a bugzilla report links it to update/hardware issues.",when I try to start TB it gives me the crash report dialog. Selecting the Restart option just brings me back to the crash report,True,2026-05-15,True,MattAuSupport,True,False,True,4,2
1581832,Account setup/authentication error for comcast.net accounts migrated to Yahoo,account-login,3,Comcast addresses now hosted by Yahoo require Yahoo server settings/app passwords; stale saved passwords cause authentication errors during setup.,"I get ""Authentication error"" when I try to save an account such as "" lastnamefirstinitial@comcast.net "" as a yahoo account",True,2026-05-15,False,,False,True,True,1,0
1581834,Per-recipient send blocking / sending rules feature removed,send-receive,2,"Legacy sending-rules functionality was removed or moved, leaving no built-in way to block a default recipient address.","Thunderbird used to have this option for ""sending rules"" but it appears to have been removed.",False,2026-05-15,False,,False,False,False,0,0
1581835,New Thunderbird taskbar icon hard to distinguish,ui-ux,1,Rebranded app icon resembles other apps; replacing messengerWindow.ico is the workaround.,The new version looks a lot like Signal's icon.,False,2026-05-15,True,junk-it,True,True,True,3,1
1581844,Cannot send emails with Office 365 account on Ubuntu 24.04,send-receive,4,Likely OAuth2/SMTP authentication failure for the Office 365 account on Linux after credential changes.,I am still getting this error shown in the image attached,True,2026-05-15,False,,False,False,False,0,0
1581848,Duplicate copy of every received email in Thunderbird,send-receive,3,Duplicate account configuration or server rule/filter causing each message to be fetched twice.,All the email i receieve get a duplicate as a reply only in thunderbird,False,2026-05-15,False,,False,False,False,0,0
1581858,Confusion over what password Thunderbird requires,account-login,2,User conflates Thunderbird primary/saved password with mail provider password.,Want password for my Thunderbird email.,False,2026-05-15,False,,False,True,True,1,0
1581869,"PDF attachments print only in black, not color",attachments,2,Thunderbird's internal PDF viewer/print path drops color rendering compared to Adobe.,Thunderbird only prints black,True,2026-05-15,False,,False,True,True,1,0
1581871,OAuth2 token lost after Remove All in saved passwords,account-login,3,"Removing all saved passwords deleted the stored OAuth2 token, breaking re-authentication.",now the OAuth2 is missing,False,2026-05-15,False,,False,True,True,1,0
1581875,Migrating Roundcube emails into Thunderbird,migration-import,2,User needs correct IMAP server settings to sync webmail folders into Thunderbird.,"how to transfer emails currently in my ""roundcube"" email account",False,2026-05-15,False,,False,True,True,1,0
1581876,New emails downloaded but not shown in Inbox list,search-folders,4,Corrupted message index/view or applied sort/date filter hides recent messages despite them existing on disk.,I see TB periodically download new messages but they don't show in the list,True,2026-05-15,False,,False,False,False,0,0
1581890,"Cannot receive mail from arcor.de, connection error",send-receive,4,"Incoming (IMAP/POP) server connection to arcor.de failing while SMTP still works, possibly server-side or password change.",Verbindung konnte mit . arcor.de nicht hergestellt werden,True,2026-05-16,False,,False,False,False,0,0
1581894,Thunderbird stops sending messages until update,send-receive,3,A bug in the prior version's SMTP/OAuth2 send path that was resolved by a software update.,"When I try to send, it does the spell-check, but then doesn't do anything. The message remains open but unsent.",False,2026-05-16,False,,False,False,True,2,1
1581899,Reading pane font size reduced,ui-ux,1,Accidental font zoom setting change in the message reading pane.,My reading pane font has reduced and I am unable to locate how to increase it back to normal,False,2026-05-16,True,davidsk,True,False,True,2,1
1581906,Web link buttons not rendering after 140.10.2 update,ui-ux,2,"Message body display mode reverted to Plain Text after the update, so HTML link buttons don't render.","after update from 140.10.1 to .2, in a message, the ""buttons"" for a web link no longer appear",True,2026-05-16,True,norhorn,True,False,False,1,0
1581912,Authentication prompt for deleted account (calendar remnant),account-login,2,A calendar still tied to the deleted IMAP account continued requesting credentials.,all'avvia del programma viene richiesta l'autenticazione della password anche per un account che ho cancellato,False,2026-05-16,True,forzamaggiore,True,False,False,7,3
1581931,No default mail program error on download click,other,2,"Windows default mail app association missing, triggering the error when performing a mailto/download action.",Nessun programma di posta predefinito associato per eseguire l azione richiesta,False,2026-05-16,False,,False,False,False,5,2
1581929,SMTP connection to 1und1 server fails,send-receive,4,Outdated SMTP server settings or provider-side security/port change blocking outgoing connections to smtp.1und1.de.,connecting to the outgoing server (SMTP) smtp.1und1.de failed. The server may be unavailable or is refusing SMTP connections,False,2026-05-16,False,,False,True,True,1,0
1581933,Mailer Daemon bounce messages for AOL outgoing mail,send-receive,3,"Server-side delivery rejection or authentication/reputation issue at AOL or recipient servers, unrelated to Thunderbird.",All of a sudden I keep getting Mailer Daemon messages to all my outgoing emails on AOL,False,2026-05-16,False,,False,True,True,1,0
1581946,Whether deleting an account deletes stored emails,settings-config,1,User uncertainty about the 'Remove Message Data' prompt during account deletion; no actual defect.,can I go into Thunderbird's Accounts section ... and delete it without worrying that all of the emails ... will be deleted?,False,2026-05-16,True,Purebeads,True,True,True,9,4
1581952,Request for apt repository for updates,other,1,"Feature request for a Linux package repository like Firefox has, not a defect.",por quê o Thunderbird não segue o caminho do Firefox e cria um repositório que facilite atualizações? Ex: via apt,False,2026-05-16,False,,False,False,False,0,0
1581960,Outlook account setup authentication error,account-login,3,Attempting POP3 manual setup with invalid hostname and Outlook requiring OAuth2 rather than basic auth.,I keep getting an authentication error I am trying to set it up as a pop3 account ... Hostname empty or invalid,False,2026-05-16,False,,False,True,True,1,0
1581963,Send button/composition toolbar missing in compose window,ui-ux,3,"The composition toolbar was accidentally hidden via View menu, removing the Send button.","verdween de instructie ""nu verzenden ""zowel bij nieuw bericht als bij conceptbericht. kan dus geen mails versturen",False,2026-05-16,False,,False,True,True,1,0
1581965,Delivery failure bounce message from mail server,send-receive,2,Recipient server rejected the message; not a Thunderbird issue but a server-side delivery failure.,"Unable to deliver message after multiple retries, giving up.",False,2026-05-16,False,,False,False,True,6,3
1581968,Cannot connect Thunderbird after Comcast/Xfinity migration to Yahoo,migration-import,4,Comcast-to-Yahoo migration changed server settings/auth requirements that Thunderbird autoconfig doesn't apply correctly.,Comcast/xfinity has replaced its e-mail with Yahoo mail ... T bird will not connect/run,True,2026-05-16,False,,False,True,True,2,0
1581981,GloDa indexing hangs after a few messages,search-folders,3,Antivirus scanning or locking of the global-messages.sqlite file interrupts indexing repeatedly.,"it seems to index a few emails ... then hangs, and the indexing progress stops",True,2026-05-16,False,,False,False,True,3,2
1581986,Migrating POP mail plus Drafts/Sent to new IMAP account,migration-import,2,User needs to manually copy folders between accounts; not a defect.,"how can I combine the old POP emails with the new IMAP address; and second, how do I transfer drafts and sent emails",False,2026-05-16,False,,False,True,True,3,1
1581989,How to delete an accidentally created duplicate folder,search-folders,1,"User unaware of the folder delete option; how-to, not a bug.",jednu z nich omylem dvakrát. Jak ji mohu odstranit?,False,2026-05-16,False,,False,True,True,1,0
1581995,Emails auto-marked as read via IMAP sync from mobile,sync-oauth,2,Read status set on the Android device syncs to desktop via IMAP as expected.,Many of my emails received are auto marked/shown as having been read,False,2026-05-16,False,,False,True,True,3,1
1582004,New folders auto-added to Unified Inbox smart folder,ui-ux,2,Corrupted or default smart-mailboxes config includes all new folders in the unified view.,Whenever I create a new folder ... the new folder appears listed under my Unified Inbox instead of being listed under the account,True,2026-05-16,False,,False,True,True,3,1
1582011,Saved passwords mysteriously changed and OAuth vs password confusion,account-login,4,"OAuth2 tokens stored in password manager are misread as changed passwords, plus stale smtp.googlemail.com setting causing send failures.",the password listed now must be about 200 characters long ... we get an error message saying ... smtp.googlemail.com and a wrong username,True,2026-05-16,False,,False,True,True,5,2
1582014,Thunderbird won't start past profile selection on Ubuntu,performance-crash,3,Profile from a newer Ubuntu/Thunderbird version may be incompatible when retrofitted onto older release.,Thunderbird ... doesn't start beyond choice of new profile and selection of old data file,False,2026-05-16,False,,False,True,True,1,0
1582015,How to add an additional Outlook.com account,account-login,1,User did not know to use the 'new account' option to add a second account.,"How do I import my Outlook.com account? It was offered to me the first time, to add another one but for some reason, I could not.",False,2026-05-16,True,MattAuSupport,True,False,True,2,1
1582019,EarthLink IMAP account fails to connect despite correct settings,account-login,3,Likely local antivirus/firewall on Linux Mint intercepting the connection rather than incompatibility.,"I just get messages saying the configuration is wrong or password etc. I have checked and rechecked, reset the password multiple times",False,2026-05-16,False,,False,False,True,2,1
1582030,Second computer install rejects same email/password,account-login,3,Account settings mismatch or provider-specific auth differences on the new install; error details needed.,Thunderbird doesn't recognize my email or password from computer #1,False,2026-05-16,False,,False,True,True,1,0
1582042,SMTP send blocked for Abusive Authentication Behavior,send-receive,4,"Wrong outgoing SMTP identity used for the xplornet account, triggering provider IP block; identities mixed.",Blocked due to Abusive Authentication Behavior,True,2026-05-16,False,,False,True,True,1,0
1582047,Tuta and Zoho accounts cannot be auto-configured,account-login,3,"Zoho free plan disables IMAP access and Tuta requires a bridge, so autoconfig fails to find settings.",Thunderbird failed to find the settings for your email account,False,2026-05-16,False,,False,False,False,1,1
1582077,Gmail account setup stuck in infinite authentication loop,sync-oauth,4,"Google two-step verification interfering with OAuth flow, causing the setup wizard to restart repeatedly.",mi porta in un loop infinito dove tutto ricomincia dall' inizio,True,2026-05-17,True,fabriziolallilalli,True,False,False,9,5
1582078,Cannot send because mailbox disk space full,send-receive,3,"Server/account storage quota reached, blocking new sends until messages are deleted.",disk space is full however i have to could not send any mail it show mail full,False,2026-05-17,False,,False,True,True,1,0
1582101,Local Folders missing from sidebar after migration,ui-ux,2,Folder pane option 'Hide Local Folders' was accidentally enabled.,"'Local folders' no longer appears in the side bar, so I cannot archive messages locally",False,2026-05-17,True,Mapenzi,True,True,True,3,1
1582104,Account creation rejects credentials verified as correct,account-login,3,Insufficient info; likely provider auth/OAuth or app-password requirement not met.,"Durante creazione di account non riconosce credenziali, ritestate giuste",False,2026-05-17,True,'@next,True,False,False,1,0
1582105,How to combine multiple accounts into one inbox,search-folders,1,User unaware of the Unified Folders view feature.,Can I get all new emails from 2 or more accounts to show in 1 inbox or folder?,False,2026-05-17,False,,False,True,True,1,0
1582115,Gmail account error 400 access denied in Thunderbird,account-login,3,Likely a temporary Gmail server-side outage or OAuth token issue rather than a client bug.,"Als ik mail wil bekijken vanuit mijn gmail account dan krijg ik een fout 400, toegang geweigerd",False,2026-05-17,False,,False,True,True,1,0
1582118,Manual IMAP/SMTP setup for unknown email provider,account-login,2,"Provider not in Thunderbird's autoconfig database, requiring manual server settings.",Tell me how to connect Thunderbird to send and receive emails from email account,False,2026-05-17,False,,False,True,True,3,0
1582122,Gmail not receiving mail on laptop and going to spam,account-login,3,Cookie/consent acceptance blocked OAuth authentication; separate spam filter misclassification issue.,"Al mijn gmail gaat nu enkel naar de spam. Verschijnt niet in het ""postvak in"".",False,2026-05-17,True,Mozilla-assistent,True,True,True,7,3
1582136,Deleted mails still show unread flag until folder switch,ui-ux,2,UI fails to refresh unread count after deletion until folder reload forces recount.,"Når jeg sletter mails, bliver der stadig ved med at vise en mails som ikke er læst med et flag",True,2026-05-17,False,,False,False,False,0,0
1582139,Cannot change font weight of unread messages (faux-bold too heavy),ui-ux,2,Thunderbird applies font-synthesis faux-bold; requires userChrome.css in global profile chrome folder to override.,Thunderbird is creating this ultra mega black font by taking the bold font variant and applying a faux bold effect,True,2026-05-17,True,dryodryo,True,False,True,3,2
1582141,Plain text display ignores user font size for HTML markup messages,ui-ux,2,"Plain-text rendering still honors embedded HTML markup styling, overriding user's configured font size.",Thunderbird does not respect the font size in plain text display if the message has markup in it,True,2026-05-17,False,,False,True,True,3,1
1582147,No send button available in compose window,send-receive,3,"Composition toolbar hidden, so Send button not visible.",I am unable to send emails there is no facility to send,False,2026-05-17,False,,False,True,True,1,0
1582152,Unified folders view missing some accounts,search-folders,3,Some of the 20 accounts not properly subscribed or configured to appear in the unified folders view.,"Ho 20 account e se scelgo Cartelle unificate, sulla six di Tunderbird vedo solo una parte degli Account",True,2026-05-17,False,,False,False,False,1,0
1582159,Cannot edit/delete saved password entry,settings-config,2,Saved password field is not editable inline; entries must be removed by row rather than backspace-editing.,"it just pops back on where it was so I couldn't correct it without having to click ""Remove all""",False,2026-05-17,False,,False,True,True,1,0
1582160,Show Passwords button grayed out,settings-config,2,Possibly an add-on interfering or all passwords removed disabling the button; needs troubleshoot mode.,"now the ""Show Password"" button is grayed out",False,2026-05-17,True,rednoise,True,True,True,1,0
1582166,Email account password prompt fails during setup,account-login,3,"User is entering an incorrect provider password or confusing Thunderbird with the email account credentials, causing authentication failure.","er wordt achter een wachtwoord gevraagd van mijn emailacount, ik ken dit niet",False,2026-05-17,False,,False,True,True,1,0
1582169,How to switch from dark to light theme,ui-ux,1,Simple how-to; user unaware of Add-ons and Themes manager.,How do I change theme from dark to light,False,2026-05-17,False,,False,True,True,1,0
1582172,Gmail account no longer accessible in Thunderbird,sync-oauth,4,"Gmail OAuth authorization was revoked or the credential prompt is not appearing, blocking access.",Google gmail are not allowing me to use my email on thunderbird desktop app,True,2026-05-17,False,,False,True,True,2,1
1582175,Cannot send mail after upgrade to Thunderbird 149,send-receive,5,A regression in Thunderbird 149 breaks the send/compose keyboard shortcut and sending on Fedora.,I upgraded my Fedora nad I think that Thunderbird 149 came with that upgrade. I cannot send mails. Ctrl+enter has no reaction. Downgraded to 148 and everyhing is fine.,True,2026-05-17,False,,False,False,True,2,1
1582179,Inbox stops receiving and freezes when downloading mail,performance-crash,4,A malformed message on the server causes Thunderbird to freeze during sync.,when I try to manually download the emails my thunderbird freezes and then stops downloading them,False,2026-05-17,False,,False,True,True,1,0
1582185,Sharing one mailbox/history across multiple office computers,settings-config,2,POP/local storage duplicating mail per machine; needs IMAP server-side storage rather than shared profile on NAS.,Thunderbird was storing everything on everyone's computer. So each of our 5 computers had a duplicate of all the mail folders,False,2026-05-17,False,,False,True,True,5,1
1582186,Authentication error setting up account on second computer,account-login,3,"Wrong username (short name instead of full email) and missing SSL/TLS security settings, compounded by provider-side password issues.","I get an Authentication error, unable to log in at server. Probably wrong configuration, username or password.",False,2026-05-17,False,,False,True,True,15,7
1582189,Show Password button grayed out,settings-config,2,Show Password disabled likely due to a set primary/master password or UI state; duplicate of another thread.,"it didn't turn on the ""Show Password"" button",False,2026-05-17,False,,False,True,True,1,0
1582198,Show Passwords button grayed out,settings-config,2,Show Passwords disabled likely because a primary password is set or saved passwords are absent.,"My ""Show Passwords"" button is grayed out.",False,2026-05-18,True,rednoise,True,True,True,1,0
1582202,Cannot switch account protocol from IMAP to POP3,settings-config,2,Protocol cannot be changed on an existing account; a new POP account must be created rather than editing the default setting.,I want to change the default download protocol accessing the mail server from imap to pop3,False,2026-05-18,True,siffemoz,True,True,True,5,2
1582212,Saved passwords toggle resolved,account-login,1,User needed to enable the saved passwords setting; issue resolved via forum guidance.,"finally it turned on the ""saved Passwords"" button.",False,2026-05-18,True,davidsk,True,True,True,2,0
1582214,Accidentally deleted Local Folder recovery,search-folders,4,User accidentally deleted a Local Folders subfolder and needs to restore mbox from backup profile.,I am missing that Folder as I might have accidentally deleted,False,2026-05-18,False,,False,True,True,2,0
1582218,"All received, sent and trash emails disappeared",send-receive,5,Possible profile corruption or POP re-download reset causing loss of stored mail; needs profile inspection.,"sono scomparse le email ricevute, inviate e cestinate",True,2026-05-18,False,,False,False,False,1,0
1582226,TLS client certificate authentication for SMTP not supported,encryption-security,2,Thunderbird lacks client-cert authentication method for SMTP that K-9 supports.,"Is it possible to set up a TLS client certificate for authentication with SMTP, as it is with IMAP?",True,2026-05-18,False,,False,False,False,0,0
1582252,Yahoo IMAP deletions not syncing to server,sync-oauth,4,"IMAP deletions failing to propagate to Yahoo, possibly due to server-side throttling or account/message count limits.",No deletions from Thunderbird are reachign my Yahoo mail inbox,True,2026-05-18,False,,False,True,True,3,2
1582259,POP3 re-downloading all messages again,send-receive,4,Corrupt or unsaved popstate.dat (blocked by AV/VPN) plus duplicate account folders causing full re-download.,Suddenly TB has started to download ALL my emails again from the POP3 server,True,2026-05-18,False,,False,True,True,7,3
1582260,Cannot send mail without SMTP authentication,send-receive,3,SMTP server settings misconfigured requiring authentication.,ik kan geen mails versturen zonder Authenticatie,False,2026-05-18,True,Mozilla-assistent,True,True,True,1,0
1582287,Message threading re-enables itself after updates,ui-ux,2,Threading view setting resets to default on upgrade rather than persisting user preference.,why does it keep coming back? ... I never knowingly turned it back on,True,2026-05-18,False,,False,True,True,3,1
1582293,Password rejected after migration to new computer,account-login,3,Provider rejecting credentials due to wrong password or incorrect server setup after fresh install.,now it won't accept my password. Plese help I'm getting desperate,False,2026-05-18,False,,False,True,True,1,0
1582299,Chosen text color stays black in new emails,ui-ux,2,Font color settings not applying or not saved as default composition style.,"als ik mijn tekst wil kleuren met mijn gekozen kleur, blijft de tekst zwart",False,2026-05-18,False,,False,False,False,0,0
1582310,Outlook.com IMAP setup 'Your Login' prompt and SMTP authentication failure,account-login,4,New account hub autoconfig for Outlook.com introduces a login-name field and OAuth/app-password requirements that fail when Microsoft cookies/other MS accounts interfere with authentication.,I see there’s now an extra box titled ‘Your Login’ being required for auto login. I have no idea what this field should be set to.,True,2026-05-18,False,,False,False,True,10,4
1582314,Cannot upgrade to Thunderbird 150 due to Windows 32-bit OS / x64 requirement,migration-import,3,"User is running a 32-bit Windows 10 install on 64-bit CPU, so the 64-bit-only TB150 installer refuses, and ESR channel reports up-to-date.",This version of Thunderbird requires Microsoft Windows 10 x64 or newer.,False,2026-05-18,False,,False,True,True,8,3
1582319,McAfee flags Thunderbird temp files as Trojan false positive,encryption-security,2,Antivirus heuristic false-positive triggered by Thunderbird caching message attachments to Temp folder.,I'm only getting this in Thunderbird and suspect it's a false positive of some kind.,False,2026-05-18,False,,False,False,False,2,1
1582331,Years of messages lost after moving to local folder and compacting,send-receive,5,"Moving IMAP messages to local folders may transfer only headers without content, and compacting then purged the incomplete/deleted entries causing apparent data loss.",I am now missing about 13 years worth of messages from my local inbox folder,True,2026-05-18,False,,False,True,True,2,0
1582341,No way to re-block remote content after allowing it for a single message,ui-ux,2,UI omission: once remote content is approved per-message the yellow bar disappears with no toggle to revoke that per-message permission.,"there seems to be no way to reblock it, because the yellow bar with ""options"" disappears",True,2026-05-18,False,,False,False,True,6,3
1582348,Thunderbird crashes on startup after update,performance-crash,4,Post-update incompatibility (profile/add-on/graphics) causing immediate crash before UI loads on Windows 11 25H2.,"it is crashing immediately upon starting Thunderbird, not even bringing up the initial screen",True,2026-05-18,False,,False,False,False,0,0
1582352,Authentication Required popup persists after deleting account,account-login,3,Leftover calendar or address book associated with the deleted account still attempts authentication to the server.,every time I launch the program a window pops up with this message: Authentication Required,False,2026-05-18,False,,False,True,True,1,0
1582355,Thunderbird not downloading all messages from mailbox,send-receive,3,Large mailbox (19000 messages) may hit storage or synchronization limits preventing download of remaining older messages.,de laatste 4400 van de 19000 mails wil hij niet meer downloaden,False,2026-05-18,False,,False,True,True,1,0
1582358,Roadrunner/Spectrum accounts cannot send or receive across all devices,send-receive,4,"Provider-side (Spectrum/Roadrunner) server or authentication change since all devices/clients time out simultaneously, not Thunderbird-specific.",none of these units send or receive emails for the last 24 hrs but all worked just fine before,True,2026-05-18,False,,False,True,True,2,1
1582372,ProtonMail login fails without Proton Mail Bridge,account-login,2,ProtonMail requires the Bridge intermediary; direct IMAP/SMTP login fails without it.,"Keep getting: ""unable to login at server, ether config, or credentials"" error.",False,2026-05-18,False,,False,True,True,1,0
1582382,Syncing email/folders across multiple computers,account-login,1,User misunderstands IMAP replication vs Local Folders which are machine-local.,Is it possible to sync the two (2) accounts to save emails on bothe CPUs?,False,2026-05-18,False,,False,True,True,1,0
1582383,How to stop/mitigate spam email,spam-filters,2,User seeking spam control; needs adaptive junk controls and filters training.,Now is any other way thru Mozilla or Thunderbird to stop e-mails,False,2026-05-18,False,,False,True,True,5,2
1582385,Cannot add Hotmail account (Gmail works),account-login,3,Likely Outlook/Hotmail OAuth or account setup failure while Gmail authenticated fine.,Gmail was working but co8uld not add hotmail Need both,False,2026-05-18,False,,False,False,False,0,0
1582390,Account setup fails to recognize Earthlink email address,account-login,3,Autoconfig lacks Earthlink server settings so address isn't recognized.,"unable to register my email account, Thunderbird doesn't recognize it",False,2026-05-19,False,,False,True,True,2,1
1582394,SMTP outgoing server connection timeout,send-receive,4,"Intermittent SMTP connection timeout, possibly network/proxy or timeout setting related.",it didn't send because it couldn't connect to the outbound server. Or the connection timed out,False,2026-05-19,False,,False,False,True,14,9
1582421,Cannot connect to mail server after router replacement,send-receive,2,Transient network issue after new router; resolved itself.,it can't connect to outgoing or incoming mail server,False,2026-05-19,False,,False,False,False,1,1
1582426,IMAP/SMTP connection fails after upgrade to 150.0.2 (lolipop.jp),send-receive,4,Version 150.0.2 change (TLS/connection handling) breaks connections to some servers.,"After updating Thunderbird to version 150.0.2, I can no longer connect to my lolipop.jp mail servers",True,2026-05-19,False,,False,False,False,0,0
1582444,Hotmail authentication error / connection refused localhost,account-login,4,Misconfigured server settings pointing to localhost and failing OAuth for Hotmail accounts.,The connection was refused when attempting to contact localhost.,False,2026-05-19,False,,False,False,False,0,0
1582448,Reply action times out,send-receive,3,"Server connection timeout when composing reply, likely SMTP/IMAP connectivity.",when I press reply I get a message which times out,False,2026-05-19,False,,False,False,False,0,0
1582451,Unified Folders not showing all accounts,search-folders,3,Smart mailboxes config or folder-name mismatch excludes some accounts from unified view.,I see only a part of the Accounts and precisely 14,True,2026-05-19,False,,False,False,True,10,5
1582467,Incoming Gmail messages routed to Junk instead of Inbox,spam-filters,3,An adaptive junk filter setting enabled on Local Folders was misclassifying incoming mail as spam.,Mijn email gaat direct op mijn laptop naar de spam ipv postvak in.,False,2026-05-19,False,,False,True,True,8,4
1582480,Cannot delete emails from one account due to out-of-sync folder index,send-receive,3,Corrupted or locked folder index (possibly by Norton) prevented deletion until folder repair.,When I press delete nothing happens.,False,2026-05-19,True,rednoise,True,False,True,2,1
1582489,Google Docs link permissions mistaken for email access issue,other,1,User confused a Google Docs page with an email; permissions on the shared doc not set by owner.,I got an email yesterday I need to get into,False,2026-05-19,False,,False,True,True,1,0
1582494,Autokey paste into Thunderbird produces typos and dropped spaces on Linux Mint,ui-ux,2,"Thunderbird's editor processes rapid clipboard/keystroke injection differently, causing dropped characters when Autokey types.","whenever pasting into T-bird BUT INTO NO OTHER PROGRAMS. I get typos, dropped spaces",True,2026-05-19,False,,False,False,False,0,0
1582495,Verizon POP password rejected preventing account activation,account-login,4,Verizon likely requires an app-specific password or updated server settings that the user hasn't configured.,"Tbird will not accept my password for pop.verizon,net and I cannot start using Tbird.",False,2026-05-19,False,,False,False,False,0,0
1582504,Pasting map link from mapy.com into email body stopped working,ui-ux,2,Clipboard content type issue on that machine; ctrl+v not inserting the copied link into the compose window.,Najednou mi to na notebooku přestalo fungovat a odkaz se nevloží.,False,2026-05-19,True,Ansamb,True,True,True,1,0
1582505,Saving attachments changes timestamps of previously saved files,attachments,2,OS or filesystem behavior updating timestamps on save; unclear whether Thunderbird is the cause since it wasn't running.,the old files (from last week) got a new timestamp,True,2026-05-19,False,,False,False,True,2,1
1582506,Inbox messages auto-deleted after 5-7 days,settings-config,4,A retention/leave-on-server policy or an iPhone POP account is deleting older messages across devices.,"MESSAGES IN 'INFOLDER' ARE DELETED AFTER ABOUT 5-7 DAYS, and can't be found",False,2026-05-19,False,,False,True,True,10,6
1582510,Migrating Drafts and Sent folders from POP to new IMAP account,migration-import,2,Not a defect; user needs guidance to copy folders between accounts in the same profile.,how do I transfer DRAFTS and SENT EMAILS from the old to the new one?,False,2026-05-19,True,davidsk,True,False,True,2,1
1582518,Account opens after config test but password entry does nothing,account-login,3,Authentication failure or provider-specific requirement; more detail on domain and error needed.,when I put in my password nothing happened,False,2026-05-19,False,,False,True,True,1,0
1582533,POP3 account stops downloading mail on one of two identically-configured PCs,send-receive,3,"With 'leave messages on server' plus POP3 on two clients, the second PC likely already marked messages as downloaded (UIDL tracking) so it skips them, or the first PC deletes them from server first.","su uno scarica la posta dal mio account e sull'altro, da quattro giorni, niente",False,2026-05-19,False,,False,False,False,1,0
1582537,Cannot connect to SMTP server to send outgoing mail on one machine,send-receive,4,"ISP (Spectrum) SMTP settings/port or authentication changed, or a local firewall/antivirus is blocking the outgoing connection on that workstation.",Thunderbird has stopped sending outgoing emails from my workstation. I get a message telling me that Thunderbird can't connect with the server.,False,2026-05-19,False,,False,False,False,0,0
1582543,Updating stored password after Earthlink credential change / OAuth cookie prevents prompt,account-login,2,"The account uses OAuth2 and an existing cookie suppresses the re-auth prompt, so the saved password entry doesn't appear where the user expects.",How do I change the password/login that Mozilla uses to access earthlink?,False,2026-05-19,True,rednoise,True,True,True,5,2
1582554,Gmail-hosted custom domain OAuth2 authentication error on Windows setup,sync-oauth,3,"The Account Hub setup flow on Windows mishandles the OAuth2 grant for a Google-hosted custom domain, generating an authentication error before password entry.","sets both incoming and outgoing servers to Oauth2 authentication, but generates an unspecific error",True,2026-05-19,False,,False,True,True,7,3
1582556,"Last inbox messages hidden behind UI footer panel, scrollbar cut off",ui-ux,2,Window/pane layout rendering issue leaves message list scrollbar and last rows obscured behind the footer panel.,Some last emails are hidden behind the GUI border. The list is scrolled to the bottom already.,False,2026-05-19,False,,False,True,True,3,1
1582576,Calendar events not restored after copying local.sqlite to new profile,migration-import,3,Manually dropping local.sqlite doesn't register the calendar; the Import tool must be used to migrate calendar data.,none of my prior calendar events have loaded into my new calendar,False,2026-05-19,False,,False,True,True,1,0
1582580,Auto-upgrade created new identity and orphaned old profile with archived mail,migration-import,5,"An automatic upgrade to 150.0.2 left a corrupt or missing profiles.ini, so Thunderbird couldn't locate the existing profile and created a new empty one.",The newest version of Thunderbird wiped out the stored files from the previous version by making me create a new identity,True,2026-05-19,False,,False,True,True,5,2
1582585,Calendar view wider than screen after disconnecting external monitor,calendar-tasks,2,Calendar view retains layout dimensions from the larger monitor and doesn't reflow to the smaller laptop screen.,my calendar is wider than the screen itself. I have no idea how to fix this.,True,2026-05-19,False,,False,False,False,0,0
1582623,Yahoo OAuth2 login fails after re-adding account despite successful sign-in,sync-oauth,4,"OAuth2 token exchange with Yahoo completes on the web side but Thunderbird fails to persist/apply the token, returning 'unable to log in at server'.","That green box turns yellow and now says, ""Unable to log in at server, Probably wrong configuration, username or password.""",True,2026-05-20,False,,False,False,False,0,0
1582648,Juno/Proton account setup: incoming/outgoing server and auth confusion on TB 102,account-login,3,"Wrong POP3/SMTP ports and authentication settings for Juno, plus Proton requiring the Proton Bridge which isn't configured, cause send/login failures.",the Emails come down into the InBox But Will Not Go Out ... Cannot set up Email Account ... username/password errors,False,2026-05-20,False,,False,False,False,1,1
1582660,Printing extra unwanted pages/header text when printing or forwarding emails,ui-ux,2,Header display was set to 'All' causing verbose header text to be included in the printout; switching to normal headers fixed it.,TB wants to print seven pages although the original mail has only one,False,2026-05-20,True,davidsk,True,False,True,4,2
1582663,Master password bypassed by clicking Cancel,encryption-security,4,"Master password only protects stored credentials, not local message viewing, so cancelling still opens the app with read access to cached mail.","se clicco su ANNULLA, anziché inserire la pw, Thunderbird si apre lo stesso, consentendo di vedere le email di ogni account",True,2026-05-20,False,,False,False,False,1,0
1582664,Unsubscribe from certain IMAP folders does not persist,search-folders,2,Server-side protected special-use folders (Drafts/Sent) reject unsubscribe requests so the toggle reverts.,the unsubscribe option does not work for a few of them,False,2026-05-20,False,,False,True,True,3,1
1582665,Calendar invites marked 'already processed' when calendar is subscribed on Linux,calendar-tasks,3,"Subscribed read-only calendar is treated as the user's own, so invites are auto-detected as already present and cannot be accepted.","it keeps saying ""already processed"" which is not the case",True,2026-05-20,False,,False,False,False,1,1
1582677,Quick Filter shows only partial results until view refresh,search-folders,3,Message list rendering bug fails to redraw full filtered result set until a view toggle or resize forces a repaint.,only a partial list of results is displayed (approximately 2-7 messages),True,2026-05-20,False,,False,False,False,0,0
1582679,IMAP only downloads a few messages then connection times out,send-receive,4,Misconfigured synchronization/server settings after POP-to-IMAP migration limit downloads plus an old POP account still pulling/deleting mail from the server.,I only get maybe 30 messages each morning... imap connection lost,False,2026-05-20,False,,False,False,True,13,8
1582681,Many tabs open automatically at Thunderbird startup,ui-ux,1,Tabs left open in previous session are restored on startup; expected behavior.,si aprono tutte quelle schede,False,2026-05-20,True,'@next,True,False,False,3,1
1582691,EWS NTLM authentication intermittently prompts password incorrect,account-login,3,Parallel POST requests trigger race conditions in NTLM re-authentication causing spurious 401 login-failed dialogs.,"often during operations against EWS I'm presented with ""Login to account XXX failed""",True,2026-05-20,False,,False,False,False,1,1
1582698,Received emails open as templates/reply after creating Templates folder,settings-config,3,"Folder was misassigned as the Templates/special-use folder in Copies & Folders settings, changing double-click behavior; fixed by profile reinstall.",ogni messaggio di posta ricevuto si apre come modello,True,2026-05-20,True,d.barsotti,True,False,False,14,7
1582702,Outlook calendars not migrated after upgrade to version 151,migration-import,3,"Upgrade did not carry over Outlook/Exchange calendar configuration, requiring manual re-add which lacks straightforward EWS calendar support.",my Outlook e-mail and calendars did not port across to the new version,True,2026-05-20,False,,False,False,False,0,0
1582713,Message list background turns pure black in dark theme after 151.0 update,ui-ux,2,A regression in TB 151 changed the dark theme thread-pane background from dark grey to pure black.,"the message list turned from the usual dark-mode look, to a full black background after updating to 151.0",True,2026-05-20,False,,False,True,True,15,3
1582715,Gmail OAuth error 400 on login preventing message retrieval,sync-oauth,4,Malformed OAuth request or blocked cookies (possibly Malwarebytes interference) causing Google to reject the authentication.,"krijg ik te zien fout 400, kan verzoek niet verwerken omdat dit niet de juiste opmaak heeft",False,2026-05-20,False,,False,True,True,7,3
1582719,Reply to old message hidden under original due to threading,ui-ux,2,Message threading grouped the new reply under the 2024 original instead of showing it at top by date.,I have disabled threading and now the message appears where it should,False,2026-05-20,True,mozilla98,True,False,True,3,1
1582728,Repeated password prompts after provider migration,account-login,3,Stale saved credentials or invalid IMAP token after Greenby migration changed server settings.,I am still getting password requests from Thunderbird and cannot connect with my original email address,False,2026-05-20,False,,False,True,True,1,0
1582731,New account and signature not persisting after restart,settings-config,4,"Profile configuration files (prefs.js) not being saved, likely due to permissions or corrupt profile.",quando chiudo il programma e poi lo riapro il nuovo account non c'è più,True,2026-05-20,False,,False,False,False,1,0
1582735,IMAP folder reorganization in webmail not syncing to Thunderbird,search-folders,2,Folder list cached; needs collapse/expand or resubscribe as new folders don't refresh automatically.,Reorganized IMAP folders in Roundcube webmail. Thunderbird still shows old structure,False,2026-05-20,False,,False,True,True,1,0
1582737,Cannot add old accounts due to OAuth authorization failure,account-login,3,Legacy @dbmail.com addresses on outlook.live.com require OAuth that fails for these older mailboxes.,it ends with the message that it is not approved,False,2026-05-20,False,,False,False,False,0,0
1582753,Get all new messages only fetches current account,send-receive,2,User misinterpreting the toolbar button behavior; separate 'Get All New Messages' menu item fetches all accounts.,"When clicking the ""cloud icon"" (""get all new messages"") ... it only check the account that is currently displayed",False,2026-05-20,False,,False,False,False,2,1
1582754,Closed old provider account blocks new account with login prompts,account-login,3,"Obsolete Rogers account still configured, prompting sign-in; needs deletion via Account Settings.",a pop up asks me to sign in to the old Rogers account. As this account is no longer active I cannot use Thunderbird,False,2026-05-20,True,davidsk,True,False,True,4,2
1582757,Accounts fail to open after latest installation,performance-crash,4,Recent update may have corrupted profile or account config; more detail needed to diagnose.,non si aprono account dopo l'ultima installazione,True,2026-05-20,False,,False,False,False,1,0
1582763,How to identify configured incoming/outgoing servers,settings-config,1,User unfamiliar with where account server settings are stored; not a defect.,How can I find out from which of my two email providers that I use is feeding my messages to TB,False,2026-05-20,False,,False,False,True,2,1
1582768,Archives and Templates appear in unified folder view despite not being subscribed,search-folders,2,Unified folder view aggregates special folders independent of IMAP subscription; needs per-account folder display toggle.,They don't appear in the per-account view. But they somehow appear in the unified folder view.,False,2026-05-20,False,,False,True,True,1,0
1582776,Folders missing after profile transfer to new computer,migration-import,3,"Profile copied incorrectly rather than replacing the fresh profile folder, so old folders weren't imported.",the updates do not come across. I don’t get all of the folders that I created on the old computer,False,2026-05-20,True,ALANS9993,True,True,True,6,3
1582781,Password rejected on fresh install after Windows reinstall,account-login,3,Provider requires app-specific password or OAuth rather than the account password entered.,the latter will not accept my email & password (same as on my desktop),False,2026-05-20,False,,False,False,False,0,0
1582786,Migrating Thunderbird POP mail to Outlook PST,migration-import,2,No native Thunderbird-to-PST export; third-party conversion tools failing for POP local storage.,migração de um e-mail do ThunderBird que está configurado como POP para um pst,False,2026-05-20,False,,False,False,False,0,0
1582799,SMTP authentication fails despite successful connection test,send-receive,4,Wrong authentication method (encrypted vs normal password) or stored credential mismatch for the Bell Business host.,Unable to authenticate to Outgoing server (SMTP),False,2026-05-20,False,,False,False,True,9,4
1582808,Outlook calendar read/write sync broken after TB 151 upgrade,calendar-tasks,4,TB 151 changes broke OWL/Exchange calendar integration; add-on compatibility or Exchange calendar provider issue.,I am unable to re-link on a read/write/synchronize basis to my Outlook calendar,True,2026-05-20,False,,False,False,False,0,0
1582835,'Newer version profile' error when moving profile between computers,migration-import,3,compatibility.ini/version mismatch triggered the newer-profile lock despite both being labeled 151.,the message saying that you are trying to use a profile from a newer version with an old version,False,2026-05-20,False,,False,False,True,2,1
1582876,Recovering forgotten email password from old install,account-login,2,User needs to view saved passwords; OAuth2 tokens are not usable as passwords.,"How do I find my password on my existing, older, laptop ?",False,2026-05-21,True,rednoise,True,True,True,3,1
1582899,TB 151 dark mode message list has pure black background instead of grey,ui-ux,2,Regression in default dark theme rendering table view background as pure black (bug 2041889).,"The message list in dark mode, in a table view, now has this awful pitch black background",True,2026-05-21,False,,False,False,True,4,2
1582910,SMTP send fails 'Sender address rejected: not logged in' after moving to new computer,send-receive,4,"The outgoing SMTP server settings on the new machine lack authentication credentials/username, so the server rejects the sender as not logged in.",The mail server responded: < mary@maryodonnellaccounts.ie >: Sender address rejected: not logged in.,False,2026-05-21,False,,False,False,False,1,0
1582914,Outlook PST import only brings in a fraction of folders/subfolders,migration-import,3,"Thunderbird's Outlook import cannot fully parse modern PST/nested folder structures, failing on the majority of subfolders.",import from old outlook only imports 2 of the 12 sub folders,True,2026-05-21,False,,False,False,True,3,2
1582920,Sent mail delivered but not appearing in Sent folder (IMAP),send-receive,3,"IMAP account not configured to copy sent messages to the server Sent folder, or server storage near quota causing save failure.",la email non compare in posta inviata. Eppure il destinatario mi ha girato la email appena inviata,False,2026-05-21,False,,False,False,False,5,2
1582921,Thunderbird 150 startup hang ~1.5 minutes on macOS Tahoe / Apple Silicon,performance-crash,4,Startup blocked by an external resource access (e.g. Mac address book integration or silent compaction) causing the app to become non-responsive for a minute on macOS Tahoe.,it takes around 1.5 minutes to open after which the app works normally,True,2026-05-21,False,,False,True,True,11,4
1582934,Unread counter stays at 1 after reading messages,ui-ux,2,Unread count includes messages in subfolders or one message not actually marked read; likely a folder/count sync display quirk.,"i read them, but the counter stays at 1",False,2026-05-21,False,,False,False,False,0,0
1582939,Server rejects adding additional mail.de account,account-login,3,Incorrect server settings or authentication method for the second mail.de account causes the server to reject the new account.,"when I try to open a new account in thundermail, this is rejected by server",False,2026-05-21,False,,False,False,False,0,0
1582947,In-message anchor links unresponsive due to invalid Microsoft HTML,ui-ux,2,Malformed Microsoft-generated HTML with non-standard markup prevents Thunderbird's renderer from resolving in-page anchor links.,the Urls work properly on the page when viewing the message on the Gmail server but not in Thunderbird,False,2026-05-21,True,rednoise,True,False,True,5,3
1582948,Gmail sign-in authentication error during setup/reinstall,sync-oauth,4,Stale Google cookies or saved passwords cause the OAuth2 flow to fail during account setup.,I get a pop-up box requesting to sign in to my Google account and then an authentication error message,False,2026-05-21,False,,False,True,True,1,0
1582967,Profile import restores only messages up to a cutoff date for Tiscali IMAP account,migration-import,5,IMAP re-download only fetched recent mail and older messages appear lost server-side; ImportExportNG restore isn't loading the backed-up older mail into the profile.,"ha scaricato i messaggi più recenti fino al 17 Aprile 2026, quelli più vecchi non li ho trovati più",True,2026-05-21,False,,False,False,False,1,0
1582971,Email stopped working suddenly despite ISP TLS 1.2,send-receive,4,Sudden connection/TLS negotiation failure or credential/certificate change on the ISP mail server that webmail bypasses.,My ISP uses TLS 1.2 but I still can't get my email. This just happened suddenly last week.,False,2026-05-21,False,,False,False,False,0,0
1582976,Cannot send/receive email when ExpressVPN is active,send-receive,3,The VPN is intercepting or blocking SMTP/IMAP ports or rerouting traffic that breaks mail server connections.,Why can't I receive emails from my provider when ExpressVPN is active,False,2026-05-21,False,,False,True,True,1,0
1582984,New emails immediately marked as read,settings-config,2,"The 'mark messages read immediately' or display delay setting was changed/enabled, or user is confusing Thunderbird with webmail.",my new emails are being marked immediately as 'Read'- so old emails and new ones are indistinguishable,False,2026-05-21,False,,False,True,True,9,4
1582994,"Folder drag-and-drop reordering inconsistent, especially with default folders",ui-ux,3,"The built-in folder reordering (from 140.x) has unclear/inconsistent drop-target rules and IMAP server latency, making default folders hard to reposition.",When I try to re-order these it is very hit or miss,True,2026-05-21,False,,False,False,True,6,3
1583001,Autoconfig cannot find settings / hostname rejected on new computer,account-login,3,"The email provider is not in the ISP autoconfig database, requiring manual server settings.",thunderbird cannot find settings for my email account,False,2026-05-21,False,,False,True,True,1,0
1583006,How to delete Local Folders / local account,settings-config,1,Local Folders is a mandatory placeholder account that cannot be removed by design.,"i'm wondering if there is a way to get rid of this ""account""",False,2026-05-21,True,davidsk,True,False,True,5,2
1583009,Attachment icon missing from message display pane,attachments,3,A UI/rendering regression in Thunderbird 151 or profile state hides the attachment indicator despite inline display enabled.,The attachment icon is missing from the message display pane in incoming emails,True,2026-05-21,False,,False,True,True,1,0
1583013,Unable to log in at server despite correct credentials (Spectrum IMAP),account-login,3,The autoconfig-provided settings may use wrong port/auth method or provider requires app-specific password/OAuth for Spectrum.,"""Unable to log in at server. Probably wrong configuration, username or password.""",False,2026-05-21,False,,False,False,False,0,0
1583014,Lost Thunderbird master password after computer crash,encryption-security,3,"The master password was lost; it cannot be recovered but can be removed, forcing re-entry of all account passwords.",při pádu počítče jsem přišel o heslo do Thuderbirdu. jak je možné ho zjistit nebo oobnovit?,False,2026-05-21,True,Ansamb,True,True,True,1,0
1583016,"User seeking hosting/database service replacement, wrong forum",other,1,User misdirected to Thunderbird support seeking a commercial hosting/database provider replacement.,"The company I am using for my database, etc is leaving at end of May",False,2026-05-21,False,,False,False,False,1,0
1583017,"User seeking hosting/database service replacement, wrong forum (duplicate)",other,1,"Duplicate of 1583016; user misdirected, unrelated to Thunderbird.",duplicate of https://support.mozilla.org/en-US/questions/1583016 thread,False,2026-05-21,False,,False,True,True,1,0
1583021,How to create and populate a mailing list in address book,other,2,"User confusion because mailing lists can only be tied to a specific local address book, not 'All Address Books' or online/Google address books.",File>New does not offer me 'Mailing List'. Where do I go to find it?,False,2026-05-21,True,rednoise,True,False,True,11,5
1583026,IMAP server certificate expired blocking email download,encryption-security,3,"Mail provider's server-side TLS certificate expired, causing Thunderbird to refuse the connection until the provider renews it.","Certificate for imap.myottmail.com expired on May 21/2026"" and mow my email won't download",False,2026-05-21,False,,False,False,True,2,1
1583028,Xfinity/Comcast splash login screen blocking IMAP email,account-login,4,Provider forced a re-authentication/password reset requiring interactive login that Thunderbird could not satisfy until credentials were updated.,this Xfinity splash screen kept popping up in front of my email screen. Then my emails stopped coming in,True,2026-05-21,False,,False,False,True,2,1
1583030,Contact anniversary special date not saving in address book,calendar-tasks,3,Bug in address book editor where special/custom date fields are not persisted on save.,"When I enter a contacts anniversary in Thunderbird > Address book > edit > Add special date, It does not save.",True,2026-05-21,False,,False,False,False,0,0
1583033,Unable to connect to Outlook accounts due to firewall blocking,account-login,4,Local antivirus/firewall (AVG) rule blocked Thunderbird from making outbound connections to mail servers.,"I still get the ""Unable to connect' message as soon as I open up the Thunderbird mail app",False,2026-05-21,False,,False,False,True,2,1
1583041,Message filters not moving messages to local folders and empty filter log,search-folders,3,"Filters may not be running against already-downloaded messages, or filter actions targeting local folders are failing silently.",Het verplaatsen naar een lokale map gaat in ieder geval niet. Wat zou ik hieraan kunnen doen?,False,2026-05-21,False,,False,False,False,0,0
1583046,Inbox messages disappeared but present on server and via quick filter,search-folders,4,Corrupt or out-of-sync folder index caused messages to not display until folder repair.,suddenly all of these emails disappeared from the desktop inbox. The emails are still on the server,False,2026-05-21,True,rednoise,True,False,True,6,3
1583048,Quick one-click toggle to fixed-width font for hard-to-read messages,ui-ux,1,Feature request; no single-click control exists so users must dig through deep preferences or use an add-on.,Which is too deep into the setting to casually flip for one message and then bring back to normal.,False,2026-05-21,False,,False,True,True,1,0
1583053,New user cannot find/open their configured mailbox in Thunderbird,ui-ux,2,"User confusion between thunderbird.net website and the desktop app, plus Unified Folders view hiding the account.",I set up a email account...and I can not get back to my mail. Why in gods name is it so difficult?,False,2026-05-21,False,,False,True,True,22,9
1583055,POP messages not deleted from server after download causing duplicates,settings-config,2,"POP account 'leave messages on server' setting defaulted on the new install, so mail is re-downloaded and duplicated.","when I download e-mail on to my computer, it stays on the web site...they are now duplicated on my hard drive",False,2026-05-21,False,,False,True,True,1,0
1583059,Message Filter dialog too large; Save button cut off and window not resizable,ui-ux,3,"The New Filter dialog exceeds screen height with no resize/scroll, hiding the buttons on smaller/scaled displays.","The oversized menu box cuts off the the ""Save"" key and I can't re-size the Message Filter/New Filter box",True,2026-05-21,True,rednoise,True,True,True,5,2
1583069,Yahoo POP3 connection times out during message download,send-receive,4,"Yahoo POP server timeout likely due to a problematic message on server, aggressive AV mail scanning, or port/SSL settings.","""Connection to server pop.mail.yahoo.com timed out.""",True,2026-05-22,False,,False,True,True,4,1
1583070,How to create and use multiple signatures via identities,settings-config,1,User unaware of Identities/Signatures features for maintaining multiple signatures.,Can i have more than 1 sig as i use maybe 10 different sigs for different reasons?,False,2026-05-22,False,,False,False,True,2,1
1583077,O365 account cannot forward messages; compose window does not open in 151.0,send-receive,4,A regression in 151.0 breaks the forward/compose action specifically for O365 accounts.,az o365 levelező fiókba érkező leveleknél nem működik a továbbküldés funkció. Nem jelenik meg a levél szerkesztő ablak sem.,True,2026-05-22,False,,False,False,False,0,0
1583094,21 years of email lost after Windows reset and profile restore failure,migration-import,5,Profile bloated to 280GB (likely duplicate/corrupt mbox iterations) led to mass file deletion and unrecoverable loss after restore mismatch.,I really DESPERATELY NEED HELP restoring my email messages,True,2026-05-22,False,,False,False,True,3,2
1583095,Requesting resend of old emails after ISP account cancellation,account-login,2,Emails not stored because the ISP account was cancelled; no recovery possible client-side.,had to cancel the service for 4 months and her email is X@ptalaska.net and she has the service again,False,2026-05-22,True,davidsk,True,True,True,1,0
1583106,Restored tabs appear blank/empty after restart,ui-ux,2,"Session restore fails to reload message content for some open tabs, leaving blank tab labels and panes.","alcune sono completamente bianche (vuote), sia nell'intestazione (linguetta) della scheda, sia nel contenuto",False,2026-05-22,False,,False,False,False,4,2
1583119,Second Yahoo account not shown in Unified Folders,search-folders,3,Corrupt Smart Mailboxes state fails to register additional accounts of the same provider in Unified Folders.,"if I were to add another ""yahoo"" account, Thunderbird no longer handles it with ""Unified Folders""",True,2026-05-22,True,davidsk,True,True,True,5,2
1583125,Cannot send mail with Thunderbird (unspecified),send-receive,3,Insufficient detail; likely SMTP server/auth misconfiguration.,perché non riesco a inviare posta co thunderbird,False,2026-05-22,True,'@next,True,False,False,1,0
1583127,Untrusted certificate warning for mail.tin.it:587,encryption-security,2,SMTP server presents a certificate not signed by a trusted CA or with mismatched hostname.,Il certificato per mail.tin.it :587 non proviene da una fonte attendibile,False,2026-05-22,False,,False,False,False,1,0
1583141,Cannot move subfolder into italic-displayed folder,search-folders,2,"The italic folder indicates it is not subscribed/not selectable for storage on the IMAP server, preventing subfolder creation.",The A-G folder displays as though it is in Italic font and I cannot move a folder into it.,False,2026-05-22,False,,False,True,True,1,0
1583165,Thunderbird freezes on Gmail folder and POP deleted server mail,performance-crash,5,Corrupted folder index/.msf files combined with POP3 config deleting mail from server caused hangs and missing messages.,Thunderbird takes a long time to download even a few (10-20) emails from Gmail and then it freezes on an email,True,2026-05-22,True,Nasshorn,True,False,True,6,3
1583171,Expected verification emails never arrive,send-receive,3,"Emails likely filtered/blocked at provider level before Thunderbird retrieval, or landing in webmail spam not synced.",claim to have sent me several emails ... But they never arrive!,False,2026-05-22,False,,False,True,True,1,0
1583176,PEC account stopped downloading messages,send-receive,4,Possible mailbox storage limit reached or corrupted archive/msf files blocking new PEC message retrieval.,tunderbird si ha smesso di scaricare i messaggi di posta elettronica,False,2026-05-22,False,,False,False,False,3,1
1583184,SMTP connection to Videotron server fails,send-receive,4,"OS/network stack issue since resolved by Windows repair install, not a server config problem.",connecting to Outgoing server (SMTP) . videotron.ca failed,False,2026-05-22,False,,False,False,True,2,1
1583186,Outgoing Spectrum emails intermittently fail after router change,send-receive,3,New router/modem network timing or connection dropouts intermittently interrupting SMTP sessions.,Sometimes the outgoing emails come back unsent ... if I try to resend 2 or 3 more times the email does finally get sent,False,2026-05-22,False,,False,False,False,0,0
1583205,Where is Config Editor,settings-config,1,User unaware Config Editor is at bottom of Settings>General; duplicate thread.,Where is Config Editor,False,2026-05-22,False,,False,True,True,1,0
1583206,Config Editor missing from Settings>General,settings-config,2,"In version 140.11.0esr the Config Editor button may not render at bottom of General settings, requiring add-on workaround.",Config Editor does not appear in Settings>General this version 140.11.0esr (64-bit) of Thunderbird,True,2026-05-22,False,,False,False,True,6,4
1583218,Folder out of alphabetical order after rename,search-folders,1,Folder order is arbitrary and not re-alphabetized on rename; needs Reset Folder Order (v150+).,"The folder's name is ""Language"" and it falls between folder names starting with ""T"" and ""U""",False,2026-05-22,True,rednoise,True,True,True,3,1
1583222,"Yahoo SMTP requires new password after offline, online state auto-detect fails",sync-oauth,3,"OAuth token for SMTP not refreshed automatically after connectivity loss, and online-state detection fails to re-enable sending.","After computer turned off, SMTP always requires a new 3rd party password from Yahoo. IMAP never requires updated password",True,2026-05-22,False,,False,False,False,0,0
1583227,No password prompt after deleting POP account credentials,account-login,3,Cookie settings or cached credentials prevent Thunderbird from prompting for a new password after credential removal.,restart Thunderbird and it will ask for the new password. But it doesn't. How do I enter it?,False,2026-05-22,False,,False,False,True,4,2
1583229,'Managed by your organization' message from Bitdefender policy,settings-config,2,Bitdefender Toolbar add-on or a registry policy key under HKLM\SOFTWARE\Policies\Thunderbird triggers the managed-by-organization banner.,"""Thunderbird is being managed by your organization.""",True,2026-05-22,False,,False,True,True,3,1
1583231,How to email an entire address book at once,other,1,"User unaware that mailing lists, not address book names, are used as distribution shortcuts.",i want to add the multiple addresses in a special address book to the distribution of an email,False,2026-05-22,False,,False,True,True,1,0
1583239,Migrating profile from Thunderbird 68 to 140 on new Linux machine,migration-import,2,Old Mork address books and smart-mailbox settings don't carry over cleanly across major versions requiring manual conversion.,I need help to migrate several thunderbird accounts from ver 68.10 on old ubuntu 16 computer to ver 140.10.2esr,False,2026-05-22,True,ajo2,True,True,True,4,2
1583245,Gmail IMAP TLS certificate not trusted error on launch,encryption-security,4,Antivirus email-scanning feature intercepts the TLS connection to imap.gmail.com and presents its own untrusted certificate.,The certificate for imap.gmail.com does not come from a trusted source. Non-overridable TLS error occurred.,False,2026-05-22,False,,False,False,True,2,1
1583256,No profile found after clean reinstall,migration-import,4,Registry cleanup removed profiles.ini and manually pasted profiles were malformed; Thunderbird needs to create a default profile first.,"Seems to install fine, but then says no profile recognized.",False,2026-05-23,True,davidsk,True,False,True,6,3
1583261,Second-domain email account cannot send or receive,settings-config,3,Incorrect manual port configuration on one device prevented the second domain account from working.,When I try to use an email account that uses a second domain I can't send or receive emails.,False,2026-05-23,True,davidsk,True,True,True,3,1
1583267,Thunderbird Portable fails with 16-bit/64-bit error on Windows 11,performance-crash,3,Outdated PortableApps launcher (not Thunderbird itself) is incompatible with 64-bit Windows 11.,a message stating it will not run because a 16 bit program will not run in a 64 bit environment,True,2026-05-23,False,,False,True,True,1,0
1583271,Cannot disable message threading,ui-ux,1,User cannot find the View > Sort By > Unthreaded toggle to turn off threaded view.,I can't turn off 'threading' of messages. I hate that feature.,False,2026-05-23,False,,False,True,True,1,0
1583277,Gmail sync behavior across two computers with IMAP,sync-oauth,2,User unclear that IMAP deletions propagate across all synced devices; needs guidance on sync/storage settings.,can I be sure that will not affect what is on my home computer?,False,2026-05-23,False,,False,True,True,1,0
1583278,Feature request: preserve email source headers when forwarding spam to reporting agencies,spam-filters,1,Not a bug; a feature suggestion to auto-attach .eml source with intact DKIM/SPF/Received headers when reporting spam.,"forward the message as an attachment (.eml format) rather than inline, preventing the loss of critical routing headers like DKIM, SPF, and Received",True,2026-05-23,True,paul.farr6,True,False,True,2,1
1583289,Sent folder empty in Thunderbird but visible in webmail,send-receive,4,"IMAP Sent folder not subscribed or mapped, or corrupt local index/cache preventing display of sent messages.","All the messages in the sent folder have been lost. When I use webmail, all the messages appear normally.",True,2026-05-23,True,Mapenzi,True,True,True,3,0
1583336,All incoming emails going to trash after password change,spam-filters,3,"A message filter or server-side rule is auto-moving mail to trash, unrelated to the password change.",Why are suddenly are all my emails going right to my trash bin? I did have to change my email password.,False,2026-05-23,False,,False,False,False,0,0
1583352,New emails delivered to wrong folder instead of Inbox,search-folders,2,An existing message filter is redirecting incoming mail away from the Inbox.,Some emails are delivered to an incorrect box. I want all new emails delivered to the In box.,False,2026-05-23,False,,False,False,False,1,0
1583381,Cannot pin Thunderbird icon to Windows taskbar,ui-ux,1,User needs to right-click the running app and select 'pin to taskbar' rather than dragging the desktop shortcut.,"When I try to move the icon to the taskbar, it doesn't appear.",False,2026-05-23,False,,False,False,True,5,3
1583384,Yahoo mail not downloading to inbox while sending still works,send-receive,3,Yahoo server-side issue (or Norton antivirus certificate interference) blocking IMAP retrieval; resolved when Yahoo fixed it.,Desktop Thunderbird no longer downloads mail from Yahoo though it did until 2 weeks ago,False,2026-05-23,True,edhaser,True,True,True,3,1
1583395,Local folders and older emails missing after mbox file mistakes,search-folders,5,Deleted mbox files plus 'delete messages older than 30 days' disk space setting purged older stored emails.,all emails prior to May 1 were missing from folders that I created,True,2026-05-23,True,Mapenzi,True,True,True,9,4
1583393,Local folder with saved emails vanished overnight,search-folders,5,"Folder accidentally dragged into another folder or quarantined by antivirus, or corrupt profile.","It was there yesterday. But when I fired up Thunderbird this morning, it has vanished.",True,2026-05-23,False,,False,True,True,1,0
1583396,How to bulk-import a list of addresses into a message filter,spam-filters,2,No native bulk-import for filter rules; workaround is address-book-based filter with 'From is in my address book'.,I hoped to import all 20 at once. Creating a filter with 'to' and putting a comma separated list there doesn't seem to work,False,2026-05-23,False,,False,True,True,1,0
1583421,Intermittent 'Thunderbird can't connect to the server' with Spectrum,send-receive,3,Spectrum/Comcast server sporadically refusing connections; needs pop3 logging to confirm cause.,a refusal by the comcast server to accept a commection from you,False,2026-05-23,False,,False,False,True,3,2
1583424,Emails and profile lost after Windows 10 reset,migration-import,5,Windows reset wiped the Thunderbird profile folder; data may only be recoverable from a Windows.old folder or backup.,I had to reset my Windows 10 computer and lost all apps and files.,True,2026-05-23,False,,False,True,True,2,0
1583438,Cannot find 'leave messages on server' setting for POP account,settings-config,2,"User had an IMAP account expecting POP delete-from-server behavior, which IMAP does not offer.","the program isn't removing the emails from the server. I can't locate the ""delete from server"" setting anywhere",False,2026-05-24,True,Googlethunderbird.,True,True,True,4,1
1583449,Server rejecting password despite verified credentials,account-login,3,Incorrect server settings (e.g. missing full email address as username) causing authentication failure.,Thunderbird won't accept my password to my internet provider even though I have verified it,False,2026-05-24,False,,False,True,True,3,1
1583456,Sent emails going to Inbox instead of Sent folder,settings-config,1,Copies & Folders 'Place a copy in' is configured to Inbox rather than Sent.,"all my sent emails go automatically to the Inbox, not into the Sent folder",False,2026-05-24,False,,False,True,True,1,0
1583463,Unclear whether disk-cleanup deletes messages from server,settings-config,1,User confusion about local storage cleanup vs. server-side deletion behavior which depends on POP/IMAP.,if I were to delete the emails from this option will it delete the emails from the server as well?,False,2026-05-24,False,,False,True,True,1,0
1583477,False 'exceeding allowed number of recipients' sending limit error,send-receive,4,"Provider-imposed rate limit (Policy-SC01) triggered by prior sends, misreported as recipient count.",it only happens when I am sending to only ONE recipient,True,2026-05-24,False,,False,False,False,1,0
1583486,Outlook.com OAuth login uses fixed local port 443 causing app conflict,sync-oauth,3,OAuth redirect listener binds to fixed port 443 conflicting with other HTTPS software; needs random port.,获取登录信息默认使用本地电脑的 443 端口，但是与 Steamcommunity 302 和 Laravel Herd 等涉及使用 https 端口的软件冲突,True,2026-05-24,False,,False,False,False,1,1
1583493,Gmail error 400 no mail received,account-login,3,Stale OAuth/cookie state resolved by browser update; possible cookie/third-party settings interaction.,"Bij opstarten krijg ik te zien fout 400, incorrecte gegevens",False,2026-05-24,False,,False,True,True,5,2
1583497,Retrieving old emails from a closed email account,migration-import,2,Account closed years ago; messages only recoverable from local profile on the original PC.,I am now wanting to open a few emails from 2022 regarding contracts but Thunderbird obviously only has my old email,False,2026-05-24,False,,False,True,True,1,0
1583528,Cannot fully disable message threading,ui-ux,2,View flags config change didn't apply per-folder; threading still active in individual folders.,How do I shut threads off completely forever?,False,2026-05-24,False,,False,True,True,3,1
1583530,IMAP account stuck on 'loading message' and not syncing new mail,send-receive,4,"IMAP account cannot complete sync with the server, likely blocked by firewall/antivirus or a corrupt local index after prior prefs.js reset.","the imap account is stuck on ""loading message"" and doesn't download anything",False,2026-05-24,False,,False,True,True,3,1
1583531,Message filter runs twice creating duplicate copies,search-folders,3,"Race condition where filters execute before Gmail IMAP finishes syncing/expunging the source message, causing duplicate moves.","Sometimes, but not always, it seems to run twice, and puts two copies of the newsletter into the local folder.",False,2026-05-24,False,,False,False,True,2,1
1583538,Trash folder emptied after 30 days with no Retention Policy tab in Danish build,settings-config,2,"Server-side retention policy deletes Trash after 30 days; separately the Retention Policy tab appears missing in the Danish localized build, possibly a localization bug.","there is no ""Retention Policies"", only ""General Information"", ""Synchronisation"", ""Sharing"" and ""Quota""",True,2026-05-24,True,Toad-Hall,True,False,True,16,7
1583539,Filter moves to Outlook folder logged as done but messages disappear,search-folders,3,"Filter move to an outlook.com IMAP folder fails to sync properly, leaving originals in inbox while the target folder flags new mail that isn't there.",the folder in theoutlook account turns blue like it is holding a new message but when you click on it the message is not there,True,2026-05-24,False,,False,False,False,0,0
1583541,Sent messages saved to Inbox instead of Sent folder,send-receive,3,"Copies & Folders setting misconfigured to 'Other'/wrong folder, or server-side sent-mail handling overriding the client setting.","Whenever i send a message , it is saved to the 'inbox' previously it would be saved ""sent mail""",False,2026-05-24,False,,False,True,True,7,3
1583542,How to move self-created folders between email accounts,search-folders,1,How-to question; user unaware of right-click copy/move for folders and IMAP synchronization implications.,Hoe kan ik Mappen die ik zelf heb aangemaakt in kpn mail account verplaatsen naar een andere email account,False,2026-05-24,False,,False,True,True,1,0
1583554,Intermittent outlook.com login failure on mail download,account-login,2,"Outlook/Hotmail rate-limits frequent connection attempts (historically ~15 min), causing occasional bounced logins.","Once in a while, when I download email, Tbird fails accessing outlook.com",False,2026-05-24,False,,False,False,True,2,1
1583563,Confusion over multiple/old profile folders in AppData,settings-config,2,Leftover stale profile folders from prior versions cause confusion; connectivity issue may be unrelated to actual active profile.,In the Profiles folder there are 14 files. 13 are old with no new activity.,False,2026-05-24,False,,False,True,True,6,2
1583564,No SAVE button visible when editing address book entry,ui-ux,2,Address book edit pane's SAVE button is hidden off-screen because the layout does not scroll/resize with the window width.,Edit address book entry displays only DELETE and CANCEL at the bottom of the edited entry,True,2026-05-24,True,davidsk,True,True,True,3,1
1583567,Cannot permanently disable message threading globally,ui-ux,2,"No global setting to disable threading; per-folder threading toggles reset on restart, requiring config workaround.","I want to turn it off for every message, everywhere. But the drop down menus with items about 'threading' seem locked.",False,2026-05-24,False,,False,True,True,1,0
1583580,New message alert sound plays on every mail check even when no new messages,send-receive,2,A regression in 140.11 causes the new-mail notification to fire on every poll cycle regardless of whether new messages were actually retrieved.,TB is sounding (the new messages) alert every time it checks for new messages even if there are NO new messages to download!,True,2026-05-24,False,,False,False,False,0,0
1583586,HTML signature displays as raw markup after editing,settings-config,2,The signature file was saved as plain text or with a malformed header so Thunderbird renders it literally instead of as HTML.,I revised the file and now the signature file appears as,False,2026-05-24,False,,False,True,True,1,0
1583592,HTML signature displays raw XML/markup instead of formatted content,settings-config,2,The signature file contains an XML declaration/unsupported HTML format that Thunderbird renders literally.,"now get ""?xml version=""1.0"" encoding=""UTF-8"" standalone=""yes""?""",False,2026-05-24,False,,False,True,True,1,0
1583596,Get Messages does nothing after password error on Earthlink POP account,send-receive,4,A corrupted profile/panacea.dat or stale credential state prevents the incoming server connection so Get Messages silently fails.,"when I click ""Get Messages,"" it simply has no response at all. Nothing happens.",True,2026-05-24,False,,False,False,True,34,13
1583610,Ctrl+P prints first event of week instead of selected calendar event,calendar-tasks,3,The print routine ignores the current selection and defaults to the first event in the view range.,"Print preview shows event scheduled for Monday, not Thursday's event.",True,2026-05-24,False,,False,False,False,0,0
1583611,Tab key ignored in calendar event description field,calendar-tasks,1,Tab is reserved for focus navigation so it cannot insert tab characters in the description text box.,<TAB> gets ignored when editing calendar events.,False,2026-05-25,False,,False,True,True,1,0
1583617,Send fails for some accounts due to wrong SMTP server assignment,send-receive,3,"Multiple accounts share the same SMTP server whose authenticating address doesn't match, causing send rejection.",I am having difficulty in sending message for 2 of my email addresses through Hostinger,False,2026-05-25,False,,False,True,True,3,0
1583640,Thunderbird severely laggy/unusable after update to version 151 on macOS,performance-crash,4,A regression in the 151 build causes high CPU/hangs on macOS Sequoia unresolved by standard maintenance steps.,very laggy to the point it is almost unusable. It was after the update to version 151,True,2026-05-25,False,,False,True,True,1,0
1583652,Email discrepancy between PC and Android on shared POP account,send-receive,2,POP downloads-and-deletes per device so messages aren't shared; IMAP is required for consistent multi-device view.,discrepancy in displayed emails between the PC and mobile versions of Thunderbird when using a single-login POP account,False,2026-05-25,False,,False,True,True,3,0
1583660,Stuck message in outbox retries on every startup and cannot be deleted,send-receive,3,The Send Later add-on created a separate Local Folders outbox holding the oversized/misaddressed message that kept retrying.,cada vez que inicio Thunderbird intenta enviar el mensaje y no puedo eliminarlo,False,2026-05-25,True,pcp04,True,False,True,7,4
1583664,Folders lose alphabetical order and no Reset Folder Order option in ESR,search-folders,3,Corrupted folderCache.json/folderTree.json plus missing 'Reset Folder Order' feature in 140 ESR causes folders to revert to wrong order.,"the fact that there is not a ""Reset Folder Order"" is not helpful",True,2026-05-25,False,,False,False,True,11,6
1583683,Cannot send or receive after upgrade to Thunderbird 151,send-receive,5,Release channel 151 update introduced regression or config incompatibility breaking send/receive; user wants to switch to ESR 140.,Thunderbird upgraded me to Release 151.0. I can no longer send or receive emails.,True,2026-05-25,False,,False,True,True,1,0
1583686,Cannot disable email threading in new install,ui-ux,2,Threading is default since v102 and must be set per-folder via appearance settings before account setup; user unaware of the setting.,This version threads the incoming emails. I really hate my emails being threaded,False,2026-05-25,False,,False,True,True,1,0
1583691,Exporting email message body to CSV/Excel not possible,other,2,"CSV export is designed for address book, not message content, so no built-in way to export email bodies.",I don't see the email body coming through. How do I achieve this please?,False,2026-05-25,False,,False,True,True,7,3
1583692,No whitelist to mark senders as not spam,spam-filters,2,Thunderbird lacks a built-in sender whitelist; users must rely on filters or provider-side lists.,how I can mark senders in Thunderbird as not spam or is there a list of secure senders,False,2026-05-25,False,,False,True,True,1,0
1583699,Not receiving emails on desktop but works on other devices,send-receive,3,Likely account/server config or POP-download-elsewhere issue; insufficient detail to isolate provider vs client.,I am no longer getting emails on Thunderbird on my computer though I do get them e.g. on my iPad,False,2026-05-25,True,christ1,True,True,True,1,0
1583707,Mark all as read and multi-select actions do nothing in Local Folder,ui-ux,3,UI bug where right-click context actions and 'mark all as read' are unavailable or unresponsive on local folder selections.,"I select them all and right-click, but no options are available!",True,2026-05-25,False,,False,False,False,1,0
1583716,Empty 'thunderbird' folder auto-created in home directory on Linux,performance-crash,2,Known bug in TB 150/151 creating a stray empty directory in the personal folder; fix pending next ESR release.,"a folder named ""thunderbird"" was created in my Personal folder. This folder is empty.",True,2026-05-25,False,,False,False,True,2,1
1583721,How to send a certified/registered email,other,1,User asking about certified email feature; no technical detail provided.,I would like to send a certified email,False,2026-05-25,False,,False,False,False,1,0
1583731,PDF attachment not displayed in TB 151 regression,attachments,3,"Regression in 151 in parsing base64 application/pdf attachments causing attachment not to show, matching old resolved bug.",E' un vecchio problema che sembrava risolto già dalle versioni 9 e 11 ma pare si ripresenti nell'ultima versione 151.0,True,2026-05-25,False,,False,False,False,1,0
1583732,Spam keeps arriving despite marking as spam,spam-filters,2,Thunderbird's adaptive junk filter and lack of a whitelist/server-level blocking limit user's ability to stop persistent spam.,i have marked them as spam many times but i cant get them to stop,False,2026-05-25,False,,False,True,True,1,0
1583738,Compose font size differs from sent/received font size,ui-ux,2,"Display zoom/minimum font settings enlarge the compose view while the actual HTML font size sent is smaller or altered, confusing perceived sizes.",the default font for writing texts is too small for me to easily read. Yet when I send the message the text size too large,False,2026-05-25,True,davidsk,True,True,True,9,3
1583739,Read emails appear to have disappeared from view,search-folders,3,View/threading filter is hiding read messages rather than actual data loss.,"Every email I have ever opened, but not unread emails have disappeared",False,2026-05-25,False,,False,True,True,1,0
1583741,All emails display/print as plain text after settings change,settings-config,2,"A message display preference was toggled to plain text globally, overriding HTML rendering.",all my email accounts (both current & previous messages started printing in plain text only,False,2026-05-25,False,,False,False,False,0,0
1583744,Unable to receive/forward messages between two accounts,send-receive,3,Unclear account configuration or forwarding setup; needs clarification of intent and error messages.,i cant get messages to my email cloutier728@email.com,False,2026-05-25,False,,False,True,True,1,0
1583747,iCloud IMAP login fails requiring app-specific password,account-login,3,iCloud requires an app-specific password rather than the regular Apple ID password for third-party clients.,Login to server imap.mail.me.com with username jayoung3 failed. I changed my password but I still can't access my email,False,2026-05-25,True,rednoise,True,True,True,1,0
1583756,Confusion over update switching to ESR channel,performance-crash,2,"User was on the old 102/115 branch which became the ESR channel, so incremental updates followed the ESR release line; not an actual bug.",Thunderbird DOWNGRADED itself from the May 2026 standard release version to an AUGUST 2025 ESR,False,2026-05-25,True,davidsk,True,False,True,5,3
1583755,Unexpected password prompt on Thunderbird login,account-login,2,Either a Primary Password was set or the email provider is prompting for credentials no longer saved.,"I get the message to use my password, but I don't know of one",False,2026-05-25,False,,False,True,True,1,0
1583757,"Accidentally deleted wanted emails, wants recovery",send-receive,4,Messages moved to Trash and possibly purged from server; recovery depends on Trash retention and local copies.,"I hit trash and they were gone, tried the undo",False,2026-05-25,False,,False,True,True,1,0
1583772,"Cannot send emails after software update, hangs seeking folder",send-receive,4,Update reset SMTP/outbox or sent-folder configuration causing send to hang and messages to be lost.,cant send emails following software update yesterday,True,2026-05-25,False,,False,True,True,1,0
1583774,Gmail account can receive but cannot send mail,send-receive,4,Likely SMTP server misconfiguration or OAuth/authentication issue on the outgoing server for the Gmail account.,"Receives it, but does not send it.",False,2026-05-25,True,'@next,True,False,False,1,0
1583779,Phantom empty message dated 12/31/1969 in message list,search-folders,2,Corrupt folder index (.msf) producing a spurious epoch-dated placeholder entry.,It only shows 12/31/1969 5:00 pm. It is almost impossible to delete it.,False,2026-05-25,True,rednoise,True,True,True,1,0
1583799,Authentication error setting up Yahoo/Xfinity IMAP account,account-login,4,User confusion over which password/OAuth prompt applies during Yahoo migration after Xfinity email transition.,I get the authentication error on each attempt.,False,2026-05-26,False,,False,True,True,1,0
1583801,Confusing Account Hub wording implies existing data will be overwritten,ui-ux,2,The 'Set up your Existing Email Address' Account Hub wording is ambiguous and doesn't clarify that new accounts coexist without wiping data.,"The screen strongly suggests that if I enter a new mail service, Firefox will nuke everything that I have. It does NOT say add an additional provider.",True,2026-05-26,False,,False,True,True,27,12
1583802,Sent emails duplicated in Sent folder,send-receive,2,"Both server-side and Thunderbird's 'Place a copy in' setting save the sent message, creating duplicates.","Every time I send a message, it duplicates itself.",False,2026-05-26,True,wxie2016,True,True,True,2,0
1583804,Junk mail labeling perceived as donation pressure,spam-filters,2,User misinterprets junk-mail labeling and donation prompts; likely wants to disable junk marking on received mail.,stop with the we think this is junk crap,False,2026-05-26,False,,False,True,True,1,0
1583810,Request for user manual and folder-specific/scheduled filter runs,search-folders,2,Missing native scheduled/cron filter feature and if-then logic; corrupt folder also blocked filter moving messages.,how to get a message filter to run on a specific folder daily,False,2026-05-26,False,,False,True,True,3,1
1583814,Cannot fetch new emails past a date plus duplicate downloads,send-receive,4,"Antivirus scanning POP mail interfering with download, causing stalled sync and duplicated messages.",unable to pull new emails past that date. I also get doubles,False,2026-05-26,False,,False,True,True,1,0
1583817,Calendar iCal import from Google fails and calendar unavailable,calendar-tasks,3,Malformed or oversized exported ICS file causing import failure; CalDAV sync recommended instead.,The import failed and the error console displayed the attached message.,False,2026-05-26,True,MattAuSupport,True,False,True,2,1
1583821,Unexpected CC appearing on sent email,other,2,"Likely a website auto-added recipient or user confusion, not a Thunderbird post-send modification.",another site attached a CC to their Website,False,2026-05-26,False,,False,True,True,1,0
1583826,Marked spam not routed to junk folder for future messages,spam-filters,2,User misunderstands that junk processing is not based on the sender's From address unless whitelisted via address book.,is there a way to have the messages I mark as spam go straight to the spam folder?,False,2026-05-26,False,,False,True,True,1,0
1583830,Locked out after reinstall due to unremembered password,account-login,4,User confuses master/primary password or mail account password; reinstall prompts for credentials they no longer recall.,"Nun wollte ich die App neu intallieren, aber dazu soll ich das Passwort eingeben.",False,2026-05-26,False,,False,False,False,0,0
1583833,Thunderbird very slow after compacting folders and deleting mail,performance-crash,3,Corrupted index/database or profile issue causing laggy scrolling and message loading after compaction.,tunderbirds è diventato lentissimo in tutte le sue funzioni,False,2026-05-26,True,a.monge,True,False,False,4,0
1583831,"Account setup window renders oversized and off-screen, cannot resize",ui-ux,4,UI scaling/window rendering bug in TB 151 setup dialog under Windows 11 high-DPI making the wizard uncontrollable.,la pagina si ingrandisce senza possibilita' di portarla alla misura dello schermo,True,2026-05-26,False,,False,False,False,5,3
1583840,Duplicate Junk folder in Thunderbird 151,search-folders,2,Known bug in 151 creating a second Junk folder with no workaround yet.,How to delete double Junk box from Thunderbird 151.0 ?,True,2026-05-26,False,,False,True,True,1,0
1583845,Subfolders and messages moved to Trash after IMAP sync error,send-receive,5,IMAP synchronization/folder index error incorrectly shows folders under Trash; server-side folders likely intact.,"all my subfolders from my main account were in the ""Trash"" folder, and there was no correspondence in them",True,2026-05-26,True,yulyabrylk,True,False,False,1,0
1583847,Cannot send email due to SMTP authentication failure,send-receive,4,Outgoing SMTP authentication misconfiguration or wrong credentials/method blocking sending.,"Als ik een Email wil verzenden ,is dit mislukt beterft Authenticatie",False,2026-05-26,True,Mozilla-assistent,True,True,True,1,0
1583852,All inbox mail delivered to Deleted folder after Outlook migration,migration-import,5,Server-side rules or misconfigured folder mapping after auto-migrating from Hotmail/Outlook routing mail to Trash with auto-purge causing data loss.,now all my emails ... are now being delivered automatically to deleted file,True,2026-05-26,False,,False,False,False,0,0
1583853,Inbox stuck downloading due to corrupt 0-byte message on server,send-receive,4,"A corrupt 0-byte message on the IMAP server blocks header download, stalling inbox sync until removed server-side.","Het lijkt erop dat het hierop blijft hangen, het downloaden gebeurt niet.",True,2026-05-26,False,,False,True,True,9,4
1583882,EWS Exchange account repeated per-folder password prompts in TB 148+,sync-oauth,4,"Authentication/session handling bug in native EWS support causing per-folder re-auth prompts, possibly OAuth2 vs NTLM mismatch or token reuse failure.",Thunderbird asks for the password separately for many folders ... continuous authentication prompts,True,2026-05-26,False,,False,True,True,8,5
1583890,Empty trash button not responding to right-click,ui-ux,1,User is using the wrong interaction; empty trash requires left-click and confirmation rather than a broken feature.,"I[ve tried right clicking on the ""empty trash"" but nothing happens!",False,2026-05-26,False,,False,True,True,1,0
1583895,tin.it account repeatedly prompts to re-enter password,account-login,3,Likely incorrect authentication method or server settings for tin.it causing repeated password prompts.,l'account si installa ma poi continua a dire che devo reinserire la Password,False,2026-05-26,False,,False,False,False,1,0
1583896,Thunderbird re-downloads all folders and email on every launch,performance-crash,4,"Corrupted or reset profile/local storage causing Thunderbird to treat accounts as new each launch, re-syncing all IMAP folders.",All the folders expand down the left side (as if it's just finding them for the first time) and all email is re-downloaded,True,2026-05-26,False,,False,False,False,0,0
1583902,"Yahoo POP account times out re-downloading entire mailbox, no new mail",send-receive,4,Yahoo requires OAuth2 with main password and cookies enabled; using app password with normal auth breaks retrieval.,Every time I open thunderbird it tries to re-download the entire yahoomail account and times out,False,2026-05-26,False,,False,True,True,1,0
1583908,Cannot view saved passwords due to OS identity verification prompt,encryption-security,2,"Password reveal requires Windows startup password for OS-level verification, which user didn't realize.",Verify your Identity to reveal your saved passwords,False,2026-05-26,True,davidsk,True,True,True,5,2
1583909,Authentication error during account setup due to entering wrong password prematurely,account-login,3,"User entered primary/master password instead of provider password during setup, causing authentication failure.","Authentication error Unable to log in at server. Probably wrong configuration, username or password.",False,2026-05-26,True,bcos50,True,False,True,15,8
1583913,Thunderbird icon missing from taskbar,ui-ux,1,User wants to pin the Thunderbird icon to the taskbar; not a defect.,Jeg kan ikke få Thunderbird logoen (programmet) i min proces linje,False,2026-05-26,False,,False,True,True,1,0
1583915,Reply rejected: identity and email address belong to different users,send-receive,3,"SMTP sender address does not match the account/identity configured, causing server rejection.",Mail rejete. Identifiant et adresse mail appartiennent a 2 utilisateurs differents,False,2026-05-26,False,,False,True,True,1,0
1583916,Comcast to Yahoo migration while keeping Thunderbird settings,migration-import,2,Provider migrated mailbox backend to Yahoo; user needs to reconfigure account with Yahoo settings while retaining local data.,Comcast has sent our accounts to yahoo. Email name remains the same.,True,2026-05-26,False,,False,True,True,1,0
1583925,Thunderbird POP fails when VPN is enabled,send-receive,2,"Third-party VPN blocks the POP protocol; per-app bypass resolves it, not a Thunderbird issue.",I had to turn off Norton VPN to use Thunderbird as my email client for the Comcast email service,False,2026-05-26,True,christ1,True,False,True,2,1
1583933,Wrong sender name displayed in From column from address book substitution,ui-ux,2,The 'show names if in address book' setting matches on email address and substitutes incorrect contact names.,"one email in the from column is displaying Nancy, but the email is from Grainger with a different email address",False,2026-05-26,False,,False,True,True,1,0
1583935,Duplicate Trash and Sent folders after Gmail import,migration-import,2,Thunderbird and Gmail use different special-folder naming conventions creating duplicate system folders during import.,"While importing a Gmail account, I ended with three Trash folders, only one of which I could delete.",False,2026-05-26,False,,False,True,True,1,0
1583941,Cannot receive email on primary account,send-receive,4,Provider-side (Windstream) server issue preventing message retrieval on one account.,Have not been able to receive email on my primary account (I have 3 accounts) for 3 days now.,False,2026-05-26,False,,False,True,True,1,0
1583944,Reply/forward includes raw HTML code instead of readable formatting,ui-ux,2,Message composition format mismatch causing raw HTML to be quoted rather than rendered text.,"I don't want all the raw code included in my reply/forward, just the readable text in a format similar to the original.",False,2026-05-26,False,,False,True,True,1,0
1583948,"Subfolder disappeared under All Mail (user error, found)",search-folders,1,User accidentally misplaced the folder; no actual defect.,Never mind. I found it. Whew!,False,2026-05-26,True,rochmike16,True,False,False,1,1
1583952,Pre-install question about switching from Yahoo webmail,account-login,1,Not a defect; user seeking demonstration and clarification about how Thunderbird works.,Can I see a demonstration before I elect to install Thunderbird now?,False,2026-05-26,True,MattAuSupport,True,False,True,2,1
1583958,Inbox emails deleted from server via Trash control tool,send-receive,5,User invoked a compact/empty-trash action that deleted IMAP messages both locally and on server.,All mails in Inbox are gone - and I at once checked my Mail Server by One.com - but everything was gone there too.,True,2026-05-26,False,,False,False,False,0,0
1583959,Thunderbird hangs with blank window on startup (not responding),performance-crash,4,Windows Defender scanning the profile folder locks files causing startup hang.,"se queda todo en blanco y arriba a la derecha pone ""Inicio-Mozilla Thunderbird (No responde)",False,2026-05-26,False,,False,True,True,2,1
1583982,Spam reaching inbox despite address-book-only setting,spam-filters,2,"The allow-list setting resides on the provider webmail, not Thunderbird, and spam bypasses filters.",A category (Daily Brain something) of emails that are clearly spam ... are landing in my Inbox every day,False,2026-05-27,False,,False,True,True,5,2
1583986,Folder disappeared after renaming,search-folders,3,"Renamed folder failed to sync/refresh in the folder pane, requiring restart.",I renamed a folder and then when i went to put the emails in it.. it's gone,False,2026-05-27,False,,False,True,True,1,0
1583987,Emails won't download due to disk space warning; folder repair perceived as data loss,send-receive,5,"Full local disk prevents IMAP downloads, and user confusion around Repair Folder led to apparent loss of Inbox messages requiring profile-level recovery.",right clickedon the inbox and went to properties and clicked repair folder and now ALL my messges are gone.,True,2026-05-27,False,,False,False,True,28,16
1583994,"Cannot send email, wants to switch providers",send-receive,3,Likely SMTP misconfiguration or provider authentication issue with Telstra; insufficient detail to confirm.,I can't send emails through Thunderbird,False,2026-05-27,False,,False,True,True,1,0
1584009,Slow POP3 retrieval after 140/151 upgrade due to serialized fetches,performance-crash,3,"Thunderbird 140esr/151 serializes POP mail fetches across multiple accounts, making checks 10x slower than older versions.",Retrieval of POP3 account email takes 10 times longer on Windows 11 as compared with Windows 7,True,2026-05-27,True,wsmwk,True,True,True,3,0
1584013,Message filters not moving mail after Eudora migration,spam-filters,3,Filter uses 'Match all' with three AND conditions that rarely all match; should use 'Match any' or single condition.,"I can't get even one filter to work on T'bird, so my Inbox now contains a near-useless jumble of over 2000 messages",False,2026-05-27,False,,False,True,True,1,0
1584022,Where to find saved password in Thunderbird,account-login,1,How-to question about locating stored passwords in Saved Passwords settings.,dove trovo la password di thunderbird,False,2026-05-27,False,,False,False,False,1,0
1584025,Calendar reminder confirm option mislabeled in Dutch translation,calendar-tasks,2,"Dutch localization translates 'Dismiss' as 'Verwijder' (delete), confusing users into thinking they must delete the reminder.","Het engelse ""Dismiss"" is eenduidige maar iets anders als het nederlandse ""Verwijder"".",True,2026-05-27,True,theking2,True,True,True,5,3
1584031,Yahoo accounts hidden in Unified folders view,search-folders,3,Corrupted smart mailboxes cache prevents certain Yahoo IMAP accounts from appearing in Unified folders; deleting smart mailboxes folder rebuilds it.,It hides 2 yahoo accounts... Thunderbird doesn't show it/them on Unified folders. I see them only on All folders.,True,2026-05-27,True,MattAuSupport,True,False,True,4,2
1584035,Unable to write email to mailbox error,send-receive,4,Insufficient disk space or file permission problem on the profile mailbox files prevents writing messages.,message comes up saying unable to write email to mail box. make sure file system allows you to write privileges and enough disc space,False,2026-05-27,False,,False,False,False,0,0
1584038,Email loss after folder compaction interrupted by reboot,performance-crash,5,"Forced Windows reboot during POP folder compaction corrupted/truncated the Inbox mbox file, losing older messages not on server.",ora non vedo più nella posta in arrivo (POP) le mail precedenti a ieri... il file Inbox relativo alla cartella di posta in arrivo sembra molto meno pesante,True,2026-05-27,False,,False,False,False,4,2
1584040,Cannot receive mail after update (Xfinity),send-receive,4,Post-update authentication or server settings change with Xfinity provider breaking incoming mail retrieval.,I updated Thunderbird this morning now I am not receiving mail,True,2026-05-27,False,,False,False,False,0,0
1584041,Navigating back to inbox from open message tabs,ui-ux,1,User opens messages in many tabs and cannot find the Inbox tab; not a bug but a navigation/how-to issue.,how do you get back to email inbox from an open email without having to scroll backward through countless previous openings,False,2026-05-27,False,,False,True,True,1,0
1584044,Sent mail not visible for Aruba account when composing,send-receive,3,Sent folder likely not mapped or IMAP Sent folder subscription/copy setting misconfigured for the Aruba account.,non ho nelle impostazioni dall'app le mail che abbiamo inviato,False,2026-05-27,False,,False,False,False,1,0
1584045,No new mail downloaded after 140.11.1esr update,send-receive,4,Update may have broken incoming server connection/authentication or an add-on interferes with mail retrieval.,ahora puedo enviar pero no se descargan los correos nuevos,True,2026-05-27,False,,False,True,True,1,0
1584048,Virgilio account authentication failure,account-login,4,Virgilio server requires an app-specific password or specific auth method that differs from webmail login credentials.,Impossibile autenticarsi sul server. nome account o pw potrebbero essere errati,False,2026-05-27,False,,False,False,False,3,1
1584049,Outbox folder not visible to delete unsent mail,send-receive,2,Outbox only appears when a message is queued; user cannot locate it because it is empty/hidden.,need OUTBOX on my thunderbird email - not there,False,2026-05-27,False,,False,False,False,1,1
1584051,Outbox folder not visible to delete unsent mail,send-receive,2,Outbox only appears when a message is queued; user cannot locate it because it is empty/hidden.,"need to delete unsent email - how do I access OUTBOX, as it does not appear",False,2026-05-27,False,,False,False,False,1,0
1584061,Show contact birthdays in calendar,calendar-tasks,1,Native Thunderbird lacks built-in contact-birthday calendar sync; an add-on is required.,how the birthdays in my contacts can show in the calendar,False,2026-05-27,True,MattAuSupport,True,False,True,2,1
1584065,Messages disappear when moved from provider Offers folder to Inbox,send-receive,5,"Server-side sorting rules delete or reject messages moved back into the inbox, causing permanent loss on the server.","when I try to move them to the ""Inbox"" section, they disappeared!! Where are they? It's very frustrating because now these messages aren't even on the server!",True,2026-05-27,False,,False,True,True,3,1
1584069,outlook.com login fails using app password instead of OAuth,sync-oauth,4,User configured app password; outlook.com requires OAuth authentication which was not enabled.,it keeps saying Unable to log into the server,False,2026-05-27,False,,False,False,True,2,0
1584080,Imported PEC folder missing older messages and slow performance,migration-import,3,"Import did not fully complete or index older PEC messages, plus large mbox/index causing slowness.",non visualizzo le pec antecedenti al 01/12/25 e ho seri problemi ad impostare i filtri dei messaggi,False,2026-05-27,False,,False,False,False,1,0
1584086,Send failure due to recipient mailbox full / sender verify rejection,send-receive,3,Server-side rejection (recipient mailbox full and sender verification) rather than a Thunderbird issue; may also indicate SMTP account email address mismatch.,Verification failed for < george@check-6.com > Mailbox is full / Blocks limit exceeded,False,2026-05-27,False,,False,True,True,1,0
1584089,Intermittent POP3 connection refused to Spectrum/twc server,send-receive,3,Sporadic server-side connection throttling or provider server instability rather than local misconfiguration.,could not connect to server mail.twc.com ; the connection was refused.,False,2026-05-27,False,,False,True,True,1,0
1584091,Message folder location lost/blank when switching Unread vs All Folders view,search-folders,2,Unified folder view fails to populate the Location column and retain folder highlight after a message's read status changes.,"the ""Location"" column in the Emails pane would be a logical choice, but it is blank",True,2026-05-27,False,,False,False,False,0,0
1584094,Flatpak Thunderbird ESR fails to launch after application ID change,performance-crash,3,"Flatpak renamed application ID to org.mozilla.thunderbird_esr, breaking the old custom .desktop launcher.","a message that the application ID had changed, on Monday, to ""org.mozilla.thunderbird_esr.""",True,2026-05-27,True,JHHL,True,False,False,2,2
1584100,macOS 10.12 Sierra no longer supported by current Thunderbird,other,2,Thunderbird 116+ requires macOS 10.15 minimum; last supported version for 10.12 is 115.,"repeated downloads of the only version seemingly available, 151.0.1, arrive as corrupted files",False,2026-05-27,True,James,True,True,True,3,0
1584110,Sent emails going straight to Trash instead of being delivered,send-receive,4,"Possible server-side filter/rule or misconfigured copies setting routing sent mail to Trash, or provider rejecting delivery.",MOST of my sent emails are not going to their destination but ending up in the TRASH folder,True,2026-05-27,False,,False,False,False,0,0
1584115,Alice account setup reports wrong password incorrectly,account-login,3,"Provider auth or server settings mismatch causing false password error, possibly needing app-specific password or OAuth.","nella configurazione degli accont alice mi dice che la password é errata, cosa non vera",False,2026-05-27,False,,False,False,False,1,0
1584118,PGP encrypted email send fails after update to 151.0.1,encryption-security,4,Version upgrade may have broken OpenPGP encryption/send flow; needs to confirm whether unencrypted mail sends.,"getting this message ""the sending of the message failed"" when sending PGP encrypted email",True,2026-05-27,True,MattAuSupport,True,False,True,2,1
1584119,Windows 10 install: no icon after download,other,1,User confused download with install; must run the downloaded installer file.,downloaded to windows 10 but did not get icon to select run?,False,2026-05-27,False,,False,True,True,1,0
1584127,Thunderbird stopped sending and receiving all mail,send-receive,4,"Unclear; could be connectivity, credentials, or antivirus interference—needs error details.",Thunderbird has stopped sending or receiving emails.,False,2026-05-27,False,,False,True,True,1,0
1584134,Flatpak app-id rename org.mozilla.Thunderbird to org.mozilla.thunderbird loses profile data,migration-import,4,"The Flatpak package ID was changed to lowercase without an automated data migration, so the new install points to an empty data directory.","the update effectively behaves like a fresh installation, creating the impression that all user settings and data have been lost",True,2026-05-27,False,,False,True,True,3,1
1584135,Spectrum/TWC email cannot send or receive,send-receive,4,Likely incorrect server settings or provider requiring app-specific configuration; provider redirects to Spectrum portal.,Tried mail.twc.com and it just sends me back to Spectrum,False,2026-05-27,False,,False,True,True,1,0
1584141,Enterprise IT authorization needed to use Thunderbird for work email,account-login,1,Not a technical fault; organizational access policy question about connecting Thunderbird to a corporate mail server.,I need authorisation from my IT Dept to allow access,False,2026-05-27,False,,False,True,True,1,0
1584142,UAC prompt when setting default or uninstalling per-user Thunderbird install,settings-config,2,Recent installer/default-app handling triggers elevation even for a user-level install and setting default mail app.,if you ask it to set as default it brings up a UAC dialog,True,2026-05-27,False,,False,False,True,4,2
1584145,Calendar invitations sent from wrong organizer/email account,calendar-tasks,3,"The calendar's associated email address was set to the wrong account during setup, defaulting the organizer to it.","It always sets ""personal1"" as the organizer",False,2026-05-27,True,christ1,True,False,True,2,1
1584156,Intermittent 'error attaching PDF' when sending Brother scan-to-email attachments,attachments,3,A file lock/timing race with the Brother scan software or antivirus locks the PDF while Thunderbird tries to attach it at send time.,there was an error attaching xyz.PDF. Please check that you have access to the file,True,2026-05-27,False,,False,True,True,3,1
1584158,Gmail IMAP OAuth authentication failing due to router DNS issue,sync-oauth,3,"Router DNS corruption prevented reaching Google OAuth/IMAP servers, causing authentication errors.",Turns out something weird happened with my router! I reset the router and it's working fine,False,2026-05-27,True,branden.bb,True,False,False,3,3
1584166,Recurring 'certificate for imap.gmail not from trusted source' warning,encryption-security,3,Transient provider-side certificate issue (possibly Fastmail/proxy) triggering intermittent trust warnings.,The certificate for imap.gmail does not come from a trusted source,False,2026-05-28,True,siffemoz,True,False,True,4,2
1584173,User seeking an email service/account recommendation,other,1,Not a technical issue; user misunderstands Thunderbird is a client not an email service.,Do you associate or offer an email service that allows me to achieve this?,False,2026-05-28,False,,False,True,True,1,0
1584178,Server certificate expired message blocking send/receive,send-receive,3,Email provider's server was temporarily down/certificate lapsed; Thunderbird only reports the provider-side problem.,my server certificate has expired and I can't send or receive emails,False,2026-05-28,True,davidsk,True,True,True,3,1
1584183,Notification popup appears on secondary monitor with no way to choose display,settings-config,2,Known bug where new-mail notification popups are not positioned on the primary/chosen monitor in multi-screen setups.,通知只在副屏弹出通知 没有找到控制弹出通知设置到主屏的选择,True,2026-05-28,False,,False,True,True,1,0
1584184,IMAP accounts stopped downloading mail after quota warning,send-receive,4,Server-side mailbox quota (97% used) is blocking new message delivery/download until quota is cleared.,all 3 of my IMAP emails accounts stopped downloading emails. There was a red marked 97% IMAP quota used message,False,2026-05-28,False,,False,True,True,1,0
1584191,Optusnet account can receive but cannot send (Relay Denied),send-receive,4,"SMTP sender address doesn't match the configured account address, triggering SPF/relay-denied rejection.",mf-505: Sender Policy - Relay Denied. Please verify that your email address is correct in your account settings,False,2026-05-28,False,,False,True,True,1,0
1584204,Unclear request pasting Google session cookies,other,1,User pasted browser cookie data instead of describing a problem; no actionable issue present.,Reset mail,False,2026-05-28,False,,False,True,True,1,0
1584209,Cannot connect and no mail visible,account-login,4,Connection/authentication failure preventing mail retrieval; needs error details to diagnose.,NON RIESCO A COLLEGARMI NON VEDO LE MAIL,False,2026-05-28,False,,False,False,False,1,0
1584222,Flatpak ESR application ID change notice and disabling auto updates,settings-config,2,Flatpak packaging migration from org.mozilla.Thunderbird to org.mozilla.thunderbird_esr surfaces an in-app notice; user wants update control.,We're switching the Flatpak ESR application ID from org.mozilla.Thunderbird to org.mozilla.thunderbord_esr,True,2026-05-28,False,,False,True,True,1,0
1584228,Password not accepted after account compromise,account-login,4,"Email provider blocked/changed credentials after hack; wrong password or setup, not a Thunderbird block.",password not accepted,False,2026-05-28,False,,False,True,True,1,0
1584229,Stray unusable message items appear near Inbox after emptying trash,send-receive,3,Corrupted mbox/index during trash compaction left orphaned message entries that cannot be deleted.,Bij het leegmaken van de prullebak is er iets mis gegaan,True,2026-05-28,True,Mozilla-assistent,True,False,True,3,2
1584241,Thunderbird won't start after 151.0.1 update due to profile version downgrade,performance-crash,4,"Profile was upgraded by 151.0.1 and is incompatible with an older 151.0 binary, preventing launch.",after updating thunderbird 151.0.1 is not compatible to 151.0,True,2026-05-28,False,,False,True,True,1,0
1584246,Quoted plain-text messages displayed in blue instead of black,ui-ux,1,Setting for quoting plain-text messages uses a blue color; user wants all text black.,i want all ink text black i so not like the blue and do not know how to stop it,False,2026-05-28,False,,False,True,True,20,12
1584254,SMTP send blocked when Surfshark VPN is active (IP blocked by mail server),send-receive,3,"The VPN routes outgoing SMTP through a shared IP that the mail server blacklists, causing 'Your address is blocked' errors.",IP=149.88.19.87 - Your address is blocked.,False,2026-05-28,False,,False,True,True,3,1
1584278,Yandex SMTP authentication fails; setup redirects to Google OAuth,account-login,3,"Yandex requires an app-specific password, and residual OAuth2/config from a migrated Google account causes wrong-server or auth-method confusion.","When I try to authenticate, it says the SMTP password is incorrect. I decided to try through Outlook, and it worked.",False,2026-05-28,False,,False,True,True,10,3
1584289,Email replies/follow-ups hidden in threaded view,ui-ux,2,"Message list is in threaded/collapsed mode hiding responses, not an actual sync problem.","followups to emails that I have replied to, but those don't show up in Thunderbird",False,2026-05-28,False,,False,True,True,1,0
1584306,Password prompt errors during initial account setup,account-login,3,Likely Gmail account needing OAuth setup rather than a plain password.,"Thunderbird vraagt na installatie naar wachtwoord, maar reageert met er is iets fout",False,2026-05-28,False,,False,True,True,1,0
1584310,"SMTP password not remembered by Password Manager, prompts daily",account-login,3,"Something (antivirus/VPN) interferes with Thunderbird writing profile at shutdown, so saved credentials aren't persisted.","I always check ""Use Password Manager to remember this password"" but it doesn't help. The next day I'll have to go through this again.",True,2026-05-28,False,,False,True,True,1,0
1584315,Selection jumps to top of list after deleting a message,ui-ux,2,A regression in message-list selection behavior after deletion; previously selected the next message.,the next email selected is the first one in the list. This is a change in behavior,True,2026-05-28,False,,False,False,False,0,0
1584318,Authentication Error re-adding private-domain IMAP/SMTP accounts after Windows 11 upgrade,account-login,3,Provider-side auth policy or incorrect server settings; Gmail accounts reauthorized automatically but custom-domain accounts fail authentication.,melden dan een Äuthentication Error,False,2026-05-28,False,,False,True,True,1,0
1584323,Cannot import old Thunderbird messages from raw copied profile files,migration-import,4,"User copied only a single account folder rather than the full appdata/roaming/thunderbird profile, and the folder appears corrupted, blocking access to ~500 messages.","I can't loose this collection, very important",False,2026-05-28,False,,False,True,True,11,5
1584329,Question whether IMAP mail viewable offline when provider is down,send-receive,1,How-to question; Thunderbird caches messages locally so they are viewable offline.,"if hotmail/outlook/gmail are down, will I be able to see my email within Thunderbird?",False,2026-05-28,True,davidsk,True,False,True,4,2
1584332,Yandex account setup redirects to Google OAuth for migrated address,sync-oauth,3,"Thunderbird's autoconfig or cached OAuth data associates the domain with Google, forcing Google auth instead of Yandex IMAP.",при добавлении аккаунта Яндекс.Почты в Thunderbird меня почему-то перебрасывает на авторизацию Google,True,2026-05-28,False,,False,True,True,3,1
1584336,"Two Thunderbird installations, newer one missing old emails",migration-import,2,"User likely has two installs (e.g. Microsoft Store and Thunderbird.net) pointing to different profiles, so the new one loads an empty profile.",There are two copies of Thunderbird on my laptop. Win 11. A newer copy appeared but does not have my old emails,False,2026-05-28,False,,False,True,True,3,0
1584338,From/Correspondent column shows third-party app name instead of customer,ui-ux,2,"The third-party service sets the From header to its own name, and Thunderbird's display-name settings show that rather than the customer address.",Now all of the emails show the third party applications name and I do not know which customers are trying to contact us.,False,2026-05-28,False,,False,True,True,4,1
1584343,How to protect specific folders/messages from compaction and back them up,settings-config,1,User misunderstands compaction; it only removes already-deleted messages and does not affect kept mail.,Can I make a folder or email undeletable? I'd love to keep some.,False,2026-05-28,False,,False,True,True,8,3
1584345,Address book (abook.sqlite) not found after reinstall/update,migration-import,3,"An unexpected update may have created or switched to a different profile, so abook.sqlite is not in the expected default location.","c:\users\<yourid>\appdata\roaming\thunderbird\profiles folder ""abook.sqlite"" NO WORKIE anymore.",False,2026-05-28,True,davidsk,True,True,True,9,5
1584350,Folders not sortable alphabetically in ESR version,ui-ux,1,"ESR version lacks the newer right-click folder sort feature, so only manual reordering is available.",Mozilla Thunderbird does not sort folders alphabetically according to the order in which I create them.,False,2026-05-28,False,,False,True,True,1,0
1584356,Message opens in new window instead of preview pane after 151 upgrade,ui-ux,2,Layout setting changed/reset after upgrade to 151; message pane layout differs from prior version.,"With version 151.0.1, the content opens in a new window. This is less convenient. Is it possible to revert",True,2026-05-28,False,,False,True,True,1,0
1584365,"Composed text not wrapping to next line, runs off-screen",ui-ux,3,"Compose window word-wrap is disabled or misconfigured, so long lines extend beyond the visible window.",the content I was typing did not move to the next line. So that I could see what I was typing.,True,2026-05-28,False,,False,False,False,0,0
1584372,Legitimate sender stays in Junk despite Not Junk marking (Comcast/Yahoo),spam-filters,3,"Server-side spam filtering (Comcast migrated to Yahoo backend) is marking the messages, which client-side Not Junk cannot override.",Comcast moved it's email back end to Yahoo... The server may be filtering your daughter's messages.,True,2026-05-28,True,mozilla98,True,True,True,5,2
1584374,Thunderbird hangs indefinitely sorting 9000 emails,performance-crash,4,"Sorting a very large folder triggers a long or stuck operation, freezing the UI and blocking work.",Thunderbird is hung up sorting 9000 emails... I can't get it to stop sorting. Its been hours.,True,2026-05-28,False,,False,False,False,1,1
1584376,"All folders and emails vanished after forced login, new layout",account-login,5,"A new/empty profile or Account Hub setup was loaded on login, so existing mail is not shown and provider also lacks old mail.",all my folders and emails have gone. Where are they as there is important information in there,True,2026-05-28,True,Mapenzi,True,True,True,3,1
1584378,Raw HTML/URL markup quoted in reply or forward,send-receive,2,"Thunderbird falls back to plain-text conversion of poorly-authored HTML, exposing raw tracking URLs when quoting; toggling compose mode with Shift+Reply fixes it.","When I reply to or forward a message, I get raw code",False,2026-05-28,True,MattAuSupport,True,False,True,6,3
1584394,Yahoo IMAP inbox operation error on startup with OAuth,send-receive,2,"Yahoo IMAP server returns a transient/incomplete response during startup sync despite functional send/receive, likely a server-side hiccup or OAuth token quirk.",The current operation on 'Inbox' did not succeed. The mail server for account (myaccount)@yahoo.com responded: p.,False,2026-05-28,False,,False,False,False,0,0
1584400,Cannot drag emails from inbox into subfolders,search-folders,3,Target subfolder may be a container-only folder (italic) or user is dragging from Unified Inbox view; needs OS/version context.,Emails in inbox will not drag to sub folders,False,2026-05-29,False,,False,True,True,1,0
1584402,"POP account only shows Inbox, no Sent/Drafts/Deleted folders",settings-config,2,"Account misconfigured as IMAP with POP server name, and POP special folders are only created after activity; subscription/server-type mismatch.",The problem email account only shows it's Title and Inbox northing else,False,2026-05-29,False,,False,False,True,8,4
1584405,Duplicate Spam folder on Exchange account cannot be deleted,search-folders,2,Known bug creating duplicate special folders on Exchange/MS accounts during import that cannot be removed from the client.,"There is, however, no way to delete the Spam folder from the original MS account.",True,2026-05-29,False,,False,True,True,1,0
1584422,Intermittently not receiving email from one sender,send-receive,3,"Delivery blocked at sender's or receiving server level, not a Thunderbird client issue; needs bounce/error details.",Emails from one sender are not always received. It is being blocked by their server.,False,2026-05-29,False,,False,True,True,1,0
1584425,Export ASCII-armored public PGP key,encryption-security,1,How-to question; user needs to use Thunderbird OpenPGP key manager export options and imported pub.asc was not recognized.,I would like to export it as ASCII-armored public key.,False,2026-05-29,False,,False,True,True,1,0
1584489,Move attachment bar to top of message,ui-ux,1,UI customization request; attachment display position is not user-configurable without CSS tweak.,I would like the attachment bar to appear at the top of the email,False,2026-05-29,False,,False,True,True,1,0
1584490,IMAP account setup fails with 'failed to find settings',account-login,3,"Autoconfig failing to detect server settings, possibly blocked by Bitdefender or manual settings mismatch.",Thunderbird failed to find the settings for your email server,False,2026-05-29,False,,False,True,True,1,0
1584491,Calendar feature requests: dates in week view and iCloud travel time,calendar-tasks,1,Feature enhancement request; week view lacks per-day dates and iCloud travel-time field is not synced/displayed.,"In a weekly overview, I do NOT see a date for each day. I would really like that.",False,2026-05-29,True,meetup,True,False,False,1,1
1584492,Calendar travel time field not supported/synced from iCloud,calendar-tasks,2,Thunderbird's calendar/CalDAV implementation does not support Apple's proprietary travel-time property stored in iCloud events.,"the travel time that I enter in my iPhone, for an appointment is also saved in iCloud. Unfortunately, I cannot see or create this in the Thunderbird calendar",False,2026-05-29,False,,False,True,True,1,0
1584502,UI hangs/latency caused by antivirus scanning profile folder,performance-crash,3,Windows Defender real-time scanning of the Thunderbird profile folder causes repeated multi-second UI freezes.,"it hangs for 5-10-15 seconds, if I click on a new feature, the screen goes gray until the latency resolves",False,2026-05-29,True,siffemoz,True,True,True,4,1
1584508,Maildir INBOX folder deleted on IMAP folder repair causing data loss,performance-crash,5,"Long-standing maildir implementation bug causes the entire INBOX cur/tmp folder to be deleted during folder repair, losing local messages.","The second time, repairing the folder causes all messages in the folder to disappear. Worse, it seems that it deleted the inbox file in the file system.",True,2026-05-29,False,,False,True,True,6,3
1584517,Account stuck perpetually on 'loading messages' on one account,send-receive,3,Server connectivity/authentication issue on outdated Thunderbird 44 on Windows XP incompatible with provider's current security requirements.,"""loading messages"" shows in the status bar and the cursor shows an hourglass. It's stuck in this mode forever",False,2026-05-29,False,,False,False,True,2,1
1584519,Global search fails to find existing messages,search-folders,3,Gloda global index corruption plus tokenizer limitations (numbers/short terms like 'jv16') prevent matching existing messages.,search for all messages that have jv16 in either the subject or body text ... they are no longer found by the find function (although they do exist,False,2026-05-29,False,,False,False,True,4,2
1584522,How to forward multiple existing emails as attachments in one message,send-receive,1,Not a defect; user unaware of saving as EML and attaching or forwarding as attachment feature.,I was hoping there might be some way to send one email with the others as attachments,False,2026-05-29,True,davidsk,True,True,True,5,2
1584525,POP3 folder structure and Sent folder lost after crash,performance-crash,4,A crash corrupted or truncated local mbox files for one POP account and no recent backup exists to restore from.,it appears that I have lost my folder structure and sent folder for one of the 5 email accounts,False,2026-05-29,False,,False,True,True,1,0
1584526,Email attachments disappeared from received message,attachments,3,"Likely a display bug where attachment list is hidden by the Today Pane on small windows, rather than actual data loss.","today the link to them at the bottom of the email is missing, so there is no trace of the attachments",False,2026-05-29,False,,False,True,True,1,0
1584535,No new mail notification/alert triggered,send-receive,2,Push-notified (IMAP IDLE) mail is not treated as 'new' so notifications are suppressed; disabling immediate notification changes behavior.,no alert or notification triggered when an email arrives,False,2026-05-29,False,,False,True,True,1,0
1584538,IMAP4 retrieval failed error on Hotmail account,send-receive,3,"A specific message on the Outlook/Hotmail IMAP server fails to download, possibly a corrupted server-side message or auth quirk after reinstall.",Retrieval using the IMAP4 protocol failed for the following message: 18241 comes up every time I use Hotmail,False,2026-05-29,False,,False,True,True,2,1
1584543,Antivirus/malware interfering with message download causing freeze and write errors,performance-crash,4,"Third-party antivirus (or malware) locking mbox files during on-access scanning blocks Thunderbird from writing downloaded messages, causing hangs.","it downloads a few but then freezes... ""Unable to write the email to the mailbox.",False,2026-05-29,False,,False,False,True,2,1
1584544,Consolidating multiple accounts into one inbox to avoid duplicates,send-receive,2,"User unaware of unified/virtual folder feature and using server-side forwarding while also polling the source account, producing duplicates.",I have 3 email accounts and I would like to download all three to one inbox,False,2026-05-29,True,davidsk,True,True,True,3,1
1584553,Adding custom fonts for composing email,settings-config,1,Thunderbird uses OS-installed fonts; user just needs to install fonts in the OS.,How does one add additional fonts to Thunderbird for use in composing email messages?,False,2026-05-29,False,,False,True,True,6,2
1584561,Password prompt persists after removing Gmail account,account-login,3,Residual calendar/address book or saved credential for the removed Gmail account still triggers auth prompts.,I am trying to remove the pop up for a password of an email account no longer monitored,False,2026-05-29,False,,False,False,True,2,1
1584576,Cannot send outgoing mail after Comcast migrated to Yahoo servers,send-receive,4,Yahoo SMTP requires OAuth2 authentication which the account is not configured to use after the Comcast-to-Yahoo migration.,Cannot send outgoing mail after Comcast starting using Yahoo instead of their own servers,True,2026-05-29,False,,False,True,True,3,1
1584579,Raw RTF markup inserted into compose window on write/reply,ui-ux,3,Clipboard or signature contains raw RTF that Thunderbird pastes/inserts literally instead of rendering.,"Whenever I go to write or reply, this immediately pops into my message. How do I get rid of it? -- {\rtf1",True,2026-05-29,False,,False,True,True,1,0
1584599,Yahoo IMAP download stalls on a specific problematic message (USPS tracking),send-receive,4,"A malformed/specific message (USPS tracking auto-reply) causes the download to hang, blocking all subsequent messages.","discovered it was the USPS tracking emails, auto-reply@tracking.usps.com , preventing the downloads",True,2026-05-30,True,geeproperties,True,False,True,6,3
1584606,Slow sending of emails with attachments,performance-crash,3,Antivirus outgoing-mail scanning or an intermittent SMTP issue slowing attachment uploads; cause unconfirmed after AV disabled.,significant change in how long it takes for thunderbird to send an e-mail with an attachment,False,2026-05-30,False,,False,False,True,6,3
1584637,"Repeated password prompts when re-adding POP3 account, likely full mailbox quota",account-login,3,cPanel mailbox quota is exhausted causing the server to reject authentication/account creation.,the system keeps asking me to re enter password .I have not changed any passwords,False,2026-05-30,False,,False,True,True,1,0
1584652,MAPI failure when sending mail from within Word,other,2,"Windows MAPI integration with Thunderbird is broken/unreliable, preventing external apps from invoking send-to-mail.",Word couldn't send mail because of MAPI failure.,False,2026-05-30,False,,False,True,True,1,0
1584678,Thunderbird won't launch on Windows - app cannot run on PC,performance-crash,3,Wrong architecture build (64-bit) installed on incompatible Windows; fixed by using 32-bit version.,IMPOSSIBILE ESEGUIRE QUESTA APP NEL TUO PC,False,2026-05-30,True,sandra.cerioni,True,False,False,5,3
1584686,Question about List-ID header meaning and suppression,other,1,User confusion about email List-ID header field and website search behavior; no actual bug.,There is an element in the header of emails from a particular sender labelled List-ID,False,2026-05-30,False,,False,False,True,4,3
1584699,Gmail new mail not downloading after account recovery,sync-oauth,4,"Google account recovery invalidated OAuth token, blocking IMAP fetch while send still works.","new mail has not downloaded to my laptop since May 25, after being notified by Google that I had to recover my account",True,2026-05-30,False,,False,False,False,0,0
1584706,Download button redirects to donations page,other,2,Website download flow routes through donation page which confuses the user.,quando premo il tasto scarica il programma thunderbird mi rimanda alla pagina donazioni,False,2026-05-30,False,,False,False,False,0,0
1584710,Google Workspace account OAuth authentication error,sync-oauth,4,Workspace OAuth fails likely due to admin-side app/client-ID trust config despite personal Gmail working.,I can not get my google workspace account to authorize in Thunderbird,True,2026-05-30,True,bob436,True,False,True,6,4
1584711,How to permanently delete spam emails,spam-filters,1,How-to question about deleting junk; no defect.,Permanently delete spam emails,False,2026-05-30,False,,False,True,True,1,0
1584714,How to sort inbox by sender,ui-ux,1,User unaware of View>Sort by>From menu option.,"I am cleaning my Inbox and need to sort by ""Sender""",False,2026-05-30,True,davidsk,True,True,True,3,1
1584729,No reminders for modified/extended calendar events,calendar-tasks,3,Editing an event may drop or fail to reschedule its alarm/reminder trigger.,When I extend or modify calendar events there are no reminders given,True,2026-05-30,False,,False,False,False,0,0
1584733,CardBook address edits not saved,addons-extensions,3,Third-party CardBook addon fails to persist contact edits; addon-specific issue.,edits are not saved (yes I have clicked save),False,2026-05-30,True,davidsk,True,True,True,1,0
1584737,Adding Comcast account after migration to Yahoo servers,account-login,3,"Autoconfig still supplies old Comcast servers; Yahoo server settings edit fails, likely requiring app password.",How do I add my Comcast email account to Thunderbird now that it has switched to Yahoo?,True,2026-05-30,False,,False,True,True,1,0
1584747,sbcglobal.net SMTP unable to send while receive works,send-receive,4,"AT&T/sbcglobal may have deprecated the SMTP auth method or requires an updated app password, breaking outbound while POP/IMAP still works.",my [edited from public] @ sbcglobal.net account stopped being able to send email. I can still receive emails,False,2026-05-30,False,,False,True,True,1,0
1584751,macOS helper tool password prompt blocks Thunderbird startup,account-login,4,"macOS privileged helper tool installation dialog loops when the system account has no/empty password, preventing Thunderbird from launching.",the program posted a window requesting a password in order to add a new tool to the application. Unfortunately we have lost the password,True,2026-05-30,True,davidsk,True,True,True,8,3
1584753,Yahoo IMAP subfolders not visible/subscribed,search-folders,3,IMAP subfolders are not subscribed in Thunderbird so only the Inbox appears.,Only my new Mail is shown in Thunderbird all my Yahoo Sub Folders are MIA,False,2026-05-30,False,,False,True,True,1,0
1584757,Unable to write email to mailbox error on download,send-receive,4,Filesystem write permission or disk space/antivirus lock on the mbox file prevents Thunderbird from committing downloaded messages.,Unable to write the email to the mailbox. make sure the file system allows you write privileges and you have enough disk space,False,2026-05-30,False,,False,True,True,1,0
1584777,Archived emails disappearing,send-receive,5,Possible index corruption or hidden/filtered view causing archived messages to vanish; folder repair needed but user unable to complete it.,"I save important emails to archives so I can easily find them. They're gone, and I didn't delete them.",True,2026-05-31,False,,False,False,False,2,1
1584812,Date/time columns not displaying due to horizontal scroll setting,ui-ux,2,The new Table View 'Allow horizontal scroll' option hides columns even when they are enabled.,"both ""date"" and ""size"" are ticked but neither show",False,2026-05-31,True,MattAuSupport,True,False,True,4,2
1584820,Yahoo Mail POP re-authentication loop after security change,account-login,4,Yahoo tightened auth requirements (OAuth/app password) so POP login to pop.mail.yahoo.co.jp fails in a password re-entry loop.,pop.mail.yahoo.co.jpサーバーへの接続は出来ずエラー＆パスワードの再入力の無限ループ,True,2026-05-31,False,,False,True,True,1,0
1584829,McAfee threat detected on Sky email download (newmsg temp file),spam-filters,3,"Antivirus flags the temp newmsg file Thunderbird writes when downloading Sky messages, a false positive tied to that account's content.","I get a threat notice and "" The file containing the threat was at c:\users\appdata\local\temp\newmsg""",False,2026-05-31,False,,False,True,True,3,1
1584833,Sent emails landing in recipients' spam folders,spam-filters,3,Sender domain likely lacks proper SPF/DKIM/DMARC alignment causing recipient servers to flag messages as spam.,some emails are seen as SPAM in receivers inbox. I can not see any pattern,False,2026-05-31,False,,False,False,True,2,0
1584834,No Message Found for very large IMAP inbox (200k+ messages),performance-crash,4,Corrupted or oversized Inbox mbox/index file prevents Thunderbird from reading a 27GB inbox containing 200k+ messages.,the inbox itself doesn't show any messages but the number alongside the folder says 220479,True,2026-05-31,False,,False,False,True,28,9
1584848,Cannot send mail via IMAP account but can receive,send-receive,4,SMTP outgoing server not configured or wrong port/authentication settings while IMAP incoming works.,Probeer met IMAP een adres te maken waarmee ik Mail kan versturen. Lukt niet.,False,2026-05-31,False,,False,True,True,1,0
1584853,Login rejected despite correct Mozilla credentials on new PC,account-login,3,User is entering Mozilla account credentials rather than email provider's mailbox password/app-password.,Il me dit que ce ne sont pas les bons alors que je verifie sur MOZILLA mon id et MP,False,2026-05-31,False,,False,False,False,1,0
1584863,Links open in Edge instead of default browser,settings-config,2,Windows default apps / protocol association or a per-attachment 'always open with' setting overrides the chosen default browser.,"every time I try to open a link from Thunderbird, it opens in Edge",False,2026-05-31,False,,False,True,True,3,1
1584864,Move-to-new-computer KB omits Local Folders path,migration-import,2,"User's Local Folders storage directory was relocated outside profile, so documentation assuming profile-included folders is misleading.",this misses the transfer of Local Folders,False,2026-05-31,False,,False,True,True,3,1
1584875,Cross-platform install and autoconfig tarball availability,other,1,User seeking source/tarball and autoconfiguration mechanism across diverse architectures; no supported Raspberry Pi build.,I want to install mail user agents and web browsers on diverse systems,False,2026-05-31,True,MattAuSupport,True,False,True,2,1
1584880,"MSIX Store install profile folder location differs, import fails",migration-import,3,"Microsoft Store MSIX build stores profile under sandboxed LocalCache path, so manual profile copy to %AppData%\Roaming fails to load accounts.","nell'installazione da Microsoft Store, la 151.0.1 ho cercato la cartella del profilo",True,2026-05-31,True,'@next,True,False,False,4,2
1584884,Yahoo authentication error during account setup on Mac,account-login,3,Yahoo requires OAuth or app-specific password not entered during setup.,"I get an ""Authentication Error"" with ""Unable to log into the server""",False,2026-05-31,False,,False,False,False,0,0
1584886,"Thunderbird won't open, spinning ball on macOS",performance-crash,4,"Corrupt profile, index, or session file causing hang at startup on Mac.",I can't access it as there is just a spinning coloured ball,True,2026-05-31,False,,False,False,False,0,0
1584895,All previous message tabs reopen on startup,ui-ux,2,session.json restores prior open tabs; needs reset or single-click reading behavior.,"ALL past emails open as well, as tabs",False,2026-05-31,True,Mapenzi,True,True,True,5,2
1584910,Missing toolbar buttons for compose and get messages,ui-ux,2,Toolbar or folder pane hidden after accidental layout/customization change.,lost the key/block/box which open blank message for sending and sympol to check for incoming emails,False,2026-05-31,False,,False,True,True,1,0
1584921,Message list columns randomly stop displaying date/size/sender,ui-ux,2,Horizontal scrolling setting or corrupted column/folder settings caused columns to render incorrectly.,My Thunderbird has suddenly stopped showing date and size against incoming emails,False,2026-05-31,False,,False,True,True,3,1
1584922,Mail server certificate expired warning,encryption-security,3,"The email provider's SSL/TLS certificate expired, so Thunderbird rejects the encrypted connection.",Certificate expired..??,False,2026-05-31,False,,False,True,True,1,0
